ISO-10303-21;
HEADER;

/* File generated by Shapr3D Version 26.121.0.11316 */

FILE_DESCRIPTION(('HOOPS Exchange Step'),'2;1');

FILE_NAME('/Users/will/Library/Containers/com.shapr3d.shapr/Data/tmp/export/temp_export',
'2026-08-29T10:33:35-03:00',
('will'),
('Shapr3D Limited'),
'HOOPS Exchange 2026.3',
'Shapr3D',
'Authorized');

FILE_SCHEMA( ('AP242_MANAGED_MODEL_BASED_3D_ENGINEERING_MIM_LF {1 0 10303 442 1 1 4}') );

ENDSEC;

DATA;
#3=(NAMED_UNIT(*)PLANE_ANGLE_UNIT()SI_UNIT($,.RADIAN.));
#4=PLANE_ANGLE_MEASURE_WITH_UNIT(PLANE_ANGLE_MEASURE(0.0174532925),#3);
#5=(CONVERSION_BASED_UNIT('DEGREE',#4)NAMED_UNIT(#6)PLANE_ANGLE_UNIT());
#6=DIMENSIONAL_EXPONENTS(0.,0.,0.,0.,0.,0.,0.);
#7=(NAMED_UNIT(*)SI_UNIT($,.STERADIAN.)SOLID_ANGLE_UNIT());
#8=(LENGTH_UNIT()NAMED_UNIT(*)SI_UNIT(.MILLI.,.METRE.));
#9=UNCERTAINTY_MEASURE_WITH_UNIT(LENGTH_MEASURE(1.000000E-05),#8,'DISTANCE_ACCURACY_VALUE','Maximum Tolerance applied to model');
#10=(GEOMETRIC_REPRESENTATION_CONTEXT(3)GLOBAL_UNCERTAINTY_ASSIGNED_CONTEXT((#9))GLOBAL_UNIT_ASSIGNED_CONTEXT((#8,#5,#7))REPRESENTATION_CONTEXT('','root'));
#12=CARTESIAN_POINT('',(0.,0.,0.));
#13=DIRECTION('',(0.,0.,1.));
#14=DIRECTION('',(1.,0.,0.));
#15=AXIS2_PLACEMENT_3D('TS3D_PRODUCT_CSYS',#12,#13,#14);
#27=CARTESIAN_POINT('',(212.274993315,-140.007129594,-6.5));
#28=DIRECTION('',(-1.,-0.000000112,0.));
#29=DIRECTION('',(0.000000112,-1.,0.));
#30=AXIS2_PLACEMENT_3D('',#27,#28,#29);
#31=PLANE('',#30);
#32=CARTESIAN_POINT('',(212.274989316,-104.31249984,-1.2));
#33=VERTEX_POINT('',#32);
#34=CARTESIAN_POINT('',(212.274992531,-133.009631555,-1.2));
#35=VERTEX_POINT('',#34);
#36=CARTESIAN_POINT('',(212.274989316,-104.31249984,-1.2));
#37=DIRECTION('',(0.000000112,-1.,0.));
#38=VECTOR('',#37,28.697131714);
#39=LINE('',#36,#38);
#40=EDGE_CURVE('',#33,#35,#39,.T.);
#41=ORIENTED_EDGE('',*,*,#40,.F.);
#42=CARTESIAN_POINT('',(212.274989316,-104.312499417,-6.8));
#43=VERTEX_POINT('',#42);
#44=CARTESIAN_POINT('',(212.274989316,-104.312499417,-6.8));
#45=DIRECTION('',(-0.,-0.,1.));
#46=VECTOR('',#45,5.6);
#47=LINE('',#44,#46);
#48=EDGE_CURVE('',#43,#33,#47,.T.);
#49=ORIENTED_EDGE('',*,*,#48,.F.);
#50=CARTESIAN_POINT('',(212.274992307,-131.009631555,-6.8));
#51=VERTEX_POINT('',#50);
#52=CARTESIAN_POINT('',(212.274989316,-104.312499417,-6.8));
#53=DIRECTION('',(0.000000112,-1.,0.));
#54=VECTOR('',#53,26.697132138);
#55=LINE('',#52,#54);
#56=EDGE_CURVE('',#43,#51,#55,.T.);
#57=ORIENTED_EDGE('',*,*,#56,.T.);
#58=CARTESIAN_POINT('',(212.274992419,-132.009631555,-5.8));
#59=VERTEX_POINT('',#58);
#60=CARTESIAN_POINT('',(212.274992307,-131.009631555,-5.8));
#61=DIRECTION('',(-1.,-0.000000112,0.));
#62=DIRECTION('',(0.000000112,-1.,0.));
#63=AXIS2_PLACEMENT_3D('',#60,#61,#62);
#64=CIRCLE('',#63,1.);
#65=EDGE_CURVE('',#51,#59,#64,.T.);
#66=ORIENTED_EDGE('',*,*,#65,.T.);
#67=CARTESIAN_POINT('',(212.274992419,-132.009631555,-2.2));
#68=VERTEX_POINT('',#67);
#69=CARTESIAN_POINT('',(212.274992419,-132.009631555,-2.2));
#70=DIRECTION('',(0.,0.,-1.));
#71=VECTOR('',#70,3.6);
#72=LINE('',#69,#71);
#73=EDGE_CURVE('',#68,#59,#72,.T.);
#74=ORIENTED_EDGE('',*,*,#73,.F.);
#75=CARTESIAN_POINT('',(212.274992531,-133.009631555,-2.2));
#76=DIRECTION('',(1.,0.000000112,-0.));
#77=DIRECTION('',(0.000000112,-1.,0.));
#78=AXIS2_PLACEMENT_3D('',#75,#76,#77);
#79=CIRCLE('',#78,1.);
#80=EDGE_CURVE('',#68,#35,#79,.T.);
#81=ORIENTED_EDGE('',*,*,#80,.T.);
#82=EDGE_LOOP('',(#41,#49,#57,#66,#74,#81));
#83=FACE_BOUND('',#82,.T.);
#84=ADVANCED_FACE('',(#83),#31,.T.);
#85=CARTESIAN_POINT('',(189.669716656,-100.532496029,-6.5));
#86=DIRECTION('',(0.,-1.,0.));
#87=DIRECTION('',(0.,0.,-1.));
#88=AXIS2_PLACEMENT_3D('',#85,#86,#87);
#89=PLANE('',#88);
#90=CARTESIAN_POINT('',(208.494985505,-100.532496029,-2.2));
#91=VERTEX_POINT('',#90);
#92=CARTESIAN_POINT('',(208.494987158,-100.532494376,-1.2));
#93=VERTEX_POINT('',#92);
#94=CARTESIAN_POINT('',(208.494985505,-100.532496029,-2.2));
#95=DIRECTION('',(0.,0.,1.));
#96=VECTOR('',#95,1.);
#97=LINE('',#94,#96);
#98=EDGE_CURVE('',#91,#93,#97,.T.);
#99=ORIENTED_EDGE('',*,*,#98,.T.);
#100=CARTESIAN_POINT('',(207.494985505,-100.532496029,-1.2));
#101=VERTEX_POINT('',#100);
#102=CARTESIAN_POINT('',(208.494987158,-100.532496029,-1.2));
#103=DIRECTION('',(-1.,-0.,0.));
#104=VECTOR('',#103,1.000001654);
#105=LINE('',#102,#104);
#106=EDGE_CURVE('',#93,#101,#105,.T.);
#107=ORIENTED_EDGE('',*,*,#106,.T.);
#108=CARTESIAN_POINT('',(207.494985505,-100.532496029,-2.2));
#109=DIRECTION('',(-0.,1.,-0.));
#110=DIRECTION('',(0.,0.,-1.));
#111=AXIS2_PLACEMENT_3D('',#108,#109,#110);
#112=CIRCLE('',#111,1.);
#113=EDGE_CURVE('',#101,#91,#112,.T.);
#114=ORIENTED_EDGE('',*,*,#113,.T.);
#115=EDGE_LOOP('',(#99,#107,#114));
#116=FACE_BOUND('',#115,.T.);
#117=ADVANCED_FACE('',(#116),#89,.T.);
#118=CARTESIAN_POINT('',(168.106642649,-98.432670212,-6.5));
#119=DIRECTION('',(-0.858089046,-0.513500914,0.));
#120=DIRECTION('',(0.513500914,-0.858089046,0.));
#121=AXIS2_PLACEMENT_3D('',#118,#119,#120);
#122=PLANE('',#121);
#123=CARTESIAN_POINT('',(168.61137324,-99.276103553,-6.8));
#124=VERTEX_POINT('',#123);
#125=CARTESIAN_POINT('',(168.611332397,-99.276127972,-1.2));
#126=VERTEX_POINT('',#125);
#127=CARTESIAN_POINT('',(168.61137324,-99.276103553,-6.8));
#128=DIRECTION('',(0.,0.,1.));
#129=VECTOR('',#128,5.6);
#130=LINE('',#127,#129);
#131=EDGE_CURVE('',#124,#126,#130,.T.);
#132=ORIENTED_EDGE('',*,*,#131,.T.);
#133=CARTESIAN_POINT('',(167.599343197,-97.584846915,-1.2));
#134=VERTEX_POINT('',#133);
#135=CARTESIAN_POINT('',(168.61137324,-99.276103553,-1.2));
#136=DIRECTION('',(-0.513500914,0.858089046,-0.));
#137=VECTOR('',#136,1.970927155);
#138=LINE('',#135,#137);
#139=EDGE_CURVE('',#126,#134,#138,.T.);
#140=ORIENTED_EDGE('',*,*,#139,.T.);
#141=CARTESIAN_POINT('',(167.599300345,-97.58487255,-6.8));
#142=VERTEX_POINT('',#141);
#143=CARTESIAN_POINT('',(167.599300345,-97.58487255,-6.8));
#144=DIRECTION('',(-0.,-0.,1.));
#145=VECTOR('',#144,5.6);
#146=LINE('',#143,#145);
#147=EDGE_CURVE('',#142,#134,#146,.T.);
#148=ORIENTED_EDGE('',*,*,#147,.F.);
#149=CARTESIAN_POINT('',(167.599300345,-97.58487255,-6.8));
#150=DIRECTION('',(0.513500914,-0.858089046,0.));
#151=VECTOR('',#150,1.970927155);
#152=LINE('',#149,#151);
#153=EDGE_CURVE('',#142,#124,#152,.T.);
#154=ORIENTED_EDGE('',*,*,#153,.T.);
#155=EDGE_LOOP('',(#132,#140,#148,#154));
#156=FACE_BOUND('',#155,.T.);
#157=ADVANCED_FACE('',(#156),#122,.T.);
#158=CARTESIAN_POINT('',(195.83763975,-193.070032413,-6.5));
#159=DIRECTION('',(0.482819113,0.875720106,0.));
#160=DIRECTION('',(-0.875720106,0.482819113,0.));
#161=AXIS2_PLACEMENT_3D('',#158,#159,#160);
#162=PLANE('',#161);
#163=CARTESIAN_POINT('',(193.519302099,-191.791841218,-6.8));
#164=VERTEX_POINT('',#163);
#165=CARTESIAN_POINT('',(193.519302099,-191.791841218,-1.2));
#166=VERTEX_POINT('',#165);
#167=CARTESIAN_POINT('',(193.519302099,-191.791841218,-6.8));
#168=DIRECTION('',(0.,0.,1.));
#169=VECTOR('',#168,5.6);
#170=LINE('',#167,#169);
#171=EDGE_CURVE('',#164,#166,#170,.T.);
#172=ORIENTED_EDGE('',*,*,#171,.T.);
#173=CARTESIAN_POINT('',(198.155977402,-194.348223607,-1.2));
#174=VERTEX_POINT('',#173);
#175=CARTESIAN_POINT('',(198.155977402,-194.348223607,-1.2));
#176=DIRECTION('',(-0.875720106,0.482819113,0.));
#177=VECTOR('',#176,5.294700065);
#178=LINE('',#175,#177);
#179=EDGE_CURVE('',#174,#166,#178,.T.);
#180=ORIENTED_EDGE('',*,*,#179,.F.);
#181=CARTESIAN_POINT('',(198.155977402,-194.348223607,-6.8));
#182=VERTEX_POINT('',#181);
#183=CARTESIAN_POINT('',(198.155977402,-194.348223607,-6.8));
#184=DIRECTION('',(0.,0.,1.));
#185=VECTOR('',#184,5.6);
#186=LINE('',#183,#185);
#187=EDGE_CURVE('',#182,#174,#186,.T.);
#188=ORIENTED_EDGE('',*,*,#187,.F.);
#189=CARTESIAN_POINT('',(198.155977402,-194.348223607,-6.8));
#190=DIRECTION('',(-0.875720106,0.482819113,0.));
#191=VECTOR('',#190,5.294700065);
#192=LINE('',#189,#191);
#193=EDGE_CURVE('',#182,#164,#192,.T.);
#194=ORIENTED_EDGE('',*,*,#193,.T.);
#195=EDGE_LOOP('',(#172,#180,#188,#194));
#196=FACE_BOUND('',#195,.T.);
#197=ADVANCED_FACE('',(#196),#162,.T.);
#198=CARTESIAN_POINT('',(154.132794527,-260.909920283,-6.5));
#199=DIRECTION('',(0.,0.,1.));
#200=DIRECTION('',(1.,0.,-0.));
#201=AXIS2_PLACEMENT_3D('',#198,#199,#200);
#202=CYLINDRICAL_SURFACE('',#201,79.552535047);
#203=CARTESIAN_POINT('',(157.159171471,-181.414971544,-6.8));
#204=VERTEX_POINT('',#203);
#205=CARTESIAN_POINT('',(157.159171471,-181.414971544,-1.2));
#206=VERTEX_POINT('',#205);
#207=CARTESIAN_POINT('',(157.159171471,-181.414971544,-6.8));
#208=DIRECTION('',(0.,0.,1.));
#209=VECTOR('',#208,5.6);
#210=LINE('',#207,#209);
#211=EDGE_CURVE('',#204,#206,#210,.T.);
#212=ORIENTED_EDGE('',*,*,#211,.T.);
#213=CARTESIAN_POINT('',(154.132794527,-260.909920283,-1.2));
#214=DIRECTION('',(0.,-0.,1.));
#215=DIRECTION('',(0.495100597,0.868835657,0.));
#216=AXIS2_PLACEMENT_3D('',#213,#214,#215);
#217=CIRCLE('',#216,79.552535047);
#218=EDGE_CURVE('',#166,#206,#217,.T.);
#219=ORIENTED_EDGE('',*,*,#218,.F.);
#220=ORIENTED_EDGE('',*,*,#171,.F.);
#221=CARTESIAN_POINT('',(154.132794527,-260.909920283,-6.8));
#222=DIRECTION('',(0.,0.,1.));
#223=DIRECTION('',(1.,0.,-0.));
#224=AXIS2_PLACEMENT_3D('',#221,#222,#223);
#225=CIRCLE('',#224,79.552535047);
#226=EDGE_CURVE('',#164,#204,#225,.T.);
#227=ORIENTED_EDGE('',*,*,#226,.T.);
#228=EDGE_LOOP('',(#212,#219,#220,#227));
#229=FACE_BOUND('',#228,.T.);
#230=ADVANCED_FACE('',(#229),#202,.T.);
#231=CARTESIAN_POINT('',(151.561096875,-181.399971085,-6.5));
#232=DIRECTION('',(0.002679565,0.99999641,0.));
#233=DIRECTION('',(-0.99999641,0.002679565,0.));
#234=AXIS2_PLACEMENT_3D('',#231,#232,#233);
#235=PLANE('',#234);
#236=CARTESIAN_POINT('',(145.963022278,-181.384970626,-6.8));
#237=VERTEX_POINT('',#236);
#238=CARTESIAN_POINT('',(145.963022278,-181.384970626,-1.2));
#239=VERTEX_POINT('',#238);
#240=CARTESIAN_POINT('',(145.963022278,-181.384970626,-6.8));
#241=DIRECTION('',(0.,0.,1.));
#242=VECTOR('',#241,5.6);
#243=LINE('',#240,#242);
#244=EDGE_CURVE('',#237,#239,#243,.T.);
#245=ORIENTED_EDGE('',*,*,#244,.T.);
#246=CARTESIAN_POINT('',(157.159171471,-181.414971544,-1.2));
#247=DIRECTION('',(-0.99999641,0.002679565,0.));
#248=VECTOR('',#247,11.196189388);
#249=LINE('',#246,#248);
#250=EDGE_CURVE('',#206,#239,#249,.T.);
#251=ORIENTED_EDGE('',*,*,#250,.F.);
#252=ORIENTED_EDGE('',*,*,#211,.F.);
#253=CARTESIAN_POINT('',(157.159171471,-181.414971544,-6.8));
#254=DIRECTION('',(-0.99999641,0.002679565,0.));
#255=VECTOR('',#254,11.196189388);
#256=LINE('',#253,#255);
#257=EDGE_CURVE('',#204,#237,#256,.T.);
#258=ORIENTED_EDGE('',*,*,#257,.T.);
#259=EDGE_LOOP('',(#245,#251,#252,#258));
#260=FACE_BOUND('',#259,.T.);
#261=ADVANCED_FACE('',(#260),#235,.T.);
#262=CARTESIAN_POINT('',(135.701290627,-171.239224571,-6.5));
#263=DIRECTION('',(0.766063115,0.642765357,0.));
#264=DIRECTION('',(-0.642765357,0.766063115,0.));
#265=AXIS2_PLACEMENT_3D('',#262,#263,#264);
#266=PLANE('',#265);
#267=CARTESIAN_POINT('',(128.313204791,-162.433927298,-6.8));
#268=VERTEX_POINT('',#267);
#269=CARTESIAN_POINT('',(128.313204791,-162.433927298,-1.2));
#270=VERTEX_POINT('',#269);
#271=CARTESIAN_POINT('',(128.313204791,-162.433927298,-6.8));
#272=DIRECTION('',(0.,0.,1.));
#273=VECTOR('',#272,5.6);
#274=LINE('',#271,#273);
#275=EDGE_CURVE('',#268,#270,#274,.T.);
#276=ORIENTED_EDGE('',*,*,#275,.T.);
#277=CARTESIAN_POINT('',(143.089376463,-180.044521844,-1.2));
#278=VERTEX_POINT('',#277);
#279=CARTESIAN_POINT('',(143.089376463,-180.044521844,-1.2));
#280=DIRECTION('',(-0.642765357,0.766063115,0.));
#281=VECTOR('',#280,22.98843817);
#282=LINE('',#279,#281);
#283=EDGE_CURVE('',#278,#270,#282,.T.);
#284=ORIENTED_EDGE('',*,*,#283,.F.);
#285=CARTESIAN_POINT('',(143.089376463,-180.044521844,-6.8));
#286=VERTEX_POINT('',#285);
#287=CARTESIAN_POINT('',(143.089376463,-180.044521844,-6.8));
#288=DIRECTION('',(0.,0.,1.));
#289=VECTOR('',#288,5.6);
#290=LINE('',#287,#289);
#291=EDGE_CURVE('',#286,#278,#290,.T.);
#292=ORIENTED_EDGE('',*,*,#291,.F.);
#293=CARTESIAN_POINT('',(143.089376463,-180.044521844,-6.8));
#294=DIRECTION('',(-0.642765357,0.766063115,0.));
#295=VECTOR('',#294,22.98843817);
#296=LINE('',#293,#295);
#297=EDGE_CURVE('',#286,#268,#296,.T.);
#298=ORIENTED_EDGE('',*,*,#297,.T.);
#299=EDGE_LOOP('',(#276,#284,#292,#298));
#300=FACE_BOUND('',#299,.T.);
#301=ADVANCED_FACE('',(#300),#266,.T.);
#302=CARTESIAN_POINT('',(126.144410195,-164.435427657,-6.5));
#303=DIRECTION('',(0.,0.,1.));
#304=DIRECTION('',(1.,0.,-0.));
#305=AXIS2_PLACEMENT_3D('',#302,#303,#304);
#306=CYLINDRICAL_SURFACE('',#305,2.951215629);
#307=CARTESIAN_POINT('',(126.283659318,-161.487499,-6.8));
#308=VERTEX_POINT('',#307);
#309=CARTESIAN_POINT('',(126.283659318,-161.487499,-1.2));
#310=VERTEX_POINT('',#309);
#311=CARTESIAN_POINT('',(126.283659318,-161.487499,-6.8));
#312=DIRECTION('',(0.,0.,1.));
#313=VECTOR('',#312,5.6);
#314=LINE('',#311,#313);
#315=EDGE_CURVE('',#308,#310,#314,.T.);
#316=ORIENTED_EDGE('',*,*,#315,.T.);
#317=CARTESIAN_POINT('',(126.144410195,-164.435427657,-1.2));
#318=DIRECTION('',(0.,-0.,1.));
#319=DIRECTION('',(0.734881781,0.678195229,0.));
#320=AXIS2_PLACEMENT_3D('',#317,#318,#319);
#321=CIRCLE('',#320,2.951215629);
#322=EDGE_CURVE('',#270,#310,#321,.T.);
#323=ORIENTED_EDGE('',*,*,#322,.F.);
#324=ORIENTED_EDGE('',*,*,#275,.F.);
#325=CARTESIAN_POINT('',(126.144410195,-164.435427657,-6.8));
#326=DIRECTION('',(0.,0.,1.));
#327=DIRECTION('',(1.,0.,-0.));
#328=AXIS2_PLACEMENT_3D('',#325,#326,#327);
#329=CIRCLE('',#328,2.951215629);
#330=EDGE_CURVE('',#268,#308,#329,.T.);
#331=ORIENTED_EDGE('',*,*,#330,.T.);
#332=EDGE_LOOP('',(#316,#323,#324,#331));
#333=FACE_BOUND('',#332,.T.);
#334=ADVANCED_FACE('',(#333),#306,.T.);
#335=CARTESIAN_POINT('',(99.835450159,-161.487499,-6.5));
#336=DIRECTION('',(0.,1.,0.));
#337=DIRECTION('',(0.,0.,1.));
#338=AXIS2_PLACEMENT_3D('',#335,#336,#337);
#339=PLANE('',#338);
#340=CARTESIAN_POINT('',(73.387241,-161.487499,-6.8));
#341=VERTEX_POINT('',#340);
#342=CARTESIAN_POINT('',(73.387241,-161.487499,-1.2));
#343=VERTEX_POINT('',#342);
#344=CARTESIAN_POINT('',(73.387241,-161.487499,-6.8));
#345=DIRECTION('',(0.,0.,1.));
#346=VECTOR('',#345,5.6);
#347=LINE('',#344,#346);
#348=EDGE_CURVE('',#341,#343,#347,.T.);
#349=ORIENTED_EDGE('',*,*,#348,.T.);
#350=CARTESIAN_POINT('',(126.283659318,-161.487499,-1.2));
#351=DIRECTION('',(-1.,0.,0.));
#352=VECTOR('',#351,52.896418318);
#353=LINE('',#350,#352);
#354=EDGE_CURVE('',#310,#343,#353,.T.);
#355=ORIENTED_EDGE('',*,*,#354,.F.);
#356=ORIENTED_EDGE('',*,*,#315,.F.);
#357=CARTESIAN_POINT('',(126.283659318,-161.487499,-6.8));
#358=DIRECTION('',(-1.,0.,0.));
#359=VECTOR('',#358,52.896418318);
#360=LINE('',#357,#359);
#361=EDGE_CURVE('',#308,#341,#360,.T.);
#362=ORIENTED_EDGE('',*,*,#361,.T.);
#363=EDGE_LOOP('',(#349,#355,#356,#362));
#364=FACE_BOUND('',#363,.T.);
#365=ADVANCED_FACE('',(#364),#339,.T.);
#366=CARTESIAN_POINT('',(108.167830606,-98.432675451,-6.5));
#367=DIRECTION('',(0.858088496,-0.513501834,0.));
#368=DIRECTION('',(0.513501834,0.858088496,0.));
#369=AXIS2_PLACEMENT_3D('',#366,#367,#368);
#370=PLANE('',#369);
#371=CARTESIAN_POINT('',(108.675176361,-97.584874088,-6.8));
#372=VERTEX_POINT('',#371);
#373=CARTESIAN_POINT('',(108.675133543,-97.584848473,-1.2));
#374=VERTEX_POINT('',#373);
#375=CARTESIAN_POINT('',(108.675176361,-97.584874088,-6.8));
#376=DIRECTION('',(0.,0.,1.));
#377=VECTOR('',#376,5.6);
#378=LINE('',#375,#377);
#379=EDGE_CURVE('',#372,#374,#378,.T.);
#380=ORIENTED_EDGE('',*,*,#379,.T.);
#381=CARTESIAN_POINT('',(107.663137839,-99.276136373,-1.2));
#382=VERTEX_POINT('',#381);
#383=CARTESIAN_POINT('',(108.675176361,-97.584874088,-1.2));
#384=DIRECTION('',(-0.513501834,-0.858088496,-0.));
#385=VECTOR('',#384,1.970936354);
#386=LINE('',#383,#385);
#387=EDGE_CURVE('',#374,#382,#386,.T.);
#388=ORIENTED_EDGE('',*,*,#387,.T.);
#389=CARTESIAN_POINT('',(107.663096927,-99.276111899,-6.8));
#390=VERTEX_POINT('',#389);
#391=CARTESIAN_POINT('',(107.663096927,-99.276111899,-6.8));
#392=DIRECTION('',(-0.,-0.,1.));
#393=VECTOR('',#392,5.6);
#394=LINE('',#391,#393);
#395=EDGE_CURVE('',#390,#382,#394,.T.);
#396=ORIENTED_EDGE('',*,*,#395,.F.);
#397=CARTESIAN_POINT('',(107.663096927,-99.276111899,-6.8));
#398=DIRECTION('',(0.513501834,0.858088496,0.));
#399=VECTOR('',#398,1.970936354);
#400=LINE('',#397,#399);
#401=EDGE_CURVE('',#390,#372,#400,.T.);
#402=ORIENTED_EDGE('',*,*,#401,.T.);
#403=EDGE_LOOP('',(#380,#388,#396,#402));
#404=FACE_BOUND('',#403,.T.);
#405=ADVANCED_FACE('',(#404),#370,.T.);
#406=CARTESIAN_POINT('',(118.401832981,-95.770003,-6.5));
#407=DIRECTION('',(0.,-1.,0.));
#408=DIRECTION('',(0.,0.,-1.));
#409=AXIS2_PLACEMENT_3D('',#406,#407,#408);
#410=PLANE('',#409);
#411=CARTESIAN_POINT('',(124.85471179,-95.770003,-6.8));
#412=VERTEX_POINT('',#411);
#413=CARTESIAN_POINT('',(124.85471179,-95.770003,-1.2));
#414=VERTEX_POINT('',#413);
#415=CARTESIAN_POINT('',(124.85471179,-95.770003,-6.8));
#416=DIRECTION('',(0.,0.,1.));
#417=VECTOR('',#416,5.6);
#418=LINE('',#415,#417);
#419=EDGE_CURVE('',#412,#414,#418,.T.);
#420=ORIENTED_EDGE('',*,*,#419,.T.);
#421=CARTESIAN_POINT('',(111.8762573,-95.769953048,-1.2));
#422=VERTEX_POINT('',#421);
#423=CARTESIAN_POINT('',(124.85471179,-95.770003,-1.2));
#424=DIRECTION('',(-1.,-0.,0.));
#425=VECTOR('',#424,12.978454498);
#426=LINE('',#423,#425);
#427=EDGE_CURVE('',#414,#422,#426,.T.);
#428=ORIENTED_EDGE('',*,*,#427,.T.);
#429=CARTESIAN_POINT('',(111.876257292,-95.770003,-6.8));
#430=VERTEX_POINT('',#429);
#431=CARTESIAN_POINT('',(111.876257292,-95.770003,-6.8));
#432=DIRECTION('',(-0.,-0.,1.));
#433=VECTOR('',#432,5.6);
#434=LINE('',#431,#433);
#435=EDGE_CURVE('',#430,#422,#434,.T.);
#436=ORIENTED_EDGE('',*,*,#435,.F.);
#437=CARTESIAN_POINT('',(111.876257292,-95.770003,-6.8));
#438=DIRECTION('',(1.,0.,-0.));
#439=VECTOR('',#438,12.978454498);
#440=LINE('',#437,#439);
#441=EDGE_CURVE('',#430,#412,#440,.T.);
#442=ORIENTED_EDGE('',*,*,#441,.T.);
#443=EDGE_LOOP('',(#420,#428,#436,#442));
#444=FACE_BOUND('',#443,.T.);
#445=ADVANCED_FACE('',(#444),#410,.T.);
#446=CARTESIAN_POINT('',(128.188436145,-93.485078457,-6.5));
#447=DIRECTION('',(0.728329759,-0.685226796,0.));
#448=DIRECTION('',(0.685226796,0.728329759,0.));
#449=AXIS2_PLACEMENT_3D('',#446,#447,#448);
#450=PLANE('',#449);
#451=CARTESIAN_POINT('',(129.503524671,-92.087266647,-6.8));
#452=VERTEX_POINT('',#451);
#453=CARTESIAN_POINT('',(129.503524671,-92.087266647,-1.2));
#454=VERTEX_POINT('',#453);
#455=CARTESIAN_POINT('',(129.503524671,-92.087266647,-6.8));
#456=DIRECTION('',(0.,0.,1.));
#457=VECTOR('',#456,5.6);
#458=LINE('',#455,#457);
#459=EDGE_CURVE('',#452,#454,#458,.T.);
#460=ORIENTED_EDGE('',*,*,#459,.T.);
#461=CARTESIAN_POINT('',(126.850058949,-94.90764387,-1.2));
#462=VERTEX_POINT('',#461);
#463=CARTESIAN_POINT('',(126.850058949,-94.90764387,-1.2));
#464=DIRECTION('',(0.685226796,0.728329759,0.));
#465=VECTOR('',#464,3.872390478);
#466=LINE('',#463,#465);
#467=EDGE_CURVE('',#462,#454,#466,.T.);
#468=ORIENTED_EDGE('',*,*,#467,.F.);
#469=CARTESIAN_POINT('',(126.850058949,-94.90764387,-6.8));
#470=VERTEX_POINT('',#469);
#471=CARTESIAN_POINT('',(126.850058949,-94.90764387,-6.8));
#472=DIRECTION('',(-0.,-0.,1.));
#473=VECTOR('',#472,5.6);
#474=LINE('',#471,#473);
#475=EDGE_CURVE('',#470,#462,#474,.T.);
#476=ORIENTED_EDGE('',*,*,#475,.F.);
#477=CARTESIAN_POINT('',(126.850058949,-94.90764387,-6.8));
#478=DIRECTION('',(0.685226796,0.728329759,0.));
#479=VECTOR('',#478,3.872390478);
#480=LINE('',#477,#479);
#481=EDGE_CURVE('',#470,#452,#480,.T.);
#482=ORIENTED_EDGE('',*,*,#481,.T.);
#483=EDGE_LOOP('',(#460,#468,#476,#482));
#484=FACE_BOUND('',#483,.T.);
#485=ADVANCED_FACE('',(#484),#450,.T.);
#486=CARTESIAN_POINT('',(132.376167657,-94.789905016,-6.5));
#487=DIRECTION('',(0.,0.,-1.));
#488=DIRECTION('',(-1.,0.,0.));
#489=AXIS2_PLACEMENT_3D('',#486,#487,#488);
#490=CYLINDRICAL_SURFACE('',#489,3.944151605);
#491=CARTESIAN_POINT('',(132.345921332,-90.84546827,-1.2));
#492=VERTEX_POINT('',#491);
#493=CARTESIAN_POINT('',(132.425465358,-90.846061508,-1.2));
#494=VERTEX_POINT('',#493);
#495=CARTESIAN_POINT('',(132.376167657,-94.789905016,-1.2));
#496=DIRECTION('',(0.,0.,-1.));
#497=DIRECTION('',(-1.,0.,0.));
#498=AXIS2_PLACEMENT_3D('',#495,#496,#497);
#499=CIRCLE('',#498,3.944151605);
#500=EDGE_CURVE('',#492,#494,#499,.T.);
#501=ORIENTED_EDGE('',*,*,#500,.F.);
#502=CARTESIAN_POINT('',(129.558323993,-92.02960553,-1.2));
#503=VERTEX_POINT('',#502);
#504=CARTESIAN_POINT('',(132.376167657,-94.789905016,-1.2));
#505=DIRECTION('',(-0.,-0.,1.));
#506=DIRECTION('',(-1.,0.,0.));
#507=AXIS2_PLACEMENT_3D('',#504,#505,#506);
#508=CIRCLE('',#507,3.944151605);
#509=EDGE_CURVE('',#492,#503,#508,.T.);
#510=ORIENTED_EDGE('',*,*,#509,.T.);
#511=CARTESIAN_POINT('',(132.376167657,-94.789905016,-1.2));
#512=DIRECTION('',(0.,0.,-1.));
#513=DIRECTION('',(-1.,0.,0.));
#514=AXIS2_PLACEMENT_3D('',#511,#512,#513);
#515=CIRCLE('',#514,3.944151605);
#516=EDGE_CURVE('',#454,#503,#515,.T.);
#517=ORIENTED_EDGE('',*,*,#516,.F.);
#518=ORIENTED_EDGE('',*,*,#459,.F.);
#519=CARTESIAN_POINT('',(132.425465358,-90.846061508,-6.8));
#520=VERTEX_POINT('',#519);
#521=CARTESIAN_POINT('',(132.376167657,-94.789905016,-6.8));
#522=DIRECTION('',(0.,0.,1.));
#523=DIRECTION('',(1.,0.,-0.));
#524=AXIS2_PLACEMENT_3D('',#521,#522,#523);
#525=CIRCLE('',#524,3.944151605);
#526=EDGE_CURVE('',#520,#452,#525,.T.);
#527=ORIENTED_EDGE('',*,*,#526,.F.);
#528=CARTESIAN_POINT('',(132.425465358,-90.846061508,-6.8));
#529=DIRECTION('',(-0.,-0.,1.));
#530=VECTOR('',#529,5.6);
#531=LINE('',#528,#530);
#532=EDGE_CURVE('',#520,#494,#531,.T.);
#533=ORIENTED_EDGE('',*,*,#532,.T.);
#534=EDGE_LOOP('',(#501,#510,#517,#518,#527,#533));
#535=FACE_BOUND('',#534,.T.);
#536=ADVANCED_FACE('',(#535),#490,.F.);
#537=CARTESIAN_POINT('',(138.182994019,-90.918030117,-6.5));
#538=DIRECTION('',(-0.012498937,-0.999921885,0.));
#539=DIRECTION('',(0.999921885,-0.012498937,0.));
#540=AXIS2_PLACEMENT_3D('',#537,#538,#539);
#541=PLANE('',#540);
#542=CARTESIAN_POINT('',(144.020965707,-90.991004256,-6.8));
#543=VERTEX_POINT('',#542);
#544=CARTESIAN_POINT('',(144.020965707,-90.991004256,-1.2));
#545=VERTEX_POINT('',#544);
#546=CARTESIAN_POINT('',(144.020965707,-90.991004256,-6.8));
#547=DIRECTION('',(0.,0.,1.));
#548=VECTOR('',#547,5.6);
#549=LINE('',#546,#548);
#550=EDGE_CURVE('',#543,#545,#549,.T.);
#551=ORIENTED_EDGE('',*,*,#550,.T.);
#552=CARTESIAN_POINT('',(132.425465358,-90.846061508,-1.2));
#553=DIRECTION('',(0.999921885,-0.012498937,0.));
#554=VECTOR('',#553,11.596406199);
#555=LINE('',#552,#554);
#556=EDGE_CURVE('',#494,#545,#555,.T.);
#557=ORIENTED_EDGE('',*,*,#556,.F.);
#558=ORIENTED_EDGE('',*,*,#532,.F.);
#559=CARTESIAN_POINT('',(132.425465358,-90.846061508,-6.8));
#560=DIRECTION('',(0.999921885,-0.012498937,0.));
#561=VECTOR('',#560,11.596406199);
#562=LINE('',#559,#561);
#563=EDGE_CURVE('',#520,#543,#562,.T.);
#564=ORIENTED_EDGE('',*,*,#563,.T.);
#565=EDGE_LOOP('',(#551,#557,#558,#564));
#566=FACE_BOUND('',#565,.T.);
#567=ADVANCED_FACE('',(#566),#541,.T.);
#568=CARTESIAN_POINT('',(148.064953883,-93.55314382,-6.5));
#569=DIRECTION('',(-0.715507056,-0.698605506,0.));
#570=DIRECTION('',(0.698605506,-0.715507056,0.));
#571=AXIS2_PLACEMENT_3D('',#568,#569,#570);
#572=PLANE('',#571);
#573=CARTESIAN_POINT('',(149.443721491,-94.965268322,-6.8));
#574=VERTEX_POINT('',#573);
#575=CARTESIAN_POINT('',(149.443721491,-94.965268322,-1.2));
#576=VERTEX_POINT('',#575);
#577=CARTESIAN_POINT('',(149.443721491,-94.965268322,-6.8));
#578=DIRECTION('',(0.,0.,1.));
#579=VECTOR('',#578,5.6);
#580=LINE('',#577,#579);
#581=EDGE_CURVE('',#574,#576,#580,.T.);
#582=ORIENTED_EDGE('',*,*,#581,.T.);
#583=CARTESIAN_POINT('',(146.673300397,-92.127821689,-1.2));
#584=VERTEX_POINT('',#583);
#585=CARTESIAN_POINT('',(146.673300397,-92.127821689,-1.2));
#586=DIRECTION('',(0.698605506,-0.715507056,0.));
#587=VECTOR('',#586,3.965644517);
#588=LINE('',#585,#587);
#589=EDGE_CURVE('',#584,#576,#588,.T.);
#590=ORIENTED_EDGE('',*,*,#589,.F.);
#591=CARTESIAN_POINT('',(146.673300397,-92.127821689,-6.8));
#592=VERTEX_POINT('',#591);
#593=CARTESIAN_POINT('',(146.673300397,-92.127821689,-6.8));
#594=DIRECTION('',(-0.,-0.,1.));
#595=VECTOR('',#594,5.6);
#596=LINE('',#593,#595);
#597=EDGE_CURVE('',#592,#584,#596,.T.);
#598=ORIENTED_EDGE('',*,*,#597,.F.);
#599=CARTESIAN_POINT('',(146.673300397,-92.127821689,-6.8));
#600=DIRECTION('',(0.698605506,-0.715507056,0.));
#601=VECTOR('',#600,3.965644517);
#602=LINE('',#599,#601);
#603=EDGE_CURVE('',#592,#574,#602,.T.);
#604=ORIENTED_EDGE('',*,*,#603,.T.);
#605=EDGE_LOOP('',(#582,#590,#598,#604));
#606=FACE_BOUND('',#605,.T.);
#607=ADVANCED_FACE('',(#606),#572,.T.);
#608=CARTESIAN_POINT('',(157.853911006,-95.769998029,-6.5));
#609=DIRECTION('',(0.,-1.,0.));
#610=DIRECTION('',(0.,0.,-1.));
#611=AXIS2_PLACEMENT_3D('',#608,#609,#610);
#612=PLANE('',#611);
#613=CARTESIAN_POINT('',(164.398217352,-95.769948131,-1.2));
#614=VERTEX_POINT('',#613);
#615=CARTESIAN_POINT('',(151.354140545,-95.769998029,-1.2));
#616=VERTEX_POINT('',#615);
#617=CARTESIAN_POINT('',(164.398217359,-95.769998029,-1.2));
#618=DIRECTION('',(-1.,-0.,0.));
#619=VECTOR('',#618,13.044076814);
#620=LINE('',#617,#619);
#621=EDGE_CURVE('',#614,#616,#620,.T.);
#622=ORIENTED_EDGE('',*,*,#621,.T.);
#623=CARTESIAN_POINT('',(151.354140545,-95.769998029,-6.8));
#624=VERTEX_POINT('',#623);
#625=CARTESIAN_POINT('',(151.354140545,-95.769998029,-6.8));
#626=DIRECTION('',(-0.,-0.,1.));
#627=VECTOR('',#626,5.6);
#628=LINE('',#625,#627);
#629=EDGE_CURVE('',#624,#616,#628,.T.);
#630=ORIENTED_EDGE('',*,*,#629,.F.);
#631=CARTESIAN_POINT('',(164.398217359,-95.769998029,-6.8));
#632=VERTEX_POINT('',#631);
#633=CARTESIAN_POINT('',(151.354140545,-95.769998029,-6.8));
#634=DIRECTION('',(1.,0.,-0.));
#635=VECTOR('',#634,13.044076814);
#636=LINE('',#633,#635);
#637=EDGE_CURVE('',#624,#632,#636,.T.);
#638=ORIENTED_EDGE('',*,*,#637,.T.);
#639=CARTESIAN_POINT('',(164.398217359,-95.769998029,-6.8));
#640=DIRECTION('',(0.,0.,1.));
#641=VECTOR('',#640,5.6);
#642=LINE('',#639,#641);
#643=EDGE_CURVE('',#632,#614,#642,.T.);
#644=ORIENTED_EDGE('',*,*,#643,.T.);
#645=EDGE_LOOP('',(#622,#630,#638,#644));
#646=FACE_BOUND('',#645,.T.);
#647=ADVANCED_FACE('',(#646),#612,.T.);
#648=CARTESIAN_POINT('',(0.,0.,-6.8));
#649=DIRECTION('',(0.,0.,1.));
#650=DIRECTION('',(1.,0.,0.));
#651=AXIS2_PLACEMENT_3D('',#648,#649,#650);
#652=PLANE('',#651);
#653=CARTESIAN_POINT('',(170.827403322,-99.532543334,-6.8));
#654=VERTEX_POINT('',#653);
#655=CARTESIAN_POINT('',(170.84464509,-99.532496078,-6.8));
#656=VERTEX_POINT('',#655);
#657=CARTESIAN_POINT('',(170.827403321,-99.532496078,-6.8));
#658=DIRECTION('',(1.,0.,-0.));
#659=VECTOR('',#658,0.017241769);
#660=LINE('',#657,#659);
#661=EDGE_CURVE('',#654,#656,#660,.T.);
#662=ORIENTED_EDGE('',*,*,#661,.T.);
#663=CARTESIAN_POINT('',(174.494985505,-99.532496078,-6.8));
#664=VERTEX_POINT('',#663);
#665=CARTESIAN_POINT('',(174.494985505,-99.532496078,-6.8));
#666=DIRECTION('',(-1.,-0.,0.));
#667=VECTOR('',#666,3.650340416);
#668=LINE('',#665,#667);
#669=EDGE_CURVE('',#664,#656,#668,.T.);
#670=ORIENTED_EDGE('',*,*,#669,.F.);
#671=CARTESIAN_POINT('',(174.494985505,-100.532496029,-6.8));
#672=VERTEX_POINT('',#671);
#673=CARTESIAN_POINT('',(174.494985505,-99.532496078,-6.8));
#674=DIRECTION('',(0.,-1.,0.));
#675=VECTOR('',#674,0.999999951);
#676=LINE('',#673,#675);
#677=EDGE_CURVE('',#664,#672,#676,.T.);
#678=ORIENTED_EDGE('',*,*,#677,.T.);
#679=CARTESIAN_POINT('',(170.827403348,-100.532496029,-6.8));
#680=VERTEX_POINT('',#679);
#681=CARTESIAN_POINT('',(170.827403348,-100.532496029,-6.8));
#682=DIRECTION('',(1.,0.,-0.));
#683=VECTOR('',#682,3.667582158);
#684=LINE('',#681,#683);
#685=EDGE_CURVE('',#680,#672,#684,.T.);
#686=ORIENTED_EDGE('',*,*,#685,.F.);
#687=CARTESIAN_POINT('',(170.827403348,-97.949978379,-6.8));
#688=DIRECTION('',(0.,0.,1.));
#689=DIRECTION('',(1.,0.,-0.));
#690=AXIS2_PLACEMENT_3D('',#687,#688,#689);
#691=CIRCLE('',#690,2.58251765);
#692=EDGE_CURVE('',#124,#680,#691,.T.);
#693=ORIENTED_EDGE('',*,*,#692,.F.);
#694=ORIENTED_EDGE('',*,*,#153,.F.);
#695=CARTESIAN_POINT('',(164.398217359,-99.500476818,-6.8));
#696=DIRECTION('',(0.,0.,1.));
#697=DIRECTION('',(1.,0.,-0.));
#698=AXIS2_PLACEMENT_3D('',#695,#696,#697);
#699=CIRCLE('',#698,3.730478788);
#700=EDGE_CURVE('',#142,#632,#699,.T.);
#701=ORIENTED_EDGE('',*,*,#700,.T.);
#702=ORIENTED_EDGE('',*,*,#637,.F.);
#703=CARTESIAN_POINT('',(151.354140545,-93.099976765,-6.8));
#704=DIRECTION('',(0.,0.,1.));
#705=DIRECTION('',(1.,0.,-0.));
#706=AXIS2_PLACEMENT_3D('',#703,#704,#705);
#707=CIRCLE('',#706,2.670021264);
#708=EDGE_CURVE('',#574,#624,#707,.T.);
#709=ORIENTED_EDGE('',*,*,#708,.F.);
#710=ORIENTED_EDGE('',*,*,#603,.F.);
#711=CARTESIAN_POINT('',(143.973809262,-94.76354604,-6.8));
#712=DIRECTION('',(0.,0.,1.));
#713=DIRECTION('',(1.,0.,-0.));
#714=AXIS2_PLACEMENT_3D('',#711,#712,#713);
#715=CIRCLE('',#714,3.772836498);
#716=EDGE_CURVE('',#592,#543,#715,.T.);
#717=ORIENTED_EDGE('',*,*,#716,.T.);
#718=ORIENTED_EDGE('',*,*,#563,.F.);
#719=ORIENTED_EDGE('',*,*,#526,.T.);
#720=ORIENTED_EDGE('',*,*,#481,.F.);
#721=CARTESIAN_POINT('',(124.85471179,-93.030382471,-6.8));
#722=DIRECTION('',(0.,0.,1.));
#723=DIRECTION('',(1.,0.,-0.));
#724=AXIS2_PLACEMENT_3D('',#721,#722,#723);
#725=CIRCLE('',#724,2.739620529);
#726=EDGE_CURVE('',#412,#470,#725,.T.);
#727=ORIENTED_EDGE('',*,*,#726,.F.);
#728=ORIENTED_EDGE('',*,*,#441,.F.);
#729=CARTESIAN_POINT('',(111.876257292,-99.500481788,-6.8));
#730=DIRECTION('',(0.,0.,1.));
#731=DIRECTION('',(1.,0.,-0.));
#732=AXIS2_PLACEMENT_3D('',#729,#730,#731);
#733=CIRCLE('',#732,3.730478788);
#734=EDGE_CURVE('',#430,#372,#733,.T.);
#735=ORIENTED_EDGE('',*,*,#734,.T.);
#736=ORIENTED_EDGE('',*,*,#401,.F.);
#737=CARTESIAN_POINT('',(105.447068241,-100.532502,-6.8));
#738=VERTEX_POINT('',#737);
#739=CARTESIAN_POINT('',(105.447068241,-97.949984348,-6.8));
#740=DIRECTION('',(0.,0.,1.));
#741=DIRECTION('',(1.,0.,-0.));
#742=AXIS2_PLACEMENT_3D('',#739,#740,#741);
#743=CIRCLE('',#742,2.582517652);
#744=EDGE_CURVE('',#738,#390,#743,.T.);
#745=ORIENTED_EDGE('',*,*,#744,.F.);
#746=CARTESIAN_POINT('',(91.038760781,-100.532502,-6.8));
#747=VERTEX_POINT('',#746);
#748=CARTESIAN_POINT('',(91.038760781,-100.532502,-6.8));
#749=DIRECTION('',(1.,0.,-0.));
#750=VECTOR('',#749,14.40830746);
#751=LINE('',#748,#750);
#752=EDGE_CURVE('',#747,#738,#751,.T.);
#753=ORIENTED_EDGE('',*,*,#752,.F.);
#754=CARTESIAN_POINT('',(88.166268722,-100.517383615,-6.8));
#755=VERTEX_POINT('',#754);
#756=CARTESIAN_POINT('',(88.166268722,-100.517383615,-6.8));
#757=DIRECTION('',(0.99998615,-0.005263087,0.));
#758=VECTOR('',#757,2.872531844);
#759=LINE('',#756,#758);
#760=EDGE_CURVE('',#755,#747,#759,.T.);
#761=ORIENTED_EDGE('',*,*,#760,.F.);
#762=CARTESIAN_POINT('',(88.164966491,-100.517502,-6.8));
#763=VERTEX_POINT('',#762);
#764=CARTESIAN_POINT('',(88.164966491,-100.517502,-6.8));
#765=DIRECTION('',(0.995893206,0.090535746,0.));
#766=VECTOR('',#765,0.0013076);
#767=LINE('',#764,#766);
#768=EDGE_CURVE('',#763,#755,#767,.T.);
#769=ORIENTED_EDGE('',*,*,#768,.F.);
#770=CARTESIAN_POINT('',(73.387241,-100.517502,-6.8));
#771=VERTEX_POINT('',#770);
#772=CARTESIAN_POINT('',(73.387241,-100.517502,-6.8));
#773=DIRECTION('',(1.,0.,-0.));
#774=VECTOR('',#773,14.777725491);
#775=LINE('',#772,#774);
#776=EDGE_CURVE('',#771,#763,#775,.T.);
#777=ORIENTED_EDGE('',*,*,#776,.F.);
#778=CARTESIAN_POINT('',(69.612241,-104.292502,-6.8));
#779=VERTEX_POINT('',#778);
#780=CARTESIAN_POINT('',(73.387241,-104.292502,-6.8));
#781=DIRECTION('',(0.,0.,1.));
#782=DIRECTION('',(1.,0.,-0.));
#783=AXIS2_PLACEMENT_3D('',#780,#781,#782);
#784=CIRCLE('',#783,3.775);
#785=EDGE_CURVE('',#771,#779,#784,.T.);
#786=ORIENTED_EDGE('',*,*,#785,.T.);
#787=CARTESIAN_POINT('',(69.612241,-157.712499,-6.8));
#788=VERTEX_POINT('',#787);
#789=CARTESIAN_POINT('',(69.612241,-157.712499,-6.8));
#790=DIRECTION('',(0.,1.,0.));
#791=VECTOR('',#790,53.419997);
#792=LINE('',#789,#791);
#793=EDGE_CURVE('',#788,#779,#792,.T.);
#794=ORIENTED_EDGE('',*,*,#793,.F.);
#795=CARTESIAN_POINT('',(73.387241,-157.712499,-6.8));
#796=DIRECTION('',(0.,0.,1.));
#797=DIRECTION('',(1.,0.,-0.));
#798=AXIS2_PLACEMENT_3D('',#795,#796,#797);
#799=CIRCLE('',#798,3.775);
#800=EDGE_CURVE('',#788,#341,#799,.T.);
#801=ORIENTED_EDGE('',*,*,#800,.T.);
#802=ORIENTED_EDGE('',*,*,#361,.F.);
#803=ORIENTED_EDGE('',*,*,#330,.F.);
#804=ORIENTED_EDGE('',*,*,#297,.F.);
#805=CARTESIAN_POINT('',(146.132200323,-177.271811316,-6.8));
#806=DIRECTION('',(0.,0.,1.));
#807=DIRECTION('',(1.,0.,-0.));
#808=AXIS2_PLACEMENT_3D('',#805,#806,#807);
#809=CIRCLE('',#808,4.116637064);
#810=EDGE_CURVE('',#286,#237,#809,.T.);
#811=ORIENTED_EDGE('',*,*,#810,.T.);
#812=ORIENTED_EDGE('',*,*,#257,.F.);
#813=ORIENTED_EDGE('',*,*,#226,.F.);
#814=ORIENTED_EDGE('',*,*,#193,.F.);
#815=CARTESIAN_POINT('',(198.156465192,-194.348433054,-6.8));
#816=VERTEX_POINT('',#815);
#817=CARTESIAN_POINT('',(198.156465192,-194.348433054,-6.8));
#818=DIRECTION('',(-0.918876296,0.394545754,0.));
#819=VECTOR('',#818,0.000530856);
#820=LINE('',#817,#819);
#821=EDGE_CURVE('',#816,#182,#820,.T.);
#822=ORIENTED_EDGE('',*,*,#821,.F.);
#823=CARTESIAN_POINT('',(203.265141161,-192.864183824,-6.8));
#824=VERTEX_POINT('',#823);
#825=CARTESIAN_POINT('',(199.963535815,-191.0342695,-6.8));
#826=DIRECTION('',(0.,0.,1.));
#827=DIRECTION('',(1.,0.,-0.));
#828=AXIS2_PLACEMENT_3D('',#825,#826,#827);
#829=CIRCLE('',#828,3.774809174);
#830=EDGE_CURVE('',#816,#824,#829,.T.);
#831=ORIENTED_EDGE('',*,*,#830,.T.);
#832=CARTESIAN_POINT('',(211.802510043,-177.462363758,-6.8));
#833=VERTEX_POINT('',#832);
#834=CARTESIAN_POINT('',(211.802510043,-177.462363758,-6.8));
#835=DIRECTION('',(-0.484809647,-0.874619692,0.));
#836=VECTOR('',#835,17.609733921);
#837=LINE('',#834,#836);
#838=EDGE_CURVE('',#833,#824,#837,.T.);
#839=ORIENTED_EDGE('',*,*,#838,.F.);
#840=CARTESIAN_POINT('',(212.274997316,-175.706763245,-6.8));
#841=VERTEX_POINT('',#840);
#842=CARTESIAN_POINT('',(208.401125462,-175.605563426,-6.8));
#843=DIRECTION('',(0.,0.,1.));
#844=DIRECTION('',(1.,0.,-0.));
#845=AXIS2_PLACEMENT_3D('',#842,#843,#844);
#846=CIRCLE('',#845,3.875193484);
#847=EDGE_CURVE('',#833,#841,#846,.T.);
#848=ORIENTED_EDGE('',*,*,#847,.T.);
#849=CARTESIAN_POINT('',(212.274994324,-149.009631331,-6.8));
#850=VERTEX_POINT('',#849);
#851=CARTESIAN_POINT('',(212.274994324,-149.009631331,-6.8));
#852=DIRECTION('',(0.000000112,-1.,0.));
#853=VECTOR('',#852,26.697131914);
#854=LINE('',#851,#853);
#855=EDGE_CURVE('',#850,#841,#854,.T.);
#856=ORIENTED_EDGE('',*,*,#855,.F.);
#857=CARTESIAN_POINT('',(213.274994325,-149.009631219,-6.8));
#858=VERTEX_POINT('',#857);
#859=CARTESIAN_POINT('',(212.274994324,-149.009631331,-6.8));
#860=DIRECTION('',(1.,0.000000112,0.));
#861=VECTOR('',#860,1.000000001);
#862=LINE('',#859,#861);
#863=EDGE_CURVE('',#850,#858,#862,.T.);
#864=ORIENTED_EDGE('',*,*,#863,.T.);
#865=CARTESIAN_POINT('',(213.274997318,-175.719074005,-6.8));
#866=VERTEX_POINT('',#865);
#867=CARTESIAN_POINT('',(213.274994325,-149.009631219,-6.8));
#868=DIRECTION('',(0.000000112,-1.,0.));
#869=VECTOR('',#868,26.709442786);
#870=LINE('',#867,#869);
#871=EDGE_CURVE('',#858,#866,#870,.T.);
#872=ORIENTED_EDGE('',*,*,#871,.T.);
#873=CARTESIAN_POINT('',(212.678605688,-177.944510717,-6.8));
#874=VERTEX_POINT('',#873);
#875=CARTESIAN_POINT('',(208.401125463,-175.605563426,-6.8));
#876=DIRECTION('',(0.,0.,1.));
#877=DIRECTION('',(1.,0.,-0.));
#878=AXIS2_PLACEMENT_3D('',#875,#876,#877);
#879=CIRCLE('',#878,4.875193484);
#880=EDGE_CURVE('',#874,#866,#879,.T.);
#881=ORIENTED_EDGE('',*,*,#880,.F.);
#882=CARTESIAN_POINT('',(204.139760854,-193.348993471,-6.8));
#883=VERTEX_POINT('',#882);
#884=CARTESIAN_POINT('',(212.678605688,-177.944510717,-6.8));
#885=DIRECTION('',(-0.484809647,-0.874619692,0.));
#886=VECTOR('',#885,17.612778316);
#887=LINE('',#884,#886);
#888=EDGE_CURVE('',#874,#883,#887,.T.);
#889=ORIENTED_EDGE('',*,*,#888,.T.);
#890=CARTESIAN_POINT('',(197.721405887,-195.249913701,-6.8));
#891=VERTEX_POINT('',#890);
#892=CARTESIAN_POINT('',(199.963535815,-191.0342695,-6.8));
#893=DIRECTION('',(0.,0.,1.));
#894=DIRECTION('',(1.,0.,-0.));
#895=AXIS2_PLACEMENT_3D('',#892,#893,#894);
#896=CIRCLE('',#895,4.774809174);
#897=EDGE_CURVE('',#891,#883,#896,.T.);
#898=ORIENTED_EDGE('',*,*,#897,.F.);
#899=CARTESIAN_POINT('',(197.716233576,-195.247692822,-6.8));
#900=VERTEX_POINT('',#899);
#901=CARTESIAN_POINT('',(197.721405887,-195.249913701,-6.8));
#902=DIRECTION('',(-0.918876296,0.394545754,0.));
#903=VECTOR('',#902,0.005628953);
#904=LINE('',#901,#903);
#905=EDGE_CURVE('',#891,#900,#904,.T.);
#906=ORIENTED_EDGE('',*,*,#905,.T.);
#907=CARTESIAN_POINT('',(193.030298514,-192.66415158,-6.8));
#908=VERTEX_POINT('',#907);
#909=CARTESIAN_POINT('',(197.716233576,-195.247692822,-6.8));
#910=DIRECTION('',(-0.875720106,0.482819113,0.));
#911=VECTOR('',#910,5.35095064);
#912=LINE('',#909,#911);
#913=EDGE_CURVE('',#900,#908,#912,.T.);
#914=ORIENTED_EDGE('',*,*,#913,.T.);
#915=CARTESIAN_POINT('',(157.138748116,-182.414920408,-6.8));
#916=VERTEX_POINT('',#915);
#917=CARTESIAN_POINT('',(154.132794527,-260.909920283,-6.8));
#918=DIRECTION('',(0.,0.,1.));
#919=DIRECTION('',(1.,0.,-0.));
#920=AXIS2_PLACEMENT_3D('',#917,#918,#919);
#921=CIRCLE('',#920,78.552535047);
#922=EDGE_CURVE('',#908,#916,#921,.T.);
#923=ORIENTED_EDGE('',*,*,#922,.T.);
#924=CARTESIAN_POINT('',(145.942170345,-182.384918341,-6.8));
#925=VERTEX_POINT('',#924);
#926=CARTESIAN_POINT('',(157.138748116,-182.414920408,-6.8));
#927=DIRECTION('',(-0.99999641,0.002679565,0.));
#928=VECTOR('',#927,11.196617967);
#929=LINE('',#926,#928);
#930=EDGE_CURVE('',#916,#925,#929,.T.);
#931=ORIENTED_EDGE('',*,*,#930,.T.);
#932=CARTESIAN_POINT('',(142.33573999,-180.70209757,-6.8));
#933=VERTEX_POINT('',#932);
#934=CARTESIAN_POINT('',(146.132200323,-177.271811316,-6.8));
#935=DIRECTION('',(0.,0.,1.));
#936=DIRECTION('',(1.,0.,-0.));
#937=AXIS2_PLACEMENT_3D('',#934,#935,#936);
#938=CIRCLE('',#937,5.116637064);
#939=EDGE_CURVE('',#933,#925,#938,.T.);
#940=ORIENTED_EDGE('',*,*,#939,.F.);
#941=CARTESIAN_POINT('',(127.563879141,-163.096640766,-6.8));
#942=VERTEX_POINT('',#941);
#943=CARTESIAN_POINT('',(142.33573999,-180.70209757,-6.8));
#944=DIRECTION('',(-0.642765357,0.766063115,0.));
#945=VECTOR('',#944,22.98173149);
#946=LINE('',#943,#945);
#947=EDGE_CURVE('',#933,#942,#946,.T.);
#948=ORIENTED_EDGE('',*,*,#947,.T.);
#949=CARTESIAN_POINT('',(126.257619627,-162.487499,-6.8));
#950=VERTEX_POINT('',#949);
#951=CARTESIAN_POINT('',(126.144410195,-164.435427657,-6.8));
#952=DIRECTION('',(0.,0.,1.));
#953=DIRECTION('',(1.,0.,-0.));
#954=AXIS2_PLACEMENT_3D('',#951,#952,#953);
#955=CIRCLE('',#954,1.951215629);
#956=EDGE_CURVE('',#942,#950,#955,.T.);
#957=ORIENTED_EDGE('',*,*,#956,.T.);
#958=CARTESIAN_POINT('',(73.387241,-162.487499,-6.8));
#959=VERTEX_POINT('',#958);
#960=CARTESIAN_POINT('',(126.257619627,-162.487499,-6.8));
#961=DIRECTION('',(-1.,0.,0.));
#962=VECTOR('',#961,52.870378627);
#963=LINE('',#960,#962);
#964=EDGE_CURVE('',#950,#959,#963,.T.);
#965=ORIENTED_EDGE('',*,*,#964,.T.);
#966=CARTESIAN_POINT('',(68.612241,-157.712499,-6.8));
#967=VERTEX_POINT('',#966);
#968=CARTESIAN_POINT('',(73.387241,-157.712499,-6.8));
#969=DIRECTION('',(0.,0.,1.));
#970=DIRECTION('',(1.,0.,-0.));
#971=AXIS2_PLACEMENT_3D('',#968,#969,#970);
#972=CIRCLE('',#971,4.775);
#973=EDGE_CURVE('',#967,#959,#972,.T.);
#974=ORIENTED_EDGE('',*,*,#973,.F.);
#975=CARTESIAN_POINT('',(68.612241,-104.292502,-6.8));
#976=VERTEX_POINT('',#975);
#977=CARTESIAN_POINT('',(68.612241,-157.712499,-6.8));
#978=DIRECTION('',(0.,1.,0.));
#979=VECTOR('',#978,53.419997);
#980=LINE('',#977,#979);
#981=EDGE_CURVE('',#967,#976,#980,.T.);
#982=ORIENTED_EDGE('',*,*,#981,.T.);
#983=CARTESIAN_POINT('',(73.387241,-99.517502,-6.8));
#984=VERTEX_POINT('',#983);
#985=CARTESIAN_POINT('',(73.387241,-104.292502,-6.8));
#986=DIRECTION('',(0.,0.,1.));
#987=DIRECTION('',(1.,0.,-0.));
#988=AXIS2_PLACEMENT_3D('',#985,#986,#987);
#989=CIRCLE('',#988,4.775);
#990=EDGE_CURVE('',#984,#976,#989,.T.);
#991=ORIENTED_EDGE('',*,*,#990,.F.);
#992=CARTESIAN_POINT('',(88.119605474,-99.517502,-6.8));
#993=VERTEX_POINT('',#992);
#994=CARTESIAN_POINT('',(73.387241,-99.517502,-6.8));
#995=DIRECTION('',(1.,0.,-0.));
#996=VECTOR('',#995,14.732364474);
#997=LINE('',#994,#996);
#998=EDGE_CURVE('',#984,#993,#997,.T.);
#999=ORIENTED_EDGE('',*,*,#998,.T.);
#1000=CARTESIAN_POINT('',(88.123534165,-99.517144846,-6.8));
#1001=VERTEX_POINT('',#1000);
#1002=CARTESIAN_POINT('',(88.119605474,-99.517502,-6.8));
#1003=DIRECTION('',(0.995893206,0.090535746,0.));
#1004=VECTOR('',#1003,0.003944891);
#1005=LINE('',#1002,#1004);
#1006=EDGE_CURVE('',#993,#1001,#1005,.T.);
#1007=ORIENTED_EDGE('',*,*,#1006,.T.);
#1008=CARTESIAN_POINT('',(91.041392342,-99.532502,-6.8));
#1009=VERTEX_POINT('',#1008);
#1010=CARTESIAN_POINT('',(88.123534165,-99.517144846,-6.8));
#1011=DIRECTION('',(0.99998615,-0.005263087,0.));
#1012=VECTOR('',#1011,2.917898591);
#1013=LINE('',#1010,#1012);
#1014=EDGE_CURVE('',#1001,#1009,#1013,.T.);
#1015=ORIENTED_EDGE('',*,*,#1014,.T.);
#1016=CARTESIAN_POINT('',(105.429826502,-99.532502,-6.8));
#1017=VERTEX_POINT('',#1016);
#1018=CARTESIAN_POINT('',(91.041392342,-99.532502,-6.8));
#1019=DIRECTION('',(1.,0.,-0.));
#1020=VECTOR('',#1019,14.38843416);
#1021=LINE('',#1018,#1020);
#1022=EDGE_CURVE('',#1009,#1017,#1021,.T.);
#1023=ORIENTED_EDGE('',*,*,#1022,.T.);
#1024=CARTESIAN_POINT('',(105.447068239,-99.532549256,-6.8));
#1025=VERTEX_POINT('',#1024);
#1026=CARTESIAN_POINT('',(105.429826502,-99.532502,-6.8));
#1027=DIRECTION('',(1.,0.,-0.));
#1028=VECTOR('',#1027,0.017241738);
#1029=LINE('',#1026,#1028);
#1030=EDGE_CURVE('',#1017,#1025,#1029,.T.);
#1031=ORIENTED_EDGE('',*,*,#1030,.T.);
#1032=CARTESIAN_POINT('',(106.805048986,-98.762634332,-6.8));
#1033=VERTEX_POINT('',#1032);
#1034=CARTESIAN_POINT('',(105.447121834,-97.950078861,-6.8));
#1035=DIRECTION('',(0.,0.,1.));
#1036=DIRECTION('',(1.,0.,-0.));
#1037=AXIS2_PLACEMENT_3D('',#1034,#1035,#1036);
#1038=CIRCLE('',#1037,1.582517652);
#1039=EDGE_CURVE('',#1025,#1033,#1038,.T.);
#1040=ORIENTED_EDGE('',*,*,#1039,.T.);
#1041=CARTESIAN_POINT('',(106.813862451,-98.747814534,-6.8));
#1042=VERTEX_POINT('',#1041);
#1043=CARTESIAN_POINT('',(105.447121834,-97.950078861,-6.8));
#1044=DIRECTION('',(0.,0.,1.));
#1045=DIRECTION('',(1.,0.,-0.));
#1046=AXIS2_PLACEMENT_3D('',#1043,#1044,#1045);
#1047=CIRCLE('',#1046,1.582517652);
#1048=EDGE_CURVE('',#1033,#1042,#1047,.T.);
#1049=ORIENTED_EDGE('',*,*,#1048,.T.);
#1050=CARTESIAN_POINT('',(107.801397389,-97.097591863,-6.8));
#1051=VERTEX_POINT('',#1050);
#1052=CARTESIAN_POINT('',(107.801397389,-97.097591863,-6.8));
#1053=DIRECTION('',(-0.513501834,-0.858088496,-0.));
#1054=VECTOR('',#1053,1.923138091);
#1055=LINE('',#1052,#1054);
#1056=EDGE_CURVE('',#1051,#1042,#1055,.T.);
#1057=ORIENTED_EDGE('',*,*,#1056,.F.);
#1058=CARTESIAN_POINT('',(107.817045368,-97.071346823,-6.8));
#1059=VERTEX_POINT('',#1058);
#1060=CARTESIAN_POINT('',(111.87620114,-99.500382731,-6.8));
#1061=DIRECTION('',(-0.,-0.,-1.));
#1062=DIRECTION('',(1.,0.,-0.));
#1063=AXIS2_PLACEMENT_3D('',#1060,#1061,#1062);
#1064=CIRCLE('',#1063,4.730478788);
#1065=EDGE_CURVE('',#1051,#1059,#1064,.T.);
#1066=ORIENTED_EDGE('',*,*,#1065,.T.);
#1067=CARTESIAN_POINT('',(111.876257293,-94.769953471,-6.8));
#1068=VERTEX_POINT('',#1067);
#1069=CARTESIAN_POINT('',(111.87620114,-99.500382731,-6.8));
#1070=DIRECTION('',(0.,0.,1.));
#1071=DIRECTION('',(1.,0.,-0.));
#1072=AXIS2_PLACEMENT_3D('',#1069,#1070,#1071);
#1073=CIRCLE('',#1072,4.730478788);
#1074=EDGE_CURVE('',#1068,#1059,#1073,.T.);
#1075=ORIENTED_EDGE('',*,*,#1074,.F.);
#1076=CARTESIAN_POINT('',(111.906814388,-94.770003,-6.8));
#1077=VERTEX_POINT('',#1076);
#1078=CARTESIAN_POINT('',(111.876257292,-94.770003,-6.8));
#1079=DIRECTION('',(1.,0.,-0.));
#1080=VECTOR('',#1079,0.030557096);
#1081=LINE('',#1078,#1080);
#1082=EDGE_CURVE('',#1068,#1077,#1081,.T.);
#1083=ORIENTED_EDGE('',*,*,#1082,.T.);
#1084=CARTESIAN_POINT('',(124.891045622,-94.76976539,-6.8));
#1085=VERTEX_POINT('',#1084);
#1086=CARTESIAN_POINT('',(111.906814388,-94.770003,-6.8));
#1087=DIRECTION('',(1.,0.,-0.));
#1088=VECTOR('',#1087,12.984233216);
#1089=LINE('',#1086,#1088);
#1090=EDGE_CURVE('',#1077,#1085,#1089,.T.);
#1091=ORIENTED_EDGE('',*,*,#1090,.T.);
#1092=CARTESIAN_POINT('',(126.09669283,-94.248756717,-6.8));
#1093=VERTEX_POINT('',#1092);
#1094=CARTESIAN_POINT('',(124.854874416,-93.030758753,-6.8));
#1095=DIRECTION('',(0.,0.,1.));
#1096=DIRECTION('',(1.,0.,-0.));
#1097=AXIS2_PLACEMENT_3D('',#1094,#1095,#1096);
#1098=CIRCLE('',#1097,1.739620529);
#1099=EDGE_CURVE('',#1085,#1093,#1098,.T.);
#1100=ORIENTED_EDGE('',*,*,#1099,.T.);
#1101=CARTESIAN_POINT('',(128.836486022,-91.337475768,-6.8));
#1102=VERTEX_POINT('',#1101);
#1103=CARTESIAN_POINT('',(126.096825797,-94.248886969,-6.8));
#1104=DIRECTION('',(0.685226796,0.728329759,0.));
#1105=VECTOR('',#1104,3.99776318);
#1106=LINE('',#1103,#1105);
#1107=EDGE_CURVE('',#1093,#1102,#1106,.T.);
#1108=ORIENTED_EDGE('',*,*,#1107,.T.);
#1109=CARTESIAN_POINT('',(132.348949476,-89.845475336,-6.8));
#1110=VERTEX_POINT('',#1109);
#1111=CARTESIAN_POINT('',(132.375827948,-94.789105372,-6.8));
#1112=DIRECTION('',(0.,0.,1.));
#1113=DIRECTION('',(1.,0.,-0.));
#1114=AXIS2_PLACEMENT_3D('',#1111,#1112,#1113);
#1115=CIRCLE('',#1114,4.944151605);
#1116=EDGE_CURVE('',#1110,#1102,#1115,.T.);
#1117=ORIENTED_EDGE('',*,*,#1116,.F.);
#1118=CARTESIAN_POINT('',(144.03256872,-89.991071172,-6.8));
#1119=VERTEX_POINT('',#1118);
#1120=CARTESIAN_POINT('',(132.348943007,-89.845026865,-6.8));
#1121=DIRECTION('',(0.999921885,-0.012498937,0.));
#1122=VECTOR('',#1121,11.684538447);
#1123=LINE('',#1120,#1122);
#1124=EDGE_CURVE('',#1110,#1119,#1123,.T.);
#1125=ORIENTED_EDGE('',*,*,#1124,.T.);
#1126=CARTESIAN_POINT('',(147.389720965,-91.430151873,-6.8));
#1127=VERTEX_POINT('',#1126);
#1128=CARTESIAN_POINT('',(143.973809187,-94.76354604,-6.8));
#1129=DIRECTION('',(0.,0.,1.));
#1130=DIRECTION('',(1.,0.,-0.));
#1131=AXIS2_PLACEMENT_3D('',#1128,#1129,#1130);
#1132=CIRCLE('',#1131,4.772836498);
#1133=EDGE_CURVE('',#1127,#1119,#1132,.T.);
#1134=ORIENTED_EDGE('',*,*,#1133,.F.);
#1135=CARTESIAN_POINT('',(150.168871686,-94.276499405,-6.8));
#1136=VERTEX_POINT('',#1135);
#1137=CARTESIAN_POINT('',(147.389720965,-91.430151873,-6.8));
#1138=DIRECTION('',(0.698605506,-0.715507056,0.));
#1139=VECTOR('',#1138,3.97811151);
#1140=LINE('',#1137,#1139);
#1141=EDGE_CURVE('',#1127,#1136,#1140,.T.);
#1142=ORIENTED_EDGE('',*,*,#1141,.T.);
#1143=CARTESIAN_POINT('',(151.340370038,-94.769970251,-6.8));
#1144=VERTEX_POINT('',#1143);
#1145=CARTESIAN_POINT('',(151.354116637,-93.100033397,-6.8));
#1146=DIRECTION('',(0.,0.,1.));
#1147=DIRECTION('',(1.,0.,-0.));
#1148=AXIS2_PLACEMENT_3D('',#1145,#1146,#1147);
#1149=CIRCLE('',#1148,1.670021264);
#1150=EDGE_CURVE('',#1136,#1144,#1149,.T.);
#1151=ORIENTED_EDGE('',*,*,#1150,.T.);
#1152=CARTESIAN_POINT('',(164.367660204,-94.769998078,-6.8));
#1153=VERTEX_POINT('',#1152);
#1154=CARTESIAN_POINT('',(151.340369818,-94.769998078,-6.8));
#1155=DIRECTION('',(1.,0.,-0.));
#1156=VECTOR('',#1155,13.027290387);
#1157=LINE('',#1154,#1156);
#1158=EDGE_CURVE('',#1144,#1153,#1157,.T.);
#1159=ORIENTED_EDGE('',*,*,#1158,.T.);
#1160=CARTESIAN_POINT('',(164.398217331,-94.769948549,-6.8));
#1161=VERTEX_POINT('',#1160);
#1162=CARTESIAN_POINT('',(164.367660204,-94.769998078,-6.8));
#1163=DIRECTION('',(1.,0.,-0.));
#1164=VECTOR('',#1163,0.030557128);
#1165=LINE('',#1162,#1164);
#1166=EDGE_CURVE('',#1153,#1161,#1165,.T.);
#1167=ORIENTED_EDGE('',*,*,#1166,.T.);
#1168=CARTESIAN_POINT('',(168.457431849,-97.071346261,-6.8));
#1169=VERTEX_POINT('',#1168);
#1170=CARTESIAN_POINT('',(164.398273452,-99.500377809,-6.8));
#1171=DIRECTION('',(0.,0.,1.));
#1172=DIRECTION('',(1.,0.,-0.));
#1173=AXIS2_PLACEMENT_3D('',#1170,#1171,#1172);
#1174=CIRCLE('',#1173,4.730478788);
#1175=EDGE_CURVE('',#1169,#1161,#1174,.T.);
#1176=ORIENTED_EDGE('',*,*,#1175,.F.);
#1177=CARTESIAN_POINT('',(168.473077651,-97.097587699,-6.8));
#1178=VERTEX_POINT('',#1177);
#1179=CARTESIAN_POINT('',(164.398273452,-99.500377809,-6.8));
#1180=DIRECTION('',(-0.,-0.,-1.));
#1181=DIRECTION('',(1.,0.,-0.));
#1182=AXIS2_PLACEMENT_3D('',#1179,#1180,#1181);
#1183=CIRCLE('',#1182,4.730478788);
#1184=EDGE_CURVE('',#1169,#1178,#1183,.T.);
#1185=ORIENTED_EDGE('',*,*,#1184,.T.);
#1186=CARTESIAN_POINT('',(169.460609481,-98.747809194,-6.8));
#1187=VERTEX_POINT('',#1186);
#1188=CARTESIAN_POINT('',(169.460609481,-98.747809194,-6.8));
#1189=DIRECTION('',(-0.513500914,0.858089046,-0.));
#1190=VECTOR('',#1189,1.923135485);
#1191=LINE('',#1188,#1190);
#1192=EDGE_CURVE('',#1187,#1178,#1191,.T.);
#1193=ORIENTED_EDGE('',*,*,#1192,.F.);
#1194=CARTESIAN_POINT('',(169.469421717,-98.762626948,-6.8));
#1195=VERTEX_POINT('',#1194);
#1196=CARTESIAN_POINT('',(170.827349757,-97.950072941,-6.8));
#1197=DIRECTION('',(0.,0.,1.));
#1198=DIRECTION('',(1.,0.,-0.));
#1199=AXIS2_PLACEMENT_3D('',#1196,#1197,#1198);
#1200=CIRCLE('',#1199,1.58251765);
#1201=EDGE_CURVE('',#1187,#1195,#1200,.T.);
#1202=ORIENTED_EDGE('',*,*,#1201,.T.);
#1203=CARTESIAN_POINT('',(170.827349757,-97.950072941,-6.8));
#1204=DIRECTION('',(0.,0.,1.));
#1205=DIRECTION('',(1.,0.,-0.));
#1206=AXIS2_PLACEMENT_3D('',#1203,#1204,#1205);
#1207=CIRCLE('',#1206,1.58251765);
#1208=EDGE_CURVE('',#1195,#654,#1207,.T.);
#1209=ORIENTED_EDGE('',*,*,#1208,.T.);
#1210=EDGE_LOOP('',(#662,#670,#678,#686,#693,#694,#701,#702,#709,#710,#717,#718,#719,#720,#727,#728,#735,#736,#745,#753,#761,#769,#777,#786,#794,#801,
#802,#803,#804,#811,#812,#813,#814,#822,#831,#839,#848,#856,#864,#872,#881,#889,#898,#906,#914,#923,#931,#940,#948,#957,#965,
#974,#982,#991,#999,#1007,#1015,#1023,#1031,#1040,#1049,#1057,#1066,#1075,#1083,#1091,#1100,#1108,#1117,#1125,#1134,#1142,#1151,#1159,#1167,#1176,
#1185,#1193,#1202,#1209));
#1211=FACE_BOUND('',#1210,.T.);
#1212=ADVANCED_FACE('',(#1211),#652,.F.);
#1213=CARTESIAN_POINT('',(212.274993315,-140.007129594,-6.5));
#1214=DIRECTION('',(-1.,-0.000000112,0.));
#1215=DIRECTION('',(0.000000112,-1.,0.));
#1216=AXIS2_PLACEMENT_3D('',#1213,#1214,#1215);
#1217=PLANE('',#1216);
#1218=CARTESIAN_POINT('',(212.2749941,-147.009631331,-1.2));
#1219=VERTEX_POINT('',#1218);
#1220=CARTESIAN_POINT('',(212.274997316,-175.706763245,-1.2));
#1221=VERTEX_POINT('',#1220);
#1222=CARTESIAN_POINT('',(212.2749941,-147.009631331,-1.2));
#1223=DIRECTION('',(0.000000112,-1.,0.));
#1224=VECTOR('',#1223,28.697131914);
#1225=LINE('',#1222,#1224);
#1226=EDGE_CURVE('',#1219,#1221,#1225,.T.);
#1227=ORIENTED_EDGE('',*,*,#1226,.F.);
#1228=CARTESIAN_POINT('',(212.274994212,-148.009631331,-2.2));
#1229=VERTEX_POINT('',#1228);
#1230=CARTESIAN_POINT('',(212.2749941,-147.009631331,-2.2));
#1231=DIRECTION('',(1.,0.000000112,-0.));
#1232=DIRECTION('',(0.000000112,-1.,0.));
#1233=AXIS2_PLACEMENT_3D('',#1230,#1231,#1232);
#1234=CIRCLE('',#1233,1.);
#1235=EDGE_CURVE('',#1219,#1229,#1234,.T.);
#1236=ORIENTED_EDGE('',*,*,#1235,.T.);
#1237=CARTESIAN_POINT('',(212.274994212,-148.009631331,-5.8));
#1238=VERTEX_POINT('',#1237);
#1239=CARTESIAN_POINT('',(212.274994212,-148.009631331,-2.2));
#1240=DIRECTION('',(0.,0.,-1.));
#1241=VECTOR('',#1240,3.6);
#1242=LINE('',#1239,#1241);
#1243=EDGE_CURVE('',#1229,#1238,#1242,.T.);
#1244=ORIENTED_EDGE('',*,*,#1243,.T.);
#1245=CARTESIAN_POINT('',(212.274994324,-149.009631331,-5.8));
#1246=DIRECTION('',(-1.,-0.000000112,0.));
#1247=DIRECTION('',(0.000000112,-1.,0.));
#1248=AXIS2_PLACEMENT_3D('',#1245,#1246,#1247);
#1249=CIRCLE('',#1248,1.);
#1250=EDGE_CURVE('',#1238,#850,#1249,.T.);
#1251=ORIENTED_EDGE('',*,*,#1250,.T.);
#1252=ORIENTED_EDGE('',*,*,#855,.T.);
#1253=CARTESIAN_POINT('',(212.274997316,-175.706763245,-6.8));
#1254=DIRECTION('',(0.,0.,1.));
#1255=VECTOR('',#1254,5.6);
#1256=LINE('',#1253,#1255);
#1257=EDGE_CURVE('',#841,#1221,#1256,.T.);
#1258=ORIENTED_EDGE('',*,*,#1257,.T.);
#1259=EDGE_LOOP('',(#1227,#1236,#1244,#1251,#1252,#1258));
#1260=FACE_BOUND('',#1259,.T.);
#1261=ADVANCED_FACE('',(#1260),#1217,.T.);
#1262=CARTESIAN_POINT('',(189.669716656,-100.532496029,-6.5));
#1263=DIRECTION('',(0.,-1.,0.));
#1264=DIRECTION('',(0.,0.,-1.));
#1265=AXIS2_PLACEMENT_3D('',#1262,#1263,#1264);
#1266=PLANE('',#1265);
#1267=CARTESIAN_POINT('',(170.827403372,-100.532543699,-1.2));
#1268=VERTEX_POINT('',#1267);
#1269=CARTESIAN_POINT('',(176.494985505,-100.532496029,-1.2));
#1270=VERTEX_POINT('',#1269);
#1271=CARTESIAN_POINT('',(170.827403364,-100.532496029,-1.2));
#1272=DIRECTION('',(1.,0.,-0.));
#1273=VECTOR('',#1272,5.667582142);
#1274=LINE('',#1271,#1273);
#1275=EDGE_CURVE('',#1268,#1270,#1274,.T.);
#1276=ORIENTED_EDGE('',*,*,#1275,.F.);
#1277=CARTESIAN_POINT('',(170.827403348,-100.532496029,-6.8));
#1278=DIRECTION('',(-0.,-0.,1.));
#1279=VECTOR('',#1278,5.6);
#1280=LINE('',#1277,#1279);
#1281=EDGE_CURVE('',#680,#1268,#1280,.T.);
#1282=ORIENTED_EDGE('',*,*,#1281,.F.);
#1283=ORIENTED_EDGE('',*,*,#685,.T.);
#1284=CARTESIAN_POINT('',(175.494985505,-100.532496029,-5.8));
#1285=VERTEX_POINT('',#1284);
#1286=CARTESIAN_POINT('',(174.494985505,-100.532496029,-5.8));
#1287=DIRECTION('',(0.,-1.,0.));
#1288=DIRECTION('',(0.,0.,-1.));
#1289=AXIS2_PLACEMENT_3D('',#1286,#1287,#1288);
#1290=CIRCLE('',#1289,1.);
#1291=EDGE_CURVE('',#672,#1285,#1290,.T.);
#1292=ORIENTED_EDGE('',*,*,#1291,.T.);
#1293=CARTESIAN_POINT('',(175.494985505,-100.532496029,-2.2));
#1294=VERTEX_POINT('',#1293);
#1295=CARTESIAN_POINT('',(175.494985505,-100.532496029,-2.2));
#1296=DIRECTION('',(0.,0.,-1.));
#1297=VECTOR('',#1296,3.6);
#1298=LINE('',#1295,#1297);
#1299=EDGE_CURVE('',#1294,#1285,#1298,.T.);
#1300=ORIENTED_EDGE('',*,*,#1299,.F.);
#1301=CARTESIAN_POINT('',(176.494985505,-100.532496029,-2.2));
#1302=DIRECTION('',(-0.,1.,-0.));
#1303=DIRECTION('',(0.,0.,-1.));
#1304=AXIS2_PLACEMENT_3D('',#1301,#1302,#1303);
#1305=CIRCLE('',#1304,1.);
#1306=EDGE_CURVE('',#1294,#1270,#1305,.T.);
#1307=ORIENTED_EDGE('',*,*,#1306,.T.);
#1308=EDGE_LOOP('',(#1276,#1282,#1283,#1292,#1300,#1307));
#1309=FACE_BOUND('',#1308,.T.);
#1310=ADVANCED_FACE('',(#1309),#1266,.T.);
#1311=CARTESIAN_POINT('',(164.398217359,-99.500476818,-6.5));
#1312=DIRECTION('',(0.,0.,-1.));
#1313=DIRECTION('',(-1.,0.,0.));
#1314=AXIS2_PLACEMENT_3D('',#1311,#1312,#1313);
#1315=CYLINDRICAL_SURFACE('',#1314,3.730478788);
#1316=ORIENTED_EDGE('',*,*,#147,.T.);
#1317=CARTESIAN_POINT('',(164.398217359,-99.500476818,-1.2));
#1318=DIRECTION('',(-0.,-0.,1.));
#1319=DIRECTION('',(-1.,0.,0.));
#1320=AXIS2_PLACEMENT_3D('',#1317,#1318,#1319);
#1321=CIRCLE('',#1320,3.730478788);
#1322=EDGE_CURVE('',#134,#614,#1321,.T.);
#1323=ORIENTED_EDGE('',*,*,#1322,.T.);
#1324=ORIENTED_EDGE('',*,*,#643,.F.);
#1325=ORIENTED_EDGE('',*,*,#700,.F.);
#1326=EDGE_LOOP('',(#1316,#1323,#1324,#1325));
#1327=FACE_BOUND('',#1326,.T.);
#1328=ADVANCED_FACE('',(#1327),#1315,.F.);
#1329=CARTESIAN_POINT('',(170.827403348,-97.949978379,-6.5));
#1330=DIRECTION('',(0.,0.,1.));
#1331=DIRECTION('',(1.,0.,-0.));
#1332=AXIS2_PLACEMENT_3D('',#1329,#1330,#1331);
#1333=CYLINDRICAL_SURFACE('',#1332,2.58251765);
#1334=CARTESIAN_POINT('',(170.827403348,-97.949978379,-1.2));
#1335=DIRECTION('',(0.,0.,1.));
#1336=DIRECTION('',(1.,0.,-0.));
#1337=AXIS2_PLACEMENT_3D('',#1334,#1335,#1336);
#1338=CIRCLE('',#1337,2.58251765);
#1339=EDGE_CURVE('',#126,#1268,#1338,.T.);
#1340=ORIENTED_EDGE('',*,*,#1339,.F.);
#1341=ORIENTED_EDGE('',*,*,#131,.F.);
#1342=ORIENTED_EDGE('',*,*,#692,.T.);
#1343=ORIENTED_EDGE('',*,*,#1281,.T.);
#1344=EDGE_LOOP('',(#1340,#1341,#1342,#1343));
#1345=FACE_BOUND('',#1344,.T.);
#1346=ADVANCED_FACE('',(#1345),#1333,.T.);
#1347=CARTESIAN_POINT('',(208.494985505,-104.31249984,-6.5));
#1348=DIRECTION('',(0.,0.,-1.));
#1349=DIRECTION('',(-1.,0.,0.));
#1350=AXIS2_PLACEMENT_3D('',#1347,#1348,#1349);
#1351=CYLINDRICAL_SURFACE('',#1350,3.780003811);
#1352=CARTESIAN_POINT('',(212.274989315,-104.307495944,-1.2));
#1353=VERTEX_POINT('',#1352);
#1354=CARTESIAN_POINT('',(212.274989315,-104.307495944,-1.2));
#1355=DIRECTION('',(0.000000112,-1.,0.));
#1356=VECTOR('',#1355,0.005003897);
#1357=LINE('',#1354,#1356);
#1358=EDGE_CURVE('',#1353,#33,#1357,.T.);
#1359=ORIENTED_EDGE('',*,*,#1358,.F.);
#1360=CARTESIAN_POINT('',(208.494988812,-104.312496534,-1.2));
#1361=DIRECTION('',(0.,-0.,1.));
#1362=DIRECTION('',(0.999999125,0.001322906,0.));
#1363=AXIS2_PLACEMENT_3D('',#1360,#1361,#1362);
#1364=CIRCLE('',#1363,3.780003811);
#1365=EDGE_CURVE('',#1353,#93,#1364,.T.);
#1366=ORIENTED_EDGE('',*,*,#1365,.T.);
#1367=ORIENTED_EDGE('',*,*,#98,.F.);
#1368=CARTESIAN_POINT('',(208.494985505,-100.532496029,-5.8));
#1369=VERTEX_POINT('',#1368);
#1370=CARTESIAN_POINT('',(208.494985505,-100.532496029,-5.8));
#1371=DIRECTION('',(0.,0.,1.));
#1372=VECTOR('',#1371,3.6);
#1373=LINE('',#1370,#1372);
#1374=EDGE_CURVE('',#1369,#91,#1373,.T.);
#1375=ORIENTED_EDGE('',*,*,#1374,.F.);
#1376=CARTESIAN_POINT('',(209.494985505,-100.667170114,-6.8));
#1377=VERTEX_POINT('',#1376);
#1378=CARTESIAN_POINT('',(208.494985505,-100.532496029,-5.8));
#1379=CARTESIAN_POINT('',(208.494985505,-100.532496029,-5.866508504));
#1380=CARTESIAN_POINT('',(208.501554531,-100.532479826,-5.931899024));
#1381=CARTESIAN_POINT('',(208.514425002,-100.532546016,-5.996216975));
#1382=CARTESIAN_POINT('',(208.527295474,-100.532612205,-6.060534927));
#1383=CARTESIAN_POINT('',(208.546788182,-100.532765515,-6.124457737));
#1384=CARTESIAN_POINT('',(208.572205022,-100.533284848,-6.185326072));
#1385=CARTESIAN_POINT('',(208.597621863,-100.533804182,-6.246194407));
#1386=CARTESIAN_POINT('',(208.628725379,-100.534683649,-6.303906459));
#1387=CARTESIAN_POINT('',(208.665467704,-100.536342451,-6.358480276));
#1388=CARTESIAN_POINT('',(208.702210029,-100.538001252,-6.413054093));
#1389=CARTESIAN_POINT('',(208.744944228,-100.540480133,-6.464630433));
#1390=CARTESIAN_POINT('',(208.791525556,-100.544145716,-6.510734901));
#1391=CARTESIAN_POINT('',(208.88468821,-100.55147688,-6.602943839));
#1392=CARTESIAN_POINT('',(208.997160407,-100.564026659,-6.676908988));
#1393=CARTESIAN_POINT('',(209.117164675,-100.584052189,-6.725878729));
#1394=CARTESIAN_POINT('',(209.237168944,-100.604077718,-6.77484847));
#1395=CARTESIAN_POINT('',(209.366723212,-100.631984739,-6.8));
#1396=CARTESIAN_POINT('',(209.494985505,-100.667170114,-6.8));
#1397=B_SPLINE_CURVE_WITH_KNOTS('',3,(#1378,#1379,#1380,#1381,#1382,#1383,#1384,#1385,#1386,#1387,#1388,#1389,#1390,#1391,#1392,#1393,#1394,#1395,#1396),.UNSPECIFIED.,.F.,.F.,(4,3,3,3,3,3,4),(0.,0.000196697,0.000393394,0.000590091,0.000786788,0.001180182,0.001573576),.UNSPECIFIED.);
#1398=EDGE_CURVE('',#1369,#1377,#1397,.T.);
#1399=ORIENTED_EDGE('',*,*,#1398,.T.);
#1400=CARTESIAN_POINT('',(208.494985505,-104.31249984,-6.8));
#1401=DIRECTION('',(0.,0.,1.));
#1402=DIRECTION('',(1.,0.,-0.));
#1403=AXIS2_PLACEMENT_3D('',#1400,#1401,#1402);
#1404=CIRCLE('',#1403,3.780003811);
#1405=EDGE_CURVE('',#43,#1377,#1404,.T.);
#1406=ORIENTED_EDGE('',*,*,#1405,.F.);
#1407=ORIENTED_EDGE('',*,*,#48,.T.);
#1408=EDGE_LOOP('',(#1359,#1366,#1367,#1375,#1399,#1406,#1407));
#1409=FACE_BOUND('',#1408,.T.);
#1410=ADVANCED_FACE('',(#1409),#1351,.F.);
#1411=CARTESIAN_POINT('',(208.401125462,-175.605563426,-6.5));
#1412=DIRECTION('',(0.,0.,1.));
#1413=DIRECTION('',(1.,0.,-0.));
#1414=AXIS2_PLACEMENT_3D('',#1411,#1412,#1413);
#1415=CYLINDRICAL_SURFACE('',#1414,3.875193484);
#1416=CARTESIAN_POINT('',(211.802510043,-177.462363758,-1.2));
#1417=VERTEX_POINT('',#1416);
#1418=CARTESIAN_POINT('',(211.802510043,-177.462363758,-6.8));
#1419=DIRECTION('',(0.,0.,1.));
#1420=VECTOR('',#1419,5.6);
#1421=LINE('',#1418,#1420);
#1422=EDGE_CURVE('',#833,#1417,#1421,.T.);
#1423=ORIENTED_EDGE('',*,*,#1422,.T.);
#1424=CARTESIAN_POINT('',(208.401125462,-175.605563426,-1.2));
#1425=DIRECTION('',(0.,0.,1.));
#1426=DIRECTION('',(0.87773284,-0.479150355,0.));
#1427=AXIS2_PLACEMENT_3D('',#1424,#1425,#1426);
#1428=CIRCLE('',#1427,3.875193484);
#1429=EDGE_CURVE('',#1417,#1221,#1428,.T.);
#1430=ORIENTED_EDGE('',*,*,#1429,.T.);
#1431=ORIENTED_EDGE('',*,*,#1257,.F.);
#1432=ORIENTED_EDGE('',*,*,#847,.F.);
#1433=EDGE_LOOP('',(#1423,#1430,#1431,#1432));
#1434=FACE_BOUND('',#1433,.T.);
#1435=ADVANCED_FACE('',(#1434),#1415,.F.);
#1436=CARTESIAN_POINT('',(207.533825602,-185.163273791,-6.5));
#1437=DIRECTION('',(-0.874619692,0.484809647,0.));
#1438=DIRECTION('',(-0.484809647,-0.874619692,0.));
#1439=AXIS2_PLACEMENT_3D('',#1436,#1437,#1438);
#1440=PLANE('',#1439);
#1441=CARTESIAN_POINT('',(203.265141161,-192.864183824,-1.2));
#1442=VERTEX_POINT('',#1441);
#1443=CARTESIAN_POINT('',(211.802510043,-177.462363758,-1.2));
#1444=DIRECTION('',(-0.484809647,-0.874619692,0.));
#1445=VECTOR('',#1444,17.609733921);
#1446=LINE('',#1443,#1445);
#1447=EDGE_CURVE('',#1417,#1442,#1446,.T.);
#1448=ORIENTED_EDGE('',*,*,#1447,.F.);
#1449=ORIENTED_EDGE('',*,*,#1422,.F.);
#1450=ORIENTED_EDGE('',*,*,#838,.T.);
#1451=CARTESIAN_POINT('',(203.265141161,-192.864183824,-6.8));
#1452=DIRECTION('',(0.,0.,1.));
#1453=VECTOR('',#1452,5.6);
#1454=LINE('',#1451,#1453);
#1455=EDGE_CURVE('',#824,#1442,#1454,.T.);
#1456=ORIENTED_EDGE('',*,*,#1455,.T.);
#1457=EDGE_LOOP('',(#1448,#1449,#1450,#1456));
#1458=FACE_BOUND('',#1457,.T.);
#1459=ADVANCED_FACE('',(#1458),#1440,.T.);
#1460=CARTESIAN_POINT('',(199.963535815,-191.0342695,-6.5));
#1461=DIRECTION('',(0.,0.,1.));
#1462=DIRECTION('',(1.,0.,-0.));
#1463=AXIS2_PLACEMENT_3D('',#1460,#1461,#1462);
#1464=CYLINDRICAL_SURFACE('',#1463,3.774809174);
#1465=CARTESIAN_POINT('',(198.156465192,-194.348433054,-1.2));
#1466=VERTEX_POINT('',#1465);
#1467=CARTESIAN_POINT('',(198.156465192,-194.348433054,-6.8));
#1468=DIRECTION('',(0.,0.,1.));
#1469=VECTOR('',#1468,5.6);
#1470=LINE('',#1467,#1469);
#1471=EDGE_CURVE('',#816,#1466,#1470,.T.);
#1472=ORIENTED_EDGE('',*,*,#1471,.T.);
#1473=CARTESIAN_POINT('',(199.963535815,-191.0342695,-1.2));
#1474=DIRECTION('',(0.,0.,1.));
#1475=DIRECTION('',(-0.478718404,-0.877968502,0.));
#1476=AXIS2_PLACEMENT_3D('',#1473,#1474,#1475);
#1477=CIRCLE('',#1476,3.774809174);
#1478=EDGE_CURVE('',#1466,#1442,#1477,.T.);
#1479=ORIENTED_EDGE('',*,*,#1478,.T.);
#1480=ORIENTED_EDGE('',*,*,#1455,.F.);
#1481=ORIENTED_EDGE('',*,*,#830,.F.);
#1482=EDGE_LOOP('',(#1472,#1479,#1480,#1481));
#1483=FACE_BOUND('',#1482,.T.);
#1484=ADVANCED_FACE('',(#1483),#1464,.F.);
#1485=CARTESIAN_POINT('',(198.156221297,-194.348328331,-6.5));
#1486=DIRECTION('',(0.394545754,0.918876296,0.));
#1487=DIRECTION('',(-0.918876296,0.394545754,0.));
#1488=AXIS2_PLACEMENT_3D('',#1485,#1486,#1487);
#1489=PLANE('',#1488);
#1490=CARTESIAN_POINT('',(198.156465192,-194.348433054,-1.2));
#1491=DIRECTION('',(-0.918876296,0.394545754,0.));
#1492=VECTOR('',#1491,0.000530856);
#1493=LINE('',#1490,#1492);
#1494=EDGE_CURVE('',#1466,#174,#1493,.T.);
#1495=ORIENTED_EDGE('',*,*,#1494,.F.);
#1496=ORIENTED_EDGE('',*,*,#1471,.F.);
#1497=ORIENTED_EDGE('',*,*,#821,.T.);
#1498=ORIENTED_EDGE('',*,*,#187,.T.);
#1499=EDGE_LOOP('',(#1495,#1496,#1497,#1498));
#1500=FACE_BOUND('',#1499,.T.);
#1501=ADVANCED_FACE('',(#1500),#1489,.T.);
#1502=CARTESIAN_POINT('',(146.132200323,-177.271811316,-6.5));
#1503=DIRECTION('',(0.,0.,1.));
#1504=DIRECTION('',(1.,0.,-0.));
#1505=AXIS2_PLACEMENT_3D('',#1502,#1503,#1504);
#1506=CYLINDRICAL_SURFACE('',#1505,4.116637064);
#1507=ORIENTED_EDGE('',*,*,#291,.T.);
#1508=CARTESIAN_POINT('',(146.132200323,-177.271811316,-1.2));
#1509=DIRECTION('',(0.,0.,1.));
#1510=DIRECTION('',(-0.739152812,-0.673537765,0.));
#1511=AXIS2_PLACEMENT_3D('',#1508,#1509,#1510);
#1512=CIRCLE('',#1511,4.116637064);
#1513=EDGE_CURVE('',#278,#239,#1512,.T.);
#1514=ORIENTED_EDGE('',*,*,#1513,.T.);
#1515=ORIENTED_EDGE('',*,*,#244,.F.);
#1516=ORIENTED_EDGE('',*,*,#810,.F.);
#1517=EDGE_LOOP('',(#1507,#1514,#1515,#1516));
#1518=FACE_BOUND('',#1517,.T.);
#1519=ADVANCED_FACE('',(#1518),#1506,.F.);
#1520=CARTESIAN_POINT('',(73.387241,-157.712499,-6.5));
#1521=DIRECTION('',(0.,0.,1.));
#1522=DIRECTION('',(1.,0.,-0.));
#1523=AXIS2_PLACEMENT_3D('',#1520,#1521,#1522);
#1524=CYLINDRICAL_SURFACE('',#1523,3.775);
#1525=CARTESIAN_POINT('',(69.612241,-157.712499,-1.2));
#1526=VERTEX_POINT('',#1525);
#1527=CARTESIAN_POINT('',(69.612241,-157.712499,-6.8));
#1528=DIRECTION('',(0.,0.,1.));
#1529=VECTOR('',#1528,5.6);
#1530=LINE('',#1527,#1529);
#1531=EDGE_CURVE('',#788,#1526,#1530,.T.);
#1532=ORIENTED_EDGE('',*,*,#1531,.T.);
#1533=CARTESIAN_POINT('',(73.387241,-157.712499,-1.2));
#1534=DIRECTION('',(0.,0.,1.));
#1535=DIRECTION('',(-1.,0.,0.));
#1536=AXIS2_PLACEMENT_3D('',#1533,#1534,#1535);
#1537=CIRCLE('',#1536,3.775);
#1538=EDGE_CURVE('',#1526,#343,#1537,.T.);
#1539=ORIENTED_EDGE('',*,*,#1538,.T.);
#1540=ORIENTED_EDGE('',*,*,#348,.F.);
#1541=ORIENTED_EDGE('',*,*,#800,.F.);
#1542=EDGE_LOOP('',(#1532,#1539,#1540,#1541));
#1543=FACE_BOUND('',#1542,.T.);
#1544=ADVANCED_FACE('',(#1543),#1524,.F.);
#1545=CARTESIAN_POINT('',(69.612241,-131.0024995,-6.5));
#1546=DIRECTION('',(1.,0.,0.));
#1547=DIRECTION('',(0.,0.,-1.));
#1548=AXIS2_PLACEMENT_3D('',#1545,#1546,#1547);
#1549=PLANE('',#1548);
#1550=CARTESIAN_POINT('',(69.612241,-104.2925,-1.2));
#1551=VERTEX_POINT('',#1550);
#1552=CARTESIAN_POINT('',(69.612241,-157.712499,-1.2));
#1553=DIRECTION('',(0.,1.,0.));
#1554=VECTOR('',#1553,53.419999);
#1555=LINE('',#1552,#1554);
#1556=EDGE_CURVE('',#1526,#1551,#1555,.T.);
#1557=ORIENTED_EDGE('',*,*,#1556,.F.);
#1558=ORIENTED_EDGE('',*,*,#1531,.F.);
#1559=ORIENTED_EDGE('',*,*,#793,.T.);
#1560=CARTESIAN_POINT('',(69.612241,-104.292502,-6.8));
#1561=DIRECTION('',(0.,0.,1.));
#1562=VECTOR('',#1561,5.6);
#1563=LINE('',#1560,#1562);
#1564=EDGE_CURVE('',#779,#1551,#1563,.T.);
#1565=ORIENTED_EDGE('',*,*,#1564,.T.);
#1566=EDGE_LOOP('',(#1557,#1558,#1559,#1565));
#1567=FACE_BOUND('',#1566,.T.);
#1568=ADVANCED_FACE('',(#1567),#1549,.T.);
#1569=CARTESIAN_POINT('',(73.387241,-104.292502,-6.5));
#1570=DIRECTION('',(0.,0.,-1.));
#1571=DIRECTION('',(-1.,0.,0.));
#1572=AXIS2_PLACEMENT_3D('',#1569,#1570,#1571);
#1573=CYLINDRICAL_SURFACE('',#1572,3.775);
#1574=CARTESIAN_POINT('',(73.387241,-100.517502,-1.2));
#1575=VERTEX_POINT('',#1574);
#1576=CARTESIAN_POINT('',(73.387241,-100.517502,-6.8));
#1577=DIRECTION('',(-0.,-0.,1.));
#1578=VECTOR('',#1577,5.6);
#1579=LINE('',#1576,#1578);
#1580=EDGE_CURVE('',#771,#1575,#1579,.T.);
#1581=ORIENTED_EDGE('',*,*,#1580,.T.);
#1582=CARTESIAN_POINT('',(73.387241,-104.292502,-1.2));
#1583=DIRECTION('',(0.,0.,1.));
#1584=DIRECTION('',(-0.,1.,0.));
#1585=AXIS2_PLACEMENT_3D('',#1582,#1583,#1584);
#1586=CIRCLE('',#1585,3.775);
#1587=EDGE_CURVE('',#1575,#1551,#1586,.T.);
#1588=ORIENTED_EDGE('',*,*,#1587,.T.);
#1589=ORIENTED_EDGE('',*,*,#1564,.F.);
#1590=ORIENTED_EDGE('',*,*,#785,.F.);
#1591=EDGE_LOOP('',(#1581,#1588,#1589,#1590));
#1592=FACE_BOUND('',#1591,.T.);
#1593=ADVANCED_FACE('',(#1592),#1573,.F.);
#1594=CARTESIAN_POINT('',(80.776103746,-100.517502,-6.5));
#1595=DIRECTION('',(0.,-1.,0.));
#1596=DIRECTION('',(0.,0.,-1.));
#1597=AXIS2_PLACEMENT_3D('',#1594,#1595,#1596);
#1598=PLANE('',#1597);
#1599=CARTESIAN_POINT('',(88.164966491,-100.517502,-1.2));
#1600=VERTEX_POINT('',#1599);
#1601=CARTESIAN_POINT('',(73.387241,-100.517502,-1.2));
#1602=DIRECTION('',(1.,0.,-0.));
#1603=VECTOR('',#1602,14.777725491);
#1604=LINE('',#1601,#1603);
#1605=EDGE_CURVE('',#1575,#1600,#1604,.T.);
#1606=ORIENTED_EDGE('',*,*,#1605,.F.);
#1607=ORIENTED_EDGE('',*,*,#1580,.F.);
#1608=ORIENTED_EDGE('',*,*,#776,.T.);
#1609=CARTESIAN_POINT('',(88.164966491,-100.517502,-6.8));
#1610=DIRECTION('',(0.,0.,1.));
#1611=VECTOR('',#1610,5.6);
#1612=LINE('',#1609,#1611);
#1613=EDGE_CURVE('',#763,#1600,#1612,.T.);
#1614=ORIENTED_EDGE('',*,*,#1613,.T.);
#1615=EDGE_LOOP('',(#1606,#1607,#1608,#1614));
#1616=FACE_BOUND('',#1615,.T.);
#1617=ADVANCED_FACE('',(#1616),#1598,.T.);
#1618=CARTESIAN_POINT('',(88.165617607,-100.517442808,-6.5));
#1619=DIRECTION('',(0.090535746,-0.995893206,0.));
#1620=DIRECTION('',(0.995893206,0.090535746,0.));
#1621=AXIS2_PLACEMENT_3D('',#1618,#1619,#1620);
#1622=PLANE('',#1621);
#1623=CARTESIAN_POINT('',(88.166268722,-100.517383615,-1.2));
#1624=VERTEX_POINT('',#1623);
#1625=CARTESIAN_POINT('',(88.164966491,-100.517502,-1.2));
#1626=DIRECTION('',(0.995893206,0.090535746,0.));
#1627=VECTOR('',#1626,0.0013076);
#1628=LINE('',#1625,#1627);
#1629=EDGE_CURVE('',#1600,#1624,#1628,.T.);
#1630=ORIENTED_EDGE('',*,*,#1629,.F.);
#1631=ORIENTED_EDGE('',*,*,#1613,.F.);
#1632=ORIENTED_EDGE('',*,*,#768,.T.);
#1633=CARTESIAN_POINT('',(88.166268722,-100.517383615,-6.8));
#1634=DIRECTION('',(0.,0.,1.));
#1635=VECTOR('',#1634,5.6);
#1636=LINE('',#1633,#1635);
#1637=EDGE_CURVE('',#755,#1624,#1636,.T.);
#1638=ORIENTED_EDGE('',*,*,#1637,.T.);
#1639=EDGE_LOOP('',(#1630,#1631,#1632,#1638));
#1640=FACE_BOUND('',#1639,.T.);
#1641=ADVANCED_FACE('',(#1640),#1622,.T.);
#1642=CARTESIAN_POINT('',(89.602514751,-100.524942808,-6.5));
#1643=DIRECTION('',(-0.005263087,-0.99998615,0.));
#1644=DIRECTION('',(0.99998615,-0.005263087,0.));
#1645=AXIS2_PLACEMENT_3D('',#1642,#1643,#1644);
#1646=PLANE('',#1645);
#1647=CARTESIAN_POINT('',(91.038760781,-100.532502,-1.2));
#1648=VERTEX_POINT('',#1647);
#1649=CARTESIAN_POINT('',(88.166268722,-100.517383615,-1.2));
#1650=DIRECTION('',(0.99998615,-0.005263087,0.));
#1651=VECTOR('',#1650,2.872531844);
#1652=LINE('',#1649,#1651);
#1653=EDGE_CURVE('',#1624,#1648,#1652,.T.);
#1654=ORIENTED_EDGE('',*,*,#1653,.F.);
#1655=ORIENTED_EDGE('',*,*,#1637,.F.);
#1656=ORIENTED_EDGE('',*,*,#760,.T.);
#1657=CARTESIAN_POINT('',(91.038760781,-100.532502,-6.8));
#1658=DIRECTION('',(0.,0.,1.));
#1659=VECTOR('',#1658,5.6);
#1660=LINE('',#1657,#1659);
#1661=EDGE_CURVE('',#747,#1648,#1660,.T.);
#1662=ORIENTED_EDGE('',*,*,#1661,.T.);
#1663=EDGE_LOOP('',(#1654,#1655,#1656,#1662));
#1664=FACE_BOUND('',#1663,.T.);
#1665=ADVANCED_FACE('',(#1664),#1646,.T.);
#1666=CARTESIAN_POINT('',(98.231894195,-100.532502,-6.5));
#1667=DIRECTION('',(0.,-1.,0.));
#1668=DIRECTION('',(0.,0.,-1.));
#1669=AXIS2_PLACEMENT_3D('',#1666,#1667,#1668);
#1670=PLANE('',#1669);
#1671=CARTESIAN_POINT('',(105.44706822,-100.532549596,-1.2));
#1672=VERTEX_POINT('',#1671);
#1673=CARTESIAN_POINT('',(105.447068241,-100.532502,-6.8));
#1674=DIRECTION('',(0.,0.,1.));
#1675=VECTOR('',#1674,5.6);
#1676=LINE('',#1673,#1675);
#1677=EDGE_CURVE('',#738,#1672,#1676,.T.);
#1678=ORIENTED_EDGE('',*,*,#1677,.T.);
#1679=CARTESIAN_POINT('',(91.038760781,-100.532502,-1.2));
#1680=DIRECTION('',(1.,0.,-0.));
#1681=VECTOR('',#1680,14.408307446);
#1682=LINE('',#1679,#1681);
#1683=EDGE_CURVE('',#1648,#1672,#1682,.T.);
#1684=ORIENTED_EDGE('',*,*,#1683,.F.);
#1685=ORIENTED_EDGE('',*,*,#1661,.F.);
#1686=ORIENTED_EDGE('',*,*,#752,.T.);
#1687=EDGE_LOOP('',(#1678,#1684,#1685,#1686));
#1688=FACE_BOUND('',#1687,.T.);
#1689=ADVANCED_FACE('',(#1688),#1670,.T.);
#1690=CARTESIAN_POINT('',(105.447068241,-97.949984348,-6.5));
#1691=DIRECTION('',(0.,0.,1.));
#1692=DIRECTION('',(1.,0.,-0.));
#1693=AXIS2_PLACEMENT_3D('',#1690,#1691,#1692);
#1694=CYLINDRICAL_SURFACE('',#1693,2.582517652);
#1695=CARTESIAN_POINT('',(105.447068241,-97.949984348,-1.2));
#1696=DIRECTION('',(0.,0.,1.));
#1697=DIRECTION('',(1.,0.,-0.));
#1698=AXIS2_PLACEMENT_3D('',#1695,#1696,#1697);
#1699=CIRCLE('',#1698,2.582517652);
#1700=EDGE_CURVE('',#1672,#382,#1699,.T.);
#1701=ORIENTED_EDGE('',*,*,#1700,.F.);
#1702=ORIENTED_EDGE('',*,*,#1677,.F.);
#1703=ORIENTED_EDGE('',*,*,#744,.T.);
#1704=ORIENTED_EDGE('',*,*,#395,.T.);
#1705=EDGE_LOOP('',(#1701,#1702,#1703,#1704));
#1706=FACE_BOUND('',#1705,.T.);
#1707=ADVANCED_FACE('',(#1706),#1694,.T.);
#1708=CARTESIAN_POINT('',(111.876257292,-99.500481788,-6.5));
#1709=DIRECTION('',(0.,0.,-1.));
#1710=DIRECTION('',(-1.,0.,0.));
#1711=AXIS2_PLACEMENT_3D('',#1708,#1709,#1710);
#1712=CYLINDRICAL_SURFACE('',#1711,3.730478788);
#1713=ORIENTED_EDGE('',*,*,#435,.T.);
#1714=CARTESIAN_POINT('',(111.876257292,-99.500481788,-1.2));
#1715=DIRECTION('',(-0.,-0.,1.));
#1716=DIRECTION('',(-1.,0.,0.));
#1717=AXIS2_PLACEMENT_3D('',#1714,#1715,#1716);
#1718=CIRCLE('',#1717,3.730478788);
#1719=EDGE_CURVE('',#422,#374,#1718,.T.);
#1720=ORIENTED_EDGE('',*,*,#1719,.T.);
#1721=ORIENTED_EDGE('',*,*,#379,.F.);
#1722=ORIENTED_EDGE('',*,*,#734,.F.);
#1723=EDGE_LOOP('',(#1713,#1720,#1721,#1722));
#1724=FACE_BOUND('',#1723,.T.);
#1725=ADVANCED_FACE('',(#1724),#1712,.F.);
#1726=CARTESIAN_POINT('',(124.85471179,-93.030382471,-6.5));
#1727=DIRECTION('',(0.,0.,1.));
#1728=DIRECTION('',(1.,0.,-0.));
#1729=AXIS2_PLACEMENT_3D('',#1726,#1727,#1728);
#1730=CYLINDRICAL_SURFACE('',#1729,2.739620529);
#1731=CARTESIAN_POINT('',(126.818699023,-94.940699972,-1.2));
#1732=VERTEX_POINT('',#1731);
#1733=CARTESIAN_POINT('',(124.85471179,-93.030382471,-1.2));
#1734=DIRECTION('',(0.,0.,1.));
#1735=DIRECTION('',(1.,0.,-0.));
#1736=AXIS2_PLACEMENT_3D('',#1733,#1734,#1735);
#1737=CIRCLE('',#1736,2.739620529);
#1738=EDGE_CURVE('',#1732,#462,#1737,.T.);
#1739=ORIENTED_EDGE('',*,*,#1738,.F.);
#1740=CARTESIAN_POINT('',(124.900276095,-95.769813561,-1.2));
#1741=VERTEX_POINT('',#1740);
#1742=CARTESIAN_POINT('',(124.85471179,-93.030382471,-1.2));
#1743=DIRECTION('',(0.,0.,1.));
#1744=DIRECTION('',(1.,0.,-0.));
#1745=AXIS2_PLACEMENT_3D('',#1742,#1743,#1744);
#1746=CIRCLE('',#1745,2.739620529);
#1747=EDGE_CURVE('',#1741,#1732,#1746,.T.);
#1748=ORIENTED_EDGE('',*,*,#1747,.F.);
#1749=CARTESIAN_POINT('',(124.85471179,-95.770003,-1.2));
#1750=DIRECTION('',(1.,-0.,-0.));
#1751=VECTOR('',#1750,0.045567456);
#1752=LINE('',#1749,#1751);
#1753=EDGE_CURVE('',#414,#1741,#1752,.T.);
#1754=ORIENTED_EDGE('',*,*,#1753,.F.);
#1755=ORIENTED_EDGE('',*,*,#419,.F.);
#1756=ORIENTED_EDGE('',*,*,#726,.T.);
#1757=ORIENTED_EDGE('',*,*,#475,.T.);
#1758=EDGE_LOOP('',(#1739,#1748,#1754,#1755,#1756,#1757));
#1759=FACE_BOUND('',#1758,.T.);
#1760=ADVANCED_FACE('',(#1759),#1730,.T.);
#1761=CARTESIAN_POINT('',(143.973809262,-94.76354604,-6.5));
#1762=DIRECTION('',(0.,0.,-1.));
#1763=DIRECTION('',(-1.,0.,0.));
#1764=AXIS2_PLACEMENT_3D('',#1761,#1762,#1763);
#1765=CYLINDRICAL_SURFACE('',#1764,3.772836498);
#1766=ORIENTED_EDGE('',*,*,#597,.T.);
#1767=CARTESIAN_POINT('',(143.973809357,-94.763545935,-1.2));
#1768=DIRECTION('',(0.,-0.,1.));
#1769=DIRECTION('',(0.715698434,0.698409444,0.));
#1770=AXIS2_PLACEMENT_3D('',#1767,#1768,#1769);
#1771=CIRCLE('',#1770,3.772836498);
#1772=EDGE_CURVE('',#584,#545,#1771,.T.);
#1773=ORIENTED_EDGE('',*,*,#1772,.T.);
#1774=ORIENTED_EDGE('',*,*,#550,.F.);
#1775=ORIENTED_EDGE('',*,*,#716,.F.);
#1776=EDGE_LOOP('',(#1766,#1773,#1774,#1775));
#1777=FACE_BOUND('',#1776,.T.);
#1778=ADVANCED_FACE('',(#1777),#1765,.F.);
#1779=CARTESIAN_POINT('',(151.354140545,-93.099976765,-6.5));
#1780=DIRECTION('',(0.,0.,1.));
#1781=DIRECTION('',(1.,0.,-0.));
#1782=AXIS2_PLACEMENT_3D('',#1779,#1780,#1781);
#1783=CYLINDRICAL_SURFACE('',#1782,2.670021264);
#1784=CARTESIAN_POINT('',(151.336734293,-95.769969661,-1.2));
#1785=VERTEX_POINT('',#1784);
#1786=CARTESIAN_POINT('',(151.336734109,-95.769998029,-1.2));
#1787=DIRECTION('',(1.,-0.,-0.));
#1788=VECTOR('',#1787,0.017406437);
#1789=LINE('',#1786,#1788);
#1790=EDGE_CURVE('',#1785,#616,#1789,.T.);
#1791=ORIENTED_EDGE('',*,*,#1790,.F.);
#1792=CARTESIAN_POINT('',(149.455905414,-94.977706383,-1.2));
#1793=VERTEX_POINT('',#1792);
#1794=CARTESIAN_POINT('',(151.354140545,-93.099976765,-1.2));
#1795=DIRECTION('',(0.,0.,1.));
#1796=DIRECTION('',(1.,0.,-0.));
#1797=AXIS2_PLACEMENT_3D('',#1794,#1795,#1796);
#1798=CIRCLE('',#1797,2.670021264);
#1799=EDGE_CURVE('',#1793,#1785,#1798,.T.);
#1800=ORIENTED_EDGE('',*,*,#1799,.F.);
#1801=CARTESIAN_POINT('',(151.354140545,-93.099976765,-1.2));
#1802=DIRECTION('',(0.,0.,1.));
#1803=DIRECTION('',(1.,0.,-0.));
#1804=AXIS2_PLACEMENT_3D('',#1801,#1802,#1803);
#1805=CIRCLE('',#1804,2.670021264);
#1806=EDGE_CURVE('',#576,#1793,#1805,.T.);
#1807=ORIENTED_EDGE('',*,*,#1806,.F.);
#1808=ORIENTED_EDGE('',*,*,#581,.F.);
#1809=ORIENTED_EDGE('',*,*,#708,.T.);
#1810=ORIENTED_EDGE('',*,*,#629,.T.);
#1811=EDGE_LOOP('',(#1791,#1800,#1807,#1808,#1809,#1810));
#1812=FACE_BOUND('',#1811,.T.);
#1813=ADVANCED_FACE('',(#1812),#1783,.T.);
#1814=CARTESIAN_POINT('',(0.,0.,-6.8));
#1815=DIRECTION('',(0.,0.,1.));
#1816=DIRECTION('',(1.,0.,0.));
#1817=AXIS2_PLACEMENT_3D('',#1814,#1815,#1816);
#1818=PLANE('',#1817);
#1819=ORIENTED_EDGE('',*,*,#1405,.T.);
#1820=CARTESIAN_POINT('',(209.494985505,-99.638268783,-6.8));
#1821=VERTEX_POINT('',#1820);
#1822=CARTESIAN_POINT('',(209.494985505,-100.667170114,-6.8));
#1823=DIRECTION('',(0.000000001,1.,0.));
#1824=VECTOR('',#1823,1.028901332);
#1825=LINE('',#1822,#1824);
#1826=EDGE_CURVE('',#1377,#1821,#1825,.T.);
#1827=ORIENTED_EDGE('',*,*,#1826,.T.);
#1828=CARTESIAN_POINT('',(213.274986697,-104.307495834,-6.8));
#1829=VERTEX_POINT('',#1828);
#1830=CARTESIAN_POINT('',(208.494985505,-104.312499889,-6.8));
#1831=DIRECTION('',(0.,0.,1.));
#1832=DIRECTION('',(1.,0.,-0.));
#1833=AXIS2_PLACEMENT_3D('',#1830,#1831,#1832);
#1834=CIRCLE('',#1833,4.780003811);
#1835=EDGE_CURVE('',#1829,#1821,#1834,.T.);
#1836=ORIENTED_EDGE('',*,*,#1835,.F.);
#1837=CARTESIAN_POINT('',(213.274989316,-104.312499353,-6.8));
#1838=VERTEX_POINT('',#1837);
#1839=CARTESIAN_POINT('',(208.494985505,-104.312499889,-6.8));
#1840=DIRECTION('',(0.,0.,1.));
#1841=DIRECTION('',(1.,0.,-0.));
#1842=AXIS2_PLACEMENT_3D('',#1839,#1840,#1841);
#1843=CIRCLE('',#1842,4.780003811);
#1844=EDGE_CURVE('',#1838,#1829,#1843,.T.);
#1845=ORIENTED_EDGE('',*,*,#1844,.F.);
#1846=CARTESIAN_POINT('',(213.274992308,-131.009631331,-6.8));
#1847=VERTEX_POINT('',#1846);
#1848=CARTESIAN_POINT('',(213.274989316,-104.312499353,-6.8));
#1849=DIRECTION('',(0.000000112,-1.,0.));
#1850=VECTOR('',#1849,26.697131977);
#1851=LINE('',#1848,#1850);
#1852=EDGE_CURVE('',#1838,#1847,#1851,.T.);
#1853=ORIENTED_EDGE('',*,*,#1852,.T.);
#1854=CARTESIAN_POINT('',(213.274992308,-131.009631331,-6.8));
#1855=DIRECTION('',(-1.,-0.000000224,0.));
#1856=VECTOR('',#1855,1.000000001);
#1857=LINE('',#1854,#1856);
#1858=EDGE_CURVE('',#1847,#51,#1857,.T.);
#1859=ORIENTED_EDGE('',*,*,#1858,.T.);
#1860=ORIENTED_EDGE('',*,*,#56,.F.);
#1861=EDGE_LOOP('',(#1819,#1827,#1836,#1845,#1853,#1859,#1860));
#1862=FACE_BOUND('',#1861,.T.);
#1863=ADVANCED_FACE('',(#1862),#1818,.F.);
#1864=CARTESIAN_POINT('',(0.,0.,0.));
#1865=DIRECTION('',(0.,0.,1.));
#1866=DIRECTION('',(1.,0.,0.));
#1867=AXIS2_PLACEMENT_3D('',#1864,#1865,#1866);
#1868=PLANE('',#1867);
#1869=CARTESIAN_POINT('',(91.044023922,-98.032502,0.));
#1870=VERTEX_POINT('',#1869);
#1871=CARTESIAN_POINT('',(88.339439752,-98.018260416,0.));
#1872=VERTEX_POINT('',#1871);
#1873=CARTESIAN_POINT('',(91.044023959,-98.032495075,0.));
#1874=DIRECTION('',(-0.99998615,0.005263087,0.));
#1875=VECTOR('',#1874,2.704621667);
#1876=LINE('',#1873,#1875);
#1877=EDGE_CURVE('',#1870,#1872,#1876,.T.);
#1878=ORIENTED_EDGE('',*,*,#1877,.T.);
#1879=CARTESIAN_POINT('',(88.331576171,-98.017502,0.));
#1880=VERTEX_POINT('',#1879);
#1881=CARTESIAN_POINT('',(88.339439752,-98.018260416,0.));
#1882=DIRECTION('',(-0.995381215,0.096001229,0.));
#1883=VECTOR('',#1882,0.00790007);
#1884=LINE('',#1881,#1883);
#1885=EDGE_CURVE('',#1872,#1880,#1884,.T.);
#1886=ORIENTED_EDGE('',*,*,#1885,.T.);
#1887=CARTESIAN_POINT('',(73.387241,-98.017502,0.));
#1888=VERTEX_POINT('',#1887);
#1889=CARTESIAN_POINT('',(88.331576171,-98.017502,0.));
#1890=DIRECTION('',(-1.,0.,0.));
#1891=VECTOR('',#1890,14.944335171);
#1892=LINE('',#1889,#1891);
#1893=EDGE_CURVE('',#1880,#1888,#1892,.T.);
#1894=ORIENTED_EDGE('',*,*,#1893,.T.);
#1895=CARTESIAN_POINT('',(67.112241,-104.292499695,0.));
#1896=VERTEX_POINT('',#1895);
#1897=CARTESIAN_POINT('',(73.387241,-104.292502,0.));
#1898=DIRECTION('',(0.,0.,1.));
#1899=DIRECTION('',(1.,0.,-0.));
#1900=AXIS2_PLACEMENT_3D('',#1897,#1898,#1899);
#1901=CIRCLE('',#1900,6.275);
#1902=EDGE_CURVE('',#1888,#1896,#1901,.T.);
#1903=ORIENTED_EDGE('',*,*,#1902,.T.);
#1904=CARTESIAN_POINT('',(67.112241,-157.712499,0.));
#1905=VERTEX_POINT('',#1904);
#1906=CARTESIAN_POINT('',(67.112241,-104.292499695,0.));
#1907=DIRECTION('',(0.,-1.,0.));
#1908=VECTOR('',#1907,53.419999305);
#1909=LINE('',#1906,#1908);
#1910=EDGE_CURVE('',#1896,#1905,#1909,.T.);
#1911=ORIENTED_EDGE('',*,*,#1910,.T.);
#1912=CARTESIAN_POINT('',(73.387241,-163.987499,0.));
#1913=VERTEX_POINT('',#1912);
#1914=CARTESIAN_POINT('',(73.387241,-157.712499,0.));
#1915=DIRECTION('',(0.,0.,1.));
#1916=DIRECTION('',(1.,0.,-0.));
#1917=AXIS2_PLACEMENT_3D('',#1914,#1915,#1916);
#1918=CIRCLE('',#1917,6.275);
#1919=EDGE_CURVE('',#1905,#1913,#1918,.T.);
#1920=ORIENTED_EDGE('',*,*,#1919,.T.);
#1921=CARTESIAN_POINT('',(124.95431463,-163.987499,0.));
#1922=VERTEX_POINT('',#1921);
#1923=CARTESIAN_POINT('',(73.387241,-163.987499,0.));
#1924=DIRECTION('',(1.,0.,-0.));
#1925=VECTOR('',#1924,51.56707363);
#1926=LINE('',#1923,#1925);
#1927=EDGE_CURVE('',#1913,#1922,#1926,.T.);
#1928=ORIENTED_EDGE('',*,*,#1927,.T.);
#1929=CARTESIAN_POINT('',(127.252503974,-165.059202928,0.));
#1930=VERTEX_POINT('',#1929);
#1931=CARTESIAN_POINT('',(124.95431463,-166.987499,0.));
#1932=DIRECTION('',(-0.,-0.,-1.));
#1933=DIRECTION('',(1.,0.,-0.));
#1934=AXIS2_PLACEMENT_3D('',#1931,#1932,#1933);
#1935=CIRCLE('',#1934,3.);
#1936=EDGE_CURVE('',#1922,#1930,#1935,.T.);
#1937=ORIENTED_EDGE('',*,*,#1936,.T.);
#1938=CARTESIAN_POINT('',(141.203189651,-181.685963537,0.));
#1939=VERTEX_POINT('',#1938);
#1940=CARTESIAN_POINT('',(127.252503974,-165.059202928,0.));
#1941=DIRECTION('',(0.642765357,-0.766063115,0.));
#1942=VECTOR('',#1941,21.704165481);
#1943=LINE('',#1940,#1942);
#1944=EDGE_CURVE('',#1930,#1939,#1943,.T.);
#1945=ORIENTED_EDGE('',*,*,#1944,.T.);
#1946=CARTESIAN_POINT('',(145.913956925,-183.884848126,0.));
#1947=VERTEX_POINT('',#1946);
#1948=CARTESIAN_POINT('',(146.132200323,-177.271811316,0.));
#1949=DIRECTION('',(0.,0.,1.));
#1950=DIRECTION('',(1.,0.,-0.));
#1951=AXIS2_PLACEMENT_3D('',#1948,#1949,#1950);
#1952=CIRCLE('',#1951,6.616637064);
#1953=EDGE_CURVE('',#1939,#1947,#1952,.T.);
#1954=ORIENTED_EDGE('',*,*,#1953,.T.);
#1955=CARTESIAN_POINT('',(157.143332175,-183.914938077,0.));
#1956=VERTEX_POINT('',#1955);
#1957=CARTESIAN_POINT('',(145.913956925,-183.884848126,0.));
#1958=DIRECTION('',(0.99999641,-0.002679565,0.));
#1959=VECTOR('',#1958,11.229415565);
#1960=LINE('',#1957,#1959);
#1961=EDGE_CURVE('',#1947,#1956,#1960,.T.);
#1962=ORIENTED_EDGE('',*,*,#1961,.T.);
#1963=CARTESIAN_POINT('',(192.17341768,-193.904595357,0.));
#1964=VERTEX_POINT('',#1963);
#1965=CARTESIAN_POINT('',(156.0144471,-254.287223383,0.));
#1966=DIRECTION('',(-0.,-0.,-1.));
#1967=DIRECTION('',(1.,0.,-0.));
#1968=AXIS2_PLACEMENT_3D('',#1965,#1966,#1967);
#1969=CIRCLE('',#1968,70.381339293);
#1970=EDGE_CURVE('',#1956,#1964,#1969,.T.);
#1971=ORIENTED_EDGE('',*,*,#1970,.T.);
#1972=CARTESIAN_POINT('',(197.056617836,-196.596896644,0.));
#1973=VERTEX_POINT('',#1972);
#1974=CARTESIAN_POINT('',(192.17341768,-193.904595357,0.));
#1975=DIRECTION('',(0.875720106,-0.482819113,0.));
#1976=VECTOR('',#1975,5.576211077);
#1977=LINE('',#1974,#1976);
#1978=EDGE_CURVE('',#1964,#1973,#1977,.T.);
#1979=ORIENTED_EDGE('',*,*,#1978,.T.);
#1980=CARTESIAN_POINT('',(197.076111471,-196.605266792,0.));
#1981=VERTEX_POINT('',#1980);
#1982=CARTESIAN_POINT('',(197.056617836,-196.596896644,0.));
#1983=DIRECTION('',(0.918876296,-0.394545754,0.));
#1984=VECTOR('',#1983,0.021214645);
#1985=LINE('',#1982,#1984);
#1986=EDGE_CURVE('',#1973,#1981,#1985,.T.);
#1987=ORIENTED_EDGE('',*,*,#1986,.T.);
#1988=CARTESIAN_POINT('',(205.451703052,-194.076185104,0.));
#1989=VERTEX_POINT('',#1988);
#1990=CARTESIAN_POINT('',(199.963535815,-191.0342695,0.));
#1991=DIRECTION('',(0.,0.,1.));
#1992=DIRECTION('',(1.,0.,-0.));
#1993=AXIS2_PLACEMENT_3D('',#1990,#1991,#1992);
#1994=CIRCLE('',#1993,6.274809174);
#1995=EDGE_CURVE('',#1981,#1989,#1994,.T.);
#1996=ORIENTED_EDGE('',*,*,#1995,.T.);
#1997=CARTESIAN_POINT('',(213.991912261,-178.669240954,0.));
#1998=VERTEX_POINT('',#1997);
#1999=CARTESIAN_POINT('',(205.451703052,-194.076185104,0.));
#2000=DIRECTION('',(0.484809647,0.874619692,0.));
#2001=VECTOR('',#2000,17.615592564);
#2002=LINE('',#1999,#2001);
#2003=EDGE_CURVE('',#1989,#1998,#2002,.T.);
#2004=ORIENTED_EDGE('',*,*,#2003,.T.);
#2005=CARTESIAN_POINT('',(214.77499732,-175.735369113,0.));
#2006=VERTEX_POINT('',#2005);
#2007=CARTESIAN_POINT('',(208.401125463,-175.605563426,0.));
#2008=DIRECTION('',(0.,0.,1.));
#2009=DIRECTION('',(1.,0.,-0.));
#2010=AXIS2_PLACEMENT_3D('',#2007,#2008,#2009);
#2011=CIRCLE('',#2010,6.375193484);
#2012=EDGE_CURVE('',#1998,#2006,#2011,.T.);
#2013=ORIENTED_EDGE('',*,*,#2012,.T.);
#2014=CARTESIAN_POINT('',(214.774989316,-104.307158541,0.));
#2015=VERTEX_POINT('',#2014);
#2016=CARTESIAN_POINT('',(214.77499732,-175.735369113,0.));
#2017=DIRECTION('',(-0.000000112,1.,-0.));
#2018=VECTOR('',#2017,71.428210572);
#2019=LINE('',#2016,#2018);
#2020=EDGE_CURVE('',#2006,#2015,#2019,.T.);
#2021=ORIENTED_EDGE('',*,*,#2020,.T.);
#2022=CARTESIAN_POINT('',(208.489227071,-98.032496287,0.));
#2023=VERTEX_POINT('',#2022);
#2024=CARTESIAN_POINT('',(208.494987955,-104.312497455,0.));
#2025=DIRECTION('',(0.,0.,1.));
#2026=DIRECTION('',(1.,0.,-0.));
#2027=AXIS2_PLACEMENT_3D('',#2024,#2025,#2026);
#2028=CIRCLE('',#2027,6.280003811);
#2029=EDGE_CURVE('',#2015,#2023,#2028,.T.);
#2030=ORIENTED_EDGE('',*,*,#2029,.T.);
#2031=CARTESIAN_POINT('',(172.481488634,-98.032496092,0.));
#2032=VERTEX_POINT('',#2031);
#2033=CARTESIAN_POINT('',(208.489227071,-98.032496092,0.));
#2034=DIRECTION('',(-1.,0.,0.));
#2035=VECTOR('',#2034,36.007738437);
#2036=LINE('',#2033,#2035);
#2037=EDGE_CURVE('',#2023,#2032,#2036,.T.);
#2038=ORIENTED_EDGE('',*,*,#2037,.T.);
#2039=CARTESIAN_POINT('',(169.907221495,-96.572998834,0.));
#2040=VERTEX_POINT('',#2039);
#2041=CARTESIAN_POINT('',(172.481488634,-95.032496092,0.));
#2042=DIRECTION('',(-0.,-0.,-1.));
#2043=DIRECTION('',(1.,0.,-0.));
#2044=AXIS2_PLACEMENT_3D('',#2041,#2042,#2043);
#2045=CIRCLE('',#2044,3.);
#2046=EDGE_CURVE('',#2032,#2040,#2045,.T.);
#2047=ORIENTED_EDGE('',*,*,#2046,.T.);
#2048=CARTESIAN_POINT('',(169.76184889,-96.330072996,0.));
#2049=VERTEX_POINT('',#2048);
#2050=CARTESIAN_POINT('',(169.907221495,-96.572998834,0.));
#2051=DIRECTION('',(-0.513500914,0.858089046,0.));
#2052=VECTOR('',#2051,0.283100966);
#2053=LINE('',#2050,#2052);
#2054=EDGE_CURVE('',#2040,#2049,#2053,.T.);
#2055=ORIENTED_EDGE('',*,*,#2054,.T.);
#2056=CARTESIAN_POINT('',(164.361757716,-93.270006041,0.));
#2057=VERTEX_POINT('',#2056);
#2058=CARTESIAN_POINT('',(164.398273444,-99.500377822,0.));
#2059=DIRECTION('',(0.,0.,1.));
#2060=DIRECTION('',(1.,0.,-0.));
#2061=AXIS2_PLACEMENT_3D('',#2058,#2059,#2060);
#2062=CIRCLE('',#2061,6.230478788);
#2063=EDGE_CURVE('',#2049,#2057,#2062,.T.);
#2064=ORIENTED_EDGE('',*,*,#2063,.T.);
#2065=CARTESIAN_POINT('',(152.546218214,-93.269998092,0.));
#2066=VERTEX_POINT('',#2065);
#2067=CARTESIAN_POINT('',(164.361757716,-93.269998092,0.));
#2068=DIRECTION('',(-1.,0.,0.));
#2069=VECTOR('',#2068,11.815539501);
#2070=LINE('',#2067,#2069);
#2071=EDGE_CURVE('',#2057,#2066,#2070,.T.);
#2072=ORIENTED_EDGE('',*,*,#2071,.T.);
#2073=CARTESIAN_POINT('',(150.399697047,-92.36581461,0.));
#2074=VERTEX_POINT('',#2073);
#2075=CARTESIAN_POINT('',(152.546218214,-90.269998092,0.));
#2076=DIRECTION('',(-0.,-0.,-1.));
#2077=DIRECTION('',(1.,0.,-0.));
#2078=AXIS2_PLACEMENT_3D('',#2075,#2076,#2077);
#2079=CIRCLE('',#2078,3.);
#2080=EDGE_CURVE('',#2066,#2074,#2079,.T.);
#2081=ORIENTED_EDGE('',*,*,#2080,.T.);
#2082=CARTESIAN_POINT('',(148.46310953,-90.382374713,0.));
#2083=VERTEX_POINT('',#2082);
#2084=CARTESIAN_POINT('',(150.399697047,-92.36581461,0.));
#2085=DIRECTION('',(-0.698605506,0.715507056,0.));
#2086=VECTOR('',#2085,2.772075943);
#2087=LINE('',#2084,#2086);
#2088=EDGE_CURVE('',#2074,#2083,#2087,.T.);
#2089=ORIENTED_EDGE('',*,*,#2088,.T.);
#2090=CARTESIAN_POINT('',(144.051180238,-88.491186639,0.));
#2091=VERTEX_POINT('',#2090);
#2092=CARTESIAN_POINT('',(143.973809357,-94.763545963,0.));
#2093=DIRECTION('',(0.,0.,1.));
#2094=DIRECTION('',(1.,0.,-0.));
#2095=AXIS2_PLACEMENT_3D('',#2092,#2093,#2094);
#2096=CIRCLE('',#2095,6.272836498);
#2097=EDGE_CURVE('',#2083,#2091,#2096,.T.);
#2098=ORIENTED_EDGE('',*,*,#2097,.T.);
#2099=CARTESIAN_POINT('',(132.355129194,-88.34498701,0.));
#2100=VERTEX_POINT('',#2099);
#2101=CARTESIAN_POINT('',(144.051180238,-88.491186633,0.));
#2102=DIRECTION('',(-0.999921885,0.012498937,0.));
#2103=VECTOR('',#2102,11.696964749);
#2104=LINE('',#2101,#2103);
#2105=EDGE_CURVE('',#2091,#2100,#2104,.T.);
#2106=ORIENTED_EDGE('',*,*,#2105,.T.);
#2107=CARTESIAN_POINT('',(127.752314376,-90.300206603,0.));
#2108=VERTEX_POINT('',#2107);
#2109=CARTESIAN_POINT('',(132.375827948,-94.789105372,0.));
#2110=DIRECTION('',(0.,0.,1.));
#2111=DIRECTION('',(1.,0.,-0.));
#2112=AXIS2_PLACEMENT_3D('',#2109,#2110,#2111);
#2113=CIRCLE('',#2112,6.444151605);
#2114=EDGE_CURVE('',#2100,#2108,#2113,.T.);
#2115=ORIENTED_EDGE('',*,*,#2114,.T.);
#2116=CARTESIAN_POINT('',(125.846706439,-92.325683389,0.));
#2117=VERTEX_POINT('',#2116);
#2118=CARTESIAN_POINT('',(127.752314376,-90.300206603,0.));
#2119=DIRECTION('',(-0.685226796,-0.728329759,0.));
#2120=VECTOR('',#2119,2.780988641);
#2121=LINE('',#2118,#2120);
#2122=EDGE_CURVE('',#2108,#2117,#2121,.T.);
#2123=ORIENTED_EDGE('',*,*,#2122,.T.);
#2124=CARTESIAN_POINT('',(123.661717163,-93.270003,0.));
#2125=VERTEX_POINT('',#2124);
#2126=CARTESIAN_POINT('',(123.661717163,-90.270003,0.));
#2127=DIRECTION('',(-0.,-0.,-1.));
#2128=DIRECTION('',(1.,0.,-0.));
#2129=AXIS2_PLACEMENT_3D('',#2126,#2127,#2128);
#2130=CIRCLE('',#2129,3.);
#2131=EDGE_CURVE('',#2117,#2125,#2130,.T.);
#2132=ORIENTED_EDGE('',*,*,#2131,.T.);
#2133=CARTESIAN_POINT('',(111.910004197,-93.270003,0.));
#2134=VERTEX_POINT('',#2133);
#2135=CARTESIAN_POINT('',(123.661717163,-93.270003,0.));
#2136=DIRECTION('',(-1.,0.,0.));
#2137=VECTOR('',#2136,11.751712965);
#2138=LINE('',#2135,#2137);
#2139=EDGE_CURVE('',#2125,#2134,#2138,.T.);
#2140=ORIENTED_EDGE('',*,*,#2139,.T.);
#2141=CARTESIAN_POINT('',(106.511240655,-96.332407836,0.));
#2142=VERTEX_POINT('',#2141);
#2143=CARTESIAN_POINT('',(111.87620114,-99.500382731,0.));
#2144=DIRECTION('',(0.,0.,1.));
#2145=DIRECTION('',(1.,0.,-0.));
#2146=AXIS2_PLACEMENT_3D('',#2143,#2144,#2145);
#2147=CIRCLE('',#2146,6.230478788);
#2148=EDGE_CURVE('',#2134,#2142,#2147,.T.);
#2149=ORIENTED_EDGE('',*,*,#2148,.T.);
#2150=CARTESIAN_POINT('',(106.459832645,-96.418297838,0.));
#2151=VERTEX_POINT('',#2150);
#2152=CARTESIAN_POINT('',(106.511233835,-96.332403755,0.));
#2153=DIRECTION('',(-0.513501834,-0.858088496,0.));
#2154=VECTOR('',#2153,0.10009933);
#2155=LINE('',#2152,#2154);
#2156=EDGE_CURVE('',#2142,#2151,#2155,.T.);
#2157=ORIENTED_EDGE('',*,*,#2156,.T.);
#2158=CARTESIAN_POINT('',(103.799086529,-98.032502,0.));
#2159=VERTEX_POINT('',#2158);
#2160=CARTESIAN_POINT('',(103.799086529,-95.032502,0.));
#2161=DIRECTION('',(-0.,-0.,-1.));
#2162=DIRECTION('',(1.,0.,-0.));
#2163=AXIS2_PLACEMENT_3D('',#2160,#2161,#2162);
#2164=CIRCLE('',#2163,3.);
#2165=EDGE_CURVE('',#2151,#2159,#2164,.T.);
#2166=ORIENTED_EDGE('',*,*,#2165,.T.);
#2167=CARTESIAN_POINT('',(103.799086529,-98.032502,0.));
#2168=DIRECTION('',(-1.,0.,0.));
#2169=VECTOR('',#2168,12.755062607);
#2170=LINE('',#2167,#2169);
#2171=EDGE_CURVE('',#2159,#1870,#2170,.T.);
#2172=ORIENTED_EDGE('',*,*,#2171,.T.);
#2173=EDGE_LOOP('',(#1878,#1886,#1894,#1903,#1911,#1920,#1928,#1937,#1945,#1954,#1962,#1971,#1979,#1987,#1996,#2004,#2013,#2021,#2030,#2038,#2047,#2055,#2064,#2072,#2081,#2089,
#2098,#2106,#2115,#2123,#2132,#2140,#2149,#2157,#2166,#2172));
#2174=FACE_BOUND('',#2173,.T.);
#2175=CARTESIAN_POINT('',(169.187241,-105.4575,0.));
#2176=VERTEX_POINT('',#2175);
#2177=CARTESIAN_POINT('',(168.687241,-104.9575,0.));
#2178=VERTEX_POINT('',#2177);
#2179=CARTESIAN_POINT('',(169.187241,-104.9575,0.));
#2180=DIRECTION('',(0.,0.,-1.));
#2181=DIRECTION('',(-1.,0.,0.));
#2182=AXIS2_PLACEMENT_3D('',#2179,#2180,#2181);
#2183=CIRCLE('',#2182,0.5);
#2184=EDGE_CURVE('',#2176,#2178,#2183,.T.);
#2185=ORIENTED_EDGE('',*,*,#2184,.T.);
#2186=CARTESIAN_POINT('',(169.677138949,-104.8575,0.));
#2187=VERTEX_POINT('',#2186);
#2188=CARTESIAN_POINT('',(169.187241,-104.9575,0.));
#2189=DIRECTION('',(0.,0.,-1.));
#2190=DIRECTION('',(-1.,0.,0.));
#2191=AXIS2_PLACEMENT_3D('',#2188,#2189,#2190);
#2192=CIRCLE('',#2191,0.5);
#2193=EDGE_CURVE('',#2178,#2187,#2192,.T.);
#2194=ORIENTED_EDGE('',*,*,#2193,.T.);
#2195=CARTESIAN_POINT('',(182.687241,-104.8575,0.));
#2196=VERTEX_POINT('',#2195);
#2197=CARTESIAN_POINT('',(169.677138949,-104.8575,0.));
#2198=DIRECTION('',(1.,0.,-0.));
#2199=VECTOR('',#2198,13.010102051);
#2200=LINE('',#2197,#2199);
#2201=EDGE_CURVE('',#2187,#2196,#2200,.T.);
#2202=ORIENTED_EDGE('',*,*,#2201,.T.);
#2203=CARTESIAN_POINT('',(183.287241,-105.347397949,0.));
#2204=VERTEX_POINT('',#2203);
#2205=CARTESIAN_POINT('',(183.187241,-104.8575,0.));
#2206=DIRECTION('',(0.,0.,-1.));
#2207=DIRECTION('',(-1.,0.,0.));
#2208=AXIS2_PLACEMENT_3D('',#2205,#2206,#2207);
#2209=CIRCLE('',#2208,0.5);
#2210=EDGE_CURVE('',#2196,#2204,#2209,.T.);
#2211=ORIENTED_EDGE('',*,*,#2210,.T.);
#2212=CARTESIAN_POINT('',(183.287241,-118.1575,0.));
#2213=VERTEX_POINT('',#2212);
#2214=CARTESIAN_POINT('',(183.287241,-105.347397949,0.));
#2215=DIRECTION('',(0.,-1.,0.));
#2216=VECTOR('',#2215,12.810102051);
#2217=LINE('',#2214,#2216);
#2218=EDGE_CURVE('',#2204,#2213,#2217,.T.);
#2219=ORIENTED_EDGE('',*,*,#2218,.T.);
#2220=CARTESIAN_POINT('',(182.887241,-118.9575,0.));
#2221=VERTEX_POINT('',#2220);
#2222=CARTESIAN_POINT('',(183.287241,-118.6575,0.));
#2223=DIRECTION('',(0.,0.,-1.));
#2224=DIRECTION('',(-1.,0.,0.));
#2225=AXIS2_PLACEMENT_3D('',#2222,#2223,#2224);
#2226=CIRCLE('',#2225,0.5);
#2227=EDGE_CURVE('',#2213,#2221,#2226,.T.);
#2228=ORIENTED_EDGE('',*,*,#2227,.T.);
#2229=CARTESIAN_POINT('',(169.687241,-118.9575,0.));
#2230=VERTEX_POINT('',#2229);
#2231=CARTESIAN_POINT('',(182.887241,-118.9575,0.));
#2232=DIRECTION('',(-1.,0.,0.));
#2233=VECTOR('',#2232,13.2);
#2234=LINE('',#2231,#2233);
#2235=EDGE_CURVE('',#2221,#2230,#2234,.T.);
#2236=ORIENTED_EDGE('',*,*,#2235,.T.);
#2237=CARTESIAN_POINT('',(168.687241,-118.9575,0.));
#2238=VERTEX_POINT('',#2237);
#2239=CARTESIAN_POINT('',(169.187241,-118.9575,0.));
#2240=DIRECTION('',(0.,0.,-1.));
#2241=DIRECTION('',(-1.,0.,0.));
#2242=AXIS2_PLACEMENT_3D('',#2239,#2240,#2241);
#2243=CIRCLE('',#2242,0.5);
#2244=EDGE_CURVE('',#2230,#2238,#2243,.T.);
#2245=ORIENTED_EDGE('',*,*,#2244,.T.);
#2246=CARTESIAN_POINT('',(169.187241,-118.4575,0.));
#2247=VERTEX_POINT('',#2246);
#2248=CARTESIAN_POINT('',(169.187241,-118.9575,0.));
#2249=DIRECTION('',(0.,0.,-1.));
#2250=DIRECTION('',(-1.,0.,0.));
#2251=AXIS2_PLACEMENT_3D('',#2248,#2249,#2250);
#2252=CIRCLE('',#2251,0.5);
#2253=EDGE_CURVE('',#2238,#2247,#2252,.T.);
#2254=ORIENTED_EDGE('',*,*,#2253,.T.);
#2255=CARTESIAN_POINT('',(169.187241,-118.4575,0.));
#2256=DIRECTION('',(0.,1.,0.));
#2257=VECTOR('',#2256,13.);
#2258=LINE('',#2255,#2257);
#2259=EDGE_CURVE('',#2247,#2176,#2258,.T.);
#2260=ORIENTED_EDGE('',*,*,#2259,.T.);
#2261=EDGE_LOOP('',(#2185,#2194,#2202,#2211,#2219,#2228,#2236,#2245,#2254,#2260));
#2262=FACE_BOUND('',#2261,.T.);
#2263=CARTESIAN_POINT('',(163.739747281,-100.095,0.));
#2264=VERTEX_POINT('',#2263);
#2265=CARTESIAN_POINT('',(164.237241,-100.645,0.));
#2266=VERTEX_POINT('',#2265);
#2267=CARTESIAN_POINT('',(164.237241,-100.145,0.));
#2268=DIRECTION('',(0.,0.,-1.));
#2269=DIRECTION('',(-1.,0.,0.));
#2270=AXIS2_PLACEMENT_3D('',#2267,#2268,#2269);
#2271=CIRCLE('',#2270,0.5);
#2272=EDGE_CURVE('',#2264,#2266,#2271,.T.);
#2273=ORIENTED_EDGE('',*,*,#2272,.T.);
#2274=CARTESIAN_POINT('',(164.237241,-113.697506281,0.));
#2275=VERTEX_POINT('',#2274);
#2276=CARTESIAN_POINT('',(164.237241,-100.645,0.));
#2277=DIRECTION('',(0.,-1.,0.));
#2278=VECTOR('',#2277,13.052506281);
#2279=LINE('',#2276,#2278);
#2280=EDGE_CURVE('',#2266,#2275,#2279,.T.);
#2281=ORIENTED_EDGE('',*,*,#2280,.T.);
#2282=CARTESIAN_POINT('',(163.687241,-114.195,0.));
#2283=VERTEX_POINT('',#2282);
#2284=CARTESIAN_POINT('',(164.187241,-114.195,0.));
#2285=DIRECTION('',(0.,0.,-1.));
#2286=DIRECTION('',(-1.,0.,0.));
#2287=AXIS2_PLACEMENT_3D('',#2284,#2285,#2286);
#2288=CIRCLE('',#2287,0.5);
#2289=EDGE_CURVE('',#2275,#2283,#2288,.T.);
#2290=ORIENTED_EDGE('',*,*,#2289,.T.);
#2291=CARTESIAN_POINT('',(150.640093381,-114.195,0.));
#2292=VERTEX_POINT('',#2291);
#2293=CARTESIAN_POINT('',(163.687241,-114.195,0.));
#2294=DIRECTION('',(-1.,0.,0.));
#2295=VECTOR('',#2294,13.047147619);
#2296=LINE('',#2293,#2295);
#2297=EDGE_CURVE('',#2283,#2292,#2296,.T.);
#2298=ORIENTED_EDGE('',*,*,#2297,.T.);
#2299=CARTESIAN_POINT('',(149.641047,-114.164134,0.));
#2300=VERTEX_POINT('',#2299);
#2301=CARTESIAN_POINT('',(150.141047,-114.164134,0.));
#2302=DIRECTION('',(0.,0.,-1.));
#2303=DIRECTION('',(-1.,0.,0.));
#2304=AXIS2_PLACEMENT_3D('',#2301,#2302,#2303);
#2305=CIRCLE('',#2304,0.5);
#2306=EDGE_CURVE('',#2292,#2300,#2305,.T.);
#2307=ORIENTED_EDGE('',*,*,#2306,.T.);
#2308=CARTESIAN_POINT('',(150.137241,-113.664148486,0.));
#2309=VERTEX_POINT('',#2308);
#2310=CARTESIAN_POINT('',(150.141047,-114.164134,0.));
#2311=DIRECTION('',(0.,0.,-1.));
#2312=DIRECTION('',(-1.,0.,0.));
#2313=AXIS2_PLACEMENT_3D('',#2310,#2311,#2312);
#2314=CIRCLE('',#2313,0.5);
#2315=EDGE_CURVE('',#2300,#2309,#2314,.T.);
#2316=ORIENTED_EDGE('',*,*,#2315,.T.);
#2317=CARTESIAN_POINT('',(150.137241,-100.592493719,0.));
#2318=VERTEX_POINT('',#2317);
#2319=CARTESIAN_POINT('',(150.137241,-113.664148486,0.));
#2320=DIRECTION('',(0.,1.,0.));
#2321=VECTOR('',#2320,13.071654767);
#2322=LINE('',#2319,#2321);
#2323=EDGE_CURVE('',#2309,#2318,#2322,.T.);
#2324=ORIENTED_EDGE('',*,*,#2323,.T.);
#2325=CARTESIAN_POINT('',(149.687241,-100.095,0.));
#2326=VERTEX_POINT('',#2325);
#2327=CARTESIAN_POINT('',(150.187241,-100.095,0.));
#2328=DIRECTION('',(0.,0.,-1.));
#2329=DIRECTION('',(-1.,0.,0.));
#2330=AXIS2_PLACEMENT_3D('',#2327,#2328,#2329);
#2331=CIRCLE('',#2330,0.5);
#2332=EDGE_CURVE('',#2318,#2326,#2331,.T.);
#2333=ORIENTED_EDGE('',*,*,#2332,.T.);
#2334=CARTESIAN_POINT('',(150.687241,-100.095,0.));
#2335=VERTEX_POINT('',#2334);
#2336=CARTESIAN_POINT('',(150.187241,-100.095,0.));
#2337=DIRECTION('',(0.,0.,-1.));
#2338=DIRECTION('',(-1.,0.,0.));
#2339=AXIS2_PLACEMENT_3D('',#2336,#2337,#2338);
#2340=CIRCLE('',#2339,0.5);
#2341=EDGE_CURVE('',#2326,#2335,#2340,.T.);
#2342=ORIENTED_EDGE('',*,*,#2341,.T.);
#2343=CARTESIAN_POINT('',(150.687241,-100.095,0.));
#2344=DIRECTION('',(1.,0.,-0.));
#2345=VECTOR('',#2344,13.052506281);
#2346=LINE('',#2343,#2345);
#2347=EDGE_CURVE('',#2335,#2264,#2346,.T.);
#2348=ORIENTED_EDGE('',*,*,#2347,.T.);
#2349=EDGE_LOOP('',(#2273,#2281,#2290,#2298,#2307,#2316,#2324,#2333,#2342,#2348));
#2350=FACE_BOUND('',#2349,.T.);
#2351=CARTESIAN_POINT('',(148.735093381,-177.06,0.));
#2352=VERTEX_POINT('',#2351);
#2353=CARTESIAN_POINT('',(147.736047,-177.029134,0.));
#2354=VERTEX_POINT('',#2353);
#2355=CARTESIAN_POINT('',(148.236047,-177.029134,0.));
#2356=DIRECTION('',(0.,0.,-1.));
#2357=DIRECTION('',(-1.,0.,0.));
#2358=AXIS2_PLACEMENT_3D('',#2355,#2356,#2357);
#2359=CIRCLE('',#2358,0.5);
#2360=EDGE_CURVE('',#2352,#2354,#2359,.T.);
#2361=ORIENTED_EDGE('',*,*,#2360,.T.);
#2362=CARTESIAN_POINT('',(148.232241,-176.529148486,0.));
#2363=VERTEX_POINT('',#2362);
#2364=CARTESIAN_POINT('',(148.236047,-177.029134,0.));
#2365=DIRECTION('',(0.,0.,-1.));
#2366=DIRECTION('',(-1.,0.,0.));
#2367=AXIS2_PLACEMENT_3D('',#2364,#2365,#2366);
#2368=CIRCLE('',#2367,0.5);
#2369=EDGE_CURVE('',#2354,#2363,#2368,.T.);
#2370=ORIENTED_EDGE('',*,*,#2369,.T.);
#2371=CARTESIAN_POINT('',(148.232241,-163.462852381,0.));
#2372=VERTEX_POINT('',#2371);
#2373=CARTESIAN_POINT('',(148.232241,-176.529148486,0.));
#2374=DIRECTION('',(0.,1.,0.));
#2375=VECTOR('',#2374,13.066296105);
#2376=LINE('',#2373,#2375);
#2377=EDGE_CURVE('',#2363,#2372,#2376,.T.);
#2378=ORIENTED_EDGE('',*,*,#2377,.T.);
#2379=CARTESIAN_POINT('',(147.763107,-162.963806,0.));
#2380=VERTEX_POINT('',#2379);
#2381=CARTESIAN_POINT('',(148.263107,-162.963806,0.));
#2382=DIRECTION('',(0.,0.,-1.));
#2383=DIRECTION('',(-1.,0.,0.));
#2384=AXIS2_PLACEMENT_3D('',#2381,#2382,#2383);
#2385=CIRCLE('',#2384,0.5);
#2386=EDGE_CURVE('',#2372,#2380,#2385,.T.);
#2387=ORIENTED_EDGE('',*,*,#2386,.T.);
#2388=CARTESIAN_POINT('',(148.763092514,-162.96,0.));
#2389=VERTEX_POINT('',#2388);
#2390=CARTESIAN_POINT('',(148.263107,-162.963806,0.));
#2391=DIRECTION('',(0.,0.,-1.));
#2392=DIRECTION('',(-1.,0.,0.));
#2393=AXIS2_PLACEMENT_3D('',#2390,#2391,#2392);
#2394=CIRCLE('',#2393,0.5);
#2395=EDGE_CURVE('',#2380,#2389,#2394,.T.);
#2396=ORIENTED_EDGE('',*,*,#2395,.T.);
#2397=CARTESIAN_POINT('',(161.782241,-162.96,0.));
#2398=VERTEX_POINT('',#2397);
#2399=CARTESIAN_POINT('',(148.763092514,-162.96,0.));
#2400=DIRECTION('',(1.,0.,-0.));
#2401=VECTOR('',#2400,13.019148486);
#2402=LINE('',#2399,#2401);
#2403=EDGE_CURVE('',#2389,#2398,#2402,.T.);
#2404=ORIENTED_EDGE('',*,*,#2403,.T.);
#2405=CARTESIAN_POINT('',(162.332241,-163.457493719,0.));
#2406=VERTEX_POINT('',#2405);
#2407=CARTESIAN_POINT('',(162.282241,-162.96,0.));
#2408=DIRECTION('',(0.,0.,-1.));
#2409=DIRECTION('',(-1.,0.,0.));
#2410=AXIS2_PLACEMENT_3D('',#2407,#2408,#2409);
#2411=CIRCLE('',#2410,0.5);
#2412=EDGE_CURVE('',#2398,#2406,#2411,.T.);
#2413=ORIENTED_EDGE('',*,*,#2412,.T.);
#2414=CARTESIAN_POINT('',(162.332241,-176.557147619,0.));
#2415=VERTEX_POINT('',#2414);
#2416=CARTESIAN_POINT('',(162.332241,-163.457493719,0.));
#2417=DIRECTION('',(0.,-1.,0.));
#2418=VECTOR('',#2417,13.099653901);
#2419=LINE('',#2416,#2418);
#2420=EDGE_CURVE('',#2406,#2415,#2419,.T.);
#2421=ORIENTED_EDGE('',*,*,#2420,.T.);
#2422=CARTESIAN_POINT('',(161.801389486,-177.06,0.));
#2423=VERTEX_POINT('',#2422);
#2424=CARTESIAN_POINT('',(162.301375,-177.056194,0.));
#2425=DIRECTION('',(0.,0.,-1.));
#2426=DIRECTION('',(-1.,0.,0.));
#2427=AXIS2_PLACEMENT_3D('',#2424,#2425,#2426);
#2428=CIRCLE('',#2427,0.5);
#2429=EDGE_CURVE('',#2415,#2423,#2428,.T.);
#2430=ORIENTED_EDGE('',*,*,#2429,.T.);
#2431=CARTESIAN_POINT('',(161.801389486,-177.06,0.));
#2432=DIRECTION('',(-1.,0.,0.));
#2433=VECTOR('',#2432,13.066296105);
#2434=LINE('',#2431,#2433);
#2435=EDGE_CURVE('',#2423,#2352,#2434,.T.);
#2436=ORIENTED_EDGE('',*,*,#2435,.T.);
#2437=EDGE_LOOP('',(#2361,#2370,#2378,#2387,#2396,#2404,#2413,#2421,#2430,#2436));
#2438=FACE_BOUND('',#2437,.T.);
#2439=CARTESIAN_POINT('',(150.687241,-152.295,0.));
#2440=VERTEX_POINT('',#2439);
#2441=CARTESIAN_POINT('',(149.687241,-152.295,0.));
#2442=VERTEX_POINT('',#2441);
#2443=CARTESIAN_POINT('',(150.187241,-152.295,0.));
#2444=DIRECTION('',(0.,0.,-1.));
#2445=DIRECTION('',(-1.,0.,0.));
#2446=AXIS2_PLACEMENT_3D('',#2443,#2444,#2445);
#2447=CIRCLE('',#2446,0.5);
#2448=EDGE_CURVE('',#2440,#2442,#2447,.T.);
#2449=ORIENTED_EDGE('',*,*,#2448,.T.);
#2450=CARTESIAN_POINT('',(150.137241,-151.797506281,0.));
#2451=VERTEX_POINT('',#2450);
#2452=CARTESIAN_POINT('',(150.187241,-152.295,0.));
#2453=DIRECTION('',(0.,0.,-1.));
#2454=DIRECTION('',(-1.,0.,0.));
#2455=AXIS2_PLACEMENT_3D('',#2452,#2453,#2454);
#2456=CIRCLE('',#2455,0.5);
#2457=EDGE_CURVE('',#2442,#2451,#2456,.T.);
#2458=ORIENTED_EDGE('',*,*,#2457,.T.);
#2459=CARTESIAN_POINT('',(150.137241,-138.725851514,0.));
#2460=VERTEX_POINT('',#2459);
#2461=CARTESIAN_POINT('',(150.137241,-151.797506281,0.));
#2462=DIRECTION('',(0.,1.,0.));
#2463=VECTOR('',#2462,13.071654767);
#2464=LINE('',#2461,#2463);
#2465=EDGE_CURVE('',#2451,#2460,#2464,.T.);
#2466=ORIENTED_EDGE('',*,*,#2465,.T.);
#2467=CARTESIAN_POINT('',(149.641047,-138.225866,0.));
#2468=VERTEX_POINT('',#2467);
#2469=CARTESIAN_POINT('',(150.141047,-138.225866,0.));
#2470=DIRECTION('',(0.,0.,-1.));
#2471=DIRECTION('',(-1.,0.,0.));
#2472=AXIS2_PLACEMENT_3D('',#2469,#2470,#2471);
#2473=CIRCLE('',#2472,0.5);
#2474=EDGE_CURVE('',#2460,#2468,#2473,.T.);
#2475=ORIENTED_EDGE('',*,*,#2474,.T.);
#2476=CARTESIAN_POINT('',(150.640093381,-138.195,0.));
#2477=VERTEX_POINT('',#2476);
#2478=CARTESIAN_POINT('',(150.141047,-138.225866,0.));
#2479=DIRECTION('',(0.,0.,-1.));
#2480=DIRECTION('',(-1.,0.,0.));
#2481=AXIS2_PLACEMENT_3D('',#2478,#2479,#2480);
#2482=CIRCLE('',#2481,0.5);
#2483=EDGE_CURVE('',#2468,#2477,#2482,.T.);
#2484=ORIENTED_EDGE('',*,*,#2483,.T.);
#2485=CARTESIAN_POINT('',(163.706389486,-138.195,0.));
#2486=VERTEX_POINT('',#2485);
#2487=CARTESIAN_POINT('',(150.640093381,-138.195,0.));
#2488=DIRECTION('',(1.,0.,-0.));
#2489=VECTOR('',#2488,13.066296105);
#2490=LINE('',#2487,#2489);
#2491=EDGE_CURVE('',#2477,#2486,#2490,.T.);
#2492=ORIENTED_EDGE('',*,*,#2491,.T.);
#2493=CARTESIAN_POINT('',(164.237241,-138.697852381,0.));
#2494=VERTEX_POINT('',#2493);
#2495=CARTESIAN_POINT('',(164.206375,-138.198806,0.));
#2496=DIRECTION('',(0.,0.,-1.));
#2497=DIRECTION('',(-1.,0.,0.));
#2498=AXIS2_PLACEMENT_3D('',#2495,#2496,#2497);
#2499=CIRCLE('',#2498,0.5);
#2500=EDGE_CURVE('',#2486,#2494,#2499,.T.);
#2501=ORIENTED_EDGE('',*,*,#2500,.T.);
#2502=CARTESIAN_POINT('',(164.237241,-151.745,0.));
#2503=VERTEX_POINT('',#2502);
#2504=CARTESIAN_POINT('',(164.237241,-138.697852381,0.));
#2505=DIRECTION('',(0.,-1.,0.));
#2506=VECTOR('',#2505,13.047147619);
#2507=LINE('',#2504,#2506);
#2508=EDGE_CURVE('',#2494,#2503,#2507,.T.);
#2509=ORIENTED_EDGE('',*,*,#2508,.T.);
#2510=CARTESIAN_POINT('',(163.739747281,-152.295,0.));
#2511=VERTEX_POINT('',#2510);
#2512=CARTESIAN_POINT('',(164.237241,-152.245,0.));
#2513=DIRECTION('',(0.,0.,-1.));
#2514=DIRECTION('',(-1.,0.,0.));
#2515=AXIS2_PLACEMENT_3D('',#2512,#2513,#2514);
#2516=CIRCLE('',#2515,0.5);
#2517=EDGE_CURVE('',#2503,#2511,#2516,.T.);
#2518=ORIENTED_EDGE('',*,*,#2517,.T.);
#2519=CARTESIAN_POINT('',(163.739747281,-152.295,0.));
#2520=DIRECTION('',(-1.,0.,0.));
#2521=VECTOR('',#2520,13.052506281);
#2522=LINE('',#2519,#2521);
#2523=EDGE_CURVE('',#2511,#2440,#2522,.T.);
#2524=ORIENTED_EDGE('',*,*,#2523,.T.);
#2525=EDGE_LOOP('',(#2449,#2458,#2466,#2475,#2484,#2492,#2501,#2509,#2518,#2524));
#2526=FACE_BOUND('',#2525,.T.);
#2527=CARTESIAN_POINT('',(93.504276373,-118.9575,0.));
#2528=VERTEX_POINT('',#2527);
#2529=CARTESIAN_POINT('',(92.504577,-118.940164,0.));
#2530=VERTEX_POINT('',#2529);
#2531=CARTESIAN_POINT('',(93.004577,-118.940164,0.));
#2532=DIRECTION('',(0.,0.,-1.));
#2533=DIRECTION('',(-1.,0.,0.));
#2534=AXIS2_PLACEMENT_3D('',#2531,#2532,#2533);
#2535=CIRCLE('',#2534,0.5);
#2536=EDGE_CURVE('',#2528,#2530,#2535,.T.);
#2537=ORIENTED_EDGE('',*,*,#2536,.T.);
#2538=CARTESIAN_POINT('',(92.987241,-118.440464627,0.));
#2539=VERTEX_POINT('',#2538);
#2540=CARTESIAN_POINT('',(93.004577,-118.940164,0.));
#2541=DIRECTION('',(0.,0.,-1.));
#2542=DIRECTION('',(-1.,0.,0.));
#2543=AXIS2_PLACEMENT_3D('',#2540,#2541,#2542);
#2544=CIRCLE('',#2543,0.5);
#2545=EDGE_CURVE('',#2530,#2539,#2544,.T.);
#2546=ORIENTED_EDGE('',*,*,#2545,.T.);
#2547=CARTESIAN_POINT('',(92.987241,-105.354993719,0.));
#2548=VERTEX_POINT('',#2547);
#2549=CARTESIAN_POINT('',(92.987241,-118.440464627,0.));
#2550=DIRECTION('',(0.,1.,0.));
#2551=VECTOR('',#2550,13.085470909);
#2552=LINE('',#2549,#2551);
#2553=EDGE_CURVE('',#2539,#2548,#2552,.T.);
#2554=ORIENTED_EDGE('',*,*,#2553,.T.);
#2555=CARTESIAN_POINT('',(92.537241,-104.8575,0.));
#2556=VERTEX_POINT('',#2555);
#2557=CARTESIAN_POINT('',(93.037241,-104.8575,0.));
#2558=DIRECTION('',(0.,0.,-1.));
#2559=DIRECTION('',(-1.,0.,0.));
#2560=AXIS2_PLACEMENT_3D('',#2557,#2558,#2559);
#2561=CIRCLE('',#2560,0.5);
#2562=EDGE_CURVE('',#2548,#2556,#2561,.T.);
#2563=ORIENTED_EDGE('',*,*,#2562,.T.);
#2564=CARTESIAN_POINT('',(93.537241,-104.8575,0.));
#2565=VERTEX_POINT('',#2564);
#2566=CARTESIAN_POINT('',(93.037241,-104.8575,0.));
#2567=DIRECTION('',(0.,0.,-1.));
#2568=DIRECTION('',(-1.,0.,0.));
#2569=AXIS2_PLACEMENT_3D('',#2566,#2567,#2568);
#2570=CIRCLE('',#2569,0.5);
#2571=EDGE_CURVE('',#2556,#2565,#2570,.T.);
#2572=ORIENTED_EDGE('',*,*,#2571,.T.);
#2573=CARTESIAN_POINT('',(106.584388619,-104.8575,0.));
#2574=VERTEX_POINT('',#2573);
#2575=CARTESIAN_POINT('',(93.537241,-104.8575,0.));
#2576=DIRECTION('',(1.,0.,-0.));
#2577=VECTOR('',#2576,13.047147619);
#2578=LINE('',#2575,#2577);
#2579=EDGE_CURVE('',#2565,#2574,#2578,.T.);
#2580=ORIENTED_EDGE('',*,*,#2579,.T.);
#2581=CARTESIAN_POINT('',(107.087241,-105.388351514,0.));
#2582=VERTEX_POINT('',#2581);
#2583=CARTESIAN_POINT('',(107.083435,-104.888366,0.));
#2584=DIRECTION('',(0.,0.,-1.));
#2585=DIRECTION('',(-1.,0.,0.));
#2586=AXIS2_PLACEMENT_3D('',#2583,#2584,#2585);
#2587=CIRCLE('',#2586,0.5);
#2588=EDGE_CURVE('',#2574,#2582,#2587,.T.);
#2589=ORIENTED_EDGE('',*,*,#2588,.T.);
#2590=CARTESIAN_POINT('',(107.087241,-118.4075,0.));
#2591=VERTEX_POINT('',#2590);
#2592=CARTESIAN_POINT('',(107.087241,-105.388351514,0.));
#2593=DIRECTION('',(0.,-1.,0.));
#2594=VECTOR('',#2593,13.019148486);
#2595=LINE('',#2592,#2594);
#2596=EDGE_CURVE('',#2582,#2591,#2595,.T.);
#2597=ORIENTED_EDGE('',*,*,#2596,.T.);
#2598=CARTESIAN_POINT('',(106.589747281,-118.9575,0.));
#2599=VERTEX_POINT('',#2598);
#2600=CARTESIAN_POINT('',(107.087241,-118.9075,0.));
#2601=DIRECTION('',(0.,0.,-1.));
#2602=DIRECTION('',(-1.,0.,0.));
#2603=AXIS2_PLACEMENT_3D('',#2600,#2601,#2602);
#2604=CIRCLE('',#2603,0.5);
#2605=EDGE_CURVE('',#2591,#2599,#2604,.T.);
#2606=ORIENTED_EDGE('',*,*,#2605,.T.);
#2607=CARTESIAN_POINT('',(106.589747281,-118.9575,0.));
#2608=DIRECTION('',(-1.,0.,0.));
#2609=VECTOR('',#2608,13.085470909);
#2610=LINE('',#2607,#2609);
#2611=EDGE_CURVE('',#2599,#2528,#2610,.T.);
#2612=ORIENTED_EDGE('',*,*,#2611,.T.);
#2613=EDGE_LOOP('',(#2537,#2546,#2554,#2563,#2572,#2580,#2589,#2597,#2606,#2612));
#2614=FACE_BOUND('',#2613,.T.);
#2615=CARTESIAN_POINT('',(74.487241,-128.4825,0.));
#2616=VERTEX_POINT('',#2615);
#2617=CARTESIAN_POINT('',(73.487241,-128.4825,0.));
#2618=VERTEX_POINT('',#2617);
#2619=CARTESIAN_POINT('',(73.987241,-128.4825,0.));
#2620=DIRECTION('',(0.,0.,-1.));
#2621=DIRECTION('',(-1.,0.,0.));
#2622=AXIS2_PLACEMENT_3D('',#2619,#2620,#2621);
#2623=CIRCLE('',#2622,0.5);
#2624=EDGE_CURVE('',#2616,#2618,#2623,.T.);
#2625=ORIENTED_EDGE('',*,*,#2624,.T.);
#2626=CARTESIAN_POINT('',(73.937241,-127.985006281,0.));
#2627=VERTEX_POINT('',#2626);
#2628=CARTESIAN_POINT('',(73.987241,-128.4825,0.));
#2629=DIRECTION('',(0.,0.,-1.));
#2630=DIRECTION('',(-1.,0.,0.));
#2631=AXIS2_PLACEMENT_3D('',#2628,#2629,#2630);
#2632=CIRCLE('',#2631,0.5);
#2633=EDGE_CURVE('',#2618,#2627,#2632,.T.);
#2634=ORIENTED_EDGE('',*,*,#2633,.T.);
#2635=CARTESIAN_POINT('',(73.937241,-114.9325,0.));
#2636=VERTEX_POINT('',#2635);
#2637=CARTESIAN_POINT('',(73.937241,-127.985006281,0.));
#2638=DIRECTION('',(0.,1.,0.));
#2639=VECTOR('',#2638,13.052506281);
#2640=LINE('',#2637,#2639);
#2641=EDGE_CURVE('',#2627,#2636,#2640,.T.);
#2642=ORIENTED_EDGE('',*,*,#2641,.T.);
#2643=CARTESIAN_POINT('',(73.437241,-114.4325,0.));
#2644=VERTEX_POINT('',#2643);
#2645=CARTESIAN_POINT('',(73.937241,-114.4325,0.));
#2646=DIRECTION('',(0.,0.,-1.));
#2647=DIRECTION('',(-1.,0.,0.));
#2648=AXIS2_PLACEMENT_3D('',#2645,#2646,#2647);
#2649=CIRCLE('',#2648,0.5);
#2650=EDGE_CURVE('',#2636,#2644,#2649,.T.);
#2651=ORIENTED_EDGE('',*,*,#2650,.T.);
#2652=CARTESIAN_POINT('',(74.434734719,-114.3825,0.));
#2653=VERTEX_POINT('',#2652);
#2654=CARTESIAN_POINT('',(73.937241,-114.4325,0.));
#2655=DIRECTION('',(0.,0.,-1.));
#2656=DIRECTION('',(-1.,0.,0.));
#2657=AXIS2_PLACEMENT_3D('',#2654,#2655,#2656);
#2658=CIRCLE('',#2657,0.5);
#2659=EDGE_CURVE('',#2644,#2653,#2658,.T.);
#2660=ORIENTED_EDGE('',*,*,#2659,.T.);
#2661=CARTESIAN_POINT('',(87.539747281,-114.3825,0.));
#2662=VERTEX_POINT('',#2661);
#2663=CARTESIAN_POINT('',(74.434734719,-114.3825,0.));
#2664=DIRECTION('',(1.,0.,-0.));
#2665=VECTOR('',#2664,13.105012563);
#2666=LINE('',#2663,#2665);
#2667=EDGE_CURVE('',#2653,#2662,#2666,.T.);
#2668=ORIENTED_EDGE('',*,*,#2667,.T.);
#2669=CARTESIAN_POINT('',(88.037241,-114.9325,0.));
#2670=VERTEX_POINT('',#2669);
#2671=CARTESIAN_POINT('',(88.037241,-114.4325,0.));
#2672=DIRECTION('',(0.,0.,-1.));
#2673=DIRECTION('',(-1.,0.,0.));
#2674=AXIS2_PLACEMENT_3D('',#2671,#2672,#2673);
#2675=CIRCLE('',#2674,0.5);
#2676=EDGE_CURVE('',#2662,#2670,#2675,.T.);
#2677=ORIENTED_EDGE('',*,*,#2676,.T.);
#2678=CARTESIAN_POINT('',(88.037241,-127.9325,0.));
#2679=VERTEX_POINT('',#2678);
#2680=CARTESIAN_POINT('',(88.037241,-114.9325,0.));
#2681=DIRECTION('',(0.,-1.,0.));
#2682=VECTOR('',#2681,13.);
#2683=LINE('',#2680,#2682);
#2684=EDGE_CURVE('',#2670,#2679,#2683,.T.);
#2685=ORIENTED_EDGE('',*,*,#2684,.T.);
#2686=CARTESIAN_POINT('',(87.539747281,-128.4825,0.));
#2687=VERTEX_POINT('',#2686);
#2688=CARTESIAN_POINT('',(88.037241,-128.4325,0.));
#2689=DIRECTION('',(0.,0.,-1.));
#2690=DIRECTION('',(-1.,0.,0.));
#2691=AXIS2_PLACEMENT_3D('',#2688,#2689,#2690);
#2692=CIRCLE('',#2691,0.5);
#2693=EDGE_CURVE('',#2679,#2687,#2692,.T.);
#2694=ORIENTED_EDGE('',*,*,#2693,.T.);
#2695=CARTESIAN_POINT('',(87.539747281,-128.4825,0.));
#2696=DIRECTION('',(-1.,0.,0.));
#2697=VECTOR('',#2696,13.052506281);
#2698=LINE('',#2695,#2697);
#2699=EDGE_CURVE('',#2687,#2616,#2698,.T.);
#2700=ORIENTED_EDGE('',*,*,#2699,.T.);
#2701=EDGE_LOOP('',(#2625,#2634,#2642,#2651,#2660,#2668,#2677,#2685,#2694,#2700));
#2702=FACE_BOUND('',#2701,.T.);
#2703=CARTESIAN_POINT('',(92.987241,-143.5075,0.));
#2704=VERTEX_POINT('',#2703);
#2705=CARTESIAN_POINT('',(92.487241,-143.0075,0.));
#2706=VERTEX_POINT('',#2705);
#2707=CARTESIAN_POINT('',(92.987241,-143.0075,0.));
#2708=DIRECTION('',(0.,0.,-1.));
#2709=DIRECTION('',(-1.,0.,0.));
#2710=AXIS2_PLACEMENT_3D('',#2707,#2708,#2709);
#2711=CIRCLE('',#2710,0.5);
#2712=EDGE_CURVE('',#2704,#2706,#2711,.T.);
#2713=ORIENTED_EDGE('',*,*,#2712,.T.);
#2714=CARTESIAN_POINT('',(93.484734719,-142.9575,0.));
#2715=VERTEX_POINT('',#2714);
#2716=CARTESIAN_POINT('',(92.987241,-143.0075,0.));
#2717=DIRECTION('',(0.,0.,-1.));
#2718=DIRECTION('',(-1.,0.,0.));
#2719=AXIS2_PLACEMENT_3D('',#2716,#2717,#2718);
#2720=CIRCLE('',#2719,0.5);
#2721=EDGE_CURVE('',#2706,#2715,#2720,.T.);
#2722=ORIENTED_EDGE('',*,*,#2721,.T.);
#2723=CARTESIAN_POINT('',(106.589747281,-142.9575,0.));
#2724=VERTEX_POINT('',#2723);
#2725=CARTESIAN_POINT('',(93.484734719,-142.9575,0.));
#2726=DIRECTION('',(1.,0.,-0.));
#2727=VECTOR('',#2726,13.105012563);
#2728=LINE('',#2725,#2727);
#2729=EDGE_CURVE('',#2715,#2724,#2728,.T.);
#2730=ORIENTED_EDGE('',*,*,#2729,.T.);
#2731=CARTESIAN_POINT('',(107.087241,-143.5075,0.));
#2732=VERTEX_POINT('',#2731);
#2733=CARTESIAN_POINT('',(107.087241,-143.0075,0.));
#2734=DIRECTION('',(0.,0.,-1.));
#2735=DIRECTION('',(-1.,0.,0.));
#2736=AXIS2_PLACEMENT_3D('',#2733,#2734,#2735);
#2737=CIRCLE('',#2736,0.5);
#2738=EDGE_CURVE('',#2724,#2732,#2737,.T.);
#2739=ORIENTED_EDGE('',*,*,#2738,.T.);
#2740=CARTESIAN_POINT('',(107.087241,-156.5075,0.));
#2741=VERTEX_POINT('',#2740);
#2742=CARTESIAN_POINT('',(107.087241,-143.5075,0.));
#2743=DIRECTION('',(0.,-1.,0.));
#2744=VECTOR('',#2743,13.);
#2745=LINE('',#2742,#2744);
#2746=EDGE_CURVE('',#2732,#2741,#2745,.T.);
#2747=ORIENTED_EDGE('',*,*,#2746,.T.);
#2748=CARTESIAN_POINT('',(106.589747281,-157.0575,0.));
#2749=VERTEX_POINT('',#2748);
#2750=CARTESIAN_POINT('',(107.087241,-157.0075,0.));
#2751=DIRECTION('',(0.,0.,-1.));
#2752=DIRECTION('',(-1.,0.,0.));
#2753=AXIS2_PLACEMENT_3D('',#2750,#2751,#2752);
#2754=CIRCLE('',#2753,0.5);
#2755=EDGE_CURVE('',#2741,#2749,#2754,.T.);
#2756=ORIENTED_EDGE('',*,*,#2755,.T.);
#2757=CARTESIAN_POINT('',(93.537241,-157.0575,0.));
#2758=VERTEX_POINT('',#2757);
#2759=CARTESIAN_POINT('',(106.589747281,-157.0575,0.));
#2760=DIRECTION('',(-1.,0.,0.));
#2761=VECTOR('',#2760,13.052506281);
#2762=LINE('',#2759,#2761);
#2763=EDGE_CURVE('',#2749,#2758,#2762,.T.);
#2764=ORIENTED_EDGE('',*,*,#2763,.T.);
#2765=CARTESIAN_POINT('',(92.537241,-157.0575,0.));
#2766=VERTEX_POINT('',#2765);
#2767=CARTESIAN_POINT('',(93.037241,-157.0575,0.));
#2768=DIRECTION('',(0.,0.,-1.));
#2769=DIRECTION('',(-1.,0.,0.));
#2770=AXIS2_PLACEMENT_3D('',#2767,#2768,#2769);
#2771=CIRCLE('',#2770,0.5);
#2772=EDGE_CURVE('',#2758,#2766,#2771,.T.);
#2773=ORIENTED_EDGE('',*,*,#2772,.T.);
#2774=CARTESIAN_POINT('',(92.987241,-156.560006281,0.));
#2775=VERTEX_POINT('',#2774);
#2776=CARTESIAN_POINT('',(93.037241,-157.0575,0.));
#2777=DIRECTION('',(0.,0.,-1.));
#2778=DIRECTION('',(-1.,0.,0.));
#2779=AXIS2_PLACEMENT_3D('',#2776,#2777,#2778);
#2780=CIRCLE('',#2779,0.5);
#2781=EDGE_CURVE('',#2766,#2775,#2780,.T.);
#2782=ORIENTED_EDGE('',*,*,#2781,.T.);
#2783=CARTESIAN_POINT('',(92.987241,-156.560006281,0.));
#2784=DIRECTION('',(0.,1.,0.));
#2785=VECTOR('',#2784,13.052506281);
#2786=LINE('',#2783,#2785);
#2787=EDGE_CURVE('',#2775,#2704,#2786,.T.);
#2788=ORIENTED_EDGE('',*,*,#2787,.T.);
#2789=EDGE_LOOP('',(#2713,#2722,#2730,#2739,#2747,#2756,#2764,#2773,#2782,#2788));
#2790=FACE_BOUND('',#2789,.T.);
#2791=CARTESIAN_POINT('',(125.634388619,-138.195,0.));
#2792=VERTEX_POINT('',#2791);
#2793=CARTESIAN_POINT('',(126.137241,-138.725851514,0.));
#2794=VERTEX_POINT('',#2793);
#2795=CARTESIAN_POINT('',(126.133435,-138.225866,0.));
#2796=DIRECTION('',(0.,0.,-1.));
#2797=DIRECTION('',(-1.,0.,0.));
#2798=AXIS2_PLACEMENT_3D('',#2795,#2796,#2797);
#2799=CIRCLE('',#2798,0.5);
#2800=EDGE_CURVE('',#2792,#2794,#2799,.T.);
#2801=ORIENTED_EDGE('',*,*,#2800,.T.);
#2802=CARTESIAN_POINT('',(126.137241,-151.745,0.));
#2803=VERTEX_POINT('',#2802);
#2804=CARTESIAN_POINT('',(126.137241,-138.725851514,0.));
#2805=DIRECTION('',(0.,-1.,0.));
#2806=VECTOR('',#2805,13.019148486);
#2807=LINE('',#2804,#2806);
#2808=EDGE_CURVE('',#2794,#2803,#2807,.T.);
#2809=ORIENTED_EDGE('',*,*,#2808,.T.);
#2810=CARTESIAN_POINT('',(125.639747281,-152.295,0.));
#2811=VERTEX_POINT('',#2810);
#2812=CARTESIAN_POINT('',(126.137241,-152.245,0.));
#2813=DIRECTION('',(0.,0.,-1.));
#2814=DIRECTION('',(-1.,0.,0.));
#2815=AXIS2_PLACEMENT_3D('',#2812,#2813,#2814);
#2816=CIRCLE('',#2815,0.5);
#2817=EDGE_CURVE('',#2803,#2811,#2816,.T.);
#2818=ORIENTED_EDGE('',*,*,#2817,.T.);
#2819=CARTESIAN_POINT('',(112.568092514,-152.295,0.));
#2820=VERTEX_POINT('',#2819);
#2821=CARTESIAN_POINT('',(125.639747281,-152.295,0.));
#2822=DIRECTION('',(-1.,0.,0.));
#2823=VECTOR('',#2822,13.071654767);
#2824=LINE('',#2821,#2823);
#2825=EDGE_CURVE('',#2811,#2820,#2824,.T.);
#2826=ORIENTED_EDGE('',*,*,#2825,.T.);
#2827=CARTESIAN_POINT('',(111.568107,-152.291194,0.));
#2828=VERTEX_POINT('',#2827);
#2829=CARTESIAN_POINT('',(112.068107,-152.291194,0.));
#2830=DIRECTION('',(0.,0.,-1.));
#2831=DIRECTION('',(-1.,0.,0.));
#2832=AXIS2_PLACEMENT_3D('',#2829,#2830,#2831);
#2833=CIRCLE('',#2832,0.5);
#2834=EDGE_CURVE('',#2820,#2828,#2833,.T.);
#2835=ORIENTED_EDGE('',*,*,#2834,.T.);
#2836=CARTESIAN_POINT('',(112.037241,-151.792147619,0.));
#2837=VERTEX_POINT('',#2836);
#2838=CARTESIAN_POINT('',(112.068107,-152.291194,0.));
#2839=DIRECTION('',(0.,0.,-1.));
#2840=DIRECTION('',(-1.,0.,0.));
#2841=AXIS2_PLACEMENT_3D('',#2838,#2839,#2840);
#2842=CIRCLE('',#2841,0.5);
#2843=EDGE_CURVE('',#2828,#2837,#2842,.T.);
#2844=ORIENTED_EDGE('',*,*,#2843,.T.);
#2845=CARTESIAN_POINT('',(112.037241,-138.697852381,0.));
#2846=VERTEX_POINT('',#2845);
#2847=CARTESIAN_POINT('',(112.037241,-151.792147619,0.));
#2848=DIRECTION('',(0.,1.,0.));
#2849=VECTOR('',#2848,13.094295239);
#2850=LINE('',#2847,#2849);
#2851=EDGE_CURVE('',#2837,#2846,#2850,.T.);
#2852=ORIENTED_EDGE('',*,*,#2851,.T.);
#2853=CARTESIAN_POINT('',(111.568107,-138.198806,0.));
#2854=VERTEX_POINT('',#2853);
#2855=CARTESIAN_POINT('',(112.068107,-138.198806,0.));
#2856=DIRECTION('',(0.,0.,-1.));
#2857=DIRECTION('',(-1.,0.,0.));
#2858=AXIS2_PLACEMENT_3D('',#2855,#2856,#2857);
#2859=CIRCLE('',#2858,0.5);
#2860=EDGE_CURVE('',#2846,#2854,#2859,.T.);
#2861=ORIENTED_EDGE('',*,*,#2860,.T.);
#2862=CARTESIAN_POINT('',(112.568092514,-138.195,0.));
#2863=VERTEX_POINT('',#2862);
#2864=CARTESIAN_POINT('',(112.068107,-138.198806,0.));
#2865=DIRECTION('',(0.,0.,-1.));
#2866=DIRECTION('',(-1.,0.,0.));
#2867=AXIS2_PLACEMENT_3D('',#2864,#2865,#2866);
#2868=CIRCLE('',#2867,0.5);
#2869=EDGE_CURVE('',#2854,#2863,#2868,.T.);
#2870=ORIENTED_EDGE('',*,*,#2869,.T.);
#2871=CARTESIAN_POINT('',(112.568092514,-138.195,0.));
#2872=DIRECTION('',(1.,0.,-0.));
#2873=VECTOR('',#2872,13.066296105);
#2874=LINE('',#2871,#2873);
#2875=EDGE_CURVE('',#2863,#2792,#2874,.T.);
#2876=ORIENTED_EDGE('',*,*,#2875,.T.);
#2877=EDGE_LOOP('',(#2801,#2809,#2818,#2826,#2835,#2844,#2852,#2861,#2870,#2876));
#2878=FACE_BOUND('',#2877,.T.);
#2879=CARTESIAN_POINT('',(92.987241,-124.4575,0.));
#2880=VERTEX_POINT('',#2879);
#2881=CARTESIAN_POINT('',(92.487241,-123.9575,0.));
#2882=VERTEX_POINT('',#2881);
#2883=CARTESIAN_POINT('',(92.987241,-123.9575,0.));
#2884=DIRECTION('',(0.,0.,-1.));
#2885=DIRECTION('',(-1.,0.,0.));
#2886=AXIS2_PLACEMENT_3D('',#2883,#2884,#2885);
#2887=CIRCLE('',#2886,0.5);
#2888=EDGE_CURVE('',#2880,#2882,#2887,.T.);
#2889=ORIENTED_EDGE('',*,*,#2888,.T.);
#2890=CARTESIAN_POINT('',(93.484734719,-123.9075,0.));
#2891=VERTEX_POINT('',#2890);
#2892=CARTESIAN_POINT('',(92.987241,-123.9575,0.));
#2893=DIRECTION('',(0.,0.,-1.));
#2894=DIRECTION('',(-1.,0.,0.));
#2895=AXIS2_PLACEMENT_3D('',#2892,#2893,#2894);
#2896=CIRCLE('',#2895,0.5);
#2897=EDGE_CURVE('',#2882,#2891,#2896,.T.);
#2898=ORIENTED_EDGE('',*,*,#2897,.T.);
#2899=CARTESIAN_POINT('',(106.589747281,-123.9075,0.));
#2900=VERTEX_POINT('',#2899);
#2901=CARTESIAN_POINT('',(93.484734719,-123.9075,0.));
#2902=DIRECTION('',(1.,0.,-0.));
#2903=VECTOR('',#2902,13.105012563);
#2904=LINE('',#2901,#2903);
#2905=EDGE_CURVE('',#2891,#2900,#2904,.T.);
#2906=ORIENTED_EDGE('',*,*,#2905,.T.);
#2907=CARTESIAN_POINT('',(107.087241,-124.4575,0.));
#2908=VERTEX_POINT('',#2907);
#2909=CARTESIAN_POINT('',(107.087241,-123.9575,0.));
#2910=DIRECTION('',(0.,0.,-1.));
#2911=DIRECTION('',(-1.,0.,0.));
#2912=AXIS2_PLACEMENT_3D('',#2909,#2910,#2911);
#2913=CIRCLE('',#2912,0.5);
#2914=EDGE_CURVE('',#2900,#2908,#2913,.T.);
#2915=ORIENTED_EDGE('',*,*,#2914,.T.);
#2916=CARTESIAN_POINT('',(107.087241,-137.510006281,0.));
#2917=VERTEX_POINT('',#2916);
#2918=CARTESIAN_POINT('',(107.087241,-124.4575,0.));
#2919=DIRECTION('',(0.,-1.,0.));
#2920=VECTOR('',#2919,13.052506281);
#2921=LINE('',#2918,#2920);
#2922=EDGE_CURVE('',#2908,#2917,#2921,.T.);
#2923=ORIENTED_EDGE('',*,*,#2922,.T.);
#2924=CARTESIAN_POINT('',(106.537241,-138.0075,0.));
#2925=VERTEX_POINT('',#2924);
#2926=CARTESIAN_POINT('',(107.037241,-138.0075,0.));
#2927=DIRECTION('',(0.,0.,-1.));
#2928=DIRECTION('',(-1.,0.,0.));
#2929=AXIS2_PLACEMENT_3D('',#2926,#2927,#2928);
#2930=CIRCLE('',#2929,0.5);
#2931=EDGE_CURVE('',#2917,#2925,#2930,.T.);
#2932=ORIENTED_EDGE('',*,*,#2931,.T.);
#2933=CARTESIAN_POINT('',(93.518092514,-138.0075,0.));
#2934=VERTEX_POINT('',#2933);
#2935=CARTESIAN_POINT('',(106.537241,-138.0075,0.));
#2936=DIRECTION('',(-1.,0.,0.));
#2937=VECTOR('',#2936,13.019148486);
#2938=LINE('',#2935,#2937);
#2939=EDGE_CURVE('',#2925,#2934,#2938,.T.);
#2940=ORIENTED_EDGE('',*,*,#2939,.T.);
#2941=CARTESIAN_POINT('',(92.518107,-138.003694,0.));
#2942=VERTEX_POINT('',#2941);
#2943=CARTESIAN_POINT('',(93.018107,-138.003694,0.));
#2944=DIRECTION('',(0.,0.,-1.));
#2945=DIRECTION('',(-1.,0.,0.));
#2946=AXIS2_PLACEMENT_3D('',#2943,#2944,#2945);
#2947=CIRCLE('',#2946,0.5);
#2948=EDGE_CURVE('',#2934,#2942,#2947,.T.);
#2949=ORIENTED_EDGE('',*,*,#2948,.T.);
#2950=CARTESIAN_POINT('',(92.987241,-137.504647619,0.));
#2951=VERTEX_POINT('',#2950);
#2952=CARTESIAN_POINT('',(93.018107,-138.003694,0.));
#2953=DIRECTION('',(0.,0.,-1.));
#2954=DIRECTION('',(-1.,0.,0.));
#2955=AXIS2_PLACEMENT_3D('',#2952,#2953,#2954);
#2956=CIRCLE('',#2955,0.5);
#2957=EDGE_CURVE('',#2942,#2951,#2956,.T.);
#2958=ORIENTED_EDGE('',*,*,#2957,.T.);
#2959=CARTESIAN_POINT('',(92.987241,-137.504647619,0.));
#2960=DIRECTION('',(0.,1.,0.));
#2961=VECTOR('',#2960,13.047147619);
#2962=LINE('',#2959,#2961);
#2963=EDGE_CURVE('',#2951,#2880,#2962,.T.);
#2964=ORIENTED_EDGE('',*,*,#2963,.T.);
#2965=EDGE_LOOP('',(#2889,#2898,#2906,#2915,#2923,#2932,#2940,#2949,#2958,#2964));
#2966=FACE_BOUND('',#2965,.T.);
#2967=CARTESIAN_POINT('',(126.137241,-132.747506281,0.));
#2968=VERTEX_POINT('',#2967);
#2969=CARTESIAN_POINT('',(125.587241,-133.245,0.));
#2970=VERTEX_POINT('',#2969);
#2971=CARTESIAN_POINT('',(126.087241,-133.245,0.));
#2972=DIRECTION('',(0.,0.,-1.));
#2973=DIRECTION('',(-1.,0.,0.));
#2974=AXIS2_PLACEMENT_3D('',#2971,#2972,#2973);
#2975=CIRCLE('',#2974,0.5);
#2976=EDGE_CURVE('',#2968,#2970,#2975,.T.);
#2977=ORIENTED_EDGE('',*,*,#2976,.T.);
#2978=CARTESIAN_POINT('',(112.587241,-133.245,0.));
#2979=VERTEX_POINT('',#2978);
#2980=CARTESIAN_POINT('',(125.587241,-133.245,0.));
#2981=DIRECTION('',(-1.,0.,0.));
#2982=VECTOR('',#2981,13.);
#2983=LINE('',#2980,#2982);
#2984=EDGE_CURVE('',#2970,#2979,#2983,.T.);
#2985=ORIENTED_EDGE('',*,*,#2984,.T.);
#2986=CARTESIAN_POINT('',(111.587241,-133.245,0.));
#2987=VERTEX_POINT('',#2986);
#2988=CARTESIAN_POINT('',(112.087241,-133.245,0.));
#2989=DIRECTION('',(0.,0.,-1.));
#2990=DIRECTION('',(-1.,0.,0.));
#2991=AXIS2_PLACEMENT_3D('',#2988,#2989,#2990);
#2992=CIRCLE('',#2991,0.5);
#2993=EDGE_CURVE('',#2979,#2987,#2992,.T.);
#2994=ORIENTED_EDGE('',*,*,#2993,.T.);
#2995=CARTESIAN_POINT('',(112.037241,-132.747506281,0.));
#2996=VERTEX_POINT('',#2995);
#2997=CARTESIAN_POINT('',(112.087241,-133.245,0.));
#2998=DIRECTION('',(0.,0.,-1.));
#2999=DIRECTION('',(-1.,0.,0.));
#3000=AXIS2_PLACEMENT_3D('',#2997,#2998,#2999);
#3001=CIRCLE('',#3000,0.5);
#3002=EDGE_CURVE('',#2987,#2996,#3001,.T.);
#3003=ORIENTED_EDGE('',*,*,#3002,.T.);
#3004=CARTESIAN_POINT('',(112.037241,-119.695,0.));
#3005=VERTEX_POINT('',#3004);
#3006=CARTESIAN_POINT('',(112.037241,-132.747506281,0.));
#3007=DIRECTION('',(0.,1.,0.));
#3008=VECTOR('',#3007,13.052506281);
#3009=LINE('',#3006,#3008);
#3010=EDGE_CURVE('',#2996,#3005,#3009,.T.);
#3011=ORIENTED_EDGE('',*,*,#3010,.T.);
#3012=CARTESIAN_POINT('',(111.537241,-119.195,0.));
#3013=VERTEX_POINT('',#3012);
#3014=CARTESIAN_POINT('',(112.037241,-119.195,0.));
#3015=DIRECTION('',(0.,0.,-1.));
#3016=DIRECTION('',(-1.,0.,0.));
#3017=AXIS2_PLACEMENT_3D('',#3014,#3015,#3016);
#3018=CIRCLE('',#3017,0.5);
#3019=EDGE_CURVE('',#3005,#3013,#3018,.T.);
#3020=ORIENTED_EDGE('',*,*,#3019,.T.);
#3021=CARTESIAN_POINT('',(112.534734719,-119.145,0.));
#3022=VERTEX_POINT('',#3021);
#3023=CARTESIAN_POINT('',(112.037241,-119.195,0.));
#3024=DIRECTION('',(0.,0.,-1.));
#3025=DIRECTION('',(-1.,0.,0.));
#3026=AXIS2_PLACEMENT_3D('',#3023,#3024,#3025);
#3027=CIRCLE('',#3026,0.5);
#3028=EDGE_CURVE('',#3013,#3022,#3027,.T.);
#3029=ORIENTED_EDGE('',*,*,#3028,.T.);
#3030=CARTESIAN_POINT('',(125.587241,-119.145,0.));
#3031=VERTEX_POINT('',#3030);
#3032=CARTESIAN_POINT('',(112.534734719,-119.145,0.));
#3033=DIRECTION('',(1.,0.,-0.));
#3034=VECTOR('',#3033,13.052506281);
#3035=LINE('',#3032,#3034);
#3036=EDGE_CURVE('',#3022,#3031,#3035,.T.);
#3037=ORIENTED_EDGE('',*,*,#3036,.T.);
#3038=CARTESIAN_POINT('',(126.137241,-119.642493719,0.));
#3039=VERTEX_POINT('',#3038);
#3040=CARTESIAN_POINT('',(126.087241,-119.145,0.));
#3041=DIRECTION('',(0.,0.,-1.));
#3042=DIRECTION('',(-1.,0.,0.));
#3043=AXIS2_PLACEMENT_3D('',#3040,#3041,#3042);
#3044=CIRCLE('',#3043,0.5);
#3045=EDGE_CURVE('',#3031,#3039,#3044,.T.);
#3046=ORIENTED_EDGE('',*,*,#3045,.T.);
#3047=CARTESIAN_POINT('',(126.137241,-119.642493719,0.));
#3048=DIRECTION('',(0.,-1.,0.));
#3049=VECTOR('',#3048,13.105012563);
#3050=LINE('',#3047,#3049);
#3051=EDGE_CURVE('',#3039,#2968,#3050,.T.);
#3052=ORIENTED_EDGE('',*,*,#3051,.T.);
#3053=EDGE_LOOP('',(#2977,#2985,#2994,#3003,#3011,#3020,#3029,#3037,#3046,#3052));
#3054=FACE_BOUND('',#3053,.T.);
#3055=CARTESIAN_POINT('',(145.187241,-147.035006281,0.));
#3056=VERTEX_POINT('',#3055);
#3057=CARTESIAN_POINT('',(144.637241,-147.5325,0.));
#3058=VERTEX_POINT('',#3057);
#3059=CARTESIAN_POINT('',(145.137241,-147.5325,0.));
#3060=DIRECTION('',(0.,0.,-1.));
#3061=DIRECTION('',(-1.,0.,0.));
#3062=AXIS2_PLACEMENT_3D('',#3059,#3060,#3061);
#3063=CIRCLE('',#3062,0.5);
#3064=EDGE_CURVE('',#3056,#3058,#3063,.T.);
#3065=ORIENTED_EDGE('',*,*,#3064,.T.);
#3066=CARTESIAN_POINT('',(131.618092514,-147.5325,0.));
#3067=VERTEX_POINT('',#3066);
#3068=CARTESIAN_POINT('',(144.637241,-147.5325,0.));
#3069=DIRECTION('',(-1.,0.,0.));
#3070=VECTOR('',#3069,13.019148486);
#3071=LINE('',#3068,#3070);
#3072=EDGE_CURVE('',#3058,#3067,#3071,.T.);
#3073=ORIENTED_EDGE('',*,*,#3072,.T.);
#3074=CARTESIAN_POINT('',(130.618107,-147.528694,0.));
#3075=VERTEX_POINT('',#3074);
#3076=CARTESIAN_POINT('',(131.118107,-147.528694,0.));
#3077=DIRECTION('',(0.,0.,-1.));
#3078=DIRECTION('',(-1.,0.,0.));
#3079=AXIS2_PLACEMENT_3D('',#3076,#3077,#3078);
#3080=CIRCLE('',#3079,0.5);
#3081=EDGE_CURVE('',#3067,#3075,#3080,.T.);
#3082=ORIENTED_EDGE('',*,*,#3081,.T.);
#3083=CARTESIAN_POINT('',(131.087241,-147.029647619,0.));
#3084=VERTEX_POINT('',#3083);
#3085=CARTESIAN_POINT('',(131.118107,-147.528694,0.));
#3086=DIRECTION('',(0.,0.,-1.));
#3087=DIRECTION('',(-1.,0.,0.));
#3088=AXIS2_PLACEMENT_3D('',#3085,#3086,#3087);
#3089=CIRCLE('',#3088,0.5);
#3090=EDGE_CURVE('',#3075,#3084,#3089,.T.);
#3091=ORIENTED_EDGE('',*,*,#3090,.T.);
#3092=CARTESIAN_POINT('',(131.087241,-133.9825,0.));
#3093=VERTEX_POINT('',#3092);
#3094=CARTESIAN_POINT('',(131.087241,-147.029647619,0.));
#3095=DIRECTION('',(0.,1.,0.));
#3096=VECTOR('',#3095,13.047147619);
#3097=LINE('',#3094,#3096);
#3098=EDGE_CURVE('',#3084,#3093,#3097,.T.);
#3099=ORIENTED_EDGE('',*,*,#3098,.T.);
#3100=CARTESIAN_POINT('',(130.587241,-133.4825,0.));
#3101=VERTEX_POINT('',#3100);
#3102=CARTESIAN_POINT('',(131.087241,-133.4825,0.));
#3103=DIRECTION('',(0.,0.,-1.));
#3104=DIRECTION('',(-1.,0.,0.));
#3105=AXIS2_PLACEMENT_3D('',#3102,#3103,#3104);
#3106=CIRCLE('',#3105,0.5);
#3107=EDGE_CURVE('',#3093,#3101,#3106,.T.);
#3108=ORIENTED_EDGE('',*,*,#3107,.T.);
#3109=CARTESIAN_POINT('',(131.584734719,-133.4325,0.));
#3110=VERTEX_POINT('',#3109);
#3111=CARTESIAN_POINT('',(131.087241,-133.4825,0.));
#3112=DIRECTION('',(0.,0.,-1.));
#3113=DIRECTION('',(-1.,0.,0.));
#3114=AXIS2_PLACEMENT_3D('',#3111,#3112,#3113);
#3115=CIRCLE('',#3114,0.5);
#3116=EDGE_CURVE('',#3101,#3110,#3115,.T.);
#3117=ORIENTED_EDGE('',*,*,#3116,.T.);
#3118=CARTESIAN_POINT('',(144.689747281,-133.4325,0.));
#3119=VERTEX_POINT('',#3118);
#3120=CARTESIAN_POINT('',(131.584734719,-133.4325,0.));
#3121=DIRECTION('',(1.,0.,-0.));
#3122=VECTOR('',#3121,13.105012563);
#3123=LINE('',#3120,#3122);
#3124=EDGE_CURVE('',#3110,#3119,#3123,.T.);
#3125=ORIENTED_EDGE('',*,*,#3124,.T.);
#3126=CARTESIAN_POINT('',(145.187241,-133.9825,0.));
#3127=VERTEX_POINT('',#3126);
#3128=CARTESIAN_POINT('',(145.187241,-133.4825,0.));
#3129=DIRECTION('',(0.,0.,-1.));
#3130=DIRECTION('',(-1.,0.,0.));
#3131=AXIS2_PLACEMENT_3D('',#3128,#3129,#3130);
#3132=CIRCLE('',#3131,0.5);
#3133=EDGE_CURVE('',#3119,#3127,#3132,.T.);
#3134=ORIENTED_EDGE('',*,*,#3133,.T.);
#3135=CARTESIAN_POINT('',(145.187241,-133.9825,0.));
#3136=DIRECTION('',(0.,-1.,0.));
#3137=VECTOR('',#3136,13.052506281);
#3138=LINE('',#3135,#3137);
#3139=EDGE_CURVE('',#3127,#3056,#3138,.T.);
#3140=ORIENTED_EDGE('',*,*,#3139,.T.);
#3141=EDGE_LOOP('',(#3065,#3073,#3082,#3091,#3099,#3108,#3117,#3125,#3134,#3140));
#3142=FACE_BOUND('',#3141,.T.);
#3143=CARTESIAN_POINT('',(87.487241,-133.4325,0.));
#3144=VERTEX_POINT('',#3143);
#3145=CARTESIAN_POINT('',(88.037241,-133.929993719,0.));
#3146=VERTEX_POINT('',#3145);
#3147=CARTESIAN_POINT('',(87.987241,-133.4325,0.));
#3148=DIRECTION('',(0.,0.,-1.));
#3149=DIRECTION('',(-1.,0.,0.));
#3150=AXIS2_PLACEMENT_3D('',#3147,#3148,#3149);
#3151=CIRCLE('',#3150,0.5);
#3152=EDGE_CURVE('',#3144,#3146,#3151,.T.);
#3153=ORIENTED_EDGE('',*,*,#3152,.T.);
#3154=CARTESIAN_POINT('',(88.037241,-147.035006281,0.));
#3155=VERTEX_POINT('',#3154);
#3156=CARTESIAN_POINT('',(88.037241,-133.929993719,0.));
#3157=DIRECTION('',(0.,-1.,0.));
#3158=VECTOR('',#3157,13.105012563);
#3159=LINE('',#3156,#3158);
#3160=EDGE_CURVE('',#3146,#3155,#3159,.T.);
#3161=ORIENTED_EDGE('',*,*,#3160,.T.);
#3162=CARTESIAN_POINT('',(87.487241,-147.5325,0.));
#3163=VERTEX_POINT('',#3162);
#3164=CARTESIAN_POINT('',(87.987241,-147.5325,0.));
#3165=DIRECTION('',(0.,0.,-1.));
#3166=DIRECTION('',(-1.,0.,0.));
#3167=AXIS2_PLACEMENT_3D('',#3164,#3165,#3166);
#3168=CIRCLE('',#3167,0.5);
#3169=EDGE_CURVE('',#3155,#3163,#3168,.T.);
#3170=ORIENTED_EDGE('',*,*,#3169,.T.);
#3171=CARTESIAN_POINT('',(74.487241,-147.5325,0.));
#3172=VERTEX_POINT('',#3171);
#3173=CARTESIAN_POINT('',(87.487241,-147.5325,0.));
#3174=DIRECTION('',(-1.,0.,0.));
#3175=VECTOR('',#3174,13.);
#3176=LINE('',#3173,#3175);
#3177=EDGE_CURVE('',#3163,#3172,#3176,.T.);
#3178=ORIENTED_EDGE('',*,*,#3177,.T.);
#3179=CARTESIAN_POINT('',(73.487241,-147.5325,0.));
#3180=VERTEX_POINT('',#3179);
#3181=CARTESIAN_POINT('',(73.987241,-147.5325,0.));
#3182=DIRECTION('',(0.,0.,-1.));
#3183=DIRECTION('',(-1.,0.,0.));
#3184=AXIS2_PLACEMENT_3D('',#3181,#3182,#3183);
#3185=CIRCLE('',#3184,0.5);
#3186=EDGE_CURVE('',#3172,#3180,#3185,.T.);
#3187=ORIENTED_EDGE('',*,*,#3186,.T.);
#3188=CARTESIAN_POINT('',(73.937241,-147.035006281,0.));
#3189=VERTEX_POINT('',#3188);
#3190=CARTESIAN_POINT('',(73.987241,-147.5325,0.));
#3191=DIRECTION('',(0.,0.,-1.));
#3192=DIRECTION('',(-1.,0.,0.));
#3193=AXIS2_PLACEMENT_3D('',#3190,#3191,#3192);
#3194=CIRCLE('',#3193,0.5);
#3195=EDGE_CURVE('',#3180,#3189,#3194,.T.);
#3196=ORIENTED_EDGE('',*,*,#3195,.T.);
#3197=CARTESIAN_POINT('',(73.937241,-133.9825,0.));
#3198=VERTEX_POINT('',#3197);
#3199=CARTESIAN_POINT('',(73.937241,-147.035006281,0.));
#3200=DIRECTION('',(0.,1.,0.));
#3201=VECTOR('',#3200,13.052506281);
#3202=LINE('',#3199,#3201);
#3203=EDGE_CURVE('',#3189,#3198,#3202,.T.);
#3204=ORIENTED_EDGE('',*,*,#3203,.T.);
#3205=CARTESIAN_POINT('',(73.437241,-133.4825,0.));
#3206=VERTEX_POINT('',#3205);
#3207=CARTESIAN_POINT('',(73.937241,-133.4825,0.));
#3208=DIRECTION('',(0.,0.,-1.));
#3209=DIRECTION('',(-1.,0.,0.));
#3210=AXIS2_PLACEMENT_3D('',#3207,#3208,#3209);
#3211=CIRCLE('',#3210,0.5);
#3212=EDGE_CURVE('',#3198,#3206,#3211,.T.);
#3213=ORIENTED_EDGE('',*,*,#3212,.T.);
#3214=CARTESIAN_POINT('',(74.434734719,-133.4325,0.));
#3215=VERTEX_POINT('',#3214);
#3216=CARTESIAN_POINT('',(73.937241,-133.4825,0.));
#3217=DIRECTION('',(0.,0.,-1.));
#3218=DIRECTION('',(-1.,0.,0.));
#3219=AXIS2_PLACEMENT_3D('',#3216,#3217,#3218);
#3220=CIRCLE('',#3219,0.5);
#3221=EDGE_CURVE('',#3206,#3215,#3220,.T.);
#3222=ORIENTED_EDGE('',*,*,#3221,.T.);
#3223=CARTESIAN_POINT('',(74.434734719,-133.4325,0.));
#3224=DIRECTION('',(1.,0.,-0.));
#3225=VECTOR('',#3224,13.052506281);
#3226=LINE('',#3223,#3225);
#3227=EDGE_CURVE('',#3215,#3144,#3226,.T.);
#3228=ORIENTED_EDGE('',*,*,#3227,.T.);
#3229=EDGE_LOOP('',(#3153,#3161,#3170,#3178,#3187,#3196,#3204,#3213,#3222,#3228));
#3230=FACE_BOUND('',#3229,.T.);
#3231=CARTESIAN_POINT('',(131.584734719,-128.4825,0.));
#3232=VERTEX_POINT('',#3231);
#3233=CARTESIAN_POINT('',(130.587241,-128.4325,0.));
#3234=VERTEX_POINT('',#3233);
#3235=CARTESIAN_POINT('',(131.087241,-128.4325,0.));
#3236=DIRECTION('',(0.,0.,-1.));
#3237=DIRECTION('',(-1.,0.,0.));
#3238=AXIS2_PLACEMENT_3D('',#3235,#3236,#3237);
#3239=CIRCLE('',#3238,0.5);
#3240=EDGE_CURVE('',#3232,#3234,#3239,.T.);
#3241=ORIENTED_EDGE('',*,*,#3240,.T.);
#3242=CARTESIAN_POINT('',(131.087241,-127.9325,0.));
#3243=VERTEX_POINT('',#3242);
#3244=CARTESIAN_POINT('',(131.087241,-128.4325,0.));
#3245=DIRECTION('',(0.,0.,-1.));
#3246=DIRECTION('',(-1.,0.,0.));
#3247=AXIS2_PLACEMENT_3D('',#3244,#3245,#3246);
#3248=CIRCLE('',#3247,0.5);
#3249=EDGE_CURVE('',#3234,#3243,#3248,.T.);
#3250=ORIENTED_EDGE('',*,*,#3249,.T.);
#3251=CARTESIAN_POINT('',(131.087241,-114.9325,0.));
#3252=VERTEX_POINT('',#3251);
#3253=CARTESIAN_POINT('',(131.087241,-127.9325,0.));
#3254=DIRECTION('',(0.,1.,0.));
#3255=VECTOR('',#3254,13.);
#3256=LINE('',#3253,#3255);
#3257=EDGE_CURVE('',#3243,#3252,#3256,.T.);
#3258=ORIENTED_EDGE('',*,*,#3257,.T.);
#3259=CARTESIAN_POINT('',(130.587241,-114.4325,0.));
#3260=VERTEX_POINT('',#3259);
#3261=CARTESIAN_POINT('',(131.087241,-114.4325,0.));
#3262=DIRECTION('',(0.,0.,-1.));
#3263=DIRECTION('',(-1.,0.,0.));
#3264=AXIS2_PLACEMENT_3D('',#3261,#3262,#3263);
#3265=CIRCLE('',#3264,0.5);
#3266=EDGE_CURVE('',#3252,#3260,#3265,.T.);
#3267=ORIENTED_EDGE('',*,*,#3266,.T.);
#3268=CARTESIAN_POINT('',(131.584734719,-114.3825,0.));
#3269=VERTEX_POINT('',#3268);
#3270=CARTESIAN_POINT('',(131.087241,-114.4325,0.));
#3271=DIRECTION('',(0.,0.,-1.));
#3272=DIRECTION('',(-1.,0.,0.));
#3273=AXIS2_PLACEMENT_3D('',#3270,#3271,#3272);
#3274=CIRCLE('',#3273,0.5);
#3275=EDGE_CURVE('',#3260,#3269,#3274,.T.);
#3276=ORIENTED_EDGE('',*,*,#3275,.T.);
#3277=CARTESIAN_POINT('',(144.637241,-114.3825,0.));
#3278=VERTEX_POINT('',#3277);
#3279=CARTESIAN_POINT('',(131.584734719,-114.3825,0.));
#3280=DIRECTION('',(1.,0.,-0.));
#3281=VECTOR('',#3280,13.052506281);
#3282=LINE('',#3279,#3281);
#3283=EDGE_CURVE('',#3269,#3278,#3282,.T.);
#3284=ORIENTED_EDGE('',*,*,#3283,.T.);
#3285=CARTESIAN_POINT('',(145.187241,-114.879993719,0.));
#3286=VERTEX_POINT('',#3285);
#3287=CARTESIAN_POINT('',(145.137241,-114.3825,0.));
#3288=DIRECTION('',(0.,0.,-1.));
#3289=DIRECTION('',(-1.,0.,0.));
#3290=AXIS2_PLACEMENT_3D('',#3287,#3288,#3289);
#3291=CIRCLE('',#3290,0.5);
#3292=EDGE_CURVE('',#3278,#3286,#3291,.T.);
#3293=ORIENTED_EDGE('',*,*,#3292,.T.);
#3294=CARTESIAN_POINT('',(145.187241,-127.985006281,0.));
#3295=VERTEX_POINT('',#3294);
#3296=CARTESIAN_POINT('',(145.187241,-114.879993719,0.));
#3297=DIRECTION('',(0.,-1.,0.));
#3298=VECTOR('',#3297,13.105012563);
#3299=LINE('',#3296,#3298);
#3300=EDGE_CURVE('',#3286,#3295,#3299,.T.);
#3301=ORIENTED_EDGE('',*,*,#3300,.T.);
#3302=CARTESIAN_POINT('',(144.637241,-128.4825,0.));
#3303=VERTEX_POINT('',#3302);
#3304=CARTESIAN_POINT('',(145.137241,-128.4825,0.));
#3305=DIRECTION('',(0.,0.,-1.));
#3306=DIRECTION('',(-1.,0.,0.));
#3307=AXIS2_PLACEMENT_3D('',#3304,#3305,#3306);
#3308=CIRCLE('',#3307,0.5);
#3309=EDGE_CURVE('',#3295,#3303,#3308,.T.);
#3310=ORIENTED_EDGE('',*,*,#3309,.T.);
#3311=CARTESIAN_POINT('',(144.637241,-128.4825,0.));
#3312=DIRECTION('',(-1.,0.,0.));
#3313=VECTOR('',#3312,13.052506281);
#3314=LINE('',#3311,#3313);
#3315=EDGE_CURVE('',#3303,#3232,#3314,.T.);
#3316=ORIENTED_EDGE('',*,*,#3315,.T.);
#3317=EDGE_LOOP('',(#3241,#3250,#3258,#3267,#3276,#3284,#3293,#3301,#3310,#3316));
#3318=FACE_BOUND('',#3317,.T.);
#3319=CARTESIAN_POINT('',(125.587241,-100.095,0.));
#3320=VERTEX_POINT('',#3319);
#3321=CARTESIAN_POINT('',(126.137241,-100.592493719,0.));
#3322=VERTEX_POINT('',#3321);
#3323=CARTESIAN_POINT('',(126.087241,-100.095,0.));
#3324=DIRECTION('',(0.,0.,-1.));
#3325=DIRECTION('',(-1.,0.,0.));
#3326=AXIS2_PLACEMENT_3D('',#3323,#3324,#3325);
#3327=CIRCLE('',#3326,0.5);
#3328=EDGE_CURVE('',#3320,#3322,#3327,.T.);
#3329=ORIENTED_EDGE('',*,*,#3328,.T.);
#3330=CARTESIAN_POINT('',(126.137241,-113.645,0.));
#3331=VERTEX_POINT('',#3330);
#3332=CARTESIAN_POINT('',(126.137241,-100.592493719,0.));
#3333=DIRECTION('',(0.,-1.,0.));
#3334=VECTOR('',#3333,13.052506281);
#3335=LINE('',#3332,#3334);
#3336=EDGE_CURVE('',#3322,#3331,#3335,.T.);
#3337=ORIENTED_EDGE('',*,*,#3336,.T.);
#3338=CARTESIAN_POINT('',(125.639747281,-114.195,0.));
#3339=VERTEX_POINT('',#3338);
#3340=CARTESIAN_POINT('',(126.137241,-114.145,0.));
#3341=DIRECTION('',(0.,0.,-1.));
#3342=DIRECTION('',(-1.,0.,0.));
#3343=AXIS2_PLACEMENT_3D('',#3340,#3341,#3342);
#3344=CIRCLE('',#3343,0.5);
#3345=EDGE_CURVE('',#3331,#3339,#3344,.T.);
#3346=ORIENTED_EDGE('',*,*,#3345,.T.);
#3347=CARTESIAN_POINT('',(112.540093381,-114.195,0.));
#3348=VERTEX_POINT('',#3347);
#3349=CARTESIAN_POINT('',(125.639747281,-114.195,0.));
#3350=DIRECTION('',(-1.,0.,0.));
#3351=VECTOR('',#3350,13.099653901);
#3352=LINE('',#3349,#3351);
#3353=EDGE_CURVE('',#3339,#3348,#3352,.T.);
#3354=ORIENTED_EDGE('',*,*,#3353,.T.);
#3355=CARTESIAN_POINT('',(111.541047,-114.164134,0.));
#3356=VERTEX_POINT('',#3355);
#3357=CARTESIAN_POINT('',(112.041047,-114.164134,0.));
#3358=DIRECTION('',(0.,0.,-1.));
#3359=DIRECTION('',(-1.,0.,0.));
#3360=AXIS2_PLACEMENT_3D('',#3357,#3358,#3359);
#3361=CIRCLE('',#3360,0.5);
#3362=EDGE_CURVE('',#3348,#3356,#3361,.T.);
#3363=ORIENTED_EDGE('',*,*,#3362,.T.);
#3364=CARTESIAN_POINT('',(112.037241,-113.664148486,0.));
#3365=VERTEX_POINT('',#3364);
#3366=CARTESIAN_POINT('',(112.041047,-114.164134,0.));
#3367=DIRECTION('',(0.,0.,-1.));
#3368=DIRECTION('',(-1.,0.,0.));
#3369=AXIS2_PLACEMENT_3D('',#3366,#3367,#3368);
#3370=CIRCLE('',#3369,0.5);
#3371=EDGE_CURVE('',#3356,#3365,#3370,.T.);
#3372=ORIENTED_EDGE('',*,*,#3371,.T.);
#3373=CARTESIAN_POINT('',(112.037241,-100.645,0.));
#3374=VERTEX_POINT('',#3373);
#3375=CARTESIAN_POINT('',(112.037241,-113.664148486,0.));
#3376=DIRECTION('',(0.,1.,0.));
#3377=VECTOR('',#3376,13.019148486);
#3378=LINE('',#3375,#3377);
#3379=EDGE_CURVE('',#3365,#3374,#3378,.T.);
#3380=ORIENTED_EDGE('',*,*,#3379,.T.);
#3381=CARTESIAN_POINT('',(111.537241,-100.145,0.));
#3382=VERTEX_POINT('',#3381);
#3383=CARTESIAN_POINT('',(112.037241,-100.145,0.));
#3384=DIRECTION('',(0.,0.,-1.));
#3385=DIRECTION('',(-1.,0.,0.));
#3386=AXIS2_PLACEMENT_3D('',#3383,#3384,#3385);
#3387=CIRCLE('',#3386,0.5);
#3388=EDGE_CURVE('',#3374,#3382,#3387,.T.);
#3389=ORIENTED_EDGE('',*,*,#3388,.T.);
#3390=CARTESIAN_POINT('',(112.534734719,-100.095,0.));
#3391=VERTEX_POINT('',#3390);
#3392=CARTESIAN_POINT('',(112.037241,-100.145,0.));
#3393=DIRECTION('',(0.,0.,-1.));
#3394=DIRECTION('',(-1.,0.,0.));
#3395=AXIS2_PLACEMENT_3D('',#3392,#3393,#3394);
#3396=CIRCLE('',#3395,0.5);
#3397=EDGE_CURVE('',#3382,#3391,#3396,.T.);
#3398=ORIENTED_EDGE('',*,*,#3397,.T.);
#3399=CARTESIAN_POINT('',(112.534734719,-100.095,0.));
#3400=DIRECTION('',(1.,0.,-0.));
#3401=VECTOR('',#3400,13.052506281);
#3402=LINE('',#3399,#3401);
#3403=EDGE_CURVE('',#3391,#3320,#3402,.T.);
#3404=ORIENTED_EDGE('',*,*,#3403,.T.);
#3405=EDGE_LOOP('',(#3329,#3337,#3346,#3354,#3363,#3372,#3380,#3389,#3398,#3404));
#3406=FACE_BOUND('',#3405,.T.);
#3407=CARTESIAN_POINT('',(131.584734719,-109.4325,0.));
#3408=VERTEX_POINT('',#3407);
#3409=CARTESIAN_POINT('',(130.587241,-109.3825,0.));
#3410=VERTEX_POINT('',#3409);
#3411=CARTESIAN_POINT('',(131.087241,-109.3825,0.));
#3412=DIRECTION('',(0.,0.,-1.));
#3413=DIRECTION('',(-1.,0.,0.));
#3414=AXIS2_PLACEMENT_3D('',#3411,#3412,#3413);
#3415=CIRCLE('',#3414,0.5);
#3416=EDGE_CURVE('',#3408,#3410,#3415,.T.);
#3417=ORIENTED_EDGE('',*,*,#3416,.T.);
#3418=CARTESIAN_POINT('',(131.087241,-108.8825,0.));
#3419=VERTEX_POINT('',#3418);
#3420=CARTESIAN_POINT('',(131.087241,-109.3825,0.));
#3421=DIRECTION('',(0.,0.,-1.));
#3422=DIRECTION('',(-1.,0.,0.));
#3423=AXIS2_PLACEMENT_3D('',#3420,#3421,#3422);
#3424=CIRCLE('',#3423,0.5);
#3425=EDGE_CURVE('',#3410,#3419,#3424,.T.);
#3426=ORIENTED_EDGE('',*,*,#3425,.T.);
#3427=CARTESIAN_POINT('',(131.087241,-95.829993719,0.));
#3428=VERTEX_POINT('',#3427);
#3429=CARTESIAN_POINT('',(131.087241,-108.8825,0.));
#3430=DIRECTION('',(0.,1.,0.));
#3431=VECTOR('',#3430,13.052506281);
#3432=LINE('',#3429,#3431);
#3433=EDGE_CURVE('',#3419,#3428,#3432,.T.);
#3434=ORIENTED_EDGE('',*,*,#3433,.T.);
#3435=CARTESIAN_POINT('',(130.637241,-95.3325,0.));
#3436=VERTEX_POINT('',#3435);
#3437=CARTESIAN_POINT('',(131.137241,-95.3325,0.));
#3438=DIRECTION('',(0.,0.,-1.));
#3439=DIRECTION('',(-1.,0.,0.));
#3440=AXIS2_PLACEMENT_3D('',#3437,#3438,#3439);
#3441=CIRCLE('',#3440,0.5);
#3442=EDGE_CURVE('',#3428,#3436,#3441,.T.);
#3443=ORIENTED_EDGE('',*,*,#3442,.T.);
#3444=CARTESIAN_POINT('',(131.637241,-95.3325,0.));
#3445=VERTEX_POINT('',#3444);
#3446=CARTESIAN_POINT('',(131.137241,-95.3325,0.));
#3447=DIRECTION('',(0.,0.,-1.));
#3448=DIRECTION('',(-1.,0.,0.));
#3449=AXIS2_PLACEMENT_3D('',#3446,#3447,#3448);
#3450=CIRCLE('',#3449,0.5);
#3451=EDGE_CURVE('',#3436,#3445,#3450,.T.);
#3452=ORIENTED_EDGE('',*,*,#3451,.T.);
#3453=CARTESIAN_POINT('',(144.656389486,-95.3325,0.));
#3454=VERTEX_POINT('',#3453);
#3455=CARTESIAN_POINT('',(131.637241,-95.3325,0.));
#3456=DIRECTION('',(1.,0.,-0.));
#3457=VECTOR('',#3456,13.019148486);
#3458=LINE('',#3455,#3457);
#3459=EDGE_CURVE('',#3445,#3454,#3458,.T.);
#3460=ORIENTED_EDGE('',*,*,#3459,.T.);
#3461=CARTESIAN_POINT('',(145.187241,-95.835352381,0.));
#3462=VERTEX_POINT('',#3461);
#3463=CARTESIAN_POINT('',(145.156375,-95.336306,0.));
#3464=DIRECTION('',(0.,0.,-1.));
#3465=DIRECTION('',(-1.,0.,0.));
#3466=AXIS2_PLACEMENT_3D('',#3463,#3464,#3465);
#3467=CIRCLE('',#3466,0.5);
#3468=EDGE_CURVE('',#3454,#3462,#3467,.T.);
#3469=ORIENTED_EDGE('',*,*,#3468,.T.);
#3470=CARTESIAN_POINT('',(145.187241,-108.935006281,0.));
#3471=VERTEX_POINT('',#3470);
#3472=CARTESIAN_POINT('',(145.187241,-95.835352381,0.));
#3473=DIRECTION('',(0.,-1.,0.));
#3474=VECTOR('',#3473,13.099653901);
#3475=LINE('',#3472,#3474);
#3476=EDGE_CURVE('',#3462,#3471,#3475,.T.);
#3477=ORIENTED_EDGE('',*,*,#3476,.T.);
#3478=CARTESIAN_POINT('',(144.637241,-109.4325,0.));
#3479=VERTEX_POINT('',#3478);
#3480=CARTESIAN_POINT('',(145.137241,-109.4325,0.));
#3481=DIRECTION('',(0.,0.,-1.));
#3482=DIRECTION('',(-1.,0.,0.));
#3483=AXIS2_PLACEMENT_3D('',#3480,#3481,#3482);
#3484=CIRCLE('',#3483,0.5);
#3485=EDGE_CURVE('',#3471,#3479,#3484,.T.);
#3486=ORIENTED_EDGE('',*,*,#3485,.T.);
#3487=CARTESIAN_POINT('',(144.637241,-109.4325,0.));
#3488=DIRECTION('',(-1.,0.,0.));
#3489=VECTOR('',#3488,13.052506281);
#3490=LINE('',#3487,#3489);
#3491=EDGE_CURVE('',#3479,#3408,#3490,.T.);
#3492=ORIENTED_EDGE('',*,*,#3491,.T.);
#3493=EDGE_LOOP('',(#3417,#3426,#3434,#3443,#3452,#3460,#3469,#3477,#3486,#3492));
#3494=FACE_BOUND('',#3493,.T.);
#3495=CARTESIAN_POINT('',(169.684734719,-138.0075,0.));
#3496=VERTEX_POINT('',#3495);
#3497=CARTESIAN_POINT('',(168.687241,-137.9575,0.));
#3498=VERTEX_POINT('',#3497);
#3499=CARTESIAN_POINT('',(169.187241,-137.9575,0.));
#3500=DIRECTION('',(0.,0.,-1.));
#3501=DIRECTION('',(-1.,0.,0.));
#3502=AXIS2_PLACEMENT_3D('',#3499,#3500,#3501);
#3503=CIRCLE('',#3502,0.5);
#3504=EDGE_CURVE('',#3496,#3498,#3503,.T.);
#3505=ORIENTED_EDGE('',*,*,#3504,.T.);
#3506=CARTESIAN_POINT('',(169.187241,-137.4575,0.));
#3507=VERTEX_POINT('',#3506);
#3508=CARTESIAN_POINT('',(169.187241,-137.9575,0.));
#3509=DIRECTION('',(0.,0.,-1.));
#3510=DIRECTION('',(-1.,0.,0.));
#3511=AXIS2_PLACEMENT_3D('',#3508,#3509,#3510);
#3512=CIRCLE('',#3511,0.5);
#3513=EDGE_CURVE('',#3498,#3507,#3512,.T.);
#3514=ORIENTED_EDGE('',*,*,#3513,.T.);
#3515=CARTESIAN_POINT('',(169.187241,-124.404993719,0.));
#3516=VERTEX_POINT('',#3515);
#3517=CARTESIAN_POINT('',(169.187241,-137.4575,0.));
#3518=DIRECTION('',(0.,1.,0.));
#3519=VECTOR('',#3518,13.052506281);
#3520=LINE('',#3517,#3519);
#3521=EDGE_CURVE('',#3507,#3516,#3520,.T.);
#3522=ORIENTED_EDGE('',*,*,#3521,.T.);
#3523=CARTESIAN_POINT('',(168.737241,-123.9075,0.));
#3524=VERTEX_POINT('',#3523);
#3525=CARTESIAN_POINT('',(169.237241,-123.9075,0.));
#3526=DIRECTION('',(0.,0.,-1.));
#3527=DIRECTION('',(-1.,0.,0.));
#3528=AXIS2_PLACEMENT_3D('',#3525,#3526,#3527);
#3529=CIRCLE('',#3528,0.5);
#3530=EDGE_CURVE('',#3516,#3524,#3529,.T.);
#3531=ORIENTED_EDGE('',*,*,#3530,.T.);
#3532=CARTESIAN_POINT('',(169.737241,-123.9075,0.));
#3533=VERTEX_POINT('',#3532);
#3534=CARTESIAN_POINT('',(169.237241,-123.9075,0.));
#3535=DIRECTION('',(0.,0.,-1.));
#3536=DIRECTION('',(-1.,0.,0.));
#3537=AXIS2_PLACEMENT_3D('',#3534,#3535,#3536);
#3538=CIRCLE('',#3537,0.5);
#3539=EDGE_CURVE('',#3524,#3533,#3538,.T.);
#3540=ORIENTED_EDGE('',*,*,#3539,.T.);
#3541=CARTESIAN_POINT('',(182.784388619,-123.9075,0.));
#3542=VERTEX_POINT('',#3541);
#3543=CARTESIAN_POINT('',(169.737241,-123.9075,0.));
#3544=DIRECTION('',(1.,0.,-0.));
#3545=VECTOR('',#3544,13.047147619);
#3546=LINE('',#3543,#3545);
#3547=EDGE_CURVE('',#3533,#3542,#3546,.T.);
#3548=ORIENTED_EDGE('',*,*,#3547,.T.);
#3549=CARTESIAN_POINT('',(183.287241,-124.438351514,0.));
#3550=VERTEX_POINT('',#3549);
#3551=CARTESIAN_POINT('',(183.283435,-123.938366,0.));
#3552=DIRECTION('',(0.,0.,-1.));
#3553=DIRECTION('',(-1.,0.,0.));
#3554=AXIS2_PLACEMENT_3D('',#3551,#3552,#3553);
#3555=CIRCLE('',#3554,0.5);
#3556=EDGE_CURVE('',#3542,#3550,#3555,.T.);
#3557=ORIENTED_EDGE('',*,*,#3556,.T.);
#3558=CARTESIAN_POINT('',(183.287241,-137.4575,0.));
#3559=VERTEX_POINT('',#3558);
#3560=CARTESIAN_POINT('',(183.287241,-124.438351514,0.));
#3561=DIRECTION('',(0.,-1.,0.));
#3562=VECTOR('',#3561,13.019148486);
#3563=LINE('',#3560,#3562);
#3564=EDGE_CURVE('',#3550,#3559,#3563,.T.);
#3565=ORIENTED_EDGE('',*,*,#3564,.T.);
#3566=CARTESIAN_POINT('',(182.789747281,-138.0075,0.));
#3567=VERTEX_POINT('',#3566);
#3568=CARTESIAN_POINT('',(183.287241,-137.9575,0.));
#3569=DIRECTION('',(0.,0.,-1.));
#3570=DIRECTION('',(-1.,0.,0.));
#3571=AXIS2_PLACEMENT_3D('',#3568,#3569,#3570);
#3572=CIRCLE('',#3571,0.5);
#3573=EDGE_CURVE('',#3559,#3567,#3572,.T.);
#3574=ORIENTED_EDGE('',*,*,#3573,.T.);
#3575=CARTESIAN_POINT('',(182.789747281,-138.0075,0.));
#3576=DIRECTION('',(-1.,0.,0.));
#3577=VECTOR('',#3576,13.105012563);
#3578=LINE('',#3575,#3577);
#3579=EDGE_CURVE('',#3567,#3496,#3578,.T.);
#3580=ORIENTED_EDGE('',*,*,#3579,.T.);
#3581=EDGE_LOOP('',(#3505,#3514,#3522,#3531,#3540,#3548,#3557,#3565,#3574,#3580));
#3582=FACE_BOUND('',#3581,.T.);
#3583=CARTESIAN_POINT('',(164.237241,-132.747506281,0.));
#3584=VERTEX_POINT('',#3583);
#3585=CARTESIAN_POINT('',(163.687241,-133.245,0.));
#3586=VERTEX_POINT('',#3585);
#3587=CARTESIAN_POINT('',(164.187241,-133.245,0.));
#3588=DIRECTION('',(0.,0.,-1.));
#3589=DIRECTION('',(-1.,0.,0.));
#3590=AXIS2_PLACEMENT_3D('',#3587,#3588,#3589);
#3591=CIRCLE('',#3590,0.5);
#3592=EDGE_CURVE('',#3584,#3586,#3591,.T.);
#3593=ORIENTED_EDGE('',*,*,#3592,.T.);
#3594=CARTESIAN_POINT('',(150.640093381,-133.245,0.));
#3595=VERTEX_POINT('',#3594);
#3596=CARTESIAN_POINT('',(163.687241,-133.245,0.));
#3597=DIRECTION('',(-1.,0.,0.));
#3598=VECTOR('',#3597,13.047147619);
#3599=LINE('',#3596,#3598);
#3600=EDGE_CURVE('',#3586,#3595,#3599,.T.);
#3601=ORIENTED_EDGE('',*,*,#3600,.T.);
#3602=CARTESIAN_POINT('',(149.641047,-133.214134,0.));
#3603=VERTEX_POINT('',#3602);
#3604=CARTESIAN_POINT('',(150.141047,-133.214134,0.));
#3605=DIRECTION('',(0.,0.,-1.));
#3606=DIRECTION('',(-1.,0.,0.));
#3607=AXIS2_PLACEMENT_3D('',#3604,#3605,#3606);
#3608=CIRCLE('',#3607,0.5);
#3609=EDGE_CURVE('',#3595,#3603,#3608,.T.);
#3610=ORIENTED_EDGE('',*,*,#3609,.T.);
#3611=CARTESIAN_POINT('',(150.137241,-132.714148486,0.));
#3612=VERTEX_POINT('',#3611);
#3613=CARTESIAN_POINT('',(150.141047,-133.214134,0.));
#3614=DIRECTION('',(0.,0.,-1.));
#3615=DIRECTION('',(-1.,0.,0.));
#3616=AXIS2_PLACEMENT_3D('',#3613,#3614,#3615);
#3617=CIRCLE('',#3616,0.5);
#3618=EDGE_CURVE('',#3603,#3612,#3617,.T.);
#3619=ORIENTED_EDGE('',*,*,#3618,.T.);
#3620=CARTESIAN_POINT('',(150.137241,-119.695,0.));
#3621=VERTEX_POINT('',#3620);
#3622=CARTESIAN_POINT('',(150.137241,-132.714148486,0.));
#3623=DIRECTION('',(0.,1.,0.));
#3624=VECTOR('',#3623,13.019148486);
#3625=LINE('',#3622,#3624);
#3626=EDGE_CURVE('',#3612,#3621,#3625,.T.);
#3627=ORIENTED_EDGE('',*,*,#3626,.T.);
#3628=CARTESIAN_POINT('',(149.637241,-119.195,0.));
#3629=VERTEX_POINT('',#3628);
#3630=CARTESIAN_POINT('',(150.137241,-119.195,0.));
#3631=DIRECTION('',(0.,0.,-1.));
#3632=DIRECTION('',(-1.,0.,0.));
#3633=AXIS2_PLACEMENT_3D('',#3630,#3631,#3632);
#3634=CIRCLE('',#3633,0.5);
#3635=EDGE_CURVE('',#3621,#3629,#3634,.T.);
#3636=ORIENTED_EDGE('',*,*,#3635,.T.);
#3637=CARTESIAN_POINT('',(150.634734719,-119.145,0.));
#3638=VERTEX_POINT('',#3637);
#3639=CARTESIAN_POINT('',(150.137241,-119.195,0.));
#3640=DIRECTION('',(0.,0.,-1.));
#3641=DIRECTION('',(-1.,0.,0.));
#3642=AXIS2_PLACEMENT_3D('',#3639,#3640,#3641);
#3643=CIRCLE('',#3642,0.5);
#3644=EDGE_CURVE('',#3629,#3638,#3643,.T.);
#3645=ORIENTED_EDGE('',*,*,#3644,.T.);
#3646=CARTESIAN_POINT('',(163.734388619,-119.145,0.));
#3647=VERTEX_POINT('',#3646);
#3648=CARTESIAN_POINT('',(150.634734719,-119.145,0.));
#3649=DIRECTION('',(1.,0.,-0.));
#3650=VECTOR('',#3649,13.099653901);
#3651=LINE('',#3648,#3650);
#3652=EDGE_CURVE('',#3638,#3647,#3651,.T.);
#3653=ORIENTED_EDGE('',*,*,#3652,.T.);
#3654=CARTESIAN_POINT('',(164.237241,-119.675851514,0.));
#3655=VERTEX_POINT('',#3654);
#3656=CARTESIAN_POINT('',(164.233435,-119.175866,0.));
#3657=DIRECTION('',(0.,0.,-1.));
#3658=DIRECTION('',(-1.,0.,0.));
#3659=AXIS2_PLACEMENT_3D('',#3656,#3657,#3658);
#3660=CIRCLE('',#3659,0.5);
#3661=EDGE_CURVE('',#3647,#3655,#3660,.T.);
#3662=ORIENTED_EDGE('',*,*,#3661,.T.);
#3663=CARTESIAN_POINT('',(164.237241,-119.675851514,0.));
#3664=DIRECTION('',(0.,-1.,0.));
#3665=VECTOR('',#3664,13.071654767);
#3666=LINE('',#3663,#3665);
#3667=EDGE_CURVE('',#3655,#3584,#3666,.T.);
#3668=ORIENTED_EDGE('',*,*,#3667,.T.);
#3669=EDGE_LOOP('',(#3593,#3601,#3610,#3619,#3627,#3636,#3645,#3653,#3662,#3668));
#3670=FACE_BOUND('',#3669,.T.);
#3671=CARTESIAN_POINT('',(169.684734719,-157.0575,0.));
#3672=VERTEX_POINT('',#3671);
#3673=CARTESIAN_POINT('',(168.687241,-157.0075,0.));
#3674=VERTEX_POINT('',#3673);
#3675=CARTESIAN_POINT('',(169.187241,-157.0075,0.));
#3676=DIRECTION('',(0.,0.,-1.));
#3677=DIRECTION('',(-1.,0.,0.));
#3678=AXIS2_PLACEMENT_3D('',#3675,#3676,#3677);
#3679=CIRCLE('',#3678,0.5);
#3680=EDGE_CURVE('',#3672,#3674,#3679,.T.);
#3681=ORIENTED_EDGE('',*,*,#3680,.T.);
#3682=CARTESIAN_POINT('',(169.187241,-156.5075,0.));
#3683=VERTEX_POINT('',#3682);
#3684=CARTESIAN_POINT('',(169.187241,-157.0075,0.));
#3685=DIRECTION('',(0.,0.,-1.));
#3686=DIRECTION('',(-1.,0.,0.));
#3687=AXIS2_PLACEMENT_3D('',#3684,#3685,#3686);
#3688=CIRCLE('',#3687,0.5);
#3689=EDGE_CURVE('',#3674,#3683,#3688,.T.);
#3690=ORIENTED_EDGE('',*,*,#3689,.T.);
#3691=CARTESIAN_POINT('',(169.187241,-143.5075,0.));
#3692=VERTEX_POINT('',#3691);
#3693=CARTESIAN_POINT('',(169.187241,-156.5075,0.));
#3694=DIRECTION('',(0.,1.,0.));
#3695=VECTOR('',#3694,13.);
#3696=LINE('',#3693,#3695);
#3697=EDGE_CURVE('',#3683,#3692,#3696,.T.);
#3698=ORIENTED_EDGE('',*,*,#3697,.T.);
#3699=CARTESIAN_POINT('',(168.687241,-143.0075,0.));
#3700=VERTEX_POINT('',#3699);
#3701=CARTESIAN_POINT('',(169.187241,-143.0075,0.));
#3702=DIRECTION('',(0.,0.,-1.));
#3703=DIRECTION('',(-1.,0.,0.));
#3704=AXIS2_PLACEMENT_3D('',#3701,#3702,#3703);
#3705=CIRCLE('',#3704,0.5);
#3706=EDGE_CURVE('',#3692,#3700,#3705,.T.);
#3707=ORIENTED_EDGE('',*,*,#3706,.T.);
#3708=CARTESIAN_POINT('',(169.684734719,-142.9575,0.));
#3709=VERTEX_POINT('',#3708);
#3710=CARTESIAN_POINT('',(169.187241,-143.0075,0.));
#3711=DIRECTION('',(0.,0.,-1.));
#3712=DIRECTION('',(-1.,0.,0.));
#3713=AXIS2_PLACEMENT_3D('',#3710,#3711,#3712);
#3714=CIRCLE('',#3713,0.5);
#3715=EDGE_CURVE('',#3700,#3709,#3714,.T.);
#3716=ORIENTED_EDGE('',*,*,#3715,.T.);
#3717=CARTESIAN_POINT('',(182.756389486,-142.9575,0.));
#3718=VERTEX_POINT('',#3717);
#3719=CARTESIAN_POINT('',(169.684734719,-142.9575,0.));
#3720=DIRECTION('',(1.,0.,-0.));
#3721=VECTOR('',#3720,13.071654767);
#3722=LINE('',#3719,#3721);
#3723=EDGE_CURVE('',#3709,#3718,#3722,.T.);
#3724=ORIENTED_EDGE('',*,*,#3723,.T.);
#3725=CARTESIAN_POINT('',(183.287241,-143.460352381,0.));
#3726=VERTEX_POINT('',#3725);
#3727=CARTESIAN_POINT('',(183.256375,-142.961306,0.));
#3728=DIRECTION('',(0.,0.,-1.));
#3729=DIRECTION('',(-1.,0.,0.));
#3730=AXIS2_PLACEMENT_3D('',#3727,#3728,#3729);
#3731=CIRCLE('',#3730,0.5);
#3732=EDGE_CURVE('',#3718,#3726,#3731,.T.);
#3733=ORIENTED_EDGE('',*,*,#3732,.T.);
#3734=CARTESIAN_POINT('',(183.287241,-156.554647619,0.));
#3735=VERTEX_POINT('',#3734);
#3736=CARTESIAN_POINT('',(183.287241,-143.460352381,0.));
#3737=DIRECTION('',(0.,-1.,0.));
#3738=VECTOR('',#3737,13.094295239);
#3739=LINE('',#3736,#3738);
#3740=EDGE_CURVE('',#3726,#3735,#3739,.T.);
#3741=ORIENTED_EDGE('',*,*,#3740,.T.);
#3742=CARTESIAN_POINT('',(182.756389486,-157.0575,0.));
#3743=VERTEX_POINT('',#3742);
#3744=CARTESIAN_POINT('',(183.256375,-157.053694,0.));
#3745=DIRECTION('',(0.,0.,-1.));
#3746=DIRECTION('',(-1.,0.,0.));
#3747=AXIS2_PLACEMENT_3D('',#3744,#3745,#3746);
#3748=CIRCLE('',#3747,0.5);
#3749=EDGE_CURVE('',#3735,#3743,#3748,.T.);
#3750=ORIENTED_EDGE('',*,*,#3749,.T.);
#3751=CARTESIAN_POINT('',(182.756389486,-157.0575,0.));
#3752=DIRECTION('',(-1.,0.,0.));
#3753=VECTOR('',#3752,13.071654767);
#3754=LINE('',#3751,#3753);
#3755=EDGE_CURVE('',#3743,#3672,#3754,.T.);
#3756=ORIENTED_EDGE('',*,*,#3755,.T.);
#3757=EDGE_LOOP('',(#3681,#3690,#3698,#3707,#3716,#3724,#3733,#3741,#3750,#3756));
#3758=FACE_BOUND('',#3757,.T.);
#3759=CARTESIAN_POINT('',(181.946101958,-180.863908095,0.));
#3760=VERTEX_POINT('',#3759);
#3761=CARTESIAN_POINT('',(181.269047,-181.33151,0.));
#3762=VERTEX_POINT('',#3761);
#3763=CARTESIAN_POINT('',(181.769047,-181.33151,0.));
#3764=DIRECTION('',(0.,0.,-1.));
#3765=DIRECTION('',(-1.,0.,0.));
#3766=AXIS2_PLACEMENT_3D('',#3763,#3764,#3765);
#3767=CIRCLE('',#3766,0.5);
#3768=EDGE_CURVE('',#3760,#3762,#3767,.T.);
#3769=ORIENTED_EDGE('',*,*,#3768,.T.);
#3770=CARTESIAN_POINT('',(181.286084092,-181.20210046,0.));
#3771=VERTEX_POINT('',#3770);
#3772=CARTESIAN_POINT('',(181.769047,-181.33151,0.));
#3773=DIRECTION('',(0.,0.,-1.));
#3774=DIRECTION('',(-1.,0.,0.));
#3775=AXIS2_PLACEMENT_3D('',#3772,#3773,#3774);
#3776=CIRCLE('',#3775,0.5);
#3777=EDGE_CURVE('',#3762,#3771,#3776,.T.);
#3778=ORIENTED_EDGE('',*,*,#3777,.T.);
#3779=CARTESIAN_POINT('',(168.710552997,-177.832496575,0.));
#3780=VERTEX_POINT('',#3779);
#3781=CARTESIAN_POINT('',(181.286084092,-181.20210046,0.));
#3782=DIRECTION('',(-0.965925817,0.25881908,0.));
#3783=VECTOR('',#3782,13.019147923);
#3784=LINE('',#3781,#3783);
#3785=EDGE_CURVE('',#3771,#3780,#3784,.T.);
#3786=ORIENTED_EDGE('',*,*,#3785,.T.);
#3787=CARTESIAN_POINT('',(167.728589,-177.699415,0.));
#3788=VERTEX_POINT('',#3787);
#3789=CARTESIAN_POINT('',(168.228589,-177.699415,0.));
#3790=DIRECTION('',(0.,0.,-1.));
#3791=DIRECTION('',(-1.,0.,0.));
#3792=AXIS2_PLACEMENT_3D('',#3789,#3790,#3791);
#3793=CIRCLE('',#3792,0.5);
#3794=EDGE_CURVE('',#3780,#3788,#3793,.T.);
#3795=ORIENTED_EDGE('',*,*,#3794,.T.);
#3796=CARTESIAN_POINT('',(168.327937737,-177.209384564,0.));
#3797=VERTEX_POINT('',#3796);
#3798=CARTESIAN_POINT('',(168.228589,-177.699415,0.));
#3799=DIRECTION('',(0.,0.,-1.));
#3800=DIRECTION('',(-1.,0.,0.));
#3801=AXIS2_PLACEMENT_3D('',#3798,#3799,#3800);
#3802=CIRCLE('',#3801,0.5);
#3803=EDGE_CURVE('',#3788,#3797,#3802,.T.);
#3804=ORIENTED_EDGE('',*,*,#3803,.T.);
#3805=CARTESIAN_POINT('',(171.70478846,-164.606807908,0.));
#3806=VERTEX_POINT('',#3805);
#3807=CARTESIAN_POINT('',(168.327937737,-177.209384564,0.));
#3808=DIRECTION('',(0.25881908,0.965925817,0.));
#3809=VECTOR('',#3808,13.047147549);
#3810=LINE('',#3807,#3809);
#3811=EDGE_CURVE('',#3797,#3806,#3810,.T.);
#3812=ORIENTED_EDGE('',*,*,#3811,.T.);
#3813=CARTESIAN_POINT('',(171.334198,-164.123845,0.));
#3814=VERTEX_POINT('',#3813);
#3815=CARTESIAN_POINT('',(171.834198,-164.123845,0.));
#3816=DIRECTION('',(0.,0.,-1.));
#3817=DIRECTION('',(-1.,0.,0.));
#3818=AXIS2_PLACEMENT_3D('',#3815,#3816,#3817);
#3819=CIRCLE('',#3818,0.5);
#3820=EDGE_CURVE('',#3806,#3814,#3819,.T.);
#3821=ORIENTED_EDGE('',*,*,#3820,.T.);
#3822=CARTESIAN_POINT('',(172.327680906,-164.20431003,0.));
#3823=VERTEX_POINT('',#3822);
#3824=CARTESIAN_POINT('',(171.834198,-164.123845,0.));
#3825=DIRECTION('',(0.,0.,-1.));
#3826=DIRECTION('',(-1.,0.,0.));
#3827=AXIS2_PLACEMENT_3D('',#3824,#3825,#3826);
#3828=CIRCLE('',#3827,0.5);
#3829=EDGE_CURVE('',#3814,#3823,#3828,.T.);
#3830=ORIENTED_EDGE('',*,*,#3829,.T.);
#3831=CARTESIAN_POINT('',(184.980970819,-167.594749331,0.));
#3832=VERTEX_POINT('',#3831);
#3833=CARTESIAN_POINT('',(172.327680906,-164.20431003,0.));
#3834=DIRECTION('',(0.965925817,-0.25881908,0.));
#3835=VECTOR('',#3834,13.099649776);
#3836=LINE('',#3833,#3835);
#3837=EDGE_CURVE('',#3823,#3832,#3836,.T.);
#3838=ORIENTED_EDGE('',*,*,#3837,.T.);
#3839=CARTESIAN_POINT('',(185.32929537,-168.237660202,0.));
#3840=VERTEX_POINT('',#3839);
#3841=CARTESIAN_POINT('',(185.455024,-167.753726,0.));
#3842=DIRECTION('',(0.,0.,-1.));
#3843=DIRECTION('',(-1.,0.,0.));
#3844=AXIS2_PLACEMENT_3D('',#3841,#3842,#3843);
#3845=CIRCLE('',#3844,0.5);
#3846=EDGE_CURVE('',#3832,#3840,#3845,.T.);
#3847=ORIENTED_EDGE('',*,*,#3846,.T.);
#3848=CARTESIAN_POINT('',(185.32929537,-168.237660202,0.));
#3849=DIRECTION('',(-0.25881908,-0.965925817,0.));
#3850=VECTOR('',#3849,13.071653817);
#3851=LINE('',#3848,#3850);
#3852=EDGE_CURVE('',#3840,#3760,#3851,.T.);
#3853=ORIENTED_EDGE('',*,*,#3852,.T.);
#3854=EDGE_LOOP('',(#3769,#3778,#3786,#3795,#3804,#3812,#3821,#3830,#3838,#3847,#3853));
#3855=FACE_BOUND('',#3854,.T.);
#3856=CARTESIAN_POINT('',(199.992843864,-189.84653693,0.));
#3857=VERTEX_POINT('',#3856);
#3858=CARTESIAN_POINT('',(199.223906,-190.268049,0.));
#3859=VERTEX_POINT('',#3858);
#3860=CARTESIAN_POINT('',(199.723906,-190.268049,0.));
#3861=DIRECTION('',(0.,0.,-1.));
#3862=DIRECTION('',(-1.,0.,0.));
#3863=AXIS2_PLACEMENT_3D('',#3860,#3861,#3862);
#3864=CIRCLE('',#3863,0.5);
#3865=EDGE_CURVE('',#3857,#3859,#3864,.T.);
#3866=ORIENTED_EDGE('',*,*,#3865,.T.);
#3867=CARTESIAN_POINT('',(199.284763847,-190.028979617,0.));
#3868=VERTEX_POINT('',#3867);
#3869=CARTESIAN_POINT('',(199.723906,-190.268049,0.));
#3870=DIRECTION('',(0.,0.,-1.));
#3871=DIRECTION('',(-1.,0.,0.));
#3872=AXIS2_PLACEMENT_3D('',#3869,#3870,#3871);
#3873=CIRCLE('',#3872,0.5);
#3874=EDGE_CURVE('',#3859,#3868,#3873,.T.);
#3875=ORIENTED_EDGE('',*,*,#3874,.T.);
#3876=CARTESIAN_POINT('',(187.85672307,-183.694313864,0.));
#3877=VERTEX_POINT('',#3876);
#3878=CARTESIAN_POINT('',(199.284763847,-190.028979617,0.));
#3879=DIRECTION('',(-0.87461973,0.48480958,0.));
#3880=VECTOR('',#3879,13.066296576);
#3881=LINE('',#3878,#3880);
#3882=EDGE_CURVE('',#3868,#3877,#3881,.T.);
#3883=ORIENTED_EDGE('',*,*,#3882,.T.);
#3884=CARTESIAN_POINT('',(186.935211,-183.425376,0.));
#3885=VERTEX_POINT('',#3884);
#3886=CARTESIAN_POINT('',(187.435211,-183.425376,0.));
#3887=DIRECTION('',(0.,0.,-1.));
#3888=DIRECTION('',(-1.,0.,0.));
#3889=AXIS2_PLACEMENT_3D('',#3886,#3887,#3888);
#3890=CIRCLE('',#3889,0.5);
#3891=EDGE_CURVE('',#3877,#3885,#3890,.T.);
#3892=ORIENTED_EDGE('',*,*,#3891,.T.);
#3893=CARTESIAN_POINT('',(187.674280368,-182.986233839,0.));
#3894=VERTEX_POINT('',#3893);
#3895=CARTESIAN_POINT('',(187.435211,-183.425376,0.));
#3896=DIRECTION('',(0.,0.,-1.));
#3897=DIRECTION('',(-1.,0.,0.));
#3898=AXIS2_PLACEMENT_3D('',#3895,#3896,#3897);
#3899=CIRCLE('',#3898,0.5);
#3900=EDGE_CURVE('',#3885,#3894,#3899,.T.);
#3901=ORIENTED_EDGE('',*,*,#3900,.T.);
#3902=CARTESIAN_POINT('',(194.011543439,-171.553506444,0.));
#3903=VERTEX_POINT('',#3902);
#3904=CARTESIAN_POINT('',(187.674280368,-182.986233839,0.));
#3905=DIRECTION('',(0.48480955,0.874619746,0.));
#3906=VECTOR('',#3905,13.071654789);
#3907=LINE('',#3904,#3906);
#3908=EDGE_CURVE('',#3894,#3903,#3907,.T.);
#3909=ORIENTED_EDGE('',*,*,#3908,.T.);
#3910=CARTESIAN_POINT('',(193.796464,-171.142629,0.));
#3911=VERTEX_POINT('',#3910);
#3912=CARTESIAN_POINT('',(194.296464,-171.142629,0.));
#3913=DIRECTION('',(0.,0.,-1.));
#3914=DIRECTION('',(-1.,0.,0.));
#3915=AXIS2_PLACEMENT_3D('',#3912,#3913,#3914);
#3916=CIRCLE('',#3915,0.5);
#3917=EDGE_CURVE('',#3903,#3911,#3916,.T.);
#3918=ORIENTED_EDGE('',*,*,#3917,.T.);
#3919=CARTESIAN_POINT('',(194.733773873,-171.385033775,0.));
#3920=VERTEX_POINT('',#3919);
#3921=CARTESIAN_POINT('',(194.296464,-171.142629,0.));
#3922=DIRECTION('',(0.,0.,-1.));
#3923=DIRECTION('',(-1.,0.,0.));
#3924=AXIS2_PLACEMENT_3D('',#3921,#3922,#3923);
#3925=CIRCLE('',#3924,0.5);
#3926=EDGE_CURVE('',#3911,#3920,#3925,.T.);
#3927=ORIENTED_EDGE('',*,*,#3926,.T.);
#3928=CARTESIAN_POINT('',(206.149753556,-177.713013439,0.));
#3929=VERTEX_POINT('',#3928);
#3930=CARTESIAN_POINT('',(194.733773873,-171.385033775,0.));
#3931=DIRECTION('',(0.874619746,-0.48480955,0.));
#3932=VECTOR('',#3931,13.052506225);
#3933=LINE('',#3930,#3932);
#3934=EDGE_CURVE('',#3920,#3929,#3933,.T.);
#3935=ORIENTED_EDGE('',*,*,#3934,.T.);
#3936=CARTESIAN_POINT('',(206.31822621,-178.435243865,0.));
#3937=VERTEX_POINT('',#3936);
#3938=CARTESIAN_POINT('',(206.560631,-177.997934,0.));
#3939=DIRECTION('',(0.,0.,-1.));
#3940=DIRECTION('',(-1.,0.,0.));
#3941=AXIS2_PLACEMENT_3D('',#3938,#3939,#3940);
#3942=CIRCLE('',#3941,0.5);
#3943=EDGE_CURVE('',#3929,#3937,#3942,.T.);
#3944=ORIENTED_EDGE('',*,*,#3943,.T.);
#3945=CARTESIAN_POINT('',(206.31822621,-178.435243865,0.));
#3946=DIRECTION('',(-0.48480958,-0.87461973,0.));
#3947=VECTOR('',#3946,13.047148012);
#3948=LINE('',#3945,#3947);
#3949=EDGE_CURVE('',#3937,#3857,#3948,.T.);
#3950=ORIENTED_EDGE('',*,*,#3949,.T.);
#3951=EDGE_LOOP('',(#3866,#3875,#3883,#3892,#3901,#3909,#3918,#3927,#3935,#3944,#3950));
#3952=FACE_BOUND('',#3951,.T.);
#3953=CARTESIAN_POINT('',(89.519993,-109.7625,0.));
#3954=VERTEX_POINT('',#3953);
#3955=CARTESIAN_POINT('',(90.019993,-109.2625,0.));
#3956=VERTEX_POINT('',#3955);
#3957=CARTESIAN_POINT('',(89.519993,-109.2625,0.));
#3958=DIRECTION('',(0.,0.,1.));
#3959=DIRECTION('',(1.,0.,-0.));
#3960=AXIS2_PLACEMENT_3D('',#3957,#3958,#3959);
#3961=CIRCLE('',#3960,0.5);
#3962=EDGE_CURVE('',#3954,#3956,#3961,.T.);
#3963=ORIENTED_EDGE('',*,*,#3962,.F.);
#3964=CARTESIAN_POINT('',(72.28,-109.7625,0.));
#3965=VERTEX_POINT('',#3964);
#3966=CARTESIAN_POINT('',(89.519993,-109.7625,0.));
#3967=DIRECTION('',(-1.,0.,0.));
#3968=VECTOR('',#3967,17.239993);
#3969=LINE('',#3966,#3968);
#3970=EDGE_CURVE('',#3954,#3965,#3969,.T.);
#3971=ORIENTED_EDGE('',*,*,#3970,.T.);
#3972=CARTESIAN_POINT('',(71.78,-109.2625,0.));
#3973=VERTEX_POINT('',#3972);
#3974=CARTESIAN_POINT('',(72.28,-109.2625,0.));
#3975=DIRECTION('',(0.,0.,1.));
#3976=DIRECTION('',(1.,0.,-0.));
#3977=AXIS2_PLACEMENT_3D('',#3974,#3975,#3976);
#3978=CIRCLE('',#3977,0.5);
#3979=EDGE_CURVE('',#3973,#3965,#3978,.T.);
#3980=ORIENTED_EDGE('',*,*,#3979,.F.);
#3981=CARTESIAN_POINT('',(71.78,-106.742498,0.));
#3982=VERTEX_POINT('',#3981);
#3983=CARTESIAN_POINT('',(71.78,-109.2625,0.));
#3984=DIRECTION('',(0.,1.,0.));
#3985=VECTOR('',#3984,2.520002);
#3986=LINE('',#3983,#3985);
#3987=EDGE_CURVE('',#3973,#3982,#3986,.T.);
#3988=ORIENTED_EDGE('',*,*,#3987,.T.);
#3989=CARTESIAN_POINT('',(72.28,-106.242498,0.));
#3990=VERTEX_POINT('',#3989);
#3991=CARTESIAN_POINT('',(72.28,-106.742498,0.));
#3992=DIRECTION('',(0.,0.,1.));
#3993=DIRECTION('',(1.,0.,-0.));
#3994=AXIS2_PLACEMENT_3D('',#3991,#3992,#3993);
#3995=CIRCLE('',#3994,0.5);
#3996=EDGE_CURVE('',#3990,#3982,#3995,.T.);
#3997=ORIENTED_EDGE('',*,*,#3996,.F.);
#3998=CARTESIAN_POINT('',(89.519993,-106.242498,0.));
#3999=VERTEX_POINT('',#3998);
#4000=CARTESIAN_POINT('',(72.28,-106.242498,0.));
#4001=DIRECTION('',(1.,0.,-0.));
#4002=VECTOR('',#4001,17.239993);
#4003=LINE('',#4000,#4002);
#4004=EDGE_CURVE('',#3990,#3999,#4003,.T.);
#4005=ORIENTED_EDGE('',*,*,#4004,.T.);
#4006=CARTESIAN_POINT('',(90.019993,-106.742498,0.));
#4007=VERTEX_POINT('',#4006);
#4008=CARTESIAN_POINT('',(89.519993,-106.742498,0.));
#4009=DIRECTION('',(0.,0.,1.));
#4010=DIRECTION('',(1.,0.,-0.));
#4011=AXIS2_PLACEMENT_3D('',#4008,#4009,#4010);
#4012=CIRCLE('',#4011,0.5);
#4013=EDGE_CURVE('',#4007,#3999,#4012,.T.);
#4014=ORIENTED_EDGE('',*,*,#4013,.F.);
#4015=CARTESIAN_POINT('',(90.019993,-106.742498,0.));
#4016=DIRECTION('',(0.,-1.,0.));
#4017=VECTOR('',#4016,2.520002);
#4018=LINE('',#4015,#4017);
#4019=EDGE_CURVE('',#4007,#3956,#4018,.T.);
#4020=ORIENTED_EDGE('',*,*,#4019,.T.);
#4021=EDGE_LOOP('',(#3963,#3971,#3980,#3988,#3997,#4005,#4014,#4020));
#4022=FACE_BOUND('',#4021,.T.);
#4023=ADVANCED_FACE('',(#2174,#2262,#2350,#2438,#2526,#2614,#2702,#2790,#2878,#2966,#3054,#3142,#3230,#3318,#3406,#3494,#3582,#3670,#3758,#3855,#3952,#4022),#1868,.T.);
#4024=CARTESIAN_POINT('',(175.494985505,-100.032496054,-1.2));
#4025=DIRECTION('',(1.,0.,0.));
#4026=DIRECTION('',(0.,0.,-1.));
#4027=AXIS2_PLACEMENT_3D('',#4024,#4025,#4026);
#4028=PLANE('',#4027);
#4029=CARTESIAN_POINT('',(175.494985505,-99.532496078,-2.2));
#4030=VERTEX_POINT('',#4029);
#4031=CARTESIAN_POINT('',(175.494985505,-99.532496078,-5.8));
#4032=VERTEX_POINT('',#4031);
#4033=CARTESIAN_POINT('',(175.494985505,-99.532496078,-2.2));
#4034=DIRECTION('',(0.,0.,-1.));
#4035=VECTOR('',#4034,3.6);
#4036=LINE('',#4033,#4035);
#4037=EDGE_CURVE('',#4030,#4032,#4036,.T.);
#4038=ORIENTED_EDGE('',*,*,#4037,.F.);
#4039=CARTESIAN_POINT('',(175.494985505,-99.532496078,-2.2));
#4040=DIRECTION('',(0.,-1.,0.));
#4041=VECTOR('',#4040,0.999999951);
#4042=LINE('',#4039,#4041);
#4043=EDGE_CURVE('',#4030,#1294,#4042,.T.);
#4044=ORIENTED_EDGE('',*,*,#4043,.T.);
#4045=ORIENTED_EDGE('',*,*,#1299,.T.);
#4046=CARTESIAN_POINT('',(175.494985505,-100.532496029,-5.8));
#4047=DIRECTION('',(-0.,1.,-0.));
#4048=VECTOR('',#4047,0.999999951);
#4049=LINE('',#4046,#4048);
#4050=EDGE_CURVE('',#1285,#4032,#4049,.T.);
#4051=ORIENTED_EDGE('',*,*,#4050,.T.);
#4052=EDGE_LOOP('',(#4038,#4044,#4045,#4051));
#4053=FACE_BOUND('',#4052,.T.);
#4054=ADVANCED_FACE('',(#4053),#4028,.T.);
#4055=CARTESIAN_POINT('',(208.494985505,-100.032496054,-1.2));
#4056=DIRECTION('',(-1.,0.000000001,0.));
#4057=DIRECTION('',(-0.000000001,-1.,0.));
#4058=AXIS2_PLACEMENT_3D('',#4055,#4056,#4057);
#4059=PLANE('',#4058);
#4060=ORIENTED_EDGE('',*,*,#1374,.T.);
#4061=CARTESIAN_POINT('',(208.494985505,-99.532496078,-2.2));
#4062=VERTEX_POINT('',#4061);
#4063=CARTESIAN_POINT('',(208.494985505,-100.532496029,-2.2));
#4064=DIRECTION('',(0.000000001,1.,0.));
#4065=VECTOR('',#4064,0.999999951);
#4066=LINE('',#4063,#4065);
#4067=EDGE_CURVE('',#91,#4062,#4066,.T.);
#4068=ORIENTED_EDGE('',*,*,#4067,.T.);
#4069=CARTESIAN_POINT('',(208.494985505,-99.532496078,-5.8));
#4070=VERTEX_POINT('',#4069);
#4071=CARTESIAN_POINT('',(208.494985505,-99.532496078,-5.8));
#4072=DIRECTION('',(-0.,-0.,1.));
#4073=VECTOR('',#4072,3.6);
#4074=LINE('',#4071,#4073);
#4075=EDGE_CURVE('',#4070,#4062,#4074,.T.);
#4076=ORIENTED_EDGE('',*,*,#4075,.F.);
#4077=CARTESIAN_POINT('',(208.494985505,-99.532496078,-5.8));
#4078=DIRECTION('',(-0.000000001,-1.,-0.));
#4079=VECTOR('',#4078,0.999999951);
#4080=LINE('',#4077,#4079);
#4081=EDGE_CURVE('',#4070,#1369,#4080,.T.);
#4082=ORIENTED_EDGE('',*,*,#4081,.T.);
#4083=EDGE_LOOP('',(#4060,#4068,#4076,#4082));
#4084=FACE_BOUND('',#4083,.T.);
#4085=ADVANCED_FACE('',(#4084),#4059,.T.);
#4086=CARTESIAN_POINT('',(0.,0.,-1.2));
#4087=DIRECTION('',(0.,0.,-1.));
#4088=DIRECTION('',(-1.,0.,0.));
#4089=AXIS2_PLACEMENT_3D('',#4086,#4087,#4088);
#4090=PLANE('',#4089);
#4091=CARTESIAN_POINT('',(207.494985505,-99.532496078,-1.2));
#4092=VERTEX_POINT('',#4091);
#4093=CARTESIAN_POINT('',(207.494985505,-99.532496078,-1.2));
#4094=DIRECTION('',(-0.000000001,-1.,-0.));
#4095=VECTOR('',#4094,0.999999951);
#4096=LINE('',#4093,#4095);
#4097=EDGE_CURVE('',#4092,#101,#4096,.T.);
#4098=ORIENTED_EDGE('',*,*,#4097,.T.);
#4099=ORIENTED_EDGE('',*,*,#106,.F.);
#4100=ORIENTED_EDGE('',*,*,#1365,.F.);
#4101=ORIENTED_EDGE('',*,*,#1358,.T.);
#4102=ORIENTED_EDGE('',*,*,#40,.T.);
#4103=CARTESIAN_POINT('',(213.274992532,-133.009631331,-1.2));
#4104=VERTEX_POINT('',#4103);
#4105=CARTESIAN_POINT('',(212.274992531,-133.009631555,-1.2));
#4106=DIRECTION('',(1.,0.000000224,-0.));
#4107=VECTOR('',#4106,1.000000001);
#4108=LINE('',#4105,#4107);
#4109=EDGE_CURVE('',#35,#4104,#4108,.T.);
#4110=ORIENTED_EDGE('',*,*,#4109,.T.);
#4111=CARTESIAN_POINT('',(213.274994101,-147.009631219,-1.2));
#4112=VERTEX_POINT('',#4111);
#4113=CARTESIAN_POINT('',(213.274994101,-147.009631219,-1.2));
#4114=DIRECTION('',(-0.000000112,1.,0.));
#4115=VECTOR('',#4114,13.999999888);
#4116=LINE('',#4113,#4115);
#4117=EDGE_CURVE('',#4112,#4104,#4116,.T.);
#4118=ORIENTED_EDGE('',*,*,#4117,.F.);
#4119=CARTESIAN_POINT('',(213.274994101,-147.009631219,-1.2));
#4120=DIRECTION('',(-1.,-0.000000112,-0.));
#4121=VECTOR('',#4120,1.000000001);
#4122=LINE('',#4119,#4121);
#4123=EDGE_CURVE('',#4112,#1219,#4122,.T.);
#4124=ORIENTED_EDGE('',*,*,#4123,.T.);
#4125=ORIENTED_EDGE('',*,*,#1226,.T.);
#4126=ORIENTED_EDGE('',*,*,#1429,.F.);
#4127=ORIENTED_EDGE('',*,*,#1447,.T.);
#4128=ORIENTED_EDGE('',*,*,#1478,.F.);
#4129=ORIENTED_EDGE('',*,*,#1494,.T.);
#4130=ORIENTED_EDGE('',*,*,#179,.T.);
#4131=ORIENTED_EDGE('',*,*,#218,.T.);
#4132=ORIENTED_EDGE('',*,*,#250,.T.);
#4133=ORIENTED_EDGE('',*,*,#1513,.F.);
#4134=ORIENTED_EDGE('',*,*,#283,.T.);
#4135=ORIENTED_EDGE('',*,*,#322,.T.);
#4136=ORIENTED_EDGE('',*,*,#354,.T.);
#4137=ORIENTED_EDGE('',*,*,#1538,.F.);
#4138=ORIENTED_EDGE('',*,*,#1556,.T.);
#4139=ORIENTED_EDGE('',*,*,#1587,.F.);
#4140=ORIENTED_EDGE('',*,*,#1605,.T.);
#4141=ORIENTED_EDGE('',*,*,#1629,.T.);
#4142=ORIENTED_EDGE('',*,*,#1653,.T.);
#4143=ORIENTED_EDGE('',*,*,#1683,.T.);
#4144=ORIENTED_EDGE('',*,*,#1700,.T.);
#4145=ORIENTED_EDGE('',*,*,#387,.F.);
#4146=ORIENTED_EDGE('',*,*,#1719,.F.);
#4147=ORIENTED_EDGE('',*,*,#427,.F.);
#4148=ORIENTED_EDGE('',*,*,#1753,.T.);
#4149=ORIENTED_EDGE('',*,*,#1747,.T.);
#4150=ORIENTED_EDGE('',*,*,#1738,.T.);
#4151=ORIENTED_EDGE('',*,*,#467,.T.);
#4152=ORIENTED_EDGE('',*,*,#516,.T.);
#4153=ORIENTED_EDGE('',*,*,#509,.F.);
#4154=ORIENTED_EDGE('',*,*,#500,.T.);
#4155=ORIENTED_EDGE('',*,*,#556,.T.);
#4156=ORIENTED_EDGE('',*,*,#1772,.F.);
#4157=ORIENTED_EDGE('',*,*,#589,.T.);
#4158=ORIENTED_EDGE('',*,*,#1806,.T.);
#4159=ORIENTED_EDGE('',*,*,#1799,.T.);
#4160=ORIENTED_EDGE('',*,*,#1790,.T.);
#4161=ORIENTED_EDGE('',*,*,#621,.F.);
#4162=ORIENTED_EDGE('',*,*,#1322,.F.);
#4163=ORIENTED_EDGE('',*,*,#139,.F.);
#4164=ORIENTED_EDGE('',*,*,#1339,.T.);
#4165=ORIENTED_EDGE('',*,*,#1275,.T.);
#4166=CARTESIAN_POINT('',(176.494985505,-99.532496078,-1.2));
#4167=VERTEX_POINT('',#4166);
#4168=CARTESIAN_POINT('',(176.494985505,-100.532496029,-1.2));
#4169=DIRECTION('',(-0.,1.,-0.));
#4170=VECTOR('',#4169,0.999999951);
#4171=LINE('',#4168,#4170);
#4172=EDGE_CURVE('',#1270,#4167,#4171,.T.);
#4173=ORIENTED_EDGE('',*,*,#4172,.T.);
#4174=CARTESIAN_POINT('',(207.494985505,-99.532496078,-1.2));
#4175=DIRECTION('',(-1.,0.,0.));
#4176=VECTOR('',#4175,31.);
#4177=LINE('',#4174,#4176);
#4178=EDGE_CURVE('',#4092,#4167,#4177,.T.);
#4179=ORIENTED_EDGE('',*,*,#4178,.F.);
#4180=EDGE_LOOP('',(#4098,#4099,#4100,#4101,#4102,#4110,#4118,#4124,#4125,#4126,#4127,#4128,#4129,#4130,#4131,#4132,#4133,#4134,#4135,#4136,#4137,#4138,#4139,#4140,#4141,#4142,
#4143,#4144,#4145,#4146,#4147,#4148,#4149,#4150,#4151,#4152,#4153,#4154,#4155,#4156,#4157,#4158,#4159,#4160,#4161,#4162,#4163,#4164,#4165,#4173,#4179));
#4181=FACE_BOUND('',#4180,.T.);
#4182=CARTESIAN_POINT('',(169.28,-162.0525,-1.2));
#4183=VERTEX_POINT('',#4182);
#4184=CARTESIAN_POINT('',(167.28,-162.0525,-1.2));
#4185=DIRECTION('',(-0.,-0.,-1.));
#4186=DIRECTION('',(1.,0.,-0.));
#4187=AXIS2_PLACEMENT_3D('',#4184,#4185,#4186);
#4188=CIRCLE('',#4187,2.);
#4189=EDGE_CURVE('',#4183,#4183,#4188,.T.);
#4190=ORIENTED_EDGE('',*,*,#4189,.F.);
#4191=EDGE_LOOP('',(#4190));
#4192=FACE_BOUND('',#4191,.T.);
#4193=CARTESIAN_POINT('',(92.58,-119.9525,-1.2));
#4194=VERTEX_POINT('',#4193);
#4195=CARTESIAN_POINT('',(90.58,-119.9525,-1.2));
#4196=DIRECTION('',(-0.,-0.,-1.));
#4197=DIRECTION('',(1.,0.,-0.));
#4198=AXIS2_PLACEMENT_3D('',#4195,#4196,#4197);
#4199=CIRCLE('',#4198,2.);
#4200=EDGE_CURVE('',#4194,#4194,#4199,.T.);
#4201=ORIENTED_EDGE('',*,*,#4200,.F.);
#4202=EDGE_LOOP('',(#4201));
#4203=FACE_BOUND('',#4202,.T.);
#4204=CARTESIAN_POINT('',(149.63,-100.1525,-1.2));
#4205=VERTEX_POINT('',#4204);
#4206=CARTESIAN_POINT('',(147.63,-100.1525,-1.2));
#4207=DIRECTION('',(-0.,-0.,-1.));
#4208=DIRECTION('',(1.,0.,-0.));
#4209=AXIS2_PLACEMENT_3D('',#4206,#4207,#4208);
#4210=CIRCLE('',#4209,2.);
#4211=EDGE_CURVE('',#4205,#4205,#4210,.T.);
#4212=ORIENTED_EDGE('',*,*,#4211,.F.);
#4213=EDGE_LOOP('',(#4212));
#4214=FACE_BOUND('',#4213,.T.);
#4215=CARTESIAN_POINT('',(92.58,-139.2025,-1.2));
#4216=VERTEX_POINT('',#4215);
#4217=CARTESIAN_POINT('',(90.58,-139.2025,-1.2));
#4218=DIRECTION('',(-0.,-0.,-1.));
#4219=DIRECTION('',(1.,0.,-0.));
#4220=AXIS2_PLACEMENT_3D('',#4217,#4218,#4219);
#4221=CIRCLE('',#4220,2.);
#4222=EDGE_CURVE('',#4216,#4216,#4221,.T.);
#4223=ORIENTED_EDGE('',*,*,#4222,.F.);
#4224=EDGE_LOOP('',(#4223));
#4225=FACE_BOUND('',#4224,.T.);
#4226=CARTESIAN_POINT('',(199.284763847,-190.028979617,-1.2));
#4227=VERTEX_POINT('',#4226);
#4228=CARTESIAN_POINT('',(187.85672307,-183.694313864,-1.2));
#4229=VERTEX_POINT('',#4228);
#4230=CARTESIAN_POINT('',(199.284763847,-190.028979617,-1.2));
#4231=DIRECTION('',(-0.87461973,0.48480958,0.));
#4232=VECTOR('',#4231,13.066296576);
#4233=LINE('',#4230,#4232);
#4234=EDGE_CURVE('',#4227,#4229,#4233,.T.);
#4235=ORIENTED_EDGE('',*,*,#4234,.F.);
#4236=CARTESIAN_POINT('',(199.223906,-190.268049,-1.2));
#4237=VERTEX_POINT('',#4236);
#4238=CARTESIAN_POINT('',(199.723906,-190.268049,-1.2));
#4239=DIRECTION('',(0.,0.,-1.));
#4240=DIRECTION('',(-1.,0.,0.));
#4241=AXIS2_PLACEMENT_3D('',#4238,#4239,#4240);
#4242=CIRCLE('',#4241,0.5);
#4243=EDGE_CURVE('',#4237,#4227,#4242,.T.);
#4244=ORIENTED_EDGE('',*,*,#4243,.F.);
#4245=CARTESIAN_POINT('',(199.992843864,-189.84653693,-1.2));
#4246=VERTEX_POINT('',#4245);
#4247=CARTESIAN_POINT('',(199.723906,-190.268049,-1.2));
#4248=DIRECTION('',(0.,0.,-1.));
#4249=DIRECTION('',(-1.,0.,0.));
#4250=AXIS2_PLACEMENT_3D('',#4247,#4248,#4249);
#4251=CIRCLE('',#4250,0.5);
#4252=EDGE_CURVE('',#4246,#4237,#4251,.T.);
#4253=ORIENTED_EDGE('',*,*,#4252,.F.);
#4254=CARTESIAN_POINT('',(206.31822621,-178.435243865,-1.2));
#4255=VERTEX_POINT('',#4254);
#4256=CARTESIAN_POINT('',(206.31822621,-178.435243865,-1.2));
#4257=DIRECTION('',(-0.48480958,-0.87461973,0.));
#4258=VECTOR('',#4257,13.047148012);
#4259=LINE('',#4256,#4258);
#4260=EDGE_CURVE('',#4255,#4246,#4259,.T.);
#4261=ORIENTED_EDGE('',*,*,#4260,.F.);
#4262=CARTESIAN_POINT('',(206.149753556,-177.713013439,-1.2));
#4263=VERTEX_POINT('',#4262);
#4264=CARTESIAN_POINT('',(206.560631,-177.997934,-1.2));
#4265=DIRECTION('',(0.,0.,-1.));
#4266=DIRECTION('',(-1.,0.,0.));
#4267=AXIS2_PLACEMENT_3D('',#4264,#4265,#4266);
#4268=CIRCLE('',#4267,0.5);
#4269=EDGE_CURVE('',#4263,#4255,#4268,.T.);
#4270=ORIENTED_EDGE('',*,*,#4269,.F.);
#4271=CARTESIAN_POINT('',(194.733773873,-171.385033775,-1.2));
#4272=VERTEX_POINT('',#4271);
#4273=CARTESIAN_POINT('',(194.733773873,-171.385033775,-1.2));
#4274=DIRECTION('',(0.874619746,-0.48480955,0.));
#4275=VECTOR('',#4274,13.052506225);
#4276=LINE('',#4273,#4275);
#4277=EDGE_CURVE('',#4272,#4263,#4276,.T.);
#4278=ORIENTED_EDGE('',*,*,#4277,.F.);
#4279=CARTESIAN_POINT('',(193.796464,-171.142629,-1.2));
#4280=VERTEX_POINT('',#4279);
#4281=CARTESIAN_POINT('',(194.296464,-171.142629,-1.2));
#4282=DIRECTION('',(0.,0.,-1.));
#4283=DIRECTION('',(-1.,0.,0.));
#4284=AXIS2_PLACEMENT_3D('',#4281,#4282,#4283);
#4285=CIRCLE('',#4284,0.5);
#4286=EDGE_CURVE('',#4280,#4272,#4285,.T.);
#4287=ORIENTED_EDGE('',*,*,#4286,.F.);
#4288=CARTESIAN_POINT('',(194.011543439,-171.553506444,-1.2));
#4289=VERTEX_POINT('',#4288);
#4290=CARTESIAN_POINT('',(194.296464,-171.142629,-1.2));
#4291=DIRECTION('',(0.,0.,-1.));
#4292=DIRECTION('',(-1.,0.,0.));
#4293=AXIS2_PLACEMENT_3D('',#4290,#4291,#4292);
#4294=CIRCLE('',#4293,0.5);
#4295=EDGE_CURVE('',#4289,#4280,#4294,.T.);
#4296=ORIENTED_EDGE('',*,*,#4295,.F.);
#4297=CARTESIAN_POINT('',(187.674280368,-182.986233839,-1.2));
#4298=VERTEX_POINT('',#4297);
#4299=CARTESIAN_POINT('',(187.674280368,-182.986233839,-1.2));
#4300=DIRECTION('',(0.48480955,0.874619746,0.));
#4301=VECTOR('',#4300,13.071654789);
#4302=LINE('',#4299,#4301);
#4303=EDGE_CURVE('',#4298,#4289,#4302,.T.);
#4304=ORIENTED_EDGE('',*,*,#4303,.F.);
#4305=CARTESIAN_POINT('',(186.935211,-183.425376,-1.2));
#4306=VERTEX_POINT('',#4305);
#4307=CARTESIAN_POINT('',(187.435211,-183.425376,-1.2));
#4308=DIRECTION('',(0.,0.,-1.));
#4309=DIRECTION('',(-1.,0.,0.));
#4310=AXIS2_PLACEMENT_3D('',#4307,#4308,#4309);
#4311=CIRCLE('',#4310,0.5);
#4312=EDGE_CURVE('',#4306,#4298,#4311,.T.);
#4313=ORIENTED_EDGE('',*,*,#4312,.F.);
#4314=CARTESIAN_POINT('',(187.435211,-183.425376,-1.2));
#4315=DIRECTION('',(0.,0.,-1.));
#4316=DIRECTION('',(-1.,0.,0.));
#4317=AXIS2_PLACEMENT_3D('',#4314,#4315,#4316);
#4318=CIRCLE('',#4317,0.5);
#4319=EDGE_CURVE('',#4229,#4306,#4318,.T.);
#4320=ORIENTED_EDGE('',*,*,#4319,.F.);
#4321=EDGE_LOOP('',(#4235,#4244,#4253,#4261,#4270,#4278,#4287,#4296,#4304,#4313,#4320));
#4322=FACE_BOUND('',#4321,.T.);
#4323=CARTESIAN_POINT('',(73.937241,-127.985006281,-1.2));
#4324=VERTEX_POINT('',#4323);
#4325=CARTESIAN_POINT('',(73.937241,-114.9325,-1.2));
#4326=VERTEX_POINT('',#4325);
#4327=CARTESIAN_POINT('',(73.937241,-127.985006281,-1.2));
#4328=DIRECTION('',(0.,1.,0.));
#4329=VECTOR('',#4328,13.052506281);
#4330=LINE('',#4327,#4329);
#4331=EDGE_CURVE('',#4324,#4326,#4330,.T.);
#4332=ORIENTED_EDGE('',*,*,#4331,.F.);
#4333=CARTESIAN_POINT('',(73.487241,-128.4825,-1.2));
#4334=VERTEX_POINT('',#4333);
#4335=CARTESIAN_POINT('',(73.987241,-128.4825,-1.2));
#4336=DIRECTION('',(0.,0.,-1.));
#4337=DIRECTION('',(-1.,0.,0.));
#4338=AXIS2_PLACEMENT_3D('',#4335,#4336,#4337);
#4339=CIRCLE('',#4338,0.5);
#4340=EDGE_CURVE('',#4334,#4324,#4339,.T.);
#4341=ORIENTED_EDGE('',*,*,#4340,.F.);
#4342=CARTESIAN_POINT('',(74.487241,-128.4825,-1.2));
#4343=VERTEX_POINT('',#4342);
#4344=CARTESIAN_POINT('',(73.987241,-128.4825,-1.2));
#4345=DIRECTION('',(0.,0.,-1.));
#4346=DIRECTION('',(-1.,0.,0.));
#4347=AXIS2_PLACEMENT_3D('',#4344,#4345,#4346);
#4348=CIRCLE('',#4347,0.5);
#4349=EDGE_CURVE('',#4343,#4334,#4348,.T.);
#4350=ORIENTED_EDGE('',*,*,#4349,.F.);
#4351=CARTESIAN_POINT('',(87.539747281,-128.4825,-1.2));
#4352=VERTEX_POINT('',#4351);
#4353=CARTESIAN_POINT('',(87.539747281,-128.4825,-1.2));
#4354=DIRECTION('',(-1.,0.,0.));
#4355=VECTOR('',#4354,13.052506281);
#4356=LINE('',#4353,#4355);
#4357=EDGE_CURVE('',#4352,#4343,#4356,.T.);
#4358=ORIENTED_EDGE('',*,*,#4357,.F.);
#4359=CARTESIAN_POINT('',(88.037241,-127.9325,-1.2));
#4360=VERTEX_POINT('',#4359);
#4361=CARTESIAN_POINT('',(88.037241,-128.4325,-1.2));
#4362=DIRECTION('',(0.,0.,-1.));
#4363=DIRECTION('',(-1.,0.,0.));
#4364=AXIS2_PLACEMENT_3D('',#4361,#4362,#4363);
#4365=CIRCLE('',#4364,0.5);
#4366=EDGE_CURVE('',#4360,#4352,#4365,.T.);
#4367=ORIENTED_EDGE('',*,*,#4366,.F.);
#4368=CARTESIAN_POINT('',(88.037241,-114.9325,-1.2));
#4369=VERTEX_POINT('',#4368);
#4370=CARTESIAN_POINT('',(88.037241,-114.9325,-1.2));
#4371=DIRECTION('',(0.,-1.,0.));
#4372=VECTOR('',#4371,13.);
#4373=LINE('',#4370,#4372);
#4374=EDGE_CURVE('',#4369,#4360,#4373,.T.);
#4375=ORIENTED_EDGE('',*,*,#4374,.F.);
#4376=CARTESIAN_POINT('',(87.539747281,-114.3825,-1.2));
#4377=VERTEX_POINT('',#4376);
#4378=CARTESIAN_POINT('',(88.037241,-114.4325,-1.2));
#4379=DIRECTION('',(0.,0.,-1.));
#4380=DIRECTION('',(-1.,0.,0.));
#4381=AXIS2_PLACEMENT_3D('',#4378,#4379,#4380);
#4382=CIRCLE('',#4381,0.5);
#4383=EDGE_CURVE('',#4377,#4369,#4382,.T.);
#4384=ORIENTED_EDGE('',*,*,#4383,.F.);
#4385=CARTESIAN_POINT('',(74.434734719,-114.3825,-1.2));
#4386=VERTEX_POINT('',#4385);
#4387=CARTESIAN_POINT('',(74.434734719,-114.3825,-1.2));
#4388=DIRECTION('',(1.,0.,-0.));
#4389=VECTOR('',#4388,13.105012563);
#4390=LINE('',#4387,#4389);
#4391=EDGE_CURVE('',#4386,#4377,#4390,.T.);
#4392=ORIENTED_EDGE('',*,*,#4391,.F.);
#4393=CARTESIAN_POINT('',(73.437241,-114.4325,-1.2));
#4394=VERTEX_POINT('',#4393);
#4395=CARTESIAN_POINT('',(73.937241,-114.4325,-1.2));
#4396=DIRECTION('',(0.,0.,-1.));
#4397=DIRECTION('',(-1.,0.,0.));
#4398=AXIS2_PLACEMENT_3D('',#4395,#4396,#4397);
#4399=CIRCLE('',#4398,0.5);
#4400=EDGE_CURVE('',#4394,#4386,#4399,.T.);
#4401=ORIENTED_EDGE('',*,*,#4400,.F.);
#4402=CARTESIAN_POINT('',(73.937241,-114.4325,-1.2));
#4403=DIRECTION('',(0.,0.,-1.));
#4404=DIRECTION('',(-1.,0.,0.));
#4405=AXIS2_PLACEMENT_3D('',#4402,#4403,#4404);
#4406=CIRCLE('',#4405,0.5);
#4407=EDGE_CURVE('',#4326,#4394,#4406,.T.);
#4408=ORIENTED_EDGE('',*,*,#4407,.F.);
#4409=EDGE_LOOP('',(#4332,#4341,#4350,#4358,#4367,#4375,#4384,#4392,#4401,#4408));
#4410=FACE_BOUND('',#4409,.T.);
#4411=CARTESIAN_POINT('',(92.987241,-118.440464627,-1.2));
#4412=VERTEX_POINT('',#4411);
#4413=CARTESIAN_POINT('',(92.987241,-105.354993719,-1.2));
#4414=VERTEX_POINT('',#4413);
#4415=CARTESIAN_POINT('',(92.987241,-118.440464627,-1.2));
#4416=DIRECTION('',(0.,1.,0.));
#4417=VECTOR('',#4416,13.085470909);
#4418=LINE('',#4415,#4417);
#4419=EDGE_CURVE('',#4412,#4414,#4418,.T.);
#4420=ORIENTED_EDGE('',*,*,#4419,.F.);
#4421=CARTESIAN_POINT('',(92.504577,-118.940164,-1.2));
#4422=VERTEX_POINT('',#4421);
#4423=CARTESIAN_POINT('',(93.004577,-118.940164,-1.2));
#4424=DIRECTION('',(0.,0.,-1.));
#4425=DIRECTION('',(-1.,0.,0.));
#4426=AXIS2_PLACEMENT_3D('',#4423,#4424,#4425);
#4427=CIRCLE('',#4426,0.5);
#4428=EDGE_CURVE('',#4422,#4412,#4427,.T.);
#4429=ORIENTED_EDGE('',*,*,#4428,.F.);
#4430=CARTESIAN_POINT('',(93.504276373,-118.9575,-1.2));
#4431=VERTEX_POINT('',#4430);
#4432=CARTESIAN_POINT('',(93.004577,-118.940164,-1.2));
#4433=DIRECTION('',(0.,0.,-1.));
#4434=DIRECTION('',(-1.,0.,0.));
#4435=AXIS2_PLACEMENT_3D('',#4432,#4433,#4434);
#4436=CIRCLE('',#4435,0.5);
#4437=EDGE_CURVE('',#4431,#4422,#4436,.T.);
#4438=ORIENTED_EDGE('',*,*,#4437,.F.);
#4439=CARTESIAN_POINT('',(106.589747281,-118.9575,-1.2));
#4440=VERTEX_POINT('',#4439);
#4441=CARTESIAN_POINT('',(106.589747281,-118.9575,-1.2));
#4442=DIRECTION('',(-1.,0.,0.));
#4443=VECTOR('',#4442,13.085470909);
#4444=LINE('',#4441,#4443);
#4445=EDGE_CURVE('',#4440,#4431,#4444,.T.);
#4446=ORIENTED_EDGE('',*,*,#4445,.F.);
#4447=CARTESIAN_POINT('',(107.087241,-118.4075,-1.2));
#4448=VERTEX_POINT('',#4447);
#4449=CARTESIAN_POINT('',(107.087241,-118.9075,-1.2));
#4450=DIRECTION('',(0.,0.,-1.));
#4451=DIRECTION('',(-1.,0.,0.));
#4452=AXIS2_PLACEMENT_3D('',#4449,#4450,#4451);
#4453=CIRCLE('',#4452,0.5);
#4454=EDGE_CURVE('',#4448,#4440,#4453,.T.);
#4455=ORIENTED_EDGE('',*,*,#4454,.F.);
#4456=CARTESIAN_POINT('',(107.087241,-105.388351514,-1.2));
#4457=VERTEX_POINT('',#4456);
#4458=CARTESIAN_POINT('',(107.087241,-105.388351514,-1.2));
#4459=DIRECTION('',(0.,-1.,0.));
#4460=VECTOR('',#4459,13.019148486);
#4461=LINE('',#4458,#4460);
#4462=EDGE_CURVE('',#4457,#4448,#4461,.T.);
#4463=ORIENTED_EDGE('',*,*,#4462,.F.);
#4464=CARTESIAN_POINT('',(106.584388619,-104.8575,-1.2));
#4465=VERTEX_POINT('',#4464);
#4466=CARTESIAN_POINT('',(107.083435,-104.888366,-1.2));
#4467=DIRECTION('',(0.,0.,-1.));
#4468=DIRECTION('',(-1.,0.,0.));
#4469=AXIS2_PLACEMENT_3D('',#4466,#4467,#4468);
#4470=CIRCLE('',#4469,0.5);
#4471=EDGE_CURVE('',#4465,#4457,#4470,.T.);
#4472=ORIENTED_EDGE('',*,*,#4471,.F.);
#4473=CARTESIAN_POINT('',(93.537241,-104.8575,-1.2));
#4474=VERTEX_POINT('',#4473);
#4475=CARTESIAN_POINT('',(93.537241,-104.8575,-1.2));
#4476=DIRECTION('',(1.,0.,-0.));
#4477=VECTOR('',#4476,13.047147619);
#4478=LINE('',#4475,#4477);
#4479=EDGE_CURVE('',#4474,#4465,#4478,.T.);
#4480=ORIENTED_EDGE('',*,*,#4479,.F.);
#4481=CARTESIAN_POINT('',(92.537241,-104.8575,-1.2));
#4482=VERTEX_POINT('',#4481);
#4483=CARTESIAN_POINT('',(93.037241,-104.8575,-1.2));
#4484=DIRECTION('',(0.,0.,-1.));
#4485=DIRECTION('',(-1.,0.,0.));
#4486=AXIS2_PLACEMENT_3D('',#4483,#4484,#4485);
#4487=CIRCLE('',#4486,0.5);
#4488=EDGE_CURVE('',#4482,#4474,#4487,.T.);
#4489=ORIENTED_EDGE('',*,*,#4488,.F.);
#4490=CARTESIAN_POINT('',(93.037241,-104.8575,-1.2));
#4491=DIRECTION('',(0.,0.,-1.));
#4492=DIRECTION('',(-1.,0.,0.));
#4493=AXIS2_PLACEMENT_3D('',#4490,#4491,#4492);
#4494=CIRCLE('',#4493,0.5);
#4495=EDGE_CURVE('',#4414,#4482,#4494,.T.);
#4496=ORIENTED_EDGE('',*,*,#4495,.F.);
#4497=EDGE_LOOP('',(#4420,#4429,#4438,#4446,#4455,#4463,#4472,#4480,#4489,#4496));
#4498=FACE_BOUND('',#4497,.T.);
#4499=CARTESIAN_POINT('',(126.137241,-100.592493719,-1.2));
#4500=VERTEX_POINT('',#4499);
#4501=CARTESIAN_POINT('',(126.137241,-113.645,-1.2));
#4502=VERTEX_POINT('',#4501);
#4503=CARTESIAN_POINT('',(126.137241,-100.592493719,-1.2));
#4504=DIRECTION('',(0.,-1.,0.));
#4505=VECTOR('',#4504,13.052506281);
#4506=LINE('',#4503,#4505);
#4507=EDGE_CURVE('',#4500,#4502,#4506,.T.);
#4508=ORIENTED_EDGE('',*,*,#4507,.F.);
#4509=CARTESIAN_POINT('',(125.587241,-100.095,-1.2));
#4510=VERTEX_POINT('',#4509);
#4511=CARTESIAN_POINT('',(126.087241,-100.095,-1.2));
#4512=DIRECTION('',(0.,0.,-1.));
#4513=DIRECTION('',(-1.,0.,0.));
#4514=AXIS2_PLACEMENT_3D('',#4511,#4512,#4513);
#4515=CIRCLE('',#4514,0.5);
#4516=EDGE_CURVE('',#4510,#4500,#4515,.T.);
#4517=ORIENTED_EDGE('',*,*,#4516,.F.);
#4518=CARTESIAN_POINT('',(112.534734719,-100.095,-1.2));
#4519=VERTEX_POINT('',#4518);
#4520=CARTESIAN_POINT('',(112.534734719,-100.095,-1.2));
#4521=DIRECTION('',(1.,0.,-0.));
#4522=VECTOR('',#4521,13.052506281);
#4523=LINE('',#4520,#4522);
#4524=EDGE_CURVE('',#4519,#4510,#4523,.T.);
#4525=ORIENTED_EDGE('',*,*,#4524,.F.);
#4526=CARTESIAN_POINT('',(111.537241,-100.145,-1.2));
#4527=VERTEX_POINT('',#4526);
#4528=CARTESIAN_POINT('',(112.037241,-100.145,-1.2));
#4529=DIRECTION('',(0.,0.,-1.));
#4530=DIRECTION('',(-1.,0.,0.));
#4531=AXIS2_PLACEMENT_3D('',#4528,#4529,#4530);
#4532=CIRCLE('',#4531,0.5);
#4533=EDGE_CURVE('',#4527,#4519,#4532,.T.);
#4534=ORIENTED_EDGE('',*,*,#4533,.F.);
#4535=CARTESIAN_POINT('',(112.037241,-100.645,-1.2));
#4536=VERTEX_POINT('',#4535);
#4537=CARTESIAN_POINT('',(112.037241,-100.145,-1.2));
#4538=DIRECTION('',(0.,0.,-1.));
#4539=DIRECTION('',(-1.,0.,0.));
#4540=AXIS2_PLACEMENT_3D('',#4537,#4538,#4539);
#4541=CIRCLE('',#4540,0.5);
#4542=EDGE_CURVE('',#4536,#4527,#4541,.T.);
#4543=ORIENTED_EDGE('',*,*,#4542,.F.);
#4544=CARTESIAN_POINT('',(112.037241,-113.664148486,-1.2));
#4545=VERTEX_POINT('',#4544);
#4546=CARTESIAN_POINT('',(112.037241,-113.664148486,-1.2));
#4547=DIRECTION('',(0.,1.,0.));
#4548=VECTOR('',#4547,13.019148486);
#4549=LINE('',#4546,#4548);
#4550=EDGE_CURVE('',#4545,#4536,#4549,.T.);
#4551=ORIENTED_EDGE('',*,*,#4550,.F.);
#4552=CARTESIAN_POINT('',(111.541047,-114.164134,-1.2));
#4553=VERTEX_POINT('',#4552);
#4554=CARTESIAN_POINT('',(112.041047,-114.164134,-1.2));
#4555=DIRECTION('',(0.,0.,-1.));
#4556=DIRECTION('',(-1.,0.,0.));
#4557=AXIS2_PLACEMENT_3D('',#4554,#4555,#4556);
#4558=CIRCLE('',#4557,0.5);
#4559=EDGE_CURVE('',#4553,#4545,#4558,.T.);
#4560=ORIENTED_EDGE('',*,*,#4559,.F.);
#4561=CARTESIAN_POINT('',(112.540093381,-114.195,-1.2));
#4562=VERTEX_POINT('',#4561);
#4563=CARTESIAN_POINT('',(112.041047,-114.164134,-1.2));
#4564=DIRECTION('',(0.,0.,-1.));
#4565=DIRECTION('',(-1.,0.,0.));
#4566=AXIS2_PLACEMENT_3D('',#4563,#4564,#4565);
#4567=CIRCLE('',#4566,0.5);
#4568=EDGE_CURVE('',#4562,#4553,#4567,.T.);
#4569=ORIENTED_EDGE('',*,*,#4568,.F.);
#4570=CARTESIAN_POINT('',(125.639747281,-114.195,-1.2));
#4571=VERTEX_POINT('',#4570);
#4572=CARTESIAN_POINT('',(125.639747281,-114.195,-1.2));
#4573=DIRECTION('',(-1.,0.,0.));
#4574=VECTOR('',#4573,13.099653901);
#4575=LINE('',#4572,#4574);
#4576=EDGE_CURVE('',#4571,#4562,#4575,.T.);
#4577=ORIENTED_EDGE('',*,*,#4576,.F.);
#4578=CARTESIAN_POINT('',(126.137241,-114.145,-1.2));
#4579=DIRECTION('',(0.,0.,-1.));
#4580=DIRECTION('',(-1.,0.,0.));
#4581=AXIS2_PLACEMENT_3D('',#4578,#4579,#4580);
#4582=CIRCLE('',#4581,0.5);
#4583=EDGE_CURVE('',#4502,#4571,#4582,.T.);
#4584=ORIENTED_EDGE('',*,*,#4583,.F.);
#4585=EDGE_LOOP('',(#4508,#4517,#4525,#4534,#4543,#4551,#4560,#4569,#4577,#4584));
#4586=FACE_BOUND('',#4585,.T.);
#4587=CARTESIAN_POINT('',(131.087241,-108.8825,-1.2));
#4588=VERTEX_POINT('',#4587);
#4589=CARTESIAN_POINT('',(131.087241,-95.829993719,-1.2));
#4590=VERTEX_POINT('',#4589);
#4591=CARTESIAN_POINT('',(131.087241,-108.8825,-1.2));
#4592=DIRECTION('',(0.,1.,0.));
#4593=VECTOR('',#4592,13.052506281);
#4594=LINE('',#4591,#4593);
#4595=EDGE_CURVE('',#4588,#4590,#4594,.T.);
#4596=ORIENTED_EDGE('',*,*,#4595,.F.);
#4597=CARTESIAN_POINT('',(130.587241,-109.3825,-1.2));
#4598=VERTEX_POINT('',#4597);
#4599=CARTESIAN_POINT('',(131.087241,-109.3825,-1.2));
#4600=DIRECTION('',(0.,0.,-1.));
#4601=DIRECTION('',(-1.,0.,0.));
#4602=AXIS2_PLACEMENT_3D('',#4599,#4600,#4601);
#4603=CIRCLE('',#4602,0.5);
#4604=EDGE_CURVE('',#4598,#4588,#4603,.T.);
#4605=ORIENTED_EDGE('',*,*,#4604,.F.);
#4606=CARTESIAN_POINT('',(131.584734719,-109.4325,-1.2));
#4607=VERTEX_POINT('',#4606);
#4608=CARTESIAN_POINT('',(131.087241,-109.3825,-1.2));
#4609=DIRECTION('',(0.,0.,-1.));
#4610=DIRECTION('',(-1.,0.,0.));
#4611=AXIS2_PLACEMENT_3D('',#4608,#4609,#4610);
#4612=CIRCLE('',#4611,0.5);
#4613=EDGE_CURVE('',#4607,#4598,#4612,.T.);
#4614=ORIENTED_EDGE('',*,*,#4613,.F.);
#4615=CARTESIAN_POINT('',(144.637241,-109.4325,-1.2));
#4616=VERTEX_POINT('',#4615);
#4617=CARTESIAN_POINT('',(144.637241,-109.4325,-1.2));
#4618=DIRECTION('',(-1.,0.,0.));
#4619=VECTOR('',#4618,13.052506281);
#4620=LINE('',#4617,#4619);
#4621=EDGE_CURVE('',#4616,#4607,#4620,.T.);
#4622=ORIENTED_EDGE('',*,*,#4621,.F.);
#4623=CARTESIAN_POINT('',(145.187241,-108.935006281,-1.2));
#4624=VERTEX_POINT('',#4623);
#4625=CARTESIAN_POINT('',(145.137241,-109.4325,-1.2));
#4626=DIRECTION('',(0.,0.,-1.));
#4627=DIRECTION('',(-1.,0.,0.));
#4628=AXIS2_PLACEMENT_3D('',#4625,#4626,#4627);
#4629=CIRCLE('',#4628,0.5);
#4630=EDGE_CURVE('',#4624,#4616,#4629,.T.);
#4631=ORIENTED_EDGE('',*,*,#4630,.F.);
#4632=CARTESIAN_POINT('',(145.187241,-95.835352381,-1.2));
#4633=VERTEX_POINT('',#4632);
#4634=CARTESIAN_POINT('',(145.187241,-95.835352381,-1.2));
#4635=DIRECTION('',(0.,-1.,0.));
#4636=VECTOR('',#4635,13.099653901);
#4637=LINE('',#4634,#4636);
#4638=EDGE_CURVE('',#4633,#4624,#4637,.T.);
#4639=ORIENTED_EDGE('',*,*,#4638,.F.);
#4640=CARTESIAN_POINT('',(144.656389486,-95.3325,-1.2));
#4641=VERTEX_POINT('',#4640);
#4642=CARTESIAN_POINT('',(145.156375,-95.336306,-1.2));
#4643=DIRECTION('',(0.,0.,-1.));
#4644=DIRECTION('',(-1.,0.,0.));
#4645=AXIS2_PLACEMENT_3D('',#4642,#4643,#4644);
#4646=CIRCLE('',#4645,0.5);
#4647=EDGE_CURVE('',#4641,#4633,#4646,.T.);
#4648=ORIENTED_EDGE('',*,*,#4647,.F.);
#4649=CARTESIAN_POINT('',(131.637241,-95.3325,-1.2));
#4650=VERTEX_POINT('',#4649);
#4651=CARTESIAN_POINT('',(131.637241,-95.3325,-1.2));
#4652=DIRECTION('',(1.,0.,-0.));
#4653=VECTOR('',#4652,13.019148486);
#4654=LINE('',#4651,#4653);
#4655=EDGE_CURVE('',#4650,#4641,#4654,.T.);
#4656=ORIENTED_EDGE('',*,*,#4655,.F.);
#4657=CARTESIAN_POINT('',(130.637241,-95.3325,-1.2));
#4658=VERTEX_POINT('',#4657);
#4659=CARTESIAN_POINT('',(131.137241,-95.3325,-1.2));
#4660=DIRECTION('',(0.,0.,-1.));
#4661=DIRECTION('',(-1.,0.,0.));
#4662=AXIS2_PLACEMENT_3D('',#4659,#4660,#4661);
#4663=CIRCLE('',#4662,0.5);
#4664=EDGE_CURVE('',#4658,#4650,#4663,.T.);
#4665=ORIENTED_EDGE('',*,*,#4664,.F.);
#4666=CARTESIAN_POINT('',(131.137241,-95.3325,-1.2));
#4667=DIRECTION('',(0.,0.,-1.));
#4668=DIRECTION('',(-1.,0.,0.));
#4669=AXIS2_PLACEMENT_3D('',#4666,#4667,#4668);
#4670=CIRCLE('',#4669,0.5);
#4671=EDGE_CURVE('',#4590,#4658,#4670,.T.);
#4672=ORIENTED_EDGE('',*,*,#4671,.F.);
#4673=EDGE_LOOP('',(#4596,#4605,#4614,#4622,#4631,#4639,#4648,#4656,#4665,#4672));
#4674=FACE_BOUND('',#4673,.T.);
#4675=CARTESIAN_POINT('',(89.519993,-109.7625,-1.2));
#4676=VERTEX_POINT('',#4675);
#4677=CARTESIAN_POINT('',(90.019993,-109.2625,-1.2));
#4678=VERTEX_POINT('',#4677);
#4679=CARTESIAN_POINT('',(89.519993,-109.2625,-1.2));
#4680=DIRECTION('',(0.,0.,1.));
#4681=DIRECTION('',(1.,0.,-0.));
#4682=AXIS2_PLACEMENT_3D('',#4679,#4680,#4681);
#4683=CIRCLE('',#4682,0.5);
#4684=EDGE_CURVE('',#4676,#4678,#4683,.T.);
#4685=ORIENTED_EDGE('',*,*,#4684,.T.);
#4686=CARTESIAN_POINT('',(90.019993,-106.742498,-1.2));
#4687=VERTEX_POINT('',#4686);
#4688=CARTESIAN_POINT('',(90.019993,-106.742498,-1.2));
#4689=DIRECTION('',(0.,-1.,0.));
#4690=VECTOR('',#4689,2.520002);
#4691=LINE('',#4688,#4690);
#4692=EDGE_CURVE('',#4687,#4678,#4691,.T.);
#4693=ORIENTED_EDGE('',*,*,#4692,.F.);
#4694=CARTESIAN_POINT('',(89.519993,-106.242498,-1.2));
#4695=VERTEX_POINT('',#4694);
#4696=CARTESIAN_POINT('',(89.519993,-106.742498,-1.2));
#4697=DIRECTION('',(0.,0.,1.));
#4698=DIRECTION('',(1.,0.,-0.));
#4699=AXIS2_PLACEMENT_3D('',#4696,#4697,#4698);
#4700=CIRCLE('',#4699,0.5);
#4701=EDGE_CURVE('',#4687,#4695,#4700,.T.);
#4702=ORIENTED_EDGE('',*,*,#4701,.T.);
#4703=CARTESIAN_POINT('',(72.28,-106.242498,-1.2));
#4704=VERTEX_POINT('',#4703);
#4705=CARTESIAN_POINT('',(72.28,-106.242498,-1.2));
#4706=DIRECTION('',(1.,0.,-0.));
#4707=VECTOR('',#4706,17.239993);
#4708=LINE('',#4705,#4707);
#4709=EDGE_CURVE('',#4704,#4695,#4708,.T.);
#4710=ORIENTED_EDGE('',*,*,#4709,.F.);
#4711=CARTESIAN_POINT('',(71.78,-106.742498,-1.2));
#4712=VERTEX_POINT('',#4711);
#4713=CARTESIAN_POINT('',(72.28,-106.742498,-1.2));
#4714=DIRECTION('',(0.,0.,1.));
#4715=DIRECTION('',(1.,0.,-0.));
#4716=AXIS2_PLACEMENT_3D('',#4713,#4714,#4715);
#4717=CIRCLE('',#4716,0.5);
#4718=EDGE_CURVE('',#4704,#4712,#4717,.T.);
#4719=ORIENTED_EDGE('',*,*,#4718,.T.);
#4720=CARTESIAN_POINT('',(71.78,-109.2625,-1.2));
#4721=VERTEX_POINT('',#4720);
#4722=CARTESIAN_POINT('',(71.78,-109.2625,-1.2));
#4723=DIRECTION('',(0.,1.,0.));
#4724=VECTOR('',#4723,2.520002);
#4725=LINE('',#4722,#4724);
#4726=EDGE_CURVE('',#4721,#4712,#4725,.T.);
#4727=ORIENTED_EDGE('',*,*,#4726,.F.);
#4728=CARTESIAN_POINT('',(72.28,-109.7625,-1.2));
#4729=VERTEX_POINT('',#4728);
#4730=CARTESIAN_POINT('',(72.28,-109.2625,-1.2));
#4731=DIRECTION('',(0.,0.,1.));
#4732=DIRECTION('',(1.,0.,-0.));
#4733=AXIS2_PLACEMENT_3D('',#4730,#4731,#4732);
#4734=CIRCLE('',#4733,0.5);
#4735=EDGE_CURVE('',#4721,#4729,#4734,.T.);
#4736=ORIENTED_EDGE('',*,*,#4735,.T.);
#4737=CARTESIAN_POINT('',(89.519993,-109.7625,-1.2));
#4738=DIRECTION('',(-1.,0.,0.));
#4739=VECTOR('',#4738,17.239993);
#4740=LINE('',#4737,#4739);
#4741=EDGE_CURVE('',#4676,#4729,#4740,.T.);
#4742=ORIENTED_EDGE('',*,*,#4741,.F.);
#4743=EDGE_LOOP('',(#4685,#4693,#4702,#4710,#4719,#4727,#4736,#4742));
#4744=FACE_BOUND('',#4743,.T.);
#4745=CARTESIAN_POINT('',(93.484734719,-123.9075,-1.2));
#4746=VERTEX_POINT('',#4745);
#4747=CARTESIAN_POINT('',(106.589747281,-123.9075,-1.2));
#4748=VERTEX_POINT('',#4747);
#4749=CARTESIAN_POINT('',(93.484734719,-123.9075,-1.2));
#4750=DIRECTION('',(1.,0.,-0.));
#4751=VECTOR('',#4750,13.105012563);
#4752=LINE('',#4749,#4751);
#4753=EDGE_CURVE('',#4746,#4748,#4752,.T.);
#4754=ORIENTED_EDGE('',*,*,#4753,.F.);
#4755=CARTESIAN_POINT('',(92.487241,-123.9575,-1.2));
#4756=VERTEX_POINT('',#4755);
#4757=CARTESIAN_POINT('',(92.987241,-123.9575,-1.2));
#4758=DIRECTION('',(0.,0.,-1.));
#4759=DIRECTION('',(-1.,0.,0.));
#4760=AXIS2_PLACEMENT_3D('',#4757,#4758,#4759);
#4761=CIRCLE('',#4760,0.5);
#4762=EDGE_CURVE('',#4756,#4746,#4761,.T.);
#4763=ORIENTED_EDGE('',*,*,#4762,.F.);
#4764=CARTESIAN_POINT('',(92.987241,-124.4575,-1.2));
#4765=VERTEX_POINT('',#4764);
#4766=CARTESIAN_POINT('',(92.987241,-123.9575,-1.2));
#4767=DIRECTION('',(0.,0.,-1.));
#4768=DIRECTION('',(-1.,0.,0.));
#4769=AXIS2_PLACEMENT_3D('',#4766,#4767,#4768);
#4770=CIRCLE('',#4769,0.5);
#4771=EDGE_CURVE('',#4765,#4756,#4770,.T.);
#4772=ORIENTED_EDGE('',*,*,#4771,.F.);
#4773=CARTESIAN_POINT('',(92.987241,-137.504647619,-1.2));
#4774=VERTEX_POINT('',#4773);
#4775=CARTESIAN_POINT('',(92.987241,-137.504647619,-1.2));
#4776=DIRECTION('',(0.,1.,0.));
#4777=VECTOR('',#4776,13.047147619);
#4778=LINE('',#4775,#4777);
#4779=EDGE_CURVE('',#4774,#4765,#4778,.T.);
#4780=ORIENTED_EDGE('',*,*,#4779,.F.);
#4781=CARTESIAN_POINT('',(92.518107,-138.003694,-1.2));
#4782=VERTEX_POINT('',#4781);
#4783=CARTESIAN_POINT('',(93.018107,-138.003694,-1.2));
#4784=DIRECTION('',(0.,0.,-1.));
#4785=DIRECTION('',(-1.,0.,0.));
#4786=AXIS2_PLACEMENT_3D('',#4783,#4784,#4785);
#4787=CIRCLE('',#4786,0.5);
#4788=EDGE_CURVE('',#4782,#4774,#4787,.T.);
#4789=ORIENTED_EDGE('',*,*,#4788,.F.);
#4790=CARTESIAN_POINT('',(93.518092514,-138.0075,-1.2));
#4791=VERTEX_POINT('',#4790);
#4792=CARTESIAN_POINT('',(93.018107,-138.003694,-1.2));
#4793=DIRECTION('',(0.,0.,-1.));
#4794=DIRECTION('',(-1.,0.,0.));
#4795=AXIS2_PLACEMENT_3D('',#4792,#4793,#4794);
#4796=CIRCLE('',#4795,0.5);
#4797=EDGE_CURVE('',#4791,#4782,#4796,.T.);
#4798=ORIENTED_EDGE('',*,*,#4797,.F.);
#4799=CARTESIAN_POINT('',(106.537241,-138.0075,-1.2));
#4800=VERTEX_POINT('',#4799);
#4801=CARTESIAN_POINT('',(106.537241,-138.0075,-1.2));
#4802=DIRECTION('',(-1.,0.,0.));
#4803=VECTOR('',#4802,13.019148486);
#4804=LINE('',#4801,#4803);
#4805=EDGE_CURVE('',#4800,#4791,#4804,.T.);
#4806=ORIENTED_EDGE('',*,*,#4805,.F.);
#4807=CARTESIAN_POINT('',(107.087241,-137.510006281,-1.2));
#4808=VERTEX_POINT('',#4807);
#4809=CARTESIAN_POINT('',(107.037241,-138.0075,-1.2));
#4810=DIRECTION('',(0.,0.,-1.));
#4811=DIRECTION('',(-1.,0.,0.));
#4812=AXIS2_PLACEMENT_3D('',#4809,#4810,#4811);
#4813=CIRCLE('',#4812,0.5);
#4814=EDGE_CURVE('',#4808,#4800,#4813,.T.);
#4815=ORIENTED_EDGE('',*,*,#4814,.F.);
#4816=CARTESIAN_POINT('',(107.087241,-124.4575,-1.2));
#4817=VERTEX_POINT('',#4816);
#4818=CARTESIAN_POINT('',(107.087241,-124.4575,-1.2));
#4819=DIRECTION('',(0.,-1.,0.));
#4820=VECTOR('',#4819,13.052506281);
#4821=LINE('',#4818,#4820);
#4822=EDGE_CURVE('',#4817,#4808,#4821,.T.);
#4823=ORIENTED_EDGE('',*,*,#4822,.F.);
#4824=CARTESIAN_POINT('',(107.087241,-123.9575,-1.2));
#4825=DIRECTION('',(0.,0.,-1.));
#4826=DIRECTION('',(-1.,0.,0.));
#4827=AXIS2_PLACEMENT_3D('',#4824,#4825,#4826);
#4828=CIRCLE('',#4827,0.5);
#4829=EDGE_CURVE('',#4748,#4817,#4828,.T.);
#4830=ORIENTED_EDGE('',*,*,#4829,.F.);
#4831=EDGE_LOOP('',(#4754,#4763,#4772,#4780,#4789,#4798,#4806,#4815,#4823,#4830));
#4832=FACE_BOUND('',#4831,.T.);
#4833=CARTESIAN_POINT('',(131.087241,-127.9325,-1.2));
#4834=VERTEX_POINT('',#4833);
#4835=CARTESIAN_POINT('',(131.087241,-114.9325,-1.2));
#4836=VERTEX_POINT('',#4835);
#4837=CARTESIAN_POINT('',(131.087241,-127.9325,-1.2));
#4838=DIRECTION('',(0.,1.,0.));
#4839=VECTOR('',#4838,13.);
#4840=LINE('',#4837,#4839);
#4841=EDGE_CURVE('',#4834,#4836,#4840,.T.);
#4842=ORIENTED_EDGE('',*,*,#4841,.F.);
#4843=CARTESIAN_POINT('',(130.587241,-128.4325,-1.2));
#4844=VERTEX_POINT('',#4843);
#4845=CARTESIAN_POINT('',(131.087241,-128.4325,-1.2));
#4846=DIRECTION('',(0.,0.,-1.));
#4847=DIRECTION('',(-1.,0.,0.));
#4848=AXIS2_PLACEMENT_3D('',#4845,#4846,#4847);
#4849=CIRCLE('',#4848,0.5);
#4850=EDGE_CURVE('',#4844,#4834,#4849,.T.);
#4851=ORIENTED_EDGE('',*,*,#4850,.F.);
#4852=CARTESIAN_POINT('',(131.584734719,-128.4825,-1.2));
#4853=VERTEX_POINT('',#4852);
#4854=CARTESIAN_POINT('',(131.087241,-128.4325,-1.2));
#4855=DIRECTION('',(0.,0.,-1.));
#4856=DIRECTION('',(-1.,0.,0.));
#4857=AXIS2_PLACEMENT_3D('',#4854,#4855,#4856);
#4858=CIRCLE('',#4857,0.5);
#4859=EDGE_CURVE('',#4853,#4844,#4858,.T.);
#4860=ORIENTED_EDGE('',*,*,#4859,.F.);
#4861=CARTESIAN_POINT('',(144.637241,-128.4825,-1.2));
#4862=VERTEX_POINT('',#4861);
#4863=CARTESIAN_POINT('',(144.637241,-128.4825,-1.2));
#4864=DIRECTION('',(-1.,0.,0.));
#4865=VECTOR('',#4864,13.052506281);
#4866=LINE('',#4863,#4865);
#4867=EDGE_CURVE('',#4862,#4853,#4866,.T.);
#4868=ORIENTED_EDGE('',*,*,#4867,.F.);
#4869=CARTESIAN_POINT('',(145.187241,-127.985006281,-1.2));
#4870=VERTEX_POINT('',#4869);
#4871=CARTESIAN_POINT('',(145.137241,-128.4825,-1.2));
#4872=DIRECTION('',(0.,0.,-1.));
#4873=DIRECTION('',(-1.,0.,0.));
#4874=AXIS2_PLACEMENT_3D('',#4871,#4872,#4873);
#4875=CIRCLE('',#4874,0.5);
#4876=EDGE_CURVE('',#4870,#4862,#4875,.T.);
#4877=ORIENTED_EDGE('',*,*,#4876,.F.);
#4878=CARTESIAN_POINT('',(145.187241,-114.879993719,-1.2));
#4879=VERTEX_POINT('',#4878);
#4880=CARTESIAN_POINT('',(145.187241,-114.879993719,-1.2));
#4881=DIRECTION('',(0.,-1.,0.));
#4882=VECTOR('',#4881,13.105012563);
#4883=LINE('',#4880,#4882);
#4884=EDGE_CURVE('',#4879,#4870,#4883,.T.);
#4885=ORIENTED_EDGE('',*,*,#4884,.F.);
#4886=CARTESIAN_POINT('',(144.637241,-114.3825,-1.2));
#4887=VERTEX_POINT('',#4886);
#4888=CARTESIAN_POINT('',(145.137241,-114.3825,-1.2));
#4889=DIRECTION('',(0.,0.,-1.));
#4890=DIRECTION('',(-1.,0.,0.));
#4891=AXIS2_PLACEMENT_3D('',#4888,#4889,#4890);
#4892=CIRCLE('',#4891,0.5);
#4893=EDGE_CURVE('',#4887,#4879,#4892,.T.);
#4894=ORIENTED_EDGE('',*,*,#4893,.F.);
#4895=CARTESIAN_POINT('',(131.584734719,-114.3825,-1.2));
#4896=VERTEX_POINT('',#4895);
#4897=CARTESIAN_POINT('',(131.584734719,-114.3825,-1.2));
#4898=DIRECTION('',(1.,0.,-0.));
#4899=VECTOR('',#4898,13.052506281);
#4900=LINE('',#4897,#4899);
#4901=EDGE_CURVE('',#4896,#4887,#4900,.T.);
#4902=ORIENTED_EDGE('',*,*,#4901,.F.);
#4903=CARTESIAN_POINT('',(130.587241,-114.4325,-1.2));
#4904=VERTEX_POINT('',#4903);
#4905=CARTESIAN_POINT('',(131.087241,-114.4325,-1.2));
#4906=DIRECTION('',(0.,0.,-1.));
#4907=DIRECTION('',(-1.,0.,0.));
#4908=AXIS2_PLACEMENT_3D('',#4905,#4906,#4907);
#4909=CIRCLE('',#4908,0.5);
#4910=EDGE_CURVE('',#4904,#4896,#4909,.T.);
#4911=ORIENTED_EDGE('',*,*,#4910,.F.);
#4912=CARTESIAN_POINT('',(131.087241,-114.4325,-1.2));
#4913=DIRECTION('',(0.,0.,-1.));
#4914=DIRECTION('',(-1.,0.,0.));
#4915=AXIS2_PLACEMENT_3D('',#4912,#4913,#4914);
#4916=CIRCLE('',#4915,0.5);
#4917=EDGE_CURVE('',#4836,#4904,#4916,.T.);
#4918=ORIENTED_EDGE('',*,*,#4917,.F.);
#4919=EDGE_LOOP('',(#4842,#4851,#4860,#4868,#4877,#4885,#4894,#4902,#4911,#4918));
#4920=FACE_BOUND('',#4919,.T.);
#4921=CARTESIAN_POINT('',(126.137241,-138.725851514,-1.2));
#4922=VERTEX_POINT('',#4921);
#4923=CARTESIAN_POINT('',(126.137241,-151.745,-1.2));
#4924=VERTEX_POINT('',#4923);
#4925=CARTESIAN_POINT('',(126.137241,-138.725851514,-1.2));
#4926=DIRECTION('',(0.,-1.,0.));
#4927=VECTOR('',#4926,13.019148486);
#4928=LINE('',#4925,#4927);
#4929=EDGE_CURVE('',#4922,#4924,#4928,.T.);
#4930=ORIENTED_EDGE('',*,*,#4929,.F.);
#4931=CARTESIAN_POINT('',(125.634388619,-138.195,-1.2));
#4932=VERTEX_POINT('',#4931);
#4933=CARTESIAN_POINT('',(126.133435,-138.225866,-1.2));
#4934=DIRECTION('',(0.,0.,-1.));
#4935=DIRECTION('',(-1.,0.,0.));
#4936=AXIS2_PLACEMENT_3D('',#4933,#4934,#4935);
#4937=CIRCLE('',#4936,0.5);
#4938=EDGE_CURVE('',#4932,#4922,#4937,.T.);
#4939=ORIENTED_EDGE('',*,*,#4938,.F.);
#4940=CARTESIAN_POINT('',(112.568092514,-138.195,-1.2));
#4941=VERTEX_POINT('',#4940);
#4942=CARTESIAN_POINT('',(112.568092514,-138.195,-1.2));
#4943=DIRECTION('',(1.,0.,-0.));
#4944=VECTOR('',#4943,13.066296105);
#4945=LINE('',#4942,#4944);
#4946=EDGE_CURVE('',#4941,#4932,#4945,.T.);
#4947=ORIENTED_EDGE('',*,*,#4946,.F.);
#4948=CARTESIAN_POINT('',(111.568107,-138.198806,-1.2));
#4949=VERTEX_POINT('',#4948);
#4950=CARTESIAN_POINT('',(112.068107,-138.198806,-1.2));
#4951=DIRECTION('',(0.,0.,-1.));
#4952=DIRECTION('',(-1.,0.,0.));
#4953=AXIS2_PLACEMENT_3D('',#4950,#4951,#4952);
#4954=CIRCLE('',#4953,0.5);
#4955=EDGE_CURVE('',#4949,#4941,#4954,.T.);
#4956=ORIENTED_EDGE('',*,*,#4955,.F.);
#4957=CARTESIAN_POINT('',(112.037241,-138.697852381,-1.2));
#4958=VERTEX_POINT('',#4957);
#4959=CARTESIAN_POINT('',(112.068107,-138.198806,-1.2));
#4960=DIRECTION('',(0.,0.,-1.));
#4961=DIRECTION('',(-1.,0.,0.));
#4962=AXIS2_PLACEMENT_3D('',#4959,#4960,#4961);
#4963=CIRCLE('',#4962,0.5);
#4964=EDGE_CURVE('',#4958,#4949,#4963,.T.);
#4965=ORIENTED_EDGE('',*,*,#4964,.F.);
#4966=CARTESIAN_POINT('',(112.037241,-151.792147619,-1.2));
#4967=VERTEX_POINT('',#4966);
#4968=CARTESIAN_POINT('',(112.037241,-151.792147619,-1.2));
#4969=DIRECTION('',(0.,1.,0.));
#4970=VECTOR('',#4969,13.094295239);
#4971=LINE('',#4968,#4970);
#4972=EDGE_CURVE('',#4967,#4958,#4971,.T.);
#4973=ORIENTED_EDGE('',*,*,#4972,.F.);
#4974=CARTESIAN_POINT('',(111.568107,-152.291194,-1.2));
#4975=VERTEX_POINT('',#4974);
#4976=CARTESIAN_POINT('',(112.068107,-152.291194,-1.2));
#4977=DIRECTION('',(0.,0.,-1.));
#4978=DIRECTION('',(-1.,0.,0.));
#4979=AXIS2_PLACEMENT_3D('',#4976,#4977,#4978);
#4980=CIRCLE('',#4979,0.5);
#4981=EDGE_CURVE('',#4975,#4967,#4980,.T.);
#4982=ORIENTED_EDGE('',*,*,#4981,.F.);
#4983=CARTESIAN_POINT('',(112.568092514,-152.295,-1.2));
#4984=VERTEX_POINT('',#4983);
#4985=CARTESIAN_POINT('',(112.068107,-152.291194,-1.2));
#4986=DIRECTION('',(0.,0.,-1.));
#4987=DIRECTION('',(-1.,0.,0.));
#4988=AXIS2_PLACEMENT_3D('',#4985,#4986,#4987);
#4989=CIRCLE('',#4988,0.5);
#4990=EDGE_CURVE('',#4984,#4975,#4989,.T.);
#4991=ORIENTED_EDGE('',*,*,#4990,.F.);
#4992=CARTESIAN_POINT('',(125.639747281,-152.295,-1.2));
#4993=VERTEX_POINT('',#4992);
#4994=CARTESIAN_POINT('',(125.639747281,-152.295,-1.2));
#4995=DIRECTION('',(-1.,0.,0.));
#4996=VECTOR('',#4995,13.071654767);
#4997=LINE('',#4994,#4996);
#4998=EDGE_CURVE('',#4993,#4984,#4997,.T.);
#4999=ORIENTED_EDGE('',*,*,#4998,.F.);
#5000=CARTESIAN_POINT('',(126.137241,-152.245,-1.2));
#5001=DIRECTION('',(0.,0.,-1.));
#5002=DIRECTION('',(-1.,0.,0.));
#5003=AXIS2_PLACEMENT_3D('',#5000,#5001,#5002);
#5004=CIRCLE('',#5003,0.5);
#5005=EDGE_CURVE('',#4924,#4993,#5004,.T.);
#5006=ORIENTED_EDGE('',*,*,#5005,.F.);
#5007=EDGE_LOOP('',(#4930,#4939,#4947,#4956,#4965,#4973,#4982,#4991,#4999,#5006));
#5008=FACE_BOUND('',#5007,.T.);
#5009=CARTESIAN_POINT('',(144.637241,-147.5325,-1.2));
#5010=VERTEX_POINT('',#5009);
#5011=CARTESIAN_POINT('',(131.618092514,-147.5325,-1.2));
#5012=VERTEX_POINT('',#5011);
#5013=CARTESIAN_POINT('',(144.637241,-147.5325,-1.2));
#5014=DIRECTION('',(-1.,0.,0.));
#5015=VECTOR('',#5014,13.019148486);
#5016=LINE('',#5013,#5015);
#5017=EDGE_CURVE('',#5010,#5012,#5016,.T.);
#5018=ORIENTED_EDGE('',*,*,#5017,.F.);
#5019=CARTESIAN_POINT('',(145.187241,-147.035006281,-1.2));
#5020=VERTEX_POINT('',#5019);
#5021=CARTESIAN_POINT('',(145.137241,-147.5325,-1.2));
#5022=DIRECTION('',(0.,0.,-1.));
#5023=DIRECTION('',(-1.,0.,0.));
#5024=AXIS2_PLACEMENT_3D('',#5021,#5022,#5023);
#5025=CIRCLE('',#5024,0.5);
#5026=EDGE_CURVE('',#5020,#5010,#5025,.T.);
#5027=ORIENTED_EDGE('',*,*,#5026,.F.);
#5028=CARTESIAN_POINT('',(145.187241,-133.9825,-1.2));
#5029=VERTEX_POINT('',#5028);
#5030=CARTESIAN_POINT('',(145.187241,-133.9825,-1.2));
#5031=DIRECTION('',(0.,-1.,0.));
#5032=VECTOR('',#5031,13.052506281);
#5033=LINE('',#5030,#5032);
#5034=EDGE_CURVE('',#5029,#5020,#5033,.T.);
#5035=ORIENTED_EDGE('',*,*,#5034,.F.);
#5036=CARTESIAN_POINT('',(144.689747281,-133.4325,-1.2));
#5037=VERTEX_POINT('',#5036);
#5038=CARTESIAN_POINT('',(145.187241,-133.4825,-1.2));
#5039=DIRECTION('',(0.,0.,-1.));
#5040=DIRECTION('',(-1.,0.,0.));
#5041=AXIS2_PLACEMENT_3D('',#5038,#5039,#5040);
#5042=CIRCLE('',#5041,0.5);
#5043=EDGE_CURVE('',#5037,#5029,#5042,.T.);
#5044=ORIENTED_EDGE('',*,*,#5043,.F.);
#5045=CARTESIAN_POINT('',(131.584734719,-133.4325,-1.2));
#5046=VERTEX_POINT('',#5045);
#5047=CARTESIAN_POINT('',(131.584734719,-133.4325,-1.2));
#5048=DIRECTION('',(1.,0.,-0.));
#5049=VECTOR('',#5048,13.105012563);
#5050=LINE('',#5047,#5049);
#5051=EDGE_CURVE('',#5046,#5037,#5050,.T.);
#5052=ORIENTED_EDGE('',*,*,#5051,.F.);
#5053=CARTESIAN_POINT('',(130.587241,-133.4825,-1.2));
#5054=VERTEX_POINT('',#5053);
#5055=CARTESIAN_POINT('',(131.087241,-133.4825,-1.2));
#5056=DIRECTION('',(0.,0.,-1.));
#5057=DIRECTION('',(-1.,0.,0.));
#5058=AXIS2_PLACEMENT_3D('',#5055,#5056,#5057);
#5059=CIRCLE('',#5058,0.5);
#5060=EDGE_CURVE('',#5054,#5046,#5059,.T.);
#5061=ORIENTED_EDGE('',*,*,#5060,.F.);
#5062=CARTESIAN_POINT('',(131.087241,-133.9825,-1.2));
#5063=VERTEX_POINT('',#5062);
#5064=CARTESIAN_POINT('',(131.087241,-133.4825,-1.2));
#5065=DIRECTION('',(0.,0.,-1.));
#5066=DIRECTION('',(-1.,0.,0.));
#5067=AXIS2_PLACEMENT_3D('',#5064,#5065,#5066);
#5068=CIRCLE('',#5067,0.5);
#5069=EDGE_CURVE('',#5063,#5054,#5068,.T.);
#5070=ORIENTED_EDGE('',*,*,#5069,.F.);
#5071=CARTESIAN_POINT('',(131.087241,-147.029647619,-1.2));
#5072=VERTEX_POINT('',#5071);
#5073=CARTESIAN_POINT('',(131.087241,-147.029647619,-1.2));
#5074=DIRECTION('',(0.,1.,0.));
#5075=VECTOR('',#5074,13.047147619);
#5076=LINE('',#5073,#5075);
#5077=EDGE_CURVE('',#5072,#5063,#5076,.T.);
#5078=ORIENTED_EDGE('',*,*,#5077,.F.);
#5079=CARTESIAN_POINT('',(130.618107,-147.528694,-1.2));
#5080=VERTEX_POINT('',#5079);
#5081=CARTESIAN_POINT('',(131.118107,-147.528694,-1.2));
#5082=DIRECTION('',(0.,0.,-1.));
#5083=DIRECTION('',(-1.,0.,0.));
#5084=AXIS2_PLACEMENT_3D('',#5081,#5082,#5083);
#5085=CIRCLE('',#5084,0.5);
#5086=EDGE_CURVE('',#5080,#5072,#5085,.T.);
#5087=ORIENTED_EDGE('',*,*,#5086,.F.);
#5088=CARTESIAN_POINT('',(131.118107,-147.528694,-1.2));
#5089=DIRECTION('',(0.,0.,-1.));
#5090=DIRECTION('',(-1.,0.,0.));
#5091=AXIS2_PLACEMENT_3D('',#5088,#5089,#5090);
#5092=CIRCLE('',#5091,0.5);
#5093=EDGE_CURVE('',#5012,#5080,#5092,.T.);
#5094=ORIENTED_EDGE('',*,*,#5093,.F.);
#5095=EDGE_LOOP('',(#5018,#5027,#5035,#5044,#5052,#5061,#5070,#5078,#5087,#5094));
#5096=FACE_BOUND('',#5095,.T.);
#5097=CARTESIAN_POINT('',(164.237241,-100.645,-1.2));
#5098=VERTEX_POINT('',#5097);
#5099=CARTESIAN_POINT('',(164.237241,-113.697506281,-1.2));
#5100=VERTEX_POINT('',#5099);
#5101=CARTESIAN_POINT('',(164.237241,-100.645,-1.2));
#5102=DIRECTION('',(0.,-1.,0.));
#5103=VECTOR('',#5102,13.052506281);
#5104=LINE('',#5101,#5103);
#5105=EDGE_CURVE('',#5098,#5100,#5104,.T.);
#5106=ORIENTED_EDGE('',*,*,#5105,.F.);
#5107=CARTESIAN_POINT('',(163.739747281,-100.095,-1.2));
#5108=VERTEX_POINT('',#5107);
#5109=CARTESIAN_POINT('',(164.237241,-100.145,-1.2));
#5110=DIRECTION('',(0.,0.,-1.));
#5111=DIRECTION('',(-1.,0.,0.));
#5112=AXIS2_PLACEMENT_3D('',#5109,#5110,#5111);
#5113=CIRCLE('',#5112,0.5);
#5114=EDGE_CURVE('',#5108,#5098,#5113,.T.);
#5115=ORIENTED_EDGE('',*,*,#5114,.F.);
#5116=CARTESIAN_POINT('',(150.687241,-100.095,-1.2));
#5117=VERTEX_POINT('',#5116);
#5118=CARTESIAN_POINT('',(150.687241,-100.095,-1.2));
#5119=DIRECTION('',(1.,0.,-0.));
#5120=VECTOR('',#5119,13.052506281);
#5121=LINE('',#5118,#5120);
#5122=EDGE_CURVE('',#5117,#5108,#5121,.T.);
#5123=ORIENTED_EDGE('',*,*,#5122,.F.);
#5124=CARTESIAN_POINT('',(149.687241,-100.095,-1.2));
#5125=VERTEX_POINT('',#5124);
#5126=CARTESIAN_POINT('',(150.187241,-100.095,-1.2));
#5127=DIRECTION('',(0.,0.,-1.));
#5128=DIRECTION('',(-1.,0.,0.));
#5129=AXIS2_PLACEMENT_3D('',#5126,#5127,#5128);
#5130=CIRCLE('',#5129,0.5);
#5131=EDGE_CURVE('',#5125,#5117,#5130,.T.);
#5132=ORIENTED_EDGE('',*,*,#5131,.F.);
#5133=CARTESIAN_POINT('',(150.137241,-100.592493719,-1.2));
#5134=VERTEX_POINT('',#5133);
#5135=CARTESIAN_POINT('',(150.187241,-100.095,-1.2));
#5136=DIRECTION('',(0.,0.,-1.));
#5137=DIRECTION('',(-1.,0.,0.));
#5138=AXIS2_PLACEMENT_3D('',#5135,#5136,#5137);
#5139=CIRCLE('',#5138,0.5);
#5140=EDGE_CURVE('',#5134,#5125,#5139,.T.);
#5141=ORIENTED_EDGE('',*,*,#5140,.F.);
#5142=CARTESIAN_POINT('',(150.137241,-113.664148486,-1.2));
#5143=VERTEX_POINT('',#5142);
#5144=CARTESIAN_POINT('',(150.137241,-113.664148486,-1.2));
#5145=DIRECTION('',(0.,1.,0.));
#5146=VECTOR('',#5145,13.071654767);
#5147=LINE('',#5144,#5146);
#5148=EDGE_CURVE('',#5143,#5134,#5147,.T.);
#5149=ORIENTED_EDGE('',*,*,#5148,.F.);
#5150=CARTESIAN_POINT('',(149.641047,-114.164134,-1.2));
#5151=VERTEX_POINT('',#5150);
#5152=CARTESIAN_POINT('',(150.141047,-114.164134,-1.2));
#5153=DIRECTION('',(0.,0.,-1.));
#5154=DIRECTION('',(-1.,0.,0.));
#5155=AXIS2_PLACEMENT_3D('',#5152,#5153,#5154);
#5156=CIRCLE('',#5155,0.5);
#5157=EDGE_CURVE('',#5151,#5143,#5156,.T.);
#5158=ORIENTED_EDGE('',*,*,#5157,.F.);
#5159=CARTESIAN_POINT('',(150.640093381,-114.195,-1.2));
#5160=VERTEX_POINT('',#5159);
#5161=CARTESIAN_POINT('',(150.141047,-114.164134,-1.2));
#5162=DIRECTION('',(0.,0.,-1.));
#5163=DIRECTION('',(-1.,0.,0.));
#5164=AXIS2_PLACEMENT_3D('',#5161,#5162,#5163);
#5165=CIRCLE('',#5164,0.5);
#5166=EDGE_CURVE('',#5160,#5151,#5165,.T.);
#5167=ORIENTED_EDGE('',*,*,#5166,.F.);
#5168=CARTESIAN_POINT('',(163.687241,-114.195,-1.2));
#5169=VERTEX_POINT('',#5168);
#5170=CARTESIAN_POINT('',(163.687241,-114.195,-1.2));
#5171=DIRECTION('',(-1.,0.,0.));
#5172=VECTOR('',#5171,13.047147619);
#5173=LINE('',#5170,#5172);
#5174=EDGE_CURVE('',#5169,#5160,#5173,.T.);
#5175=ORIENTED_EDGE('',*,*,#5174,.F.);
#5176=CARTESIAN_POINT('',(164.187241,-114.195,-1.2));
#5177=DIRECTION('',(0.,0.,-1.));
#5178=DIRECTION('',(-1.,0.,0.));
#5179=AXIS2_PLACEMENT_3D('',#5176,#5177,#5178);
#5180=CIRCLE('',#5179,0.5);
#5181=EDGE_CURVE('',#5100,#5169,#5180,.T.);
#5182=ORIENTED_EDGE('',*,*,#5181,.F.);
#5183=EDGE_LOOP('',(#5106,#5115,#5123,#5132,#5141,#5149,#5158,#5167,#5175,#5182));
#5184=FACE_BOUND('',#5183,.T.);
#5185=CARTESIAN_POINT('',(169.677138949,-104.8575,-1.2));
#5186=VERTEX_POINT('',#5185);
#5187=CARTESIAN_POINT('',(182.687241,-104.8575,-1.2));
#5188=VERTEX_POINT('',#5187);
#5189=CARTESIAN_POINT('',(169.677138949,-104.8575,-1.2));
#5190=DIRECTION('',(1.,0.,-0.));
#5191=VECTOR('',#5190,13.010102051);
#5192=LINE('',#5189,#5191);
#5193=EDGE_CURVE('',#5186,#5188,#5192,.T.);
#5194=ORIENTED_EDGE('',*,*,#5193,.F.);
#5195=CARTESIAN_POINT('',(168.687241,-104.9575,-1.2));
#5196=VERTEX_POINT('',#5195);
#5197=CARTESIAN_POINT('',(169.187241,-104.9575,-1.2));
#5198=DIRECTION('',(0.,0.,-1.));
#5199=DIRECTION('',(-1.,0.,0.));
#5200=AXIS2_PLACEMENT_3D('',#5197,#5198,#5199);
#5201=CIRCLE('',#5200,0.5);
#5202=EDGE_CURVE('',#5196,#5186,#5201,.T.);
#5203=ORIENTED_EDGE('',*,*,#5202,.F.);
#5204=CARTESIAN_POINT('',(169.187241,-105.4575,-1.2));
#5205=VERTEX_POINT('',#5204);
#5206=CARTESIAN_POINT('',(169.187241,-104.9575,-1.2));
#5207=DIRECTION('',(0.,0.,-1.));
#5208=DIRECTION('',(-1.,0.,0.));
#5209=AXIS2_PLACEMENT_3D('',#5206,#5207,#5208);
#5210=CIRCLE('',#5209,0.5);
#5211=EDGE_CURVE('',#5205,#5196,#5210,.T.);
#5212=ORIENTED_EDGE('',*,*,#5211,.F.);
#5213=CARTESIAN_POINT('',(169.187241,-118.4575,-1.2));
#5214=VERTEX_POINT('',#5213);
#5215=CARTESIAN_POINT('',(169.187241,-118.4575,-1.2));
#5216=DIRECTION('',(0.,1.,0.));
#5217=VECTOR('',#5216,13.);
#5218=LINE('',#5215,#5217);
#5219=EDGE_CURVE('',#5214,#5205,#5218,.T.);
#5220=ORIENTED_EDGE('',*,*,#5219,.F.);
#5221=CARTESIAN_POINT('',(168.687241,-118.9575,-1.2));
#5222=VERTEX_POINT('',#5221);
#5223=CARTESIAN_POINT('',(169.187241,-118.9575,-1.2));
#5224=DIRECTION('',(0.,0.,-1.));
#5225=DIRECTION('',(-1.,0.,0.));
#5226=AXIS2_PLACEMENT_3D('',#5223,#5224,#5225);
#5227=CIRCLE('',#5226,0.5);
#5228=EDGE_CURVE('',#5222,#5214,#5227,.T.);
#5229=ORIENTED_EDGE('',*,*,#5228,.F.);
#5230=CARTESIAN_POINT('',(169.687241,-118.9575,-1.2));
#5231=VERTEX_POINT('',#5230);
#5232=CARTESIAN_POINT('',(169.187241,-118.9575,-1.2));
#5233=DIRECTION('',(0.,0.,-1.));
#5234=DIRECTION('',(-1.,0.,0.));
#5235=AXIS2_PLACEMENT_3D('',#5232,#5233,#5234);
#5236=CIRCLE('',#5235,0.5);
#5237=EDGE_CURVE('',#5231,#5222,#5236,.T.);
#5238=ORIENTED_EDGE('',*,*,#5237,.F.);
#5239=CARTESIAN_POINT('',(182.887241,-118.9575,-1.2));
#5240=VERTEX_POINT('',#5239);
#5241=CARTESIAN_POINT('',(182.887241,-118.9575,-1.2));
#5242=DIRECTION('',(-1.,0.,0.));
#5243=VECTOR('',#5242,13.2);
#5244=LINE('',#5241,#5243);
#5245=EDGE_CURVE('',#5240,#5231,#5244,.T.);
#5246=ORIENTED_EDGE('',*,*,#5245,.F.);
#5247=CARTESIAN_POINT('',(183.287241,-118.1575,-1.2));
#5248=VERTEX_POINT('',#5247);
#5249=CARTESIAN_POINT('',(183.287241,-118.6575,-1.2));
#5250=DIRECTION('',(0.,0.,-1.));
#5251=DIRECTION('',(-1.,0.,0.));
#5252=AXIS2_PLACEMENT_3D('',#5249,#5250,#5251);
#5253=CIRCLE('',#5252,0.5);
#5254=EDGE_CURVE('',#5248,#5240,#5253,.T.);
#5255=ORIENTED_EDGE('',*,*,#5254,.F.);
#5256=CARTESIAN_POINT('',(183.287241,-105.347397949,-1.2));
#5257=VERTEX_POINT('',#5256);
#5258=CARTESIAN_POINT('',(183.287241,-105.347397949,-1.2));
#5259=DIRECTION('',(0.,-1.,0.));
#5260=VECTOR('',#5259,12.810102051);
#5261=LINE('',#5258,#5260);
#5262=EDGE_CURVE('',#5257,#5248,#5261,.T.);
#5263=ORIENTED_EDGE('',*,*,#5262,.F.);
#5264=CARTESIAN_POINT('',(183.187241,-104.8575,-1.2));
#5265=DIRECTION('',(0.,0.,-1.));
#5266=DIRECTION('',(-1.,0.,0.));
#5267=AXIS2_PLACEMENT_3D('',#5264,#5265,#5266);
#5268=CIRCLE('',#5267,0.5);
#5269=EDGE_CURVE('',#5188,#5257,#5268,.T.);
#5270=ORIENTED_EDGE('',*,*,#5269,.F.);
#5271=EDGE_LOOP('',(#5194,#5203,#5212,#5220,#5229,#5238,#5246,#5255,#5263,#5270));
#5272=FACE_BOUND('',#5271,.T.);
#5273=CARTESIAN_POINT('',(169.187241,-137.4575,-1.2));
#5274=VERTEX_POINT('',#5273);
#5275=CARTESIAN_POINT('',(169.187241,-124.404993719,-1.2));
#5276=VERTEX_POINT('',#5275);
#5277=CARTESIAN_POINT('',(169.187241,-137.4575,-1.2));
#5278=DIRECTION('',(0.,1.,0.));
#5279=VECTOR('',#5278,13.052506281);
#5280=LINE('',#5277,#5279);
#5281=EDGE_CURVE('',#5274,#5276,#5280,.T.);
#5282=ORIENTED_EDGE('',*,*,#5281,.F.);
#5283=CARTESIAN_POINT('',(168.687241,-137.9575,-1.2));
#5284=VERTEX_POINT('',#5283);
#5285=CARTESIAN_POINT('',(169.187241,-137.9575,-1.2));
#5286=DIRECTION('',(0.,0.,-1.));
#5287=DIRECTION('',(-1.,0.,0.));
#5288=AXIS2_PLACEMENT_3D('',#5285,#5286,#5287);
#5289=CIRCLE('',#5288,0.5);
#5290=EDGE_CURVE('',#5284,#5274,#5289,.T.);
#5291=ORIENTED_EDGE('',*,*,#5290,.F.);
#5292=CARTESIAN_POINT('',(169.684734719,-138.0075,-1.2));
#5293=VERTEX_POINT('',#5292);
#5294=CARTESIAN_POINT('',(169.187241,-137.9575,-1.2));
#5295=DIRECTION('',(0.,0.,-1.));
#5296=DIRECTION('',(-1.,0.,0.));
#5297=AXIS2_PLACEMENT_3D('',#5294,#5295,#5296);
#5298=CIRCLE('',#5297,0.5);
#5299=EDGE_CURVE('',#5293,#5284,#5298,.T.);
#5300=ORIENTED_EDGE('',*,*,#5299,.F.);
#5301=CARTESIAN_POINT('',(182.789747281,-138.0075,-1.2));
#5302=VERTEX_POINT('',#5301);
#5303=CARTESIAN_POINT('',(182.789747281,-138.0075,-1.2));
#5304=DIRECTION('',(-1.,0.,0.));
#5305=VECTOR('',#5304,13.105012563);
#5306=LINE('',#5303,#5305);
#5307=EDGE_CURVE('',#5302,#5293,#5306,.T.);
#5308=ORIENTED_EDGE('',*,*,#5307,.F.);
#5309=CARTESIAN_POINT('',(183.287241,-137.4575,-1.2));
#5310=VERTEX_POINT('',#5309);
#5311=CARTESIAN_POINT('',(183.287241,-137.9575,-1.2));
#5312=DIRECTION('',(0.,0.,-1.));
#5313=DIRECTION('',(-1.,0.,0.));
#5314=AXIS2_PLACEMENT_3D('',#5311,#5312,#5313);
#5315=CIRCLE('',#5314,0.5);
#5316=EDGE_CURVE('',#5310,#5302,#5315,.T.);
#5317=ORIENTED_EDGE('',*,*,#5316,.F.);
#5318=CARTESIAN_POINT('',(183.287241,-124.438351514,-1.2));
#5319=VERTEX_POINT('',#5318);
#5320=CARTESIAN_POINT('',(183.287241,-124.438351514,-1.2));
#5321=DIRECTION('',(0.,-1.,0.));
#5322=VECTOR('',#5321,13.019148486);
#5323=LINE('',#5320,#5322);
#5324=EDGE_CURVE('',#5319,#5310,#5323,.T.);
#5325=ORIENTED_EDGE('',*,*,#5324,.F.);
#5326=CARTESIAN_POINT('',(182.784388619,-123.9075,-1.2));
#5327=VERTEX_POINT('',#5326);
#5328=CARTESIAN_POINT('',(183.283435,-123.938366,-1.2));
#5329=DIRECTION('',(0.,0.,-1.));
#5330=DIRECTION('',(-1.,0.,0.));
#5331=AXIS2_PLACEMENT_3D('',#5328,#5329,#5330);
#5332=CIRCLE('',#5331,0.5);
#5333=EDGE_CURVE('',#5327,#5319,#5332,.T.);
#5334=ORIENTED_EDGE('',*,*,#5333,.F.);
#5335=CARTESIAN_POINT('',(169.737241,-123.9075,-1.2));
#5336=VERTEX_POINT('',#5335);
#5337=CARTESIAN_POINT('',(169.737241,-123.9075,-1.2));
#5338=DIRECTION('',(1.,0.,-0.));
#5339=VECTOR('',#5338,13.047147619);
#5340=LINE('',#5337,#5339);
#5341=EDGE_CURVE('',#5336,#5327,#5340,.T.);
#5342=ORIENTED_EDGE('',*,*,#5341,.F.);
#5343=CARTESIAN_POINT('',(168.737241,-123.9075,-1.2));
#5344=VERTEX_POINT('',#5343);
#5345=CARTESIAN_POINT('',(169.237241,-123.9075,-1.2));
#5346=DIRECTION('',(0.,0.,-1.));
#5347=DIRECTION('',(-1.,0.,0.));
#5348=AXIS2_PLACEMENT_3D('',#5345,#5346,#5347);
#5349=CIRCLE('',#5348,0.5);
#5350=EDGE_CURVE('',#5344,#5336,#5349,.T.);
#5351=ORIENTED_EDGE('',*,*,#5350,.F.);
#5352=CARTESIAN_POINT('',(169.237241,-123.9075,-1.2));
#5353=DIRECTION('',(0.,0.,-1.));
#5354=DIRECTION('',(-1.,0.,0.));
#5355=AXIS2_PLACEMENT_3D('',#5352,#5353,#5354);
#5356=CIRCLE('',#5355,0.5);
#5357=EDGE_CURVE('',#5276,#5344,#5356,.T.);
#5358=ORIENTED_EDGE('',*,*,#5357,.F.);
#5359=EDGE_LOOP('',(#5282,#5291,#5300,#5308,#5317,#5325,#5334,#5342,#5351,#5358));
#5360=FACE_BOUND('',#5359,.T.);
#5361=CARTESIAN_POINT('',(125.587241,-133.245,-1.2));
#5362=VERTEX_POINT('',#5361);
#5363=CARTESIAN_POINT('',(112.587241,-133.245,-1.2));
#5364=VERTEX_POINT('',#5363);
#5365=CARTESIAN_POINT('',(125.587241,-133.245,-1.2));
#5366=DIRECTION('',(-1.,0.,0.));
#5367=VECTOR('',#5366,13.);
#5368=LINE('',#5365,#5367);
#5369=EDGE_CURVE('',#5362,#5364,#5368,.T.);
#5370=ORIENTED_EDGE('',*,*,#5369,.F.);
#5371=CARTESIAN_POINT('',(126.137241,-132.747506281,-1.2));
#5372=VERTEX_POINT('',#5371);
#5373=CARTESIAN_POINT('',(126.087241,-133.245,-1.2));
#5374=DIRECTION('',(0.,0.,-1.));
#5375=DIRECTION('',(-1.,0.,0.));
#5376=AXIS2_PLACEMENT_3D('',#5373,#5374,#5375);
#5377=CIRCLE('',#5376,0.5);
#5378=EDGE_CURVE('',#5372,#5362,#5377,.T.);
#5379=ORIENTED_EDGE('',*,*,#5378,.F.);
#5380=CARTESIAN_POINT('',(126.137241,-119.642493719,-1.2));
#5381=VERTEX_POINT('',#5380);
#5382=CARTESIAN_POINT('',(126.137241,-119.642493719,-1.2));
#5383=DIRECTION('',(0.,-1.,0.));
#5384=VECTOR('',#5383,13.105012563);
#5385=LINE('',#5382,#5384);
#5386=EDGE_CURVE('',#5381,#5372,#5385,.T.);
#5387=ORIENTED_EDGE('',*,*,#5386,.F.);
#5388=CARTESIAN_POINT('',(125.587241,-119.145,-1.2));
#5389=VERTEX_POINT('',#5388);
#5390=CARTESIAN_POINT('',(126.087241,-119.145,-1.2));
#5391=DIRECTION('',(0.,0.,-1.));
#5392=DIRECTION('',(-1.,0.,0.));
#5393=AXIS2_PLACEMENT_3D('',#5390,#5391,#5392);
#5394=CIRCLE('',#5393,0.5);
#5395=EDGE_CURVE('',#5389,#5381,#5394,.T.);
#5396=ORIENTED_EDGE('',*,*,#5395,.F.);
#5397=CARTESIAN_POINT('',(112.534734719,-119.145,-1.2));
#5398=VERTEX_POINT('',#5397);
#5399=CARTESIAN_POINT('',(112.534734719,-119.145,-1.2));
#5400=DIRECTION('',(1.,0.,-0.));
#5401=VECTOR('',#5400,13.052506281);
#5402=LINE('',#5399,#5401);
#5403=EDGE_CURVE('',#5398,#5389,#5402,.T.);
#5404=ORIENTED_EDGE('',*,*,#5403,.F.);
#5405=CARTESIAN_POINT('',(111.537241,-119.195,-1.2));
#5406=VERTEX_POINT('',#5405);
#5407=CARTESIAN_POINT('',(112.037241,-119.195,-1.2));
#5408=DIRECTION('',(0.,0.,-1.));
#5409=DIRECTION('',(-1.,0.,0.));
#5410=AXIS2_PLACEMENT_3D('',#5407,#5408,#5409);
#5411=CIRCLE('',#5410,0.5);
#5412=EDGE_CURVE('',#5406,#5398,#5411,.T.);
#5413=ORIENTED_EDGE('',*,*,#5412,.F.);
#5414=CARTESIAN_POINT('',(112.037241,-119.695,-1.2));
#5415=VERTEX_POINT('',#5414);
#5416=CARTESIAN_POINT('',(112.037241,-119.195,-1.2));
#5417=DIRECTION('',(0.,0.,-1.));
#5418=DIRECTION('',(-1.,0.,0.));
#5419=AXIS2_PLACEMENT_3D('',#5416,#5417,#5418);
#5420=CIRCLE('',#5419,0.5);
#5421=EDGE_CURVE('',#5415,#5406,#5420,.T.);
#5422=ORIENTED_EDGE('',*,*,#5421,.F.);
#5423=CARTESIAN_POINT('',(112.037241,-132.747506281,-1.2));
#5424=VERTEX_POINT('',#5423);
#5425=CARTESIAN_POINT('',(112.037241,-132.747506281,-1.2));
#5426=DIRECTION('',(0.,1.,0.));
#5427=VECTOR('',#5426,13.052506281);
#5428=LINE('',#5425,#5427);
#5429=EDGE_CURVE('',#5424,#5415,#5428,.T.);
#5430=ORIENTED_EDGE('',*,*,#5429,.F.);
#5431=CARTESIAN_POINT('',(111.587241,-133.245,-1.2));
#5432=VERTEX_POINT('',#5431);
#5433=CARTESIAN_POINT('',(112.087241,-133.245,-1.2));
#5434=DIRECTION('',(0.,0.,-1.));
#5435=DIRECTION('',(-1.,0.,0.));
#5436=AXIS2_PLACEMENT_3D('',#5433,#5434,#5435);
#5437=CIRCLE('',#5436,0.5);
#5438=EDGE_CURVE('',#5432,#5424,#5437,.T.);
#5439=ORIENTED_EDGE('',*,*,#5438,.F.);
#5440=CARTESIAN_POINT('',(112.087241,-133.245,-1.2));
#5441=DIRECTION('',(0.,0.,-1.));
#5442=DIRECTION('',(-1.,0.,0.));
#5443=AXIS2_PLACEMENT_3D('',#5440,#5441,#5442);
#5444=CIRCLE('',#5443,0.5);
#5445=EDGE_CURVE('',#5364,#5432,#5444,.T.);
#5446=ORIENTED_EDGE('',*,*,#5445,.F.);
#5447=EDGE_LOOP('',(#5370,#5379,#5387,#5396,#5404,#5413,#5422,#5430,#5439,#5446));
#5448=FACE_BOUND('',#5447,.T.);
#5449=CARTESIAN_POINT('',(88.037241,-133.929993719,-1.2));
#5450=VERTEX_POINT('',#5449);
#5451=CARTESIAN_POINT('',(88.037241,-147.035006281,-1.2));
#5452=VERTEX_POINT('',#5451);
#5453=CARTESIAN_POINT('',(88.037241,-133.929993719,-1.2));
#5454=DIRECTION('',(0.,-1.,0.));
#5455=VECTOR('',#5454,13.105012563);
#5456=LINE('',#5453,#5455);
#5457=EDGE_CURVE('',#5450,#5452,#5456,.T.);
#5458=ORIENTED_EDGE('',*,*,#5457,.F.);
#5459=CARTESIAN_POINT('',(87.487241,-133.4325,-1.2));
#5460=VERTEX_POINT('',#5459);
#5461=CARTESIAN_POINT('',(87.987241,-133.4325,-1.2));
#5462=DIRECTION('',(0.,0.,-1.));
#5463=DIRECTION('',(-1.,0.,0.));
#5464=AXIS2_PLACEMENT_3D('',#5461,#5462,#5463);
#5465=CIRCLE('',#5464,0.5);
#5466=EDGE_CURVE('',#5460,#5450,#5465,.T.);
#5467=ORIENTED_EDGE('',*,*,#5466,.F.);
#5468=CARTESIAN_POINT('',(74.434734719,-133.4325,-1.2));
#5469=VERTEX_POINT('',#5468);
#5470=CARTESIAN_POINT('',(74.434734719,-133.4325,-1.2));
#5471=DIRECTION('',(1.,0.,-0.));
#5472=VECTOR('',#5471,13.052506281);
#5473=LINE('',#5470,#5472);
#5474=EDGE_CURVE('',#5469,#5460,#5473,.T.);
#5475=ORIENTED_EDGE('',*,*,#5474,.F.);
#5476=CARTESIAN_POINT('',(73.437241,-133.4825,-1.2));
#5477=VERTEX_POINT('',#5476);
#5478=CARTESIAN_POINT('',(73.937241,-133.4825,-1.2));
#5479=DIRECTION('',(0.,0.,-1.));
#5480=DIRECTION('',(-1.,0.,0.));
#5481=AXIS2_PLACEMENT_3D('',#5478,#5479,#5480);
#5482=CIRCLE('',#5481,0.5);
#5483=EDGE_CURVE('',#5477,#5469,#5482,.T.);
#5484=ORIENTED_EDGE('',*,*,#5483,.F.);
#5485=CARTESIAN_POINT('',(73.937241,-133.9825,-1.2));
#5486=VERTEX_POINT('',#5485);
#5487=CARTESIAN_POINT('',(73.937241,-133.4825,-1.2));
#5488=DIRECTION('',(0.,0.,-1.));
#5489=DIRECTION('',(-1.,0.,0.));
#5490=AXIS2_PLACEMENT_3D('',#5487,#5488,#5489);
#5491=CIRCLE('',#5490,0.5);
#5492=EDGE_CURVE('',#5486,#5477,#5491,.T.);
#5493=ORIENTED_EDGE('',*,*,#5492,.F.);
#5494=CARTESIAN_POINT('',(73.937241,-147.035006281,-1.2));
#5495=VERTEX_POINT('',#5494);
#5496=CARTESIAN_POINT('',(73.937241,-147.035006281,-1.2));
#5497=DIRECTION('',(0.,1.,0.));
#5498=VECTOR('',#5497,13.052506281);
#5499=LINE('',#5496,#5498);
#5500=EDGE_CURVE('',#5495,#5486,#5499,.T.);
#5501=ORIENTED_EDGE('',*,*,#5500,.F.);
#5502=CARTESIAN_POINT('',(73.487241,-147.5325,-1.2));
#5503=VERTEX_POINT('',#5502);
#5504=CARTESIAN_POINT('',(73.987241,-147.5325,-1.2));
#5505=DIRECTION('',(0.,0.,-1.));
#5506=DIRECTION('',(-1.,0.,0.));
#5507=AXIS2_PLACEMENT_3D('',#5504,#5505,#5506);
#5508=CIRCLE('',#5507,0.5);
#5509=EDGE_CURVE('',#5503,#5495,#5508,.T.);
#5510=ORIENTED_EDGE('',*,*,#5509,.F.);
#5511=CARTESIAN_POINT('',(74.487241,-147.5325,-1.2));
#5512=VERTEX_POINT('',#5511);
#5513=CARTESIAN_POINT('',(73.987241,-147.5325,-1.2));
#5514=DIRECTION('',(0.,0.,-1.));
#5515=DIRECTION('',(-1.,0.,0.));
#5516=AXIS2_PLACEMENT_3D('',#5513,#5514,#5515);
#5517=CIRCLE('',#5516,0.5);
#5518=EDGE_CURVE('',#5512,#5503,#5517,.T.);
#5519=ORIENTED_EDGE('',*,*,#5518,.F.);
#5520=CARTESIAN_POINT('',(87.487241,-147.5325,-1.2));
#5521=VERTEX_POINT('',#5520);
#5522=CARTESIAN_POINT('',(87.487241,-147.5325,-1.2));
#5523=DIRECTION('',(-1.,0.,0.));
#5524=VECTOR('',#5523,13.);
#5525=LINE('',#5522,#5524);
#5526=EDGE_CURVE('',#5521,#5512,#5525,.T.);
#5527=ORIENTED_EDGE('',*,*,#5526,.F.);
#5528=CARTESIAN_POINT('',(87.987241,-147.5325,-1.2));
#5529=DIRECTION('',(0.,0.,-1.));
#5530=DIRECTION('',(-1.,0.,0.));
#5531=AXIS2_PLACEMENT_3D('',#5528,#5529,#5530);
#5532=CIRCLE('',#5531,0.5);
#5533=EDGE_CURVE('',#5452,#5521,#5532,.T.);
#5534=ORIENTED_EDGE('',*,*,#5533,.F.);
#5535=EDGE_LOOP('',(#5458,#5467,#5475,#5484,#5493,#5501,#5510,#5519,#5527,#5534));
#5536=FACE_BOUND('',#5535,.T.);
#5537=CARTESIAN_POINT('',(163.687241,-133.245,-1.2));
#5538=VERTEX_POINT('',#5537);
#5539=CARTESIAN_POINT('',(150.640093381,-133.245,-1.2));
#5540=VERTEX_POINT('',#5539);
#5541=CARTESIAN_POINT('',(163.687241,-133.245,-1.2));
#5542=DIRECTION('',(-1.,0.,0.));
#5543=VECTOR('',#5542,13.047147619);
#5544=LINE('',#5541,#5543);
#5545=EDGE_CURVE('',#5538,#5540,#5544,.T.);
#5546=ORIENTED_EDGE('',*,*,#5545,.F.);
#5547=CARTESIAN_POINT('',(164.237241,-132.747506281,-1.2));
#5548=VERTEX_POINT('',#5547);
#5549=CARTESIAN_POINT('',(164.187241,-133.245,-1.2));
#5550=DIRECTION('',(0.,0.,-1.));
#5551=DIRECTION('',(-1.,0.,0.));
#5552=AXIS2_PLACEMENT_3D('',#5549,#5550,#5551);
#5553=CIRCLE('',#5552,0.5);
#5554=EDGE_CURVE('',#5548,#5538,#5553,.T.);
#5555=ORIENTED_EDGE('',*,*,#5554,.F.);
#5556=CARTESIAN_POINT('',(164.237241,-119.675851514,-1.2));
#5557=VERTEX_POINT('',#5556);
#5558=CARTESIAN_POINT('',(164.237241,-119.675851514,-1.2));
#5559=DIRECTION('',(0.,-1.,0.));
#5560=VECTOR('',#5559,13.071654767);
#5561=LINE('',#5558,#5560);
#5562=EDGE_CURVE('',#5557,#5548,#5561,.T.);
#5563=ORIENTED_EDGE('',*,*,#5562,.F.);
#5564=CARTESIAN_POINT('',(163.734388619,-119.145,-1.2));
#5565=VERTEX_POINT('',#5564);
#5566=CARTESIAN_POINT('',(164.233435,-119.175866,-1.2));
#5567=DIRECTION('',(0.,0.,-1.));
#5568=DIRECTION('',(-1.,0.,0.));
#5569=AXIS2_PLACEMENT_3D('',#5566,#5567,#5568);
#5570=CIRCLE('',#5569,0.5);
#5571=EDGE_CURVE('',#5565,#5557,#5570,.T.);
#5572=ORIENTED_EDGE('',*,*,#5571,.F.);
#5573=CARTESIAN_POINT('',(150.634734719,-119.145,-1.2));
#5574=VERTEX_POINT('',#5573);
#5575=CARTESIAN_POINT('',(150.634734719,-119.145,-1.2));
#5576=DIRECTION('',(1.,0.,-0.));
#5577=VECTOR('',#5576,13.099653901);
#5578=LINE('',#5575,#5577);
#5579=EDGE_CURVE('',#5574,#5565,#5578,.T.);
#5580=ORIENTED_EDGE('',*,*,#5579,.F.);
#5581=CARTESIAN_POINT('',(149.637241,-119.195,-1.2));
#5582=VERTEX_POINT('',#5581);
#5583=CARTESIAN_POINT('',(150.137241,-119.195,-1.2));
#5584=DIRECTION('',(0.,0.,-1.));
#5585=DIRECTION('',(-1.,0.,0.));
#5586=AXIS2_PLACEMENT_3D('',#5583,#5584,#5585);
#5587=CIRCLE('',#5586,0.5);
#5588=EDGE_CURVE('',#5582,#5574,#5587,.T.);
#5589=ORIENTED_EDGE('',*,*,#5588,.F.);
#5590=CARTESIAN_POINT('',(150.137241,-119.695,-1.2));
#5591=VERTEX_POINT('',#5590);
#5592=CARTESIAN_POINT('',(150.137241,-119.195,-1.2));
#5593=DIRECTION('',(0.,0.,-1.));
#5594=DIRECTION('',(-1.,0.,0.));
#5595=AXIS2_PLACEMENT_3D('',#5592,#5593,#5594);
#5596=CIRCLE('',#5595,0.5);
#5597=EDGE_CURVE('',#5591,#5582,#5596,.T.);
#5598=ORIENTED_EDGE('',*,*,#5597,.F.);
#5599=CARTESIAN_POINT('',(150.137241,-132.714148486,-1.2));
#5600=VERTEX_POINT('',#5599);
#5601=CARTESIAN_POINT('',(150.137241,-132.714148486,-1.2));
#5602=DIRECTION('',(0.,1.,0.));
#5603=VECTOR('',#5602,13.019148486);
#5604=LINE('',#5601,#5603);
#5605=EDGE_CURVE('',#5600,#5591,#5604,.T.);
#5606=ORIENTED_EDGE('',*,*,#5605,.F.);
#5607=CARTESIAN_POINT('',(149.641047,-133.214134,-1.2));
#5608=VERTEX_POINT('',#5607);
#5609=CARTESIAN_POINT('',(150.141047,-133.214134,-1.2));
#5610=DIRECTION('',(0.,0.,-1.));
#5611=DIRECTION('',(-1.,0.,0.));
#5612=AXIS2_PLACEMENT_3D('',#5609,#5610,#5611);
#5613=CIRCLE('',#5612,0.5);
#5614=EDGE_CURVE('',#5608,#5600,#5613,.T.);
#5615=ORIENTED_EDGE('',*,*,#5614,.F.);
#5616=CARTESIAN_POINT('',(150.141047,-133.214134,-1.2));
#5617=DIRECTION('',(0.,0.,-1.));
#5618=DIRECTION('',(-1.,0.,0.));
#5619=AXIS2_PLACEMENT_3D('',#5616,#5617,#5618);
#5620=CIRCLE('',#5619,0.5);
#5621=EDGE_CURVE('',#5540,#5608,#5620,.T.);
#5622=ORIENTED_EDGE('',*,*,#5621,.F.);
#5623=EDGE_LOOP('',(#5546,#5555,#5563,#5572,#5580,#5589,#5598,#5606,#5615,#5622));
#5624=FACE_BOUND('',#5623,.T.);
#5625=CARTESIAN_POINT('',(150.137241,-151.797506281,-1.2));
#5626=VERTEX_POINT('',#5625);
#5627=CARTESIAN_POINT('',(150.137241,-138.725851514,-1.2));
#5628=VERTEX_POINT('',#5627);
#5629=CARTESIAN_POINT('',(150.137241,-151.797506281,-1.2));
#5630=DIRECTION('',(0.,1.,0.));
#5631=VECTOR('',#5630,13.071654767);
#5632=LINE('',#5629,#5631);
#5633=EDGE_CURVE('',#5626,#5628,#5632,.T.);
#5634=ORIENTED_EDGE('',*,*,#5633,.F.);
#5635=CARTESIAN_POINT('',(149.687241,-152.295,-1.2));
#5636=VERTEX_POINT('',#5635);
#5637=CARTESIAN_POINT('',(150.187241,-152.295,-1.2));
#5638=DIRECTION('',(0.,0.,-1.));
#5639=DIRECTION('',(-1.,0.,0.));
#5640=AXIS2_PLACEMENT_3D('',#5637,#5638,#5639);
#5641=CIRCLE('',#5640,0.5);
#5642=EDGE_CURVE('',#5636,#5626,#5641,.T.);
#5643=ORIENTED_EDGE('',*,*,#5642,.F.);
#5644=CARTESIAN_POINT('',(150.687241,-152.295,-1.2));
#5645=VERTEX_POINT('',#5644);
#5646=CARTESIAN_POINT('',(150.187241,-152.295,-1.2));
#5647=DIRECTION('',(0.,0.,-1.));
#5648=DIRECTION('',(-1.,0.,0.));
#5649=AXIS2_PLACEMENT_3D('',#5646,#5647,#5648);
#5650=CIRCLE('',#5649,0.5);
#5651=EDGE_CURVE('',#5645,#5636,#5650,.T.);
#5652=ORIENTED_EDGE('',*,*,#5651,.F.);
#5653=CARTESIAN_POINT('',(163.739747281,-152.295,-1.2));
#5654=VERTEX_POINT('',#5653);
#5655=CARTESIAN_POINT('',(163.739747281,-152.295,-1.2));
#5656=DIRECTION('',(-1.,0.,0.));
#5657=VECTOR('',#5656,13.052506281);
#5658=LINE('',#5655,#5657);
#5659=EDGE_CURVE('',#5654,#5645,#5658,.T.);
#5660=ORIENTED_EDGE('',*,*,#5659,.F.);
#5661=CARTESIAN_POINT('',(164.237241,-151.745,-1.2));
#5662=VERTEX_POINT('',#5661);
#5663=CARTESIAN_POINT('',(164.237241,-152.245,-1.2));
#5664=DIRECTION('',(0.,0.,-1.));
#5665=DIRECTION('',(-1.,0.,0.));
#5666=AXIS2_PLACEMENT_3D('',#5663,#5664,#5665);
#5667=CIRCLE('',#5666,0.5);
#5668=EDGE_CURVE('',#5662,#5654,#5667,.T.);
#5669=ORIENTED_EDGE('',*,*,#5668,.F.);
#5670=CARTESIAN_POINT('',(164.237241,-138.697852381,-1.2));
#5671=VERTEX_POINT('',#5670);
#5672=CARTESIAN_POINT('',(164.237241,-138.697852381,-1.2));
#5673=DIRECTION('',(0.,-1.,0.));
#5674=VECTOR('',#5673,13.047147619);
#5675=LINE('',#5672,#5674);
#5676=EDGE_CURVE('',#5671,#5662,#5675,.T.);
#5677=ORIENTED_EDGE('',*,*,#5676,.F.);
#5678=CARTESIAN_POINT('',(163.706389486,-138.195,-1.2));
#5679=VERTEX_POINT('',#5678);
#5680=CARTESIAN_POINT('',(164.206375,-138.198806,-1.2));
#5681=DIRECTION('',(0.,0.,-1.));
#5682=DIRECTION('',(-1.,0.,0.));
#5683=AXIS2_PLACEMENT_3D('',#5680,#5681,#5682);
#5684=CIRCLE('',#5683,0.5);
#5685=EDGE_CURVE('',#5679,#5671,#5684,.T.);
#5686=ORIENTED_EDGE('',*,*,#5685,.F.);
#5687=CARTESIAN_POINT('',(150.640093381,-138.195,-1.2));
#5688=VERTEX_POINT('',#5687);
#5689=CARTESIAN_POINT('',(150.640093381,-138.195,-1.2));
#5690=DIRECTION('',(1.,0.,-0.));
#5691=VECTOR('',#5690,13.066296105);
#5692=LINE('',#5689,#5691);
#5693=EDGE_CURVE('',#5688,#5679,#5692,.T.);
#5694=ORIENTED_EDGE('',*,*,#5693,.F.);
#5695=CARTESIAN_POINT('',(149.641047,-138.225866,-1.2));
#5696=VERTEX_POINT('',#5695);
#5697=CARTESIAN_POINT('',(150.141047,-138.225866,-1.2));
#5698=DIRECTION('',(0.,0.,-1.));
#5699=DIRECTION('',(-1.,0.,0.));
#5700=AXIS2_PLACEMENT_3D('',#5697,#5698,#5699);
#5701=CIRCLE('',#5700,0.5);
#5702=EDGE_CURVE('',#5696,#5688,#5701,.T.);
#5703=ORIENTED_EDGE('',*,*,#5702,.F.);
#5704=CARTESIAN_POINT('',(150.141047,-138.225866,-1.2));
#5705=DIRECTION('',(0.,0.,-1.));
#5706=DIRECTION('',(-1.,0.,0.));
#5707=AXIS2_PLACEMENT_3D('',#5704,#5705,#5706);
#5708=CIRCLE('',#5707,0.5);
#5709=EDGE_CURVE('',#5628,#5696,#5708,.T.);
#5710=ORIENTED_EDGE('',*,*,#5709,.F.);
#5711=EDGE_LOOP('',(#5634,#5643,#5652,#5660,#5669,#5677,#5686,#5694,#5703,#5710));
#5712=FACE_BOUND('',#5711,.T.);
#5713=CARTESIAN_POINT('',(148.232241,-176.529148486,-1.2));
#5714=VERTEX_POINT('',#5713);
#5715=CARTESIAN_POINT('',(148.232241,-163.462852381,-1.2));
#5716=VERTEX_POINT('',#5715);
#5717=CARTESIAN_POINT('',(148.232241,-176.529148486,-1.2));
#5718=DIRECTION('',(0.,1.,0.));
#5719=VECTOR('',#5718,13.066296105);
#5720=LINE('',#5717,#5719);
#5721=EDGE_CURVE('',#5714,#5716,#5720,.T.);
#5722=ORIENTED_EDGE('',*,*,#5721,.F.);
#5723=CARTESIAN_POINT('',(147.736047,-177.029134,-1.2));
#5724=VERTEX_POINT('',#5723);
#5725=CARTESIAN_POINT('',(148.236047,-177.029134,-1.2));
#5726=DIRECTION('',(0.,0.,-1.));
#5727=DIRECTION('',(-1.,0.,0.));
#5728=AXIS2_PLACEMENT_3D('',#5725,#5726,#5727);
#5729=CIRCLE('',#5728,0.5);
#5730=EDGE_CURVE('',#5724,#5714,#5729,.T.);
#5731=ORIENTED_EDGE('',*,*,#5730,.F.);
#5732=CARTESIAN_POINT('',(148.735093381,-177.06,-1.2));
#5733=VERTEX_POINT('',#5732);
#5734=CARTESIAN_POINT('',(148.236047,-177.029134,-1.2));
#5735=DIRECTION('',(0.,0.,-1.));
#5736=DIRECTION('',(-1.,0.,0.));
#5737=AXIS2_PLACEMENT_3D('',#5734,#5735,#5736);
#5738=CIRCLE('',#5737,0.5);
#5739=EDGE_CURVE('',#5733,#5724,#5738,.T.);
#5740=ORIENTED_EDGE('',*,*,#5739,.F.);
#5741=CARTESIAN_POINT('',(161.801389486,-177.06,-1.2));
#5742=VERTEX_POINT('',#5741);
#5743=CARTESIAN_POINT('',(161.801389486,-177.06,-1.2));
#5744=DIRECTION('',(-1.,0.,0.));
#5745=VECTOR('',#5744,13.066296105);
#5746=LINE('',#5743,#5745);
#5747=EDGE_CURVE('',#5742,#5733,#5746,.T.);
#5748=ORIENTED_EDGE('',*,*,#5747,.F.);
#5749=CARTESIAN_POINT('',(162.332241,-176.557147619,-1.2));
#5750=VERTEX_POINT('',#5749);
#5751=CARTESIAN_POINT('',(162.301375,-177.056194,-1.2));
#5752=DIRECTION('',(0.,0.,-1.));
#5753=DIRECTION('',(-1.,0.,0.));
#5754=AXIS2_PLACEMENT_3D('',#5751,#5752,#5753);
#5755=CIRCLE('',#5754,0.5);
#5756=EDGE_CURVE('',#5750,#5742,#5755,.T.);
#5757=ORIENTED_EDGE('',*,*,#5756,.F.);
#5758=CARTESIAN_POINT('',(162.332241,-163.457493719,-1.2));
#5759=VERTEX_POINT('',#5758);
#5760=CARTESIAN_POINT('',(162.332241,-163.457493719,-1.2));
#5761=DIRECTION('',(0.,-1.,0.));
#5762=VECTOR('',#5761,13.099653901);
#5763=LINE('',#5760,#5762);
#5764=EDGE_CURVE('',#5759,#5750,#5763,.T.);
#5765=ORIENTED_EDGE('',*,*,#5764,.F.);
#5766=CARTESIAN_POINT('',(161.782241,-162.96,-1.2));
#5767=VERTEX_POINT('',#5766);
#5768=CARTESIAN_POINT('',(162.282241,-162.96,-1.2));
#5769=DIRECTION('',(0.,0.,-1.));
#5770=DIRECTION('',(-1.,0.,0.));
#5771=AXIS2_PLACEMENT_3D('',#5768,#5769,#5770);
#5772=CIRCLE('',#5771,0.5);
#5773=EDGE_CURVE('',#5767,#5759,#5772,.T.);
#5774=ORIENTED_EDGE('',*,*,#5773,.F.);
#5775=CARTESIAN_POINT('',(148.763092514,-162.96,-1.2));
#5776=VERTEX_POINT('',#5775);
#5777=CARTESIAN_POINT('',(148.763092514,-162.96,-1.2));
#5778=DIRECTION('',(1.,0.,-0.));
#5779=VECTOR('',#5778,13.019148486);
#5780=LINE('',#5777,#5779);
#5781=EDGE_CURVE('',#5776,#5767,#5780,.T.);
#5782=ORIENTED_EDGE('',*,*,#5781,.F.);
#5783=CARTESIAN_POINT('',(147.763107,-162.963806,-1.2));
#5784=VERTEX_POINT('',#5783);
#5785=CARTESIAN_POINT('',(148.263107,-162.963806,-1.2));
#5786=DIRECTION('',(0.,0.,-1.));
#5787=DIRECTION('',(-1.,0.,0.));
#5788=AXIS2_PLACEMENT_3D('',#5785,#5786,#5787);
#5789=CIRCLE('',#5788,0.5);
#5790=EDGE_CURVE('',#5784,#5776,#5789,.T.);
#5791=ORIENTED_EDGE('',*,*,#5790,.F.);
#5792=CARTESIAN_POINT('',(148.263107,-162.963806,-1.2));
#5793=DIRECTION('',(0.,0.,-1.));
#5794=DIRECTION('',(-1.,0.,0.));
#5795=AXIS2_PLACEMENT_3D('',#5792,#5793,#5794);
#5796=CIRCLE('',#5795,0.5);
#5797=EDGE_CURVE('',#5716,#5784,#5796,.T.);
#5798=ORIENTED_EDGE('',*,*,#5797,.F.);
#5799=EDGE_LOOP('',(#5722,#5731,#5740,#5748,#5757,#5765,#5774,#5782,#5791,#5798));
#5800=FACE_BOUND('',#5799,.T.);
#5801=CARTESIAN_POINT('',(186.775000315,-122.897393148,-1.2));
#5802=VERTEX_POINT('',#5801);
#5803=CARTESIAN_POINT('',(210.77499151,-122.897393148,-1.2));
#5804=VERTEX_POINT('',#5803);
#5805=CARTESIAN_POINT('',(186.775000315,-122.897393148,-1.2));
#5806=DIRECTION('',(1.,0.,-0.));
#5807=VECTOR('',#5806,23.999991195);
#5808=LINE('',#5805,#5807);
#5809=EDGE_CURVE('',#5802,#5804,#5808,.T.);
#5810=ORIENTED_EDGE('',*,*,#5809,.F.);
#5811=CARTESIAN_POINT('',(185.775000315,-123.897393148,-1.2));
#5812=VERTEX_POINT('',#5811);
#5813=CARTESIAN_POINT('',(186.775000315,-123.897393148,-1.2));
#5814=DIRECTION('',(0.,0.,1.));
#5815=DIRECTION('',(1.,0.,-0.));
#5816=AXIS2_PLACEMENT_3D('',#5813,#5814,#5815);
#5817=CIRCLE('',#5816,1.);
#5818=EDGE_CURVE('',#5802,#5812,#5817,.T.);
#5819=ORIENTED_EDGE('',*,*,#5818,.T.);
#5820=CARTESIAN_POINT('',(185.775000315,-167.369518819,-1.2));
#5821=VERTEX_POINT('',#5820);
#5822=CARTESIAN_POINT('',(185.775000315,-123.897393148,-1.2));
#5823=DIRECTION('',(0.,-1.,0.));
#5824=VECTOR('',#5823,43.472125671);
#5825=LINE('',#5822,#5824);
#5826=EDGE_CURVE('',#5812,#5821,#5825,.T.);
#5827=ORIENTED_EDGE('',*,*,#5826,.T.);
#5828=CARTESIAN_POINT('',(184.980970819,-167.594749331,-1.2));
#5829=VERTEX_POINT('',#5828);
#5830=CARTESIAN_POINT('',(185.455024,-167.753726,-1.2));
#5831=DIRECTION('',(0.,0.,-1.));
#5832=DIRECTION('',(-1.,0.,0.));
#5833=AXIS2_PLACEMENT_3D('',#5830,#5831,#5832);
#5834=CIRCLE('',#5833,0.5);
#5835=EDGE_CURVE('',#5829,#5821,#5834,.T.);
#5836=ORIENTED_EDGE('',*,*,#5835,.F.);
#5837=CARTESIAN_POINT('',(172.327680906,-164.20431003,-1.2));
#5838=VERTEX_POINT('',#5837);
#5839=CARTESIAN_POINT('',(172.327680906,-164.20431003,-1.2));
#5840=DIRECTION('',(0.965925817,-0.25881908,0.));
#5841=VECTOR('',#5840,13.099649776);
#5842=LINE('',#5839,#5841);
#5843=EDGE_CURVE('',#5838,#5829,#5842,.T.);
#5844=ORIENTED_EDGE('',*,*,#5843,.F.);
#5845=CARTESIAN_POINT('',(171.334198,-164.123845,-1.2));
#5846=VERTEX_POINT('',#5845);
#5847=CARTESIAN_POINT('',(171.834198,-164.123845,-1.2));
#5848=DIRECTION('',(0.,0.,-1.));
#5849=DIRECTION('',(-1.,0.,0.));
#5850=AXIS2_PLACEMENT_3D('',#5847,#5848,#5849);
#5851=CIRCLE('',#5850,0.5);
#5852=EDGE_CURVE('',#5846,#5838,#5851,.T.);
#5853=ORIENTED_EDGE('',*,*,#5852,.F.);
#5854=CARTESIAN_POINT('',(171.70478846,-164.606807908,-1.2));
#5855=VERTEX_POINT('',#5854);
#5856=CARTESIAN_POINT('',(171.834198,-164.123845,-1.2));
#5857=DIRECTION('',(0.,0.,-1.));
#5858=DIRECTION('',(-1.,0.,0.));
#5859=AXIS2_PLACEMENT_3D('',#5856,#5857,#5858);
#5860=CIRCLE('',#5859,0.5);
#5861=EDGE_CURVE('',#5855,#5846,#5860,.T.);
#5862=ORIENTED_EDGE('',*,*,#5861,.F.);
#5863=CARTESIAN_POINT('',(168.327937737,-177.209384564,-1.2));
#5864=VERTEX_POINT('',#5863);
#5865=CARTESIAN_POINT('',(168.327937737,-177.209384564,-1.2));
#5866=DIRECTION('',(0.25881908,0.965925817,0.));
#5867=VECTOR('',#5866,13.047147549);
#5868=LINE('',#5865,#5867);
#5869=EDGE_CURVE('',#5864,#5855,#5868,.T.);
#5870=ORIENTED_EDGE('',*,*,#5869,.F.);
#5871=CARTESIAN_POINT('',(167.728589,-177.699415,-1.2));
#5872=VERTEX_POINT('',#5871);
#5873=CARTESIAN_POINT('',(168.228589,-177.699415,-1.2));
#5874=DIRECTION('',(0.,0.,-1.));
#5875=DIRECTION('',(-1.,0.,0.));
#5876=AXIS2_PLACEMENT_3D('',#5873,#5874,#5875);
#5877=CIRCLE('',#5876,0.5);
#5878=EDGE_CURVE('',#5872,#5864,#5877,.T.);
#5879=ORIENTED_EDGE('',*,*,#5878,.F.);
#5880=CARTESIAN_POINT('',(168.710552997,-177.832496575,-1.2));
#5881=VERTEX_POINT('',#5880);
#5882=CARTESIAN_POINT('',(168.228589,-177.699415,-1.2));
#5883=DIRECTION('',(0.,0.,-1.));
#5884=DIRECTION('',(-1.,0.,0.));
#5885=AXIS2_PLACEMENT_3D('',#5882,#5883,#5884);
#5886=CIRCLE('',#5885,0.5);
#5887=EDGE_CURVE('',#5881,#5872,#5886,.T.);
#5888=ORIENTED_EDGE('',*,*,#5887,.F.);
#5889=CARTESIAN_POINT('',(181.286084092,-181.20210046,-1.2));
#5890=VERTEX_POINT('',#5889);
#5891=CARTESIAN_POINT('',(181.286084092,-181.20210046,-1.2));
#5892=DIRECTION('',(-0.965925817,0.25881908,0.));
#5893=VECTOR('',#5892,13.019147923);
#5894=LINE('',#5891,#5893);
#5895=EDGE_CURVE('',#5890,#5881,#5894,.T.);
#5896=ORIENTED_EDGE('',*,*,#5895,.F.);
#5897=CARTESIAN_POINT('',(181.269047,-181.33151,-1.2));
#5898=VERTEX_POINT('',#5897);
#5899=CARTESIAN_POINT('',(181.769047,-181.33151,-1.2));
#5900=DIRECTION('',(0.,0.,-1.));
#5901=DIRECTION('',(-1.,0.,0.));
#5902=AXIS2_PLACEMENT_3D('',#5899,#5900,#5901);
#5903=CIRCLE('',#5902,0.5);
#5904=EDGE_CURVE('',#5898,#5890,#5903,.T.);
#5905=ORIENTED_EDGE('',*,*,#5904,.F.);
#5906=CARTESIAN_POINT('',(181.946101958,-180.863908095,-1.2));
#5907=VERTEX_POINT('',#5906);
#5908=CARTESIAN_POINT('',(181.769047,-181.33151,-1.2));
#5909=DIRECTION('',(0.,0.,-1.));
#5910=DIRECTION('',(-1.,0.,0.));
#5911=AXIS2_PLACEMENT_3D('',#5908,#5909,#5910);
#5912=CIRCLE('',#5911,0.5);
#5913=EDGE_CURVE('',#5907,#5898,#5912,.T.);
#5914=ORIENTED_EDGE('',*,*,#5913,.F.);
#5915=CARTESIAN_POINT('',(185.32929537,-168.237660202,-1.2));
#5916=VERTEX_POINT('',#5915);
#5917=CARTESIAN_POINT('',(185.32929537,-168.237660202,-1.2));
#5918=DIRECTION('',(-0.25881908,-0.965925817,0.));
#5919=VECTOR('',#5918,13.071653817);
#5920=LINE('',#5917,#5919);
#5921=EDGE_CURVE('',#5916,#5907,#5920,.T.);
#5922=ORIENTED_EDGE('',*,*,#5921,.F.);
#5923=CARTESIAN_POINT('',(185.933939181,-167.897393148,-1.2));
#5924=VERTEX_POINT('',#5923);
#5925=CARTESIAN_POINT('',(185.455024,-167.753726,-1.2));
#5926=DIRECTION('',(0.,0.,-1.));
#5927=DIRECTION('',(-1.,0.,0.));
#5928=AXIS2_PLACEMENT_3D('',#5925,#5926,#5927);
#5929=CIRCLE('',#5928,0.5);
#5930=EDGE_CURVE('',#5924,#5916,#5929,.T.);
#5931=ORIENTED_EDGE('',*,*,#5930,.F.);
#5932=CARTESIAN_POINT('',(210.774996328,-167.897393148,-1.2));
#5933=VERTEX_POINT('',#5932);
#5934=CARTESIAN_POINT('',(185.933939181,-167.897393148,-1.2));
#5935=DIRECTION('',(1.,0.,-0.));
#5936=VECTOR('',#5935,24.841057147);
#5937=LINE('',#5934,#5936);
#5938=EDGE_CURVE('',#5924,#5933,#5937,.T.);
#5939=ORIENTED_EDGE('',*,*,#5938,.T.);
#5940=CARTESIAN_POINT('',(211.774996328,-166.897393036,-1.2));
#5941=VERTEX_POINT('',#5940);
#5942=CARTESIAN_POINT('',(210.774996328,-166.897393148,-1.2));
#5943=DIRECTION('',(0.,0.,1.));
#5944=DIRECTION('',(1.,0.,-0.));
#5945=AXIS2_PLACEMENT_3D('',#5942,#5943,#5944);
#5946=CIRCLE('',#5945,1.);
#5947=EDGE_CURVE('',#5933,#5941,#5946,.T.);
#5948=ORIENTED_EDGE('',*,*,#5947,.T.);
#5949=CARTESIAN_POINT('',(211.77499151,-123.897393036,-1.2));
#5950=VERTEX_POINT('',#5949);
#5951=CARTESIAN_POINT('',(211.77499151,-123.897393036,-1.2));
#5952=DIRECTION('',(0.000000112,-1.,0.));
#5953=VECTOR('',#5952,43.);
#5954=LINE('',#5951,#5953);
#5955=EDGE_CURVE('',#5950,#5941,#5954,.T.);
#5956=ORIENTED_EDGE('',*,*,#5955,.F.);
#5957=CARTESIAN_POINT('',(210.77499151,-123.897393148,-1.2));
#5958=DIRECTION('',(0.,0.,1.));
#5959=DIRECTION('',(1.,0.,-0.));
#5960=AXIS2_PLACEMENT_3D('',#5957,#5958,#5959);
#5961=CIRCLE('',#5960,1.);
#5962=EDGE_CURVE('',#5950,#5804,#5961,.T.);
#5963=ORIENTED_EDGE('',*,*,#5962,.T.);
#5964=EDGE_LOOP('',(#5810,#5819,#5827,#5836,#5844,#5853,#5862,#5870,#5879,#5888,#5896,#5905,#5914,#5922,#5931,#5939,#5948,#5956,#5963));
#5965=FACE_BOUND('',#5964,.T.);
#5966=CARTESIAN_POINT('',(169.187241,-156.5075,-1.2));
#5967=VERTEX_POINT('',#5966);
#5968=CARTESIAN_POINT('',(169.187241,-143.5075,-1.2));
#5969=VERTEX_POINT('',#5968);
#5970=CARTESIAN_POINT('',(169.187241,-156.5075,-1.2));
#5971=DIRECTION('',(0.,1.,0.));
#5972=VECTOR('',#5971,13.);
#5973=LINE('',#5970,#5972);
#5974=EDGE_CURVE('',#5967,#5969,#5973,.T.);
#5975=ORIENTED_EDGE('',*,*,#5974,.F.);
#5976=CARTESIAN_POINT('',(168.687241,-157.0075,-1.2));
#5977=VERTEX_POINT('',#5976);
#5978=CARTESIAN_POINT('',(169.187241,-157.0075,-1.2));
#5979=DIRECTION('',(0.,0.,-1.));
#5980=DIRECTION('',(-1.,0.,0.));
#5981=AXIS2_PLACEMENT_3D('',#5978,#5979,#5980);
#5982=CIRCLE('',#5981,0.5);
#5983=EDGE_CURVE('',#5977,#5967,#5982,.T.);
#5984=ORIENTED_EDGE('',*,*,#5983,.F.);
#5985=CARTESIAN_POINT('',(169.684734719,-157.0575,-1.2));
#5986=VERTEX_POINT('',#5985);
#5987=CARTESIAN_POINT('',(169.187241,-157.0075,-1.2));
#5988=DIRECTION('',(0.,0.,-1.));
#5989=DIRECTION('',(-1.,0.,0.));
#5990=AXIS2_PLACEMENT_3D('',#5987,#5988,#5989);
#5991=CIRCLE('',#5990,0.5);
#5992=EDGE_CURVE('',#5986,#5977,#5991,.T.);
#5993=ORIENTED_EDGE('',*,*,#5992,.F.);
#5994=CARTESIAN_POINT('',(182.756389486,-157.0575,-1.2));
#5995=VERTEX_POINT('',#5994);
#5996=CARTESIAN_POINT('',(182.756389486,-157.0575,-1.2));
#5997=DIRECTION('',(-1.,0.,0.));
#5998=VECTOR('',#5997,13.071654767);
#5999=LINE('',#5996,#5998);
#6000=EDGE_CURVE('',#5995,#5986,#5999,.T.);
#6001=ORIENTED_EDGE('',*,*,#6000,.F.);
#6002=CARTESIAN_POINT('',(183.287241,-156.554647619,-1.2));
#6003=VERTEX_POINT('',#6002);
#6004=CARTESIAN_POINT('',(183.256375,-157.053694,-1.2));
#6005=DIRECTION('',(0.,0.,-1.));
#6006=DIRECTION('',(-1.,0.,0.));
#6007=AXIS2_PLACEMENT_3D('',#6004,#6005,#6006);
#6008=CIRCLE('',#6007,0.5);
#6009=EDGE_CURVE('',#6003,#5995,#6008,.T.);
#6010=ORIENTED_EDGE('',*,*,#6009,.F.);
#6011=CARTESIAN_POINT('',(183.287241,-143.460352381,-1.2));
#6012=VERTEX_POINT('',#6011);
#6013=CARTESIAN_POINT('',(183.287241,-143.460352381,-1.2));
#6014=DIRECTION('',(0.,-1.,0.));
#6015=VECTOR('',#6014,13.094295239);
#6016=LINE('',#6013,#6015);
#6017=EDGE_CURVE('',#6012,#6003,#6016,.T.);
#6018=ORIENTED_EDGE('',*,*,#6017,.F.);
#6019=CARTESIAN_POINT('',(182.756389486,-142.9575,-1.2));
#6020=VERTEX_POINT('',#6019);
#6021=CARTESIAN_POINT('',(183.256375,-142.961306,-1.2));
#6022=DIRECTION('',(0.,0.,-1.));
#6023=DIRECTION('',(-1.,0.,0.));
#6024=AXIS2_PLACEMENT_3D('',#6021,#6022,#6023);
#6025=CIRCLE('',#6024,0.5);
#6026=EDGE_CURVE('',#6020,#6012,#6025,.T.);
#6027=ORIENTED_EDGE('',*,*,#6026,.F.);
#6028=CARTESIAN_POINT('',(169.684734719,-142.9575,-1.2));
#6029=VERTEX_POINT('',#6028);
#6030=CARTESIAN_POINT('',(169.684734719,-142.9575,-1.2));
#6031=DIRECTION('',(1.,0.,-0.));
#6032=VECTOR('',#6031,13.071654767);
#6033=LINE('',#6030,#6032);
#6034=EDGE_CURVE('',#6029,#6020,#6033,.T.);
#6035=ORIENTED_EDGE('',*,*,#6034,.F.);
#6036=CARTESIAN_POINT('',(168.687241,-143.0075,-1.2));
#6037=VERTEX_POINT('',#6036);
#6038=CARTESIAN_POINT('',(169.187241,-143.0075,-1.2));
#6039=DIRECTION('',(0.,0.,-1.));
#6040=DIRECTION('',(-1.,0.,0.));
#6041=AXIS2_PLACEMENT_3D('',#6038,#6039,#6040);
#6042=CIRCLE('',#6041,0.5);
#6043=EDGE_CURVE('',#6037,#6029,#6042,.T.);
#6044=ORIENTED_EDGE('',*,*,#6043,.F.);
#6045=CARTESIAN_POINT('',(169.187241,-143.0075,-1.2));
#6046=DIRECTION('',(0.,0.,-1.));
#6047=DIRECTION('',(-1.,0.,0.));
#6048=AXIS2_PLACEMENT_3D('',#6045,#6046,#6047);
#6049=CIRCLE('',#6048,0.5);
#6050=EDGE_CURVE('',#5969,#6037,#6049,.T.);
#6051=ORIENTED_EDGE('',*,*,#6050,.F.);
#6052=EDGE_LOOP('',(#5975,#5984,#5993,#6001,#6010,#6018,#6027,#6035,#6044,#6051));
#6053=FACE_BOUND('',#6052,.T.);
#6054=CARTESIAN_POINT('',(93.484734719,-142.9575,-1.2));
#6055=VERTEX_POINT('',#6054);
#6056=CARTESIAN_POINT('',(106.589747281,-142.9575,-1.2));
#6057=VERTEX_POINT('',#6056);
#6058=CARTESIAN_POINT('',(93.484734719,-142.9575,-1.2));
#6059=DIRECTION('',(1.,0.,-0.));
#6060=VECTOR('',#6059,13.105012563);
#6061=LINE('',#6058,#6060);
#6062=EDGE_CURVE('',#6055,#6057,#6061,.T.);
#6063=ORIENTED_EDGE('',*,*,#6062,.F.);
#6064=CARTESIAN_POINT('',(92.487241,-143.0075,-1.2));
#6065=VERTEX_POINT('',#6064);
#6066=CARTESIAN_POINT('',(92.987241,-143.0075,-1.2));
#6067=DIRECTION('',(0.,0.,-1.));
#6068=DIRECTION('',(-1.,0.,0.));
#6069=AXIS2_PLACEMENT_3D('',#6066,#6067,#6068);
#6070=CIRCLE('',#6069,0.5);
#6071=EDGE_CURVE('',#6065,#6055,#6070,.T.);
#6072=ORIENTED_EDGE('',*,*,#6071,.F.);
#6073=CARTESIAN_POINT('',(92.987241,-143.5075,-1.2));
#6074=VERTEX_POINT('',#6073);
#6075=CARTESIAN_POINT('',(92.987241,-143.0075,-1.2));
#6076=DIRECTION('',(0.,0.,-1.));
#6077=DIRECTION('',(-1.,0.,0.));
#6078=AXIS2_PLACEMENT_3D('',#6075,#6076,#6077);
#6079=CIRCLE('',#6078,0.5);
#6080=EDGE_CURVE('',#6074,#6065,#6079,.T.);
#6081=ORIENTED_EDGE('',*,*,#6080,.F.);
#6082=CARTESIAN_POINT('',(92.987241,-156.560006281,-1.2));
#6083=VERTEX_POINT('',#6082);
#6084=CARTESIAN_POINT('',(92.987241,-156.560006281,-1.2));
#6085=DIRECTION('',(0.,1.,0.));
#6086=VECTOR('',#6085,13.052506281);
#6087=LINE('',#6084,#6086);
#6088=EDGE_CURVE('',#6083,#6074,#6087,.T.);
#6089=ORIENTED_EDGE('',*,*,#6088,.F.);
#6090=CARTESIAN_POINT('',(92.537241,-157.0575,-1.2));
#6091=VERTEX_POINT('',#6090);
#6092=CARTESIAN_POINT('',(93.037241,-157.0575,-1.2));
#6093=DIRECTION('',(0.,0.,-1.));
#6094=DIRECTION('',(-1.,0.,0.));
#6095=AXIS2_PLACEMENT_3D('',#6092,#6093,#6094);
#6096=CIRCLE('',#6095,0.5);
#6097=EDGE_CURVE('',#6091,#6083,#6096,.T.);
#6098=ORIENTED_EDGE('',*,*,#6097,.F.);
#6099=CARTESIAN_POINT('',(93.537241,-157.0575,-1.2));
#6100=VERTEX_POINT('',#6099);
#6101=CARTESIAN_POINT('',(93.037241,-157.0575,-1.2));
#6102=DIRECTION('',(0.,0.,-1.));
#6103=DIRECTION('',(-1.,0.,0.));
#6104=AXIS2_PLACEMENT_3D('',#6101,#6102,#6103);
#6105=CIRCLE('',#6104,0.5);
#6106=EDGE_CURVE('',#6100,#6091,#6105,.T.);
#6107=ORIENTED_EDGE('',*,*,#6106,.F.);
#6108=CARTESIAN_POINT('',(106.589747281,-157.0575,-1.2));
#6109=VERTEX_POINT('',#6108);
#6110=CARTESIAN_POINT('',(106.589747281,-157.0575,-1.2));
#6111=DIRECTION('',(-1.,0.,0.));
#6112=VECTOR('',#6111,13.052506281);
#6113=LINE('',#6110,#6112);
#6114=EDGE_CURVE('',#6109,#6100,#6113,.T.);
#6115=ORIENTED_EDGE('',*,*,#6114,.F.);
#6116=CARTESIAN_POINT('',(107.087241,-156.5075,-1.2));
#6117=VERTEX_POINT('',#6116);
#6118=CARTESIAN_POINT('',(107.087241,-157.0075,-1.2));
#6119=DIRECTION('',(0.,0.,-1.));
#6120=DIRECTION('',(-1.,0.,0.));
#6121=AXIS2_PLACEMENT_3D('',#6118,#6119,#6120);
#6122=CIRCLE('',#6121,0.5);
#6123=EDGE_CURVE('',#6117,#6109,#6122,.T.);
#6124=ORIENTED_EDGE('',*,*,#6123,.F.);
#6125=CARTESIAN_POINT('',(107.087241,-143.5075,-1.2));
#6126=VERTEX_POINT('',#6125);
#6127=CARTESIAN_POINT('',(107.087241,-143.5075,-1.2));
#6128=DIRECTION('',(0.,-1.,0.));
#6129=VECTOR('',#6128,13.);
#6130=LINE('',#6127,#6129);
#6131=EDGE_CURVE('',#6126,#6117,#6130,.T.);
#6132=ORIENTED_EDGE('',*,*,#6131,.F.);
#6133=CARTESIAN_POINT('',(107.087241,-143.0075,-1.2));
#6134=DIRECTION('',(0.,0.,-1.));
#6135=DIRECTION('',(-1.,0.,0.));
#6136=AXIS2_PLACEMENT_3D('',#6133,#6134,#6135);
#6137=CIRCLE('',#6136,0.5);
#6138=EDGE_CURVE('',#6057,#6126,#6137,.T.);
#6139=ORIENTED_EDGE('',*,*,#6138,.F.);
#6140=EDGE_LOOP('',(#6063,#6072,#6081,#6089,#6098,#6107,#6115,#6124,#6132,#6139));
#6141=FACE_BOUND('',#6140,.T.);
#6142=ADVANCED_FACE('',(#4181,#4192,#4203,#4214,#4225,#4322,#4410,#4498,#4586,#4674,#4744,#4832,#4920,#5008,#5096,#5184,#5272,#5360,#5448,#5536,#5624,#5712,#5800,#5965,#6053,#6141),#4090,.T.);
#6143=CARTESIAN_POINT('',(212.774994213,-148.009631275,-1.2));
#6144=DIRECTION('',(-0.000000112,1.,0.));
#6145=DIRECTION('',(-1.,-0.000000112,0.));
#6146=AXIS2_PLACEMENT_3D('',#6143,#6144,#6145);
#6147=PLANE('',#6146);
#6148=ORIENTED_EDGE('',*,*,#1243,.F.);
#6149=CARTESIAN_POINT('',(213.274994213,-148.009631219,-2.2));
#6150=VERTEX_POINT('',#6149);
#6151=CARTESIAN_POINT('',(212.274994212,-148.009631331,-2.2));
#6152=DIRECTION('',(1.,0.000000112,0.));
#6153=VECTOR('',#6152,1.000000001);
#6154=LINE('',#6151,#6153);
#6155=EDGE_CURVE('',#1229,#6150,#6154,.T.);
#6156=ORIENTED_EDGE('',*,*,#6155,.T.);
#6157=CARTESIAN_POINT('',(213.274994213,-148.009631219,-5.8));
#6158=VERTEX_POINT('',#6157);
#6159=CARTESIAN_POINT('',(213.274994213,-148.009631219,-2.2));
#6160=DIRECTION('',(0.,0.,-1.));
#6161=VECTOR('',#6160,3.6);
#6162=LINE('',#6159,#6161);
#6163=EDGE_CURVE('',#6150,#6158,#6162,.T.);
#6164=ORIENTED_EDGE('',*,*,#6163,.T.);
#6165=CARTESIAN_POINT('',(213.274994213,-148.009631219,-5.8));
#6166=DIRECTION('',(-1.,-0.000000112,-0.));
#6167=VECTOR('',#6166,1.000000001);
#6168=LINE('',#6165,#6167);
#6169=EDGE_CURVE('',#6158,#1238,#6168,.T.);
#6170=ORIENTED_EDGE('',*,*,#6169,.T.);
#6171=EDGE_LOOP('',(#6148,#6156,#6164,#6170));
#6172=FACE_BOUND('',#6171,.T.);
#6173=ADVANCED_FACE('',(#6172),#6147,.T.);
#6174=CARTESIAN_POINT('',(212.77499242,-132.009631443,-1.2));
#6175=DIRECTION('',(0.000000224,-1.,0.));
#6176=DIRECTION('',(1.,0.000000224,0.));
#6177=AXIS2_PLACEMENT_3D('',#6174,#6175,#6176);
#6178=PLANE('',#6177);
#6179=ORIENTED_EDGE('',*,*,#73,.T.);
#6180=CARTESIAN_POINT('',(213.27499242,-132.009631331,-5.8));
#6181=VERTEX_POINT('',#6180);
#6182=CARTESIAN_POINT('',(212.274992419,-132.009631555,-5.8));
#6183=DIRECTION('',(1.,0.000000224,-0.));
#6184=VECTOR('',#6183,1.000000001);
#6185=LINE('',#6182,#6184);
#6186=EDGE_CURVE('',#59,#6181,#6185,.T.);
#6187=ORIENTED_EDGE('',*,*,#6186,.T.);
#6188=CARTESIAN_POINT('',(213.27499242,-132.009631331,-2.2));
#6189=VERTEX_POINT('',#6188);
#6190=CARTESIAN_POINT('',(213.27499242,-132.009631331,-2.2));
#6191=DIRECTION('',(0.,0.,-1.));
#6192=VECTOR('',#6191,3.6);
#6193=LINE('',#6190,#6192);
#6194=EDGE_CURVE('',#6189,#6181,#6193,.T.);
#6195=ORIENTED_EDGE('',*,*,#6194,.F.);
#6196=CARTESIAN_POINT('',(213.27499242,-132.009631331,-2.2));
#6197=DIRECTION('',(-1.,-0.000000224,0.));
#6198=VECTOR('',#6197,1.000000001);
#6199=LINE('',#6196,#6198);
#6200=EDGE_CURVE('',#6189,#68,#6199,.T.);
#6201=ORIENTED_EDGE('',*,*,#6200,.T.);
#6202=EDGE_LOOP('',(#6179,#6187,#6195,#6201));
#6203=FACE_BOUND('',#6202,.T.);
#6204=ADVANCED_FACE('',(#6203),#6178,.T.);
#6205=CARTESIAN_POINT('',(212.774992644,-133.009631443,-2.2));
#6206=DIRECTION('',(1.,0.000000224,0.));
#6207=DIRECTION('',(-0.000000224,1.,0.));
#6208=AXIS2_PLACEMENT_3D('',#6205,#6206,#6207);
#6209=CYLINDRICAL_SURFACE('',#6208,1.);
#6210=CARTESIAN_POINT('',(213.274992532,-133.009631331,-2.2));
#6211=DIRECTION('',(-1.,-0.000000112,0.));
#6212=DIRECTION('',(0.000000112,-1.,0.));
#6213=AXIS2_PLACEMENT_3D('',#6210,#6211,#6212);
#6214=CIRCLE('',#6213,1.);
#6215=EDGE_CURVE('',#4104,#6189,#6214,.T.);
#6216=ORIENTED_EDGE('',*,*,#6215,.F.);
#6217=ORIENTED_EDGE('',*,*,#4109,.F.);
#6218=ORIENTED_EDGE('',*,*,#80,.F.);
#6219=ORIENTED_EDGE('',*,*,#6200,.F.);
#6220=EDGE_LOOP('',(#6216,#6217,#6218,#6219));
#6221=FACE_BOUND('',#6220,.T.);
#6222=ADVANCED_FACE('',(#6221),#6209,.F.);
#6223=CARTESIAN_POINT('',(0.000029361,-131.009679128,-5.8));
#6224=DIRECTION('',(1.,0.000000224,0.));
#6225=DIRECTION('',(-0.000000224,1.,0.));
#6226=AXIS2_PLACEMENT_3D('',#6223,#6224,#6225);
#6227=CYLINDRICAL_SURFACE('',#6226,1.);
#6228=CARTESIAN_POINT('',(213.274992308,-131.009631331,-5.8));
#6229=DIRECTION('',(1.,0.000000112,-0.));
#6230=DIRECTION('',(0.000000112,-1.,0.));
#6231=AXIS2_PLACEMENT_3D('',#6228,#6229,#6230);
#6232=CIRCLE('',#6231,1.);
#6233=EDGE_CURVE('',#6181,#1847,#6232,.T.);
#6234=ORIENTED_EDGE('',*,*,#6233,.F.);
#6235=ORIENTED_EDGE('',*,*,#6186,.F.);
#6236=ORIENTED_EDGE('',*,*,#65,.F.);
#6237=ORIENTED_EDGE('',*,*,#1858,.F.);
#6238=EDGE_LOOP('',(#6234,#6235,#6236,#6237));
#6239=FACE_BOUND('',#6238,.T.);
#6240=ADVANCED_FACE('',(#6239),#6227,.T.);
#6241=CARTESIAN_POINT('',(0.000016698,-149.009655117,-5.8));
#6242=DIRECTION('',(-1.,-0.000000112,0.));
#6243=DIRECTION('',(0.000000112,-1.,0.));
#6244=AXIS2_PLACEMENT_3D('',#6241,#6242,#6243);
#6245=CYLINDRICAL_SURFACE('',#6244,1.);
#6246=ORIENTED_EDGE('',*,*,#1250,.F.);
#6247=ORIENTED_EDGE('',*,*,#6169,.F.);
#6248=CARTESIAN_POINT('',(213.274994325,-149.009631219,-5.8));
#6249=DIRECTION('',(1.,0.000000112,-0.));
#6250=DIRECTION('',(0.000000112,-1.,0.));
#6251=AXIS2_PLACEMENT_3D('',#6248,#6249,#6250);
#6252=CIRCLE('',#6251,1.);
#6253=EDGE_CURVE('',#858,#6158,#6252,.T.);
#6254=ORIENTED_EDGE('',*,*,#6253,.F.);
#6255=ORIENTED_EDGE('',*,*,#863,.F.);
#6256=EDGE_LOOP('',(#6246,#6247,#6254,#6255));
#6257=FACE_BOUND('',#6256,.T.);
#6258=ADVANCED_FACE('',(#6257),#6245,.T.);
#6259=CARTESIAN_POINT('',(212.7749941,-147.009631275,-2.2));
#6260=DIRECTION('',(-1.,-0.000000112,0.));
#6261=DIRECTION('',(0.000000112,-1.,0.));
#6262=AXIS2_PLACEMENT_3D('',#6259,#6260,#6261);
#6263=CYLINDRICAL_SURFACE('',#6262,1.);
#6264=ORIENTED_EDGE('',*,*,#1235,.F.);
#6265=ORIENTED_EDGE('',*,*,#4123,.F.);
#6266=CARTESIAN_POINT('',(213.274994101,-147.009631219,-2.2));
#6267=DIRECTION('',(-1.,-0.000000112,0.));
#6268=DIRECTION('',(0.000000112,-1.,0.));
#6269=AXIS2_PLACEMENT_3D('',#6266,#6267,#6268);
#6270=CIRCLE('',#6269,1.);
#6271=EDGE_CURVE('',#6150,#4112,#6270,.T.);
#6272=ORIENTED_EDGE('',*,*,#6271,.F.);
#6273=ORIENTED_EDGE('',*,*,#6155,.F.);
#6274=EDGE_LOOP('',(#6264,#6265,#6272,#6273));
#6275=FACE_BOUND('',#6274,.T.);
#6276=ADVANCED_FACE('',(#6275),#6263,.F.);
#6277=CARTESIAN_POINT('',(209.494985576,-0.000000149,-5.8));
#6278=DIRECTION('',(-0.000000001,-1.,0.));
#6279=DIRECTION('',(1.,-0.000000001,0.));
#6280=AXIS2_PLACEMENT_3D('',#6277,#6278,#6279);
#6281=CYLINDRICAL_SURFACE('',#6280,1.);
#6282=ORIENTED_EDGE('',*,*,#1398,.F.);
#6283=ORIENTED_EDGE('',*,*,#4081,.F.);
#6284=CARTESIAN_POINT('',(209.494985505,-99.638268783,-6.8));
#6285=CARTESIAN_POINT('',(209.43014408,-99.624396678,-6.8));
#6286=CARTESIAN_POINT('',(209.366068378,-99.612098183,-6.793751194));
#6287=CARTESIAN_POINT('',(209.302764926,-99.601244341,-6.781351746));
#6288=CARTESIAN_POINT('',(209.239461474,-99.590390499,-6.768952297));
#6289=CARTESIAN_POINT('',(209.17624901,-99.58090075,-6.750090189));
#6290=CARTESIAN_POINT('',(209.115823173,-99.57298546,-6.725330171));
#6291=CARTESIAN_POINT('',(209.055397336,-99.56507017,-6.700570153));
#6292=CARTESIAN_POINT('',(208.997883808,-99.55870849,-6.670154277));
#6293=CARTESIAN_POINT('',(208.943326466,-99.553568621,-6.634069724));
#6294=CARTESIAN_POINT('',(208.888769124,-99.548428751,-6.59798517));
#6295=CARTESIAN_POINT('',(208.837005462,-99.544520937,-6.55587174));
#6296=CARTESIAN_POINT('',(208.790570582,-99.541644002,-6.50978843));
#6297=CARTESIAN_POINT('',(208.697700821,-99.535890132,-6.41762181));
#6298=CARTESIAN_POINT('',(208.622500342,-99.533931643,-6.305841427));
#6299=CARTESIAN_POINT('',(208.572127831,-99.533118601,-6.185141159));
#6300=CARTESIAN_POINT('',(208.521755319,-99.532305559,-6.06444089));
#6301=CARTESIAN_POINT('',(208.494985505,-99.532496078,-5.932644039));
#6302=CARTESIAN_POINT('',(208.494985505,-99.532496078,-5.8));
#6303=B_SPLINE_CURVE_WITH_KNOTS('',3,(#6284,#6285,#6286,#6287,#6288,#6289,#6290,#6291,#6292,#6293,#6294,#6295,#6296,#6297,#6298,#6299,#6300,#6301,#6302),.UNSPECIFIED.,.F.,.F.,(4,3,3,3,3,3,4),(0.,0.000196162,0.000392324,0.000588486,0.000784648,0.001176972,0.001569295),.UNSPECIFIED.);
#6304=EDGE_CURVE('',#1821,#4070,#6303,.T.);
#6305=ORIENTED_EDGE('',*,*,#6304,.F.);
#6306=ORIENTED_EDGE('',*,*,#1826,.F.);
#6307=EDGE_LOOP('',(#6282,#6283,#6305,#6306));
#6308=FACE_BOUND('',#6307,.T.);
#6309=ADVANCED_FACE('',(#6308),#6281,.T.);
#6310=CARTESIAN_POINT('',(207.494985505,-100.032496053,-2.2));
#6311=DIRECTION('',(-0.000000001,-1.,0.));
#6312=DIRECTION('',(1.,-0.000000001,0.));
#6313=AXIS2_PLACEMENT_3D('',#6310,#6311,#6312);
#6314=CYLINDRICAL_SURFACE('',#6313,1.);
#6315=ORIENTED_EDGE('',*,*,#113,.F.);
#6316=ORIENTED_EDGE('',*,*,#4097,.F.);
#6317=CARTESIAN_POINT('',(208.489962349,-99.532496078,-2.099405401));
#6318=VERTEX_POINT('',#6317);
#6319=CARTESIAN_POINT('',(207.494985505,-99.532496078,-2.2));
#6320=DIRECTION('',(-0.000000001,-1.,0.));
#6321=DIRECTION('',(1.,-0.000000001,0.));
#6322=AXIS2_PLACEMENT_3D('',#6319,#6320,#6321);
#6323=CIRCLE('',#6322,1.);
#6324=EDGE_CURVE('',#6318,#4092,#6323,.T.);
#6325=ORIENTED_EDGE('',*,*,#6324,.F.);
#6326=CARTESIAN_POINT('',(207.494985505,-99.532496077,-2.2));
#6327=DIRECTION('',(-0.000000001,-1.,0.));
#6328=DIRECTION('',(1.,-0.000000001,0.));
#6329=AXIS2_PLACEMENT_3D('',#6326,#6327,#6328);
#6330=CIRCLE('',#6329,1.);
#6331=EDGE_CURVE('',#4062,#6318,#6330,.T.);
#6332=ORIENTED_EDGE('',*,*,#6331,.F.);
#6333=ORIENTED_EDGE('',*,*,#4067,.F.);
#6334=EDGE_LOOP('',(#6315,#6316,#6325,#6332,#6333));
#6335=FACE_BOUND('',#6334,.T.);
#6336=ADVANCED_FACE('',(#6335),#6314,.F.);
#6337=CARTESIAN_POINT('',(174.494985505,0.,-5.8));
#6338=DIRECTION('',(0.,1.,0.));
#6339=DIRECTION('',(0.,-0.,1.));
#6340=AXIS2_PLACEMENT_3D('',#6337,#6338,#6339);
#6341=CYLINDRICAL_SURFACE('',#6340,1.);
#6342=CARTESIAN_POINT('',(174.494985505,-99.532496078,-5.8));
#6343=DIRECTION('',(-0.,1.,-0.));
#6344=DIRECTION('',(0.,0.,-1.));
#6345=AXIS2_PLACEMENT_3D('',#6342,#6343,#6344);
#6346=CIRCLE('',#6345,1.);
#6347=EDGE_CURVE('',#4032,#664,#6346,.T.);
#6348=ORIENTED_EDGE('',*,*,#6347,.F.);
#6349=ORIENTED_EDGE('',*,*,#4050,.F.);
#6350=ORIENTED_EDGE('',*,*,#1291,.F.);
#6351=ORIENTED_EDGE('',*,*,#677,.F.);
#6352=EDGE_LOOP('',(#6348,#6349,#6350,#6351));
#6353=FACE_BOUND('',#6352,.T.);
#6354=ADVANCED_FACE('',(#6353),#6341,.T.);
#6355=CARTESIAN_POINT('',(176.494985505,-100.032496054,-2.2));
#6356=DIRECTION('',(0.,1.,0.));
#6357=DIRECTION('',(0.,-0.,1.));
#6358=AXIS2_PLACEMENT_3D('',#6355,#6356,#6357);
#6359=CYLINDRICAL_SURFACE('',#6358,1.);
#6360=CARTESIAN_POINT('',(176.494985505,-99.532496078,-2.2));
#6361=DIRECTION('',(0.,-1.,0.));
#6362=DIRECTION('',(0.,0.,-1.));
#6363=AXIS2_PLACEMENT_3D('',#6360,#6361,#6362);
#6364=CIRCLE('',#6363,1.);
#6365=EDGE_CURVE('',#4167,#4030,#6364,.T.);
#6366=ORIENTED_EDGE('',*,*,#6365,.F.);
#6367=ORIENTED_EDGE('',*,*,#4172,.F.);
#6368=ORIENTED_EDGE('',*,*,#1306,.F.);
#6369=ORIENTED_EDGE('',*,*,#4043,.F.);
#6370=EDGE_LOOP('',(#6366,#6367,#6368,#6369));
#6371=FACE_BOUND('',#6370,.T.);
#6372=ADVANCED_FACE('',(#6371),#6359,.F.);
#6373=CARTESIAN_POINT('',(88.12156982,-99.517323423,-8.));
#6374=DIRECTION('',(0.090535746,-0.995893206,0.));
#6375=DIRECTION('',(0.995893206,0.090535746,0.));
#6376=AXIS2_PLACEMENT_3D('',#6373,#6374,#6375);
#6377=PLANE('',#6376);
#6378=ORIENTED_EDGE('',*,*,#1006,.F.);
#6379=CARTESIAN_POINT('',(88.119605474,-99.517502,-8.));
#6380=VERTEX_POINT('',#6379);
#6381=CARTESIAN_POINT('',(88.119605474,-99.517502,-8.));
#6382=DIRECTION('',(0.,0.,1.));
#6383=VECTOR('',#6382,1.2);
#6384=LINE('',#6381,#6383);
#6385=EDGE_CURVE('',#6380,#993,#6384,.T.);
#6386=ORIENTED_EDGE('',*,*,#6385,.F.);
#6387=CARTESIAN_POINT('',(88.123534165,-99.517144846,-8.));
#6388=VERTEX_POINT('',#6387);
#6389=CARTESIAN_POINT('',(88.119605474,-99.517502,-8.));
#6390=DIRECTION('',(0.995893206,0.090535746,0.));
#6391=VECTOR('',#6390,0.003944891);
#6392=LINE('',#6389,#6391);
#6393=EDGE_CURVE('',#6380,#6388,#6392,.T.);
#6394=ORIENTED_EDGE('',*,*,#6393,.T.);
#6395=CARTESIAN_POINT('',(88.123534165,-99.517144846,-8.));
#6396=DIRECTION('',(0.,0.,1.));
#6397=VECTOR('',#6396,1.2);
#6398=LINE('',#6395,#6397);
#6399=EDGE_CURVE('',#6388,#1001,#6398,.T.);
#6400=ORIENTED_EDGE('',*,*,#6399,.T.);
#6401=EDGE_LOOP('',(#6378,#6386,#6394,#6400));
#6402=FACE_BOUND('',#6401,.T.);
#6403=ADVANCED_FACE('',(#6402),#6377,.T.);
#6404=CARTESIAN_POINT('',(80.753423237,-99.517502,-8.));
#6405=DIRECTION('',(0.,-1.,0.));
#6406=DIRECTION('',(0.,0.,-1.));
#6407=AXIS2_PLACEMENT_3D('',#6404,#6405,#6406);
#6408=PLANE('',#6407);
#6409=ORIENTED_EDGE('',*,*,#998,.F.);
#6410=CARTESIAN_POINT('',(73.387241,-99.517502,-8.));
#6411=VERTEX_POINT('',#6410);
#6412=CARTESIAN_POINT('',(73.387241,-99.517502,-8.));
#6413=DIRECTION('',(0.,0.,1.));
#6414=VECTOR('',#6413,1.2);
#6415=LINE('',#6412,#6414);
#6416=EDGE_CURVE('',#6411,#984,#6415,.T.);
#6417=ORIENTED_EDGE('',*,*,#6416,.F.);
#6418=CARTESIAN_POINT('',(73.387241,-99.517502,-8.));
#6419=DIRECTION('',(1.,0.,-0.));
#6420=VECTOR('',#6419,14.732364474);
#6421=LINE('',#6418,#6420);
#6422=EDGE_CURVE('',#6411,#6380,#6421,.T.);
#6423=ORIENTED_EDGE('',*,*,#6422,.T.);
#6424=ORIENTED_EDGE('',*,*,#6385,.T.);
#6425=EDGE_LOOP('',(#6409,#6417,#6423,#6424));
#6426=FACE_BOUND('',#6425,.T.);
#6427=ADVANCED_FACE('',(#6426),#6408,.T.);
#6428=CARTESIAN_POINT('',(68.612241,-131.0024995,-8.));
#6429=DIRECTION('',(1.,0.,0.));
#6430=DIRECTION('',(0.,0.,-1.));
#6431=AXIS2_PLACEMENT_3D('',#6428,#6429,#6430);
#6432=PLANE('',#6431);
#6433=ORIENTED_EDGE('',*,*,#981,.F.);
#6434=CARTESIAN_POINT('',(68.612241,-157.712499,-8.));
#6435=VERTEX_POINT('',#6434);
#6436=CARTESIAN_POINT('',(68.612241,-157.712499,-8.));
#6437=DIRECTION('',(0.,0.,1.));
#6438=VECTOR('',#6437,1.2);
#6439=LINE('',#6436,#6438);
#6440=EDGE_CURVE('',#6435,#967,#6439,.T.);
#6441=ORIENTED_EDGE('',*,*,#6440,.F.);
#6442=CARTESIAN_POINT('',(68.612241,-104.2925,-8.));
#6443=VERTEX_POINT('',#6442);
#6444=CARTESIAN_POINT('',(68.612241,-157.712499,-8.));
#6445=DIRECTION('',(0.,1.,0.));
#6446=VECTOR('',#6445,53.419999);
#6447=LINE('',#6444,#6446);
#6448=EDGE_CURVE('',#6435,#6443,#6447,.T.);
#6449=ORIENTED_EDGE('',*,*,#6448,.T.);
#6450=CARTESIAN_POINT('',(68.612241,-104.2925,-8.));
#6451=DIRECTION('',(0.,0.,1.));
#6452=VECTOR('',#6451,1.2);
#6453=LINE('',#6450,#6452);
#6454=EDGE_CURVE('',#6443,#976,#6453,.T.);
#6455=ORIENTED_EDGE('',*,*,#6454,.T.);
#6456=EDGE_LOOP('',(#6433,#6441,#6449,#6455));
#6457=FACE_BOUND('',#6456,.T.);
#6458=ADVANCED_FACE('',(#6457),#6432,.T.);
#6459=CARTESIAN_POINT('',(197.718819731,-195.248803262,-8.));
#6460=DIRECTION('',(0.394545754,0.918876296,0.));
#6461=DIRECTION('',(-0.918876296,0.394545754,0.));
#6462=AXIS2_PLACEMENT_3D('',#6459,#6460,#6461);
#6463=PLANE('',#6462);
#6464=ORIENTED_EDGE('',*,*,#905,.F.);
#6465=CARTESIAN_POINT('',(197.721405887,-195.249913701,-8.));
#6466=VERTEX_POINT('',#6465);
#6467=CARTESIAN_POINT('',(197.721405887,-195.249913701,-8.));
#6468=DIRECTION('',(0.,0.,1.));
#6469=VECTOR('',#6468,1.2);
#6470=LINE('',#6467,#6469);
#6471=EDGE_CURVE('',#6466,#891,#6470,.T.);
#6472=ORIENTED_EDGE('',*,*,#6471,.F.);
#6473=CARTESIAN_POINT('',(197.716233576,-195.247692822,-8.));
#6474=VERTEX_POINT('',#6473);
#6475=CARTESIAN_POINT('',(197.721405887,-195.249913701,-8.));
#6476=DIRECTION('',(-0.918876296,0.394545754,0.));
#6477=VECTOR('',#6476,0.005628953);
#6478=LINE('',#6475,#6477);
#6479=EDGE_CURVE('',#6466,#6474,#6478,.T.);
#6480=ORIENTED_EDGE('',*,*,#6479,.T.);
#6481=CARTESIAN_POINT('',(197.716233576,-195.247692822,-8.));
#6482=DIRECTION('',(0.,0.,1.));
#6483=VECTOR('',#6482,1.2);
#6484=LINE('',#6481,#6483);
#6485=EDGE_CURVE('',#6474,#900,#6484,.T.);
#6486=ORIENTED_EDGE('',*,*,#6485,.T.);
#6487=EDGE_LOOP('',(#6464,#6472,#6480,#6486));
#6488=FACE_BOUND('',#6487,.T.);
#6489=ADVANCED_FACE('',(#6488),#6463,.T.);
#6490=CARTESIAN_POINT('',(208.409183271,-185.646752094,-8.));
#6491=DIRECTION('',(-0.874619692,0.484809647,0.));
#6492=DIRECTION('',(-0.484809647,-0.874619692,0.));
#6493=AXIS2_PLACEMENT_3D('',#6490,#6491,#6492);
#6494=PLANE('',#6493);
#6495=ORIENTED_EDGE('',*,*,#888,.F.);
#6496=CARTESIAN_POINT('',(212.678605688,-177.944510717,-8.));
#6497=VERTEX_POINT('',#6496);
#6498=CARTESIAN_POINT('',(212.678605688,-177.944510717,-8.));
#6499=DIRECTION('',(0.,0.,1.));
#6500=VECTOR('',#6499,1.2);
#6501=LINE('',#6498,#6500);
#6502=EDGE_CURVE('',#6497,#874,#6501,.T.);
#6503=ORIENTED_EDGE('',*,*,#6502,.F.);
#6504=CARTESIAN_POINT('',(204.139760854,-193.348993471,-8.));
#6505=VERTEX_POINT('',#6504);
#6506=CARTESIAN_POINT('',(212.678605688,-177.944510717,-8.));
#6507=DIRECTION('',(-0.484809647,-0.874619692,0.));
#6508=VECTOR('',#6507,17.612778316);
#6509=LINE('',#6506,#6508);
#6510=EDGE_CURVE('',#6497,#6505,#6509,.T.);
#6511=ORIENTED_EDGE('',*,*,#6510,.T.);
#6512=CARTESIAN_POINT('',(204.139760854,-193.348993471,-8.));
#6513=DIRECTION('',(0.,0.,1.));
#6514=VECTOR('',#6513,1.2);
#6515=LINE('',#6512,#6514);
#6516=EDGE_CURVE('',#6505,#883,#6515,.T.);
#6517=ORIENTED_EDGE('',*,*,#6516,.T.);
#6518=EDGE_LOOP('',(#6495,#6503,#6511,#6517));
#6519=FACE_BOUND('',#6518,.T.);
#6520=ADVANCED_FACE('',(#6519),#6494,.T.);
#6521=CARTESIAN_POINT('',(195.373266045,-193.955922201,-8.));
#6522=DIRECTION('',(0.482819113,0.875720106,0.));
#6523=DIRECTION('',(-0.875720106,0.482819113,0.));
#6524=AXIS2_PLACEMENT_3D('',#6521,#6522,#6523);
#6525=PLANE('',#6524);
#6526=ORIENTED_EDGE('',*,*,#913,.F.);
#6527=ORIENTED_EDGE('',*,*,#6485,.F.);
#6528=CARTESIAN_POINT('',(193.030298514,-192.66415158,-8.));
#6529=VERTEX_POINT('',#6528);
#6530=CARTESIAN_POINT('',(197.716233576,-195.247692822,-8.));
#6531=DIRECTION('',(-0.875720106,0.482819113,0.));
#6532=VECTOR('',#6531,5.35095064);
#6533=LINE('',#6530,#6532);
#6534=EDGE_CURVE('',#6474,#6529,#6533,.T.);
#6535=ORIENTED_EDGE('',*,*,#6534,.T.);
#6536=CARTESIAN_POINT('',(193.030298514,-192.66415158,-8.));
#6537=DIRECTION('',(0.,0.,1.));
#6538=VECTOR('',#6537,1.2);
#6539=LINE('',#6536,#6538);
#6540=EDGE_CURVE('',#6529,#908,#6539,.T.);
#6541=ORIENTED_EDGE('',*,*,#6540,.T.);
#6542=EDGE_LOOP('',(#6526,#6527,#6535,#6541));
#6543=FACE_BOUND('',#6542,.T.);
#6544=ADVANCED_FACE('',(#6543),#6525,.T.);
#6545=CARTESIAN_POINT('',(151.54045923,-182.399919375,-8.));
#6546=DIRECTION('',(0.002679565,0.99999641,0.));
#6547=DIRECTION('',(-0.99999641,0.002679565,0.));
#6548=AXIS2_PLACEMENT_3D('',#6545,#6546,#6547);
#6549=PLANE('',#6548);
#6550=ORIENTED_EDGE('',*,*,#930,.F.);
#6551=CARTESIAN_POINT('',(157.138748116,-182.414920408,-8.));
#6552=VERTEX_POINT('',#6551);
#6553=CARTESIAN_POINT('',(157.138748116,-182.414920408,-8.));
#6554=DIRECTION('',(0.,0.,1.));
#6555=VECTOR('',#6554,1.2);
#6556=LINE('',#6553,#6555);
#6557=EDGE_CURVE('',#6552,#916,#6556,.T.);
#6558=ORIENTED_EDGE('',*,*,#6557,.F.);
#6559=CARTESIAN_POINT('',(145.942170345,-182.384918341,-8.));
#6560=VERTEX_POINT('',#6559);
#6561=CARTESIAN_POINT('',(157.138748116,-182.414920408,-8.));
#6562=DIRECTION('',(-0.99999641,0.002679565,0.));
#6563=VECTOR('',#6562,11.196617967);
#6564=LINE('',#6561,#6563);
#6565=EDGE_CURVE('',#6552,#6560,#6564,.T.);
#6566=ORIENTED_EDGE('',*,*,#6565,.T.);
#6567=CARTESIAN_POINT('',(145.942170345,-182.384918341,-8.));
#6568=DIRECTION('',(0.,0.,1.));
#6569=VECTOR('',#6568,1.2);
#6570=LINE('',#6567,#6569);
#6571=EDGE_CURVE('',#6560,#925,#6570,.T.);
#6572=ORIENTED_EDGE('',*,*,#6571,.T.);
#6573=EDGE_LOOP('',(#6550,#6558,#6566,#6572));
#6574=FACE_BOUND('',#6573,.T.);
#6575=ADVANCED_FACE('',(#6574),#6549,.T.);
#6576=CARTESIAN_POINT('',(134.949809566,-171.899369168,-8.));
#6577=DIRECTION('',(0.766063115,0.642765357,0.));
#6578=DIRECTION('',(-0.642765357,0.766063115,0.));
#6579=AXIS2_PLACEMENT_3D('',#6576,#6577,#6578);
#6580=PLANE('',#6579);
#6581=ORIENTED_EDGE('',*,*,#947,.F.);
#6582=CARTESIAN_POINT('',(142.33573999,-180.70209757,-8.));
#6583=VERTEX_POINT('',#6582);
#6584=CARTESIAN_POINT('',(142.33573999,-180.70209757,-8.));
#6585=DIRECTION('',(0.,0.,1.));
#6586=VECTOR('',#6585,1.2);
#6587=LINE('',#6584,#6586);
#6588=EDGE_CURVE('',#6583,#933,#6587,.T.);
#6589=ORIENTED_EDGE('',*,*,#6588,.F.);
#6590=CARTESIAN_POINT('',(127.563879141,-163.096640766,-8.));
#6591=VERTEX_POINT('',#6590);
#6592=CARTESIAN_POINT('',(142.33573999,-180.70209757,-8.));
#6593=DIRECTION('',(-0.642765357,0.766063115,0.));
#6594=VECTOR('',#6593,22.98173149);
#6595=LINE('',#6592,#6594);
#6596=EDGE_CURVE('',#6583,#6591,#6595,.T.);
#6597=ORIENTED_EDGE('',*,*,#6596,.T.);
#6598=CARTESIAN_POINT('',(127.563879141,-163.096640766,-8.));
#6599=DIRECTION('',(0.,0.,1.));
#6600=VECTOR('',#6599,1.2);
#6601=LINE('',#6598,#6600);
#6602=EDGE_CURVE('',#6591,#942,#6601,.T.);
#6603=ORIENTED_EDGE('',*,*,#6602,.T.);
#6604=EDGE_LOOP('',(#6581,#6589,#6597,#6603));
#6605=FACE_BOUND('',#6604,.T.);
#6606=ADVANCED_FACE('',(#6605),#6580,.T.);
#6607=CARTESIAN_POINT('',(99.822430314,-162.487499,-8.));
#6608=DIRECTION('',(0.,1.,0.));
#6609=DIRECTION('',(0.,0.,1.));
#6610=AXIS2_PLACEMENT_3D('',#6607,#6608,#6609);
#6611=PLANE('',#6610);
#6612=ORIENTED_EDGE('',*,*,#964,.F.);
#6613=CARTESIAN_POINT('',(126.257619627,-162.487499,-8.));
#6614=VERTEX_POINT('',#6613);
#6615=CARTESIAN_POINT('',(126.257619627,-162.487499,-8.));
#6616=DIRECTION('',(0.,0.,1.));
#6617=VECTOR('',#6616,1.2);
#6618=LINE('',#6615,#6617);
#6619=EDGE_CURVE('',#6614,#950,#6618,.T.);
#6620=ORIENTED_EDGE('',*,*,#6619,.F.);
#6621=CARTESIAN_POINT('',(73.387241,-162.487499,-8.));
#6622=VERTEX_POINT('',#6621);
#6623=CARTESIAN_POINT('',(126.257619627,-162.487499,-8.));
#6624=DIRECTION('',(-1.,0.,0.));
#6625=VECTOR('',#6624,52.870378627);
#6626=LINE('',#6623,#6625);
#6627=EDGE_CURVE('',#6614,#6622,#6626,.T.);
#6628=ORIENTED_EDGE('',*,*,#6627,.T.);
#6629=CARTESIAN_POINT('',(73.387241,-162.487499,-8.));
#6630=DIRECTION('',(0.,0.,1.));
#6631=VECTOR('',#6630,1.2);
#6632=LINE('',#6629,#6631);
#6633=EDGE_CURVE('',#6622,#959,#6632,.T.);
#6634=ORIENTED_EDGE('',*,*,#6633,.T.);
#6635=EDGE_LOOP('',(#6612,#6620,#6628,#6634));
#6636=FACE_BOUND('',#6635,.T.);
#6637=ADVANCED_FACE('',(#6636),#6611,.T.);
#6638=CARTESIAN_POINT('',(89.582463254,-99.524823423,-8.));
#6639=DIRECTION('',(-0.005263087,-0.99998615,0.));
#6640=DIRECTION('',(0.99998615,-0.005263087,0.));
#6641=AXIS2_PLACEMENT_3D('',#6638,#6639,#6640);
#6642=PLANE('',#6641);
#6643=ORIENTED_EDGE('',*,*,#1014,.F.);
#6644=ORIENTED_EDGE('',*,*,#6399,.F.);
#6645=CARTESIAN_POINT('',(91.041392342,-99.532502,-8.));
#6646=VERTEX_POINT('',#6645);
#6647=CARTESIAN_POINT('',(88.123534165,-99.517144846,-8.));
#6648=DIRECTION('',(0.99998615,-0.005263087,0.));
#6649=VECTOR('',#6648,2.917898591);
#6650=LINE('',#6647,#6649);
#6651=EDGE_CURVE('',#6388,#6646,#6650,.T.);
#6652=ORIENTED_EDGE('',*,*,#6651,.T.);
#6653=CARTESIAN_POINT('',(91.041392342,-99.532502,-8.));
#6654=DIRECTION('',(0.,0.,1.));
#6655=VECTOR('',#6654,1.2);
#6656=LINE('',#6653,#6655);
#6657=EDGE_CURVE('',#6646,#1009,#6656,.T.);
#6658=ORIENTED_EDGE('',*,*,#6657,.T.);
#6659=EDGE_LOOP('',(#6643,#6644,#6652,#6658));
#6660=FACE_BOUND('',#6659,.T.);
#6661=ADVANCED_FACE('',(#6660),#6642,.T.);
#6662=CARTESIAN_POINT('',(208.401125463,-175.605563426,-8.));
#6663=DIRECTION('',(0.,0.,1.));
#6664=DIRECTION('',(1.,0.,-0.));
#6665=AXIS2_PLACEMENT_3D('',#6662,#6663,#6664);
#6666=CYLINDRICAL_SURFACE('',#6665,4.875193484);
#6667=ORIENTED_EDGE('',*,*,#6502,.T.);
#6668=ORIENTED_EDGE('',*,*,#880,.T.);
#6669=CARTESIAN_POINT('',(213.274997318,-175.719074005,-8.));
#6670=VERTEX_POINT('',#6669);
#6671=CARTESIAN_POINT('',(213.274997318,-175.719074005,-8.));
#6672=DIRECTION('',(0.,0.,1.));
#6673=VECTOR('',#6672,1.2);
#6674=LINE('',#6671,#6673);
#6675=EDGE_CURVE('',#6670,#866,#6674,.T.);
#6676=ORIENTED_EDGE('',*,*,#6675,.F.);
#6677=CARTESIAN_POINT('',(208.401125463,-175.605563426,-8.));
#6678=DIRECTION('',(0.,0.,1.));
#6679=DIRECTION('',(0.877397018,-0.479765018,0.));
#6680=AXIS2_PLACEMENT_3D('',#6677,#6678,#6679);
#6681=CIRCLE('',#6680,4.875193484);
#6682=EDGE_CURVE('',#6497,#6670,#6681,.T.);
#6683=ORIENTED_EDGE('',*,*,#6682,.F.);
#6684=EDGE_LOOP('',(#6667,#6668,#6676,#6683));
#6685=FACE_BOUND('',#6684,.T.);
#6686=ADVANCED_FACE('',(#6685),#6666,.F.);
#6687=CARTESIAN_POINT('',(199.963535815,-191.0342695,-8.));
#6688=DIRECTION('',(0.,0.,1.));
#6689=DIRECTION('',(1.,0.,-0.));
#6690=AXIS2_PLACEMENT_3D('',#6687,#6688,#6689);
#6691=CYLINDRICAL_SURFACE('',#6690,4.774809174);
#6692=ORIENTED_EDGE('',*,*,#6471,.T.);
#6693=ORIENTED_EDGE('',*,*,#897,.T.);
#6694=ORIENTED_EDGE('',*,*,#6516,.F.);
#6695=CARTESIAN_POINT('',(199.963535815,-191.0342695,-8.));
#6696=DIRECTION('',(0.,0.,1.));
#6697=DIRECTION('',(-0.469574772,-0.882892708,0.));
#6698=AXIS2_PLACEMENT_3D('',#6695,#6696,#6697);
#6699=CIRCLE('',#6698,4.774809174);
#6700=EDGE_CURVE('',#6466,#6505,#6699,.T.);
#6701=ORIENTED_EDGE('',*,*,#6700,.F.);
#6702=EDGE_LOOP('',(#6692,#6693,#6694,#6701));
#6703=FACE_BOUND('',#6702,.T.);
#6704=ADVANCED_FACE('',(#6703),#6691,.F.);
#6705=CARTESIAN_POINT('',(154.132794527,-260.909920283,-8.));
#6706=DIRECTION('',(0.,0.,1.));
#6707=DIRECTION('',(1.,0.,-0.));
#6708=AXIS2_PLACEMENT_3D('',#6705,#6706,#6707);
#6709=CYLINDRICAL_SURFACE('',#6708,78.552535047);
#6710=ORIENTED_EDGE('',*,*,#922,.F.);
#6711=ORIENTED_EDGE('',*,*,#6540,.F.);
#6712=CARTESIAN_POINT('',(154.132794527,-260.909920283,-8.));
#6713=DIRECTION('',(0.,-0.,1.));
#6714=DIRECTION('',(0.495178214,0.868791423,0.));
#6715=AXIS2_PLACEMENT_3D('',#6712,#6713,#6714);
#6716=CIRCLE('',#6715,78.552535047);
#6717=EDGE_CURVE('',#6529,#6552,#6716,.T.);
#6718=ORIENTED_EDGE('',*,*,#6717,.T.);
#6719=ORIENTED_EDGE('',*,*,#6557,.T.);
#6720=EDGE_LOOP('',(#6710,#6711,#6718,#6719));
#6721=FACE_BOUND('',#6720,.T.);
#6722=ADVANCED_FACE('',(#6721),#6709,.T.);
#6723=CARTESIAN_POINT('',(146.132200323,-177.271811316,-8.));
#6724=DIRECTION('',(0.,0.,1.));
#6725=DIRECTION('',(1.,0.,-0.));
#6726=AXIS2_PLACEMENT_3D('',#6723,#6724,#6725);
#6727=CYLINDRICAL_SURFACE('',#6726,5.116637064);
#6728=ORIENTED_EDGE('',*,*,#6588,.T.);
#6729=ORIENTED_EDGE('',*,*,#939,.T.);
#6730=ORIENTED_EDGE('',*,*,#6571,.F.);
#6731=CARTESIAN_POINT('',(146.132200323,-177.271811316,-8.));
#6732=DIRECTION('',(0.,0.,1.));
#6733=DIRECTION('',(-0.741983511,-0.67041813,0.));
#6734=AXIS2_PLACEMENT_3D('',#6731,#6732,#6733);
#6735=CIRCLE('',#6734,5.116637064);
#6736=EDGE_CURVE('',#6583,#6560,#6735,.T.);
#6737=ORIENTED_EDGE('',*,*,#6736,.F.);
#6738=EDGE_LOOP('',(#6728,#6729,#6730,#6737));
#6739=FACE_BOUND('',#6738,.T.);
#6740=ADVANCED_FACE('',(#6739),#6727,.F.);
#6741=CARTESIAN_POINT('',(126.144410195,-164.435427657,-8.));
#6742=DIRECTION('',(0.,0.,1.));
#6743=DIRECTION('',(1.,0.,-0.));
#6744=AXIS2_PLACEMENT_3D('',#6741,#6742,#6743);
#6745=CYLINDRICAL_SURFACE('',#6744,1.951215629);
#6746=ORIENTED_EDGE('',*,*,#956,.F.);
#6747=ORIENTED_EDGE('',*,*,#6602,.F.);
#6748=CARTESIAN_POINT('',(126.144410195,-164.435427657,-8.));
#6749=DIRECTION('',(0.,-0.,1.));
#6750=DIRECTION('',(0.727479283,0.686129648,0.));
#6751=AXIS2_PLACEMENT_3D('',#6748,#6749,#6750);
#6752=CIRCLE('',#6751,1.951215629);
#6753=EDGE_CURVE('',#6591,#6614,#6752,.T.);
#6754=ORIENTED_EDGE('',*,*,#6753,.T.);
#6755=ORIENTED_EDGE('',*,*,#6619,.T.);
#6756=EDGE_LOOP('',(#6746,#6747,#6754,#6755));
#6757=FACE_BOUND('',#6756,.T.);
#6758=ADVANCED_FACE('',(#6757),#6745,.T.);
#6759=CARTESIAN_POINT('',(73.387241,-157.712499,-8.));
#6760=DIRECTION('',(0.,0.,1.));
#6761=DIRECTION('',(1.,0.,-0.));
#6762=AXIS2_PLACEMENT_3D('',#6759,#6760,#6761);
#6763=CYLINDRICAL_SURFACE('',#6762,4.775);
#6764=ORIENTED_EDGE('',*,*,#6440,.T.);
#6765=ORIENTED_EDGE('',*,*,#973,.T.);
#6766=ORIENTED_EDGE('',*,*,#6633,.F.);
#6767=CARTESIAN_POINT('',(73.387241,-157.712499,-8.));
#6768=DIRECTION('',(0.,0.,1.));
#6769=DIRECTION('',(-1.,0.,0.));
#6770=AXIS2_PLACEMENT_3D('',#6767,#6768,#6769);
#6771=CIRCLE('',#6770,4.775);
#6772=EDGE_CURVE('',#6435,#6622,#6771,.T.);
#6773=ORIENTED_EDGE('',*,*,#6772,.F.);
#6774=EDGE_LOOP('',(#6764,#6765,#6766,#6773));
#6775=FACE_BOUND('',#6774,.T.);
#6776=ADVANCED_FACE('',(#6775),#6763,.F.);
#6777=CARTESIAN_POINT('',(73.387241,-104.292502,-8.));
#6778=DIRECTION('',(0.,0.,1.));
#6779=DIRECTION('',(1.,0.,-0.));
#6780=AXIS2_PLACEMENT_3D('',#6777,#6778,#6779);
#6781=CYLINDRICAL_SURFACE('',#6780,4.775);
#6782=ORIENTED_EDGE('',*,*,#6416,.T.);
#6783=ORIENTED_EDGE('',*,*,#990,.T.);
#6784=ORIENTED_EDGE('',*,*,#6454,.F.);
#6785=CARTESIAN_POINT('',(73.387241,-104.292502,-8.));
#6786=DIRECTION('',(0.,0.,1.));
#6787=DIRECTION('',(-0.,1.,0.));
#6788=AXIS2_PLACEMENT_3D('',#6785,#6786,#6787);
#6789=CIRCLE('',#6788,4.775);
#6790=EDGE_CURVE('',#6411,#6443,#6789,.T.);
#6791=ORIENTED_EDGE('',*,*,#6790,.F.);
#6792=EDGE_LOOP('',(#6782,#6783,#6784,#6791));
#6793=FACE_BOUND('',#6792,.T.);
#6794=ADVANCED_FACE('',(#6793),#6781,.F.);
#6795=CARTESIAN_POINT('',(105.447121834,-97.950078861,-8.));
#6796=DIRECTION('',(0.,0.,1.));
#6797=DIRECTION('',(1.,0.,-0.));
#6798=AXIS2_PLACEMENT_3D('',#6795,#6796,#6797);
#6799=CYLINDRICAL_SURFACE('',#6798,1.582517652);
#6800=ORIENTED_EDGE('',*,*,#1048,.F.);
#6801=ORIENTED_EDGE('',*,*,#1039,.F.);
#6802=ORIENTED_EDGE('',*,*,#1030,.F.);
#6803=CARTESIAN_POINT('',(105.429826502,-99.532502,-8.));
#6804=VERTEX_POINT('',#6803);
#6805=CARTESIAN_POINT('',(105.429826502,-99.532502,-8.));
#6806=DIRECTION('',(0.,0.,1.));
#6807=VECTOR('',#6806,1.2);
#6808=LINE('',#6805,#6807);
#6809=EDGE_CURVE('',#6804,#1017,#6808,.T.);
#6810=ORIENTED_EDGE('',*,*,#6809,.F.);
#6811=CARTESIAN_POINT('',(106.813862451,-98.747814534,-8.));
#6812=VERTEX_POINT('',#6811);
#6813=CARTESIAN_POINT('',(105.447121834,-97.950078861,-8.));
#6814=DIRECTION('',(0.,0.,1.));
#6815=DIRECTION('',(-0.010928998,-0.999940277,0.));
#6816=AXIS2_PLACEMENT_3D('',#6813,#6814,#6815);
#6817=CIRCLE('',#6816,1.582517652);
#6818=EDGE_CURVE('',#6804,#6812,#6817,.T.);
#6819=ORIENTED_EDGE('',*,*,#6818,.T.);
#6820=CARTESIAN_POINT('',(106.813862451,-98.747814534,-8.));
#6821=DIRECTION('',(0.,0.,1.));
#6822=VECTOR('',#6821,1.2);
#6823=LINE('',#6820,#6822);
#6824=EDGE_CURVE('',#6812,#1042,#6823,.T.);
#6825=ORIENTED_EDGE('',*,*,#6824,.T.);
#6826=EDGE_LOOP('',(#6800,#6801,#6802,#6810,#6819,#6825));
#6827=FACE_BOUND('',#6826,.T.);
#6828=ADVANCED_FACE('',(#6827),#6799,.T.);
#6829=CARTESIAN_POINT('',(124.854874416,-93.030758753,-8.));
#6830=DIRECTION('',(0.,0.,1.));
#6831=DIRECTION('',(1.,0.,-0.));
#6832=AXIS2_PLACEMENT_3D('',#6829,#6830,#6831);
#6833=CYLINDRICAL_SURFACE('',#6832,1.739620529);
#6834=ORIENTED_EDGE('',*,*,#1099,.F.);
#6835=CARTESIAN_POINT('',(124.891054997,-94.770003,-8.));
#6836=VERTEX_POINT('',#6835);
#6837=CARTESIAN_POINT('',(124.891054997,-94.770003,-8.));
#6838=DIRECTION('',(0.,0.,1.));
#6839=VECTOR('',#6838,1.2);
#6840=LINE('',#6837,#6839);
#6841=EDGE_CURVE('',#6836,#1085,#6840,.T.);
#6842=ORIENTED_EDGE('',*,*,#6841,.F.);
#6843=CARTESIAN_POINT('',(126.096825797,-94.248886969,-8.));
#6844=VERTEX_POINT('',#6843);
#6845=CARTESIAN_POINT('',(124.854874416,-93.030758753,-8.));
#6846=DIRECTION('',(0.,0.,1.));
#6847=DIRECTION('',(0.020797973,-0.999783699,0.));
#6848=AXIS2_PLACEMENT_3D('',#6845,#6846,#6847);
#6849=CIRCLE('',#6848,1.739620529);
#6850=EDGE_CURVE('',#6836,#6844,#6849,.T.);
#6851=ORIENTED_EDGE('',*,*,#6850,.T.);
#6852=CARTESIAN_POINT('',(126.096825797,-94.248886969,-8.));
#6853=DIRECTION('',(0.,0.,1.));
#6854=VECTOR('',#6853,1.2);
#6855=LINE('',#6852,#6854);
#6856=EDGE_CURVE('',#6844,#1093,#6855,.T.);
#6857=ORIENTED_EDGE('',*,*,#6856,.T.);
#6858=EDGE_LOOP('',(#6834,#6842,#6851,#6857));
#6859=FACE_BOUND('',#6858,.T.);
#6860=ADVANCED_FACE('',(#6859),#6833,.T.);
#6861=CARTESIAN_POINT('',(127.466513026,-92.793042023,-8.));
#6862=DIRECTION('',(0.728329759,-0.685226796,0.));
#6863=DIRECTION('',(0.685226796,0.728329759,0.));
#6864=AXIS2_PLACEMENT_3D('',#6861,#6862,#6863);
#6865=PLANE('',#6864);
#6866=ORIENTED_EDGE('',*,*,#1107,.F.);
#6867=ORIENTED_EDGE('',*,*,#6856,.F.);
#6868=CARTESIAN_POINT('',(128.836200254,-91.337197077,-8.));
#6869=VERTEX_POINT('',#6868);
#6870=CARTESIAN_POINT('',(126.096825797,-94.248886969,-8.));
#6871=DIRECTION('',(0.685226796,0.728329759,0.));
#6872=VECTOR('',#6871,3.99776318);
#6873=LINE('',#6870,#6872);
#6874=EDGE_CURVE('',#6844,#6869,#6873,.T.);
#6875=ORIENTED_EDGE('',*,*,#6874,.T.);
#6876=CARTESIAN_POINT('',(128.836200254,-91.337197077,-8.));
#6877=DIRECTION('',(0.,0.,1.));
#6878=VECTOR('',#6877,1.2);
#6879=LINE('',#6876,#6878);
#6880=EDGE_CURVE('',#6869,#1102,#6879,.T.);
#6881=ORIENTED_EDGE('',*,*,#6880,.T.);
#6882=EDGE_LOOP('',(#6866,#6867,#6875,#6881));
#6883=FACE_BOUND('',#6882,.T.);
#6884=ADVANCED_FACE('',(#6883),#6865,.T.);
#6885=CARTESIAN_POINT('',(132.375827948,-94.789105372,-8.));
#6886=DIRECTION('',(0.,0.,1.));
#6887=DIRECTION('',(1.,0.,-0.));
#6888=AXIS2_PLACEMENT_3D('',#6885,#6886,#6887);
#6889=CYLINDRICAL_SURFACE('',#6888,4.944151605);
#6890=CARTESIAN_POINT('',(132.348943007,-89.845026865,-8.));
#6891=VERTEX_POINT('',#6890);
#6892=CARTESIAN_POINT('',(132.348943007,-89.845026865,-8.));
#6893=DIRECTION('',(0.,0.,1.));
#6894=VECTOR('',#6893,1.2);
#6895=LINE('',#6892,#6894);
#6896=EDGE_CURVE('',#6891,#1110,#6895,.T.);
#6897=ORIENTED_EDGE('',*,*,#6896,.T.);
#6898=ORIENTED_EDGE('',*,*,#1116,.T.);
#6899=ORIENTED_EDGE('',*,*,#6880,.F.);
#6900=CARTESIAN_POINT('',(132.375827948,-94.789105372,-8.));
#6901=DIRECTION('',(0.,0.,1.));
#6902=DIRECTION('',(-0.005437726,0.999985215,0.));
#6903=AXIS2_PLACEMENT_3D('',#6900,#6901,#6902);
#6904=CIRCLE('',#6903,4.944151605);
#6905=EDGE_CURVE('',#6891,#6869,#6904,.T.);
#6906=ORIENTED_EDGE('',*,*,#6905,.F.);
#6907=EDGE_LOOP('',(#6897,#6898,#6899,#6906));
#6908=FACE_BOUND('',#6907,.T.);
#6909=ADVANCED_FACE('',(#6908),#6889,.F.);
#6910=CARTESIAN_POINT('',(138.190755864,-89.918049018,-8.));
#6911=DIRECTION('',(-0.012498937,-0.999921885,0.));
#6912=DIRECTION('',(0.999921885,-0.012498937,0.));
#6913=AXIS2_PLACEMENT_3D('',#6910,#6911,#6912);
#6914=PLANE('',#6913);
#6915=ORIENTED_EDGE('',*,*,#1124,.F.);
#6916=ORIENTED_EDGE('',*,*,#6896,.F.);
#6917=CARTESIAN_POINT('',(144.03256872,-89.991071172,-8.));
#6918=VERTEX_POINT('',#6917);
#6919=CARTESIAN_POINT('',(132.348943007,-89.845026865,-8.));
#6920=DIRECTION('',(0.999921885,-0.012498937,0.));
#6921=VECTOR('',#6920,11.684538447);
#6922=LINE('',#6919,#6921);
#6923=EDGE_CURVE('',#6891,#6918,#6922,.T.);
#6924=ORIENTED_EDGE('',*,*,#6923,.T.);
#6925=CARTESIAN_POINT('',(144.03256872,-89.991071172,-8.));
#6926=DIRECTION('',(0.,0.,1.));
#6927=VECTOR('',#6926,1.2);
#6928=LINE('',#6925,#6927);
#6929=EDGE_CURVE('',#6918,#1119,#6928,.T.);
#6930=ORIENTED_EDGE('',*,*,#6929,.T.);
#6931=EDGE_LOOP('',(#6915,#6916,#6924,#6930));
#6932=FACE_BOUND('',#6931,.T.);
#6933=ADVANCED_FACE('',(#6932),#6914,.T.);
#6934=CARTESIAN_POINT('',(143.973809357,-94.763545958,-8.));
#6935=DIRECTION('',(0.,0.,1.));
#6936=DIRECTION('',(1.,0.,-0.));
#6937=AXIS2_PLACEMENT_3D('',#6934,#6935,#6936);
#6938=CYLINDRICAL_SURFACE('',#6937,4.772836498);
#6939=CARTESIAN_POINT('',(147.389720965,-91.430151873,-8.));
#6940=VERTEX_POINT('',#6939);
#6941=CARTESIAN_POINT('',(147.389720965,-91.430151873,-8.));
#6942=DIRECTION('',(0.,0.,1.));
#6943=VECTOR('',#6942,1.2);
#6944=LINE('',#6941,#6943);
#6945=EDGE_CURVE('',#6940,#1127,#6944,.T.);
#6946=ORIENTED_EDGE('',*,*,#6945,.T.);
#6947=ORIENTED_EDGE('',*,*,#1133,.T.);
#6948=ORIENTED_EDGE('',*,*,#6929,.F.);
#6949=CARTESIAN_POINT('',(143.973809357,-94.763545958,-8.));
#6950=DIRECTION('',(0.,-0.,1.));
#6951=DIRECTION('',(0.715698434,0.698409444,0.));
#6952=AXIS2_PLACEMENT_3D('',#6949,#6950,#6951);
#6953=CIRCLE('',#6952,4.772836498);
#6954=EDGE_CURVE('',#6940,#6918,#6953,.T.);
#6955=ORIENTED_EDGE('',*,*,#6954,.F.);
#6956=EDGE_LOOP('',(#6946,#6947,#6948,#6955));
#6957=FACE_BOUND('',#6956,.T.);
#6958=ADVANCED_FACE('',(#6957),#6938,.F.);
#6959=CARTESIAN_POINT('',(148.77928642,-92.853335455,-8.));
#6960=DIRECTION('',(-0.715507056,-0.698605506,0.));
#6961=DIRECTION('',(0.698605506,-0.715507056,0.));
#6962=AXIS2_PLACEMENT_3D('',#6959,#6960,#6961);
#6963=PLANE('',#6962);
#6964=ORIENTED_EDGE('',*,*,#1141,.F.);
#6965=ORIENTED_EDGE('',*,*,#6945,.F.);
#6966=CARTESIAN_POINT('',(150.168851874,-94.276519038,-8.));
#6967=VERTEX_POINT('',#6966);
#6968=CARTESIAN_POINT('',(147.389720965,-91.430151873,-8.));
#6969=DIRECTION('',(0.698605506,-0.715507056,0.));
#6970=VECTOR('',#6969,3.978111945);
#6971=LINE('',#6968,#6970);
#6972=EDGE_CURVE('',#6940,#6967,#6971,.T.);
#6973=ORIENTED_EDGE('',*,*,#6972,.T.);
#6974=CARTESIAN_POINT('',(150.168851874,-94.276519038,-8.));
#6975=DIRECTION('',(0.,0.,1.));
#6976=VECTOR('',#6975,1.2);
#6977=LINE('',#6974,#6976);
#6978=EDGE_CURVE('',#6967,#1136,#6977,.T.);
#6979=ORIENTED_EDGE('',*,*,#6978,.T.);
#6980=EDGE_LOOP('',(#6964,#6965,#6973,#6979));
#6981=FACE_BOUND('',#6980,.T.);
#6982=ADVANCED_FACE('',(#6981),#6963,.T.);
#6983=CARTESIAN_POINT('',(151.354116637,-93.100033397,-8.));
#6984=DIRECTION('',(0.,0.,1.));
#6985=DIRECTION('',(1.,0.,-0.));
#6986=AXIS2_PLACEMENT_3D('',#6983,#6984,#6985);
#6987=CYLINDRICAL_SURFACE('',#6986,1.670021264);
#6988=ORIENTED_EDGE('',*,*,#1150,.F.);
#6989=ORIENTED_EDGE('',*,*,#6978,.F.);
#6990=CARTESIAN_POINT('',(151.340369385,-94.769998078,-8.));
#6991=VERTEX_POINT('',#6990);
#6992=CARTESIAN_POINT('',(151.354116637,-93.100033397,-8.));
#6993=DIRECTION('',(0.,0.,1.));
#6994=DIRECTION('',(-0.709730342,-0.70447345,0.));
#6995=AXIS2_PLACEMENT_3D('',#6992,#6993,#6994);
#6996=CIRCLE('',#6995,1.670021264);
#6997=EDGE_CURVE('',#6967,#6991,#6996,.T.);
#6998=ORIENTED_EDGE('',*,*,#6997,.T.);
#6999=CARTESIAN_POINT('',(151.340369385,-94.769998078,-8.));
#7000=DIRECTION('',(0.,0.,1.));
#7001=VECTOR('',#7000,1.2);
#7002=LINE('',#6999,#7001);
#7003=EDGE_CURVE('',#6991,#1144,#7002,.T.);
#7004=ORIENTED_EDGE('',*,*,#7003,.T.);
#7005=EDGE_LOOP('',(#6988,#6989,#6998,#7004));
#7006=FACE_BOUND('',#7005,.T.);
#7007=ADVANCED_FACE('',(#7006),#6987,.T.);
#7008=CARTESIAN_POINT('',(157.854014795,-94.769998078,-8.));
#7009=DIRECTION('',(0.,-1.,0.));
#7010=DIRECTION('',(0.,0.,-1.));
#7011=AXIS2_PLACEMENT_3D('',#7008,#7009,#7010);
#7012=PLANE('',#7011);
#7013=CARTESIAN_POINT('',(164.367660204,-94.769998078,-8.));
#7014=VERTEX_POINT('',#7013);
#7015=CARTESIAN_POINT('',(164.367660204,-94.769998078,-8.));
#7016=DIRECTION('',(0.,0.,1.));
#7017=VECTOR('',#7016,1.2);
#7018=LINE('',#7015,#7017);
#7019=EDGE_CURVE('',#7014,#1153,#7018,.T.);
#7020=ORIENTED_EDGE('',*,*,#7019,.T.);
#7021=ORIENTED_EDGE('',*,*,#1158,.F.);
#7022=ORIENTED_EDGE('',*,*,#7003,.F.);
#7023=CARTESIAN_POINT('',(151.340369385,-94.769998078,-8.));
#7024=DIRECTION('',(1.,0.,-0.));
#7025=VECTOR('',#7024,13.027290819);
#7026=LINE('',#7023,#7025);
#7027=EDGE_CURVE('',#6991,#7014,#7026,.T.);
#7028=ORIENTED_EDGE('',*,*,#7027,.T.);
#7029=EDGE_LOOP('',(#7020,#7021,#7022,#7028));
#7030=FACE_BOUND('',#7029,.T.);
#7031=ADVANCED_FACE('',(#7030),#7012,.T.);
#7032=CARTESIAN_POINT('',(170.827349757,-97.950072941,-8.));
#7033=DIRECTION('',(0.,0.,1.));
#7034=DIRECTION('',(1.,0.,-0.));
#7035=AXIS2_PLACEMENT_3D('',#7032,#7033,#7034);
#7036=CYLINDRICAL_SURFACE('',#7035,1.58251765);
#7037=ORIENTED_EDGE('',*,*,#661,.F.);
#7038=ORIENTED_EDGE('',*,*,#1208,.F.);
#7039=ORIENTED_EDGE('',*,*,#1201,.F.);
#7040=CARTESIAN_POINT('',(169.460609481,-98.747809194,-8.));
#7041=VERTEX_POINT('',#7040);
#7042=CARTESIAN_POINT('',(169.460609481,-98.747809194,-8.));
#7043=DIRECTION('',(0.,0.,1.));
#7044=VECTOR('',#7043,1.2);
#7045=LINE('',#7042,#7044);
#7046=EDGE_CURVE('',#7041,#1187,#7045,.T.);
#7047=ORIENTED_EDGE('',*,*,#7046,.F.);
#7048=CARTESIAN_POINT('',(170.84464509,-99.532496078,-8.));
#7049=VERTEX_POINT('',#7048);
#7050=CARTESIAN_POINT('',(170.827349757,-97.950072941,-8.));
#7051=DIRECTION('',(0.,0.,1.));
#7052=DIRECTION('',(-0.86364931,-0.504093116,0.));
#7053=AXIS2_PLACEMENT_3D('',#7050,#7051,#7052);
#7054=CIRCLE('',#7053,1.58251765);
#7055=EDGE_CURVE('',#7041,#7049,#7054,.T.);
#7056=ORIENTED_EDGE('',*,*,#7055,.T.);
#7057=CARTESIAN_POINT('',(170.84464509,-99.532496078,-8.));
#7058=DIRECTION('',(0.,0.,1.));
#7059=VECTOR('',#7058,1.2);
#7060=LINE('',#7057,#7059);
#7061=EDGE_CURVE('',#7049,#656,#7060,.T.);
#7062=ORIENTED_EDGE('',*,*,#7061,.T.);
#7063=EDGE_LOOP('',(#7037,#7038,#7039,#7047,#7056,#7062));
#7064=FACE_BOUND('',#7063,.T.);
#7065=ADVANCED_FACE('',(#7064),#7036,.T.);
#7066=CARTESIAN_POINT('',(213.274993317,-140.013284918,-8.));
#7067=DIRECTION('',(-1.,-0.000000112,0.));
#7068=DIRECTION('',(0.000000112,-1.,0.));
#7069=AXIS2_PLACEMENT_3D('',#7066,#7067,#7068);
#7070=PLANE('',#7069);
#7071=ORIENTED_EDGE('',*,*,#871,.F.);
#7072=ORIENTED_EDGE('',*,*,#6253,.T.);
#7073=ORIENTED_EDGE('',*,*,#6163,.F.);
#7074=ORIENTED_EDGE('',*,*,#6271,.T.);
#7075=ORIENTED_EDGE('',*,*,#4117,.T.);
#7076=ORIENTED_EDGE('',*,*,#6215,.T.);
#7077=ORIENTED_EDGE('',*,*,#6194,.T.);
#7078=ORIENTED_EDGE('',*,*,#6233,.T.);
#7079=ORIENTED_EDGE('',*,*,#1852,.F.);
#7080=ORIENTED_EDGE('',*,*,#1844,.T.);
#7081=CARTESIAN_POINT('',(213.274989316,-104.307495831,-8.));
#7082=VERTEX_POINT('',#7081);
#7083=CARTESIAN_POINT('',(213.274989316,-104.307495831,-8.));
#7084=DIRECTION('',(0.,0.,1.));
#7085=VECTOR('',#7084,1.2);
#7086=LINE('',#7083,#7085);
#7087=EDGE_CURVE('',#7082,#1829,#7086,.T.);
#7088=ORIENTED_EDGE('',*,*,#7087,.F.);
#7089=CARTESIAN_POINT('',(213.274989316,-104.307495831,-8.));
#7090=DIRECTION('',(0.000000112,-1.,0.));
#7091=VECTOR('',#7090,71.411578174);
#7092=LINE('',#7089,#7091);
#7093=EDGE_CURVE('',#7082,#6670,#7092,.T.);
#7094=ORIENTED_EDGE('',*,*,#7093,.T.);
#7095=ORIENTED_EDGE('',*,*,#6675,.T.);
#7096=EDGE_LOOP('',(#7071,#7072,#7073,#7074,#7075,#7076,#7077,#7078,#7079,#7080,#7088,#7094,#7095));
#7097=FACE_BOUND('',#7096,.T.);
#7098=ADVANCED_FACE('',(#7097),#7070,.T.);
#7099=CARTESIAN_POINT('',(208.494988121,-104.312497275,-8.));
#7100=DIRECTION('',(0.,0.,1.));
#7101=DIRECTION('',(1.,0.,-0.));
#7102=AXIS2_PLACEMENT_3D('',#7099,#7100,#7101);
#7103=CYLINDRICAL_SURFACE('',#7102,4.780003811);
#7104=ORIENTED_EDGE('',*,*,#7087,.T.);
#7105=ORIENTED_EDGE('',*,*,#1835,.T.);
#7106=ORIENTED_EDGE('',*,*,#6304,.T.);
#7107=ORIENTED_EDGE('',*,*,#4075,.T.);
#7108=ORIENTED_EDGE('',*,*,#6331,.T.);
#7109=CARTESIAN_POINT('',(208.489989274,-99.532496078,-8.));
#7110=VERTEX_POINT('',#7109);
#7111=CARTESIAN_POINT('',(208.489989274,-99.532496078,-8.));
#7112=DIRECTION('',(0.,0.,1.));
#7113=VECTOR('',#7112,5.900327573);
#7114=LINE('',#7111,#7113);
#7115=EDGE_CURVE('',#7110,#6318,#7114,.T.);
#7116=ORIENTED_EDGE('',*,*,#7115,.F.);
#7117=CARTESIAN_POINT('',(208.494988121,-104.312497275,-8.));
#7118=DIRECTION('',(0.,-0.,1.));
#7119=DIRECTION('',(0.999999453,0.001046326,0.));
#7120=AXIS2_PLACEMENT_3D('',#7117,#7118,#7119);
#7121=CIRCLE('',#7120,4.780003811);
#7122=EDGE_CURVE('',#7082,#7110,#7121,.T.);
#7123=ORIENTED_EDGE('',*,*,#7122,.F.);
#7124=EDGE_LOOP('',(#7104,#7105,#7106,#7107,#7108,#7116,#7123));
#7125=FACE_BOUND('',#7124,.T.);
#7126=ADVANCED_FACE('',(#7125),#7103,.F.);
#7127=CARTESIAN_POINT('',(189.667317182,-99.532496078,-8.));
#7128=DIRECTION('',(0.,-1.,0.));
#7129=DIRECTION('',(0.,0.,-1.));
#7130=AXIS2_PLACEMENT_3D('',#7127,#7128,#7129);
#7131=PLANE('',#7130);
#7132=CARTESIAN_POINT('',(184.25,-99.532496092,-4.385));
#7133=VERTEX_POINT('',#7132);
#7134=CARTESIAN_POINT('',(189.75,-99.532496092,-4.385));
#7135=VERTEX_POINT('',#7134);
#7136=CARTESIAN_POINT('',(184.25,-99.532496092,-4.385));
#7137=DIRECTION('',(1.,0.,-0.));
#7138=VECTOR('',#7137,5.5);
#7139=LINE('',#7136,#7138);
#7140=EDGE_CURVE('',#7133,#7135,#7139,.T.);
#7141=ORIENTED_EDGE('',*,*,#7140,.F.);
#7142=CARTESIAN_POINT('',(183.75,-99.532496092,-3.885));
#7143=VERTEX_POINT('',#7142);
#7144=CARTESIAN_POINT('',(184.25,-99.532496078,-3.885));
#7145=DIRECTION('',(-0.,1.,-0.));
#7146=DIRECTION('',(0.,0.,-1.));
#7147=AXIS2_PLACEMENT_3D('',#7144,#7145,#7146);
#7148=CIRCLE('',#7147,0.5);
#7149=EDGE_CURVE('',#7133,#7143,#7148,.T.);
#7150=ORIENTED_EDGE('',*,*,#7149,.T.);
#7151=CARTESIAN_POINT('',(183.75,-99.532496092,-3.534999993));
#7152=VERTEX_POINT('',#7151);
#7153=CARTESIAN_POINT('',(183.75,-99.532496092,-3.885));
#7154=DIRECTION('',(0.,0.,1.));
#7155=VECTOR('',#7154,0.350000007);
#7156=LINE('',#7153,#7155);
#7157=EDGE_CURVE('',#7143,#7152,#7156,.T.);
#7158=ORIENTED_EDGE('',*,*,#7157,.T.);
#7159=CARTESIAN_POINT('',(184.25,-99.532496092,-3.034999993));
#7160=VERTEX_POINT('',#7159);
#7161=CARTESIAN_POINT('',(184.25,-99.532496078,-3.534999993));
#7162=DIRECTION('',(-0.,1.,-0.));
#7163=DIRECTION('',(0.,0.,-1.));
#7164=AXIS2_PLACEMENT_3D('',#7161,#7162,#7163);
#7165=CIRCLE('',#7164,0.5);
#7166=EDGE_CURVE('',#7152,#7160,#7165,.T.);
#7167=ORIENTED_EDGE('',*,*,#7166,.T.);
#7168=CARTESIAN_POINT('',(189.75,-99.532496092,-3.034999993));
#7169=VERTEX_POINT('',#7168);
#7170=CARTESIAN_POINT('',(184.25,-99.532496092,-3.034999993));
#7171=DIRECTION('',(1.,0.,-0.));
#7172=VECTOR('',#7171,5.5);
#7173=LINE('',#7170,#7172);
#7174=EDGE_CURVE('',#7160,#7169,#7173,.T.);
#7175=ORIENTED_EDGE('',*,*,#7174,.T.);
#7176=CARTESIAN_POINT('',(190.25,-99.532496092,-3.534999993));
#7177=VERTEX_POINT('',#7176);
#7178=CARTESIAN_POINT('',(189.75,-99.532496078,-3.534999993));
#7179=DIRECTION('',(-0.,1.,-0.));
#7180=DIRECTION('',(0.,0.,-1.));
#7181=AXIS2_PLACEMENT_3D('',#7178,#7179,#7180);
#7182=CIRCLE('',#7181,0.5);
#7183=EDGE_CURVE('',#7169,#7177,#7182,.T.);
#7184=ORIENTED_EDGE('',*,*,#7183,.T.);
#7185=CARTESIAN_POINT('',(190.25,-99.532496092,-3.885));
#7186=VERTEX_POINT('',#7185);
#7187=CARTESIAN_POINT('',(190.25,-99.532496092,-3.534999993));
#7188=DIRECTION('',(0.,0.,-1.));
#7189=VECTOR('',#7188,0.350000007);
#7190=LINE('',#7187,#7189);
#7191=EDGE_CURVE('',#7177,#7186,#7190,.T.);
#7192=ORIENTED_EDGE('',*,*,#7191,.T.);
#7193=CARTESIAN_POINT('',(189.75,-99.532496078,-3.885));
#7194=DIRECTION('',(-0.,1.,-0.));
#7195=DIRECTION('',(0.,0.,-1.));
#7196=AXIS2_PLACEMENT_3D('',#7193,#7194,#7195);
#7197=CIRCLE('',#7196,0.5);
#7198=EDGE_CURVE('',#7186,#7135,#7197,.T.);
#7199=ORIENTED_EDGE('',*,*,#7198,.T.);
#7200=EDGE_LOOP('',(#7141,#7150,#7158,#7167,#7175,#7184,#7192,#7199));
#7201=FACE_BOUND('',#7200,.T.);
#7202=ORIENTED_EDGE('',*,*,#6347,.T.);
#7203=ORIENTED_EDGE('',*,*,#669,.T.);
#7204=ORIENTED_EDGE('',*,*,#7061,.F.);
#7205=CARTESIAN_POINT('',(170.84464509,-99.532496078,-8.));
#7206=DIRECTION('',(1.,0.,-0.));
#7207=VECTOR('',#7206,37.645344184);
#7208=LINE('',#7205,#7207);
#7209=EDGE_CURVE('',#7049,#7110,#7208,.T.);
#7210=ORIENTED_EDGE('',*,*,#7209,.T.);
#7211=ORIENTED_EDGE('',*,*,#7115,.T.);
#7212=ORIENTED_EDGE('',*,*,#6324,.T.);
#7213=ORIENTED_EDGE('',*,*,#4178,.T.);
#7214=ORIENTED_EDGE('',*,*,#6365,.T.);
#7215=ORIENTED_EDGE('',*,*,#4037,.T.);
#7216=EDGE_LOOP('',(#7202,#7203,#7204,#7210,#7211,#7212,#7213,#7214,#7215));
#7217=FACE_BOUND('',#7216,.T.);
#7218=CARTESIAN_POINT('',(197.263725947,-99.532496078,-5.335000015));
#7219=VERTEX_POINT('',#7218);
#7220=CARTESIAN_POINT('',(197.263725947,-99.532496092,-6.045000015));
#7221=VERTEX_POINT('',#7220);
#7222=CARTESIAN_POINT('',(197.263725947,-99.532496092,-5.335000015));
#7223=DIRECTION('',(0.,0.,-1.));
#7224=VECTOR('',#7223,0.71);
#7225=LINE('',#7222,#7224);
#7226=EDGE_CURVE('',#7219,#7221,#7225,.T.);
#7227=ORIENTED_EDGE('',*,*,#7226,.F.);
#7228=CARTESIAN_POINT('',(198.513725947,-99.532496092,-4.085000015));
#7229=VERTEX_POINT('',#7228);
#7230=CARTESIAN_POINT('',(198.513725947,-99.532496092,-5.335000015));
#7231=DIRECTION('',(0.,1.,0.));
#7232=DIRECTION('',(-1.,0.,0.));
#7233=AXIS2_PLACEMENT_3D('',#7230,#7231,#7232);
#7234=CIRCLE('',#7233,1.25);
#7235=EDGE_CURVE('',#7219,#7229,#7234,.T.);
#7236=ORIENTED_EDGE('',*,*,#7235,.T.);
#7237=CARTESIAN_POINT('',(204.953725947,-99.532496092,-4.085000015));
#7238=VERTEX_POINT('',#7237);
#7239=CARTESIAN_POINT('',(204.953725947,-99.532496092,-4.085000015));
#7240=DIRECTION('',(-1.,0.,0.));
#7241=VECTOR('',#7240,6.44);
#7242=LINE('',#7239,#7241);
#7243=EDGE_CURVE('',#7238,#7229,#7242,.T.);
#7244=ORIENTED_EDGE('',*,*,#7243,.F.);
#7245=CARTESIAN_POINT('',(206.203725947,-99.532496092,-5.335000015));
#7246=VERTEX_POINT('',#7245);
#7247=CARTESIAN_POINT('',(204.953725947,-99.532496092,-5.335000015));
#7248=DIRECTION('',(0.,1.,0.));
#7249=DIRECTION('',(0.,-0.,1.));
#7250=AXIS2_PLACEMENT_3D('',#7247,#7248,#7249);
#7251=CIRCLE('',#7250,1.25);
#7252=EDGE_CURVE('',#7238,#7246,#7251,.T.);
#7253=ORIENTED_EDGE('',*,*,#7252,.T.);
#7254=CARTESIAN_POINT('',(206.203725947,-99.532496092,-6.045000015));
#7255=VERTEX_POINT('',#7254);
#7256=CARTESIAN_POINT('',(206.203725947,-99.532496092,-6.045000015));
#7257=DIRECTION('',(0.,0.,1.));
#7258=VECTOR('',#7257,0.71);
#7259=LINE('',#7256,#7258);
#7260=EDGE_CURVE('',#7255,#7246,#7259,.T.);
#7261=ORIENTED_EDGE('',*,*,#7260,.F.);
#7262=CARTESIAN_POINT('',(204.953725947,-99.532496092,-7.295000015));
#7263=VERTEX_POINT('',#7262);
#7264=CARTESIAN_POINT('',(204.953725947,-99.532496092,-6.045000015));
#7265=DIRECTION('',(-0.,1.,0.));
#7266=DIRECTION('',(1.,0.,0.));
#7267=AXIS2_PLACEMENT_3D('',#7264,#7265,#7266);
#7268=CIRCLE('',#7267,1.25);
#7269=EDGE_CURVE('',#7255,#7263,#7268,.T.);
#7270=ORIENTED_EDGE('',*,*,#7269,.T.);
#7271=CARTESIAN_POINT('',(198.513725947,-99.532496092,-7.295000015));
#7272=VERTEX_POINT('',#7271);
#7273=CARTESIAN_POINT('',(198.513725947,-99.532496092,-7.295000015));
#7274=DIRECTION('',(1.,0.,-0.));
#7275=VECTOR('',#7274,6.44);
#7276=LINE('',#7273,#7275);
#7277=EDGE_CURVE('',#7272,#7263,#7276,.T.);
#7278=ORIENTED_EDGE('',*,*,#7277,.F.);
#7279=CARTESIAN_POINT('',(198.513725947,-99.532496092,-6.045000015));
#7280=DIRECTION('',(0.,1.,0.));
#7281=DIRECTION('',(0.,0.,-1.));
#7282=AXIS2_PLACEMENT_3D('',#7279,#7280,#7281);
#7283=CIRCLE('',#7282,1.25);
#7284=EDGE_CURVE('',#7272,#7221,#7283,.T.);
#7285=ORIENTED_EDGE('',*,*,#7284,.T.);
#7286=EDGE_LOOP('',(#7227,#7236,#7244,#7253,#7261,#7270,#7278,#7285));
#7287=FACE_BOUND('',#7286,.T.);
#7288=ADVANCED_FACE('',(#7201,#7217,#7287),#7131,.T.);
#7289=CARTESIAN_POINT('',(66.612241,-131.002499347,-8.));
#7290=DIRECTION('',(-1.,0.,0.));
#7291=DIRECTION('',(0.,0.,1.));
#7292=AXIS2_PLACEMENT_3D('',#7289,#7290,#7291);
#7293=PLANE('',#7292);
#7294=CARTESIAN_POINT('',(66.612241,-157.712499,-8.));
#7295=VERTEX_POINT('',#7294);
#7296=CARTESIAN_POINT('',(66.612241,-157.712499,-0.5));
#7297=VERTEX_POINT('',#7296);
#7298=CARTESIAN_POINT('',(66.612241,-157.712499,-8.));
#7299=DIRECTION('',(0.,0.,1.));
#7300=VECTOR('',#7299,7.5);
#7301=LINE('',#7298,#7300);
#7302=EDGE_CURVE('',#7295,#7297,#7301,.T.);
#7303=ORIENTED_EDGE('',*,*,#7302,.T.);
#7304=CARTESIAN_POINT('',(66.612241,-104.292499695,-0.5));
#7305=VERTEX_POINT('',#7304);
#7306=CARTESIAN_POINT('',(66.612241,-157.712499,-0.5));
#7307=DIRECTION('',(-0.,1.,-0.));
#7308=VECTOR('',#7307,53.419999305);
#7309=LINE('',#7306,#7308);
#7310=EDGE_CURVE('',#7297,#7305,#7309,.T.);
#7311=ORIENTED_EDGE('',*,*,#7310,.T.);
#7312=CARTESIAN_POINT('',(66.612241,-104.292499695,-8.));
#7313=VERTEX_POINT('',#7312);
#7314=CARTESIAN_POINT('',(66.612241,-104.292499695,-8.));
#7315=DIRECTION('',(0.,0.,1.));
#7316=VECTOR('',#7315,7.5);
#7317=LINE('',#7314,#7316);
#7318=EDGE_CURVE('',#7313,#7305,#7317,.T.);
#7319=ORIENTED_EDGE('',*,*,#7318,.F.);
#7320=CARTESIAN_POINT('',(66.612241,-104.292499695,-8.));
#7321=DIRECTION('',(0.,-1.,0.));
#7322=VECTOR('',#7321,53.419999305);
#7323=LINE('',#7320,#7322);
#7324=EDGE_CURVE('',#7313,#7295,#7323,.T.);
#7325=ORIENTED_EDGE('',*,*,#7324,.T.);
#7326=EDGE_LOOP('',(#7303,#7311,#7319,#7325));
#7327=FACE_BOUND('',#7326,.T.);
#7328=ADVANCED_FACE('',(#7327),#7293,.T.);
#7329=CARTESIAN_POINT('',(73.387241,-157.712499,-8.));
#7330=DIRECTION('',(0.,0.,1.));
#7331=DIRECTION('',(1.,0.,-0.));
#7332=AXIS2_PLACEMENT_3D('',#7329,#7330,#7331);
#7333=CYLINDRICAL_SURFACE('',#7332,6.775);
#7334=CARTESIAN_POINT('',(73.387241,-164.487499,-8.));
#7335=VERTEX_POINT('',#7334);
#7336=CARTESIAN_POINT('',(73.387241,-164.487499,-0.5));
#7337=VERTEX_POINT('',#7336);
#7338=CARTESIAN_POINT('',(73.387241,-164.487499,-8.));
#7339=DIRECTION('',(0.,0.,1.));
#7340=VECTOR('',#7339,7.5);
#7341=LINE('',#7338,#7340);
#7342=EDGE_CURVE('',#7335,#7337,#7341,.T.);
#7343=ORIENTED_EDGE('',*,*,#7342,.T.);
#7344=CARTESIAN_POINT('',(73.387241,-157.712499,-0.5));
#7345=DIRECTION('',(-0.,-0.,-1.));
#7346=DIRECTION('',(1.,0.,-0.));
#7347=AXIS2_PLACEMENT_3D('',#7344,#7345,#7346);
#7348=CIRCLE('',#7347,6.775);
#7349=EDGE_CURVE('',#7337,#7297,#7348,.T.);
#7350=ORIENTED_EDGE('',*,*,#7349,.T.);
#7351=ORIENTED_EDGE('',*,*,#7302,.F.);
#7352=CARTESIAN_POINT('',(73.387241,-157.712499,-8.));
#7353=DIRECTION('',(0.,0.,1.));
#7354=DIRECTION('',(-1.,0.,0.));
#7355=AXIS2_PLACEMENT_3D('',#7352,#7353,#7354);
#7356=CIRCLE('',#7355,6.775);
#7357=EDGE_CURVE('',#7295,#7335,#7356,.T.);
#7358=ORIENTED_EDGE('',*,*,#7357,.T.);
#7359=EDGE_LOOP('',(#7343,#7350,#7351,#7358));
#7360=FACE_BOUND('',#7359,.T.);
#7361=ADVANCED_FACE('',(#7360),#7333,.T.);
#7362=CARTESIAN_POINT('',(99.170777815,-164.487499,-8.));
#7363=DIRECTION('',(0.,-1.,0.));
#7364=DIRECTION('',(0.,0.,-1.));
#7365=AXIS2_PLACEMENT_3D('',#7362,#7363,#7364);
#7366=PLANE('',#7365);
#7367=CARTESIAN_POINT('',(124.95431463,-164.487499,-8.));
#7368=VERTEX_POINT('',#7367);
#7369=CARTESIAN_POINT('',(124.95431463,-164.487499,-0.5));
#7370=VERTEX_POINT('',#7369);
#7371=CARTESIAN_POINT('',(124.95431463,-164.487499,-8.));
#7372=DIRECTION('',(0.,0.,1.));
#7373=VECTOR('',#7372,7.5);
#7374=LINE('',#7371,#7373);
#7375=EDGE_CURVE('',#7368,#7370,#7374,.T.);
#7376=ORIENTED_EDGE('',*,*,#7375,.T.);
#7377=CARTESIAN_POINT('',(124.95431463,-164.487499,-0.5));
#7378=DIRECTION('',(-1.,-0.,0.));
#7379=VECTOR('',#7378,51.56707363);
#7380=LINE('',#7377,#7379);
#7381=EDGE_CURVE('',#7370,#7337,#7380,.T.);
#7382=ORIENTED_EDGE('',*,*,#7381,.T.);
#7383=ORIENTED_EDGE('',*,*,#7342,.F.);
#7384=CARTESIAN_POINT('',(73.387241,-164.487499,-8.));
#7385=DIRECTION('',(1.,0.,-0.));
#7386=VECTOR('',#7385,51.56707363);
#7387=LINE('',#7384,#7386);
#7388=EDGE_CURVE('',#7335,#7368,#7387,.T.);
#7389=ORIENTED_EDGE('',*,*,#7388,.T.);
#7390=EDGE_LOOP('',(#7376,#7382,#7383,#7389));
#7391=FACE_BOUND('',#7390,.T.);
#7392=ADVANCED_FACE('',(#7391),#7366,.T.);
#7393=CARTESIAN_POINT('',(124.95431463,-166.987499,-8.));
#7394=DIRECTION('',(0.,0.,1.));
#7395=DIRECTION('',(1.,0.,-0.));
#7396=AXIS2_PLACEMENT_3D('',#7393,#7394,#7395);
#7397=CYLINDRICAL_SURFACE('',#7396,2.5);
#7398=CARTESIAN_POINT('',(126.869472416,-165.380585607,-8.));
#7399=VERTEX_POINT('',#7398);
#7400=CARTESIAN_POINT('',(126.869472416,-165.380585607,-0.5));
#7401=VERTEX_POINT('',#7400);
#7402=CARTESIAN_POINT('',(126.869472416,-165.380585607,-8.));
#7403=DIRECTION('',(0.,0.,1.));
#7404=VECTOR('',#7403,7.5);
#7405=LINE('',#7402,#7404);
#7406=EDGE_CURVE('',#7399,#7401,#7405,.T.);
#7407=ORIENTED_EDGE('',*,*,#7406,.T.);
#7408=CARTESIAN_POINT('',(124.95431463,-166.987499,-0.5));
#7409=DIRECTION('',(0.,0.,1.));
#7410=DIRECTION('',(1.,0.,-0.));
#7411=AXIS2_PLACEMENT_3D('',#7408,#7409,#7410);
#7412=CIRCLE('',#7411,2.5);
#7413=EDGE_CURVE('',#7401,#7370,#7412,.T.);
#7414=ORIENTED_EDGE('',*,*,#7413,.T.);
#7415=ORIENTED_EDGE('',*,*,#7375,.F.);
#7416=CARTESIAN_POINT('',(124.95431463,-166.987499,-8.));
#7417=DIRECTION('',(0.,-0.,1.));
#7418=DIRECTION('',(0.766063115,0.642765357,0.));
#7419=AXIS2_PLACEMENT_3D('',#7416,#7417,#7418);
#7420=CIRCLE('',#7419,2.5);
#7421=EDGE_CURVE('',#7399,#7368,#7420,.T.);
#7422=ORIENTED_EDGE('',*,*,#7421,.F.);
#7423=EDGE_LOOP('',(#7407,#7414,#7415,#7422));
#7424=FACE_BOUND('',#7423,.T.);
#7425=ADVANCED_FACE('',(#7424),#7397,.F.);
#7426=CARTESIAN_POINT('',(133.847359097,-173.696997723,-8.));
#7427=DIRECTION('',(-0.766063115,-0.642765357,0.));
#7428=DIRECTION('',(0.642765357,-0.766063115,0.));
#7429=AXIS2_PLACEMENT_3D('',#7426,#7427,#7428);
#7430=PLANE('',#7429);
#7431=CARTESIAN_POINT('',(140.825245777,-182.013409838,-8.));
#7432=VERTEX_POINT('',#7431);
#7433=CARTESIAN_POINT('',(140.825245777,-182.013409838,-0.5));
#7434=VERTEX_POINT('',#7433);
#7435=CARTESIAN_POINT('',(140.825245777,-182.013409838,-8.));
#7436=DIRECTION('',(0.,0.,1.));
#7437=VECTOR('',#7436,7.5);
#7438=LINE('',#7435,#7437);
#7439=EDGE_CURVE('',#7432,#7434,#7438,.T.);
#7440=ORIENTED_EDGE('',*,*,#7439,.T.);
#7441=CARTESIAN_POINT('',(140.825245777,-182.013409838,-0.5));
#7442=DIRECTION('',(-0.642765357,0.766063115,-0.));
#7443=VECTOR('',#7442,21.712080785);
#7444=LINE('',#7441,#7443);
#7445=EDGE_CURVE('',#7434,#7401,#7444,.T.);
#7446=ORIENTED_EDGE('',*,*,#7445,.T.);
#7447=ORIENTED_EDGE('',*,*,#7406,.F.);
#7448=CARTESIAN_POINT('',(126.869472416,-165.380585607,-8.));
#7449=DIRECTION('',(0.642765357,-0.766063115,0.));
#7450=VECTOR('',#7449,21.712080785);
#7451=LINE('',#7448,#7450);
#7452=EDGE_CURVE('',#7399,#7432,#7451,.T.);
#7453=ORIENTED_EDGE('',*,*,#7452,.T.);
#7454=EDGE_LOOP('',(#7440,#7446,#7447,#7453));
#7455=FACE_BOUND('',#7454,.T.);
#7456=ADVANCED_FACE('',(#7455),#7430,.T.);
#7457=CARTESIAN_POINT('',(146.132200323,-177.271811316,-8.));
#7458=DIRECTION('',(0.,0.,1.));
#7459=DIRECTION('',(1.,0.,-0.));
#7460=AXIS2_PLACEMENT_3D('',#7457,#7458,#7459);
#7461=CYLINDRICAL_SURFACE('',#7460,7.116637064);
#7462=CARTESIAN_POINT('',(145.905177005,-184.384826395,-8.));
#7463=VERTEX_POINT('',#7462);
#7464=CARTESIAN_POINT('',(145.905177005,-184.384826395,-0.5));
#7465=VERTEX_POINT('',#7464);
#7466=CARTESIAN_POINT('',(145.905177005,-184.384826395,-8.));
#7467=DIRECTION('',(0.,0.,1.));
#7468=VECTOR('',#7467,7.5);
#7469=LINE('',#7466,#7468);
#7470=EDGE_CURVE('',#7463,#7465,#7469,.T.);
#7471=ORIENTED_EDGE('',*,*,#7470,.T.);
#7472=CARTESIAN_POINT('',(146.132200323,-177.271811316,-0.5));
#7473=DIRECTION('',(-0.,-0.,-1.));
#7474=DIRECTION('',(1.,0.,-0.));
#7475=AXIS2_PLACEMENT_3D('',#7472,#7473,#7474);
#7476=CIRCLE('',#7475,7.116637064);
#7477=EDGE_CURVE('',#7465,#7434,#7476,.T.);
#7478=ORIENTED_EDGE('',*,*,#7477,.T.);
#7479=ORIENTED_EDGE('',*,*,#7439,.F.);
#7480=CARTESIAN_POINT('',(146.132200323,-177.271811316,-8.));
#7481=DIRECTION('',(0.,0.,1.));
#7482=DIRECTION('',(-0.745711001,-0.666269543,0.));
#7483=AXIS2_PLACEMENT_3D('',#7480,#7481,#7482);
#7484=CIRCLE('',#7483,7.116637064);
#7485=EDGE_CURVE('',#7432,#7463,#7484,.T.);
#7486=ORIENTED_EDGE('',*,*,#7485,.T.);
#7487=EDGE_LOOP('',(#7471,#7478,#7479,#7486));
#7488=FACE_BOUND('',#7487,.T.);
#7489=ADVANCED_FACE('',(#7488),#7461,.T.);
#7490=CARTESIAN_POINT('',(151.521911619,-184.399876855,-8.));
#7491=DIRECTION('',(-0.002679565,-0.99999641,0.));
#7492=DIRECTION('',(0.99999641,-0.002679565,0.));
#7493=AXIS2_PLACEMENT_3D('',#7490,#7491,#7492);
#7494=PLANE('',#7493);
#7495=CARTESIAN_POINT('',(157.138646234,-184.414927315,-8.));
#7496=VERTEX_POINT('',#7495);
#7497=CARTESIAN_POINT('',(157.138646234,-184.414927315,-0.5));
#7498=VERTEX_POINT('',#7497);
#7499=CARTESIAN_POINT('',(157.138646234,-184.414927315,-8.));
#7500=DIRECTION('',(0.,0.,1.));
#7501=VECTOR('',#7500,7.5);
#7502=LINE('',#7499,#7501);
#7503=EDGE_CURVE('',#7496,#7498,#7502,.T.);
#7504=ORIENTED_EDGE('',*,*,#7503,.T.);
#7505=CARTESIAN_POINT('',(157.138646234,-184.414927315,-0.5));
#7506=DIRECTION('',(-0.99999641,0.002679565,-0.));
#7507=VECTOR('',#7506,11.233509558);
#7508=LINE('',#7505,#7507);
#7509=EDGE_CURVE('',#7498,#7465,#7508,.T.);
#7510=ORIENTED_EDGE('',*,*,#7509,.T.);
#7511=ORIENTED_EDGE('',*,*,#7470,.F.);
#7512=CARTESIAN_POINT('',(145.905177005,-184.384826395,-8.));
#7513=DIRECTION('',(0.99999641,-0.002679565,0.));
#7514=VECTOR('',#7513,11.233509558);
#7515=LINE('',#7512,#7514);
#7516=EDGE_CURVE('',#7463,#7496,#7515,.T.);
#7517=ORIENTED_EDGE('',*,*,#7516,.T.);
#7518=EDGE_LOOP('',(#7504,#7510,#7511,#7517));
#7519=FACE_BOUND('',#7518,.T.);
#7520=ADVANCED_FACE('',(#7519),#7494,.T.);
#7521=CARTESIAN_POINT('',(156.0144471,-254.287223383,-8.));
#7522=DIRECTION('',(0.,0.,1.));
#7523=DIRECTION('',(1.,0.,-0.));
#7524=AXIS2_PLACEMENT_3D('',#7521,#7522,#7523);
#7525=CYLINDRICAL_SURFACE('',#7524,69.881339293);
#7526=CARTESIAN_POINT('',(191.924180142,-194.338139535,-8.));
#7527=VERTEX_POINT('',#7526);
#7528=CARTESIAN_POINT('',(191.924180142,-194.338139535,-0.5));
#7529=VERTEX_POINT('',#7528);
#7530=CARTESIAN_POINT('',(191.924180142,-194.338139535,-8.));
#7531=DIRECTION('',(0.,0.,1.));
#7532=VECTOR('',#7531,7.5);
#7533=LINE('',#7530,#7532);
#7534=EDGE_CURVE('',#7527,#7529,#7533,.T.);
#7535=ORIENTED_EDGE('',*,*,#7534,.T.);
#7536=CARTESIAN_POINT('',(156.0144471,-254.287223383,-0.5));
#7537=DIRECTION('',(0.,0.,1.));
#7538=DIRECTION('',(1.,0.,-0.));
#7539=AXIS2_PLACEMENT_3D('',#7536,#7537,#7538);
#7540=CIRCLE('',#7539,69.881339293);
#7541=EDGE_CURVE('',#7529,#7498,#7540,.T.);
#7542=ORIENTED_EDGE('',*,*,#7541,.T.);
#7543=ORIENTED_EDGE('',*,*,#7503,.F.);
#7544=CARTESIAN_POINT('',(156.0144471,-254.287223383,-8.));
#7545=DIRECTION('',(0.,-0.,1.));
#7546=DIRECTION('',(0.51386727,0.857869704,0.));
#7547=AXIS2_PLACEMENT_3D('',#7544,#7545,#7546);
#7548=CIRCLE('',#7547,69.881339293);
#7549=EDGE_CURVE('',#7527,#7496,#7548,.T.);
#7550=ORIENTED_EDGE('',*,*,#7549,.F.);
#7551=EDGE_LOOP('',(#7535,#7542,#7543,#7550));
#7552=FACE_BOUND('',#7551,.T.);
#7553=ADVANCED_FACE('',(#7552),#7525,.F.);
#7554=CARTESIAN_POINT('',(194.380463033,-195.692385393,-8.));
#7555=DIRECTION('',(-0.482819113,-0.875720106,0.));
#7556=DIRECTION('',(0.875720106,-0.482819113,0.));
#7557=AXIS2_PLACEMENT_3D('',#7554,#7555,#7556);
#7558=PLANE('',#7557);
#7559=CARTESIAN_POINT('',(196.836745923,-197.046631251,-8.));
#7560=VERTEX_POINT('',#7559);
#7561=CARTESIAN_POINT('',(196.836745923,-197.046631251,-0.5));
#7562=VERTEX_POINT('',#7561);
#7563=CARTESIAN_POINT('',(196.836745923,-197.046631251,-8.));
#7564=DIRECTION('',(0.,0.,1.));
#7565=VECTOR('',#7564,7.5);
#7566=LINE('',#7563,#7565);
#7567=EDGE_CURVE('',#7560,#7562,#7566,.T.);
#7568=ORIENTED_EDGE('',*,*,#7567,.T.);
#7569=CARTESIAN_POINT('',(196.836745923,-197.046631251,-0.5));
#7570=DIRECTION('',(-0.875720106,0.482819113,-0.));
#7571=VECTOR('',#7570,5.609744195);
#7572=LINE('',#7569,#7571);
#7573=EDGE_CURVE('',#7562,#7529,#7572,.T.);
#7574=ORIENTED_EDGE('',*,*,#7573,.T.);
#7575=ORIENTED_EDGE('',*,*,#7534,.F.);
#7576=CARTESIAN_POINT('',(191.924180142,-194.338139535,-8.));
#7577=DIRECTION('',(0.875720106,-0.482819113,0.));
#7578=VECTOR('',#7577,5.609744195);
#7579=LINE('',#7576,#7578);
#7580=EDGE_CURVE('',#7527,#7560,#7579,.T.);
#7581=ORIENTED_EDGE('',*,*,#7580,.T.);
#7582=EDGE_LOOP('',(#7568,#7574,#7575,#7581));
#7583=FACE_BOUND('',#7582,.T.);
#7584=ADVANCED_FACE('',(#7583),#7558,.T.);
#7585=CARTESIAN_POINT('',(196.84960949,-197.05215459,-8.));
#7586=DIRECTION('',(-0.394545754,-0.918876296,0.));
#7587=DIRECTION('',(0.918876296,-0.394545754,0.));
#7588=AXIS2_PLACEMENT_3D('',#7585,#7586,#7587);
#7589=PLANE('',#7588);
#7590=CARTESIAN_POINT('',(196.862473056,-197.057677929,-8.));
#7591=VERTEX_POINT('',#7590);
#7592=CARTESIAN_POINT('',(196.862473056,-197.057677929,-0.5));
#7593=VERTEX_POINT('',#7592);
#7594=CARTESIAN_POINT('',(196.862473056,-197.057677929,-8.));
#7595=DIRECTION('',(0.,0.,1.));
#7596=VECTOR('',#7595,7.5);
#7597=LINE('',#7594,#7596);
#7598=EDGE_CURVE('',#7591,#7593,#7597,.T.);
#7599=ORIENTED_EDGE('',*,*,#7598,.T.);
#7600=CARTESIAN_POINT('',(196.862473056,-197.057677929,-0.5));
#7601=DIRECTION('',(-0.918876296,0.394545754,-0.));
#7602=VECTOR('',#7601,0.027998473);
#7603=LINE('',#7600,#7602);
#7604=EDGE_CURVE('',#7593,#7562,#7603,.T.);
#7605=ORIENTED_EDGE('',*,*,#7604,.T.);
#7606=ORIENTED_EDGE('',*,*,#7567,.F.);
#7607=CARTESIAN_POINT('',(196.836745923,-197.046631251,-8.));
#7608=DIRECTION('',(0.918876296,-0.394545754,0.));
#7609=VECTOR('',#7608,0.027998473);
#7610=LINE('',#7607,#7609);
#7611=EDGE_CURVE('',#7560,#7591,#7610,.T.);
#7612=ORIENTED_EDGE('',*,*,#7611,.T.);
#7613=EDGE_LOOP('',(#7599,#7605,#7606,#7612));
#7614=FACE_BOUND('',#7613,.T.);
#7615=ADVANCED_FACE('',(#7614),#7589,.T.);
#7616=CARTESIAN_POINT('',(199.963535815,-191.0342695,-8.));
#7617=DIRECTION('',(0.,0.,1.));
#7618=DIRECTION('',(1.,0.,-0.));
#7619=AXIS2_PLACEMENT_3D('',#7616,#7617,#7618);
#7620=CYLINDRICAL_SURFACE('',#7619,6.774809174);
#7621=CARTESIAN_POINT('',(205.889012898,-194.318589927,-8.));
#7622=VERTEX_POINT('',#7621);
#7623=CARTESIAN_POINT('',(205.889012898,-194.318589927,-0.5));
#7624=VERTEX_POINT('',#7623);
#7625=CARTESIAN_POINT('',(205.889012898,-194.318589927,-8.));
#7626=DIRECTION('',(0.,0.,1.));
#7627=VECTOR('',#7626,7.5);
#7628=LINE('',#7625,#7627);
#7629=EDGE_CURVE('',#7622,#7624,#7628,.T.);
#7630=ORIENTED_EDGE('',*,*,#7629,.T.);
#7631=CARTESIAN_POINT('',(199.963535815,-191.0342695,-0.5));
#7632=DIRECTION('',(-0.,-0.,-1.));
#7633=DIRECTION('',(1.,0.,-0.));
#7634=AXIS2_PLACEMENT_3D('',#7631,#7632,#7633);
#7635=CIRCLE('',#7634,6.774809174);
#7636=EDGE_CURVE('',#7624,#7593,#7635,.T.);
#7637=ORIENTED_EDGE('',*,*,#7636,.T.);
#7638=ORIENTED_EDGE('',*,*,#7598,.F.);
#7639=CARTESIAN_POINT('',(199.963535815,-191.0342695,-8.));
#7640=DIRECTION('',(0.,0.,1.));
#7641=DIRECTION('',(-0.457734333,-0.889089017,0.));
#7642=AXIS2_PLACEMENT_3D('',#7639,#7640,#7641);
#7643=CIRCLE('',#7642,6.774809174);
#7644=EDGE_CURVE('',#7591,#7622,#7643,.T.);
#7645=ORIENTED_EDGE('',*,*,#7644,.T.);
#7646=EDGE_LOOP('',(#7630,#7637,#7638,#7645));
#7647=FACE_BOUND('',#7646,.T.);
#7648=ADVANCED_FACE('',(#7647),#7620,.T.);
#7649=CARTESIAN_POINT('',(210.159705239,-186.614057548,-8.));
#7650=DIRECTION('',(0.874619692,-0.484809647,0.));
#7651=DIRECTION('',(0.484809647,0.874619692,0.));
#7652=AXIS2_PLACEMENT_3D('',#7649,#7650,#7651);
#7653=PLANE('',#7652);
#7654=CARTESIAN_POINT('',(214.43039758,-178.909525168,-8.));
#7655=VERTEX_POINT('',#7654);
#7656=CARTESIAN_POINT('',(214.43039758,-178.909525168,-0.5));
#7657=VERTEX_POINT('',#7656);
#7658=CARTESIAN_POINT('',(214.43039758,-178.909525168,-8.));
#7659=DIRECTION('',(0.,0.,1.));
#7660=VECTOR('',#7659,7.5);
#7661=LINE('',#7658,#7660);
#7662=EDGE_CURVE('',#7655,#7657,#7661,.T.);
#7663=ORIENTED_EDGE('',*,*,#7662,.T.);
#7664=CARTESIAN_POINT('',(214.43039758,-178.909525168,-0.5));
#7665=DIRECTION('',(-0.484809647,-0.874619692,-0.));
#7666=VECTOR('',#7665,17.61801717);
#7667=LINE('',#7664,#7666);
#7668=EDGE_CURVE('',#7657,#7624,#7667,.T.);
#7669=ORIENTED_EDGE('',*,*,#7668,.T.);
#7670=ORIENTED_EDGE('',*,*,#7629,.F.);
#7671=CARTESIAN_POINT('',(205.889012898,-194.318589927,-8.));
#7672=DIRECTION('',(0.484809647,0.874619692,0.));
#7673=VECTOR('',#7672,17.61801717);
#7674=LINE('',#7671,#7673);
#7675=EDGE_CURVE('',#7622,#7655,#7674,.T.);
#7676=ORIENTED_EDGE('',*,*,#7675,.T.);
#7677=EDGE_LOOP('',(#7663,#7669,#7670,#7676));
#7678=FACE_BOUND('',#7677,.T.);
#7679=ADVANCED_FACE('',(#7678),#7653,.T.);
#7680=CARTESIAN_POINT('',(208.401125463,-175.605563426,-8.));
#7681=DIRECTION('',(0.,0.,1.));
#7682=DIRECTION('',(1.,0.,-0.));
#7683=AXIS2_PLACEMENT_3D('',#7680,#7681,#7682);
#7684=CYLINDRICAL_SURFACE('',#7683,6.875193484);
#7685=CARTESIAN_POINT('',(215.27499732,-175.740363783,-8.));
#7686=VERTEX_POINT('',#7685);
#7687=CARTESIAN_POINT('',(215.27499732,-175.740363783,-0.5));
#7688=VERTEX_POINT('',#7687);
#7689=CARTESIAN_POINT('',(215.27499732,-175.740363783,-8.));
#7690=DIRECTION('',(0.,0.,1.));
#7691=VECTOR('',#7690,7.5);
#7692=LINE('',#7689,#7691);
#7693=EDGE_CURVE('',#7686,#7688,#7692,.T.);
#7694=ORIENTED_EDGE('',*,*,#7693,.T.);
#7695=CARTESIAN_POINT('',(208.401125463,-175.605563426,-0.5));
#7696=DIRECTION('',(-0.,-0.,-1.));
#7697=DIRECTION('',(1.,0.,-0.));
#7698=AXIS2_PLACEMENT_3D('',#7695,#7696,#7697);
#7699=CIRCLE('',#7698,6.875193484);
#7700=EDGE_CURVE('',#7688,#7657,#7699,.T.);
#7701=ORIENTED_EDGE('',*,*,#7700,.T.);
#7702=ORIENTED_EDGE('',*,*,#7662,.F.);
#7703=CARTESIAN_POINT('',(208.401125463,-175.605563426,-8.));
#7704=DIRECTION('',(0.,0.,1.));
#7705=DIRECTION('',(0.876960355,-0.480562729,0.));
#7706=AXIS2_PLACEMENT_3D('',#7703,#7704,#7705);
#7707=CIRCLE('',#7706,6.875193484);
#7708=EDGE_CURVE('',#7655,#7686,#7707,.T.);
#7709=ORIENTED_EDGE('',*,*,#7708,.T.);
#7710=EDGE_LOOP('',(#7694,#7701,#7702,#7709));
#7711=FACE_BOUND('',#7710,.T.);
#7712=ADVANCED_FACE('',(#7711),#7684,.T.);
#7713=CARTESIAN_POINT('',(215.274993318,-140.023548626,-8.));
#7714=DIRECTION('',(-1.,-0.000000112,0.));
#7715=DIRECTION('',(0.000000112,-1.,0.));
#7716=AXIS2_PLACEMENT_3D('',#7713,#7714,#7715);
#7717=PLANE('',#7716);
#7718=CARTESIAN_POINT('',(215.274989316,-104.306733468,-8.));
#7719=VERTEX_POINT('',#7718);
#7720=CARTESIAN_POINT('',(215.274989316,-104.306733468,-0.5));
#7721=VERTEX_POINT('',#7720);
#7722=CARTESIAN_POINT('',(215.274989316,-104.306733468,-8.));
#7723=DIRECTION('',(0.,0.,1.));
#7724=VECTOR('',#7723,7.5);
#7725=LINE('',#7722,#7724);
#7726=EDGE_CURVE('',#7719,#7721,#7725,.T.);
#7727=ORIENTED_EDGE('',*,*,#7726,.T.);
#7728=CARTESIAN_POINT('',(215.274989316,-104.306733468,-0.5));
#7729=DIRECTION('',(0.000000112,-1.,0.));
#7730=VECTOR('',#7729,71.433630315);
#7731=LINE('',#7728,#7730);
#7732=EDGE_CURVE('',#7721,#7688,#7731,.T.);
#7733=ORIENTED_EDGE('',*,*,#7732,.T.);
#7734=ORIENTED_EDGE('',*,*,#7693,.F.);
#7735=CARTESIAN_POINT('',(215.274989316,-104.306733468,-8.));
#7736=DIRECTION('',(0.000000112,-1.,0.));
#7737=VECTOR('',#7736,71.433630315);
#7738=LINE('',#7735,#7737);
#7739=EDGE_CURVE('',#7719,#7686,#7738,.T.);
#7740=ORIENTED_EDGE('',*,*,#7739,.F.);
#7741=EDGE_LOOP('',(#7727,#7733,#7734,#7740));
#7742=FACE_BOUND('',#7741,.T.);
#7743=ADVANCED_FACE('',(#7742),#7717,.F.);
#7744=CARTESIAN_POINT('',(208.494987955,-104.312497455,-8.));
#7745=DIRECTION('',(0.,0.,1.));
#7746=DIRECTION('',(1.,0.,-0.));
#7747=AXIS2_PLACEMENT_3D('',#7744,#7745,#7746);
#7748=CYLINDRICAL_SURFACE('',#7747,6.780003811);
#7749=CARTESIAN_POINT('',(208.489227071,-97.532496092,-8.));
#7750=VERTEX_POINT('',#7749);
#7751=CARTESIAN_POINT('',(208.489227071,-97.532496092,-0.5));
#7752=VERTEX_POINT('',#7751);
#7753=CARTESIAN_POINT('',(208.489227071,-97.532496092,-8.));
#7754=DIRECTION('',(0.,0.,1.));
#7755=VECTOR('',#7754,7.5);
#7756=LINE('',#7753,#7755);
#7757=EDGE_CURVE('',#7750,#7752,#7756,.T.);
#7758=ORIENTED_EDGE('',*,*,#7757,.T.);
#7759=CARTESIAN_POINT('',(208.494987955,-104.312497455,-0.5));
#7760=DIRECTION('',(-0.,-0.,-1.));
#7761=DIRECTION('',(1.,0.,-0.));
#7762=AXIS2_PLACEMENT_3D('',#7759,#7760,#7761);
#7763=CIRCLE('',#7762,6.780003811);
#7764=EDGE_CURVE('',#7752,#7721,#7763,.T.);
#7765=ORIENTED_EDGE('',*,*,#7764,.T.);
#7766=ORIENTED_EDGE('',*,*,#7726,.F.);
#7767=CARTESIAN_POINT('',(208.494987955,-104.312497455,-8.));
#7768=DIRECTION('',(0.,-0.,1.));
#7769=DIRECTION('',(0.999999639,0.000850145,0.));
#7770=AXIS2_PLACEMENT_3D('',#7767,#7768,#7769);
#7771=CIRCLE('',#7770,6.780003811);
#7772=EDGE_CURVE('',#7719,#7750,#7771,.T.);
#7773=ORIENTED_EDGE('',*,*,#7772,.T.);
#7774=EDGE_LOOP('',(#7758,#7765,#7766,#7773));
#7775=FACE_BOUND('',#7774,.T.);
#7776=ADVANCED_FACE('',(#7775),#7748,.T.);
#7777=CARTESIAN_POINT('',(190.485357852,-97.532496092,-8.));
#7778=DIRECTION('',(0.,1.,0.));
#7779=DIRECTION('',(0.,0.,1.));
#7780=AXIS2_PLACEMENT_3D('',#7777,#7778,#7779);
#7781=PLANE('',#7780);
#7782=CARTESIAN_POINT('',(183.65,-97.532496092,-3.885));
#7783=VERTEX_POINT('',#7782);
#7784=CARTESIAN_POINT('',(184.25,-97.532496092,-4.485));
#7785=VERTEX_POINT('',#7784);
#7786=CARTESIAN_POINT('',(184.25,-97.532496092,-3.885));
#7787=DIRECTION('',(-0.,-1.,-0.));
#7788=DIRECTION('',(0.,-0.,1.));
#7789=AXIS2_PLACEMENT_3D('',#7786,#7787,#7788);
#7790=CIRCLE('',#7789,0.6);
#7791=EDGE_CURVE('',#7783,#7785,#7790,.T.);
#7792=ORIENTED_EDGE('',*,*,#7791,.T.);
#7793=CARTESIAN_POINT('',(189.75,-97.532496092,-4.485));
#7794=VERTEX_POINT('',#7793);
#7795=CARTESIAN_POINT('',(184.25,-97.532496092,-4.485));
#7796=DIRECTION('',(1.,0.,-0.));
#7797=VECTOR('',#7796,5.5);
#7798=LINE('',#7795,#7797);
#7799=EDGE_CURVE('',#7785,#7794,#7798,.T.);
#7800=ORIENTED_EDGE('',*,*,#7799,.T.);
#7801=CARTESIAN_POINT('',(190.35,-97.532496092,-3.885));
#7802=VERTEX_POINT('',#7801);
#7803=CARTESIAN_POINT('',(189.75,-97.532496092,-3.885));
#7804=DIRECTION('',(-0.,-1.,-0.));
#7805=DIRECTION('',(0.,-0.,1.));
#7806=AXIS2_PLACEMENT_3D('',#7803,#7804,#7805);
#7807=CIRCLE('',#7806,0.6);
#7808=EDGE_CURVE('',#7794,#7802,#7807,.T.);
#7809=ORIENTED_EDGE('',*,*,#7808,.T.);
#7810=CARTESIAN_POINT('',(190.35,-97.532496092,-3.534999993));
#7811=VERTEX_POINT('',#7810);
#7812=CARTESIAN_POINT('',(190.35,-97.532496092,-3.885));
#7813=DIRECTION('',(0.,0.,1.));
#7814=VECTOR('',#7813,0.350000007);
#7815=LINE('',#7812,#7814);
#7816=EDGE_CURVE('',#7802,#7811,#7815,.T.);
#7817=ORIENTED_EDGE('',*,*,#7816,.T.);
#7818=CARTESIAN_POINT('',(189.75,-97.532496092,-2.934999993));
#7819=VERTEX_POINT('',#7818);
#7820=CARTESIAN_POINT('',(189.75,-97.532496092,-3.534999993));
#7821=DIRECTION('',(-0.,-1.,-0.));
#7822=DIRECTION('',(0.,-0.,1.));
#7823=AXIS2_PLACEMENT_3D('',#7820,#7821,#7822);
#7824=CIRCLE('',#7823,0.6);
#7825=EDGE_CURVE('',#7811,#7819,#7824,.T.);
#7826=ORIENTED_EDGE('',*,*,#7825,.T.);
#7827=CARTESIAN_POINT('',(184.25,-97.532496092,-2.934999993));
#7828=VERTEX_POINT('',#7827);
#7829=CARTESIAN_POINT('',(189.75,-97.532496092,-2.934999993));
#7830=DIRECTION('',(-1.,0.,0.));
#7831=VECTOR('',#7830,5.5);
#7832=LINE('',#7829,#7831);
#7833=EDGE_CURVE('',#7819,#7828,#7832,.T.);
#7834=ORIENTED_EDGE('',*,*,#7833,.T.);
#7835=CARTESIAN_POINT('',(183.65,-97.532496092,-3.534999993));
#7836=VERTEX_POINT('',#7835);
#7837=CARTESIAN_POINT('',(184.25,-97.532496092,-3.534999993));
#7838=DIRECTION('',(-0.,-1.,-0.));
#7839=DIRECTION('',(0.,-0.,1.));
#7840=AXIS2_PLACEMENT_3D('',#7837,#7838,#7839);
#7841=CIRCLE('',#7840,0.6);
#7842=EDGE_CURVE('',#7828,#7836,#7841,.T.);
#7843=ORIENTED_EDGE('',*,*,#7842,.T.);
#7844=CARTESIAN_POINT('',(183.65,-97.532496092,-3.534999993));
#7845=DIRECTION('',(0.,0.,-1.));
#7846=VECTOR('',#7845,0.350000007);
#7847=LINE('',#7844,#7846);
#7848=EDGE_CURVE('',#7836,#7783,#7847,.T.);
#7849=ORIENTED_EDGE('',*,*,#7848,.T.);
#7850=EDGE_LOOP('',(#7792,#7800,#7809,#7817,#7826,#7834,#7843,#7849));
#7851=FACE_BOUND('',#7850,.T.);
#7852=CARTESIAN_POINT('',(198.513725947,-97.532496092,-3.985000015));
#7853=VERTEX_POINT('',#7852);
#7854=CARTESIAN_POINT('',(197.163725947,-97.532496092,-5.335000015));
#7855=VERTEX_POINT('',#7854);
#7856=CARTESIAN_POINT('',(198.513725947,-97.532496092,-5.335000015));
#7857=DIRECTION('',(-0.,-1.,-0.));
#7858=DIRECTION('',(0.,-0.,1.));
#7859=AXIS2_PLACEMENT_3D('',#7856,#7857,#7858);
#7860=CIRCLE('',#7859,1.35);
#7861=EDGE_CURVE('',#7853,#7855,#7860,.T.);
#7862=ORIENTED_EDGE('',*,*,#7861,.T.);
#7863=CARTESIAN_POINT('',(197.163725947,-97.532496092,-6.045000015));
#7864=VERTEX_POINT('',#7863);
#7865=CARTESIAN_POINT('',(197.163725947,-97.532496092,-5.335000015));
#7866=DIRECTION('',(0.,0.,-1.));
#7867=VECTOR('',#7866,0.71);
#7868=LINE('',#7865,#7867);
#7869=EDGE_CURVE('',#7855,#7864,#7868,.T.);
#7870=ORIENTED_EDGE('',*,*,#7869,.T.);
#7871=CARTESIAN_POINT('',(198.513725947,-97.532496092,-7.395000015));
#7872=VERTEX_POINT('',#7871);
#7873=CARTESIAN_POINT('',(198.513725947,-97.532496092,-6.045000015));
#7874=DIRECTION('',(-0.,-1.,-0.));
#7875=DIRECTION('',(0.,-0.,1.));
#7876=AXIS2_PLACEMENT_3D('',#7873,#7874,#7875);
#7877=CIRCLE('',#7876,1.35);
#7878=EDGE_CURVE('',#7864,#7872,#7877,.T.);
#7879=ORIENTED_EDGE('',*,*,#7878,.T.);
#7880=CARTESIAN_POINT('',(204.953725947,-97.532496092,-7.395000015));
#7881=VERTEX_POINT('',#7880);
#7882=CARTESIAN_POINT('',(198.513725947,-97.532496092,-7.395000015));
#7883=DIRECTION('',(1.,0.,-0.));
#7884=VECTOR('',#7883,6.44);
#7885=LINE('',#7882,#7884);
#7886=EDGE_CURVE('',#7872,#7881,#7885,.T.);
#7887=ORIENTED_EDGE('',*,*,#7886,.T.);
#7888=CARTESIAN_POINT('',(206.303725947,-97.532496092,-6.045000015));
#7889=VERTEX_POINT('',#7888);
#7890=CARTESIAN_POINT('',(204.953725947,-97.532496092,-6.045000015));
#7891=DIRECTION('',(-0.,-1.,-0.));
#7892=DIRECTION('',(0.,-0.,1.));
#7893=AXIS2_PLACEMENT_3D('',#7890,#7891,#7892);
#7894=CIRCLE('',#7893,1.35);
#7895=EDGE_CURVE('',#7881,#7889,#7894,.T.);
#7896=ORIENTED_EDGE('',*,*,#7895,.T.);
#7897=CARTESIAN_POINT('',(206.303725947,-97.532496092,-5.335000015));
#7898=VERTEX_POINT('',#7897);
#7899=CARTESIAN_POINT('',(206.303725947,-97.532496092,-6.045000015));
#7900=DIRECTION('',(0.,0.,1.));
#7901=VECTOR('',#7900,0.71);
#7902=LINE('',#7899,#7901);
#7903=EDGE_CURVE('',#7889,#7898,#7902,.T.);
#7904=ORIENTED_EDGE('',*,*,#7903,.T.);
#7905=CARTESIAN_POINT('',(204.953725947,-97.532496092,-3.985000015));
#7906=VERTEX_POINT('',#7905);
#7907=CARTESIAN_POINT('',(204.953725947,-97.532496092,-5.335000015));
#7908=DIRECTION('',(-0.,-1.,-0.));
#7909=DIRECTION('',(0.,-0.,1.));
#7910=AXIS2_PLACEMENT_3D('',#7907,#7908,#7909);
#7911=CIRCLE('',#7910,1.35);
#7912=EDGE_CURVE('',#7898,#7906,#7911,.T.);
#7913=ORIENTED_EDGE('',*,*,#7912,.T.);
#7914=CARTESIAN_POINT('',(204.953725947,-97.532496092,-3.985000015));
#7915=DIRECTION('',(-1.,0.,0.));
#7916=VECTOR('',#7915,6.44);
#7917=LINE('',#7914,#7916);
#7918=EDGE_CURVE('',#7906,#7853,#7917,.T.);
#7919=ORIENTED_EDGE('',*,*,#7918,.T.);
#7920=EDGE_LOOP('',(#7862,#7870,#7879,#7887,#7896,#7904,#7913,#7919));
#7921=FACE_BOUND('',#7920,.T.);
#7922=CARTESIAN_POINT('',(172.481488634,-97.532496092,-8.));
#7923=VERTEX_POINT('',#7922);
#7924=CARTESIAN_POINT('',(172.481488634,-97.532496092,-0.5));
#7925=VERTEX_POINT('',#7924);
#7926=CARTESIAN_POINT('',(172.481488634,-97.532496092,-8.));
#7927=DIRECTION('',(0.,0.,1.));
#7928=VECTOR('',#7927,7.5);
#7929=LINE('',#7926,#7928);
#7930=EDGE_CURVE('',#7923,#7925,#7929,.T.);
#7931=ORIENTED_EDGE('',*,*,#7930,.T.);
#7932=CARTESIAN_POINT('',(172.481488634,-97.532496092,-0.5));
#7933=DIRECTION('',(1.,-0.,-0.));
#7934=VECTOR('',#7933,36.007738437);
#7935=LINE('',#7932,#7934);
#7936=EDGE_CURVE('',#7925,#7752,#7935,.T.);
#7937=ORIENTED_EDGE('',*,*,#7936,.T.);
#7938=ORIENTED_EDGE('',*,*,#7757,.F.);
#7939=CARTESIAN_POINT('',(208.489227071,-97.532496092,-8.));
#7940=DIRECTION('',(-1.,0.,0.));
#7941=VECTOR('',#7940,36.007738437);
#7942=LINE('',#7939,#7941);
#7943=EDGE_CURVE('',#7750,#7923,#7942,.T.);
#7944=ORIENTED_EDGE('',*,*,#7943,.T.);
#7945=EDGE_LOOP('',(#7931,#7937,#7938,#7944));
#7946=FACE_BOUND('',#7945,.T.);
#7947=ADVANCED_FACE('',(#7851,#7921,#7946),#7781,.T.);
#7948=CARTESIAN_POINT('',(172.481488634,-95.032496092,-8.));
#7949=DIRECTION('',(0.,0.,1.));
#7950=DIRECTION('',(1.,0.,-0.));
#7951=AXIS2_PLACEMENT_3D('',#7948,#7949,#7950);
#7952=CYLINDRICAL_SURFACE('',#7951,2.5);
#7953=CARTESIAN_POINT('',(170.336266018,-96.316248377,-8.));
#7954=VERTEX_POINT('',#7953);
#7955=CARTESIAN_POINT('',(170.336266018,-96.316248377,-0.5));
#7956=VERTEX_POINT('',#7955);
#7957=CARTESIAN_POINT('',(170.336266018,-96.316248377,-8.));
#7958=DIRECTION('',(0.,0.,1.));
#7959=VECTOR('',#7958,7.5);
#7960=LINE('',#7957,#7959);
#7961=EDGE_CURVE('',#7954,#7956,#7960,.T.);
#7962=ORIENTED_EDGE('',*,*,#7961,.T.);
#7963=CARTESIAN_POINT('',(172.481488634,-95.032496092,-0.5));
#7964=DIRECTION('',(0.,0.,1.));
#7965=DIRECTION('',(1.,0.,-0.));
#7966=AXIS2_PLACEMENT_3D('',#7963,#7964,#7965);
#7967=CIRCLE('',#7966,2.5);
#7968=EDGE_CURVE('',#7956,#7925,#7967,.T.);
#7969=ORIENTED_EDGE('',*,*,#7968,.T.);
#7970=ORIENTED_EDGE('',*,*,#7930,.F.);
#7971=CARTESIAN_POINT('',(172.481488634,-95.032496092,-8.));
#7972=DIRECTION('',(0.,0.,1.));
#7973=DIRECTION('',(-0.858089046,-0.513500914,0.));
#7974=AXIS2_PLACEMENT_3D('',#7971,#7972,#7973);
#7975=CIRCLE('',#7974,2.5);
#7976=EDGE_CURVE('',#7954,#7923,#7975,.T.);
#7977=ORIENTED_EDGE('',*,*,#7976,.F.);
#7978=EDGE_LOOP('',(#7962,#7969,#7970,#7977));
#7979=FACE_BOUND('',#7978,.T.);
#7980=ADVANCED_FACE('',(#7979),#7952,.F.);
#7981=CARTESIAN_POINT('',(170.264276084,-96.195949127,-8.));
#7982=DIRECTION('',(0.858089046,0.513500914,0.));
#7983=DIRECTION('',(-0.513500914,0.858089046,0.));
#7984=AXIS2_PLACEMENT_3D('',#7981,#7982,#7983);
#7985=PLANE('',#7984);
#7986=CARTESIAN_POINT('',(170.192286149,-96.075649878,-8.));
#7987=VERTEX_POINT('',#7986);
#7988=CARTESIAN_POINT('',(170.192286149,-96.075649878,-0.5));
#7989=VERTEX_POINT('',#7988);
#7990=CARTESIAN_POINT('',(170.192286149,-96.075649878,-8.));
#7991=DIRECTION('',(0.,0.,1.));
#7992=VECTOR('',#7991,7.5);
#7993=LINE('',#7990,#7992);
#7994=EDGE_CURVE('',#7987,#7989,#7993,.T.);
#7995=ORIENTED_EDGE('',*,*,#7994,.T.);
#7996=CARTESIAN_POINT('',(170.192286149,-96.075649878,-0.5));
#7997=DIRECTION('',(0.513500914,-0.858089046,-0.));
#7998=VECTOR('',#7997,0.280388731);
#7999=LINE('',#7996,#7998);
#8000=EDGE_CURVE('',#7989,#7956,#7999,.T.);
#8001=ORIENTED_EDGE('',*,*,#8000,.T.);
#8002=ORIENTED_EDGE('',*,*,#7961,.F.);
#8003=CARTESIAN_POINT('',(170.336266018,-96.316248377,-8.));
#8004=DIRECTION('',(-0.513500914,0.858089046,0.));
#8005=VECTOR('',#8004,0.280388731);
#8006=LINE('',#8003,#8005);
#8007=EDGE_CURVE('',#7954,#7987,#8006,.T.);
#8008=ORIENTED_EDGE('',*,*,#8007,.T.);
#8009=EDGE_LOOP('',(#7995,#8001,#8002,#8008));
#8010=FACE_BOUND('',#8009,.T.);
#8011=ADVANCED_FACE('',(#8010),#7985,.T.);
#8012=CARTESIAN_POINT('',(164.398273444,-99.500377822,-8.));
#8013=DIRECTION('',(0.,0.,1.));
#8014=DIRECTION('',(1.,0.,-0.));
#8015=AXIS2_PLACEMENT_3D('',#8012,#8013,#8014);
#8016=CYLINDRICAL_SURFACE('',#8015,6.730478788);
#8017=CARTESIAN_POINT('',(164.361757669,-92.769998092,-8.));
#8018=VERTEX_POINT('',#8017);
#8019=CARTESIAN_POINT('',(164.361757669,-92.769998092,-0.5));
#8020=VERTEX_POINT('',#8019);
#8021=CARTESIAN_POINT('',(164.361757669,-92.769998092,-8.));
#8022=DIRECTION('',(0.,0.,1.));
#8023=VECTOR('',#8022,7.5);
#8024=LINE('',#8021,#8023);
#8025=EDGE_CURVE('',#8018,#8020,#8024,.T.);
#8026=ORIENTED_EDGE('',*,*,#8025,.T.);
#8027=CARTESIAN_POINT('',(164.398273444,-99.500377822,-0.5));
#8028=DIRECTION('',(-0.,-0.,-1.));
#8029=DIRECTION('',(1.,0.,-0.));
#8030=AXIS2_PLACEMENT_3D('',#8027,#8028,#8029);
#8031=CIRCLE('',#8030,6.730478788);
#8032=EDGE_CURVE('',#8020,#7989,#8031,.T.);
#8033=ORIENTED_EDGE('',*,*,#8032,.T.);
#8034=ORIENTED_EDGE('',*,*,#7994,.F.);
#8035=CARTESIAN_POINT('',(164.398273444,-99.500377822,-8.));
#8036=DIRECTION('',(0.,-0.,1.));
#8037=DIRECTION('',(0.860861892,0.50883868,0.));
#8038=AXIS2_PLACEMENT_3D('',#8035,#8036,#8037);
#8039=CIRCLE('',#8038,6.730478788);
#8040=EDGE_CURVE('',#7987,#8018,#8039,.T.);
#8041=ORIENTED_EDGE('',*,*,#8040,.T.);
#8042=EDGE_LOOP('',(#8026,#8033,#8034,#8041));
#8043=FACE_BOUND('',#8042,.T.);
#8044=ADVANCED_FACE('',(#8043),#8016,.T.);
#8045=CARTESIAN_POINT('',(158.453987942,-92.769998092,-8.));
#8046=DIRECTION('',(0.,1.,0.));
#8047=DIRECTION('',(0.,0.,1.));
#8048=AXIS2_PLACEMENT_3D('',#8045,#8046,#8047);
#8049=PLANE('',#8048);
#8050=CARTESIAN_POINT('',(152.546218214,-92.769998092,-8.));
#8051=VERTEX_POINT('',#8050);
#8052=CARTESIAN_POINT('',(152.546218214,-92.769998092,-0.5));
#8053=VERTEX_POINT('',#8052);
#8054=CARTESIAN_POINT('',(152.546218214,-92.769998092,-8.));
#8055=DIRECTION('',(0.,0.,1.));
#8056=VECTOR('',#8055,7.5);
#8057=LINE('',#8054,#8056);
#8058=EDGE_CURVE('',#8051,#8053,#8057,.T.);
#8059=ORIENTED_EDGE('',*,*,#8058,.T.);
#8060=CARTESIAN_POINT('',(152.546218214,-92.769998092,-0.5));
#8061=DIRECTION('',(1.,-0.,-0.));
#8062=VECTOR('',#8061,11.815539455);
#8063=LINE('',#8060,#8062);
#8064=EDGE_CURVE('',#8053,#8020,#8063,.T.);
#8065=ORIENTED_EDGE('',*,*,#8064,.T.);
#8066=ORIENTED_EDGE('',*,*,#8025,.F.);
#8067=CARTESIAN_POINT('',(164.361757669,-92.769998092,-8.));
#8068=DIRECTION('',(-1.,0.,0.));
#8069=VECTOR('',#8068,11.815539455);
#8070=LINE('',#8067,#8069);
#8071=EDGE_CURVE('',#8018,#8051,#8070,.T.);
#8072=ORIENTED_EDGE('',*,*,#8071,.T.);
#8073=EDGE_LOOP('',(#8059,#8065,#8066,#8072));
#8074=FACE_BOUND('',#8073,.T.);
#8075=ADVANCED_FACE('',(#8074),#8049,.T.);
#8076=CARTESIAN_POINT('',(152.546218214,-90.269998092,-8.));
#8077=DIRECTION('',(0.,0.,1.));
#8078=DIRECTION('',(1.,0.,-0.));
#8079=AXIS2_PLACEMENT_3D('',#8076,#8077,#8078);
#8080=CYLINDRICAL_SURFACE('',#8079,2.5);
#8081=CARTESIAN_POINT('',(150.757450575,-92.016511857,-8.));
#8082=VERTEX_POINT('',#8081);
#8083=CARTESIAN_POINT('',(150.757450575,-92.016511857,-0.5));
#8084=VERTEX_POINT('',#8083);
#8085=CARTESIAN_POINT('',(150.757450575,-92.016511857,-8.));
#8086=DIRECTION('',(0.,0.,1.));
#8087=VECTOR('',#8086,7.5);
#8088=LINE('',#8085,#8087);
#8089=EDGE_CURVE('',#8082,#8084,#8088,.T.);
#8090=ORIENTED_EDGE('',*,*,#8089,.T.);
#8091=CARTESIAN_POINT('',(152.546218214,-90.269998092,-0.5));
#8092=DIRECTION('',(0.,0.,1.));
#8093=DIRECTION('',(1.,0.,-0.));
#8094=AXIS2_PLACEMENT_3D('',#8091,#8092,#8093);
#8095=CIRCLE('',#8094,2.5);
#8096=EDGE_CURVE('',#8084,#8053,#8095,.T.);
#8097=ORIENTED_EDGE('',*,*,#8096,.T.);
#8098=ORIENTED_EDGE('',*,*,#8058,.F.);
#8099=CARTESIAN_POINT('',(152.546218214,-90.269998092,-8.));
#8100=DIRECTION('',(0.,0.,1.));
#8101=DIRECTION('',(-0.715507056,-0.698605506,0.));
#8102=AXIS2_PLACEMENT_3D('',#8099,#8100,#8101);
#8103=CIRCLE('',#8102,2.5);
#8104=EDGE_CURVE('',#8082,#8051,#8103,.T.);
#8105=ORIENTED_EDGE('',*,*,#8104,.F.);
#8106=EDGE_LOOP('',(#8090,#8097,#8098,#8105));
#8107=FACE_BOUND('',#8106,.T.);
#8108=ADVANCED_FACE('',(#8107),#8080,.F.);
#8109=CARTESIAN_POINT('',(149.789198326,-91.024834423,-8.));
#8110=DIRECTION('',(0.715507056,0.698605506,0.));
#8111=DIRECTION('',(-0.698605506,0.715507056,0.));
#8112=AXIS2_PLACEMENT_3D('',#8109,#8110,#8111);
#8113=PLANE('',#8112);
#8114=CARTESIAN_POINT('',(148.820946077,-90.033156988,-8.));
#8115=VERTEX_POINT('',#8114);
#8116=CARTESIAN_POINT('',(148.820946077,-90.033156988,-0.5));
#8117=VERTEX_POINT('',#8116);
#8118=CARTESIAN_POINT('',(148.820946077,-90.033156988,-8.));
#8119=DIRECTION('',(0.,0.,1.));
#8120=VECTOR('',#8119,7.5);
#8121=LINE('',#8118,#8120);
#8122=EDGE_CURVE('',#8115,#8117,#8121,.T.);
#8123=ORIENTED_EDGE('',*,*,#8122,.T.);
#8124=CARTESIAN_POINT('',(148.820946077,-90.033156988,-0.5));
#8125=DIRECTION('',(0.698605506,-0.715507056,-0.));
#8126=VECTOR('',#8125,2.771957107);
#8127=LINE('',#8124,#8126);
#8128=EDGE_CURVE('',#8117,#8084,#8127,.T.);
#8129=ORIENTED_EDGE('',*,*,#8128,.T.);
#8130=ORIENTED_EDGE('',*,*,#8089,.F.);
#8131=CARTESIAN_POINT('',(150.757450575,-92.016511857,-8.));
#8132=DIRECTION('',(-0.698605506,0.715507056,0.));
#8133=VECTOR('',#8132,2.771957107);
#8134=LINE('',#8131,#8133);
#8135=EDGE_CURVE('',#8082,#8115,#8134,.T.);
#8136=ORIENTED_EDGE('',*,*,#8135,.T.);
#8137=EDGE_LOOP('',(#8123,#8129,#8130,#8136));
#8138=FACE_BOUND('',#8137,.T.);
#8139=ADVANCED_FACE('',(#8138),#8113,.T.);
#8140=CARTESIAN_POINT('',(143.973809357,-94.763545963,-8.));
#8141=DIRECTION('',(0.,0.,1.));
#8142=DIRECTION('',(1.,0.,-0.));
#8143=AXIS2_PLACEMENT_3D('',#8140,#8141,#8142);
#8144=CYLINDRICAL_SURFACE('',#8143,6.772836498);
#8145=CARTESIAN_POINT('',(144.057429706,-87.991225691,-8.));
#8146=VERTEX_POINT('',#8145);
#8147=CARTESIAN_POINT('',(144.057429706,-87.991225691,-0.5));
#8148=VERTEX_POINT('',#8147);
#8149=CARTESIAN_POINT('',(144.057429706,-87.991225691,-8.));
#8150=DIRECTION('',(0.,0.,1.));
#8151=VECTOR('',#8150,7.5);
#8152=LINE('',#8149,#8151);
#8153=EDGE_CURVE('',#8146,#8148,#8152,.T.);
#8154=ORIENTED_EDGE('',*,*,#8153,.T.);
#8155=CARTESIAN_POINT('',(143.973809357,-94.763545963,-0.5));
#8156=DIRECTION('',(-0.,-0.,-1.));
#8157=DIRECTION('',(1.,0.,-0.));
#8158=AXIS2_PLACEMENT_3D('',#8155,#8156,#8157);
#8159=CIRCLE('',#8158,6.772836498);
#8160=EDGE_CURVE('',#8148,#8117,#8159,.T.);
#8161=ORIENTED_EDGE('',*,*,#8160,.T.);
#8162=ORIENTED_EDGE('',*,*,#8122,.F.);
#8163=CARTESIAN_POINT('',(143.973809357,-94.763545963,-8.));
#8164=DIRECTION('',(0.,-0.,1.));
#8165=DIRECTION('',(0.715673075,0.69843543,0.));
#8166=AXIS2_PLACEMENT_3D('',#8163,#8164,#8165);
#8167=CIRCLE('',#8166,6.772836498);
#8168=EDGE_CURVE('',#8115,#8146,#8167,.T.);
#8169=ORIENTED_EDGE('',*,*,#8168,.T.);
#8170=EDGE_LOOP('',(#8154,#8161,#8162,#8169));
#8171=FACE_BOUND('',#8170,.T.);
#8172=ADVANCED_FACE('',(#8171),#8144,.T.);
#8173=CARTESIAN_POINT('',(138.207477071,-87.91810179,-8.));
#8174=DIRECTION('',(0.012498937,0.999921885,0.));
#8175=DIRECTION('',(-0.999921885,0.012498937,0.));
#8176=AXIS2_PLACEMENT_3D('',#8173,#8174,#8175);
#8177=PLANE('',#8176);
#8178=CARTESIAN_POINT('',(132.357524436,-87.84497789,-8.));
#8179=VERTEX_POINT('',#8178);
#8180=CARTESIAN_POINT('',(132.357524436,-87.84497789,-0.5));
#8181=VERTEX_POINT('',#8180);
#8182=CARTESIAN_POINT('',(132.357524436,-87.84497789,-8.));
#8183=DIRECTION('',(0.,0.,1.));
#8184=VECTOR('',#8183,7.5);
#8185=LINE('',#8182,#8184);
#8186=EDGE_CURVE('',#8179,#8181,#8185,.T.);
#8187=ORIENTED_EDGE('',*,*,#8186,.T.);
#8188=CARTESIAN_POINT('',(132.357524436,-87.84497789,-0.5));
#8189=DIRECTION('',(0.999921885,-0.012498937,-0.));
#8190=VECTOR('',#8189,11.700819277);
#8191=LINE('',#8188,#8190);
#8192=EDGE_CURVE('',#8181,#8148,#8191,.T.);
#8193=ORIENTED_EDGE('',*,*,#8192,.T.);
#8194=ORIENTED_EDGE('',*,*,#8153,.F.);
#8195=CARTESIAN_POINT('',(144.057429706,-87.991225691,-8.));
#8196=DIRECTION('',(-0.999921885,0.012498937,0.));
#8197=VECTOR('',#8196,11.700819277);
#8198=LINE('',#8195,#8197);
#8199=EDGE_CURVE('',#8146,#8179,#8198,.T.);
#8200=ORIENTED_EDGE('',*,*,#8199,.T.);
#8201=EDGE_LOOP('',(#8187,#8193,#8194,#8200));
#8202=FACE_BOUND('',#8201,.T.);
#8203=ADVANCED_FACE('',(#8202),#8177,.T.);
#8204=CARTESIAN_POINT('',(132.375827948,-94.789105372,-8.));
#8205=DIRECTION('',(0.,0.,1.));
#8206=DIRECTION('',(1.,0.,-0.));
#8207=AXIS2_PLACEMENT_3D('',#8204,#8205,#8206);
#8208=CYLINDRICAL_SURFACE('',#8207,6.944151605);
#8209=CARTESIAN_POINT('',(127.390790759,-89.954785799,-8.));
#8210=VERTEX_POINT('',#8209);
#8211=CARTESIAN_POINT('',(127.390790759,-89.954785799,-0.5));
#8212=VERTEX_POINT('',#8211);
#8213=CARTESIAN_POINT('',(127.390790759,-89.954785799,-8.));
#8214=DIRECTION('',(0.,0.,1.));
#8215=VECTOR('',#8214,7.5);
#8216=LINE('',#8213,#8215);
#8217=EDGE_CURVE('',#8210,#8212,#8216,.T.);
#8218=ORIENTED_EDGE('',*,*,#8217,.T.);
#8219=CARTESIAN_POINT('',(132.375827948,-94.789105372,-0.5));
#8220=DIRECTION('',(-0.,-0.,-1.));
#8221=DIRECTION('',(1.,0.,-0.));
#8222=AXIS2_PLACEMENT_3D('',#8219,#8220,#8221);
#8223=CIRCLE('',#8222,6.944151605);
#8224=EDGE_CURVE('',#8212,#8181,#8223,.T.);
#8225=ORIENTED_EDGE('',*,*,#8224,.T.);
#8226=ORIENTED_EDGE('',*,*,#8186,.F.);
#8227=CARTESIAN_POINT('',(132.375827948,-94.789105372,-8.));
#8228=DIRECTION('',(0.,0.,1.));
#8229=DIRECTION('',(-0.002635817,0.999996526,0.));
#8230=AXIS2_PLACEMENT_3D('',#8227,#8228,#8229);
#8231=CIRCLE('',#8230,6.944151605);
#8232=EDGE_CURVE('',#8179,#8210,#8231,.T.);
#8233=ORIENTED_EDGE('',*,*,#8232,.T.);
#8234=EDGE_LOOP('',(#8218,#8225,#8226,#8233));
#8235=FACE_BOUND('',#8234,.T.);
#8236=ADVANCED_FACE('',(#8235),#8208,.T.);
#8237=CARTESIAN_POINT('',(126.436666159,-90.968927895,-8.));
#8238=DIRECTION('',(-0.728329759,0.685226796,0.));
#8239=DIRECTION('',(-0.685226796,-0.728329759,0.));
#8240=AXIS2_PLACEMENT_3D('',#8237,#8238,#8239);
#8241=PLANE('',#8240);
#8242=CARTESIAN_POINT('',(125.482541559,-91.983069991,-8.));
#8243=VERTEX_POINT('',#8242);
#8244=CARTESIAN_POINT('',(125.482541559,-91.983069991,-0.5));
#8245=VERTEX_POINT('',#8244);
#8246=CARTESIAN_POINT('',(125.482541559,-91.983069991,-8.));
#8247=DIRECTION('',(0.,0.,1.));
#8248=VECTOR('',#8247,7.5);
#8249=LINE('',#8246,#8248);
#8250=EDGE_CURVE('',#8243,#8245,#8249,.T.);
#8251=ORIENTED_EDGE('',*,*,#8250,.T.);
#8252=CARTESIAN_POINT('',(125.482541559,-91.983069991,-0.5));
#8253=DIRECTION('',(0.685226796,0.728329759,-0.));
#8254=VECTOR('',#8253,2.784843222);
#8255=LINE('',#8252,#8254);
#8256=EDGE_CURVE('',#8245,#8212,#8255,.T.);
#8257=ORIENTED_EDGE('',*,*,#8256,.T.);
#8258=ORIENTED_EDGE('',*,*,#8217,.F.);
#8259=CARTESIAN_POINT('',(127.390790759,-89.954785799,-8.));
#8260=DIRECTION('',(-0.685226796,-0.728329759,0.));
#8261=VECTOR('',#8260,2.784843222);
#8262=LINE('',#8259,#8261);
#8263=EDGE_CURVE('',#8210,#8243,#8262,.T.);
#8264=ORIENTED_EDGE('',*,*,#8263,.T.);
#8265=EDGE_LOOP('',(#8251,#8257,#8258,#8264));
#8266=FACE_BOUND('',#8265,.T.);
#8267=ADVANCED_FACE('',(#8266),#8241,.T.);
#8268=CARTESIAN_POINT('',(123.661717163,-90.270003,-8.));
#8269=DIRECTION('',(0.,0.,1.));
#8270=DIRECTION('',(1.,0.,-0.));
#8271=AXIS2_PLACEMENT_3D('',#8268,#8269,#8270);
#8272=CYLINDRICAL_SURFACE('',#8271,2.5);
#8273=CARTESIAN_POINT('',(123.661717163,-92.770003,-8.));
#8274=VERTEX_POINT('',#8273);
#8275=CARTESIAN_POINT('',(123.661717163,-92.770003,-0.5));
#8276=VERTEX_POINT('',#8275);
#8277=CARTESIAN_POINT('',(123.661717163,-92.770003,-8.));
#8278=DIRECTION('',(0.,0.,1.));
#8279=VECTOR('',#8278,7.5);
#8280=LINE('',#8277,#8279);
#8281=EDGE_CURVE('',#8274,#8276,#8280,.T.);
#8282=ORIENTED_EDGE('',*,*,#8281,.T.);
#8283=CARTESIAN_POINT('',(123.661717163,-90.270003,-0.5));
#8284=DIRECTION('',(0.,0.,1.));
#8285=DIRECTION('',(1.,0.,-0.));
#8286=AXIS2_PLACEMENT_3D('',#8283,#8284,#8285);
#8287=CIRCLE('',#8286,2.5);
#8288=EDGE_CURVE('',#8276,#8245,#8287,.T.);
#8289=ORIENTED_EDGE('',*,*,#8288,.T.);
#8290=ORIENTED_EDGE('',*,*,#8250,.F.);
#8291=CARTESIAN_POINT('',(123.661717163,-90.270003,-8.));
#8292=DIRECTION('',(0.,0.,1.));
#8293=DIRECTION('',(-0.,-1.,0.));
#8294=AXIS2_PLACEMENT_3D('',#8291,#8292,#8293);
#8295=CIRCLE('',#8294,2.5);
#8296=EDGE_CURVE('',#8274,#8243,#8295,.T.);
#8297=ORIENTED_EDGE('',*,*,#8296,.F.);
#8298=EDGE_LOOP('',(#8282,#8289,#8290,#8297));
#8299=FACE_BOUND('',#8298,.T.);
#8300=ADVANCED_FACE('',(#8299),#8272,.F.);
#8301=CARTESIAN_POINT('',(117.787217039,-92.770003,-8.));
#8302=DIRECTION('',(0.,1.,0.));
#8303=DIRECTION('',(0.,0.,1.));
#8304=AXIS2_PLACEMENT_3D('',#8301,#8302,#8303);
#8305=PLANE('',#8304);
#8306=CARTESIAN_POINT('',(111.912716915,-92.770003,-8.));
#8307=VERTEX_POINT('',#8306);
#8308=CARTESIAN_POINT('',(111.912716915,-92.770003,-0.5));
#8309=VERTEX_POINT('',#8308);
#8310=CARTESIAN_POINT('',(111.912716915,-92.770003,-8.));
#8311=DIRECTION('',(0.,0.,1.));
#8312=VECTOR('',#8311,7.5);
#8313=LINE('',#8310,#8312);
#8314=EDGE_CURVE('',#8307,#8309,#8313,.T.);
#8315=ORIENTED_EDGE('',*,*,#8314,.T.);
#8316=CARTESIAN_POINT('',(111.912716915,-92.770003,-0.5));
#8317=DIRECTION('',(1.,-0.,-0.));
#8318=VECTOR('',#8317,11.749000248);
#8319=LINE('',#8316,#8318);
#8320=EDGE_CURVE('',#8309,#8276,#8319,.T.);
#8321=ORIENTED_EDGE('',*,*,#8320,.T.);
#8322=ORIENTED_EDGE('',*,*,#8281,.F.);
#8323=CARTESIAN_POINT('',(123.661717163,-92.770003,-8.));
#8324=DIRECTION('',(-1.,0.,0.));
#8325=VECTOR('',#8324,11.749000248);
#8326=LINE('',#8323,#8325);
#8327=EDGE_CURVE('',#8274,#8307,#8326,.T.);
#8328=ORIENTED_EDGE('',*,*,#8327,.T.);
#8329=EDGE_LOOP('',(#8315,#8321,#8322,#8328));
#8330=FACE_BOUND('',#8329,.T.);
#8331=ADVANCED_FACE('',(#8330),#8305,.T.);
#8332=CARTESIAN_POINT('',(111.87620114,-99.500382731,-8.));
#8333=DIRECTION('',(0.,0.,1.));
#8334=DIRECTION('',(1.,0.,-0.));
#8335=AXIS2_PLACEMENT_3D('',#8332,#8333,#8334);
#8336=CYLINDRICAL_SURFACE('',#8335,6.730478788);
#8337=CARTESIAN_POINT('',(106.082189563,-96.075652878,-8.));
#8338=VERTEX_POINT('',#8337);
#8339=CARTESIAN_POINT('',(106.082189563,-96.075652878,-0.5));
#8340=VERTEX_POINT('',#8339);
#8341=CARTESIAN_POINT('',(106.082189563,-96.075652878,-8.));
#8342=DIRECTION('',(0.,0.,1.));
#8343=VECTOR('',#8342,7.5);
#8344=LINE('',#8341,#8343);
#8345=EDGE_CURVE('',#8338,#8340,#8344,.T.);
#8346=ORIENTED_EDGE('',*,*,#8345,.T.);
#8347=CARTESIAN_POINT('',(111.87620114,-99.500382731,-0.5));
#8348=DIRECTION('',(-0.,-0.,-1.));
#8349=DIRECTION('',(1.,0.,-0.));
#8350=AXIS2_PLACEMENT_3D('',#8347,#8348,#8349);
#8351=CIRCLE('',#8350,6.730478788);
#8352=EDGE_CURVE('',#8340,#8309,#8351,.T.);
#8353=ORIENTED_EDGE('',*,*,#8352,.T.);
#8354=ORIENTED_EDGE('',*,*,#8314,.F.);
#8355=CARTESIAN_POINT('',(111.87620114,-99.500382731,-8.));
#8356=DIRECTION('',(0.,-0.,1.));
#8357=DIRECTION('',(0.005425435,0.999985282,0.));
#8358=AXIS2_PLACEMENT_3D('',#8355,#8356,#8357);
#8359=CIRCLE('',#8358,6.730478788);
#8360=EDGE_CURVE('',#8307,#8338,#8359,.T.);
#8361=ORIENTED_EDGE('',*,*,#8360,.T.);
#8362=EDGE_LOOP('',(#8346,#8353,#8354,#8361));
#8363=FACE_BOUND('',#8362,.T.);
#8364=ADVANCED_FACE('',(#8363),#8336,.T.);
#8365=CARTESIAN_POINT('',(106.052522144,-96.12522869,-8.));
#8366=DIRECTION('',(-0.858088496,0.513501834,0.));
#8367=DIRECTION('',(-0.513501834,-0.858088496,0.));
#8368=AXIS2_PLACEMENT_3D('',#8365,#8366,#8367);
#8369=PLANE('',#8368);
#8370=CARTESIAN_POINT('',(106.022854726,-96.174804503,-8.));
#8371=VERTEX_POINT('',#8370);
#8372=CARTESIAN_POINT('',(106.022854726,-96.174804503,-0.5));
#8373=VERTEX_POINT('',#8372);
#8374=CARTESIAN_POINT('',(106.022854726,-96.174804503,-8.));
#8375=DIRECTION('',(0.,0.,1.));
#8376=VECTOR('',#8375,7.5);
#8377=LINE('',#8374,#8376);
#8378=EDGE_CURVE('',#8371,#8373,#8377,.T.);
#8379=ORIENTED_EDGE('',*,*,#8378,.T.);
#8380=CARTESIAN_POINT('',(106.022854726,-96.174804503,-0.5));
#8381=DIRECTION('',(0.513501834,0.858088496,-0.));
#8382=VECTOR('',#8381,0.115549416);
#8383=LINE('',#8380,#8382);
#8384=EDGE_CURVE('',#8373,#8340,#8383,.T.);
#8385=ORIENTED_EDGE('',*,*,#8384,.T.);
#8386=ORIENTED_EDGE('',*,*,#8345,.F.);
#8387=CARTESIAN_POINT('',(106.082189563,-96.075652878,-8.));
#8388=DIRECTION('',(-0.513501834,-0.858088496,0.));
#8389=VECTOR('',#8388,0.115549416);
#8390=LINE('',#8387,#8389);
#8391=EDGE_CURVE('',#8338,#8371,#8390,.T.);
#8392=ORIENTED_EDGE('',*,*,#8391,.T.);
#8393=EDGE_LOOP('',(#8379,#8385,#8386,#8392));
#8394=FACE_BOUND('',#8393,.T.);
#8395=ADVANCED_FACE('',(#8394),#8369,.T.);
#8396=CARTESIAN_POINT('',(103.799086529,-95.032502,-8.));
#8397=DIRECTION('',(0.,0.,1.));
#8398=DIRECTION('',(1.,0.,-0.));
#8399=AXIS2_PLACEMENT_3D('',#8396,#8397,#8398);
#8400=CYLINDRICAL_SURFACE('',#8399,2.5);
#8401=CARTESIAN_POINT('',(103.799086529,-97.532502,-8.));
#8402=VERTEX_POINT('',#8401);
#8403=CARTESIAN_POINT('',(103.799086529,-97.532502,-0.5));
#8404=VERTEX_POINT('',#8403);
#8405=CARTESIAN_POINT('',(103.799086529,-97.532502,-8.));
#8406=DIRECTION('',(0.,0.,1.));
#8407=VECTOR('',#8406,7.5);
#8408=LINE('',#8405,#8407);
#8409=EDGE_CURVE('',#8402,#8404,#8408,.T.);
#8410=ORIENTED_EDGE('',*,*,#8409,.T.);
#8411=CARTESIAN_POINT('',(103.799086529,-95.032502,-0.5));
#8412=DIRECTION('',(0.,0.,1.));
#8413=DIRECTION('',(1.,0.,-0.));
#8414=AXIS2_PLACEMENT_3D('',#8411,#8412,#8413);
#8415=CIRCLE('',#8414,2.5);
#8416=EDGE_CURVE('',#8404,#8373,#8415,.T.);
#8417=ORIENTED_EDGE('',*,*,#8416,.T.);
#8418=ORIENTED_EDGE('',*,*,#8378,.F.);
#8419=CARTESIAN_POINT('',(103.799086529,-95.032502,-8.));
#8420=DIRECTION('',(0.,0.,1.));
#8421=DIRECTION('',(0.823075583,-0.567931849,0.));
#8422=AXIS2_PLACEMENT_3D('',#8419,#8420,#8421);
#8423=CIRCLE('',#8422,2.5);
#8424=EDGE_CURVE('',#8402,#8371,#8423,.T.);
#8425=ORIENTED_EDGE('',*,*,#8424,.F.);
#8426=EDGE_LOOP('',(#8410,#8417,#8418,#8425));
#8427=FACE_BOUND('',#8426,.T.);
#8428=ADVANCED_FACE('',(#8427),#8400,.F.);
#8429=CARTESIAN_POINT('',(97.422870997,-97.532502,-8.));
#8430=DIRECTION('',(0.,1.,0.));
#8431=DIRECTION('',(0.,0.,1.));
#8432=AXIS2_PLACEMENT_3D('',#8429,#8430,#8431);
#8433=PLANE('',#8432);
#8434=CARTESIAN_POINT('',(91.046655466,-97.532502,-8.));
#8435=VERTEX_POINT('',#8434);
#8436=CARTESIAN_POINT('',(91.046655466,-97.532502,-0.5));
#8437=VERTEX_POINT('',#8436);
#8438=CARTESIAN_POINT('',(91.046655466,-97.532502,-8.));
#8439=DIRECTION('',(0.,0.,1.));
#8440=VECTOR('',#8439,7.5);
#8441=LINE('',#8438,#8440);
#8442=EDGE_CURVE('',#8435,#8437,#8441,.T.);
#8443=ORIENTED_EDGE('',*,*,#8442,.T.);
#8444=CARTESIAN_POINT('',(91.046655466,-97.532502,-0.5));
#8445=DIRECTION('',(1.,-0.,-0.));
#8446=VECTOR('',#8445,12.752431063);
#8447=LINE('',#8444,#8446);
#8448=EDGE_CURVE('',#8437,#8404,#8447,.T.);
#8449=ORIENTED_EDGE('',*,*,#8448,.T.);
#8450=ORIENTED_EDGE('',*,*,#8409,.F.);
#8451=CARTESIAN_POINT('',(103.799086529,-97.532502,-8.));
#8452=DIRECTION('',(-1.,0.,0.));
#8453=VECTOR('',#8452,12.752431063);
#8454=LINE('',#8451,#8453);
#8455=EDGE_CURVE('',#8402,#8435,#8454,.T.);
#8456=ORIENTED_EDGE('',*,*,#8455,.T.);
#8457=EDGE_LOOP('',(#8443,#8449,#8450,#8456));
#8458=FACE_BOUND('',#8457,.T.);
#8459=ADVANCED_FACE('',(#8458),#8433,.T.);
#8460=CARTESIAN_POINT('',(89.705731824,-97.525444505,-8.));
#8461=DIRECTION('',(0.005263087,0.99998615,0.));
#8462=DIRECTION('',(-0.99998615,0.005263087,0.));
#8463=AXIS2_PLACEMENT_3D('',#8460,#8461,#8462);
#8464=PLANE('',#8463);
#8465=CARTESIAN_POINT('',(88.364808182,-97.518387009,-8.));
#8466=VERTEX_POINT('',#8465);
#8467=CARTESIAN_POINT('',(88.364808182,-97.518387009,-0.5));
#8468=VERTEX_POINT('',#8467);
#8469=CARTESIAN_POINT('',(88.364808182,-97.518387009,-8.));
#8470=DIRECTION('',(0.,0.,1.));
#8471=VECTOR('',#8470,7.5);
#8472=LINE('',#8469,#8471);
#8473=EDGE_CURVE('',#8466,#8468,#8472,.T.);
#8474=ORIENTED_EDGE('',*,*,#8473,.T.);
#8475=CARTESIAN_POINT('',(88.364808182,-97.518387009,-0.5));
#8476=DIRECTION('',(0.99998615,-0.005263087,-0.));
#8477=VECTOR('',#8476,2.681884428);
#8478=LINE('',#8475,#8477);
#8479=EDGE_CURVE('',#8468,#8437,#8478,.T.);
#8480=ORIENTED_EDGE('',*,*,#8479,.T.);
#8481=ORIENTED_EDGE('',*,*,#8442,.F.);
#8482=CARTESIAN_POINT('',(91.046655466,-97.532502,-8.));
#8483=DIRECTION('',(-0.99998615,0.005263087,0.));
#8484=VECTOR('',#8483,2.681884428);
#8485=LINE('',#8482,#8484);
#8486=EDGE_CURVE('',#8435,#8466,#8485,.T.);
#8487=ORIENTED_EDGE('',*,*,#8486,.T.);
#8488=EDGE_LOOP('',(#8474,#8480,#8481,#8487));
#8489=FACE_BOUND('',#8488,.T.);
#8490=ADVANCED_FACE('',(#8489),#8464,.T.);
#8491=CARTESIAN_POINT('',(88.360220107,-97.517944505,-8.));
#8492=DIRECTION('',(0.096001229,0.995381215,0.));
#8493=DIRECTION('',(-0.995381215,0.096001229,0.));
#8494=AXIS2_PLACEMENT_3D('',#8491,#8492,#8493);
#8495=PLANE('',#8494);
#8496=CARTESIAN_POINT('',(88.355632032,-97.517502,-8.));
#8497=VERTEX_POINT('',#8496);
#8498=CARTESIAN_POINT('',(88.355632032,-97.517502,-0.5));
#8499=VERTEX_POINT('',#8498);
#8500=CARTESIAN_POINT('',(88.355632032,-97.517502,-8.));
#8501=DIRECTION('',(0.,0.,1.));
#8502=VECTOR('',#8501,7.5);
#8503=LINE('',#8500,#8502);
#8504=EDGE_CURVE('',#8497,#8499,#8503,.T.);
#8505=ORIENTED_EDGE('',*,*,#8504,.T.);
#8506=CARTESIAN_POINT('',(88.355632032,-97.517502,-0.5));
#8507=DIRECTION('',(0.995381215,-0.096001229,-0.));
#8508=VECTOR('',#8507,0.009218729);
#8509=LINE('',#8506,#8508);
#8510=EDGE_CURVE('',#8499,#8468,#8509,.T.);
#8511=ORIENTED_EDGE('',*,*,#8510,.T.);
#8512=ORIENTED_EDGE('',*,*,#8473,.F.);
#8513=CARTESIAN_POINT('',(88.364808182,-97.518387009,-8.));
#8514=DIRECTION('',(-0.995381215,0.096001229,0.));
#8515=VECTOR('',#8514,0.009218729);
#8516=LINE('',#8513,#8515);
#8517=EDGE_CURVE('',#8466,#8497,#8516,.T.);
#8518=ORIENTED_EDGE('',*,*,#8517,.T.);
#8519=EDGE_LOOP('',(#8505,#8511,#8512,#8518));
#8520=FACE_BOUND('',#8519,.T.);
#8521=ADVANCED_FACE('',(#8520),#8495,.T.);
#8522=CARTESIAN_POINT('',(80.871436516,-97.517502,-8.));
#8523=DIRECTION('',(0.,1.,0.));
#8524=DIRECTION('',(0.,0.,1.));
#8525=AXIS2_PLACEMENT_3D('',#8522,#8523,#8524);
#8526=PLANE('',#8525);
#8527=CARTESIAN_POINT('',(73.387241,-97.517502,-8.));
#8528=VERTEX_POINT('',#8527);
#8529=CARTESIAN_POINT('',(73.387241,-97.517502,-0.5));
#8530=VERTEX_POINT('',#8529);
#8531=CARTESIAN_POINT('',(73.387241,-97.517502,-8.));
#8532=DIRECTION('',(0.,0.,1.));
#8533=VECTOR('',#8532,7.5);
#8534=LINE('',#8531,#8533);
#8535=EDGE_CURVE('',#8528,#8530,#8534,.T.);
#8536=ORIENTED_EDGE('',*,*,#8535,.T.);
#8537=CARTESIAN_POINT('',(73.387241,-97.517502,-0.5));
#8538=DIRECTION('',(1.,-0.,-0.));
#8539=VECTOR('',#8538,14.968391032);
#8540=LINE('',#8537,#8539);
#8541=EDGE_CURVE('',#8530,#8499,#8540,.T.);
#8542=ORIENTED_EDGE('',*,*,#8541,.T.);
#8543=ORIENTED_EDGE('',*,*,#8504,.F.);
#8544=CARTESIAN_POINT('',(88.355632032,-97.517502,-8.));
#8545=DIRECTION('',(-1.,0.,0.));
#8546=VECTOR('',#8545,14.968391032);
#8547=LINE('',#8544,#8546);
#8548=EDGE_CURVE('',#8497,#8528,#8547,.T.);
#8549=ORIENTED_EDGE('',*,*,#8548,.T.);
#8550=EDGE_LOOP('',(#8536,#8542,#8543,#8549));
#8551=FACE_BOUND('',#8550,.T.);
#8552=ADVANCED_FACE('',(#8551),#8526,.T.);
#8553=CARTESIAN_POINT('',(98.235609422,-99.532502,-8.));
#8554=DIRECTION('',(0.,-1.,0.));
#8555=DIRECTION('',(0.,0.,-1.));
#8556=AXIS2_PLACEMENT_3D('',#8553,#8554,#8555);
#8557=PLANE('',#8556);
#8558=ORIENTED_EDGE('',*,*,#6809,.T.);
#8559=ORIENTED_EDGE('',*,*,#1022,.F.);
#8560=ORIENTED_EDGE('',*,*,#6657,.F.);
#8561=CARTESIAN_POINT('',(91.041392342,-99.532502,-8.));
#8562=DIRECTION('',(1.,0.,-0.));
#8563=VECTOR('',#8562,14.38843416);
#8564=LINE('',#8561,#8563);
#8565=EDGE_CURVE('',#6646,#6804,#8564,.T.);
#8566=ORIENTED_EDGE('',*,*,#8565,.T.);
#8567=EDGE_LOOP('',(#8558,#8559,#8560,#8566));
#8568=FACE_BOUND('',#8567,.T.);
#8569=ADVANCED_FACE('',(#8568),#8557,.T.);
#8570=CARTESIAN_POINT('',(107.30762992,-97.922703198,-8.));
#8571=DIRECTION('',(0.858088496,-0.513501834,0.));
#8572=DIRECTION('',(0.513501834,0.858088496,0.));
#8573=AXIS2_PLACEMENT_3D('',#8570,#8571,#8572);
#8574=PLANE('',#8573);
#8575=CARTESIAN_POINT('',(107.801397389,-97.097591863,-8.));
#8576=VERTEX_POINT('',#8575);
#8577=CARTESIAN_POINT('',(107.801397389,-97.097591863,-8.));
#8578=DIRECTION('',(0.,0.,1.));
#8579=VECTOR('',#8578,1.2);
#8580=LINE('',#8577,#8579);
#8581=EDGE_CURVE('',#8576,#1051,#8580,.T.);
#8582=ORIENTED_EDGE('',*,*,#8581,.T.);
#8583=ORIENTED_EDGE('',*,*,#1056,.T.);
#8584=ORIENTED_EDGE('',*,*,#6824,.F.);
#8585=CARTESIAN_POINT('',(106.813862451,-98.747814534,-8.));
#8586=DIRECTION('',(0.513501834,0.858088496,0.));
#8587=VECTOR('',#8586,1.923138091);
#8588=LINE('',#8585,#8587);
#8589=EDGE_CURVE('',#6812,#8576,#8588,.T.);
#8590=ORIENTED_EDGE('',*,*,#8589,.T.);
#8591=EDGE_LOOP('',(#8582,#8583,#8584,#8590));
#8592=FACE_BOUND('',#8591,.T.);
#8593=ADVANCED_FACE('',(#8592),#8574,.T.);
#8594=CARTESIAN_POINT('',(111.87620114,-99.500382731,-8.));
#8595=DIRECTION('',(0.,0.,1.));
#8596=DIRECTION('',(1.,0.,-0.));
#8597=AXIS2_PLACEMENT_3D('',#8594,#8595,#8596);
#8598=CYLINDRICAL_SURFACE('',#8597,4.730478788);
#8599=ORIENTED_EDGE('',*,*,#1082,.F.);
#8600=ORIENTED_EDGE('',*,*,#1074,.T.);
#8601=ORIENTED_EDGE('',*,*,#1065,.F.);
#8602=ORIENTED_EDGE('',*,*,#8581,.F.);
#8603=CARTESIAN_POINT('',(111.906814388,-94.770003,-8.));
#8604=VERTEX_POINT('',#8603);
#8605=CARTESIAN_POINT('',(111.87620114,-99.500382731,-8.));
#8606=DIRECTION('',(0.,-0.,1.));
#8607=DIRECTION('',(0.00647149,0.99997906,0.));
#8608=AXIS2_PLACEMENT_3D('',#8605,#8606,#8607);
#8609=CIRCLE('',#8608,4.730478788);
#8610=EDGE_CURVE('',#8604,#8576,#8609,.T.);
#8611=ORIENTED_EDGE('',*,*,#8610,.F.);
#8612=CARTESIAN_POINT('',(111.906814388,-94.770003,-8.));
#8613=DIRECTION('',(0.,0.,1.));
#8614=VECTOR('',#8613,1.2);
#8615=LINE('',#8612,#8614);
#8616=EDGE_CURVE('',#8604,#1077,#8615,.T.);
#8617=ORIENTED_EDGE('',*,*,#8616,.T.);
#8618=EDGE_LOOP('',(#8599,#8600,#8601,#8602,#8611,#8617));
#8619=FACE_BOUND('',#8618,.T.);
#8620=ADVANCED_FACE('',(#8619),#8598,.F.);
#8621=CARTESIAN_POINT('',(118.398934692,-94.770003,-8.));
#8622=DIRECTION('',(0.,-1.,0.));
#8623=DIRECTION('',(0.,0.,-1.));
#8624=AXIS2_PLACEMENT_3D('',#8621,#8622,#8623);
#8625=PLANE('',#8624);
#8626=ORIENTED_EDGE('',*,*,#1090,.F.);
#8627=ORIENTED_EDGE('',*,*,#8616,.F.);
#8628=CARTESIAN_POINT('',(111.906814388,-94.770003,-8.));
#8629=DIRECTION('',(1.,0.,-0.));
#8630=VECTOR('',#8629,12.984240608);
#8631=LINE('',#8628,#8630);
#8632=EDGE_CURVE('',#8604,#6836,#8631,.T.);
#8633=ORIENTED_EDGE('',*,*,#8632,.T.);
#8634=ORIENTED_EDGE('',*,*,#6841,.T.);
#8635=EDGE_LOOP('',(#8626,#8627,#8633,#8634));
#8636=FACE_BOUND('',#8635,.T.);
#8637=ADVANCED_FACE('',(#8636),#8625,.T.);
#8638=CARTESIAN_POINT('',(164.398273452,-99.500377809,-8.));
#8639=DIRECTION('',(0.,0.,1.));
#8640=DIRECTION('',(1.,0.,-0.));
#8641=AXIS2_PLACEMENT_3D('',#8638,#8639,#8640);
#8642=CYLINDRICAL_SURFACE('',#8641,4.730478788);
#8643=ORIENTED_EDGE('',*,*,#1184,.F.);
#8644=ORIENTED_EDGE('',*,*,#1175,.T.);
#8645=ORIENTED_EDGE('',*,*,#1166,.F.);
#8646=ORIENTED_EDGE('',*,*,#7019,.F.);
#8647=CARTESIAN_POINT('',(168.473077651,-97.097587699,-8.));
#8648=VERTEX_POINT('',#8647);
#8649=CARTESIAN_POINT('',(164.398273452,-99.500377809,-8.));
#8650=DIRECTION('',(0.,-0.,1.));
#8651=DIRECTION('',(0.86139361,0.507938037,0.));
#8652=AXIS2_PLACEMENT_3D('',#8649,#8650,#8651);
#8653=CIRCLE('',#8652,4.730478788);
#8654=EDGE_CURVE('',#8648,#7014,#8653,.T.);
#8655=ORIENTED_EDGE('',*,*,#8654,.F.);
#8656=CARTESIAN_POINT('',(168.473077651,-97.097587699,-8.));
#8657=DIRECTION('',(0.,0.,1.));
#8658=VECTOR('',#8657,1.2);
#8659=LINE('',#8656,#8658);
#8660=EDGE_CURVE('',#8648,#1178,#8659,.T.);
#8661=ORIENTED_EDGE('',*,*,#8660,.T.);
#8662=EDGE_LOOP('',(#8643,#8644,#8645,#8646,#8655,#8661));
#8663=FACE_BOUND('',#8662,.T.);
#8664=ADVANCED_FACE('',(#8663),#8642,.F.);
#8665=CARTESIAN_POINT('',(168.966843566,-97.922698447,-8.));
#8666=DIRECTION('',(-0.858089046,-0.513500914,0.));
#8667=DIRECTION('',(0.513500914,-0.858089046,0.));
#8668=AXIS2_PLACEMENT_3D('',#8665,#8666,#8667);
#8669=PLANE('',#8668);
#8670=ORIENTED_EDGE('',*,*,#7046,.T.);
#8671=ORIENTED_EDGE('',*,*,#1192,.T.);
#8672=ORIENTED_EDGE('',*,*,#8660,.F.);
#8673=CARTESIAN_POINT('',(168.473077651,-97.097587699,-8.));
#8674=DIRECTION('',(0.513500914,-0.858089046,0.));
#8675=VECTOR('',#8674,1.923135485);
#8676=LINE('',#8673,#8675);
#8677=EDGE_CURVE('',#8648,#7041,#8676,.T.);
#8678=ORIENTED_EDGE('',*,*,#8677,.T.);
#8679=EDGE_LOOP('',(#8670,#8671,#8672,#8678));
#8680=FACE_BOUND('',#8679,.T.);
#8681=ADVANCED_FACE('',(#8680),#8669,.T.);
#8682=CARTESIAN_POINT('',(73.387241,-104.292502,-8.));
#8683=DIRECTION('',(0.,0.,1.));
#8684=DIRECTION('',(1.,0.,-0.));
#8685=AXIS2_PLACEMENT_3D('',#8682,#8683,#8684);
#8686=CYLINDRICAL_SURFACE('',#8685,6.775);
#8687=ORIENTED_EDGE('',*,*,#7318,.T.);
#8688=CARTESIAN_POINT('',(73.387241,-104.292502,-0.5));
#8689=DIRECTION('',(-0.,-0.,-1.));
#8690=DIRECTION('',(1.,0.,-0.));
#8691=AXIS2_PLACEMENT_3D('',#8688,#8689,#8690);
#8692=CIRCLE('',#8691,6.775);
#8693=EDGE_CURVE('',#7305,#8530,#8692,.T.);
#8694=ORIENTED_EDGE('',*,*,#8693,.T.);
#8695=ORIENTED_EDGE('',*,*,#8535,.F.);
#8696=CARTESIAN_POINT('',(73.387241,-104.292502,-8.));
#8697=DIRECTION('',(0.,0.,1.));
#8698=DIRECTION('',(-0.,1.,0.));
#8699=AXIS2_PLACEMENT_3D('',#8696,#8697,#8698);
#8700=CIRCLE('',#8699,6.775);
#8701=EDGE_CURVE('',#8528,#7313,#8700,.T.);
#8702=ORIENTED_EDGE('',*,*,#8701,.T.);
#8703=EDGE_LOOP('',(#8687,#8694,#8695,#8702));
#8704=FACE_BOUND('',#8703,.T.);
#8705=ADVANCED_FACE('',(#8704),#8686,.T.);
#8706=CARTESIAN_POINT('',(0.,0.,-8.));
#8707=DIRECTION('',(0.,0.,1.));
#8708=DIRECTION('',(1.,0.,0.));
#8709=AXIS2_PLACEMENT_3D('',#8706,#8707,#8708);
#8710=PLANE('',#8709);
#8711=ORIENTED_EDGE('',*,*,#7093,.F.);
#8712=ORIENTED_EDGE('',*,*,#7122,.T.);
#8713=ORIENTED_EDGE('',*,*,#7209,.F.);
#8714=ORIENTED_EDGE('',*,*,#7055,.F.);
#8715=ORIENTED_EDGE('',*,*,#8677,.F.);
#8716=ORIENTED_EDGE('',*,*,#8654,.T.);
#8717=ORIENTED_EDGE('',*,*,#7027,.F.);
#8718=ORIENTED_EDGE('',*,*,#6997,.F.);
#8719=ORIENTED_EDGE('',*,*,#6972,.F.);
#8720=ORIENTED_EDGE('',*,*,#6954,.T.);
#8721=ORIENTED_EDGE('',*,*,#6923,.F.);
#8722=ORIENTED_EDGE('',*,*,#6905,.T.);
#8723=ORIENTED_EDGE('',*,*,#6874,.F.);
#8724=ORIENTED_EDGE('',*,*,#6850,.F.);
#8725=ORIENTED_EDGE('',*,*,#8632,.F.);
#8726=ORIENTED_EDGE('',*,*,#8610,.T.);
#8727=ORIENTED_EDGE('',*,*,#8589,.F.);
#8728=ORIENTED_EDGE('',*,*,#6818,.F.);
#8729=ORIENTED_EDGE('',*,*,#8565,.F.);
#8730=ORIENTED_EDGE('',*,*,#6651,.F.);
#8731=ORIENTED_EDGE('',*,*,#6393,.F.);
#8732=ORIENTED_EDGE('',*,*,#6422,.F.);
#8733=ORIENTED_EDGE('',*,*,#6790,.T.);
#8734=ORIENTED_EDGE('',*,*,#6448,.F.);
#8735=ORIENTED_EDGE('',*,*,#6772,.T.);
#8736=ORIENTED_EDGE('',*,*,#6627,.F.);
#8737=ORIENTED_EDGE('',*,*,#6753,.F.);
#8738=ORIENTED_EDGE('',*,*,#6596,.F.);
#8739=ORIENTED_EDGE('',*,*,#6736,.T.);
#8740=ORIENTED_EDGE('',*,*,#6565,.F.);
#8741=ORIENTED_EDGE('',*,*,#6717,.F.);
#8742=ORIENTED_EDGE('',*,*,#6534,.F.);
#8743=ORIENTED_EDGE('',*,*,#6479,.F.);
#8744=ORIENTED_EDGE('',*,*,#6700,.T.);
#8745=ORIENTED_EDGE('',*,*,#6510,.F.);
#8746=ORIENTED_EDGE('',*,*,#6682,.T.);
#8747=EDGE_LOOP('',(#8711,#8712,#8713,#8714,#8715,#8716,#8717,#8718,#8719,#8720,#8721,#8722,#8723,#8724,#8725,#8726,#8727,#8728,#8729,#8730,#8731,#8732,#8733,#8734,#8735,#8736,
#8737,#8738,#8739,#8740,#8741,#8742,#8743,#8744,#8745,#8746));
#8748=FACE_BOUND('',#8747,.T.);
#8749=ORIENTED_EDGE('',*,*,#7324,.F.);
#8750=ORIENTED_EDGE('',*,*,#8701,.F.);
#8751=ORIENTED_EDGE('',*,*,#8548,.F.);
#8752=ORIENTED_EDGE('',*,*,#8517,.F.);
#8753=ORIENTED_EDGE('',*,*,#8486,.F.);
#8754=ORIENTED_EDGE('',*,*,#8455,.F.);
#8755=ORIENTED_EDGE('',*,*,#8424,.T.);
#8756=ORIENTED_EDGE('',*,*,#8391,.F.);
#8757=ORIENTED_EDGE('',*,*,#8360,.F.);
#8758=ORIENTED_EDGE('',*,*,#8327,.F.);
#8759=ORIENTED_EDGE('',*,*,#8296,.T.);
#8760=ORIENTED_EDGE('',*,*,#8263,.F.);
#8761=ORIENTED_EDGE('',*,*,#8232,.F.);
#8762=ORIENTED_EDGE('',*,*,#8199,.F.);
#8763=ORIENTED_EDGE('',*,*,#8168,.F.);
#8764=ORIENTED_EDGE('',*,*,#8135,.F.);
#8765=ORIENTED_EDGE('',*,*,#8104,.T.);
#8766=ORIENTED_EDGE('',*,*,#8071,.F.);
#8767=ORIENTED_EDGE('',*,*,#8040,.F.);
#8768=ORIENTED_EDGE('',*,*,#8007,.F.);
#8769=ORIENTED_EDGE('',*,*,#7976,.T.);
#8770=ORIENTED_EDGE('',*,*,#7943,.F.);
#8771=ORIENTED_EDGE('',*,*,#7772,.F.);
#8772=ORIENTED_EDGE('',*,*,#7739,.T.);
#8773=ORIENTED_EDGE('',*,*,#7708,.F.);
#8774=ORIENTED_EDGE('',*,*,#7675,.F.);
#8775=ORIENTED_EDGE('',*,*,#7644,.F.);
#8776=ORIENTED_EDGE('',*,*,#7611,.F.);
#8777=ORIENTED_EDGE('',*,*,#7580,.F.);
#8778=ORIENTED_EDGE('',*,*,#7549,.T.);
#8779=ORIENTED_EDGE('',*,*,#7516,.F.);
#8780=ORIENTED_EDGE('',*,*,#7485,.F.);
#8781=ORIENTED_EDGE('',*,*,#7452,.F.);
#8782=ORIENTED_EDGE('',*,*,#7421,.T.);
#8783=ORIENTED_EDGE('',*,*,#7388,.F.);
#8784=ORIENTED_EDGE('',*,*,#7357,.F.);
#8785=EDGE_LOOP('',(#8749,#8750,#8751,#8752,#8753,#8754,#8755,#8756,#8757,#8758,#8759,#8760,#8761,#8762,#8763,#8764,#8765,#8766,#8767,#8768,#8769,#8770,#8771,#8772,#8773,#8774,
#8775,#8776,#8777,#8778,#8779,#8780,#8781,#8782,#8783,#8784));
#8786=FACE_BOUND('',#8785,.T.);
#8787=ADVANCED_FACE('',(#8748,#8786),#8710,.F.);
#8788=CARTESIAN_POINT('',(0.,-98.032496092,-0.5));
#8789=DIRECTION('',(-1.,0.,0.));
#8790=DIRECTION('',(0.,0.,1.));
#8791=AXIS2_PLACEMENT_3D('',#8788,#8789,#8790);
#8792=CYLINDRICAL_SURFACE('',#8791,0.5);
#8793=CARTESIAN_POINT('',(208.489227071,-98.032496092,-0.5));
#8794=DIRECTION('',(1.,0.,0.));
#8795=DIRECTION('',(0.,0.,-1.));
#8796=AXIS2_PLACEMENT_3D('',#8793,#8794,#8795);
#8797=CIRCLE('',#8796,0.5);
#8798=EDGE_CURVE('',#7752,#2023,#8797,.T.);
#8799=ORIENTED_EDGE('',*,*,#8798,.F.);
#8800=ORIENTED_EDGE('',*,*,#7936,.F.);
#8801=CARTESIAN_POINT('',(172.481488634,-98.032496092,-0.5));
#8802=DIRECTION('',(-1.,0.,0.));
#8803=DIRECTION('',(0.,0.,1.));
#8804=AXIS2_PLACEMENT_3D('',#8801,#8802,#8803);
#8805=CIRCLE('',#8804,0.5);
#8806=EDGE_CURVE('',#2032,#7925,#8805,.T.);
#8807=ORIENTED_EDGE('',*,*,#8806,.F.);
#8808=ORIENTED_EDGE('',*,*,#2037,.F.);
#8809=EDGE_LOOP('',(#8799,#8800,#8807,#8808));
#8810=FACE_BOUND('',#8809,.T.);
#8811=ADVANCED_FACE('',(#8810),#8792,.T.);
#8812=CARTESIAN_POINT('',(172.481488634,-95.032496092,-0.5));
#8813=DIRECTION('',(0.,0.,1.));
#8814=DIRECTION('',(1.,0.,-0.));
#8815=AXIS2_PLACEMENT_3D('',#8812,#8813,#8814);
#8816=TOROIDAL_SURFACE('',#8815,3.,0.5);
#8817=ORIENTED_EDGE('',*,*,#8806,.T.);
#8818=ORIENTED_EDGE('',*,*,#7968,.F.);
#8819=CARTESIAN_POINT('',(169.907221495,-96.572998834,-0.5));
#8820=DIRECTION('',(-0.513500914,0.858089046,0.));
#8821=DIRECTION('',(-0.858089046,-0.513500914,0.));
#8822=AXIS2_PLACEMENT_3D('',#8819,#8820,#8821);
#8823=CIRCLE('',#8822,0.5);
#8824=EDGE_CURVE('',#2040,#7956,#8823,.T.);
#8825=ORIENTED_EDGE('',*,*,#8824,.F.);
#8826=ORIENTED_EDGE('',*,*,#2046,.F.);
#8827=EDGE_LOOP('',(#8817,#8818,#8825,#8826));
#8828=FACE_BOUND('',#8827,.T.);
#8829=ADVANCED_FACE('',(#8828),#8816,.T.);
#8830=CARTESIAN_POINT('',(208.494987955,-104.312497455,-0.5));
#8831=DIRECTION('',(0.,0.,1.));
#8832=DIRECTION('',(1.,0.,-0.));
#8833=AXIS2_PLACEMENT_3D('',#8830,#8831,#8832);
#8834=TOROIDAL_SURFACE('',#8833,6.280003811,0.5);
#8835=ORIENTED_EDGE('',*,*,#8798,.T.);
#8836=ORIENTED_EDGE('',*,*,#2029,.F.);
#8837=CARTESIAN_POINT('',(214.774989497,-104.307158541,-0.5));
#8838=DIRECTION('',(0.000850145,-0.999999639,0.));
#8839=DIRECTION('',(0.999999639,0.000850145,0.));
#8840=AXIS2_PLACEMENT_3D('',#8837,#8838,#8839);
#8841=CIRCLE('',#8840,0.5);
#8842=EDGE_CURVE('',#7721,#2015,#8841,.T.);
#8843=ORIENTED_EDGE('',*,*,#8842,.F.);
#8844=ORIENTED_EDGE('',*,*,#7764,.F.);
#8845=EDGE_LOOP('',(#8835,#8836,#8843,#8844));
#8846=FACE_BOUND('',#8845,.T.);
#8847=ADVANCED_FACE('',(#8846),#8834,.T.);
#8848=CARTESIAN_POINT('',(82.552630437,49.401459404,-0.5));
#8849=DIRECTION('',(-0.513500914,0.858089046,0.));
#8850=DIRECTION('',(-0.858089046,-0.513500914,0.));
#8851=AXIS2_PLACEMENT_3D('',#8848,#8849,#8850);
#8852=CYLINDRICAL_SURFACE('',#8851,0.5);
#8853=ORIENTED_EDGE('',*,*,#8824,.T.);
#8854=ORIENTED_EDGE('',*,*,#8000,.F.);
#8855=CARTESIAN_POINT('',(169.76184889,-96.330072996,-0.5));
#8856=DIRECTION('',(-0.508838749,0.860861852,0.));
#8857=DIRECTION('',(-0.860861852,-0.508838749,0.));
#8858=AXIS2_PLACEMENT_3D('',#8855,#8856,#8857);
#8859=CIRCLE('',#8858,0.5);
#8860=EDGE_CURVE('',#2049,#7989,#8859,.T.);
#8861=ORIENTED_EDGE('',*,*,#8860,.F.);
#8862=ORIENTED_EDGE('',*,*,#2054,.F.);
#8863=EDGE_LOOP('',(#8853,#8854,#8861,#8862));
#8864=FACE_BOUND('',#8863,.T.);
#8865=ADVANCED_FACE('',(#8864),#8852,.T.);
#8866=CARTESIAN_POINT('',(214.774993318,-140.023548682,-0.5));
#8867=DIRECTION('',(-0.000000112,1.,0.));
#8868=DIRECTION('',(-1.,-0.000000112,0.));
#8869=AXIS2_PLACEMENT_3D('',#8866,#8867,#8868);
#8870=CYLINDRICAL_SURFACE('',#8869,0.5);
#8871=ORIENTED_EDGE('',*,*,#8842,.T.);
#8872=ORIENTED_EDGE('',*,*,#2020,.F.);
#8873=CARTESIAN_POINT('',(215.27499732,-175.740363783,-0.5));
#8874=CARTESIAN_POINT('',(215.27499732,-175.740363783,-0.433994291));
#8875=CARTESIAN_POINT('',(215.262016377,-175.74023668,-0.369227972));
#8876=CARTESIAN_POINT('',(215.236962704,-175.739990364,-0.308720141));
#8877=CARTESIAN_POINT('',(215.211909031,-175.739744049,-0.24821231));
#8878=CARTESIAN_POINT('',(215.174829421,-175.739378885,-0.192782455));
#8879=CARTESIAN_POINT('',(215.128769275,-175.738922418,-0.146665308));
#8880=CARTESIAN_POINT('',(215.036648982,-175.738009483,-0.054431015));
#8881=CARTESIAN_POINT('',(214.907001702,-175.736714105,0.));
#8882=CARTESIAN_POINT('',(214.77499732,-175.735369113,-0.));
#8883=B_SPLINE_CURVE_WITH_KNOTS('',3,(#8873,#8874,#8875,#8876,#8877,#8878,#8879,#8880,#8881,#8882),.UNSPECIFIED.,.F.,.F.,(4,3,3,4),(0.,0.000195207,0.000390413,0.000780826),.UNSPECIFIED.);
#8884=EDGE_CURVE('',#7688,#2006,#8883,.T.);
#8885=ORIENTED_EDGE('',*,*,#8884,.F.);
#8886=ORIENTED_EDGE('',*,*,#7732,.F.);
#8887=EDGE_LOOP('',(#8871,#8872,#8885,#8886));
#8888=FACE_BOUND('',#8887,.T.);
#8889=ADVANCED_FACE('',(#8888),#8870,.T.);
#8890=CARTESIAN_POINT('',(164.398273444,-99.500377822,-0.5));
#8891=DIRECTION('',(0.,0.,1.));
#8892=DIRECTION('',(1.,0.,-0.));
#8893=AXIS2_PLACEMENT_3D('',#8890,#8891,#8892);
#8894=TOROIDAL_SURFACE('',#8893,6.230478788,0.5);
#8895=ORIENTED_EDGE('',*,*,#8860,.T.);
#8896=ORIENTED_EDGE('',*,*,#8032,.F.);
#8897=CARTESIAN_POINT('',(164.361757716,-93.270006041,-0.5));
#8898=DIRECTION('',(-1.,-0.000000093,0.));
#8899=DIRECTION('',(0.000000093,-1.,0.));
#8900=AXIS2_PLACEMENT_3D('',#8897,#8898,#8899);
#8901=CIRCLE('',#8900,0.5);
#8902=EDGE_CURVE('',#2057,#8020,#8901,.T.);
#8903=ORIENTED_EDGE('',*,*,#8902,.F.);
#8904=ORIENTED_EDGE('',*,*,#2063,.F.);
#8905=EDGE_LOOP('',(#8895,#8896,#8903,#8904));
#8906=FACE_BOUND('',#8905,.T.);
#8907=ADVANCED_FACE('',(#8906),#8894,.T.);
#8908=CARTESIAN_POINT('',(208.401125463,-175.605563426,-0.5));
#8909=DIRECTION('',(0.,0.,1.));
#8910=DIRECTION('',(1.,0.,-0.));
#8911=AXIS2_PLACEMENT_3D('',#8908,#8909,#8910);
#8912=TOROIDAL_SURFACE('',#8911,6.375193484,0.5);
#8913=ORIENTED_EDGE('',*,*,#8884,.T.);
#8914=ORIENTED_EDGE('',*,*,#2012,.F.);
#8915=CARTESIAN_POINT('',(213.991917402,-178.669243804,-0.5));
#8916=DIRECTION('',(-0.480562729,-0.876960355,-0.));
#8917=DIRECTION('',(0.876960355,-0.480562729,-0.));
#8918=AXIS2_PLACEMENT_3D('',#8915,#8916,#8917);
#8919=CIRCLE('',#8918,0.5);
#8920=EDGE_CURVE('',#7657,#1998,#8919,.T.);
#8921=ORIENTED_EDGE('',*,*,#8920,.F.);
#8922=ORIENTED_EDGE('',*,*,#7700,.F.);
#8923=EDGE_LOOP('',(#8913,#8914,#8921,#8922));
#8924=FACE_BOUND('',#8923,.T.);
#8925=ADVANCED_FACE('',(#8924),#8912,.T.);
#8926=CARTESIAN_POINT('',(0.,-93.269998092,-0.5));
#8927=DIRECTION('',(-1.,0.,0.));
#8928=DIRECTION('',(0.,0.,1.));
#8929=AXIS2_PLACEMENT_3D('',#8926,#8927,#8928);
#8930=CYLINDRICAL_SURFACE('',#8929,0.5);
#8931=ORIENTED_EDGE('',*,*,#8902,.T.);
#8932=ORIENTED_EDGE('',*,*,#8064,.F.);
#8933=CARTESIAN_POINT('',(152.546218214,-93.269998092,-0.5));
#8934=DIRECTION('',(-1.,0.,0.));
#8935=DIRECTION('',(0.,0.,1.));
#8936=AXIS2_PLACEMENT_3D('',#8933,#8934,#8935);
#8937=CIRCLE('',#8936,0.5);
#8938=EDGE_CURVE('',#2066,#8053,#8937,.T.);
#8939=ORIENTED_EDGE('',*,*,#8938,.F.);
#8940=ORIENTED_EDGE('',*,*,#2071,.F.);
#8941=EDGE_LOOP('',(#8931,#8932,#8939,#8940));
#8942=FACE_BOUND('',#8941,.T.);
#8943=ADVANCED_FACE('',(#8942),#8930,.T.);
#8944=CARTESIAN_POINT('',(239.455226662,-132.732209052,-0.5));
#8945=DIRECTION('',(0.484809647,0.874619692,0.));
#8946=DIRECTION('',(-0.874619692,0.484809647,0.));
#8947=AXIS2_PLACEMENT_3D('',#8944,#8945,#8946);
#8948=CYLINDRICAL_SURFACE('',#8947,0.5);
#8949=ORIENTED_EDGE('',*,*,#8920,.T.);
#8950=ORIENTED_EDGE('',*,*,#2003,.F.);
#8951=CARTESIAN_POINT('',(205.451703052,-194.076185104,-0.5));
#8952=DIRECTION('',(-0.484809647,-0.874619692,0.));
#8953=DIRECTION('',(0.874619692,-0.484809647,0.));
#8954=AXIS2_PLACEMENT_3D('',#8951,#8952,#8953);
#8955=CIRCLE('',#8954,0.5);
#8956=EDGE_CURVE('',#7624,#1989,#8955,.T.);
#8957=ORIENTED_EDGE('',*,*,#8956,.F.);
#8958=ORIENTED_EDGE('',*,*,#7668,.F.);
#8959=EDGE_LOOP('',(#8949,#8950,#8957,#8958));
#8960=FACE_BOUND('',#8959,.T.);
#8961=ADVANCED_FACE('',(#8960),#8948,.T.);
#8962=CARTESIAN_POINT('',(152.546218214,-90.269998092,-0.5));
#8963=DIRECTION('',(0.,0.,1.));
#8964=DIRECTION('',(1.,0.,-0.));
#8965=AXIS2_PLACEMENT_3D('',#8962,#8963,#8964);
#8966=TOROIDAL_SURFACE('',#8965,3.,0.5);
#8967=ORIENTED_EDGE('',*,*,#8938,.T.);
#8968=ORIENTED_EDGE('',*,*,#8096,.F.);
#8969=CARTESIAN_POINT('',(150.399697047,-92.36581461,-0.5));
#8970=DIRECTION('',(-0.698605506,0.715507056,0.));
#8971=DIRECTION('',(-0.715507056,-0.698605506,0.));
#8972=AXIS2_PLACEMENT_3D('',#8969,#8970,#8971);
#8973=CIRCLE('',#8972,0.5);
#8974=EDGE_CURVE('',#2074,#8084,#8973,.T.);
#8975=ORIENTED_EDGE('',*,*,#8974,.F.);
#8976=ORIENTED_EDGE('',*,*,#2080,.F.);
#8977=EDGE_LOOP('',(#8967,#8968,#8975,#8976));
#8978=FACE_BOUND('',#8977,.T.);
#8979=ADVANCED_FACE('',(#8978),#8966,.T.);
#8980=CARTESIAN_POINT('',(199.963535815,-191.0342695,-0.5));
#8981=DIRECTION('',(0.,0.,1.));
#8982=DIRECTION('',(1.,0.,-0.));
#8983=AXIS2_PLACEMENT_3D('',#8980,#8981,#8982);
#8984=TOROIDAL_SURFACE('',#8983,6.274809174,0.5);
#8985=ORIENTED_EDGE('',*,*,#8956,.T.);
#8986=ORIENTED_EDGE('',*,*,#1995,.F.);
#8987=CARTESIAN_POINT('',(196.862473056,-197.057677929,-0.5));
#8988=CARTESIAN_POINT('',(196.862473056,-197.057677929,-0.433966173));
#8989=CARTESIAN_POINT('',(196.868016381,-197.045917317,-0.369170661));
#8990=CARTESIAN_POINT('',(196.878715358,-197.023227083,-0.308648232));
#8991=CARTESIAN_POINT('',(196.889414335,-197.000536849,-0.248125803));
#8992=CARTESIAN_POINT('',(196.905250931,-196.966956062,-0.192687172));
#8993=CARTESIAN_POINT('',(196.924926257,-196.92525973,-0.146576676));
#8994=CARTESIAN_POINT('',(196.964276911,-196.841867065,-0.054355685));
#8995=CARTESIAN_POINT('',(197.019636168,-196.724647639,0.));
#8996=CARTESIAN_POINT('',(197.076111471,-196.605266792,-0.));
#8997=B_SPLINE_CURVE_WITH_KNOTS('',3,(#8987,#8988,#8989,#8990,#8991,#8992,#8993,#8994,#8995,#8996),.UNSPECIFIED.,.F.,.F.,(4,3,3,4),(0.,0.000195289,0.000390578,0.000781156),.UNSPECIFIED.);
#8998=EDGE_CURVE('',#7593,#1981,#8997,.T.);
#8999=ORIENTED_EDGE('',*,*,#8998,.F.);
#9000=ORIENTED_EDGE('',*,*,#7636,.F.);
#9001=EDGE_LOOP('',(#8985,#8986,#8999,#9000));
#9002=FACE_BOUND('',#9001,.T.);
#9003=ADVANCED_FACE('',(#9002),#8984,.T.);
#9004=CARTESIAN_POINT('',(30.827462492,30.099262977,-0.5));
#9005=DIRECTION('',(-0.698605506,0.715507056,0.));
#9006=DIRECTION('',(-0.715507056,-0.698605506,0.));
#9007=AXIS2_PLACEMENT_3D('',#9004,#9005,#9006);
#9008=CYLINDRICAL_SURFACE('',#9007,0.5);
#9009=ORIENTED_EDGE('',*,*,#8974,.T.);
#9010=ORIENTED_EDGE('',*,*,#8128,.F.);
#9011=CARTESIAN_POINT('',(148.46310953,-90.382374713,-0.5));
#9012=DIRECTION('',(-0.69843543,0.715673075,0.));
#9013=DIRECTION('',(-0.715673075,-0.69843543,0.));
#9014=AXIS2_PLACEMENT_3D('',#9011,#9012,#9013);
#9015=CIRCLE('',#9014,0.5);
#9016=EDGE_CURVE('',#2083,#8117,#9015,.T.);
#9017=ORIENTED_EDGE('',*,*,#9016,.F.);
#9018=ORIENTED_EDGE('',*,*,#2088,.F.);
#9019=EDGE_LOOP('',(#9009,#9010,#9017,#9018));
#9020=FACE_BOUND('',#9019,.T.);
#9021=ADVANCED_FACE('',(#9020),#9008,.T.);
#9022=CARTESIAN_POINT('',(-40.598906589,-94.552716635,-0.5));
#9023=DIRECTION('',(0.918876296,-0.394545754,0.));
#9024=DIRECTION('',(0.394545754,0.918876296,0.));
#9025=AXIS2_PLACEMENT_3D('',#9022,#9023,#9024);
#9026=CYLINDRICAL_SURFACE('',#9025,0.5);
#9027=ORIENTED_EDGE('',*,*,#8998,.T.);
#9028=ORIENTED_EDGE('',*,*,#1986,.F.);
#9029=CARTESIAN_POINT('',(197.056617836,-196.596896644,-0.5));
#9030=DIRECTION('',(-0.898383052,0.439212809,-0.));
#9031=DIRECTION('',(-0.439212809,-0.898383052,0.));
#9032=AXIS2_PLACEMENT_3D('',#9029,#9030,#9031);
#9033=ELLIPSE('',#9032,0.50060451,0.5);
#9034=EDGE_CURVE('',#7562,#1973,#9033,.T.);
#9035=ORIENTED_EDGE('',*,*,#9034,.F.);
#9036=ORIENTED_EDGE('',*,*,#7604,.F.);
#9037=EDGE_LOOP('',(#9027,#9028,#9035,#9036));
#9038=FACE_BOUND('',#9037,.T.);
#9039=ADVANCED_FACE('',(#9038),#9026,.T.);
#9040=CARTESIAN_POINT('',(143.973809357,-94.763545963,-0.5));
#9041=DIRECTION('',(0.,0.,1.));
#9042=DIRECTION('',(1.,0.,-0.));
#9043=AXIS2_PLACEMENT_3D('',#9040,#9041,#9042);
#9044=TOROIDAL_SURFACE('',#9043,6.272836498,0.5);
#9045=ORIENTED_EDGE('',*,*,#9016,.T.);
#9046=ORIENTED_EDGE('',*,*,#8160,.F.);
#9047=CARTESIAN_POINT('',(144.051180238,-88.491186639,-0.5));
#9048=DIRECTION('',(-0.999921885,0.012498937,0.));
#9049=DIRECTION('',(-0.012498937,-0.999921885,0.));
#9050=AXIS2_PLACEMENT_3D('',#9047,#9048,#9049);
#9051=CIRCLE('',#9050,0.5);
#9052=EDGE_CURVE('',#2091,#8148,#9051,.T.);
#9053=ORIENTED_EDGE('',*,*,#9052,.F.);
#9054=ORIENTED_EDGE('',*,*,#2097,.F.);
#9055=EDGE_LOOP('',(#9045,#9046,#9053,#9054));
#9056=FACE_BOUND('',#9055,.T.);
#9057=ADVANCED_FACE('',(#9056),#9044,.T.);
#9058=CARTESIAN_POINT('',(-37.187285129,-67.448972908,-0.5));
#9059=DIRECTION('',(0.875720106,-0.482819113,0.));
#9060=DIRECTION('',(0.482819113,0.875720106,0.));
#9061=AXIS2_PLACEMENT_3D('',#9058,#9059,#9060);
#9062=CYLINDRICAL_SURFACE('',#9061,0.5);
#9063=ORIENTED_EDGE('',*,*,#9034,.T.);
#9064=ORIENTED_EDGE('',*,*,#1978,.F.);
#9065=CARTESIAN_POINT('',(191.924180142,-194.338139535,-0.5));
#9066=CARTESIAN_POINT('',(191.924180142,-194.338139535,-0.433986692));
#9067=CARTESIAN_POINT('',(191.930652881,-194.326881214,-0.369212522));
#9068=CARTESIAN_POINT('',(191.943144524,-194.305153587,-0.308700322));
#9069=CARTESIAN_POINT('',(191.955636167,-194.283425961,-0.248188121));
#9070=CARTESIAN_POINT('',(191.974123826,-194.251268803,-0.192755305));
#9071=CARTESIAN_POINT('',(191.997087083,-194.211325856,-0.146639171));
#9072=CARTESIAN_POINT('',(192.043013595,-194.131439962,-0.054406904));
#9073=CARTESIAN_POINT('',(192.107617691,-194.019055974,-0.));
#9074=CARTESIAN_POINT('',(192.17341768,-193.904595357,-0.));
#9075=B_SPLINE_CURVE_WITH_KNOTS('',3,(#9065,#9066,#9067,#9068,#9069,#9070,#9071,#9072,#9073,#9074),.UNSPECIFIED.,.F.,.F.,(4,3,3,4),(0.,0.000195229,0.000390458,0.000780915),.UNSPECIFIED.);
#9076=EDGE_CURVE('',#7529,#1964,#9075,.T.);
#9077=ORIENTED_EDGE('',*,*,#9076,.F.);
#9078=ORIENTED_EDGE('',*,*,#7573,.F.);
#9079=EDGE_LOOP('',(#9063,#9064,#9077,#9078));
#9080=FACE_BOUND('',#9079,.T.);
#9081=ADVANCED_FACE('',(#9080),#9062,.T.);
#9082=CARTESIAN_POINT('',(-1.083455183,-86.677016284,-0.5));
#9083=DIRECTION('',(-0.999921885,0.012498937,0.));
#9084=DIRECTION('',(-0.012498937,-0.999921885,0.));
#9085=AXIS2_PLACEMENT_3D('',#9082,#9083,#9084);
#9086=CYLINDRICAL_SURFACE('',#9085,0.5);
#9087=ORIENTED_EDGE('',*,*,#9052,.T.);
#9088=ORIENTED_EDGE('',*,*,#8192,.F.);
#9089=CARTESIAN_POINT('',(132.355129194,-88.34498701,-0.));
#9090=CARTESIAN_POINT('',(132.35574625,-88.212982003,-0.));
#9091=CARTESIAN_POINT('',(132.356362352,-88.083316483,-0.054440085));
#9092=CARTESIAN_POINT('',(132.356809195,-87.991199252,-0.146674485));
#9093=CARTESIAN_POINT('',(132.357032616,-87.945140637,-0.192791686));
#9094=CARTESIAN_POINT('',(132.357214233,-87.908062897,-0.248220369));
#9095=CARTESIAN_POINT('',(132.357337264,-87.883010449,-0.308726636));
#9096=CARTESIAN_POINT('',(132.357460295,-87.857958001,-0.369232903));
#9097=CARTESIAN_POINT('',(132.357524436,-87.84497789,-0.433996721));
#9098=CARTESIAN_POINT('',(132.357524436,-87.84497789,-0.5));
#9099=B_SPLINE_CURVE_WITH_KNOTS('',3,(#9089,#9090,#9091,#9092,#9093,#9094,#9095,#9096,#9097,#9098),.UNSPECIFIED.,.F.,.F.,(4,3,3,4),(0.,0.000390399,0.000585598,0.000780797),.UNSPECIFIED.);
#9100=EDGE_CURVE('',#2100,#8181,#9099,.T.);
#9101=ORIENTED_EDGE('',*,*,#9100,.F.);
#9102=ORIENTED_EDGE('',*,*,#2105,.F.);
#9103=EDGE_LOOP('',(#9087,#9088,#9101,#9102));
#9104=FACE_BOUND('',#9103,.T.);
#9105=ADVANCED_FACE('',(#9104),#9086,.T.);
#9106=CARTESIAN_POINT('',(156.0144471,-254.287223383,-0.5));
#9107=DIRECTION('',(0.,0.,1.));
#9108=DIRECTION('',(1.,0.,-0.));
#9109=AXIS2_PLACEMENT_3D('',#9106,#9107,#9108);
#9110=TOROIDAL_SURFACE('',#9109,70.381339293,0.5);
#9111=ORIENTED_EDGE('',*,*,#9076,.T.);
#9112=ORIENTED_EDGE('',*,*,#1970,.F.);
#9113=CARTESIAN_POINT('',(157.138646234,-184.414927315,-0.5));
#9114=CARTESIAN_POINT('',(157.138646234,-184.414927315,-0.433997983));
#9115=CARTESIAN_POINT('',(157.138768041,-184.401948233,-0.369235462));
#9116=CARTESIAN_POINT('',(157.139003071,-184.37689762,-0.308730046));
#9117=CARTESIAN_POINT('',(157.139238101,-184.351847006,-0.24822463));
#9118=CARTESIAN_POINT('',(157.139585905,-184.314772029,-0.192796607));
#9119=CARTESIAN_POINT('',(157.140017769,-184.268716533,-0.146679439));
#9120=CARTESIAN_POINT('',(157.140881497,-184.17660554,-0.054445103));
#9121=CARTESIAN_POINT('',(157.142093883,-184.046936221,-0.));
#9122=CARTESIAN_POINT('',(157.143332175,-183.914938077,-0.));
#9123=B_SPLINE_CURVE_WITH_KNOTS('',3,(#9113,#9114,#9115,#9116,#9117,#9118,#9119,#9120,#9121,#9122),.UNSPECIFIED.,.F.,.F.,(4,3,3,4),(0.,0.000195196,0.000390391,0.000780782),.UNSPECIFIED.);
#9124=EDGE_CURVE('',#7498,#1956,#9123,.T.);
#9125=ORIENTED_EDGE('',*,*,#9124,.F.);
#9126=ORIENTED_EDGE('',*,*,#7541,.F.);
#9127=EDGE_LOOP('',(#9111,#9112,#9125,#9126));
#9128=FACE_BOUND('',#9127,.T.);
#9129=ADVANCED_FACE('',(#9128),#9110,.T.);
#9130=CARTESIAN_POINT('',(132.375827948,-94.789105372,-0.5));
#9131=DIRECTION('',(0.,0.,1.));
#9132=DIRECTION('',(1.,0.,-0.));
#9133=AXIS2_PLACEMENT_3D('',#9130,#9131,#9132);
#9134=TOROIDAL_SURFACE('',#9133,6.444151605,0.5);
#9135=ORIENTED_EDGE('',*,*,#9100,.T.);
#9136=ORIENTED_EDGE('',*,*,#8224,.F.);
#9137=CARTESIAN_POINT('',(127.752314376,-90.300206603,-0.));
#9138=CARTESIAN_POINT('',(127.656884527,-90.208998892,-0.));
#9139=CARTESIAN_POINT('',(127.563131804,-90.119422369,-0.054440084));
#9140=CARTESIAN_POINT('',(127.496524046,-90.055789119,-0.146674485));
#9141=CARTESIAN_POINT('',(127.463220168,-90.023972494,-0.192791685));
#9142=CARTESIAN_POINT('',(127.436408922,-89.998360993,-0.248220368));
#9143=CARTESIAN_POINT('',(127.418293052,-89.981056209,-0.308726635));
#9144=CARTESIAN_POINT('',(127.400177183,-89.963751425,-0.369232903));
#9145=CARTESIAN_POINT('',(127.390790759,-89.954785799,-0.433996721));
#9146=CARTESIAN_POINT('',(127.390790759,-89.954785799,-0.5));
#9147=B_SPLINE_CURVE_WITH_KNOTS('',3,(#9137,#9138,#9139,#9140,#9141,#9142,#9143,#9144,#9145,#9146),.UNSPECIFIED.,.F.,.F.,(4,3,3,4),(0.,0.000390399,0.000585598,0.000780797),.UNSPECIFIED.);
#9148=EDGE_CURVE('',#2108,#8212,#9147,.T.);
#9149=ORIENTED_EDGE('',*,*,#9148,.F.);
#9150=ORIENTED_EDGE('',*,*,#2114,.F.);
#9151=EDGE_LOOP('',(#9135,#9136,#9149,#9150));
#9152=FACE_BOUND('',#9151,.T.);
#9153=ADVANCED_FACE('',(#9152),#9134,.T.);
#9154=CARTESIAN_POINT('',(-0.491681984,-183.492543274,-0.5));
#9155=DIRECTION('',(0.99999641,-0.002679565,0.));
#9156=DIRECTION('',(0.002679565,0.99999641,0.));
#9157=AXIS2_PLACEMENT_3D('',#9154,#9155,#9156);
#9158=CYLINDRICAL_SURFACE('',#9157,0.5);
#9159=ORIENTED_EDGE('',*,*,#9124,.T.);
#9160=ORIENTED_EDGE('',*,*,#1961,.F.);
#9161=CARTESIAN_POINT('',(145.905177005,-184.384826395,-0.5));
#9162=CARTESIAN_POINT('',(145.905177005,-184.384826395,-0.433989449));
#9163=CARTESIAN_POINT('',(145.905401292,-184.371843887,-0.369218129));
#9164=CARTESIAN_POINT('',(145.905835599,-184.346788126,-0.308707388));
#9165=CARTESIAN_POINT('',(145.906269906,-184.321732365,-0.248196646));
#9166=CARTESIAN_POINT('',(145.906913572,-184.284649586,-0.192764738));
#9167=CARTESIAN_POINT('',(145.907717217,-184.238587397,-0.146648053));
#9168=CARTESIAN_POINT('',(145.909324508,-184.146463017,-0.054414684));
#9169=CARTESIAN_POINT('',(145.911601792,-184.016847813,-0.));
#9170=CARTESIAN_POINT('',(145.913956925,-183.884848126,-0.));
#9171=B_SPLINE_CURVE_WITH_KNOTS('',3,(#9161,#9162,#9163,#9164,#9165,#9166,#9167,#9168,#9169,#9170),.UNSPECIFIED.,.F.,.F.,(4,3,3,4),(0.,0.000195221,0.000390442,0.000780883),.UNSPECIFIED.);
#9172=EDGE_CURVE('',#7465,#1947,#9171,.T.);
#9173=ORIENTED_EDGE('',*,*,#9172,.F.);
#9174=ORIENTED_EDGE('',*,*,#7509,.F.);
#9175=EDGE_LOOP('',(#9159,#9160,#9173,#9174));
#9176=FACE_BOUND('',#9175,.T.);
#9177=ADVANCED_FACE('',(#9176),#9158,.T.);
#9178=CARTESIAN_POINT('',(112.834254507,-106.156660262,-0.5));
#9179=DIRECTION('',(-0.685226796,-0.728329759,0.));
#9180=DIRECTION('',(0.728329759,-0.685226796,0.));
#9181=AXIS2_PLACEMENT_3D('',#9178,#9179,#9180);
#9182=CYLINDRICAL_SURFACE('',#9181,0.5);
#9183=ORIENTED_EDGE('',*,*,#9148,.T.);
#9184=ORIENTED_EDGE('',*,*,#8256,.F.);
#9185=CARTESIAN_POINT('',(125.846706439,-92.325683389,-0.5));
#9186=DIRECTION('',(-0.685226796,-0.728329759,0.));
#9187=DIRECTION('',(0.728329759,-0.685226796,0.));
#9188=AXIS2_PLACEMENT_3D('',#9185,#9186,#9187);
#9189=CIRCLE('',#9188,0.5);
#9190=EDGE_CURVE('',#2117,#8245,#9189,.T.);
#9191=ORIENTED_EDGE('',*,*,#9190,.F.);
#9192=ORIENTED_EDGE('',*,*,#2122,.F.);
#9193=EDGE_LOOP('',(#9183,#9184,#9191,#9192));
#9194=FACE_BOUND('',#9193,.T.);
#9195=ADVANCED_FACE('',(#9194),#9182,.T.);
#9196=CARTESIAN_POINT('',(146.132200323,-177.271811316,-0.5));
#9197=DIRECTION('',(0.,0.,1.));
#9198=DIRECTION('',(1.,0.,-0.));
#9199=AXIS2_PLACEMENT_3D('',#9196,#9197,#9198);
#9200=TOROIDAL_SURFACE('',#9199,6.616637064,0.5);
#9201=ORIENTED_EDGE('',*,*,#9172,.T.);
#9202=ORIENTED_EDGE('',*,*,#1953,.F.);
#9203=CARTESIAN_POINT('',(140.825245777,-182.013409838,-0.5));
#9204=CARTESIAN_POINT('',(140.825245777,-182.013409838,-0.433988525));
#9205=CARTESIAN_POINT('',(140.83506235,-182.004910069,-0.36921625));
#9206=CARTESIAN_POINT('',(140.854006837,-181.988504784,-0.308704983));
#9207=CARTESIAN_POINT('',(140.872951324,-181.972099499,-0.248193716));
#9208=CARTESIAN_POINT('',(140.900988756,-181.947818782,-0.192761457));
#9209=CARTESIAN_POINT('',(140.935812196,-181.917655514,-0.146644912));
#9210=CARTESIAN_POINT('',(141.005459077,-181.857328979,-0.054411822));
#9211=CARTESIAN_POINT('',(141.103430322,-181.772439046,0.));
#9212=CARTESIAN_POINT('',(141.203189651,-181.685963537,-0.));
#9213=B_SPLINE_CURVE_WITH_KNOTS('',3,(#9203,#9204,#9205,#9206,#9207,#9208,#9209,#9210,#9211,#9212),.UNSPECIFIED.,.F.,.F.,(4,3,3,4),(0.,0.000195223,0.000390447,0.000780894),.UNSPECIFIED.);
#9214=EDGE_CURVE('',#7434,#1939,#9213,.T.);
#9215=ORIENTED_EDGE('',*,*,#9214,.F.);
#9216=ORIENTED_EDGE('',*,*,#7477,.F.);
#9217=EDGE_LOOP('',(#9201,#9202,#9215,#9216));
#9218=FACE_BOUND('',#9217,.T.);
#9219=ADVANCED_FACE('',(#9218),#9200,.T.);
#9220=CARTESIAN_POINT('',(123.661717163,-90.270003,-0.5));
#9221=DIRECTION('',(0.,0.,1.));
#9222=DIRECTION('',(1.,0.,-0.));
#9223=AXIS2_PLACEMENT_3D('',#9220,#9221,#9222);
#9224=TOROIDAL_SURFACE('',#9223,3.,0.5);
#9225=ORIENTED_EDGE('',*,*,#9190,.T.);
#9226=ORIENTED_EDGE('',*,*,#8288,.F.);
#9227=CARTESIAN_POINT('',(123.661717163,-93.270003,-0.5));
#9228=DIRECTION('',(-1.,0.,0.));
#9229=DIRECTION('',(0.,0.,1.));
#9230=AXIS2_PLACEMENT_3D('',#9227,#9228,#9229);
#9231=CIRCLE('',#9230,0.5);
#9232=EDGE_CURVE('',#2125,#8276,#9231,.T.);
#9233=ORIENTED_EDGE('',*,*,#9232,.F.);
#9234=ORIENTED_EDGE('',*,*,#2131,.F.);
#9235=EDGE_LOOP('',(#9225,#9226,#9233,#9234));
#9236=FACE_BOUND('',#9235,.T.);
#9237=ADVANCED_FACE('',(#9236),#9224,.T.);
#9238=CARTESIAN_POINT('',(-6.59648367,-5.534780491,-0.5));
#9239=DIRECTION('',(0.642765357,-0.766063115,0.));
#9240=DIRECTION('',(0.766063115,0.642765357,0.));
#9241=AXIS2_PLACEMENT_3D('',#9238,#9239,#9240);
#9242=CYLINDRICAL_SURFACE('',#9241,0.5);
#9243=ORIENTED_EDGE('',*,*,#9214,.T.);
#9244=ORIENTED_EDGE('',*,*,#1944,.F.);
#9245=CARTESIAN_POINT('',(127.252503974,-165.059202928,-0.5));
#9246=DIRECTION('',(-0.642765357,0.766063115,0.));
#9247=DIRECTION('',(-0.766063115,-0.642765357,0.));
#9248=AXIS2_PLACEMENT_3D('',#9245,#9246,#9247);
#9249=CIRCLE('',#9248,0.5);
#9250=EDGE_CURVE('',#7401,#1930,#9249,.T.);
#9251=ORIENTED_EDGE('',*,*,#9250,.F.);
#9252=ORIENTED_EDGE('',*,*,#7445,.F.);
#9253=EDGE_LOOP('',(#9243,#9244,#9251,#9252));
#9254=FACE_BOUND('',#9253,.T.);
#9255=ADVANCED_FACE('',(#9254),#9242,.T.);
#9256=CARTESIAN_POINT('',(0.,-93.270003,-0.5));
#9257=DIRECTION('',(-1.,0.,0.));
#9258=DIRECTION('',(0.,0.,1.));
#9259=AXIS2_PLACEMENT_3D('',#9256,#9257,#9258);
#9260=CYLINDRICAL_SURFACE('',#9259,0.5);
#9261=ORIENTED_EDGE('',*,*,#9232,.T.);
#9262=ORIENTED_EDGE('',*,*,#8320,.F.);
#9263=CARTESIAN_POINT('',(111.910004197,-93.270003,-0.5));
#9264=DIRECTION('',(-0.999985283,0.005425355,0.));
#9265=DIRECTION('',(-0.005425355,-0.999985283,0.));
#9266=AXIS2_PLACEMENT_3D('',#9263,#9264,#9265);
#9267=CIRCLE('',#9266,0.5);
#9268=EDGE_CURVE('',#2134,#8309,#9267,.T.);
#9269=ORIENTED_EDGE('',*,*,#9268,.F.);
#9270=ORIENTED_EDGE('',*,*,#2139,.F.);
#9271=EDGE_LOOP('',(#9261,#9262,#9269,#9270));
#9272=FACE_BOUND('',#9271,.T.);
#9273=ADVANCED_FACE('',(#9272),#9260,.T.);
#9274=CARTESIAN_POINT('',(124.95431463,-166.987499,-0.5));
#9275=DIRECTION('',(0.,0.,1.));
#9276=DIRECTION('',(1.,0.,-0.));
#9277=AXIS2_PLACEMENT_3D('',#9274,#9275,#9276);
#9278=TOROIDAL_SURFACE('',#9277,3.,0.5);
#9279=ORIENTED_EDGE('',*,*,#9250,.T.);
#9280=ORIENTED_EDGE('',*,*,#1936,.F.);
#9281=CARTESIAN_POINT('',(124.95431463,-163.987499,-0.5));
#9282=DIRECTION('',(-1.,0.,0.));
#9283=DIRECTION('',(0.,0.,1.));
#9284=AXIS2_PLACEMENT_3D('',#9281,#9282,#9283);
#9285=CIRCLE('',#9284,0.5);
#9286=EDGE_CURVE('',#7370,#1922,#9285,.T.);
#9287=ORIENTED_EDGE('',*,*,#9286,.F.);
#9288=ORIENTED_EDGE('',*,*,#7413,.F.);
#9289=EDGE_LOOP('',(#9279,#9280,#9287,#9288));
#9290=FACE_BOUND('',#9289,.T.);
#9291=ADVANCED_FACE('',(#9290),#9278,.T.);
#9292=CARTESIAN_POINT('',(111.87620114,-99.500382731,-0.5));
#9293=DIRECTION('',(0.,0.,1.));
#9294=DIRECTION('',(1.,0.,-0.));
#9295=AXIS2_PLACEMENT_3D('',#9292,#9293,#9294);
#9296=TOROIDAL_SURFACE('',#9295,6.230478788,0.5);
#9297=ORIENTED_EDGE('',*,*,#9268,.T.);
#9298=ORIENTED_EDGE('',*,*,#8352,.F.);
#9299=CARTESIAN_POINT('',(106.511240655,-96.332407836,-0.5));
#9300=DIRECTION('',(-0.513501754,-0.858088543,0.));
#9301=DIRECTION('',(0.858088543,-0.513501754,0.));
#9302=AXIS2_PLACEMENT_3D('',#9299,#9300,#9301);
#9303=CIRCLE('',#9302,0.5);
#9304=EDGE_CURVE('',#2142,#8340,#9303,.T.);
#9305=ORIENTED_EDGE('',*,*,#9304,.F.);
#9306=ORIENTED_EDGE('',*,*,#2148,.F.);
#9307=EDGE_LOOP('',(#9297,#9298,#9305,#9306));
#9308=FACE_BOUND('',#9307,.T.);
#9309=ADVANCED_FACE('',(#9308),#9296,.T.);
#9310=CARTESIAN_POINT('',(0.,-163.987499,-0.5));
#9311=DIRECTION('',(1.,0.,0.));
#9312=DIRECTION('',(0.,0.,-1.));
#9313=AXIS2_PLACEMENT_3D('',#9310,#9311,#9312);
#9314=CYLINDRICAL_SURFACE('',#9313,0.5);
#9315=ORIENTED_EDGE('',*,*,#9286,.T.);
#9316=ORIENTED_EDGE('',*,*,#1927,.F.);
#9317=CARTESIAN_POINT('',(73.387241,-163.987499,-0.5));
#9318=DIRECTION('',(-1.,0.,0.));
#9319=DIRECTION('',(0.,0.,1.));
#9320=AXIS2_PLACEMENT_3D('',#9317,#9318,#9319);
#9321=CIRCLE('',#9320,0.5);
#9322=EDGE_CURVE('',#7337,#1913,#9321,.T.);
#9323=ORIENTED_EDGE('',*,*,#9322,.F.);
#9324=ORIENTED_EDGE('',*,*,#7381,.F.);
#9325=EDGE_LOOP('',(#9315,#9316,#9323,#9324));
#9326=FACE_BOUND('',#9325,.T.);
#9327=ADVANCED_FACE('',(#9326),#9314,.T.);
#9328=CARTESIAN_POINT('',(120.872860052,-72.333373151,-0.5));
#9329=DIRECTION('',(-0.513501834,-0.858088496,0.));
#9330=DIRECTION('',(0.858088496,-0.513501834,0.));
#9331=AXIS2_PLACEMENT_3D('',#9328,#9329,#9330);
#9332=CYLINDRICAL_SURFACE('',#9331,0.5);
#9333=ORIENTED_EDGE('',*,*,#9304,.T.);
#9334=ORIENTED_EDGE('',*,*,#8384,.F.);
#9335=CARTESIAN_POINT('',(106.459832645,-96.418297838,-0.));
#9336=CARTESIAN_POINT('',(106.344564801,-96.353868503,0.));
#9337=CARTESIAN_POINT('',(106.231342364,-96.290748415,-0.054375373));
#9338=CARTESIAN_POINT('',(106.150785402,-96.245920214,-0.146599395));
#9339=CARTESIAN_POINT('',(106.110506921,-96.223506113,-0.192711406));
#9340=CARTESIAN_POINT('',(106.078064133,-96.205474062,-0.248147499));
#9341=CARTESIAN_POINT('',(106.056141339,-96.193293559,-0.308666033));
#9342=CARTESIAN_POINT('',(106.034218544,-96.181113056,-0.369184568));
#9343=CARTESIAN_POINT('',(106.022854726,-96.174804503,-0.433972957));
#9344=CARTESIAN_POINT('',(106.022854726,-96.174804503,-0.5));
#9345=B_SPLINE_CURVE_WITH_KNOTS('',3,(#9335,#9336,#9337,#9338,#9339,#9340,#9341,#9342,#9343,#9344),.UNSPECIFIED.,.F.,.F.,(4,3,3,4),(0.,0.000390538,0.000585807,0.000781076),.UNSPECIFIED.);
#9346=EDGE_CURVE('',#2151,#8373,#9345,.T.);
#9347=ORIENTED_EDGE('',*,*,#9346,.F.);
#9348=ORIENTED_EDGE('',*,*,#2156,.F.);
#9349=EDGE_LOOP('',(#9333,#9334,#9347,#9348));
#9350=FACE_BOUND('',#9349,.T.);
#9351=ADVANCED_FACE('',(#9350),#9332,.T.);
#9352=CARTESIAN_POINT('',(73.387241,-157.712499,-0.5));
#9353=DIRECTION('',(0.,0.,1.));
#9354=DIRECTION('',(1.,0.,-0.));
#9355=AXIS2_PLACEMENT_3D('',#9352,#9353,#9354);
#9356=TOROIDAL_SURFACE('',#9355,6.275,0.5);
#9357=ORIENTED_EDGE('',*,*,#9322,.T.);
#9358=ORIENTED_EDGE('',*,*,#1919,.F.);
#9359=CARTESIAN_POINT('',(67.112241,-157.712499,-0.5));
#9360=DIRECTION('',(0.,1.,0.));
#9361=DIRECTION('',(0.,-0.,1.));
#9362=AXIS2_PLACEMENT_3D('',#9359,#9360,#9361);
#9363=CIRCLE('',#9362,0.5);
#9364=EDGE_CURVE('',#7297,#1905,#9363,.T.);
#9365=ORIENTED_EDGE('',*,*,#9364,.F.);
#9366=ORIENTED_EDGE('',*,*,#7349,.F.);
#9367=EDGE_LOOP('',(#9357,#9358,#9365,#9366));
#9368=FACE_BOUND('',#9367,.T.);
#9369=ADVANCED_FACE('',(#9368),#9356,.T.);
#9370=CARTESIAN_POINT('',(103.799086529,-95.032502,-0.5));
#9371=DIRECTION('',(0.,0.,1.));
#9372=DIRECTION('',(1.,0.,-0.));
#9373=AXIS2_PLACEMENT_3D('',#9370,#9371,#9372);
#9374=TOROIDAL_SURFACE('',#9373,3.,0.5);
#9375=ORIENTED_EDGE('',*,*,#9346,.T.);
#9376=ORIENTED_EDGE('',*,*,#8416,.F.);
#9377=CARTESIAN_POINT('',(103.799086529,-98.032502,-0.5));
#9378=DIRECTION('',(-1.,0.,0.));
#9379=DIRECTION('',(0.,0.,1.));
#9380=AXIS2_PLACEMENT_3D('',#9377,#9378,#9379);
#9381=CIRCLE('',#9380,0.5);
#9382=EDGE_CURVE('',#2159,#8404,#9381,.T.);
#9383=ORIENTED_EDGE('',*,*,#9382,.F.);
#9384=ORIENTED_EDGE('',*,*,#2165,.F.);
#9385=EDGE_LOOP('',(#9375,#9376,#9383,#9384));
#9386=FACE_BOUND('',#9385,.T.);
#9387=ADVANCED_FACE('',(#9386),#9374,.T.);
#9388=CARTESIAN_POINT('',(67.112241,0.,-0.5));
#9389=DIRECTION('',(0.,-1.,0.));
#9390=DIRECTION('',(0.,0.,-1.));
#9391=AXIS2_PLACEMENT_3D('',#9388,#9389,#9390);
#9392=CYLINDRICAL_SURFACE('',#9391,0.5);
#9393=ORIENTED_EDGE('',*,*,#9364,.T.);
#9394=ORIENTED_EDGE('',*,*,#1910,.F.);
#9395=CARTESIAN_POINT('',(67.112241,-104.292499695,-0.5));
#9396=DIRECTION('',(0.,1.,0.));
#9397=DIRECTION('',(0.,-0.,1.));
#9398=AXIS2_PLACEMENT_3D('',#9395,#9396,#9397);
#9399=CIRCLE('',#9398,0.5);
#9400=EDGE_CURVE('',#7305,#1896,#9399,.T.);
#9401=ORIENTED_EDGE('',*,*,#9400,.F.);
#9402=ORIENTED_EDGE('',*,*,#7310,.F.);
#9403=EDGE_LOOP('',(#9393,#9394,#9401,#9402));
#9404=FACE_BOUND('',#9403,.T.);
#9405=ADVANCED_FACE('',(#9404),#9392,.T.);
#9406=CARTESIAN_POINT('',(0.,-98.032502,-0.5));
#9407=DIRECTION('',(-1.,0.,0.));
#9408=DIRECTION('',(0.,0.,1.));
#9409=AXIS2_PLACEMENT_3D('',#9406,#9407,#9408);
#9410=CYLINDRICAL_SURFACE('',#9409,0.5);
#9411=ORIENTED_EDGE('',*,*,#9382,.T.);
#9412=ORIENTED_EDGE('',*,*,#8448,.F.);
#9413=CARTESIAN_POINT('',(91.044023922,-98.032502,-0.5));
#9414=DIRECTION('',(-0.99998615,0.005263014,0.));
#9415=DIRECTION('',(-0.005263014,-0.99998615,0.));
#9416=AXIS2_PLACEMENT_3D('',#9413,#9414,#9415);
#9417=CIRCLE('',#9416,0.5);
#9418=EDGE_CURVE('',#1870,#8437,#9417,.T.);
#9419=ORIENTED_EDGE('',*,*,#9418,.F.);
#9420=ORIENTED_EDGE('',*,*,#2171,.F.);
#9421=EDGE_LOOP('',(#9411,#9412,#9419,#9420));
#9422=FACE_BOUND('',#9421,.T.);
#9423=ADVANCED_FACE('',(#9422),#9410,.T.);
#9424=CARTESIAN_POINT('',(73.387241,-104.292502,-0.5));
#9425=DIRECTION('',(0.,0.,1.));
#9426=DIRECTION('',(1.,0.,-0.));
#9427=AXIS2_PLACEMENT_3D('',#9424,#9425,#9426);
#9428=TOROIDAL_SURFACE('',#9427,6.275,0.5);
#9429=ORIENTED_EDGE('',*,*,#9400,.T.);
#9430=ORIENTED_EDGE('',*,*,#1902,.F.);
#9431=CARTESIAN_POINT('',(73.387241,-98.017502,-0.5));
#9432=DIRECTION('',(1.,0.,0.));
#9433=DIRECTION('',(-0.,1.,0.));
#9434=AXIS2_PLACEMENT_3D('',#9431,#9432,#9433);
#9435=CIRCLE('',#9434,0.5);
#9436=EDGE_CURVE('',#8530,#1888,#9435,.T.);
#9437=ORIENTED_EDGE('',*,*,#9436,.F.);
#9438=ORIENTED_EDGE('',*,*,#8693,.F.);
#9439=EDGE_LOOP('',(#9429,#9430,#9437,#9438));
#9440=FACE_BOUND('',#9439,.T.);
#9441=ADVANCED_FACE('',(#9440),#9428,.T.);
#9442=CARTESIAN_POINT('',(-0.513424462,-97.550613599,-0.5));
#9443=DIRECTION('',(-0.99998615,0.005263087,0.));
#9444=DIRECTION('',(-0.005263087,-0.99998615,0.));
#9445=AXIS2_PLACEMENT_3D('',#9442,#9443,#9444);
#9446=CYLINDRICAL_SURFACE('',#9445,0.5);
#9447=ORIENTED_EDGE('',*,*,#9418,.T.);
#9448=ORIENTED_EDGE('',*,*,#8479,.F.);
#9449=CARTESIAN_POINT('',(88.339439752,-98.018260416,-0.5));
#9450=DIRECTION('',(-0.998714716,0.050684483,0.));
#9451=DIRECTION('',(0.050684483,0.998714716,0.));
#9452=AXIS2_PLACEMENT_3D('',#9449,#9450,#9451);
#9453=ELLIPSE('',#9452,0.500516713,0.5);
#9454=EDGE_CURVE('',#1872,#8468,#9453,.T.);
#9455=ORIENTED_EDGE('',*,*,#9454,.F.);
#9456=ORIENTED_EDGE('',*,*,#1877,.F.);
#9457=EDGE_LOOP('',(#9447,#9448,#9455,#9456));
#9458=FACE_BOUND('',#9457,.T.);
#9459=ADVANCED_FACE('',(#9458),#9446,.T.);
#9460=CARTESIAN_POINT('',(0.,-98.017502,-0.5));
#9461=DIRECTION('',(-1.,0.,0.));
#9462=DIRECTION('',(0.,0.,1.));
#9463=AXIS2_PLACEMENT_3D('',#9460,#9461,#9462);
#9464=CYLINDRICAL_SURFACE('',#9463,0.5);
#9465=ORIENTED_EDGE('',*,*,#9436,.T.);
#9466=ORIENTED_EDGE('',*,*,#1893,.F.);
#9467=CARTESIAN_POINT('',(88.331576171,-98.017502,-0.5));
#9468=DIRECTION('',(0.998844636,-0.048056137,-0.));
#9469=DIRECTION('',(-0.048056137,-0.998844636,0.));
#9470=AXIS2_PLACEMENT_3D('',#9467,#9468,#9469);
#9471=ELLIPSE('',#9470,0.50057835,0.5);
#9472=EDGE_CURVE('',#8499,#1880,#9471,.T.);
#9473=ORIENTED_EDGE('',*,*,#9472,.F.);
#9474=ORIENTED_EDGE('',*,*,#8541,.F.);
#9475=EDGE_LOOP('',(#9465,#9466,#9473,#9474));
#9476=FACE_BOUND('',#9475,.T.);
#9477=ADVANCED_FACE('',(#9476),#9464,.T.);
#9478=CARTESIAN_POINT('',(-8.552254198,-88.673376671,-0.5));
#9479=DIRECTION('',(-0.995381215,0.096001229,0.));
#9480=DIRECTION('',(-0.096001229,-0.995381215,0.));
#9481=AXIS2_PLACEMENT_3D('',#9478,#9479,#9480);
#9482=CYLINDRICAL_SURFACE('',#9481,0.5);
#9483=ORIENTED_EDGE('',*,*,#9454,.T.);
#9484=ORIENTED_EDGE('',*,*,#8510,.F.);
#9485=ORIENTED_EDGE('',*,*,#9472,.T.);
#9486=ORIENTED_EDGE('',*,*,#1885,.F.);
#9487=EDGE_LOOP('',(#9483,#9484,#9485,#9486));
#9488=FACE_BOUND('',#9487,.T.);
#9489=ADVANCED_FACE('',(#9488),#9482,.T.);
#9490=CARTESIAN_POINT('',(201.733725947,-99.532496092,-4.085000015));
#9491=DIRECTION('',(0.,0.,-1.));
#9492=DIRECTION('',(-1.,0.,0.));
#9493=AXIS2_PLACEMENT_3D('',#9490,#9491,#9492);
#9494=PLANE('',#9493);
#9495=CARTESIAN_POINT('',(198.513725947,-97.632496092,-4.085000015));
#9496=VERTEX_POINT('',#9495);
#9497=CARTESIAN_POINT('',(198.513725947,-99.532496092,-4.085000015));
#9498=DIRECTION('',(0.,1.,0.));
#9499=VECTOR('',#9498,1.9);
#9500=LINE('',#9497,#9499);
#9501=EDGE_CURVE('',#7229,#9496,#9500,.T.);
#9502=ORIENTED_EDGE('',*,*,#9501,.T.);
#9503=CARTESIAN_POINT('',(204.953725947,-97.632496092,-4.085000015));
#9504=VERTEX_POINT('',#9503);
#9505=CARTESIAN_POINT('',(198.513725947,-97.632496092,-4.085000015));
#9506=DIRECTION('',(1.,0.,-0.));
#9507=VECTOR('',#9506,6.44);
#9508=LINE('',#9505,#9507);
#9509=EDGE_CURVE('',#9496,#9504,#9508,.T.);
#9510=ORIENTED_EDGE('',*,*,#9509,.T.);
#9511=CARTESIAN_POINT('',(204.953725947,-99.532496092,-4.085000015));
#9512=DIRECTION('',(0.,1.,0.));
#9513=VECTOR('',#9512,1.9);
#9514=LINE('',#9511,#9513);
#9515=EDGE_CURVE('',#7238,#9504,#9514,.T.);
#9516=ORIENTED_EDGE('',*,*,#9515,.F.);
#9517=ORIENTED_EDGE('',*,*,#7243,.T.);
#9518=EDGE_LOOP('',(#9502,#9510,#9516,#9517));
#9519=FACE_BOUND('',#9518,.T.);
#9520=ADVANCED_FACE('',(#9519),#9494,.T.);
#9521=CARTESIAN_POINT('',(204.953725947,-99.532496092,-5.335000015));
#9522=DIRECTION('',(0.,1.,0.));
#9523=DIRECTION('',(0.,-0.,1.));
#9524=AXIS2_PLACEMENT_3D('',#9521,#9522,#9523);
#9525=CYLINDRICAL_SURFACE('',#9524,1.25);
#9526=ORIENTED_EDGE('',*,*,#9515,.T.);
#9527=CARTESIAN_POINT('',(206.203725947,-97.632496092,-5.335000015));
#9528=VERTEX_POINT('',#9527);
#9529=CARTESIAN_POINT('',(204.953725947,-97.632496092,-5.335000015));
#9530=DIRECTION('',(0.,1.,0.));
#9531=DIRECTION('',(0.,-0.,1.));
#9532=AXIS2_PLACEMENT_3D('',#9529,#9530,#9531);
#9533=CIRCLE('',#9532,1.25);
#9534=EDGE_CURVE('',#9504,#9528,#9533,.T.);
#9535=ORIENTED_EDGE('',*,*,#9534,.T.);
#9536=CARTESIAN_POINT('',(206.203725947,-99.532496092,-5.335000015));
#9537=DIRECTION('',(0.,1.,0.));
#9538=VECTOR('',#9537,1.9);
#9539=LINE('',#9536,#9538);
#9540=EDGE_CURVE('',#7246,#9528,#9539,.T.);
#9541=ORIENTED_EDGE('',*,*,#9540,.F.);
#9542=ORIENTED_EDGE('',*,*,#7252,.F.);
#9543=EDGE_LOOP('',(#9526,#9535,#9541,#9542));
#9544=FACE_BOUND('',#9543,.T.);
#9545=ADVANCED_FACE('',(#9544),#9525,.F.);
#9546=CARTESIAN_POINT('',(206.203725947,-99.532496092,-5.690000015));
#9547=DIRECTION('',(-1.,0.,0.));
#9548=DIRECTION('',(0.,0.,1.));
#9549=AXIS2_PLACEMENT_3D('',#9546,#9547,#9548);
#9550=PLANE('',#9549);
#9551=ORIENTED_EDGE('',*,*,#9540,.T.);
#9552=CARTESIAN_POINT('',(206.203725947,-97.632496092,-6.045000015));
#9553=VERTEX_POINT('',#9552);
#9554=CARTESIAN_POINT('',(206.203725947,-97.632496092,-5.335000015));
#9555=DIRECTION('',(0.,0.,-1.));
#9556=VECTOR('',#9555,0.71);
#9557=LINE('',#9554,#9556);
#9558=EDGE_CURVE('',#9528,#9553,#9557,.T.);
#9559=ORIENTED_EDGE('',*,*,#9558,.T.);
#9560=CARTESIAN_POINT('',(206.203725947,-99.532496092,-6.045000015));
#9561=DIRECTION('',(0.,1.,0.));
#9562=VECTOR('',#9561,1.9);
#9563=LINE('',#9560,#9562);
#9564=EDGE_CURVE('',#7255,#9553,#9563,.T.);
#9565=ORIENTED_EDGE('',*,*,#9564,.F.);
#9566=ORIENTED_EDGE('',*,*,#7260,.T.);
#9567=EDGE_LOOP('',(#9551,#9559,#9565,#9566));
#9568=FACE_BOUND('',#9567,.T.);
#9569=ADVANCED_FACE('',(#9568),#9550,.T.);
#9570=CARTESIAN_POINT('',(204.953725947,-99.532496092,-6.045000015));
#9571=DIRECTION('',(0.,1.,0.));
#9572=DIRECTION('',(0.,-0.,1.));
#9573=AXIS2_PLACEMENT_3D('',#9570,#9571,#9572);
#9574=CYLINDRICAL_SURFACE('',#9573,1.25);
#9575=ORIENTED_EDGE('',*,*,#9564,.T.);
#9576=CARTESIAN_POINT('',(204.953725947,-97.632496092,-7.295000015));
#9577=VERTEX_POINT('',#9576);
#9578=CARTESIAN_POINT('',(204.953725947,-97.632496092,-6.045000015));
#9579=DIRECTION('',(0.,1.,0.));
#9580=DIRECTION('',(0.,-0.,1.));
#9581=AXIS2_PLACEMENT_3D('',#9578,#9579,#9580);
#9582=CIRCLE('',#9581,1.25);
#9583=EDGE_CURVE('',#9553,#9577,#9582,.T.);
#9584=ORIENTED_EDGE('',*,*,#9583,.T.);
#9585=CARTESIAN_POINT('',(204.953725947,-99.532496092,-7.295000015));
#9586=DIRECTION('',(0.,1.,0.));
#9587=VECTOR('',#9586,1.9);
#9588=LINE('',#9585,#9587);
#9589=EDGE_CURVE('',#7263,#9577,#9588,.T.);
#9590=ORIENTED_EDGE('',*,*,#9589,.F.);
#9591=ORIENTED_EDGE('',*,*,#7269,.F.);
#9592=EDGE_LOOP('',(#9575,#9584,#9590,#9591));
#9593=FACE_BOUND('',#9592,.T.);
#9594=ADVANCED_FACE('',(#9593),#9574,.F.);
#9595=CARTESIAN_POINT('',(201.733725947,-99.532496092,-7.295000015));
#9596=DIRECTION('',(0.,0.,1.));
#9597=DIRECTION('',(1.,0.,0.));
#9598=AXIS2_PLACEMENT_3D('',#9595,#9596,#9597);
#9599=PLANE('',#9598);
#9600=ORIENTED_EDGE('',*,*,#9589,.T.);
#9601=CARTESIAN_POINT('',(198.513725947,-97.632496092,-7.295000015));
#9602=VERTEX_POINT('',#9601);
#9603=CARTESIAN_POINT('',(204.953725947,-97.632496092,-7.295000015));
#9604=DIRECTION('',(-1.,0.,0.));
#9605=VECTOR('',#9604,6.44);
#9606=LINE('',#9603,#9605);
#9607=EDGE_CURVE('',#9577,#9602,#9606,.T.);
#9608=ORIENTED_EDGE('',*,*,#9607,.T.);
#9609=CARTESIAN_POINT('',(198.513725947,-99.532496092,-7.295000015));
#9610=DIRECTION('',(0.,1.,0.));
#9611=VECTOR('',#9610,1.9);
#9612=LINE('',#9609,#9611);
#9613=EDGE_CURVE('',#7272,#9602,#9612,.T.);
#9614=ORIENTED_EDGE('',*,*,#9613,.F.);
#9615=ORIENTED_EDGE('',*,*,#7277,.T.);
#9616=EDGE_LOOP('',(#9600,#9608,#9614,#9615));
#9617=FACE_BOUND('',#9616,.T.);
#9618=ADVANCED_FACE('',(#9617),#9599,.T.);
#9619=CARTESIAN_POINT('',(198.513725947,-99.532496092,-6.045000015));
#9620=DIRECTION('',(0.,1.,0.));
#9621=DIRECTION('',(0.,-0.,1.));
#9622=AXIS2_PLACEMENT_3D('',#9619,#9620,#9621);
#9623=CYLINDRICAL_SURFACE('',#9622,1.25);
#9624=ORIENTED_EDGE('',*,*,#9613,.T.);
#9625=CARTESIAN_POINT('',(197.263725947,-97.632496092,-6.045000015));
#9626=VERTEX_POINT('',#9625);
#9627=CARTESIAN_POINT('',(198.513725947,-97.632496092,-6.045000015));
#9628=DIRECTION('',(0.,1.,0.));
#9629=DIRECTION('',(0.,-0.,1.));
#9630=AXIS2_PLACEMENT_3D('',#9627,#9628,#9629);
#9631=CIRCLE('',#9630,1.25);
#9632=EDGE_CURVE('',#9602,#9626,#9631,.T.);
#9633=ORIENTED_EDGE('',*,*,#9632,.T.);
#9634=CARTESIAN_POINT('',(197.263725947,-99.532496092,-6.045000015));
#9635=DIRECTION('',(0.,1.,0.));
#9636=VECTOR('',#9635,1.9);
#9637=LINE('',#9634,#9636);
#9638=EDGE_CURVE('',#7221,#9626,#9637,.T.);
#9639=ORIENTED_EDGE('',*,*,#9638,.F.);
#9640=ORIENTED_EDGE('',*,*,#7284,.F.);
#9641=EDGE_LOOP('',(#9624,#9633,#9639,#9640));
#9642=FACE_BOUND('',#9641,.T.);
#9643=ADVANCED_FACE('',(#9642),#9623,.F.);
#9644=CARTESIAN_POINT('',(197.263725947,-99.532496092,-5.690000015));
#9645=DIRECTION('',(1.,0.,0.));
#9646=DIRECTION('',(0.,0.,-1.));
#9647=AXIS2_PLACEMENT_3D('',#9644,#9645,#9646);
#9648=PLANE('',#9647);
#9649=ORIENTED_EDGE('',*,*,#9638,.T.);
#9650=CARTESIAN_POINT('',(197.263725947,-97.632496092,-5.335000015));
#9651=VERTEX_POINT('',#9650);
#9652=CARTESIAN_POINT('',(197.263725947,-97.632496092,-6.045000015));
#9653=DIRECTION('',(0.,0.,1.));
#9654=VECTOR('',#9653,0.71);
#9655=LINE('',#9652,#9654);
#9656=EDGE_CURVE('',#9626,#9651,#9655,.T.);
#9657=ORIENTED_EDGE('',*,*,#9656,.T.);
#9658=CARTESIAN_POINT('',(197.263725947,-99.532496078,-5.335000015));
#9659=DIRECTION('',(0.,1.,0.));
#9660=VECTOR('',#9659,1.899999986);
#9661=LINE('',#9658,#9660);
#9662=EDGE_CURVE('',#7219,#9651,#9661,.T.);
#9663=ORIENTED_EDGE('',*,*,#9662,.F.);
#9664=ORIENTED_EDGE('',*,*,#7226,.T.);
#9665=EDGE_LOOP('',(#9649,#9657,#9663,#9664));
#9666=FACE_BOUND('',#9665,.T.);
#9667=ADVANCED_FACE('',(#9666),#9648,.T.);
#9668=CARTESIAN_POINT('',(198.513725947,-99.532496092,-5.335000015));
#9669=DIRECTION('',(0.,1.,0.));
#9670=DIRECTION('',(0.,-0.,1.));
#9671=AXIS2_PLACEMENT_3D('',#9668,#9669,#9670);
#9672=CYLINDRICAL_SURFACE('',#9671,1.25);
#9673=ORIENTED_EDGE('',*,*,#9662,.T.);
#9674=CARTESIAN_POINT('',(198.513725947,-97.632496092,-5.335000015));
#9675=DIRECTION('',(0.,1.,0.));
#9676=DIRECTION('',(0.,-0.,1.));
#9677=AXIS2_PLACEMENT_3D('',#9674,#9675,#9676);
#9678=CIRCLE('',#9677,1.25);
#9679=EDGE_CURVE('',#9651,#9496,#9678,.T.);
#9680=ORIENTED_EDGE('',*,*,#9679,.T.);
#9681=ORIENTED_EDGE('',*,*,#9501,.F.);
#9682=ORIENTED_EDGE('',*,*,#7235,.F.);
#9683=EDGE_LOOP('',(#9673,#9680,#9681,#9682));
#9684=FACE_BOUND('',#9683,.T.);
#9685=ADVANCED_FACE('',(#9684),#9672,.F.);
#9686=CARTESIAN_POINT('',(183.75,-99.532496092,-3.709999997));
#9687=DIRECTION('',(-1.,0.,0.));
#9688=DIRECTION('',(0.,0.,1.));
#9689=AXIS2_PLACEMENT_3D('',#9686,#9687,#9688);
#9690=PLANE('',#9689);
#9691=CARTESIAN_POINT('',(183.75,-97.632496092,-3.885));
#9692=VERTEX_POINT('',#9691);
#9693=CARTESIAN_POINT('',(183.75,-99.532496092,-3.885));
#9694=DIRECTION('',(0.,1.,0.));
#9695=VECTOR('',#9694,1.9);
#9696=LINE('',#9693,#9695);
#9697=EDGE_CURVE('',#7143,#9692,#9696,.T.);
#9698=ORIENTED_EDGE('',*,*,#9697,.T.);
#9699=CARTESIAN_POINT('',(183.75,-97.632496092,-3.534999993));
#9700=VERTEX_POINT('',#9699);
#9701=CARTESIAN_POINT('',(183.75,-97.632496092,-3.885));
#9702=DIRECTION('',(0.,0.,1.));
#9703=VECTOR('',#9702,0.350000007);
#9704=LINE('',#9701,#9703);
#9705=EDGE_CURVE('',#9692,#9700,#9704,.T.);
#9706=ORIENTED_EDGE('',*,*,#9705,.T.);
#9707=CARTESIAN_POINT('',(183.75,-97.632496092,-3.534999993));
#9708=DIRECTION('',(-0.,-1.,-0.));
#9709=VECTOR('',#9708,1.9);
#9710=LINE('',#9707,#9709);
#9711=EDGE_CURVE('',#9700,#7152,#9710,.T.);
#9712=ORIENTED_EDGE('',*,*,#9711,.T.);
#9713=ORIENTED_EDGE('',*,*,#7157,.F.);
#9714=EDGE_LOOP('',(#9698,#9706,#9712,#9713));
#9715=FACE_BOUND('',#9714,.T.);
#9716=ADVANCED_FACE('',(#9715),#9690,.F.);
#9717=CARTESIAN_POINT('',(187.,-99.532496092,-3.034999993));
#9718=DIRECTION('',(0.,0.,1.));
#9719=DIRECTION('',(1.,0.,0.));
#9720=AXIS2_PLACEMENT_3D('',#9717,#9718,#9719);
#9721=PLANE('',#9720);
#9722=CARTESIAN_POINT('',(184.25,-97.632496092,-3.034999993));
#9723=VERTEX_POINT('',#9722);
#9724=CARTESIAN_POINT('',(184.25,-99.532496092,-3.034999993));
#9725=DIRECTION('',(0.,1.,0.));
#9726=VECTOR('',#9725,1.9);
#9727=LINE('',#9724,#9726);
#9728=EDGE_CURVE('',#7160,#9723,#9727,.T.);
#9729=ORIENTED_EDGE('',*,*,#9728,.T.);
#9730=CARTESIAN_POINT('',(189.75,-97.632496092,-3.034999993));
#9731=VERTEX_POINT('',#9730);
#9732=CARTESIAN_POINT('',(184.25,-97.632496092,-3.034999993));
#9733=DIRECTION('',(1.,0.,-0.));
#9734=VECTOR('',#9733,5.5);
#9735=LINE('',#9732,#9734);
#9736=EDGE_CURVE('',#9723,#9731,#9735,.T.);
#9737=ORIENTED_EDGE('',*,*,#9736,.T.);
#9738=CARTESIAN_POINT('',(189.75,-97.632496092,-3.034999993));
#9739=DIRECTION('',(-0.,-1.,-0.));
#9740=VECTOR('',#9739,1.9);
#9741=LINE('',#9738,#9740);
#9742=EDGE_CURVE('',#9731,#7169,#9741,.T.);
#9743=ORIENTED_EDGE('',*,*,#9742,.T.);
#9744=ORIENTED_EDGE('',*,*,#7174,.F.);
#9745=EDGE_LOOP('',(#9729,#9737,#9743,#9744));
#9746=FACE_BOUND('',#9745,.T.);
#9747=ADVANCED_FACE('',(#9746),#9721,.F.);
#9748=CARTESIAN_POINT('',(190.25,-99.532496092,-3.709999997));
#9749=DIRECTION('',(1.,0.,0.));
#9750=DIRECTION('',(0.,0.,-1.));
#9751=AXIS2_PLACEMENT_3D('',#9748,#9749,#9750);
#9752=PLANE('',#9751);
#9753=CARTESIAN_POINT('',(190.25,-97.632496092,-3.534999993));
#9754=VERTEX_POINT('',#9753);
#9755=CARTESIAN_POINT('',(190.25,-99.532496092,-3.534999993));
#9756=DIRECTION('',(0.,1.,0.));
#9757=VECTOR('',#9756,1.9);
#9758=LINE('',#9755,#9757);
#9759=EDGE_CURVE('',#7177,#9754,#9758,.T.);
#9760=ORIENTED_EDGE('',*,*,#9759,.T.);
#9761=CARTESIAN_POINT('',(190.25,-97.632496092,-3.885));
#9762=VERTEX_POINT('',#9761);
#9763=CARTESIAN_POINT('',(190.25,-97.632496092,-3.534999993));
#9764=DIRECTION('',(0.,0.,-1.));
#9765=VECTOR('',#9764,0.350000007);
#9766=LINE('',#9763,#9765);
#9767=EDGE_CURVE('',#9754,#9762,#9766,.T.);
#9768=ORIENTED_EDGE('',*,*,#9767,.T.);
#9769=CARTESIAN_POINT('',(190.25,-97.632496092,-3.885));
#9770=DIRECTION('',(-0.,-1.,-0.));
#9771=VECTOR('',#9770,1.9);
#9772=LINE('',#9769,#9771);
#9773=EDGE_CURVE('',#9762,#7186,#9772,.T.);
#9774=ORIENTED_EDGE('',*,*,#9773,.T.);
#9775=ORIENTED_EDGE('',*,*,#7191,.F.);
#9776=EDGE_LOOP('',(#9760,#9768,#9774,#9775));
#9777=FACE_BOUND('',#9776,.T.);
#9778=ADVANCED_FACE('',(#9777),#9752,.F.);
#9779=CARTESIAN_POINT('',(187.,-99.532496092,-4.385));
#9780=DIRECTION('',(0.,0.,1.));
#9781=DIRECTION('',(1.,0.,0.));
#9782=AXIS2_PLACEMENT_3D('',#9779,#9780,#9781);
#9783=PLANE('',#9782);
#9784=CARTESIAN_POINT('',(189.75,-97.632496092,-4.385));
#9785=VERTEX_POINT('',#9784);
#9786=CARTESIAN_POINT('',(189.75,-99.532496092,-4.385));
#9787=DIRECTION('',(0.,1.,0.));
#9788=VECTOR('',#9787,1.9);
#9789=LINE('',#9786,#9788);
#9790=EDGE_CURVE('',#7135,#9785,#9789,.T.);
#9791=ORIENTED_EDGE('',*,*,#9790,.T.);
#9792=CARTESIAN_POINT('',(184.25,-97.632496092,-4.385));
#9793=VERTEX_POINT('',#9792);
#9794=CARTESIAN_POINT('',(189.75,-97.632496092,-4.385));
#9795=DIRECTION('',(-1.,0.,0.));
#9796=VECTOR('',#9795,5.5);
#9797=LINE('',#9794,#9796);
#9798=EDGE_CURVE('',#9785,#9793,#9797,.T.);
#9799=ORIENTED_EDGE('',*,*,#9798,.T.);
#9800=CARTESIAN_POINT('',(184.25,-97.632496092,-4.385));
#9801=DIRECTION('',(-0.,-1.,-0.));
#9802=VECTOR('',#9801,1.9);
#9803=LINE('',#9800,#9802);
#9804=EDGE_CURVE('',#9793,#7133,#9803,.T.);
#9805=ORIENTED_EDGE('',*,*,#9804,.T.);
#9806=ORIENTED_EDGE('',*,*,#7140,.T.);
#9807=EDGE_LOOP('',(#9791,#9799,#9805,#9806));
#9808=FACE_BOUND('',#9807,.T.);
#9809=ADVANCED_FACE('',(#9808),#9783,.T.);
#9810=CARTESIAN_POINT('',(184.25,-99.532496092,-3.534999993));
#9811=DIRECTION('',(0.,-1.,0.));
#9812=DIRECTION('',(0.,0.,-1.));
#9813=AXIS2_PLACEMENT_3D('',#9810,#9811,#9812);
#9814=CYLINDRICAL_SURFACE('',#9813,0.5);
#9815=ORIENTED_EDGE('',*,*,#9711,.F.);
#9816=CARTESIAN_POINT('',(184.25,-97.632496092,-3.534999993));
#9817=DIRECTION('',(0.,1.,0.));
#9818=DIRECTION('',(0.,-0.,1.));
#9819=AXIS2_PLACEMENT_3D('',#9816,#9817,#9818);
#9820=CIRCLE('',#9819,0.5);
#9821=EDGE_CURVE('',#9700,#9723,#9820,.T.);
#9822=ORIENTED_EDGE('',*,*,#9821,.T.);
#9823=ORIENTED_EDGE('',*,*,#9728,.F.);
#9824=ORIENTED_EDGE('',*,*,#7166,.F.);
#9825=EDGE_LOOP('',(#9815,#9822,#9823,#9824));
#9826=FACE_BOUND('',#9825,.T.);
#9827=ADVANCED_FACE('',(#9826),#9814,.F.);
#9828=CARTESIAN_POINT('',(184.25,-99.532496092,-3.885));
#9829=DIRECTION('',(0.,1.,0.));
#9830=DIRECTION('',(0.,-0.,1.));
#9831=AXIS2_PLACEMENT_3D('',#9828,#9829,#9830);
#9832=CYLINDRICAL_SURFACE('',#9831,0.5);
#9833=ORIENTED_EDGE('',*,*,#9804,.F.);
#9834=CARTESIAN_POINT('',(184.25,-97.632496092,-3.885));
#9835=DIRECTION('',(0.,1.,0.));
#9836=DIRECTION('',(0.,-0.,1.));
#9837=AXIS2_PLACEMENT_3D('',#9834,#9835,#9836);
#9838=CIRCLE('',#9837,0.5);
#9839=EDGE_CURVE('',#9793,#9692,#9838,.T.);
#9840=ORIENTED_EDGE('',*,*,#9839,.T.);
#9841=ORIENTED_EDGE('',*,*,#9697,.F.);
#9842=ORIENTED_EDGE('',*,*,#7149,.F.);
#9843=EDGE_LOOP('',(#9833,#9840,#9841,#9842));
#9844=FACE_BOUND('',#9843,.T.);
#9845=ADVANCED_FACE('',(#9844),#9832,.F.);
#9846=CARTESIAN_POINT('',(189.75,-99.532496092,-3.534999993));
#9847=DIRECTION('',(0.,-1.,0.));
#9848=DIRECTION('',(0.,0.,-1.));
#9849=AXIS2_PLACEMENT_3D('',#9846,#9847,#9848);
#9850=CYLINDRICAL_SURFACE('',#9849,0.5);
#9851=ORIENTED_EDGE('',*,*,#9742,.F.);
#9852=CARTESIAN_POINT('',(189.75,-97.632496092,-3.534999993));
#9853=DIRECTION('',(0.,1.,0.));
#9854=DIRECTION('',(0.,-0.,1.));
#9855=AXIS2_PLACEMENT_3D('',#9852,#9853,#9854);
#9856=CIRCLE('',#9855,0.5);
#9857=EDGE_CURVE('',#9731,#9754,#9856,.T.);
#9858=ORIENTED_EDGE('',*,*,#9857,.T.);
#9859=ORIENTED_EDGE('',*,*,#9759,.F.);
#9860=ORIENTED_EDGE('',*,*,#7183,.F.);
#9861=EDGE_LOOP('',(#9851,#9858,#9859,#9860));
#9862=FACE_BOUND('',#9861,.T.);
#9863=ADVANCED_FACE('',(#9862),#9850,.F.);
#9864=CARTESIAN_POINT('',(189.75,-99.532496092,-3.885));
#9865=DIRECTION('',(0.,1.,0.));
#9866=DIRECTION('',(0.,-0.,1.));
#9867=AXIS2_PLACEMENT_3D('',#9864,#9865,#9866);
#9868=CYLINDRICAL_SURFACE('',#9867,0.5);
#9869=ORIENTED_EDGE('',*,*,#9773,.F.);
#9870=CARTESIAN_POINT('',(189.75,-97.632496092,-3.885));
#9871=DIRECTION('',(0.,1.,0.));
#9872=DIRECTION('',(0.,-0.,1.));
#9873=AXIS2_PLACEMENT_3D('',#9870,#9871,#9872);
#9874=CIRCLE('',#9873,0.5);
#9875=EDGE_CURVE('',#9762,#9785,#9874,.T.);
#9876=ORIENTED_EDGE('',*,*,#9875,.T.);
#9877=ORIENTED_EDGE('',*,*,#9790,.F.);
#9878=ORIENTED_EDGE('',*,*,#7198,.F.);
#9879=EDGE_LOOP('',(#9869,#9876,#9877,#9878));
#9880=FACE_BOUND('',#9879,.T.);
#9881=ADVANCED_FACE('',(#9880),#9868,.F.);
#9882=CARTESIAN_POINT('',(206.303725947,-97.532496092,-8.));
#9883=DIRECTION('',(0.707106781,-0.707106781,0.));
#9884=DIRECTION('',(0.,0.,1.));
#9885=AXIS2_PLACEMENT_3D('',#9882,#9883,#9884);
#9886=PLANE('',#9885);
#9887=CARTESIAN_POINT('',(206.203725947,-97.632496092,-6.045000015));
#9888=DIRECTION('',(0.707106781,0.707106781,0.));
#9889=VECTOR('',#9888,0.141421356);
#9890=LINE('',#9887,#9889);
#9891=EDGE_CURVE('',#9553,#7889,#9890,.T.);
#9892=ORIENTED_EDGE('',*,*,#9891,.F.);
#9893=ORIENTED_EDGE('',*,*,#9558,.F.);
#9894=CARTESIAN_POINT('',(206.303725947,-97.532496092,-5.335000015));
#9895=DIRECTION('',(-0.707106781,-0.707106781,0.));
#9896=VECTOR('',#9895,0.141421356);
#9897=LINE('',#9894,#9896);
#9898=EDGE_CURVE('',#7898,#9528,#9897,.T.);
#9899=ORIENTED_EDGE('',*,*,#9898,.F.);
#9900=ORIENTED_EDGE('',*,*,#7903,.F.);
#9901=EDGE_LOOP('',(#9892,#9893,#9899,#9900));
#9902=FACE_BOUND('',#9901,.T.);
#9903=ADVANCED_FACE('',(#9902),#9886,.F.);
#9904=CARTESIAN_POINT('',(204.953725947,-97.632496092,-5.335000015));
#9905=DIRECTION('',(0.,1.,0.));
#9906=DIRECTION('',(0.,-0.,1.));
#9907=AXIS2_PLACEMENT_3D('',#9904,#9905,#9906);
#9908=CONICAL_SURFACE('',#9907,1.25,45.);
#9909=ORIENTED_EDGE('',*,*,#9898,.T.);
#9910=ORIENTED_EDGE('',*,*,#9534,.F.);
#9911=CARTESIAN_POINT('',(204.953725947,-97.532496092,-3.985000015));
#9912=DIRECTION('',(0.,-0.707106781,-0.707106781));
#9913=VECTOR('',#9912,0.141421356);
#9914=LINE('',#9911,#9913);
#9915=EDGE_CURVE('',#7906,#9504,#9914,.T.);
#9916=ORIENTED_EDGE('',*,*,#9915,.F.);
#9917=ORIENTED_EDGE('',*,*,#7912,.F.);
#9918=EDGE_LOOP('',(#9909,#9910,#9916,#9917));
#9919=FACE_BOUND('',#9918,.T.);
#9920=ADVANCED_FACE('',(#9919),#9908,.F.);
#9921=CARTESIAN_POINT('',(204.953725947,-97.632496092,-6.045000015));
#9922=DIRECTION('',(0.,1.,0.));
#9923=DIRECTION('',(0.,-0.,1.));
#9924=AXIS2_PLACEMENT_3D('',#9921,#9922,#9923);
#9925=CONICAL_SURFACE('',#9924,1.25,45.);
#9926=ORIENTED_EDGE('',*,*,#9891,.T.);
#9927=ORIENTED_EDGE('',*,*,#7895,.F.);
#9928=CARTESIAN_POINT('',(204.953725947,-97.632496092,-7.295000015));
#9929=DIRECTION('',(0.,0.707106781,-0.707106781));
#9930=VECTOR('',#9929,0.141421356);
#9931=LINE('',#9928,#9930);
#9932=EDGE_CURVE('',#9577,#7881,#9931,.T.);
#9933=ORIENTED_EDGE('',*,*,#9932,.F.);
#9934=ORIENTED_EDGE('',*,*,#9583,.F.);
#9935=EDGE_LOOP('',(#9926,#9927,#9933,#9934));
#9936=FACE_BOUND('',#9935,.T.);
#9937=ADVANCED_FACE('',(#9936),#9925,.F.);
#9938=CARTESIAN_POINT('',(190.485357852,-97.532496092,-3.985000015));
#9939=DIRECTION('',(0.,-0.707106781,0.707106781));
#9940=DIRECTION('',(-1.,0.,0.));
#9941=AXIS2_PLACEMENT_3D('',#9938,#9939,#9940);
#9942=PLANE('',#9941);
#9943=ORIENTED_EDGE('',*,*,#9915,.T.);
#9944=ORIENTED_EDGE('',*,*,#9509,.F.);
#9945=CARTESIAN_POINT('',(198.513725947,-97.532496092,-3.985000015));
#9946=DIRECTION('',(0.,-0.707106781,-0.707106781));
#9947=VECTOR('',#9946,0.141421356);
#9948=LINE('',#9945,#9947);
#9949=EDGE_CURVE('',#7853,#9496,#9948,.T.);
#9950=ORIENTED_EDGE('',*,*,#9949,.F.);
#9951=ORIENTED_EDGE('',*,*,#7918,.F.);
#9952=EDGE_LOOP('',(#9943,#9944,#9950,#9951));
#9953=FACE_BOUND('',#9952,.T.);
#9954=ADVANCED_FACE('',(#9953),#9942,.F.);
#9955=CARTESIAN_POINT('',(190.485357852,-97.532496092,-7.395000015));
#9956=DIRECTION('',(0.,-0.707106781,-0.707106781));
#9957=DIRECTION('',(1.,0.,0.));
#9958=AXIS2_PLACEMENT_3D('',#9955,#9956,#9957);
#9959=PLANE('',#9958);
#9960=ORIENTED_EDGE('',*,*,#9932,.T.);
#9961=ORIENTED_EDGE('',*,*,#7886,.F.);
#9962=CARTESIAN_POINT('',(198.513725947,-97.632496092,-7.295000015));
#9963=DIRECTION('',(0.,0.707106781,-0.707106781));
#9964=VECTOR('',#9963,0.141421356);
#9965=LINE('',#9962,#9964);
#9966=EDGE_CURVE('',#9602,#7872,#9965,.T.);
#9967=ORIENTED_EDGE('',*,*,#9966,.F.);
#9968=ORIENTED_EDGE('',*,*,#9607,.F.);
#9969=EDGE_LOOP('',(#9960,#9961,#9967,#9968));
#9970=FACE_BOUND('',#9969,.T.);
#9971=ADVANCED_FACE('',(#9970),#9959,.F.);
#9972=CARTESIAN_POINT('',(198.513725947,-97.632496092,-5.335000015));
#9973=DIRECTION('',(0.,1.,0.));
#9974=DIRECTION('',(0.,-0.,1.));
#9975=AXIS2_PLACEMENT_3D('',#9972,#9973,#9974);
#9976=CONICAL_SURFACE('',#9975,1.25,45.);
#9977=ORIENTED_EDGE('',*,*,#9949,.T.);
#9978=ORIENTED_EDGE('',*,*,#9679,.F.);
#9979=CARTESIAN_POINT('',(197.163725947,-97.532496092,-5.335000015));
#9980=DIRECTION('',(0.707106781,-0.707106781,0.));
#9981=VECTOR('',#9980,0.141421356);
#9982=LINE('',#9979,#9981);
#9983=EDGE_CURVE('',#7855,#9651,#9982,.T.);
#9984=ORIENTED_EDGE('',*,*,#9983,.F.);
#9985=ORIENTED_EDGE('',*,*,#7861,.F.);
#9986=EDGE_LOOP('',(#9977,#9978,#9984,#9985));
#9987=FACE_BOUND('',#9986,.T.);
#9988=ADVANCED_FACE('',(#9987),#9976,.F.);
#9989=CARTESIAN_POINT('',(198.513725947,-97.632496092,-6.045000015));
#9990=DIRECTION('',(0.,1.,0.));
#9991=DIRECTION('',(0.,-0.,1.));
#9992=AXIS2_PLACEMENT_3D('',#9989,#9990,#9991);
#9993=CONICAL_SURFACE('',#9992,1.25,45.);
#9994=ORIENTED_EDGE('',*,*,#9966,.T.);
#9995=ORIENTED_EDGE('',*,*,#7878,.F.);
#9996=CARTESIAN_POINT('',(197.263725947,-97.632496092,-6.045000015));
#9997=DIRECTION('',(-0.707106781,0.707106781,0.));
#9998=VECTOR('',#9997,0.141421356);
#9999=LINE('',#9996,#9998);
#10000=EDGE_CURVE('',#9626,#7864,#9999,.T.);
#10001=ORIENTED_EDGE('',*,*,#10000,.F.);
#10002=ORIENTED_EDGE('',*,*,#9632,.F.);
#10003=EDGE_LOOP('',(#9994,#9995,#10001,#10002));
#10004=FACE_BOUND('',#10003,.T.);
#10005=ADVANCED_FACE('',(#10004),#9993,.F.);
#10006=CARTESIAN_POINT('',(197.163725947,-97.532496092,-8.));
#10007=DIRECTION('',(-0.707106781,-0.707106781,0.));
#10008=DIRECTION('',(0.,0.,-1.));
#10009=AXIS2_PLACEMENT_3D('',#10006,#10007,#10008);
#10010=PLANE('',#10009);
#10011=ORIENTED_EDGE('',*,*,#9983,.T.);
#10012=ORIENTED_EDGE('',*,*,#9656,.F.);
#10013=ORIENTED_EDGE('',*,*,#10000,.T.);
#10014=ORIENTED_EDGE('',*,*,#7869,.F.);
#10015=EDGE_LOOP('',(#10011,#10012,#10013,#10014));
#10016=FACE_BOUND('',#10015,.T.);
#10017=ADVANCED_FACE('',(#10016),#10010,.F.);
#10018=CARTESIAN_POINT('',(187.,-97.632496092,-3.034999993));
#10019=DIRECTION('',(0.,0.707106781,-0.707106781));
#10020=DIRECTION('',(-1.,0.,0.));
#10021=AXIS2_PLACEMENT_3D('',#10018,#10019,#10020);
#10022=PLANE('',#10021);
#10023=CARTESIAN_POINT('',(189.75,-97.632496092,-3.034999993));
#10024=DIRECTION('',(0.,0.707106781,0.707106781));
#10025=VECTOR('',#10024,0.141421356);
#10026=LINE('',#10023,#10025);
#10027=EDGE_CURVE('',#9731,#7819,#10026,.T.);
#10028=ORIENTED_EDGE('',*,*,#10027,.F.);
#10029=ORIENTED_EDGE('',*,*,#9736,.F.);
#10030=CARTESIAN_POINT('',(184.25,-97.532496092,-2.934999993));
#10031=DIRECTION('',(0.,-0.707106781,-0.707106781));
#10032=VECTOR('',#10031,0.141421356);
#10033=LINE('',#10030,#10032);
#10034=EDGE_CURVE('',#7828,#9723,#10033,.T.);
#10035=ORIENTED_EDGE('',*,*,#10034,.F.);
#10036=ORIENTED_EDGE('',*,*,#7833,.F.);
#10037=EDGE_LOOP('',(#10028,#10029,#10035,#10036));
#10038=FACE_BOUND('',#10037,.T.);
#10039=ADVANCED_FACE('',(#10038),#10022,.T.);
#10040=CARTESIAN_POINT('',(184.25,-97.532496092,-3.534999993));
#10041=DIRECTION('',(0.,1.,0.));
#10042=DIRECTION('',(0.,-0.,1.));
#10043=AXIS2_PLACEMENT_3D('',#10040,#10041,#10042);
#10044=CONICAL_SURFACE('',#10043,0.6,45.);
#10045=ORIENTED_EDGE('',*,*,#10034,.T.);
#10046=ORIENTED_EDGE('',*,*,#9821,.F.);
#10047=CARTESIAN_POINT('',(183.65,-97.532496092,-3.534999993));
#10048=DIRECTION('',(0.707106781,-0.707106781,0.));
#10049=VECTOR('',#10048,0.141421356);
#10050=LINE('',#10047,#10049);
#10051=EDGE_CURVE('',#7836,#9700,#10050,.T.);
#10052=ORIENTED_EDGE('',*,*,#10051,.F.);
#10053=ORIENTED_EDGE('',*,*,#7842,.F.);
#10054=EDGE_LOOP('',(#10045,#10046,#10052,#10053));
#10055=FACE_BOUND('',#10054,.T.);
#10056=ADVANCED_FACE('',(#10055),#10044,.F.);
#10057=CARTESIAN_POINT('',(189.75,-97.532496092,-3.534999993));
#10058=DIRECTION('',(0.,1.,0.));
#10059=DIRECTION('',(0.,-0.,1.));
#10060=AXIS2_PLACEMENT_3D('',#10057,#10058,#10059);
#10061=CONICAL_SURFACE('',#10060,0.6,45.);
#10062=ORIENTED_EDGE('',*,*,#10027,.T.);
#10063=ORIENTED_EDGE('',*,*,#7825,.F.);
#10064=CARTESIAN_POINT('',(190.25,-97.632496092,-3.534999993));
#10065=DIRECTION('',(0.707106781,0.707106781,0.));
#10066=VECTOR('',#10065,0.141421356);
#10067=LINE('',#10064,#10066);
#10068=EDGE_CURVE('',#9754,#7811,#10067,.T.);
#10069=ORIENTED_EDGE('',*,*,#10068,.F.);
#10070=ORIENTED_EDGE('',*,*,#9857,.F.);
#10071=EDGE_LOOP('',(#10062,#10063,#10069,#10070));
#10072=FACE_BOUND('',#10071,.T.);
#10073=ADVANCED_FACE('',(#10072),#10061,.F.);
#10074=CARTESIAN_POINT('',(183.75,-97.632496092,-3.709999997));
#10075=DIRECTION('',(0.707106781,0.707106781,0.));
#10076=DIRECTION('',(0.,0.,-1.));
#10077=AXIS2_PLACEMENT_3D('',#10074,#10075,#10076);
#10078=PLANE('',#10077);
#10079=ORIENTED_EDGE('',*,*,#10051,.T.);
#10080=ORIENTED_EDGE('',*,*,#9705,.F.);
#10081=CARTESIAN_POINT('',(183.65,-97.532496092,-3.885));
#10082=DIRECTION('',(0.707106781,-0.707106781,0.));
#10083=VECTOR('',#10082,0.141421356);
#10084=LINE('',#10081,#10083);
#10085=EDGE_CURVE('',#7783,#9692,#10084,.T.);
#10086=ORIENTED_EDGE('',*,*,#10085,.F.);
#10087=ORIENTED_EDGE('',*,*,#7848,.F.);
#10088=EDGE_LOOP('',(#10079,#10080,#10086,#10087));
#10089=FACE_BOUND('',#10088,.T.);
#10090=ADVANCED_FACE('',(#10089),#10078,.T.);
#10091=CARTESIAN_POINT('',(190.25,-97.632496092,-3.709999997));
#10092=DIRECTION('',(-0.707106781,0.707106781,0.));
#10093=DIRECTION('',(0.,0.,1.));
#10094=AXIS2_PLACEMENT_3D('',#10091,#10092,#10093);
#10095=PLANE('',#10094);
#10096=ORIENTED_EDGE('',*,*,#10068,.T.);
#10097=ORIENTED_EDGE('',*,*,#7816,.F.);
#10098=CARTESIAN_POINT('',(190.25,-97.632496092,-3.885));
#10099=DIRECTION('',(0.707106781,0.707106781,0.));
#10100=VECTOR('',#10099,0.141421356);
#10101=LINE('',#10098,#10100);
#10102=EDGE_CURVE('',#9762,#7802,#10101,.T.);
#10103=ORIENTED_EDGE('',*,*,#10102,.F.);
#10104=ORIENTED_EDGE('',*,*,#9767,.F.);
#10105=EDGE_LOOP('',(#10096,#10097,#10103,#10104));
#10106=FACE_BOUND('',#10105,.T.);
#10107=ADVANCED_FACE('',(#10106),#10095,.T.);
#10108=CARTESIAN_POINT('',(184.25,-97.532496092,-3.885));
#10109=DIRECTION('',(0.,1.,0.));
#10110=DIRECTION('',(0.,-0.,1.));
#10111=AXIS2_PLACEMENT_3D('',#10108,#10109,#10110);
#10112=CONICAL_SURFACE('',#10111,0.6,45.);
#10113=ORIENTED_EDGE('',*,*,#10085,.T.);
#10114=ORIENTED_EDGE('',*,*,#9839,.F.);
#10115=CARTESIAN_POINT('',(184.25,-97.532496092,-4.485));
#10116=DIRECTION('',(0.,-0.707106781,0.707106781));
#10117=VECTOR('',#10116,0.141421356);
#10118=LINE('',#10115,#10117);
#10119=EDGE_CURVE('',#7785,#9793,#10118,.T.);
#10120=ORIENTED_EDGE('',*,*,#10119,.F.);
#10121=ORIENTED_EDGE('',*,*,#7791,.F.);
#10122=EDGE_LOOP('',(#10113,#10114,#10120,#10121));
#10123=FACE_BOUND('',#10122,.T.);
#10124=ADVANCED_FACE('',(#10123),#10112,.F.);
#10125=CARTESIAN_POINT('',(189.75,-97.532496092,-3.885));
#10126=DIRECTION('',(0.,1.,0.));
#10127=DIRECTION('',(0.,-0.,1.));
#10128=AXIS2_PLACEMENT_3D('',#10125,#10126,#10127);
#10129=CONICAL_SURFACE('',#10128,0.6,45.);
#10130=ORIENTED_EDGE('',*,*,#10102,.T.);
#10131=ORIENTED_EDGE('',*,*,#7808,.F.);
#10132=CARTESIAN_POINT('',(189.75,-97.632496092,-4.385));
#10133=DIRECTION('',(0.,0.707106781,-0.707106781));
#10134=VECTOR('',#10133,0.141421356);
#10135=LINE('',#10132,#10134);
#10136=EDGE_CURVE('',#9785,#7794,#10135,.T.);
#10137=ORIENTED_EDGE('',*,*,#10136,.F.);
#10138=ORIENTED_EDGE('',*,*,#9875,.F.);
#10139=EDGE_LOOP('',(#10130,#10131,#10137,#10138));
#10140=FACE_BOUND('',#10139,.T.);
#10141=ADVANCED_FACE('',(#10140),#10129,.F.);
#10142=CARTESIAN_POINT('',(190.485357852,-97.532496092,-4.485));
#10143=DIRECTION('',(0.,-0.707106781,-0.707106781));
#10144=DIRECTION('',(1.,0.,0.));
#10145=AXIS2_PLACEMENT_3D('',#10142,#10143,#10144);
#10146=PLANE('',#10145);
#10147=ORIENTED_EDGE('',*,*,#10119,.T.);
#10148=ORIENTED_EDGE('',*,*,#9798,.F.);
#10149=ORIENTED_EDGE('',*,*,#10136,.T.);
#10150=ORIENTED_EDGE('',*,*,#7799,.F.);
#10151=EDGE_LOOP('',(#10147,#10148,#10149,#10150));
#10152=FACE_BOUND('',#10151,.T.);
#10153=ADVANCED_FACE('',(#10152),#10146,.F.);
#10154=CARTESIAN_POINT('',(107.087241,-150.0075,-1.2));
#10155=DIRECTION('',(-1.,0.,0.));
#10156=DIRECTION('',(0.,0.,1.));
#10157=AXIS2_PLACEMENT_3D('',#10154,#10155,#10156);
#10158=PLANE('',#10157);
#10159=CARTESIAN_POINT('',(107.087241,-156.5075,0.));
#10160=DIRECTION('',(0.,0.,-1.));
#10161=VECTOR('',#10160,1.2);
#10162=LINE('',#10159,#10161);
#10163=EDGE_CURVE('',#2741,#6117,#10162,.T.);
#10164=ORIENTED_EDGE('',*,*,#10163,.F.);
#10165=ORIENTED_EDGE('',*,*,#2746,.F.);
#10166=CARTESIAN_POINT('',(107.087241,-143.5075,0.));
#10167=DIRECTION('',(0.,0.,-1.));
#10168=VECTOR('',#10167,1.2);
#10169=LINE('',#10166,#10168);
#10170=EDGE_CURVE('',#2732,#6126,#10169,.T.);
#10171=ORIENTED_EDGE('',*,*,#10170,.T.);
#10172=ORIENTED_EDGE('',*,*,#6131,.T.);
#10173=EDGE_LOOP('',(#10164,#10165,#10171,#10172));
#10174=FACE_BOUND('',#10173,.T.);
#10175=ADVANCED_FACE('',(#10174),#10158,.T.);
#10176=CARTESIAN_POINT('',(100.037241,-157.0575,-1.2));
#10177=DIRECTION('',(0.,1.,0.));
#10178=DIRECTION('',(0.,0.,1.));
#10179=AXIS2_PLACEMENT_3D('',#10176,#10177,#10178);
#10180=PLANE('',#10179);
#10181=CARTESIAN_POINT('',(93.537241,-157.0575,0.));
#10182=DIRECTION('',(0.,0.,-1.));
#10183=VECTOR('',#10182,1.2);
#10184=LINE('',#10181,#10183);
#10185=EDGE_CURVE('',#2758,#6100,#10184,.T.);
#10186=ORIENTED_EDGE('',*,*,#10185,.F.);
#10187=ORIENTED_EDGE('',*,*,#2763,.F.);
#10188=CARTESIAN_POINT('',(106.589747281,-157.0575,0.));
#10189=DIRECTION('',(0.,0.,-1.));
#10190=VECTOR('',#10189,1.2);
#10191=LINE('',#10188,#10190);
#10192=EDGE_CURVE('',#2749,#6109,#10191,.T.);
#10193=ORIENTED_EDGE('',*,*,#10192,.T.);
#10194=ORIENTED_EDGE('',*,*,#6114,.T.);
#10195=EDGE_LOOP('',(#10186,#10187,#10193,#10194));
#10196=FACE_BOUND('',#10195,.T.);
#10197=ADVANCED_FACE('',(#10196),#10180,.T.);
#10198=CARTESIAN_POINT('',(92.987241,-150.0075,-1.2));
#10199=DIRECTION('',(1.,0.,0.));
#10200=DIRECTION('',(0.,0.,-1.));
#10201=AXIS2_PLACEMENT_3D('',#10198,#10199,#10200);
#10202=PLANE('',#10201);
#10203=CARTESIAN_POINT('',(92.987241,-143.5075,0.));
#10204=DIRECTION('',(0.,0.,-1.));
#10205=VECTOR('',#10204,1.2);
#10206=LINE('',#10203,#10205);
#10207=EDGE_CURVE('',#2704,#6074,#10206,.T.);
#10208=ORIENTED_EDGE('',*,*,#10207,.F.);
#10209=ORIENTED_EDGE('',*,*,#2787,.F.);
#10210=CARTESIAN_POINT('',(92.987241,-156.560006281,0.));
#10211=DIRECTION('',(0.,0.,-1.));
#10212=VECTOR('',#10211,1.2);
#10213=LINE('',#10210,#10212);
#10214=EDGE_CURVE('',#2775,#6083,#10213,.T.);
#10215=ORIENTED_EDGE('',*,*,#10214,.T.);
#10216=ORIENTED_EDGE('',*,*,#6088,.T.);
#10217=EDGE_LOOP('',(#10208,#10209,#10215,#10216));
#10218=FACE_BOUND('',#10217,.T.);
#10219=ADVANCED_FACE('',(#10218),#10202,.T.);
#10220=CARTESIAN_POINT('',(100.037241,-142.9575,-1.2));
#10221=DIRECTION('',(0.,-1.,0.));
#10222=DIRECTION('',(0.,0.,-1.));
#10223=AXIS2_PLACEMENT_3D('',#10220,#10221,#10222);
#10224=PLANE('',#10223);
#10225=CARTESIAN_POINT('',(93.484734719,-142.9575,0.));
#10226=DIRECTION('',(0.,0.,-1.));
#10227=VECTOR('',#10226,1.2);
#10228=LINE('',#10225,#10227);
#10229=EDGE_CURVE('',#2715,#6055,#10228,.T.);
#10230=ORIENTED_EDGE('',*,*,#10229,.T.);
#10231=ORIENTED_EDGE('',*,*,#6062,.T.);
#10232=CARTESIAN_POINT('',(106.589747281,-142.9575,0.));
#10233=DIRECTION('',(0.,0.,-1.));
#10234=VECTOR('',#10233,1.2);
#10235=LINE('',#10232,#10234);
#10236=EDGE_CURVE('',#2724,#6057,#10235,.T.);
#10237=ORIENTED_EDGE('',*,*,#10236,.F.);
#10238=ORIENTED_EDGE('',*,*,#2729,.F.);
#10239=EDGE_LOOP('',(#10230,#10231,#10237,#10238));
#10240=FACE_BOUND('',#10239,.T.);
#10241=ADVANCED_FACE('',(#10240),#10224,.T.);
#10242=CARTESIAN_POINT('',(183.287241,-150.0075,-1.2));
#10243=DIRECTION('',(-1.,0.,0.));
#10244=DIRECTION('',(0.,0.,1.));
#10245=AXIS2_PLACEMENT_3D('',#10242,#10243,#10244);
#10246=PLANE('',#10245);
#10247=CARTESIAN_POINT('',(183.287241,-143.460352381,0.));
#10248=DIRECTION('',(0.,0.,-1.));
#10249=VECTOR('',#10248,1.2);
#10250=LINE('',#10247,#10249);
#10251=EDGE_CURVE('',#3726,#6012,#10250,.T.);
#10252=ORIENTED_EDGE('',*,*,#10251,.T.);
#10253=ORIENTED_EDGE('',*,*,#6017,.T.);
#10254=CARTESIAN_POINT('',(183.287241,-156.554647619,0.));
#10255=DIRECTION('',(0.,0.,-1.));
#10256=VECTOR('',#10255,1.2);
#10257=LINE('',#10254,#10256);
#10258=EDGE_CURVE('',#3735,#6003,#10257,.T.);
#10259=ORIENTED_EDGE('',*,*,#10258,.F.);
#10260=ORIENTED_EDGE('',*,*,#3740,.F.);
#10261=EDGE_LOOP('',(#10252,#10253,#10259,#10260));
#10262=FACE_BOUND('',#10261,.T.);
#10263=ADVANCED_FACE('',(#10262),#10246,.T.);
#10264=CARTESIAN_POINT('',(176.237241,-157.0575,-1.2));
#10265=DIRECTION('',(0.,1.,0.));
#10266=DIRECTION('',(0.,0.,1.));
#10267=AXIS2_PLACEMENT_3D('',#10264,#10265,#10266);
#10268=PLANE('',#10267);
#10269=CARTESIAN_POINT('',(169.684734719,-157.0575,0.));
#10270=DIRECTION('',(0.,0.,-1.));
#10271=VECTOR('',#10270,1.2);
#10272=LINE('',#10269,#10271);
#10273=EDGE_CURVE('',#3672,#5986,#10272,.T.);
#10274=ORIENTED_EDGE('',*,*,#10273,.F.);
#10275=ORIENTED_EDGE('',*,*,#3755,.F.);
#10276=CARTESIAN_POINT('',(182.756389486,-157.0575,0.));
#10277=DIRECTION('',(0.,0.,-1.));
#10278=VECTOR('',#10277,1.2);
#10279=LINE('',#10276,#10278);
#10280=EDGE_CURVE('',#3743,#5995,#10279,.T.);
#10281=ORIENTED_EDGE('',*,*,#10280,.T.);
#10282=ORIENTED_EDGE('',*,*,#6000,.T.);
#10283=EDGE_LOOP('',(#10274,#10275,#10281,#10282));
#10284=FACE_BOUND('',#10283,.T.);
#10285=ADVANCED_FACE('',(#10284),#10268,.T.);
#10286=CARTESIAN_POINT('',(169.187241,-150.0075,-1.2));
#10287=DIRECTION('',(1.,0.,0.));
#10288=DIRECTION('',(0.,0.,-1.));
#10289=AXIS2_PLACEMENT_3D('',#10286,#10287,#10288);
#10290=PLANE('',#10289);
#10291=CARTESIAN_POINT('',(169.187241,-156.5075,0.));
#10292=DIRECTION('',(0.,0.,-1.));
#10293=VECTOR('',#10292,1.2);
#10294=LINE('',#10291,#10293);
#10295=EDGE_CURVE('',#3683,#5967,#10294,.T.);
#10296=ORIENTED_EDGE('',*,*,#10295,.T.);
#10297=ORIENTED_EDGE('',*,*,#5974,.T.);
#10298=CARTESIAN_POINT('',(169.187241,-143.5075,0.));
#10299=DIRECTION('',(0.,0.,-1.));
#10300=VECTOR('',#10299,1.2);
#10301=LINE('',#10298,#10300);
#10302=EDGE_CURVE('',#3692,#5969,#10301,.T.);
#10303=ORIENTED_EDGE('',*,*,#10302,.F.);
#10304=ORIENTED_EDGE('',*,*,#3697,.F.);
#10305=EDGE_LOOP('',(#10296,#10297,#10303,#10304));
#10306=FACE_BOUND('',#10305,.T.);
#10307=ADVANCED_FACE('',(#10306),#10290,.T.);
#10308=CARTESIAN_POINT('',(176.237241,-142.9575,-1.2));
#10309=DIRECTION('',(0.,-1.,0.));
#10310=DIRECTION('',(0.,0.,-1.));
#10311=AXIS2_PLACEMENT_3D('',#10308,#10309,#10310);
#10312=PLANE('',#10311);
#10313=CARTESIAN_POINT('',(182.756389486,-142.9575,0.));
#10314=DIRECTION('',(0.,0.,-1.));
#10315=VECTOR('',#10314,1.2);
#10316=LINE('',#10313,#10315);
#10317=EDGE_CURVE('',#3718,#6020,#10316,.T.);
#10318=ORIENTED_EDGE('',*,*,#10317,.F.);
#10319=ORIENTED_EDGE('',*,*,#3723,.F.);
#10320=CARTESIAN_POINT('',(169.684734719,-142.9575,0.));
#10321=DIRECTION('',(0.,0.,-1.));
#10322=VECTOR('',#10321,1.2);
#10323=LINE('',#10320,#10322);
#10324=EDGE_CURVE('',#3709,#6029,#10323,.T.);
#10325=ORIENTED_EDGE('',*,*,#10324,.T.);
#10326=ORIENTED_EDGE('',*,*,#6034,.T.);
#10327=EDGE_LOOP('',(#10318,#10319,#10325,#10326));
#10328=FACE_BOUND('',#10327,.T.);
#10329=ADVANCED_FACE('',(#10328),#10312,.T.);
#10330=CARTESIAN_POINT('',(183.6420155,-174.5346735,-1.2));
#10331=DIRECTION('',(-0.965925817,0.25881908,0.));
#10332=DIRECTION('',(-0.25881908,-0.965925817,0.));
#10333=AXIS2_PLACEMENT_3D('',#10330,#10331,#10332);
#10334=PLANE('',#10333);
#10335=CARTESIAN_POINT('',(181.946101958,-180.863908095,0.));
#10336=DIRECTION('',(0.,0.,-1.));
#10337=VECTOR('',#10336,1.2);
#10338=LINE('',#10335,#10337);
#10339=EDGE_CURVE('',#3760,#5907,#10338,.T.);
#10340=ORIENTED_EDGE('',*,*,#10339,.F.);
#10341=ORIENTED_EDGE('',*,*,#3852,.F.);
#10342=CARTESIAN_POINT('',(185.32929537,-168.237660202,0.));
#10343=DIRECTION('',(0.,0.,-1.));
#10344=VECTOR('',#10343,1.2);
#10345=LINE('',#10342,#10344);
#10346=EDGE_CURVE('',#3840,#5916,#10345,.T.);
#10347=ORIENTED_EDGE('',*,*,#10346,.T.);
#10348=ORIENTED_EDGE('',*,*,#5921,.T.);
#10349=EDGE_LOOP('',(#10340,#10341,#10347,#10348));
#10350=FACE_BOUND('',#10349,.T.);
#10351=ADVANCED_FACE('',(#10350),#10334,.T.);
#10352=CARTESIAN_POINT('',(175.0075665,-179.5197765,-1.2));
#10353=DIRECTION('',(0.25881908,0.965925817,0.));
#10354=DIRECTION('',(-0.965925817,0.25881908,0.));
#10355=AXIS2_PLACEMENT_3D('',#10352,#10353,#10354);
#10356=PLANE('',#10355);
#10357=CARTESIAN_POINT('',(181.286084092,-181.20210046,0.));
#10358=DIRECTION('',(0.,0.,-1.));
#10359=VECTOR('',#10358,1.2);
#10360=LINE('',#10357,#10359);
#10361=EDGE_CURVE('',#3771,#5890,#10360,.T.);
#10362=ORIENTED_EDGE('',*,*,#10361,.T.);
#10363=ORIENTED_EDGE('',*,*,#5895,.T.);
#10364=CARTESIAN_POINT('',(168.710552997,-177.832496575,0.));
#10365=DIRECTION('',(0.,0.,-1.));
#10366=VECTOR('',#10365,1.2);
#10367=LINE('',#10364,#10366);
#10368=EDGE_CURVE('',#3780,#5881,#10367,.T.);
#10369=ORIENTED_EDGE('',*,*,#10368,.F.);
#10370=ORIENTED_EDGE('',*,*,#3785,.F.);
#10371=EDGE_LOOP('',(#10362,#10363,#10369,#10370));
#10372=FACE_BOUND('',#10371,.T.);
#10373=ADVANCED_FACE('',(#10372),#10356,.T.);
#10374=CARTESIAN_POINT('',(170.0224645,-170.8853255,-1.2));
#10375=DIRECTION('',(0.965925817,-0.25881908,0.));
#10376=DIRECTION('',(0.25881908,0.965925817,0.));
#10377=AXIS2_PLACEMENT_3D('',#10374,#10375,#10376);
#10378=PLANE('',#10377);
#10379=CARTESIAN_POINT('',(171.70478846,-164.606807908,0.));
#10380=DIRECTION('',(0.,0.,-1.));
#10381=VECTOR('',#10380,1.2);
#10382=LINE('',#10379,#10381);
#10383=EDGE_CURVE('',#3806,#5855,#10382,.T.);
#10384=ORIENTED_EDGE('',*,*,#10383,.F.);
#10385=ORIENTED_EDGE('',*,*,#3811,.F.);
#10386=CARTESIAN_POINT('',(168.327937737,-177.209384564,0.));
#10387=DIRECTION('',(0.,0.,-1.));
#10388=VECTOR('',#10387,1.2);
#10389=LINE('',#10386,#10388);
#10390=EDGE_CURVE('',#3797,#5864,#10389,.T.);
#10391=ORIENTED_EDGE('',*,*,#10390,.T.);
#10392=ORIENTED_EDGE('',*,*,#5869,.T.);
#10393=EDGE_LOOP('',(#10384,#10385,#10391,#10392));
#10394=FACE_BOUND('',#10393,.T.);
#10395=ADVANCED_FACE('',(#10394),#10378,.T.);
#10396=CARTESIAN_POINT('',(178.6569115,-165.9002225,-1.2));
#10397=DIRECTION('',(-0.25881908,-0.965925817,0.));
#10398=DIRECTION('',(0.965925817,-0.25881908,0.));
#10399=AXIS2_PLACEMENT_3D('',#10396,#10397,#10398);
#10400=PLANE('',#10399);
#10401=CARTESIAN_POINT('',(184.980970819,-167.594749331,0.));
#10402=DIRECTION('',(0.,0.,-1.));
#10403=VECTOR('',#10402,1.2);
#10404=LINE('',#10401,#10403);
#10405=EDGE_CURVE('',#3832,#5829,#10404,.T.);
#10406=ORIENTED_EDGE('',*,*,#10405,.F.);
#10407=ORIENTED_EDGE('',*,*,#3837,.F.);
#10408=CARTESIAN_POINT('',(172.327680906,-164.20431003,0.));
#10409=DIRECTION('',(0.,0.,-1.));
#10410=VECTOR('',#10409,1.2);
#10411=LINE('',#10408,#10410);
#10412=EDGE_CURVE('',#3823,#5838,#10411,.T.);
#10413=ORIENTED_EDGE('',*,*,#10412,.T.);
#10414=ORIENTED_EDGE('',*,*,#5843,.T.);
#10415=EDGE_LOOP('',(#10406,#10407,#10413,#10414));
#10416=FACE_BOUND('',#10415,.T.);
#10417=ADVANCED_FACE('',(#10416),#10400,.T.);
#10418=CARTESIAN_POINT('',(162.332241,-170.01,-1.2));
#10419=DIRECTION('',(-1.,0.,0.));
#10420=DIRECTION('',(0.,0.,1.));
#10421=AXIS2_PLACEMENT_3D('',#10418,#10419,#10420);
#10422=PLANE('',#10421);
#10423=CARTESIAN_POINT('',(162.332241,-163.457493719,0.));
#10424=DIRECTION('',(0.,0.,-1.));
#10425=VECTOR('',#10424,1.2);
#10426=LINE('',#10423,#10425);
#10427=EDGE_CURVE('',#2406,#5759,#10426,.T.);
#10428=ORIENTED_EDGE('',*,*,#10427,.T.);
#10429=ORIENTED_EDGE('',*,*,#5764,.T.);
#10430=CARTESIAN_POINT('',(162.332241,-176.557147619,0.));
#10431=DIRECTION('',(0.,0.,-1.));
#10432=VECTOR('',#10431,1.2);
#10433=LINE('',#10430,#10432);
#10434=EDGE_CURVE('',#2415,#5750,#10433,.T.);
#10435=ORIENTED_EDGE('',*,*,#10434,.F.);
#10436=ORIENTED_EDGE('',*,*,#2420,.F.);
#10437=EDGE_LOOP('',(#10428,#10429,#10435,#10436));
#10438=FACE_BOUND('',#10437,.T.);
#10439=ADVANCED_FACE('',(#10438),#10422,.T.);
#10440=CARTESIAN_POINT('',(155.282241,-177.06,-1.2));
#10441=DIRECTION('',(0.,1.,0.));
#10442=DIRECTION('',(0.,0.,1.));
#10443=AXIS2_PLACEMENT_3D('',#10440,#10441,#10442);
#10444=PLANE('',#10443);
#10445=CARTESIAN_POINT('',(148.735093381,-177.06,0.));
#10446=DIRECTION('',(0.,0.,-1.));
#10447=VECTOR('',#10446,1.2);
#10448=LINE('',#10445,#10447);
#10449=EDGE_CURVE('',#2352,#5733,#10448,.T.);
#10450=ORIENTED_EDGE('',*,*,#10449,.F.);
#10451=ORIENTED_EDGE('',*,*,#2435,.F.);
#10452=CARTESIAN_POINT('',(161.801389486,-177.06,0.));
#10453=DIRECTION('',(0.,0.,-1.));
#10454=VECTOR('',#10453,1.2);
#10455=LINE('',#10452,#10454);
#10456=EDGE_CURVE('',#2423,#5742,#10455,.T.);
#10457=ORIENTED_EDGE('',*,*,#10456,.T.);
#10458=ORIENTED_EDGE('',*,*,#5747,.T.);
#10459=EDGE_LOOP('',(#10450,#10451,#10457,#10458));
#10460=FACE_BOUND('',#10459,.T.);
#10461=ADVANCED_FACE('',(#10460),#10444,.T.);
#10462=CARTESIAN_POINT('',(148.232241,-170.01,-1.2));
#10463=DIRECTION('',(1.,0.,0.));
#10464=DIRECTION('',(0.,0.,-1.));
#10465=AXIS2_PLACEMENT_3D('',#10462,#10463,#10464);
#10466=PLANE('',#10465);
#10467=CARTESIAN_POINT('',(148.232241,-176.529148486,0.));
#10468=DIRECTION('',(0.,0.,-1.));
#10469=VECTOR('',#10468,1.2);
#10470=LINE('',#10467,#10469);
#10471=EDGE_CURVE('',#2363,#5714,#10470,.T.);
#10472=ORIENTED_EDGE('',*,*,#10471,.T.);
#10473=ORIENTED_EDGE('',*,*,#5721,.T.);
#10474=CARTESIAN_POINT('',(148.232241,-163.462852381,0.));
#10475=DIRECTION('',(0.,0.,-1.));
#10476=VECTOR('',#10475,1.2);
#10477=LINE('',#10474,#10476);
#10478=EDGE_CURVE('',#2372,#5716,#10477,.T.);
#10479=ORIENTED_EDGE('',*,*,#10478,.F.);
#10480=ORIENTED_EDGE('',*,*,#2377,.F.);
#10481=EDGE_LOOP('',(#10472,#10473,#10479,#10480));
#10482=FACE_BOUND('',#10481,.T.);
#10483=ADVANCED_FACE('',(#10482),#10466,.T.);
#10484=CARTESIAN_POINT('',(155.282241,-162.96,-1.2));
#10485=DIRECTION('',(0.,-1.,0.));
#10486=DIRECTION('',(0.,0.,-1.));
#10487=AXIS2_PLACEMENT_3D('',#10484,#10485,#10486);
#10488=PLANE('',#10487);
#10489=CARTESIAN_POINT('',(161.782241,-162.96,0.));
#10490=DIRECTION('',(0.,0.,-1.));
#10491=VECTOR('',#10490,1.2);
#10492=LINE('',#10489,#10491);
#10493=EDGE_CURVE('',#2398,#5767,#10492,.T.);
#10494=ORIENTED_EDGE('',*,*,#10493,.F.);
#10495=ORIENTED_EDGE('',*,*,#2403,.F.);
#10496=CARTESIAN_POINT('',(148.763092514,-162.96,0.));
#10497=DIRECTION('',(0.,0.,-1.));
#10498=VECTOR('',#10497,1.2);
#10499=LINE('',#10496,#10498);
#10500=EDGE_CURVE('',#2389,#5776,#10499,.T.);
#10501=ORIENTED_EDGE('',*,*,#10500,.T.);
#10502=ORIENTED_EDGE('',*,*,#5781,.T.);
#10503=EDGE_LOOP('',(#10494,#10495,#10501,#10502));
#10504=FACE_BOUND('',#10503,.T.);
#10505=ADVANCED_FACE('',(#10504),#10488,.T.);
#10506=CARTESIAN_POINT('',(150.137241,-145.245,-1.2));
#10507=DIRECTION('',(1.,0.,0.));
#10508=DIRECTION('',(0.,0.,-1.));
#10509=AXIS2_PLACEMENT_3D('',#10506,#10507,#10508);
#10510=PLANE('',#10509);
#10511=CARTESIAN_POINT('',(150.137241,-151.797506281,0.));
#10512=DIRECTION('',(0.,0.,-1.));
#10513=VECTOR('',#10512,1.2);
#10514=LINE('',#10511,#10513);
#10515=EDGE_CURVE('',#2451,#5626,#10514,.T.);
#10516=ORIENTED_EDGE('',*,*,#10515,.T.);
#10517=ORIENTED_EDGE('',*,*,#5633,.T.);
#10518=CARTESIAN_POINT('',(150.137241,-138.725851514,0.));
#10519=DIRECTION('',(0.,0.,-1.));
#10520=VECTOR('',#10519,1.2);
#10521=LINE('',#10518,#10520);
#10522=EDGE_CURVE('',#2460,#5628,#10521,.T.);
#10523=ORIENTED_EDGE('',*,*,#10522,.F.);
#10524=ORIENTED_EDGE('',*,*,#2465,.F.);
#10525=EDGE_LOOP('',(#10516,#10517,#10523,#10524));
#10526=FACE_BOUND('',#10525,.T.);
#10527=ADVANCED_FACE('',(#10526),#10510,.T.);
#10528=CARTESIAN_POINT('',(157.187241,-138.195,-1.2));
#10529=DIRECTION('',(0.,-1.,0.));
#10530=DIRECTION('',(0.,0.,-1.));
#10531=AXIS2_PLACEMENT_3D('',#10528,#10529,#10530);
#10532=PLANE('',#10531);
#10533=CARTESIAN_POINT('',(163.706389486,-138.195,0.));
#10534=DIRECTION('',(0.,0.,-1.));
#10535=VECTOR('',#10534,1.2);
#10536=LINE('',#10533,#10535);
#10537=EDGE_CURVE('',#2486,#5679,#10536,.T.);
#10538=ORIENTED_EDGE('',*,*,#10537,.F.);
#10539=ORIENTED_EDGE('',*,*,#2491,.F.);
#10540=CARTESIAN_POINT('',(150.640093381,-138.195,0.));
#10541=DIRECTION('',(0.,0.,-1.));
#10542=VECTOR('',#10541,1.2);
#10543=LINE('',#10540,#10542);
#10544=EDGE_CURVE('',#2477,#5688,#10543,.T.);
#10545=ORIENTED_EDGE('',*,*,#10544,.T.);
#10546=ORIENTED_EDGE('',*,*,#5693,.T.);
#10547=EDGE_LOOP('',(#10538,#10539,#10545,#10546));
#10548=FACE_BOUND('',#10547,.T.);
#10549=ADVANCED_FACE('',(#10548),#10532,.T.);
#10550=CARTESIAN_POINT('',(164.237241,-145.245,-1.2));
#10551=DIRECTION('',(-1.,0.,0.));
#10552=DIRECTION('',(0.,0.,1.));
#10553=AXIS2_PLACEMENT_3D('',#10550,#10551,#10552);
#10554=PLANE('',#10553);
#10555=CARTESIAN_POINT('',(164.237241,-151.745,0.));
#10556=DIRECTION('',(0.,0.,-1.));
#10557=VECTOR('',#10556,1.2);
#10558=LINE('',#10555,#10557);
#10559=EDGE_CURVE('',#2503,#5662,#10558,.T.);
#10560=ORIENTED_EDGE('',*,*,#10559,.F.);
#10561=ORIENTED_EDGE('',*,*,#2508,.F.);
#10562=CARTESIAN_POINT('',(164.237241,-138.697852381,0.));
#10563=DIRECTION('',(0.,0.,-1.));
#10564=VECTOR('',#10563,1.2);
#10565=LINE('',#10562,#10564);
#10566=EDGE_CURVE('',#2494,#5671,#10565,.T.);
#10567=ORIENTED_EDGE('',*,*,#10566,.T.);
#10568=ORIENTED_EDGE('',*,*,#5676,.T.);
#10569=EDGE_LOOP('',(#10560,#10561,#10567,#10568));
#10570=FACE_BOUND('',#10569,.T.);
#10571=ADVANCED_FACE('',(#10570),#10554,.T.);
#10572=CARTESIAN_POINT('',(157.187241,-152.295,-1.2));
#10573=DIRECTION('',(0.,1.,0.));
#10574=DIRECTION('',(0.,0.,1.));
#10575=AXIS2_PLACEMENT_3D('',#10572,#10573,#10574);
#10576=PLANE('',#10575);
#10577=CARTESIAN_POINT('',(150.687241,-152.295,0.));
#10578=DIRECTION('',(0.,0.,-1.));
#10579=VECTOR('',#10578,1.2);
#10580=LINE('',#10577,#10579);
#10581=EDGE_CURVE('',#2440,#5645,#10580,.T.);
#10582=ORIENTED_EDGE('',*,*,#10581,.F.);
#10583=ORIENTED_EDGE('',*,*,#2523,.F.);
#10584=CARTESIAN_POINT('',(163.739747281,-152.295,0.));
#10585=DIRECTION('',(0.,0.,-1.));
#10586=VECTOR('',#10585,1.2);
#10587=LINE('',#10584,#10586);
#10588=EDGE_CURVE('',#2511,#5654,#10587,.T.);
#10589=ORIENTED_EDGE('',*,*,#10588,.T.);
#10590=ORIENTED_EDGE('',*,*,#5659,.T.);
#10591=EDGE_LOOP('',(#10582,#10583,#10589,#10590));
#10592=FACE_BOUND('',#10591,.T.);
#10593=ADVANCED_FACE('',(#10592),#10576,.T.);
#10594=CARTESIAN_POINT('',(164.237241,-126.195,-1.2));
#10595=DIRECTION('',(-1.,0.,0.));
#10596=DIRECTION('',(0.,0.,1.));
#10597=AXIS2_PLACEMENT_3D('',#10594,#10595,#10596);
#10598=PLANE('',#10597);
#10599=CARTESIAN_POINT('',(164.237241,-132.747506281,0.));
#10600=DIRECTION('',(0.,0.,-1.));
#10601=VECTOR('',#10600,1.2);
#10602=LINE('',#10599,#10601);
#10603=EDGE_CURVE('',#3584,#5548,#10602,.T.);
#10604=ORIENTED_EDGE('',*,*,#10603,.F.);
#10605=ORIENTED_EDGE('',*,*,#3667,.F.);
#10606=CARTESIAN_POINT('',(164.237241,-119.675851514,0.));
#10607=DIRECTION('',(0.,0.,-1.));
#10608=VECTOR('',#10607,1.2);
#10609=LINE('',#10606,#10608);
#10610=EDGE_CURVE('',#3655,#5557,#10609,.T.);
#10611=ORIENTED_EDGE('',*,*,#10610,.T.);
#10612=ORIENTED_EDGE('',*,*,#5562,.T.);
#10613=EDGE_LOOP('',(#10604,#10605,#10611,#10612));
#10614=FACE_BOUND('',#10613,.T.);
#10615=ADVANCED_FACE('',(#10614),#10598,.T.);
#10616=CARTESIAN_POINT('',(157.187241,-133.245,-1.2));
#10617=DIRECTION('',(0.,1.,0.));
#10618=DIRECTION('',(0.,0.,1.));
#10619=AXIS2_PLACEMENT_3D('',#10616,#10617,#10618);
#10620=PLANE('',#10619);
#10621=CARTESIAN_POINT('',(163.687241,-133.245,0.));
#10622=DIRECTION('',(0.,0.,-1.));
#10623=VECTOR('',#10622,1.2);
#10624=LINE('',#10621,#10623);
#10625=EDGE_CURVE('',#3586,#5538,#10624,.T.);
#10626=ORIENTED_EDGE('',*,*,#10625,.T.);
#10627=ORIENTED_EDGE('',*,*,#5545,.T.);
#10628=CARTESIAN_POINT('',(150.640093381,-133.245,0.));
#10629=DIRECTION('',(0.,0.,-1.));
#10630=VECTOR('',#10629,1.2);
#10631=LINE('',#10628,#10630);
#10632=EDGE_CURVE('',#3595,#5540,#10631,.T.);
#10633=ORIENTED_EDGE('',*,*,#10632,.F.);
#10634=ORIENTED_EDGE('',*,*,#3600,.F.);
#10635=EDGE_LOOP('',(#10626,#10627,#10633,#10634));
#10636=FACE_BOUND('',#10635,.T.);
#10637=ADVANCED_FACE('',(#10636),#10620,.T.);
#10638=CARTESIAN_POINT('',(150.137241,-126.195,-1.2));
#10639=DIRECTION('',(1.,0.,0.));
#10640=DIRECTION('',(0.,0.,-1.));
#10641=AXIS2_PLACEMENT_3D('',#10638,#10639,#10640);
#10642=PLANE('',#10641);
#10643=CARTESIAN_POINT('',(150.137241,-132.714148486,0.));
#10644=DIRECTION('',(0.,0.,-1.));
#10645=VECTOR('',#10644,1.2);
#10646=LINE('',#10643,#10645);
#10647=EDGE_CURVE('',#3612,#5600,#10646,.T.);
#10648=ORIENTED_EDGE('',*,*,#10647,.T.);
#10649=ORIENTED_EDGE('',*,*,#5605,.T.);
#10650=CARTESIAN_POINT('',(150.137241,-119.695,0.));
#10651=DIRECTION('',(0.,0.,-1.));
#10652=VECTOR('',#10651,1.2);
#10653=LINE('',#10650,#10652);
#10654=EDGE_CURVE('',#3621,#5591,#10653,.T.);
#10655=ORIENTED_EDGE('',*,*,#10654,.F.);
#10656=ORIENTED_EDGE('',*,*,#3626,.F.);
#10657=EDGE_LOOP('',(#10648,#10649,#10655,#10656));
#10658=FACE_BOUND('',#10657,.T.);
#10659=ADVANCED_FACE('',(#10658),#10642,.T.);
#10660=CARTESIAN_POINT('',(157.187241,-119.145,-1.2));
#10661=DIRECTION('',(0.,-1.,0.));
#10662=DIRECTION('',(0.,0.,-1.));
#10663=AXIS2_PLACEMENT_3D('',#10660,#10661,#10662);
#10664=PLANE('',#10663);
#10665=CARTESIAN_POINT('',(150.634734719,-119.145,0.));
#10666=DIRECTION('',(0.,0.,-1.));
#10667=VECTOR('',#10666,1.2);
#10668=LINE('',#10665,#10667);
#10669=EDGE_CURVE('',#3638,#5574,#10668,.T.);
#10670=ORIENTED_EDGE('',*,*,#10669,.T.);
#10671=ORIENTED_EDGE('',*,*,#5579,.T.);
#10672=CARTESIAN_POINT('',(163.734388619,-119.145,0.));
#10673=DIRECTION('',(0.,0.,-1.));
#10674=VECTOR('',#10673,1.2);
#10675=LINE('',#10672,#10674);
#10676=EDGE_CURVE('',#3647,#5565,#10675,.T.);
#10677=ORIENTED_EDGE('',*,*,#10676,.F.);
#10678=ORIENTED_EDGE('',*,*,#3652,.F.);
#10679=EDGE_LOOP('',(#10670,#10671,#10677,#10678));
#10680=FACE_BOUND('',#10679,.T.);
#10681=ADVANCED_FACE('',(#10680),#10664,.T.);
#10682=CARTESIAN_POINT('',(73.937241,-140.4825,-1.2));
#10683=DIRECTION('',(1.,0.,0.));
#10684=DIRECTION('',(0.,0.,-1.));
#10685=AXIS2_PLACEMENT_3D('',#10682,#10683,#10684);
#10686=PLANE('',#10685);
#10687=CARTESIAN_POINT('',(73.937241,-147.035006281,0.));
#10688=DIRECTION('',(0.,0.,-1.));
#10689=VECTOR('',#10688,1.2);
#10690=LINE('',#10687,#10689);
#10691=EDGE_CURVE('',#3189,#5495,#10690,.T.);
#10692=ORIENTED_EDGE('',*,*,#10691,.T.);
#10693=ORIENTED_EDGE('',*,*,#5500,.T.);
#10694=CARTESIAN_POINT('',(73.937241,-133.9825,0.));
#10695=DIRECTION('',(0.,0.,-1.));
#10696=VECTOR('',#10695,1.2);
#10697=LINE('',#10694,#10696);
#10698=EDGE_CURVE('',#3198,#5486,#10697,.T.);
#10699=ORIENTED_EDGE('',*,*,#10698,.F.);
#10700=ORIENTED_EDGE('',*,*,#3203,.F.);
#10701=EDGE_LOOP('',(#10692,#10693,#10699,#10700));
#10702=FACE_BOUND('',#10701,.T.);
#10703=ADVANCED_FACE('',(#10702),#10686,.T.);
#10704=CARTESIAN_POINT('',(80.987241,-133.4325,-1.2));
#10705=DIRECTION('',(0.,-1.,0.));
#10706=DIRECTION('',(0.,0.,-1.));
#10707=AXIS2_PLACEMENT_3D('',#10704,#10705,#10706);
#10708=PLANE('',#10707);
#10709=CARTESIAN_POINT('',(87.487241,-133.4325,0.));
#10710=DIRECTION('',(0.,0.,-1.));
#10711=VECTOR('',#10710,1.2);
#10712=LINE('',#10709,#10711);
#10713=EDGE_CURVE('',#3144,#5460,#10712,.T.);
#10714=ORIENTED_EDGE('',*,*,#10713,.F.);
#10715=ORIENTED_EDGE('',*,*,#3227,.F.);
#10716=CARTESIAN_POINT('',(74.434734719,-133.4325,0.));
#10717=DIRECTION('',(0.,0.,-1.));
#10718=VECTOR('',#10717,1.2);
#10719=LINE('',#10716,#10718);
#10720=EDGE_CURVE('',#3215,#5469,#10719,.T.);
#10721=ORIENTED_EDGE('',*,*,#10720,.T.);
#10722=ORIENTED_EDGE('',*,*,#5474,.T.);
#10723=EDGE_LOOP('',(#10714,#10715,#10721,#10722));
#10724=FACE_BOUND('',#10723,.T.);
#10725=ADVANCED_FACE('',(#10724),#10708,.T.);
#10726=CARTESIAN_POINT('',(88.037241,-140.4825,-1.2));
#10727=DIRECTION('',(-1.,0.,0.));
#10728=DIRECTION('',(0.,0.,1.));
#10729=AXIS2_PLACEMENT_3D('',#10726,#10727,#10728);
#10730=PLANE('',#10729);
#10731=CARTESIAN_POINT('',(88.037241,-133.929993719,0.));
#10732=DIRECTION('',(0.,0.,-1.));
#10733=VECTOR('',#10732,1.2);
#10734=LINE('',#10731,#10733);
#10735=EDGE_CURVE('',#3146,#5450,#10734,.T.);
#10736=ORIENTED_EDGE('',*,*,#10735,.T.);
#10737=ORIENTED_EDGE('',*,*,#5457,.T.);
#10738=CARTESIAN_POINT('',(88.037241,-147.035006281,0.));
#10739=DIRECTION('',(0.,0.,-1.));
#10740=VECTOR('',#10739,1.2);
#10741=LINE('',#10738,#10740);
#10742=EDGE_CURVE('',#3155,#5452,#10741,.T.);
#10743=ORIENTED_EDGE('',*,*,#10742,.F.);
#10744=ORIENTED_EDGE('',*,*,#3160,.F.);
#10745=EDGE_LOOP('',(#10736,#10737,#10743,#10744));
#10746=FACE_BOUND('',#10745,.T.);
#10747=ADVANCED_FACE('',(#10746),#10730,.T.);
#10748=CARTESIAN_POINT('',(85.787241,-147.5325,-1.2));
#10749=DIRECTION('',(0.,1.,0.));
#10750=DIRECTION('',(0.,0.,1.));
#10751=AXIS2_PLACEMENT_3D('',#10748,#10749,#10750);
#10752=PLANE('',#10751);
#10753=CARTESIAN_POINT('',(74.487241,-147.5325,0.));
#10754=DIRECTION('',(0.,0.,-1.));
#10755=VECTOR('',#10754,1.2);
#10756=LINE('',#10753,#10755);
#10757=EDGE_CURVE('',#3172,#5512,#10756,.T.);
#10758=ORIENTED_EDGE('',*,*,#10757,.F.);
#10759=ORIENTED_EDGE('',*,*,#3177,.F.);
#10760=CARTESIAN_POINT('',(87.487241,-147.5325,0.));
#10761=DIRECTION('',(0.,0.,-1.));
#10762=VECTOR('',#10761,1.2);
#10763=LINE('',#10760,#10762);
#10764=EDGE_CURVE('',#3163,#5521,#10763,.T.);
#10765=ORIENTED_EDGE('',*,*,#10764,.T.);
#10766=ORIENTED_EDGE('',*,*,#5526,.T.);
#10767=EDGE_LOOP('',(#10758,#10759,#10765,#10766));
#10768=FACE_BOUND('',#10767,.T.);
#10769=ADVANCED_FACE('',(#10768),#10752,.T.);
#10770=CARTESIAN_POINT('',(126.137241,-126.195,-1.2));
#10771=DIRECTION('',(-1.,0.,0.));
#10772=DIRECTION('',(0.,0.,1.));
#10773=AXIS2_PLACEMENT_3D('',#10770,#10771,#10772);
#10774=PLANE('',#10773);
#10775=CARTESIAN_POINT('',(126.137241,-132.747506281,0.));
#10776=DIRECTION('',(0.,0.,-1.));
#10777=VECTOR('',#10776,1.2);
#10778=LINE('',#10775,#10777);
#10779=EDGE_CURVE('',#2968,#5372,#10778,.T.);
#10780=ORIENTED_EDGE('',*,*,#10779,.F.);
#10781=ORIENTED_EDGE('',*,*,#3051,.F.);
#10782=CARTESIAN_POINT('',(126.137241,-119.642493719,0.));
#10783=DIRECTION('',(0.,0.,-1.));
#10784=VECTOR('',#10783,1.2);
#10785=LINE('',#10782,#10784);
#10786=EDGE_CURVE('',#3039,#5381,#10785,.T.);
#10787=ORIENTED_EDGE('',*,*,#10786,.T.);
#10788=ORIENTED_EDGE('',*,*,#5386,.T.);
#10789=EDGE_LOOP('',(#10780,#10781,#10787,#10788));
#10790=FACE_BOUND('',#10789,.T.);
#10791=ADVANCED_FACE('',(#10790),#10774,.T.);
#10792=CARTESIAN_POINT('',(119.087241,-133.245,-1.2));
#10793=DIRECTION('',(0.,1.,0.));
#10794=DIRECTION('',(0.,0.,1.));
#10795=AXIS2_PLACEMENT_3D('',#10792,#10793,#10794);
#10796=PLANE('',#10795);
#10797=CARTESIAN_POINT('',(125.587241,-133.245,0.));
#10798=DIRECTION('',(0.,0.,-1.));
#10799=VECTOR('',#10798,1.2);
#10800=LINE('',#10797,#10799);
#10801=EDGE_CURVE('',#2970,#5362,#10800,.T.);
#10802=ORIENTED_EDGE('',*,*,#10801,.T.);
#10803=ORIENTED_EDGE('',*,*,#5369,.T.);
#10804=CARTESIAN_POINT('',(112.587241,-133.245,0.));
#10805=DIRECTION('',(0.,0.,-1.));
#10806=VECTOR('',#10805,1.2);
#10807=LINE('',#10804,#10806);
#10808=EDGE_CURVE('',#2979,#5364,#10807,.T.);
#10809=ORIENTED_EDGE('',*,*,#10808,.F.);
#10810=ORIENTED_EDGE('',*,*,#2984,.F.);
#10811=EDGE_LOOP('',(#10802,#10803,#10809,#10810));
#10812=FACE_BOUND('',#10811,.T.);
#10813=ADVANCED_FACE('',(#10812),#10796,.T.);
#10814=CARTESIAN_POINT('',(112.037241,-126.195,-1.2));
#10815=DIRECTION('',(1.,0.,0.));
#10816=DIRECTION('',(0.,0.,-1.));
#10817=AXIS2_PLACEMENT_3D('',#10814,#10815,#10816);
#10818=PLANE('',#10817);
#10819=CARTESIAN_POINT('',(112.037241,-132.747506281,0.));
#10820=DIRECTION('',(0.,0.,-1.));
#10821=VECTOR('',#10820,1.2);
#10822=LINE('',#10819,#10821);
#10823=EDGE_CURVE('',#2996,#5424,#10822,.T.);
#10824=ORIENTED_EDGE('',*,*,#10823,.T.);
#10825=ORIENTED_EDGE('',*,*,#5429,.T.);
#10826=CARTESIAN_POINT('',(112.037241,-119.695,0.));
#10827=DIRECTION('',(0.,0.,-1.));
#10828=VECTOR('',#10827,1.2);
#10829=LINE('',#10826,#10828);
#10830=EDGE_CURVE('',#3005,#5415,#10829,.T.);
#10831=ORIENTED_EDGE('',*,*,#10830,.F.);
#10832=ORIENTED_EDGE('',*,*,#3010,.F.);
#10833=EDGE_LOOP('',(#10824,#10825,#10831,#10832));
#10834=FACE_BOUND('',#10833,.T.);
#10835=ADVANCED_FACE('',(#10834),#10818,.T.);
#10836=CARTESIAN_POINT('',(119.087241,-119.145,-1.2));
#10837=DIRECTION('',(0.,-1.,0.));
#10838=DIRECTION('',(0.,0.,-1.));
#10839=AXIS2_PLACEMENT_3D('',#10836,#10837,#10838);
#10840=PLANE('',#10839);
#10841=CARTESIAN_POINT('',(112.534734719,-119.145,0.));
#10842=DIRECTION('',(0.,0.,-1.));
#10843=VECTOR('',#10842,1.2);
#10844=LINE('',#10841,#10843);
#10845=EDGE_CURVE('',#3022,#5398,#10844,.T.);
#10846=ORIENTED_EDGE('',*,*,#10845,.T.);
#10847=ORIENTED_EDGE('',*,*,#5403,.T.);
#10848=CARTESIAN_POINT('',(125.587241,-119.145,0.));
#10849=DIRECTION('',(0.,0.,-1.));
#10850=VECTOR('',#10849,1.2);
#10851=LINE('',#10848,#10850);
#10852=EDGE_CURVE('',#3031,#5389,#10851,.T.);
#10853=ORIENTED_EDGE('',*,*,#10852,.F.);
#10854=ORIENTED_EDGE('',*,*,#3036,.F.);
#10855=EDGE_LOOP('',(#10846,#10847,#10853,#10854));
#10856=FACE_BOUND('',#10855,.T.);
#10857=ADVANCED_FACE('',(#10856),#10840,.T.);
#10858=CARTESIAN_POINT('',(176.237241,-138.0075,-1.2));
#10859=DIRECTION('',(0.,1.,0.));
#10860=DIRECTION('',(0.,0.,1.));
#10861=AXIS2_PLACEMENT_3D('',#10858,#10859,#10860);
#10862=PLANE('',#10861);
#10863=CARTESIAN_POINT('',(169.684734719,-138.0075,0.));
#10864=DIRECTION('',(0.,0.,-1.));
#10865=VECTOR('',#10864,1.2);
#10866=LINE('',#10863,#10865);
#10867=EDGE_CURVE('',#3496,#5293,#10866,.T.);
#10868=ORIENTED_EDGE('',*,*,#10867,.F.);
#10869=ORIENTED_EDGE('',*,*,#3579,.F.);
#10870=CARTESIAN_POINT('',(182.789747281,-138.0075,0.));
#10871=DIRECTION('',(0.,0.,-1.));
#10872=VECTOR('',#10871,1.2);
#10873=LINE('',#10870,#10872);
#10874=EDGE_CURVE('',#3567,#5302,#10873,.T.);
#10875=ORIENTED_EDGE('',*,*,#10874,.T.);
#10876=ORIENTED_EDGE('',*,*,#5307,.T.);
#10877=EDGE_LOOP('',(#10868,#10869,#10875,#10876));
#10878=FACE_BOUND('',#10877,.T.);
#10879=ADVANCED_FACE('',(#10878),#10862,.T.);
#10880=CARTESIAN_POINT('',(169.187241,-130.9575,-1.2));
#10881=DIRECTION('',(1.,0.,0.));
#10882=DIRECTION('',(0.,0.,-1.));
#10883=AXIS2_PLACEMENT_3D('',#10880,#10881,#10882);
#10884=PLANE('',#10883);
#10885=CARTESIAN_POINT('',(169.187241,-137.4575,0.));
#10886=DIRECTION('',(0.,0.,-1.));
#10887=VECTOR('',#10886,1.2);
#10888=LINE('',#10885,#10887);
#10889=EDGE_CURVE('',#3507,#5274,#10888,.T.);
#10890=ORIENTED_EDGE('',*,*,#10889,.T.);
#10891=ORIENTED_EDGE('',*,*,#5281,.T.);
#10892=CARTESIAN_POINT('',(169.187241,-124.404993719,0.));
#10893=DIRECTION('',(0.,0.,-1.));
#10894=VECTOR('',#10893,1.2);
#10895=LINE('',#10892,#10894);
#10896=EDGE_CURVE('',#3516,#5276,#10895,.T.);
#10897=ORIENTED_EDGE('',*,*,#10896,.F.);
#10898=ORIENTED_EDGE('',*,*,#3521,.F.);
#10899=EDGE_LOOP('',(#10890,#10891,#10897,#10898));
#10900=FACE_BOUND('',#10899,.T.);
#10901=ADVANCED_FACE('',(#10900),#10884,.T.);
#10902=CARTESIAN_POINT('',(176.237241,-123.9075,-1.2));
#10903=DIRECTION('',(0.,-1.,0.));
#10904=DIRECTION('',(0.,0.,-1.));
#10905=AXIS2_PLACEMENT_3D('',#10902,#10903,#10904);
#10906=PLANE('',#10905);
#10907=CARTESIAN_POINT('',(169.737241,-123.9075,0.));
#10908=DIRECTION('',(0.,0.,-1.));
#10909=VECTOR('',#10908,1.2);
#10910=LINE('',#10907,#10909);
#10911=EDGE_CURVE('',#3533,#5336,#10910,.T.);
#10912=ORIENTED_EDGE('',*,*,#10911,.T.);
#10913=ORIENTED_EDGE('',*,*,#5341,.T.);
#10914=CARTESIAN_POINT('',(182.784388619,-123.9075,0.));
#10915=DIRECTION('',(0.,0.,-1.));
#10916=VECTOR('',#10915,1.2);
#10917=LINE('',#10914,#10916);
#10918=EDGE_CURVE('',#3542,#5327,#10917,.T.);
#10919=ORIENTED_EDGE('',*,*,#10918,.F.);
#10920=ORIENTED_EDGE('',*,*,#3547,.F.);
#10921=EDGE_LOOP('',(#10912,#10913,#10919,#10920));
#10922=FACE_BOUND('',#10921,.T.);
#10923=ADVANCED_FACE('',(#10922),#10906,.T.);
#10924=CARTESIAN_POINT('',(183.287241,-130.9575,-1.2));
#10925=DIRECTION('',(-1.,0.,0.));
#10926=DIRECTION('',(0.,0.,1.));
#10927=AXIS2_PLACEMENT_3D('',#10924,#10925,#10926);
#10928=PLANE('',#10927);
#10929=CARTESIAN_POINT('',(183.287241,-124.438351514,0.));
#10930=DIRECTION('',(0.,0.,-1.));
#10931=VECTOR('',#10930,1.2);
#10932=LINE('',#10929,#10931);
#10933=EDGE_CURVE('',#3550,#5319,#10932,.T.);
#10934=ORIENTED_EDGE('',*,*,#10933,.T.);
#10935=ORIENTED_EDGE('',*,*,#5324,.T.);
#10936=CARTESIAN_POINT('',(183.287241,-137.4575,0.));
#10937=DIRECTION('',(0.,0.,-1.));
#10938=VECTOR('',#10937,1.2);
#10939=LINE('',#10936,#10938);
#10940=EDGE_CURVE('',#3559,#5310,#10939,.T.);
#10941=ORIENTED_EDGE('',*,*,#10940,.F.);
#10942=ORIENTED_EDGE('',*,*,#3564,.F.);
#10943=EDGE_LOOP('',(#10934,#10935,#10941,#10942));
#10944=FACE_BOUND('',#10943,.T.);
#10945=ADVANCED_FACE('',(#10944),#10928,.T.);
#10946=CARTESIAN_POINT('',(169.187241,-111.9075,-1.2));
#10947=DIRECTION('',(1.,0.,0.));
#10948=DIRECTION('',(0.,0.,-1.));
#10949=AXIS2_PLACEMENT_3D('',#10946,#10947,#10948);
#10950=PLANE('',#10949);
#10951=CARTESIAN_POINT('',(169.187241,-105.4575,0.));
#10952=DIRECTION('',(0.,0.,-1.));
#10953=VECTOR('',#10952,1.2);
#10954=LINE('',#10951,#10953);
#10955=EDGE_CURVE('',#2176,#5205,#10954,.T.);
#10956=ORIENTED_EDGE('',*,*,#10955,.F.);
#10957=ORIENTED_EDGE('',*,*,#2259,.F.);
#10958=CARTESIAN_POINT('',(169.187241,-118.4575,0.));
#10959=DIRECTION('',(0.,0.,-1.));
#10960=VECTOR('',#10959,1.2);
#10961=LINE('',#10958,#10960);
#10962=EDGE_CURVE('',#2247,#5214,#10961,.T.);
#10963=ORIENTED_EDGE('',*,*,#10962,.T.);
#10964=ORIENTED_EDGE('',*,*,#5219,.T.);
#10965=EDGE_LOOP('',(#10956,#10957,#10963,#10964));
#10966=FACE_BOUND('',#10965,.T.);
#10967=ADVANCED_FACE('',(#10966),#10950,.T.);
#10968=CARTESIAN_POINT('',(176.237241,-104.8575,-1.2));
#10969=DIRECTION('',(0.,-1.,0.));
#10970=DIRECTION('',(0.,0.,-1.));
#10971=AXIS2_PLACEMENT_3D('',#10968,#10969,#10970);
#10972=PLANE('',#10971);
#10973=CARTESIAN_POINT('',(169.677138949,-104.8575,0.));
#10974=DIRECTION('',(0.,0.,-1.));
#10975=VECTOR('',#10974,1.2);
#10976=LINE('',#10973,#10975);
#10977=EDGE_CURVE('',#2187,#5186,#10976,.T.);
#10978=ORIENTED_EDGE('',*,*,#10977,.T.);
#10979=ORIENTED_EDGE('',*,*,#5193,.T.);
#10980=CARTESIAN_POINT('',(182.687241,-104.8575,0.));
#10981=DIRECTION('',(0.,0.,-1.));
#10982=VECTOR('',#10981,1.2);
#10983=LINE('',#10980,#10982);
#10984=EDGE_CURVE('',#2196,#5188,#10983,.T.);
#10985=ORIENTED_EDGE('',*,*,#10984,.F.);
#10986=ORIENTED_EDGE('',*,*,#2201,.F.);
#10987=EDGE_LOOP('',(#10978,#10979,#10985,#10986));
#10988=FACE_BOUND('',#10987,.T.);
#10989=ADVANCED_FACE('',(#10988),#10972,.T.);
#10990=CARTESIAN_POINT('',(183.287241,-111.9075,-1.2));
#10991=DIRECTION('',(-1.,0.,0.));
#10992=DIRECTION('',(0.,0.,1.));
#10993=AXIS2_PLACEMENT_3D('',#10990,#10991,#10992);
#10994=PLANE('',#10993);
#10995=CARTESIAN_POINT('',(183.287241,-105.347397949,0.));
#10996=DIRECTION('',(0.,0.,-1.));
#10997=VECTOR('',#10996,1.2);
#10998=LINE('',#10995,#10997);
#10999=EDGE_CURVE('',#2204,#5257,#10998,.T.);
#11000=ORIENTED_EDGE('',*,*,#10999,.T.);
#11001=ORIENTED_EDGE('',*,*,#5262,.T.);
#11002=CARTESIAN_POINT('',(183.287241,-118.1575,0.));
#11003=DIRECTION('',(0.,0.,-1.));
#11004=VECTOR('',#11003,1.2);
#11005=LINE('',#11002,#11004);
#11006=EDGE_CURVE('',#2213,#5248,#11005,.T.);
#11007=ORIENTED_EDGE('',*,*,#11006,.F.);
#11008=ORIENTED_EDGE('',*,*,#2218,.F.);
#11009=EDGE_LOOP('',(#11000,#11001,#11007,#11008));
#11010=FACE_BOUND('',#11009,.T.);
#11011=ADVANCED_FACE('',(#11010),#10994,.T.);
#11012=CARTESIAN_POINT('',(176.237241,-118.9575,-1.2));
#11013=DIRECTION('',(0.,1.,0.));
#11014=DIRECTION('',(0.,0.,1.));
#11015=AXIS2_PLACEMENT_3D('',#11012,#11013,#11014);
#11016=PLANE('',#11015);
#11017=CARTESIAN_POINT('',(182.887241,-118.9575,0.));
#11018=DIRECTION('',(0.,0.,-1.));
#11019=VECTOR('',#11018,1.2);
#11020=LINE('',#11017,#11019);
#11021=EDGE_CURVE('',#2221,#5240,#11020,.T.);
#11022=ORIENTED_EDGE('',*,*,#11021,.T.);
#11023=ORIENTED_EDGE('',*,*,#5245,.T.);
#11024=CARTESIAN_POINT('',(169.687241,-118.9575,0.));
#11025=DIRECTION('',(0.,0.,-1.));
#11026=VECTOR('',#11025,1.2);
#11027=LINE('',#11024,#11026);
#11028=EDGE_CURVE('',#2230,#5231,#11027,.T.);
#11029=ORIENTED_EDGE('',*,*,#11028,.F.);
#11030=ORIENTED_EDGE('',*,*,#2235,.F.);
#11031=EDGE_LOOP('',(#11022,#11023,#11029,#11030));
#11032=FACE_BOUND('',#11031,.T.);
#11033=ADVANCED_FACE('',(#11032),#11016,.T.);
#11034=CARTESIAN_POINT('',(164.237241,-107.145,-1.2));
#11035=DIRECTION('',(-1.,0.,0.));
#11036=DIRECTION('',(0.,0.,1.));
#11037=AXIS2_PLACEMENT_3D('',#11034,#11035,#11036);
#11038=PLANE('',#11037);
#11039=CARTESIAN_POINT('',(164.237241,-100.645,0.));
#11040=DIRECTION('',(0.,0.,-1.));
#11041=VECTOR('',#11040,1.2);
#11042=LINE('',#11039,#11041);
#11043=EDGE_CURVE('',#2266,#5098,#11042,.T.);
#11044=ORIENTED_EDGE('',*,*,#11043,.T.);
#11045=ORIENTED_EDGE('',*,*,#5105,.T.);
#11046=CARTESIAN_POINT('',(164.237241,-113.697506281,0.));
#11047=DIRECTION('',(0.,0.,-1.));
#11048=VECTOR('',#11047,1.2);
#11049=LINE('',#11046,#11048);
#11050=EDGE_CURVE('',#2275,#5100,#11049,.T.);
#11051=ORIENTED_EDGE('',*,*,#11050,.F.);
#11052=ORIENTED_EDGE('',*,*,#2280,.F.);
#11053=EDGE_LOOP('',(#11044,#11045,#11051,#11052));
#11054=FACE_BOUND('',#11053,.T.);
#11055=ADVANCED_FACE('',(#11054),#11038,.T.);
#11056=CARTESIAN_POINT('',(157.187241,-114.195,-1.2));
#11057=DIRECTION('',(0.,1.,0.));
#11058=DIRECTION('',(0.,0.,1.));
#11059=AXIS2_PLACEMENT_3D('',#11056,#11057,#11058);
#11060=PLANE('',#11059);
#11061=CARTESIAN_POINT('',(150.640093381,-114.195,0.));
#11062=DIRECTION('',(0.,0.,-1.));
#11063=VECTOR('',#11062,1.2);
#11064=LINE('',#11061,#11063);
#11065=EDGE_CURVE('',#2292,#5160,#11064,.T.);
#11066=ORIENTED_EDGE('',*,*,#11065,.F.);
#11067=ORIENTED_EDGE('',*,*,#2297,.F.);
#11068=CARTESIAN_POINT('',(163.687241,-114.195,0.));
#11069=DIRECTION('',(0.,0.,-1.));
#11070=VECTOR('',#11069,1.2);
#11071=LINE('',#11068,#11070);
#11072=EDGE_CURVE('',#2283,#5169,#11071,.T.);
#11073=ORIENTED_EDGE('',*,*,#11072,.T.);
#11074=ORIENTED_EDGE('',*,*,#5174,.T.);
#11075=EDGE_LOOP('',(#11066,#11067,#11073,#11074));
#11076=FACE_BOUND('',#11075,.T.);
#11077=ADVANCED_FACE('',(#11076),#11060,.T.);
#11078=CARTESIAN_POINT('',(150.137241,-107.145,-1.2));
#11079=DIRECTION('',(1.,0.,0.));
#11080=DIRECTION('',(0.,0.,-1.));
#11081=AXIS2_PLACEMENT_3D('',#11078,#11079,#11080);
#11082=PLANE('',#11081);
#11083=CARTESIAN_POINT('',(150.137241,-100.592493719,0.));
#11084=DIRECTION('',(0.,0.,-1.));
#11085=VECTOR('',#11084,1.2);
#11086=LINE('',#11083,#11085);
#11087=EDGE_CURVE('',#2318,#5134,#11086,.T.);
#11088=ORIENTED_EDGE('',*,*,#11087,.F.);
#11089=ORIENTED_EDGE('',*,*,#2323,.F.);
#11090=CARTESIAN_POINT('',(150.137241,-113.664148486,0.));
#11091=DIRECTION('',(0.,0.,-1.));
#11092=VECTOR('',#11091,1.2);
#11093=LINE('',#11090,#11092);
#11094=EDGE_CURVE('',#2309,#5143,#11093,.T.);
#11095=ORIENTED_EDGE('',*,*,#11094,.T.);
#11096=ORIENTED_EDGE('',*,*,#5148,.T.);
#11097=EDGE_LOOP('',(#11088,#11089,#11095,#11096));
#11098=FACE_BOUND('',#11097,.T.);
#11099=ADVANCED_FACE('',(#11098),#11082,.T.);
#11100=CARTESIAN_POINT('',(157.187241,-100.095,-1.2));
#11101=DIRECTION('',(0.,-1.,0.));
#11102=DIRECTION('',(0.,0.,-1.));
#11103=AXIS2_PLACEMENT_3D('',#11100,#11101,#11102);
#11104=PLANE('',#11103);
#11105=CARTESIAN_POINT('',(163.739747281,-100.095,0.));
#11106=DIRECTION('',(0.,0.,-1.));
#11107=VECTOR('',#11106,1.2);
#11108=LINE('',#11105,#11107);
#11109=EDGE_CURVE('',#2264,#5108,#11108,.T.);
#11110=ORIENTED_EDGE('',*,*,#11109,.F.);
#11111=ORIENTED_EDGE('',*,*,#2347,.F.);
#11112=CARTESIAN_POINT('',(150.687241,-100.095,0.));
#11113=DIRECTION('',(0.,0.,-1.));
#11114=VECTOR('',#11113,1.2);
#11115=LINE('',#11112,#11114);
#11116=EDGE_CURVE('',#2335,#5117,#11115,.T.);
#11117=ORIENTED_EDGE('',*,*,#11116,.T.);
#11118=ORIENTED_EDGE('',*,*,#5122,.T.);
#11119=EDGE_LOOP('',(#11110,#11111,#11117,#11118));
#11120=FACE_BOUND('',#11119,.T.);
#11121=ADVANCED_FACE('',(#11120),#11104,.T.);
#11122=CARTESIAN_POINT('',(138.137241,-133.4325,-1.2));
#11123=DIRECTION('',(0.,-1.,0.));
#11124=DIRECTION('',(0.,0.,-1.));
#11125=AXIS2_PLACEMENT_3D('',#11122,#11123,#11124);
#11126=PLANE('',#11125);
#11127=CARTESIAN_POINT('',(131.584734719,-133.4325,0.));
#11128=DIRECTION('',(0.,0.,-1.));
#11129=VECTOR('',#11128,1.2);
#11130=LINE('',#11127,#11129);
#11131=EDGE_CURVE('',#3110,#5046,#11130,.T.);
#11132=ORIENTED_EDGE('',*,*,#11131,.T.);
#11133=ORIENTED_EDGE('',*,*,#5051,.T.);
#11134=CARTESIAN_POINT('',(144.689747281,-133.4325,0.));
#11135=DIRECTION('',(0.,0.,-1.));
#11136=VECTOR('',#11135,1.2);
#11137=LINE('',#11134,#11136);
#11138=EDGE_CURVE('',#3119,#5037,#11137,.T.);
#11139=ORIENTED_EDGE('',*,*,#11138,.F.);
#11140=ORIENTED_EDGE('',*,*,#3124,.F.);
#11141=EDGE_LOOP('',(#11132,#11133,#11139,#11140));
#11142=FACE_BOUND('',#11141,.T.);
#11143=ADVANCED_FACE('',(#11142),#11126,.T.);
#11144=CARTESIAN_POINT('',(145.187241,-140.4825,-1.2));
#11145=DIRECTION('',(-1.,0.,0.));
#11146=DIRECTION('',(0.,0.,1.));
#11147=AXIS2_PLACEMENT_3D('',#11144,#11145,#11146);
#11148=PLANE('',#11147);
#11149=CARTESIAN_POINT('',(145.187241,-147.035006281,0.));
#11150=DIRECTION('',(0.,0.,-1.));
#11151=VECTOR('',#11150,1.2);
#11152=LINE('',#11149,#11151);
#11153=EDGE_CURVE('',#3056,#5020,#11152,.T.);
#11154=ORIENTED_EDGE('',*,*,#11153,.F.);
#11155=ORIENTED_EDGE('',*,*,#3139,.F.);
#11156=CARTESIAN_POINT('',(145.187241,-133.9825,0.));
#11157=DIRECTION('',(0.,0.,-1.));
#11158=VECTOR('',#11157,1.2);
#11159=LINE('',#11156,#11158);
#11160=EDGE_CURVE('',#3127,#5029,#11159,.T.);
#11161=ORIENTED_EDGE('',*,*,#11160,.T.);
#11162=ORIENTED_EDGE('',*,*,#5034,.T.);
#11163=EDGE_LOOP('',(#11154,#11155,#11161,#11162));
#11164=FACE_BOUND('',#11163,.T.);
#11165=ADVANCED_FACE('',(#11164),#11148,.T.);
#11166=CARTESIAN_POINT('',(138.137241,-147.5325,-1.2));
#11167=DIRECTION('',(0.,1.,0.));
#11168=DIRECTION('',(0.,0.,1.));
#11169=AXIS2_PLACEMENT_3D('',#11166,#11167,#11168);
#11170=PLANE('',#11169);
#11171=CARTESIAN_POINT('',(144.637241,-147.5325,0.));
#11172=DIRECTION('',(0.,0.,-1.));
#11173=VECTOR('',#11172,1.2);
#11174=LINE('',#11171,#11173);
#11175=EDGE_CURVE('',#3058,#5010,#11174,.T.);
#11176=ORIENTED_EDGE('',*,*,#11175,.T.);
#11177=ORIENTED_EDGE('',*,*,#5017,.T.);
#11178=CARTESIAN_POINT('',(131.618092514,-147.5325,0.));
#11179=DIRECTION('',(0.,0.,-1.));
#11180=VECTOR('',#11179,1.2);
#11181=LINE('',#11178,#11180);
#11182=EDGE_CURVE('',#3067,#5012,#11181,.T.);
#11183=ORIENTED_EDGE('',*,*,#11182,.F.);
#11184=ORIENTED_EDGE('',*,*,#3072,.F.);
#11185=EDGE_LOOP('',(#11176,#11177,#11183,#11184));
#11186=FACE_BOUND('',#11185,.T.);
#11187=ADVANCED_FACE('',(#11186),#11170,.T.);
#11188=CARTESIAN_POINT('',(131.087241,-140.4825,-1.2));
#11189=DIRECTION('',(1.,0.,0.));
#11190=DIRECTION('',(0.,0.,-1.));
#11191=AXIS2_PLACEMENT_3D('',#11188,#11189,#11190);
#11192=PLANE('',#11191);
#11193=CARTESIAN_POINT('',(131.087241,-133.9825,0.));
#11194=DIRECTION('',(0.,0.,-1.));
#11195=VECTOR('',#11194,1.2);
#11196=LINE('',#11193,#11195);
#11197=EDGE_CURVE('',#3093,#5063,#11196,.T.);
#11198=ORIENTED_EDGE('',*,*,#11197,.F.);
#11199=ORIENTED_EDGE('',*,*,#3098,.F.);
#11200=CARTESIAN_POINT('',(131.087241,-147.029647619,0.));
#11201=DIRECTION('',(0.,0.,-1.));
#11202=VECTOR('',#11201,1.2);
#11203=LINE('',#11200,#11202);
#11204=EDGE_CURVE('',#3084,#5072,#11203,.T.);
#11205=ORIENTED_EDGE('',*,*,#11204,.T.);
#11206=ORIENTED_EDGE('',*,*,#5077,.T.);
#11207=EDGE_LOOP('',(#11198,#11199,#11205,#11206));
#11208=FACE_BOUND('',#11207,.T.);
#11209=ADVANCED_FACE('',(#11208),#11192,.T.);
#11210=CARTESIAN_POINT('',(126.137241,-145.245,-1.2));
#11211=DIRECTION('',(-1.,0.,0.));
#11212=DIRECTION('',(0.,0.,1.));
#11213=AXIS2_PLACEMENT_3D('',#11210,#11211,#11212);
#11214=PLANE('',#11213);
#11215=CARTESIAN_POINT('',(126.137241,-138.725851514,0.));
#11216=DIRECTION('',(0.,0.,-1.));
#11217=VECTOR('',#11216,1.2);
#11218=LINE('',#11215,#11217);
#11219=EDGE_CURVE('',#2794,#4922,#11218,.T.);
#11220=ORIENTED_EDGE('',*,*,#11219,.T.);
#11221=ORIENTED_EDGE('',*,*,#4929,.T.);
#11222=CARTESIAN_POINT('',(126.137241,-151.745,0.));
#11223=DIRECTION('',(0.,0.,-1.));
#11224=VECTOR('',#11223,1.2);
#11225=LINE('',#11222,#11224);
#11226=EDGE_CURVE('',#2803,#4924,#11225,.T.);
#11227=ORIENTED_EDGE('',*,*,#11226,.F.);
#11228=ORIENTED_EDGE('',*,*,#2808,.F.);
#11229=EDGE_LOOP('',(#11220,#11221,#11227,#11228));
#11230=FACE_BOUND('',#11229,.T.);
#11231=ADVANCED_FACE('',(#11230),#11214,.T.);
#11232=CARTESIAN_POINT('',(119.087241,-152.295,-1.2));
#11233=DIRECTION('',(0.,1.,0.));
#11234=DIRECTION('',(0.,0.,1.));
#11235=AXIS2_PLACEMENT_3D('',#11232,#11233,#11234);
#11236=PLANE('',#11235);
#11237=CARTESIAN_POINT('',(112.568092514,-152.295,0.));
#11238=DIRECTION('',(0.,0.,-1.));
#11239=VECTOR('',#11238,1.2);
#11240=LINE('',#11237,#11239);
#11241=EDGE_CURVE('',#2820,#4984,#11240,.T.);
#11242=ORIENTED_EDGE('',*,*,#11241,.F.);
#11243=ORIENTED_EDGE('',*,*,#2825,.F.);
#11244=CARTESIAN_POINT('',(125.639747281,-152.295,0.));
#11245=DIRECTION('',(0.,0.,-1.));
#11246=VECTOR('',#11245,1.2);
#11247=LINE('',#11244,#11246);
#11248=EDGE_CURVE('',#2811,#4993,#11247,.T.);
#11249=ORIENTED_EDGE('',*,*,#11248,.T.);
#11250=ORIENTED_EDGE('',*,*,#4998,.T.);
#11251=EDGE_LOOP('',(#11242,#11243,#11249,#11250));
#11252=FACE_BOUND('',#11251,.T.);
#11253=ADVANCED_FACE('',(#11252),#11236,.T.);
#11254=CARTESIAN_POINT('',(112.037241,-145.245,-1.2));
#11255=DIRECTION('',(1.,0.,0.));
#11256=DIRECTION('',(0.,0.,-1.));
#11257=AXIS2_PLACEMENT_3D('',#11254,#11255,#11256);
#11258=PLANE('',#11257);
#11259=CARTESIAN_POINT('',(112.037241,-151.792147619,0.));
#11260=DIRECTION('',(0.,0.,-1.));
#11261=VECTOR('',#11260,1.2);
#11262=LINE('',#11259,#11261);
#11263=EDGE_CURVE('',#2837,#4967,#11262,.T.);
#11264=ORIENTED_EDGE('',*,*,#11263,.T.);
#11265=ORIENTED_EDGE('',*,*,#4972,.T.);
#11266=CARTESIAN_POINT('',(112.037241,-138.697852381,0.));
#11267=DIRECTION('',(0.,0.,-1.));
#11268=VECTOR('',#11267,1.2);
#11269=LINE('',#11266,#11268);
#11270=EDGE_CURVE('',#2846,#4958,#11269,.T.);
#11271=ORIENTED_EDGE('',*,*,#11270,.F.);
#11272=ORIENTED_EDGE('',*,*,#2851,.F.);
#11273=EDGE_LOOP('',(#11264,#11265,#11271,#11272));
#11274=FACE_BOUND('',#11273,.T.);
#11275=ADVANCED_FACE('',(#11274),#11258,.T.);
#11276=CARTESIAN_POINT('',(119.087241,-138.195,-1.2));
#11277=DIRECTION('',(0.,-1.,0.));
#11278=DIRECTION('',(0.,0.,-1.));
#11279=AXIS2_PLACEMENT_3D('',#11276,#11277,#11278);
#11280=PLANE('',#11279);
#11281=CARTESIAN_POINT('',(125.634388619,-138.195,0.));
#11282=DIRECTION('',(0.,0.,-1.));
#11283=VECTOR('',#11282,1.2);
#11284=LINE('',#11281,#11283);
#11285=EDGE_CURVE('',#2792,#4932,#11284,.T.);
#11286=ORIENTED_EDGE('',*,*,#11285,.F.);
#11287=ORIENTED_EDGE('',*,*,#2875,.F.);
#11288=CARTESIAN_POINT('',(112.568092514,-138.195,0.));
#11289=DIRECTION('',(0.,0.,-1.));
#11290=VECTOR('',#11289,1.2);
#11291=LINE('',#11288,#11290);
#11292=EDGE_CURVE('',#2863,#4941,#11291,.T.);
#11293=ORIENTED_EDGE('',*,*,#11292,.T.);
#11294=ORIENTED_EDGE('',*,*,#4946,.T.);
#11295=EDGE_LOOP('',(#11286,#11287,#11293,#11294));
#11296=FACE_BOUND('',#11295,.T.);
#11297=ADVANCED_FACE('',(#11296),#11280,.T.);
#11298=CARTESIAN_POINT('',(138.137241,-128.4825,-1.2));
#11299=DIRECTION('',(0.,1.,0.));
#11300=DIRECTION('',(0.,0.,1.));
#11301=AXIS2_PLACEMENT_3D('',#11298,#11299,#11300);
#11302=PLANE('',#11301);
#11303=CARTESIAN_POINT('',(131.584734719,-128.4825,0.));
#11304=DIRECTION('',(0.,0.,-1.));
#11305=VECTOR('',#11304,1.2);
#11306=LINE('',#11303,#11305);
#11307=EDGE_CURVE('',#3232,#4853,#11306,.T.);
#11308=ORIENTED_EDGE('',*,*,#11307,.F.);
#11309=ORIENTED_EDGE('',*,*,#3315,.F.);
#11310=CARTESIAN_POINT('',(144.637241,-128.4825,0.));
#11311=DIRECTION('',(0.,0.,-1.));
#11312=VECTOR('',#11311,1.2);
#11313=LINE('',#11310,#11312);
#11314=EDGE_CURVE('',#3303,#4862,#11313,.T.);
#11315=ORIENTED_EDGE('',*,*,#11314,.T.);
#11316=ORIENTED_EDGE('',*,*,#4867,.T.);
#11317=EDGE_LOOP('',(#11308,#11309,#11315,#11316));
#11318=FACE_BOUND('',#11317,.T.);
#11319=ADVANCED_FACE('',(#11318),#11302,.T.);
#11320=CARTESIAN_POINT('',(131.087241,-121.4325,-1.2));
#11321=DIRECTION('',(1.,0.,0.));
#11322=DIRECTION('',(0.,0.,-1.));
#11323=AXIS2_PLACEMENT_3D('',#11320,#11321,#11322);
#11324=PLANE('',#11323);
#11325=CARTESIAN_POINT('',(131.087241,-127.9325,0.));
#11326=DIRECTION('',(0.,0.,-1.));
#11327=VECTOR('',#11326,1.2);
#11328=LINE('',#11325,#11327);
#11329=EDGE_CURVE('',#3243,#4834,#11328,.T.);
#11330=ORIENTED_EDGE('',*,*,#11329,.T.);
#11331=ORIENTED_EDGE('',*,*,#4841,.T.);
#11332=CARTESIAN_POINT('',(131.087241,-114.9325,0.));
#11333=DIRECTION('',(0.,0.,-1.));
#11334=VECTOR('',#11333,1.2);
#11335=LINE('',#11332,#11334);
#11336=EDGE_CURVE('',#3252,#4836,#11335,.T.);
#11337=ORIENTED_EDGE('',*,*,#11336,.F.);
#11338=ORIENTED_EDGE('',*,*,#3257,.F.);
#11339=EDGE_LOOP('',(#11330,#11331,#11337,#11338));
#11340=FACE_BOUND('',#11339,.T.);
#11341=ADVANCED_FACE('',(#11340),#11324,.T.);
#11342=CARTESIAN_POINT('',(138.137241,-114.3825,-1.2));
#11343=DIRECTION('',(0.,-1.,0.));
#11344=DIRECTION('',(0.,0.,-1.));
#11345=AXIS2_PLACEMENT_3D('',#11342,#11343,#11344);
#11346=PLANE('',#11345);
#11347=CARTESIAN_POINT('',(131.584734719,-114.3825,0.));
#11348=DIRECTION('',(0.,0.,-1.));
#11349=VECTOR('',#11348,1.2);
#11350=LINE('',#11347,#11349);
#11351=EDGE_CURVE('',#3269,#4896,#11350,.T.);
#11352=ORIENTED_EDGE('',*,*,#11351,.T.);
#11353=ORIENTED_EDGE('',*,*,#4901,.T.);
#11354=CARTESIAN_POINT('',(144.637241,-114.3825,0.));
#11355=DIRECTION('',(0.,0.,-1.));
#11356=VECTOR('',#11355,1.2);
#11357=LINE('',#11354,#11356);
#11358=EDGE_CURVE('',#3278,#4887,#11357,.T.);
#11359=ORIENTED_EDGE('',*,*,#11358,.F.);
#11360=ORIENTED_EDGE('',*,*,#3283,.F.);
#11361=EDGE_LOOP('',(#11352,#11353,#11359,#11360));
#11362=FACE_BOUND('',#11361,.T.);
#11363=ADVANCED_FACE('',(#11362),#11346,.T.);
#11364=CARTESIAN_POINT('',(145.187241,-121.4325,-1.2));
#11365=DIRECTION('',(-1.,0.,0.));
#11366=DIRECTION('',(0.,0.,1.));
#11367=AXIS2_PLACEMENT_3D('',#11364,#11365,#11366);
#11368=PLANE('',#11367);
#11369=CARTESIAN_POINT('',(145.187241,-114.879993719,0.));
#11370=DIRECTION('',(0.,0.,-1.));
#11371=VECTOR('',#11370,1.2);
#11372=LINE('',#11369,#11371);
#11373=EDGE_CURVE('',#3286,#4879,#11372,.T.);
#11374=ORIENTED_EDGE('',*,*,#11373,.T.);
#11375=ORIENTED_EDGE('',*,*,#4884,.T.);
#11376=CARTESIAN_POINT('',(145.187241,-127.985006281,0.));
#11377=DIRECTION('',(0.,0.,-1.));
#11378=VECTOR('',#11377,1.2);
#11379=LINE('',#11376,#11378);
#11380=EDGE_CURVE('',#3295,#4870,#11379,.T.);
#11381=ORIENTED_EDGE('',*,*,#11380,.F.);
#11382=ORIENTED_EDGE('',*,*,#3300,.F.);
#11383=EDGE_LOOP('',(#11374,#11375,#11381,#11382));
#11384=FACE_BOUND('',#11383,.T.);
#11385=ADVANCED_FACE('',(#11384),#11368,.T.);
#11386=CARTESIAN_POINT('',(100.037241,-138.0075,-1.2));
#11387=DIRECTION('',(0.,1.,0.));
#11388=DIRECTION('',(0.,0.,1.));
#11389=AXIS2_PLACEMENT_3D('',#11386,#11387,#11388);
#11390=PLANE('',#11389);
#11391=CARTESIAN_POINT('',(93.518092514,-138.0075,0.));
#11392=DIRECTION('',(0.,0.,-1.));
#11393=VECTOR('',#11392,1.2);
#11394=LINE('',#11391,#11393);
#11395=EDGE_CURVE('',#2934,#4791,#11394,.T.);
#11396=ORIENTED_EDGE('',*,*,#11395,.F.);
#11397=ORIENTED_EDGE('',*,*,#2939,.F.);
#11398=CARTESIAN_POINT('',(106.537241,-138.0075,0.));
#11399=DIRECTION('',(0.,0.,-1.));
#11400=VECTOR('',#11399,1.2);
#11401=LINE('',#11398,#11400);
#11402=EDGE_CURVE('',#2925,#4800,#11401,.T.);
#11403=ORIENTED_EDGE('',*,*,#11402,.T.);
#11404=ORIENTED_EDGE('',*,*,#4805,.T.);
#11405=EDGE_LOOP('',(#11396,#11397,#11403,#11404));
#11406=FACE_BOUND('',#11405,.T.);
#11407=ADVANCED_FACE('',(#11406),#11390,.T.);
#11408=CARTESIAN_POINT('',(92.987241,-130.9575,-1.2));
#11409=DIRECTION('',(1.,0.,0.));
#11410=DIRECTION('',(0.,0.,-1.));
#11411=AXIS2_PLACEMENT_3D('',#11408,#11409,#11410);
#11412=PLANE('',#11411);
#11413=CARTESIAN_POINT('',(92.987241,-124.4575,0.));
#11414=DIRECTION('',(0.,0.,-1.));
#11415=VECTOR('',#11414,1.2);
#11416=LINE('',#11413,#11415);
#11417=EDGE_CURVE('',#2880,#4765,#11416,.T.);
#11418=ORIENTED_EDGE('',*,*,#11417,.F.);
#11419=ORIENTED_EDGE('',*,*,#2963,.F.);
#11420=CARTESIAN_POINT('',(92.987241,-137.504647619,0.));
#11421=DIRECTION('',(0.,0.,-1.));
#11422=VECTOR('',#11421,1.2);
#11423=LINE('',#11420,#11422);
#11424=EDGE_CURVE('',#2951,#4774,#11423,.T.);
#11425=ORIENTED_EDGE('',*,*,#11424,.T.);
#11426=ORIENTED_EDGE('',*,*,#4779,.T.);
#11427=EDGE_LOOP('',(#11418,#11419,#11425,#11426));
#11428=FACE_BOUND('',#11427,.T.);
#11429=ADVANCED_FACE('',(#11428),#11412,.T.);
#11430=CARTESIAN_POINT('',(100.037241,-123.9075,-1.2));
#11431=DIRECTION('',(0.,-1.,0.));
#11432=DIRECTION('',(0.,0.,-1.));
#11433=AXIS2_PLACEMENT_3D('',#11430,#11431,#11432);
#11434=PLANE('',#11433);
#11435=CARTESIAN_POINT('',(93.484734719,-123.9075,0.));
#11436=DIRECTION('',(0.,0.,-1.));
#11437=VECTOR('',#11436,1.2);
#11438=LINE('',#11435,#11437);
#11439=EDGE_CURVE('',#2891,#4746,#11438,.T.);
#11440=ORIENTED_EDGE('',*,*,#11439,.T.);
#11441=ORIENTED_EDGE('',*,*,#4753,.T.);
#11442=CARTESIAN_POINT('',(106.589747281,-123.9075,0.));
#11443=DIRECTION('',(0.,0.,-1.));
#11444=VECTOR('',#11443,1.2);
#11445=LINE('',#11442,#11444);
#11446=EDGE_CURVE('',#2900,#4748,#11445,.T.);
#11447=ORIENTED_EDGE('',*,*,#11446,.F.);
#11448=ORIENTED_EDGE('',*,*,#2905,.F.);
#11449=EDGE_LOOP('',(#11440,#11441,#11447,#11448));
#11450=FACE_BOUND('',#11449,.T.);
#11451=ADVANCED_FACE('',(#11450),#11434,.T.);
#11452=CARTESIAN_POINT('',(107.087241,-130.9575,-1.2));
#11453=DIRECTION('',(-1.,0.,0.));
#11454=DIRECTION('',(0.,0.,1.));
#11455=AXIS2_PLACEMENT_3D('',#11452,#11453,#11454);
#11456=PLANE('',#11455);
#11457=CARTESIAN_POINT('',(107.087241,-124.4575,0.));
#11458=DIRECTION('',(0.,0.,-1.));
#11459=VECTOR('',#11458,1.2);
#11460=LINE('',#11457,#11459);
#11461=EDGE_CURVE('',#2908,#4817,#11460,.T.);
#11462=ORIENTED_EDGE('',*,*,#11461,.T.);
#11463=ORIENTED_EDGE('',*,*,#4822,.T.);
#11464=CARTESIAN_POINT('',(107.087241,-137.510006281,0.));
#11465=DIRECTION('',(0.,0.,-1.));
#11466=VECTOR('',#11465,1.2);
#11467=LINE('',#11464,#11466);
#11468=EDGE_CURVE('',#2917,#4808,#11467,.T.);
#11469=ORIENTED_EDGE('',*,*,#11468,.F.);
#11470=ORIENTED_EDGE('',*,*,#2922,.F.);
#11471=EDGE_LOOP('',(#11462,#11463,#11469,#11470));
#11472=FACE_BOUND('',#11471,.T.);
#11473=ADVANCED_FACE('',(#11472),#11456,.T.);
#11474=CARTESIAN_POINT('',(89.519993,-109.2625,-1.2));
#11475=DIRECTION('',(0.,0.,-1.));
#11476=DIRECTION('',(-1.,0.,0.));
#11477=AXIS2_PLACEMENT_3D('',#11474,#11475,#11476);
#11478=CYLINDRICAL_SURFACE('',#11477,0.5);
#11479=ORIENTED_EDGE('',*,*,#3962,.T.);
#11480=CARTESIAN_POINT('',(90.019993,-109.2625,-1.2));
#11481=DIRECTION('',(0.,0.,1.));
#11482=VECTOR('',#11481,1.2);
#11483=LINE('',#11480,#11482);
#11484=EDGE_CURVE('',#4678,#3956,#11483,.T.);
#11485=ORIENTED_EDGE('',*,*,#11484,.F.);
#11486=ORIENTED_EDGE('',*,*,#4684,.F.);
#11487=CARTESIAN_POINT('',(89.519993,-109.7625,-1.2));
#11488=DIRECTION('',(-0.,-0.,1.));
#11489=VECTOR('',#11488,1.2);
#11490=LINE('',#11487,#11489);
#11491=EDGE_CURVE('',#4676,#3954,#11490,.T.);
#11492=ORIENTED_EDGE('',*,*,#11491,.T.);
#11493=EDGE_LOOP('',(#11479,#11485,#11486,#11492));
#11494=FACE_BOUND('',#11493,.T.);
#11495=ADVANCED_FACE('',(#11494),#11478,.F.);
#11496=CARTESIAN_POINT('',(80.887241,-109.7625,-1.2));
#11497=DIRECTION('',(0.,1.,0.));
#11498=DIRECTION('',(0.,0.,1.));
#11499=AXIS2_PLACEMENT_3D('',#11496,#11497,#11498);
#11500=PLANE('',#11499);
#11501=ORIENTED_EDGE('',*,*,#3970,.F.);
#11502=ORIENTED_EDGE('',*,*,#11491,.F.);
#11503=ORIENTED_EDGE('',*,*,#4741,.T.);
#11504=CARTESIAN_POINT('',(72.28,-109.7625,-1.2));
#11505=DIRECTION('',(0.,0.,1.));
#11506=VECTOR('',#11505,1.2);
#11507=LINE('',#11504,#11506);
#11508=EDGE_CURVE('',#4729,#3965,#11507,.T.);
#11509=ORIENTED_EDGE('',*,*,#11508,.T.);
#11510=EDGE_LOOP('',(#11501,#11502,#11503,#11509));
#11511=FACE_BOUND('',#11510,.T.);
#11512=ADVANCED_FACE('',(#11511),#11500,.T.);
#11513=CARTESIAN_POINT('',(72.28,-109.2625,-1.2));
#11514=DIRECTION('',(0.,0.,-1.));
#11515=DIRECTION('',(-1.,0.,0.));
#11516=AXIS2_PLACEMENT_3D('',#11513,#11514,#11515);
#11517=CYLINDRICAL_SURFACE('',#11516,0.5);
#11518=ORIENTED_EDGE('',*,*,#3979,.T.);
#11519=ORIENTED_EDGE('',*,*,#11508,.F.);
#11520=ORIENTED_EDGE('',*,*,#4735,.F.);
#11521=CARTESIAN_POINT('',(71.78,-109.2625,-1.2));
#11522=DIRECTION('',(-0.,-0.,1.));
#11523=VECTOR('',#11522,1.2);
#11524=LINE('',#11521,#11523);
#11525=EDGE_CURVE('',#4721,#3973,#11524,.T.);
#11526=ORIENTED_EDGE('',*,*,#11525,.T.);
#11527=EDGE_LOOP('',(#11518,#11519,#11520,#11526));
#11528=FACE_BOUND('',#11527,.T.);
#11529=ADVANCED_FACE('',(#11528),#11517,.F.);
#11530=CARTESIAN_POINT('',(71.78,-108.002499,-1.2));
#11531=DIRECTION('',(1.,0.,0.));
#11532=DIRECTION('',(0.,0.,-1.));
#11533=AXIS2_PLACEMENT_3D('',#11530,#11531,#11532);
#11534=PLANE('',#11533);
#11535=ORIENTED_EDGE('',*,*,#3987,.F.);
#11536=ORIENTED_EDGE('',*,*,#11525,.F.);
#11537=ORIENTED_EDGE('',*,*,#4726,.T.);
#11538=CARTESIAN_POINT('',(71.78,-106.742498,-1.2));
#11539=DIRECTION('',(0.,0.,1.));
#11540=VECTOR('',#11539,1.2);
#11541=LINE('',#11538,#11540);
#11542=EDGE_CURVE('',#4712,#3982,#11541,.T.);
#11543=ORIENTED_EDGE('',*,*,#11542,.T.);
#11544=EDGE_LOOP('',(#11535,#11536,#11537,#11543));
#11545=FACE_BOUND('',#11544,.T.);
#11546=ADVANCED_FACE('',(#11545),#11534,.T.);
#11547=CARTESIAN_POINT('',(72.28,-106.742498,-1.2));
#11548=DIRECTION('',(0.,0.,-1.));
#11549=DIRECTION('',(-1.,0.,0.));
#11550=AXIS2_PLACEMENT_3D('',#11547,#11548,#11549);
#11551=CYLINDRICAL_SURFACE('',#11550,0.5);
#11552=ORIENTED_EDGE('',*,*,#3996,.T.);
#11553=ORIENTED_EDGE('',*,*,#11542,.F.);
#11554=ORIENTED_EDGE('',*,*,#4718,.F.);
#11555=CARTESIAN_POINT('',(72.28,-106.242498,-1.2));
#11556=DIRECTION('',(-0.,-0.,1.));
#11557=VECTOR('',#11556,1.2);
#11558=LINE('',#11555,#11557);
#11559=EDGE_CURVE('',#4704,#3990,#11558,.T.);
#11560=ORIENTED_EDGE('',*,*,#11559,.T.);
#11561=EDGE_LOOP('',(#11552,#11553,#11554,#11560));
#11562=FACE_BOUND('',#11561,.T.);
#11563=ADVANCED_FACE('',(#11562),#11551,.F.);
#11564=CARTESIAN_POINT('',(75.632088452,-106.242498,-1.2));
#11565=DIRECTION('',(0.,-1.,0.));
#11566=DIRECTION('',(0.,0.,-1.));
#11567=AXIS2_PLACEMENT_3D('',#11564,#11565,#11566);
#11568=PLANE('',#11567);
#11569=ORIENTED_EDGE('',*,*,#4004,.F.);
#11570=ORIENTED_EDGE('',*,*,#11559,.F.);
#11571=ORIENTED_EDGE('',*,*,#4709,.T.);
#11572=CARTESIAN_POINT('',(89.519993,-106.242498,-1.2));
#11573=DIRECTION('',(0.,0.,1.));
#11574=VECTOR('',#11573,1.2);
#11575=LINE('',#11572,#11574);
#11576=EDGE_CURVE('',#4695,#3999,#11575,.T.);
#11577=ORIENTED_EDGE('',*,*,#11576,.T.);
#11578=EDGE_LOOP('',(#11569,#11570,#11571,#11577));
#11579=FACE_BOUND('',#11578,.T.);
#11580=ADVANCED_FACE('',(#11579),#11568,.T.);
#11581=CARTESIAN_POINT('',(89.519993,-106.742498,-1.2));
#11582=DIRECTION('',(0.,0.,-1.));
#11583=DIRECTION('',(-1.,0.,0.));
#11584=AXIS2_PLACEMENT_3D('',#11581,#11582,#11583);
#11585=CYLINDRICAL_SURFACE('',#11584,0.5);
#11586=ORIENTED_EDGE('',*,*,#4013,.T.);
#11587=ORIENTED_EDGE('',*,*,#11576,.F.);
#11588=ORIENTED_EDGE('',*,*,#4701,.F.);
#11589=CARTESIAN_POINT('',(90.019993,-106.742498,-1.2));
#11590=DIRECTION('',(-0.,-0.,1.));
#11591=VECTOR('',#11590,1.2);
#11592=LINE('',#11589,#11591);
#11593=EDGE_CURVE('',#4687,#4007,#11592,.T.);
#11594=ORIENTED_EDGE('',*,*,#11593,.T.);
#11595=EDGE_LOOP('',(#11586,#11587,#11588,#11594));
#11596=FACE_BOUND('',#11595,.T.);
#11597=ADVANCED_FACE('',(#11596),#11585,.F.);
#11598=CARTESIAN_POINT('',(138.137241,-95.3325,-1.2));
#11599=DIRECTION('',(0.,-1.,0.));
#11600=DIRECTION('',(0.,0.,-1.));
#11601=AXIS2_PLACEMENT_3D('',#11598,#11599,#11600);
#11602=PLANE('',#11601);
#11603=CARTESIAN_POINT('',(144.656389486,-95.3325,0.));
#11604=DIRECTION('',(0.,0.,-1.));
#11605=VECTOR('',#11604,1.2);
#11606=LINE('',#11603,#11605);
#11607=EDGE_CURVE('',#3454,#4641,#11606,.T.);
#11608=ORIENTED_EDGE('',*,*,#11607,.F.);
#11609=ORIENTED_EDGE('',*,*,#3459,.F.);
#11610=CARTESIAN_POINT('',(131.637241,-95.3325,0.));
#11611=DIRECTION('',(0.,0.,-1.));
#11612=VECTOR('',#11611,1.2);
#11613=LINE('',#11610,#11612);
#11614=EDGE_CURVE('',#3445,#4650,#11613,.T.);
#11615=ORIENTED_EDGE('',*,*,#11614,.T.);
#11616=ORIENTED_EDGE('',*,*,#4655,.T.);
#11617=EDGE_LOOP('',(#11608,#11609,#11615,#11616));
#11618=FACE_BOUND('',#11617,.T.);
#11619=ADVANCED_FACE('',(#11618),#11602,.T.);
#11620=CARTESIAN_POINT('',(145.187241,-102.3825,-1.2));
#11621=DIRECTION('',(-1.,0.,0.));
#11622=DIRECTION('',(0.,0.,1.));
#11623=AXIS2_PLACEMENT_3D('',#11620,#11621,#11622);
#11624=PLANE('',#11623);
#11625=CARTESIAN_POINT('',(145.187241,-95.835352381,0.));
#11626=DIRECTION('',(0.,0.,-1.));
#11627=VECTOR('',#11626,1.2);
#11628=LINE('',#11625,#11627);
#11629=EDGE_CURVE('',#3462,#4633,#11628,.T.);
#11630=ORIENTED_EDGE('',*,*,#11629,.T.);
#11631=ORIENTED_EDGE('',*,*,#4638,.T.);
#11632=CARTESIAN_POINT('',(145.187241,-108.935006281,0.));
#11633=DIRECTION('',(0.,0.,-1.));
#11634=VECTOR('',#11633,1.2);
#11635=LINE('',#11632,#11634);
#11636=EDGE_CURVE('',#3471,#4624,#11635,.T.);
#11637=ORIENTED_EDGE('',*,*,#11636,.F.);
#11638=ORIENTED_EDGE('',*,*,#3476,.F.);
#11639=EDGE_LOOP('',(#11630,#11631,#11637,#11638));
#11640=FACE_BOUND('',#11639,.T.);
#11641=ADVANCED_FACE('',(#11640),#11624,.T.);
#11642=CARTESIAN_POINT('',(138.137241,-109.4325,-1.2));
#11643=DIRECTION('',(0.,1.,0.));
#11644=DIRECTION('',(0.,0.,1.));
#11645=AXIS2_PLACEMENT_3D('',#11642,#11643,#11644);
#11646=PLANE('',#11645);
#11647=CARTESIAN_POINT('',(131.584734719,-109.4325,0.));
#11648=DIRECTION('',(0.,0.,-1.));
#11649=VECTOR('',#11648,1.2);
#11650=LINE('',#11647,#11649);
#11651=EDGE_CURVE('',#3408,#4607,#11650,.T.);
#11652=ORIENTED_EDGE('',*,*,#11651,.F.);
#11653=ORIENTED_EDGE('',*,*,#3491,.F.);
#11654=CARTESIAN_POINT('',(144.637241,-109.4325,0.));
#11655=DIRECTION('',(0.,0.,-1.));
#11656=VECTOR('',#11655,1.2);
#11657=LINE('',#11654,#11656);
#11658=EDGE_CURVE('',#3479,#4616,#11657,.T.);
#11659=ORIENTED_EDGE('',*,*,#11658,.T.);
#11660=ORIENTED_EDGE('',*,*,#4621,.T.);
#11661=EDGE_LOOP('',(#11652,#11653,#11659,#11660));
#11662=FACE_BOUND('',#11661,.T.);
#11663=ADVANCED_FACE('',(#11662),#11646,.T.);
#11664=CARTESIAN_POINT('',(131.087241,-102.3825,-1.2));
#11665=DIRECTION('',(1.,0.,0.));
#11666=DIRECTION('',(0.,0.,-1.));
#11667=AXIS2_PLACEMENT_3D('',#11664,#11665,#11666);
#11668=PLANE('',#11667);
#11669=CARTESIAN_POINT('',(131.087241,-108.8825,0.));
#11670=DIRECTION('',(0.,0.,-1.));
#11671=VECTOR('',#11670,1.2);
#11672=LINE('',#11669,#11671);
#11673=EDGE_CURVE('',#3419,#4588,#11672,.T.);
#11674=ORIENTED_EDGE('',*,*,#11673,.T.);
#11675=ORIENTED_EDGE('',*,*,#4595,.T.);
#11676=CARTESIAN_POINT('',(131.087241,-95.829993719,0.));
#11677=DIRECTION('',(0.,0.,-1.));
#11678=VECTOR('',#11677,1.2);
#11679=LINE('',#11676,#11678);
#11680=EDGE_CURVE('',#3428,#4590,#11679,.T.);
#11681=ORIENTED_EDGE('',*,*,#11680,.F.);
#11682=ORIENTED_EDGE('',*,*,#3433,.F.);
#11683=EDGE_LOOP('',(#11674,#11675,#11681,#11682));
#11684=FACE_BOUND('',#11683,.T.);
#11685=ADVANCED_FACE('',(#11684),#11668,.T.);
#11686=CARTESIAN_POINT('',(126.137241,-107.145,-1.2));
#11687=DIRECTION('',(-1.,0.,0.));
#11688=DIRECTION('',(0.,0.,1.));
#11689=AXIS2_PLACEMENT_3D('',#11686,#11687,#11688);
#11690=PLANE('',#11689);
#11691=CARTESIAN_POINT('',(126.137241,-100.592493719,0.));
#11692=DIRECTION('',(0.,0.,-1.));
#11693=VECTOR('',#11692,1.2);
#11694=LINE('',#11691,#11693);
#11695=EDGE_CURVE('',#3322,#4500,#11694,.T.);
#11696=ORIENTED_EDGE('',*,*,#11695,.T.);
#11697=ORIENTED_EDGE('',*,*,#4507,.T.);
#11698=CARTESIAN_POINT('',(126.137241,-113.645,0.));
#11699=DIRECTION('',(0.,0.,-1.));
#11700=VECTOR('',#11699,1.2);
#11701=LINE('',#11698,#11700);
#11702=EDGE_CURVE('',#3331,#4502,#11701,.T.);
#11703=ORIENTED_EDGE('',*,*,#11702,.F.);
#11704=ORIENTED_EDGE('',*,*,#3336,.F.);
#11705=EDGE_LOOP('',(#11696,#11697,#11703,#11704));
#11706=FACE_BOUND('',#11705,.T.);
#11707=ADVANCED_FACE('',(#11706),#11690,.T.);
#11708=CARTESIAN_POINT('',(119.087241,-114.195,-1.2));
#11709=DIRECTION('',(0.,1.,0.));
#11710=DIRECTION('',(0.,0.,1.));
#11711=AXIS2_PLACEMENT_3D('',#11708,#11709,#11710);
#11712=PLANE('',#11711);
#11713=CARTESIAN_POINT('',(125.639747281,-114.195,0.));
#11714=DIRECTION('',(0.,0.,-1.));
#11715=VECTOR('',#11714,1.2);
#11716=LINE('',#11713,#11715);
#11717=EDGE_CURVE('',#3339,#4571,#11716,.T.);
#11718=ORIENTED_EDGE('',*,*,#11717,.T.);
#11719=ORIENTED_EDGE('',*,*,#4576,.T.);
#11720=CARTESIAN_POINT('',(112.540093381,-114.195,0.));
#11721=DIRECTION('',(0.,0.,-1.));
#11722=VECTOR('',#11721,1.2);
#11723=LINE('',#11720,#11722);
#11724=EDGE_CURVE('',#3348,#4562,#11723,.T.);
#11725=ORIENTED_EDGE('',*,*,#11724,.F.);
#11726=ORIENTED_EDGE('',*,*,#3353,.F.);
#11727=EDGE_LOOP('',(#11718,#11719,#11725,#11726));
#11728=FACE_BOUND('',#11727,.T.);
#11729=ADVANCED_FACE('',(#11728),#11712,.T.);
#11730=CARTESIAN_POINT('',(112.037241,-107.145,-1.2));
#11731=DIRECTION('',(1.,0.,0.));
#11732=DIRECTION('',(0.,0.,-1.));
#11733=AXIS2_PLACEMENT_3D('',#11730,#11731,#11732);
#11734=PLANE('',#11733);
#11735=CARTESIAN_POINT('',(112.037241,-100.645,0.));
#11736=DIRECTION('',(0.,0.,-1.));
#11737=VECTOR('',#11736,1.2);
#11738=LINE('',#11735,#11737);
#11739=EDGE_CURVE('',#3374,#4536,#11738,.T.);
#11740=ORIENTED_EDGE('',*,*,#11739,.F.);
#11741=ORIENTED_EDGE('',*,*,#3379,.F.);
#11742=CARTESIAN_POINT('',(112.037241,-113.664148486,0.));
#11743=DIRECTION('',(0.,0.,-1.));
#11744=VECTOR('',#11743,1.2);
#11745=LINE('',#11742,#11744);
#11746=EDGE_CURVE('',#3365,#4545,#11745,.T.);
#11747=ORIENTED_EDGE('',*,*,#11746,.T.);
#11748=ORIENTED_EDGE('',*,*,#4550,.T.);
#11749=EDGE_LOOP('',(#11740,#11741,#11747,#11748));
#11750=FACE_BOUND('',#11749,.T.);
#11751=ADVANCED_FACE('',(#11750),#11734,.T.);
#11752=CARTESIAN_POINT('',(119.087241,-100.095,-1.2));
#11753=DIRECTION('',(0.,-1.,0.));
#11754=DIRECTION('',(0.,0.,-1.));
#11755=AXIS2_PLACEMENT_3D('',#11752,#11753,#11754);
#11756=PLANE('',#11755);
#11757=CARTESIAN_POINT('',(125.587241,-100.095,0.));
#11758=DIRECTION('',(0.,0.,-1.));
#11759=VECTOR('',#11758,1.2);
#11760=LINE('',#11757,#11759);
#11761=EDGE_CURVE('',#3320,#4510,#11760,.T.);
#11762=ORIENTED_EDGE('',*,*,#11761,.F.);
#11763=ORIENTED_EDGE('',*,*,#3403,.F.);
#11764=CARTESIAN_POINT('',(112.534734719,-100.095,0.));
#11765=DIRECTION('',(0.,0.,-1.));
#11766=VECTOR('',#11765,1.2);
#11767=LINE('',#11764,#11766);
#11768=EDGE_CURVE('',#3391,#4519,#11767,.T.);
#11769=ORIENTED_EDGE('',*,*,#11768,.T.);
#11770=ORIENTED_EDGE('',*,*,#4524,.T.);
#11771=EDGE_LOOP('',(#11762,#11763,#11769,#11770));
#11772=FACE_BOUND('',#11771,.T.);
#11773=ADVANCED_FACE('',(#11772),#11756,.T.);
#11774=CARTESIAN_POINT('',(107.087241,-111.9075,-1.2));
#11775=DIRECTION('',(-1.,0.,0.));
#11776=DIRECTION('',(0.,0.,1.));
#11777=AXIS2_PLACEMENT_3D('',#11774,#11775,#11776);
#11778=PLANE('',#11777);
#11779=CARTESIAN_POINT('',(107.087241,-118.4075,0.));
#11780=DIRECTION('',(0.,0.,-1.));
#11781=VECTOR('',#11780,1.2);
#11782=LINE('',#11779,#11781);
#11783=EDGE_CURVE('',#2591,#4448,#11782,.T.);
#11784=ORIENTED_EDGE('',*,*,#11783,.F.);
#11785=ORIENTED_EDGE('',*,*,#2596,.F.);
#11786=CARTESIAN_POINT('',(107.087241,-105.388351514,0.));
#11787=DIRECTION('',(0.,0.,-1.));
#11788=VECTOR('',#11787,1.2);
#11789=LINE('',#11786,#11788);
#11790=EDGE_CURVE('',#2582,#4457,#11789,.T.);
#11791=ORIENTED_EDGE('',*,*,#11790,.T.);
#11792=ORIENTED_EDGE('',*,*,#4462,.T.);
#11793=EDGE_LOOP('',(#11784,#11785,#11791,#11792));
#11794=FACE_BOUND('',#11793,.T.);
#11795=ADVANCED_FACE('',(#11794),#11778,.T.);
#11796=CARTESIAN_POINT('',(100.037241,-118.9575,-1.2));
#11797=DIRECTION('',(0.,1.,0.));
#11798=DIRECTION('',(0.,0.,1.));
#11799=AXIS2_PLACEMENT_3D('',#11796,#11797,#11798);
#11800=PLANE('',#11799);
#11801=CARTESIAN_POINT('',(93.504276373,-118.9575,0.));
#11802=DIRECTION('',(0.,0.,-1.));
#11803=VECTOR('',#11802,1.2);
#11804=LINE('',#11801,#11803);
#11805=EDGE_CURVE('',#2528,#4431,#11804,.T.);
#11806=ORIENTED_EDGE('',*,*,#11805,.F.);
#11807=ORIENTED_EDGE('',*,*,#2611,.F.);
#11808=CARTESIAN_POINT('',(106.589747281,-118.9575,0.));
#11809=DIRECTION('',(0.,0.,-1.));
#11810=VECTOR('',#11809,1.2);
#11811=LINE('',#11808,#11810);
#11812=EDGE_CURVE('',#2599,#4440,#11811,.T.);
#11813=ORIENTED_EDGE('',*,*,#11812,.T.);
#11814=ORIENTED_EDGE('',*,*,#4445,.T.);
#11815=EDGE_LOOP('',(#11806,#11807,#11813,#11814));
#11816=FACE_BOUND('',#11815,.T.);
#11817=ADVANCED_FACE('',(#11816),#11800,.T.);
#11818=CARTESIAN_POINT('',(92.987241,-111.9075,-1.2));
#11819=DIRECTION('',(1.,0.,0.));
#11820=DIRECTION('',(0.,0.,-1.));
#11821=AXIS2_PLACEMENT_3D('',#11818,#11819,#11820);
#11822=PLANE('',#11821);
#11823=CARTESIAN_POINT('',(92.987241,-118.440464627,0.));
#11824=DIRECTION('',(0.,0.,-1.));
#11825=VECTOR('',#11824,1.2);
#11826=LINE('',#11823,#11825);
#11827=EDGE_CURVE('',#2539,#4412,#11826,.T.);
#11828=ORIENTED_EDGE('',*,*,#11827,.T.);
#11829=ORIENTED_EDGE('',*,*,#4419,.T.);
#11830=CARTESIAN_POINT('',(92.987241,-105.354993719,0.));
#11831=DIRECTION('',(0.,0.,-1.));
#11832=VECTOR('',#11831,1.2);
#11833=LINE('',#11830,#11832);
#11834=EDGE_CURVE('',#2548,#4414,#11833,.T.);
#11835=ORIENTED_EDGE('',*,*,#11834,.F.);
#11836=ORIENTED_EDGE('',*,*,#2553,.F.);
#11837=EDGE_LOOP('',(#11828,#11829,#11835,#11836));
#11838=FACE_BOUND('',#11837,.T.);
#11839=ADVANCED_FACE('',(#11838),#11822,.T.);
#11840=CARTESIAN_POINT('',(100.037241,-104.8575,-1.2));
#11841=DIRECTION('',(0.,-1.,0.));
#11842=DIRECTION('',(0.,0.,-1.));
#11843=AXIS2_PLACEMENT_3D('',#11840,#11841,#11842);
#11844=PLANE('',#11843);
#11845=CARTESIAN_POINT('',(93.537241,-104.8575,0.));
#11846=DIRECTION('',(0.,0.,-1.));
#11847=VECTOR('',#11846,1.2);
#11848=LINE('',#11845,#11847);
#11849=EDGE_CURVE('',#2565,#4474,#11848,.T.);
#11850=ORIENTED_EDGE('',*,*,#11849,.T.);
#11851=ORIENTED_EDGE('',*,*,#4479,.T.);
#11852=CARTESIAN_POINT('',(106.584388619,-104.8575,0.));
#11853=DIRECTION('',(0.,0.,-1.));
#11854=VECTOR('',#11853,1.2);
#11855=LINE('',#11852,#11854);
#11856=EDGE_CURVE('',#2574,#4465,#11855,.T.);
#11857=ORIENTED_EDGE('',*,*,#11856,.F.);
#11858=ORIENTED_EDGE('',*,*,#2579,.F.);
#11859=EDGE_LOOP('',(#11850,#11851,#11857,#11858));
#11860=FACE_BOUND('',#11859,.T.);
#11861=ADVANCED_FACE('',(#11860),#11844,.T.);
#11862=CARTESIAN_POINT('',(80.987241,-114.3825,-1.2));
#11863=DIRECTION('',(0.,-1.,0.));
#11864=DIRECTION('',(0.,0.,-1.));
#11865=AXIS2_PLACEMENT_3D('',#11862,#11863,#11864);
#11866=PLANE('',#11865);
#11867=CARTESIAN_POINT('',(74.434734719,-114.3825,0.));
#11868=DIRECTION('',(0.,0.,-1.));
#11869=VECTOR('',#11868,1.2);
#11870=LINE('',#11867,#11869);
#11871=EDGE_CURVE('',#2653,#4386,#11870,.T.);
#11872=ORIENTED_EDGE('',*,*,#11871,.T.);
#11873=ORIENTED_EDGE('',*,*,#4391,.T.);
#11874=CARTESIAN_POINT('',(87.539747281,-114.3825,0.));
#11875=DIRECTION('',(0.,0.,-1.));
#11876=VECTOR('',#11875,1.2);
#11877=LINE('',#11874,#11876);
#11878=EDGE_CURVE('',#2662,#4377,#11877,.T.);
#11879=ORIENTED_EDGE('',*,*,#11878,.F.);
#11880=ORIENTED_EDGE('',*,*,#2667,.F.);
#11881=EDGE_LOOP('',(#11872,#11873,#11879,#11880));
#11882=FACE_BOUND('',#11881,.T.);
#11883=ADVANCED_FACE('',(#11882),#11866,.T.);
#11884=CARTESIAN_POINT('',(88.037241,-121.4325,-1.2));
#11885=DIRECTION('',(-1.,0.,0.));
#11886=DIRECTION('',(0.,0.,1.));
#11887=AXIS2_PLACEMENT_3D('',#11884,#11885,#11886);
#11888=PLANE('',#11887);
#11889=CARTESIAN_POINT('',(88.037241,-127.9325,0.));
#11890=DIRECTION('',(0.,0.,-1.));
#11891=VECTOR('',#11890,1.2);
#11892=LINE('',#11889,#11891);
#11893=EDGE_CURVE('',#2679,#4360,#11892,.T.);
#11894=ORIENTED_EDGE('',*,*,#11893,.F.);
#11895=ORIENTED_EDGE('',*,*,#2684,.F.);
#11896=CARTESIAN_POINT('',(88.037241,-114.9325,0.));
#11897=DIRECTION('',(0.,0.,-1.));
#11898=VECTOR('',#11897,1.2);
#11899=LINE('',#11896,#11898);
#11900=EDGE_CURVE('',#2670,#4369,#11899,.T.);
#11901=ORIENTED_EDGE('',*,*,#11900,.T.);
#11902=ORIENTED_EDGE('',*,*,#4374,.T.);
#11903=EDGE_LOOP('',(#11894,#11895,#11901,#11902));
#11904=FACE_BOUND('',#11903,.T.);
#11905=ADVANCED_FACE('',(#11904),#11888,.T.);
#11906=CARTESIAN_POINT('',(80.987241,-128.4825,-1.2));
#11907=DIRECTION('',(0.,1.,0.));
#11908=DIRECTION('',(0.,0.,1.));
#11909=AXIS2_PLACEMENT_3D('',#11906,#11907,#11908);
#11910=PLANE('',#11909);
#11911=CARTESIAN_POINT('',(74.487241,-128.4825,0.));
#11912=DIRECTION('',(0.,0.,-1.));
#11913=VECTOR('',#11912,1.2);
#11914=LINE('',#11911,#11913);
#11915=EDGE_CURVE('',#2616,#4343,#11914,.T.);
#11916=ORIENTED_EDGE('',*,*,#11915,.F.);
#11917=ORIENTED_EDGE('',*,*,#2699,.F.);
#11918=CARTESIAN_POINT('',(87.539747281,-128.4825,0.));
#11919=DIRECTION('',(0.,0.,-1.));
#11920=VECTOR('',#11919,1.2);
#11921=LINE('',#11918,#11920);
#11922=EDGE_CURVE('',#2687,#4352,#11921,.T.);
#11923=ORIENTED_EDGE('',*,*,#11922,.T.);
#11924=ORIENTED_EDGE('',*,*,#4357,.T.);
#11925=EDGE_LOOP('',(#11916,#11917,#11923,#11924));
#11926=FACE_BOUND('',#11925,.T.);
#11927=ADVANCED_FACE('',(#11926),#11910,.T.);
#11928=CARTESIAN_POINT('',(73.937241,-121.4325,-1.2));
#11929=DIRECTION('',(1.,0.,0.));
#11930=DIRECTION('',(0.,0.,-1.));
#11931=AXIS2_PLACEMENT_3D('',#11928,#11929,#11930);
#11932=PLANE('',#11931);
#11933=CARTESIAN_POINT('',(73.937241,-127.985006281,0.));
#11934=DIRECTION('',(0.,0.,-1.));
#11935=VECTOR('',#11934,1.2);
#11936=LINE('',#11933,#11935);
#11937=EDGE_CURVE('',#2627,#4324,#11936,.T.);
#11938=ORIENTED_EDGE('',*,*,#11937,.T.);
#11939=ORIENTED_EDGE('',*,*,#4331,.T.);
#11940=CARTESIAN_POINT('',(73.937241,-114.9325,0.));
#11941=DIRECTION('',(0.,0.,-1.));
#11942=VECTOR('',#11941,1.2);
#11943=LINE('',#11940,#11942);
#11944=EDGE_CURVE('',#2636,#4326,#11943,.T.);
#11945=ORIENTED_EDGE('',*,*,#11944,.F.);
#11946=ORIENTED_EDGE('',*,*,#2641,.F.);
#11947=EDGE_LOOP('',(#11938,#11939,#11945,#11946));
#11948=FACE_BOUND('',#11947,.T.);
#11949=ADVANCED_FACE('',(#11948),#11932,.T.);
#11950=CARTESIAN_POINT('',(200.109033565,-174.364588308,-1.2));
#11951=DIRECTION('',(-0.48480955,-0.874619746,0.));
#11952=DIRECTION('',(0.874619746,-0.48480955,0.));
#11953=AXIS2_PLACEMENT_3D('',#11950,#11951,#11952);
#11954=PLANE('',#11953);
#11955=CARTESIAN_POINT('',(194.733773873,-171.385033775,0.));
#11956=DIRECTION('',(0.,0.,-1.));
#11957=VECTOR('',#11956,1.2);
#11958=LINE('',#11955,#11957);
#11959=EDGE_CURVE('',#3920,#4272,#11958,.T.);
#11960=ORIENTED_EDGE('',*,*,#11959,.T.);
#11961=ORIENTED_EDGE('',*,*,#4277,.T.);
#11962=CARTESIAN_POINT('',(206.149753556,-177.713013439,0.));
#11963=DIRECTION('',(0.,0.,-1.));
#11964=VECTOR('',#11963,1.2);
#11965=LINE('',#11962,#11964);
#11966=EDGE_CURVE('',#3929,#4263,#11965,.T.);
#11967=ORIENTED_EDGE('',*,*,#11966,.F.);
#11968=ORIENTED_EDGE('',*,*,#3934,.F.);
#11969=EDGE_LOOP('',(#11960,#11961,#11967,#11968));
#11970=FACE_BOUND('',#11969,.T.);
#11971=ADVANCED_FACE('',(#11970),#11954,.T.);
#11972=CARTESIAN_POINT('',(203.166964,-184.120272,-1.2));
#11973=DIRECTION('',(-0.87461973,0.48480958,0.));
#11974=DIRECTION('',(-0.48480958,-0.87461973,0.));
#11975=AXIS2_PLACEMENT_3D('',#11972,#11973,#11974);
#11976=PLANE('',#11975);
#11977=CARTESIAN_POINT('',(199.992843864,-189.84653693,0.));
#11978=DIRECTION('',(0.,0.,-1.));
#11979=VECTOR('',#11978,1.2);
#11980=LINE('',#11977,#11979);
#11981=EDGE_CURVE('',#3857,#4246,#11980,.T.);
#11982=ORIENTED_EDGE('',*,*,#11981,.F.);
#11983=ORIENTED_EDGE('',*,*,#3949,.F.);
#11984=CARTESIAN_POINT('',(206.31822621,-178.435243865,0.));
#11985=DIRECTION('',(0.,0.,-1.));
#11986=VECTOR('',#11985,1.2);
#11987=LINE('',#11984,#11986);
#11988=EDGE_CURVE('',#3937,#4255,#11987,.T.);
#11989=ORIENTED_EDGE('',*,*,#11988,.T.);
#11990=ORIENTED_EDGE('',*,*,#4260,.T.);
#11991=EDGE_LOOP('',(#11982,#11983,#11989,#11990));
#11992=FACE_BOUND('',#11991,.T.);
#11993=ADVANCED_FACE('',(#11992),#11976,.T.);
#11994=CARTESIAN_POINT('',(193.582988,-186.868434,-1.2));
#11995=DIRECTION('',(0.48480958,0.87461973,0.));
#11996=DIRECTION('',(-0.87461973,0.48480958,0.));
#11997=AXIS2_PLACEMENT_3D('',#11994,#11995,#11996);
#11998=PLANE('',#11997);
#11999=CARTESIAN_POINT('',(199.284763847,-190.028979617,0.));
#12000=DIRECTION('',(0.,0.,-1.));
#12001=VECTOR('',#12000,1.2);
#12002=LINE('',#11999,#12001);
#12003=EDGE_CURVE('',#3868,#4227,#12002,.T.);
#12004=ORIENTED_EDGE('',*,*,#12003,.T.);
#12005=ORIENTED_EDGE('',*,*,#4234,.T.);
#12006=CARTESIAN_POINT('',(187.85672307,-183.694313864,0.));
#12007=DIRECTION('',(0.,0.,-1.));
#12008=VECTOR('',#12007,1.2);
#12009=LINE('',#12006,#12008);
#12010=EDGE_CURVE('',#3877,#4229,#12009,.T.);
#12011=ORIENTED_EDGE('',*,*,#12010,.F.);
#12012=ORIENTED_EDGE('',*,*,#3882,.F.);
#12013=EDGE_LOOP('',(#12004,#12005,#12011,#12012));
#12014=FACE_BOUND('',#12013,.T.);
#12015=ADVANCED_FACE('',(#12014),#11998,.T.);
#12016=CARTESIAN_POINT('',(190.834826,-177.2844575,-1.2));
#12017=DIRECTION('',(0.874619746,-0.48480955,0.));
#12018=DIRECTION('',(0.48480955,0.874619746,0.));
#12019=AXIS2_PLACEMENT_3D('',#12016,#12017,#12018);
#12020=PLANE('',#12019);
#12021=CARTESIAN_POINT('',(187.674280368,-182.986233839,0.));
#12022=DIRECTION('',(0.,0.,-1.));
#12023=VECTOR('',#12022,1.2);
#12024=LINE('',#12021,#12023);
#12025=EDGE_CURVE('',#3894,#4298,#12024,.T.);
#12026=ORIENTED_EDGE('',*,*,#12025,.T.);
#12027=ORIENTED_EDGE('',*,*,#4303,.T.);
#12028=CARTESIAN_POINT('',(194.011543439,-171.553506444,0.));
#12029=DIRECTION('',(0.,0.,-1.));
#12030=VECTOR('',#12029,1.2);
#12031=LINE('',#12028,#12030);
#12032=EDGE_CURVE('',#3903,#4289,#12031,.T.);
#12033=ORIENTED_EDGE('',*,*,#12032,.F.);
#12034=ORIENTED_EDGE('',*,*,#3908,.F.);
#12035=EDGE_LOOP('',(#12026,#12027,#12033,#12034));
#12036=FACE_BOUND('',#12035,.T.);
#12037=ADVANCED_FACE('',(#12036),#12020,.T.);
#12038=CARTESIAN_POINT('',(90.019993,-108.002499,-1.2));
#12039=DIRECTION('',(-1.,0.,0.));
#12040=DIRECTION('',(0.,0.,1.));
#12041=AXIS2_PLACEMENT_3D('',#12038,#12039,#12040);
#12042=PLANE('',#12041);
#12043=ORIENTED_EDGE('',*,*,#4019,.F.);
#12044=ORIENTED_EDGE('',*,*,#11593,.F.);
#12045=ORIENTED_EDGE('',*,*,#4692,.T.);
#12046=ORIENTED_EDGE('',*,*,#11484,.T.);
#12047=EDGE_LOOP('',(#12043,#12044,#12045,#12046));
#12048=FACE_BOUND('',#12047,.T.);
#12049=ADVANCED_FACE('',(#12048),#12042,.T.);
#12050=CARTESIAN_POINT('',(90.58,-139.2025,-7.7));
#12051=DIRECTION('',(0.,0.,1.));
#12052=DIRECTION('',(1.,0.,-0.));
#12053=AXIS2_PLACEMENT_3D('',#12050,#12051,#12052);
#12054=CYLINDRICAL_SURFACE('',#12053,0.8);
#12055=CARTESIAN_POINT('',(91.38,-139.2025,-1.2));
#12056=VERTEX_POINT('',#12055);
#12057=CARTESIAN_POINT('',(91.38,-139.2025,-6.8));
#12058=VERTEX_POINT('',#12057);
#12059=CARTESIAN_POINT('',(91.38,-139.2025,-1.2));
#12060=DIRECTION('',(-0.,-0.,-1.));
#12061=VECTOR('',#12060,5.6);
#12062=LINE('',#12059,#12061);
#12063=EDGE_CURVE('',#12056,#12058,#12062,.T.);
#12064=ORIENTED_EDGE('',*,*,#12063,.F.);
#12065=CARTESIAN_POINT('',(89.78,-139.2025,-1.2));
#12066=VERTEX_POINT('',#12065);
#12067=CARTESIAN_POINT('',(90.58,-139.2025,-1.2));
#12068=DIRECTION('',(0.,0.,-1.));
#12069=DIRECTION('',(-1.,0.,0.));
#12070=AXIS2_PLACEMENT_3D('',#12067,#12068,#12069);
#12071=CIRCLE('',#12070,0.8);
#12072=EDGE_CURVE('',#12066,#12056,#12071,.T.);
#12073=ORIENTED_EDGE('',*,*,#12072,.F.);
#12074=CARTESIAN_POINT('',(90.58,-139.2025,-1.2));
#12075=DIRECTION('',(0.,0.,-1.));
#12076=DIRECTION('',(-1.,0.,0.));
#12077=AXIS2_PLACEMENT_3D('',#12074,#12075,#12076);
#12078=CIRCLE('',#12077,0.8);
#12079=EDGE_CURVE('',#12056,#12066,#12078,.T.);
#12080=ORIENTED_EDGE('',*,*,#12079,.F.);
#12081=ORIENTED_EDGE('',*,*,#12063,.T.);
#12082=CARTESIAN_POINT('',(89.78,-139.2025,-6.8));
#12083=VERTEX_POINT('',#12082);
#12084=CARTESIAN_POINT('',(90.58,-139.2025,-6.8));
#12085=DIRECTION('',(0.,0.,-1.));
#12086=DIRECTION('',(-1.,0.,0.));
#12087=AXIS2_PLACEMENT_3D('',#12084,#12085,#12086);
#12088=CIRCLE('',#12087,0.8);
#12089=EDGE_CURVE('',#12058,#12083,#12088,.T.);
#12090=ORIENTED_EDGE('',*,*,#12089,.T.);
#12091=CARTESIAN_POINT('',(90.58,-139.2025,-6.8));
#12092=DIRECTION('',(0.,0.,-1.));
#12093=DIRECTION('',(-1.,0.,0.));
#12094=AXIS2_PLACEMENT_3D('',#12091,#12092,#12093);
#12095=CIRCLE('',#12094,0.8);
#12096=EDGE_CURVE('',#12083,#12058,#12095,.T.);
#12097=ORIENTED_EDGE('',*,*,#12096,.T.);
#12098=EDGE_LOOP('',(#12064,#12073,#12080,#12081,#12090,#12097));
#12099=FACE_BOUND('',#12098,.T.);
#12100=ADVANCED_FACE('',(#12099),#12054,.F.);
#12101=CARTESIAN_POINT('',(90.58,-139.2025,-7.7));
#12102=DIRECTION('',(0.,0.,1.));
#12103=DIRECTION('',(1.,0.,-0.));
#12104=AXIS2_PLACEMENT_3D('',#12101,#12102,#12103);
#12105=CYLINDRICAL_SURFACE('',#12104,2.);
#12106=CARTESIAN_POINT('',(92.58,-139.2025,-6.8));
#12107=VERTEX_POINT('',#12106);
#12108=CARTESIAN_POINT('',(92.58,-139.2025,-1.2));
#12109=DIRECTION('',(-0.,-0.,-1.));
#12110=VECTOR('',#12109,5.6);
#12111=LINE('',#12108,#12110);
#12112=EDGE_CURVE('',#4216,#12107,#12111,.T.);
#12113=ORIENTED_EDGE('',*,*,#12112,.T.);
#12114=CARTESIAN_POINT('',(88.58,-139.2025,-6.8));
#12115=VERTEX_POINT('',#12114);
#12116=CARTESIAN_POINT('',(90.58,-139.2025,-6.8));
#12117=DIRECTION('',(0.,0.,-1.));
#12118=DIRECTION('',(-1.,0.,0.));
#12119=AXIS2_PLACEMENT_3D('',#12116,#12117,#12118);
#12120=CIRCLE('',#12119,2.);
#12121=EDGE_CURVE('',#12115,#12107,#12120,.T.);
#12122=ORIENTED_EDGE('',*,*,#12121,.F.);
#12123=CARTESIAN_POINT('',(90.58,-139.2025,-6.8));
#12124=DIRECTION('',(0.,0.,-1.));
#12125=DIRECTION('',(-1.,0.,0.));
#12126=AXIS2_PLACEMENT_3D('',#12123,#12124,#12125);
#12127=CIRCLE('',#12126,2.);
#12128=EDGE_CURVE('',#12107,#12115,#12127,.T.);
#12129=ORIENTED_EDGE('',*,*,#12128,.F.);
#12130=ORIENTED_EDGE('',*,*,#12112,.F.);
#12131=ORIENTED_EDGE('',*,*,#4222,.T.);
#12132=EDGE_LOOP('',(#12113,#12122,#12129,#12130,#12131));
#12133=FACE_BOUND('',#12132,.T.);
#12134=ADVANCED_FACE('',(#12133),#12105,.T.);
#12135=CARTESIAN_POINT('',(0.,0.,-6.8));
#12136=DIRECTION('',(0.,0.,-1.));
#12137=DIRECTION('',(-1.,0.,0.));
#12138=AXIS2_PLACEMENT_3D('',#12135,#12136,#12137);
#12139=PLANE('',#12138);
#12140=ORIENTED_EDGE('',*,*,#12089,.F.);
#12141=ORIENTED_EDGE('',*,*,#12096,.F.);
#12142=EDGE_LOOP('',(#12140,#12141));
#12143=FACE_BOUND('',#12142,.T.);
#12144=ORIENTED_EDGE('',*,*,#12121,.T.);
#12145=ORIENTED_EDGE('',*,*,#12128,.T.);
#12146=EDGE_LOOP('',(#12144,#12145));
#12147=FACE_BOUND('',#12146,.T.);
#12148=ADVANCED_FACE('',(#12143,#12147),#12139,.T.);
#12149=CARTESIAN_POINT('',(0.,0.,-1.2));
#12150=DIRECTION('',(0.,0.,1.));
#12151=DIRECTION('',(1.,0.,0.));
#12152=AXIS2_PLACEMENT_3D('',#12149,#12150,#12151);
#12153=PLANE('',#12152);
#12154=ORIENTED_EDGE('',*,*,#12072,.T.);
#12155=ORIENTED_EDGE('',*,*,#12079,.T.);
#12156=EDGE_LOOP('',(#12154,#12155));
#12157=FACE_BOUND('',#12156,.T.);
#12158=ADVANCED_FACE('',(#12157),#12153,.F.);
#12159=CARTESIAN_POINT('',(147.63,-100.1525,-7.7));
#12160=DIRECTION('',(0.,0.,1.));
#12161=DIRECTION('',(1.,0.,-0.));
#12162=AXIS2_PLACEMENT_3D('',#12159,#12160,#12161);
#12163=CYLINDRICAL_SURFACE('',#12162,0.8);
#12164=CARTESIAN_POINT('',(148.43,-100.1525,-1.2));
#12165=VERTEX_POINT('',#12164);
#12166=CARTESIAN_POINT('',(148.43,-100.1525,-6.8));
#12167=VERTEX_POINT('',#12166);
#12168=CARTESIAN_POINT('',(148.43,-100.1525,-1.2));
#12169=DIRECTION('',(-0.,-0.,-1.));
#12170=VECTOR('',#12169,5.6);
#12171=LINE('',#12168,#12170);
#12172=EDGE_CURVE('',#12165,#12167,#12171,.T.);
#12173=ORIENTED_EDGE('',*,*,#12172,.F.);
#12174=CARTESIAN_POINT('',(146.83,-100.1525,-1.2));
#12175=VERTEX_POINT('',#12174);
#12176=CARTESIAN_POINT('',(147.63,-100.1525,-1.2));
#12177=DIRECTION('',(0.,0.,-1.));
#12178=DIRECTION('',(-1.,0.,0.));
#12179=AXIS2_PLACEMENT_3D('',#12176,#12177,#12178);
#12180=CIRCLE('',#12179,0.8);
#12181=EDGE_CURVE('',#12175,#12165,#12180,.T.);
#12182=ORIENTED_EDGE('',*,*,#12181,.F.);
#12183=CARTESIAN_POINT('',(147.63,-100.1525,-1.2));
#12184=DIRECTION('',(0.,0.,-1.));
#12185=DIRECTION('',(-1.,0.,0.));
#12186=AXIS2_PLACEMENT_3D('',#12183,#12184,#12185);
#12187=CIRCLE('',#12186,0.8);
#12188=EDGE_CURVE('',#12165,#12175,#12187,.T.);
#12189=ORIENTED_EDGE('',*,*,#12188,.F.);
#12190=ORIENTED_EDGE('',*,*,#12172,.T.);
#12191=CARTESIAN_POINT('',(146.83,-100.1525,-6.8));
#12192=VERTEX_POINT('',#12191);
#12193=CARTESIAN_POINT('',(147.63,-100.1525,-6.8));
#12194=DIRECTION('',(0.,0.,-1.));
#12195=DIRECTION('',(-1.,0.,0.));
#12196=AXIS2_PLACEMENT_3D('',#12193,#12194,#12195);
#12197=CIRCLE('',#12196,0.8);
#12198=EDGE_CURVE('',#12167,#12192,#12197,.T.);
#12199=ORIENTED_EDGE('',*,*,#12198,.T.);
#12200=CARTESIAN_POINT('',(147.63,-100.1525,-6.8));
#12201=DIRECTION('',(0.,0.,-1.));
#12202=DIRECTION('',(-1.,0.,0.));
#12203=AXIS2_PLACEMENT_3D('',#12200,#12201,#12202);
#12204=CIRCLE('',#12203,0.8);
#12205=EDGE_CURVE('',#12192,#12167,#12204,.T.);
#12206=ORIENTED_EDGE('',*,*,#12205,.T.);
#12207=EDGE_LOOP('',(#12173,#12182,#12189,#12190,#12199,#12206));
#12208=FACE_BOUND('',#12207,.T.);
#12209=ADVANCED_FACE('',(#12208),#12163,.F.);
#12210=CARTESIAN_POINT('',(147.63,-100.1525,-7.7));
#12211=DIRECTION('',(0.,0.,1.));
#12212=DIRECTION('',(1.,0.,-0.));
#12213=AXIS2_PLACEMENT_3D('',#12210,#12211,#12212);
#12214=CYLINDRICAL_SURFACE('',#12213,2.);
#12215=CARTESIAN_POINT('',(149.63,-100.1525,-6.8));
#12216=VERTEX_POINT('',#12215);
#12217=CARTESIAN_POINT('',(149.63,-100.1525,-1.2));
#12218=DIRECTION('',(-0.,-0.,-1.));
#12219=VECTOR('',#12218,5.6);
#12220=LINE('',#12217,#12219);
#12221=EDGE_CURVE('',#4205,#12216,#12220,.T.);
#12222=ORIENTED_EDGE('',*,*,#12221,.T.);
#12223=CARTESIAN_POINT('',(145.63,-100.1525,-6.8));
#12224=VERTEX_POINT('',#12223);
#12225=CARTESIAN_POINT('',(147.63,-100.1525,-6.8));
#12226=DIRECTION('',(0.,0.,-1.));
#12227=DIRECTION('',(-1.,0.,0.));
#12228=AXIS2_PLACEMENT_3D('',#12225,#12226,#12227);
#12229=CIRCLE('',#12228,2.);
#12230=EDGE_CURVE('',#12224,#12216,#12229,.T.);
#12231=ORIENTED_EDGE('',*,*,#12230,.F.);
#12232=CARTESIAN_POINT('',(147.63,-100.1525,-6.8));
#12233=DIRECTION('',(0.,0.,-1.));
#12234=DIRECTION('',(-1.,0.,0.));
#12235=AXIS2_PLACEMENT_3D('',#12232,#12233,#12234);
#12236=CIRCLE('',#12235,2.);
#12237=EDGE_CURVE('',#12216,#12224,#12236,.T.);
#12238=ORIENTED_EDGE('',*,*,#12237,.F.);
#12239=ORIENTED_EDGE('',*,*,#12221,.F.);
#12240=ORIENTED_EDGE('',*,*,#4211,.T.);
#12241=EDGE_LOOP('',(#12222,#12231,#12238,#12239,#12240));
#12242=FACE_BOUND('',#12241,.T.);
#12243=ADVANCED_FACE('',(#12242),#12214,.T.);
#12244=CARTESIAN_POINT('',(0.,0.,-6.8));
#12245=DIRECTION('',(0.,0.,-1.));
#12246=DIRECTION('',(-1.,0.,0.));
#12247=AXIS2_PLACEMENT_3D('',#12244,#12245,#12246);
#12248=PLANE('',#12247);
#12249=ORIENTED_EDGE('',*,*,#12198,.F.);
#12250=ORIENTED_EDGE('',*,*,#12205,.F.);
#12251=EDGE_LOOP('',(#12249,#12250));
#12252=FACE_BOUND('',#12251,.T.);
#12253=ORIENTED_EDGE('',*,*,#12230,.T.);
#12254=ORIENTED_EDGE('',*,*,#12237,.T.);
#12255=EDGE_LOOP('',(#12253,#12254));
#12256=FACE_BOUND('',#12255,.T.);
#12257=ADVANCED_FACE('',(#12252,#12256),#12248,.T.);
#12258=CARTESIAN_POINT('',(0.,0.,-1.2));
#12259=DIRECTION('',(0.,0.,1.));
#12260=DIRECTION('',(1.,0.,0.));
#12261=AXIS2_PLACEMENT_3D('',#12258,#12259,#12260);
#12262=PLANE('',#12261);
#12263=ORIENTED_EDGE('',*,*,#12181,.T.);
#12264=ORIENTED_EDGE('',*,*,#12188,.T.);
#12265=EDGE_LOOP('',(#12263,#12264));
#12266=FACE_BOUND('',#12265,.T.);
#12267=ADVANCED_FACE('',(#12266),#12262,.F.);
#12268=CARTESIAN_POINT('',(90.58,-119.9525,-7.7));
#12269=DIRECTION('',(0.,0.,1.));
#12270=DIRECTION('',(1.,0.,-0.));
#12271=AXIS2_PLACEMENT_3D('',#12268,#12269,#12270);
#12272=CYLINDRICAL_SURFACE('',#12271,0.8);
#12273=CARTESIAN_POINT('',(91.38,-119.9525,-1.2));
#12274=VERTEX_POINT('',#12273);
#12275=CARTESIAN_POINT('',(91.38,-119.9525,-6.8));
#12276=VERTEX_POINT('',#12275);
#12277=CARTESIAN_POINT('',(91.38,-119.9525,-1.2));
#12278=DIRECTION('',(-0.,-0.,-1.));
#12279=VECTOR('',#12278,5.6);
#12280=LINE('',#12277,#12279);
#12281=EDGE_CURVE('',#12274,#12276,#12280,.T.);
#12282=ORIENTED_EDGE('',*,*,#12281,.F.);
#12283=CARTESIAN_POINT('',(89.78,-119.9525,-1.2));
#12284=VERTEX_POINT('',#12283);
#12285=CARTESIAN_POINT('',(90.58,-119.9525,-1.2));
#12286=DIRECTION('',(0.,0.,-1.));
#12287=DIRECTION('',(-1.,0.,0.));
#12288=AXIS2_PLACEMENT_3D('',#12285,#12286,#12287);
#12289=CIRCLE('',#12288,0.8);
#12290=EDGE_CURVE('',#12284,#12274,#12289,.T.);
#12291=ORIENTED_EDGE('',*,*,#12290,.F.);
#12292=CARTESIAN_POINT('',(90.58,-119.9525,-1.2));
#12293=DIRECTION('',(0.,0.,-1.));
#12294=DIRECTION('',(-1.,0.,0.));
#12295=AXIS2_PLACEMENT_3D('',#12292,#12293,#12294);
#12296=CIRCLE('',#12295,0.8);
#12297=EDGE_CURVE('',#12274,#12284,#12296,.T.);
#12298=ORIENTED_EDGE('',*,*,#12297,.F.);
#12299=ORIENTED_EDGE('',*,*,#12281,.T.);
#12300=CARTESIAN_POINT('',(89.78,-119.9525,-6.8));
#12301=VERTEX_POINT('',#12300);
#12302=CARTESIAN_POINT('',(90.58,-119.9525,-6.8));
#12303=DIRECTION('',(0.,0.,-1.));
#12304=DIRECTION('',(-1.,0.,0.));
#12305=AXIS2_PLACEMENT_3D('',#12302,#12303,#12304);
#12306=CIRCLE('',#12305,0.8);
#12307=EDGE_CURVE('',#12276,#12301,#12306,.T.);
#12308=ORIENTED_EDGE('',*,*,#12307,.T.);
#12309=CARTESIAN_POINT('',(90.58,-119.9525,-6.8));
#12310=DIRECTION('',(0.,0.,-1.));
#12311=DIRECTION('',(-1.,0.,0.));
#12312=AXIS2_PLACEMENT_3D('',#12309,#12310,#12311);
#12313=CIRCLE('',#12312,0.8);
#12314=EDGE_CURVE('',#12301,#12276,#12313,.T.);
#12315=ORIENTED_EDGE('',*,*,#12314,.T.);
#12316=EDGE_LOOP('',(#12282,#12291,#12298,#12299,#12308,#12315));
#12317=FACE_BOUND('',#12316,.T.);
#12318=ADVANCED_FACE('',(#12317),#12272,.F.);
#12319=CARTESIAN_POINT('',(90.58,-119.9525,-7.7));
#12320=DIRECTION('',(0.,0.,1.));
#12321=DIRECTION('',(1.,0.,-0.));
#12322=AXIS2_PLACEMENT_3D('',#12319,#12320,#12321);
#12323=CYLINDRICAL_SURFACE('',#12322,2.);
#12324=CARTESIAN_POINT('',(92.58,-119.9525,-6.8));
#12325=VERTEX_POINT('',#12324);
#12326=CARTESIAN_POINT('',(92.58,-119.9525,-1.2));
#12327=DIRECTION('',(-0.,-0.,-1.));
#12328=VECTOR('',#12327,5.6);
#12329=LINE('',#12326,#12328);
#12330=EDGE_CURVE('',#4194,#12325,#12329,.T.);
#12331=ORIENTED_EDGE('',*,*,#12330,.T.);
#12332=CARTESIAN_POINT('',(88.58,-119.9525,-6.8));
#12333=VERTEX_POINT('',#12332);
#12334=CARTESIAN_POINT('',(90.58,-119.9525,-6.8));
#12335=DIRECTION('',(0.,0.,-1.));
#12336=DIRECTION('',(-1.,0.,0.));
#12337=AXIS2_PLACEMENT_3D('',#12334,#12335,#12336);
#12338=CIRCLE('',#12337,2.);
#12339=EDGE_CURVE('',#12333,#12325,#12338,.T.);
#12340=ORIENTED_EDGE('',*,*,#12339,.F.);
#12341=CARTESIAN_POINT('',(90.58,-119.9525,-6.8));
#12342=DIRECTION('',(0.,0.,-1.));
#12343=DIRECTION('',(-1.,0.,0.));
#12344=AXIS2_PLACEMENT_3D('',#12341,#12342,#12343);
#12345=CIRCLE('',#12344,2.);
#12346=EDGE_CURVE('',#12325,#12333,#12345,.T.);
#12347=ORIENTED_EDGE('',*,*,#12346,.F.);
#12348=ORIENTED_EDGE('',*,*,#12330,.F.);
#12349=ORIENTED_EDGE('',*,*,#4200,.T.);
#12350=EDGE_LOOP('',(#12331,#12340,#12347,#12348,#12349));
#12351=FACE_BOUND('',#12350,.T.);
#12352=ADVANCED_FACE('',(#12351),#12323,.T.);
#12353=CARTESIAN_POINT('',(0.,0.,-6.8));
#12354=DIRECTION('',(0.,0.,-1.));
#12355=DIRECTION('',(-1.,0.,0.));
#12356=AXIS2_PLACEMENT_3D('',#12353,#12354,#12355);
#12357=PLANE('',#12356);
#12358=ORIENTED_EDGE('',*,*,#12307,.F.);
#12359=ORIENTED_EDGE('',*,*,#12314,.F.);
#12360=EDGE_LOOP('',(#12358,#12359));
#12361=FACE_BOUND('',#12360,.T.);
#12362=ORIENTED_EDGE('',*,*,#12339,.T.);
#12363=ORIENTED_EDGE('',*,*,#12346,.T.);
#12364=EDGE_LOOP('',(#12362,#12363));
#12365=FACE_BOUND('',#12364,.T.);
#12366=ADVANCED_FACE('',(#12361,#12365),#12357,.T.);
#12367=CARTESIAN_POINT('',(0.,0.,-1.2));
#12368=DIRECTION('',(0.,0.,1.));
#12369=DIRECTION('',(1.,0.,0.));
#12370=AXIS2_PLACEMENT_3D('',#12367,#12368,#12369);
#12371=PLANE('',#12370);
#12372=ORIENTED_EDGE('',*,*,#12290,.T.);
#12373=ORIENTED_EDGE('',*,*,#12297,.T.);
#12374=EDGE_LOOP('',(#12372,#12373));
#12375=FACE_BOUND('',#12374,.T.);
#12376=ADVANCED_FACE('',(#12375),#12371,.F.);
#12377=CARTESIAN_POINT('',(167.28,-162.0525,-7.7));
#12378=DIRECTION('',(0.,0.,1.));
#12379=DIRECTION('',(1.,0.,-0.));
#12380=AXIS2_PLACEMENT_3D('',#12377,#12378,#12379);
#12381=CYLINDRICAL_SURFACE('',#12380,0.8);
#12382=CARTESIAN_POINT('',(168.08,-162.0525,-1.2));
#12383=VERTEX_POINT('',#12382);
#12384=CARTESIAN_POINT('',(168.08,-162.0525,-6.8));
#12385=VERTEX_POINT('',#12384);
#12386=CARTESIAN_POINT('',(168.08,-162.0525,-1.2));
#12387=DIRECTION('',(-0.,-0.,-1.));
#12388=VECTOR('',#12387,5.6);
#12389=LINE('',#12386,#12388);
#12390=EDGE_CURVE('',#12383,#12385,#12389,.T.);
#12391=ORIENTED_EDGE('',*,*,#12390,.F.);
#12392=CARTESIAN_POINT('',(166.48,-162.0525,-1.2));
#12393=VERTEX_POINT('',#12392);
#12394=CARTESIAN_POINT('',(167.28,-162.0525,-1.2));
#12395=DIRECTION('',(0.,0.,-1.));
#12396=DIRECTION('',(-1.,0.,0.));
#12397=AXIS2_PLACEMENT_3D('',#12394,#12395,#12396);
#12398=CIRCLE('',#12397,0.8);
#12399=EDGE_CURVE('',#12393,#12383,#12398,.T.);
#12400=ORIENTED_EDGE('',*,*,#12399,.F.);
#12401=CARTESIAN_POINT('',(167.28,-162.0525,-1.2));
#12402=DIRECTION('',(0.,0.,-1.));
#12403=DIRECTION('',(-1.,0.,0.));
#12404=AXIS2_PLACEMENT_3D('',#12401,#12402,#12403);
#12405=CIRCLE('',#12404,0.8);
#12406=EDGE_CURVE('',#12383,#12393,#12405,.T.);
#12407=ORIENTED_EDGE('',*,*,#12406,.F.);
#12408=ORIENTED_EDGE('',*,*,#12390,.T.);
#12409=CARTESIAN_POINT('',(166.48,-162.0525,-6.8));
#12410=VERTEX_POINT('',#12409);
#12411=CARTESIAN_POINT('',(167.28,-162.0525,-6.8));
#12412=DIRECTION('',(0.,0.,-1.));
#12413=DIRECTION('',(-1.,0.,0.));
#12414=AXIS2_PLACEMENT_3D('',#12411,#12412,#12413);
#12415=CIRCLE('',#12414,0.8);
#12416=EDGE_CURVE('',#12385,#12410,#12415,.T.);
#12417=ORIENTED_EDGE('',*,*,#12416,.T.);
#12418=CARTESIAN_POINT('',(167.28,-162.0525,-6.8));
#12419=DIRECTION('',(0.,0.,-1.));
#12420=DIRECTION('',(-1.,0.,0.));
#12421=AXIS2_PLACEMENT_3D('',#12418,#12419,#12420);
#12422=CIRCLE('',#12421,0.8);
#12423=EDGE_CURVE('',#12410,#12385,#12422,.T.);
#12424=ORIENTED_EDGE('',*,*,#12423,.T.);
#12425=EDGE_LOOP('',(#12391,#12400,#12407,#12408,#12417,#12424));
#12426=FACE_BOUND('',#12425,.T.);
#12427=ADVANCED_FACE('',(#12426),#12381,.F.);
#12428=CARTESIAN_POINT('',(167.28,-162.0525,-7.7));
#12429=DIRECTION('',(0.,0.,1.));
#12430=DIRECTION('',(1.,0.,-0.));
#12431=AXIS2_PLACEMENT_3D('',#12428,#12429,#12430);
#12432=CYLINDRICAL_SURFACE('',#12431,2.);
#12433=CARTESIAN_POINT('',(169.28,-162.0525,-6.8));
#12434=VERTEX_POINT('',#12433);
#12435=CARTESIAN_POINT('',(169.28,-162.0525,-1.2));
#12436=DIRECTION('',(-0.,-0.,-1.));
#12437=VECTOR('',#12436,5.6);
#12438=LINE('',#12435,#12437);
#12439=EDGE_CURVE('',#4183,#12434,#12438,.T.);
#12440=ORIENTED_EDGE('',*,*,#12439,.T.);
#12441=CARTESIAN_POINT('',(165.28,-162.0525,-6.8));
#12442=VERTEX_POINT('',#12441);
#12443=CARTESIAN_POINT('',(167.28,-162.0525,-6.8));
#12444=DIRECTION('',(0.,0.,-1.));
#12445=DIRECTION('',(-1.,0.,0.));
#12446=AXIS2_PLACEMENT_3D('',#12443,#12444,#12445);
#12447=CIRCLE('',#12446,2.);
#12448=EDGE_CURVE('',#12442,#12434,#12447,.T.);
#12449=ORIENTED_EDGE('',*,*,#12448,.F.);
#12450=CARTESIAN_POINT('',(167.28,-162.0525,-6.8));
#12451=DIRECTION('',(0.,0.,-1.));
#12452=DIRECTION('',(-1.,0.,0.));
#12453=AXIS2_PLACEMENT_3D('',#12450,#12451,#12452);
#12454=CIRCLE('',#12453,2.);
#12455=EDGE_CURVE('',#12434,#12442,#12454,.T.);
#12456=ORIENTED_EDGE('',*,*,#12455,.F.);
#12457=ORIENTED_EDGE('',*,*,#12439,.F.);
#12458=ORIENTED_EDGE('',*,*,#4189,.T.);
#12459=EDGE_LOOP('',(#12440,#12449,#12456,#12457,#12458));
#12460=FACE_BOUND('',#12459,.T.);
#12461=ADVANCED_FACE('',(#12460),#12432,.T.);
#12462=CARTESIAN_POINT('',(0.,0.,-6.8));
#12463=DIRECTION('',(0.,0.,-1.));
#12464=DIRECTION('',(-1.,0.,0.));
#12465=AXIS2_PLACEMENT_3D('',#12462,#12463,#12464);
#12466=PLANE('',#12465);
#12467=ORIENTED_EDGE('',*,*,#12416,.F.);
#12468=ORIENTED_EDGE('',*,*,#12423,.F.);
#12469=EDGE_LOOP('',(#12467,#12468));
#12470=FACE_BOUND('',#12469,.T.);
#12471=ORIENTED_EDGE('',*,*,#12448,.T.);
#12472=ORIENTED_EDGE('',*,*,#12455,.T.);
#12473=EDGE_LOOP('',(#12471,#12472));
#12474=FACE_BOUND('',#12473,.T.);
#12475=ADVANCED_FACE('',(#12470,#12474),#12466,.T.);
#12476=CARTESIAN_POINT('',(0.,0.,-1.2));
#12477=DIRECTION('',(0.,0.,1.));
#12478=DIRECTION('',(1.,0.,0.));
#12479=AXIS2_PLACEMENT_3D('',#12476,#12477,#12478);
#12480=PLANE('',#12479);
#12481=ORIENTED_EDGE('',*,*,#12399,.T.);
#12482=ORIENTED_EDGE('',*,*,#12406,.T.);
#12483=EDGE_LOOP('',(#12481,#12482));
#12484=FACE_BOUND('',#12483,.T.);
#12485=ADVANCED_FACE('',(#12484),#12480,.F.);
#12486=CARTESIAN_POINT('',(206.560631,-177.997934,0.));
#12487=DIRECTION('',(0.,0.,-1.));
#12488=DIRECTION('',(-1.,0.,0.));
#12489=AXIS2_PLACEMENT_3D('',#12486,#12487,#12488);
#12490=CYLINDRICAL_SURFACE('',#12489,0.5);
#12491=ORIENTED_EDGE('',*,*,#4269,.T.);
#12492=ORIENTED_EDGE('',*,*,#11988,.F.);
#12493=ORIENTED_EDGE('',*,*,#3943,.F.);
#12494=ORIENTED_EDGE('',*,*,#11966,.T.);
#12495=EDGE_LOOP('',(#12491,#12492,#12493,#12494));
#12496=FACE_BOUND('',#12495,.T.);
#12497=ADVANCED_FACE('',(#12496),#12490,.F.);
#12498=CARTESIAN_POINT('',(168.228589,-177.699415,0.));
#12499=DIRECTION('',(0.,0.,-1.));
#12500=DIRECTION('',(-1.,0.,0.));
#12501=AXIS2_PLACEMENT_3D('',#12498,#12499,#12500);
#12502=CYLINDRICAL_SURFACE('',#12501,0.5);
#12503=CARTESIAN_POINT('',(167.728589,-177.699415,-1.2));
#12504=DIRECTION('',(-0.,-0.,1.));
#12505=VECTOR('',#12504,1.2);
#12506=LINE('',#12503,#12505);
#12507=EDGE_CURVE('',#5872,#3788,#12506,.T.);
#12508=ORIENTED_EDGE('',*,*,#12507,.F.);
#12509=ORIENTED_EDGE('',*,*,#5878,.T.);
#12510=ORIENTED_EDGE('',*,*,#10390,.F.);
#12511=ORIENTED_EDGE('',*,*,#3803,.F.);
#12512=EDGE_LOOP('',(#12508,#12509,#12510,#12511));
#12513=FACE_BOUND('',#12512,.T.);
#12514=ADVANCED_FACE('',(#12513),#12502,.F.);
#12515=CARTESIAN_POINT('',(171.834198,-164.123845,0.));
#12516=DIRECTION('',(0.,0.,-1.));
#12517=DIRECTION('',(-1.,0.,0.));
#12518=AXIS2_PLACEMENT_3D('',#12515,#12516,#12517);
#12519=CYLINDRICAL_SURFACE('',#12518,0.5);
#12520=CARTESIAN_POINT('',(171.334198,-164.123845,-1.2));
#12521=DIRECTION('',(-0.,-0.,1.));
#12522=VECTOR('',#12521,1.2);
#12523=LINE('',#12520,#12522);
#12524=EDGE_CURVE('',#5846,#3814,#12523,.T.);
#12525=ORIENTED_EDGE('',*,*,#12524,.F.);
#12526=ORIENTED_EDGE('',*,*,#5852,.T.);
#12527=ORIENTED_EDGE('',*,*,#10412,.F.);
#12528=ORIENTED_EDGE('',*,*,#3829,.F.);
#12529=EDGE_LOOP('',(#12525,#12526,#12527,#12528));
#12530=FACE_BOUND('',#12529,.T.);
#12531=ADVANCED_FACE('',(#12530),#12519,.F.);
#12532=CARTESIAN_POINT('',(169.187241,-143.0075,0.));
#12533=DIRECTION('',(0.,0.,-1.));
#12534=DIRECTION('',(-1.,0.,0.));
#12535=AXIS2_PLACEMENT_3D('',#12532,#12533,#12534);
#12536=CYLINDRICAL_SURFACE('',#12535,0.5);
#12537=CARTESIAN_POINT('',(168.687241,-143.0075,-1.2));
#12538=DIRECTION('',(-0.,-0.,1.));
#12539=VECTOR('',#12538,1.2);
#12540=LINE('',#12537,#12539);
#12541=EDGE_CURVE('',#6037,#3700,#12540,.T.);
#12542=ORIENTED_EDGE('',*,*,#12541,.F.);
#12543=ORIENTED_EDGE('',*,*,#6043,.T.);
#12544=ORIENTED_EDGE('',*,*,#10324,.F.);
#12545=ORIENTED_EDGE('',*,*,#3715,.F.);
#12546=EDGE_LOOP('',(#12542,#12543,#12544,#12545));
#12547=FACE_BOUND('',#12546,.T.);
#12548=ADVANCED_FACE('',(#12547),#12536,.F.);
#12549=CARTESIAN_POINT('',(194.296464,-171.142629,0.));
#12550=DIRECTION('',(0.,0.,-1.));
#12551=DIRECTION('',(-1.,0.,0.));
#12552=AXIS2_PLACEMENT_3D('',#12549,#12550,#12551);
#12553=CYLINDRICAL_SURFACE('',#12552,0.5);
#12554=CARTESIAN_POINT('',(193.796464,-171.142629,-1.2));
#12555=DIRECTION('',(-0.,-0.,1.));
#12556=VECTOR('',#12555,1.2);
#12557=LINE('',#12554,#12556);
#12558=EDGE_CURVE('',#4280,#3911,#12557,.T.);
#12559=ORIENTED_EDGE('',*,*,#12558,.F.);
#12560=ORIENTED_EDGE('',*,*,#4286,.T.);
#12561=ORIENTED_EDGE('',*,*,#11959,.F.);
#12562=ORIENTED_EDGE('',*,*,#3926,.F.);
#12563=EDGE_LOOP('',(#12559,#12560,#12561,#12562));
#12564=FACE_BOUND('',#12563,.T.);
#12565=ADVANCED_FACE('',(#12564),#12553,.F.);
#12566=CARTESIAN_POINT('',(187.435211,-183.425376,0.));
#12567=DIRECTION('',(0.,0.,-1.));
#12568=DIRECTION('',(-1.,0.,0.));
#12569=AXIS2_PLACEMENT_3D('',#12566,#12567,#12568);
#12570=CYLINDRICAL_SURFACE('',#12569,0.5);
#12571=CARTESIAN_POINT('',(186.935211,-183.425376,-1.2));
#12572=DIRECTION('',(-0.,-0.,1.));
#12573=VECTOR('',#12572,1.2);
#12574=LINE('',#12571,#12573);
#12575=EDGE_CURVE('',#4306,#3885,#12574,.T.);
#12576=ORIENTED_EDGE('',*,*,#12575,.F.);
#12577=ORIENTED_EDGE('',*,*,#4312,.T.);
#12578=ORIENTED_EDGE('',*,*,#12025,.F.);
#12579=ORIENTED_EDGE('',*,*,#3900,.F.);
#12580=EDGE_LOOP('',(#12576,#12577,#12578,#12579));
#12581=FACE_BOUND('',#12580,.T.);
#12582=ADVANCED_FACE('',(#12581),#12570,.F.);
#12583=CARTESIAN_POINT('',(199.723906,-190.268049,0.));
#12584=DIRECTION('',(0.,0.,-1.));
#12585=DIRECTION('',(-1.,0.,0.));
#12586=AXIS2_PLACEMENT_3D('',#12583,#12584,#12585);
#12587=CYLINDRICAL_SURFACE('',#12586,0.5);
#12588=CARTESIAN_POINT('',(199.223906,-190.268049,-1.2));
#12589=DIRECTION('',(-0.,-0.,1.));
#12590=VECTOR('',#12589,1.2);
#12591=LINE('',#12588,#12590);
#12592=EDGE_CURVE('',#4237,#3859,#12591,.T.);
#12593=ORIENTED_EDGE('',*,*,#12592,.F.);
#12594=ORIENTED_EDGE('',*,*,#4243,.T.);
#12595=ORIENTED_EDGE('',*,*,#12003,.F.);
#12596=ORIENTED_EDGE('',*,*,#3874,.F.);
#12597=EDGE_LOOP('',(#12593,#12594,#12595,#12596));
#12598=FACE_BOUND('',#12597,.T.);
#12599=ADVANCED_FACE('',(#12598),#12587,.F.);
#12600=CARTESIAN_POINT('',(185.455024,-167.753726,0.));
#12601=DIRECTION('',(0.,0.,-1.));
#12602=DIRECTION('',(-1.,0.,0.));
#12603=AXIS2_PLACEMENT_3D('',#12600,#12601,#12602);
#12604=CYLINDRICAL_SURFACE('',#12603,0.5);
#12605=CARTESIAN_POINT('',(185.775000315,-167.369518819,-0.8));
#12606=VERTEX_POINT('',#12605);
#12607=CARTESIAN_POINT('',(185.933939181,-167.897393148,-0.8));
#12608=VERTEX_POINT('',#12607);
#12609=CARTESIAN_POINT('',(185.455024,-167.753726,-0.8));
#12610=DIRECTION('',(0.,0.,-1.));
#12611=DIRECTION('',(-1.,0.,0.));
#12612=AXIS2_PLACEMENT_3D('',#12609,#12610,#12611);
#12613=CIRCLE('',#12612,0.5);
#12614=EDGE_CURVE('',#12606,#12608,#12613,.T.);
#12615=ORIENTED_EDGE('',*,*,#12614,.T.);
#12616=CARTESIAN_POINT('',(185.933939181,-167.897393148,-0.8));
#12617=DIRECTION('',(0.,0.,-1.));
#12618=VECTOR('',#12617,0.4);
#12619=LINE('',#12616,#12618);
#12620=EDGE_CURVE('',#12608,#5924,#12619,.T.);
#12621=ORIENTED_EDGE('',*,*,#12620,.T.);
#12622=ORIENTED_EDGE('',*,*,#5930,.T.);
#12623=ORIENTED_EDGE('',*,*,#10346,.F.);
#12624=ORIENTED_EDGE('',*,*,#3846,.F.);
#12625=ORIENTED_EDGE('',*,*,#10405,.T.);
#12626=ORIENTED_EDGE('',*,*,#5835,.T.);
#12627=CARTESIAN_POINT('',(185.775000315,-167.369518819,-0.8));
#12628=DIRECTION('',(0.,0.,-1.));
#12629=VECTOR('',#12628,0.4);
#12630=LINE('',#12627,#12629);
#12631=EDGE_CURVE('',#12606,#5821,#12630,.T.);
#12632=ORIENTED_EDGE('',*,*,#12631,.F.);
#12633=EDGE_LOOP('',(#12615,#12621,#12622,#12623,#12624,#12625,#12626,#12632));
#12634=FACE_BOUND('',#12633,.T.);
#12635=ADVANCED_FACE('',(#12634),#12604,.F.);
#12636=CARTESIAN_POINT('',(183.256375,-157.053694,0.));
#12637=DIRECTION('',(0.,0.,-1.));
#12638=DIRECTION('',(-1.,0.,0.));
#12639=AXIS2_PLACEMENT_3D('',#12636,#12637,#12638);
#12640=CYLINDRICAL_SURFACE('',#12639,0.5);
#12641=ORIENTED_EDGE('',*,*,#6009,.T.);
#12642=ORIENTED_EDGE('',*,*,#10280,.F.);
#12643=ORIENTED_EDGE('',*,*,#3749,.F.);
#12644=ORIENTED_EDGE('',*,*,#10258,.T.);
#12645=EDGE_LOOP('',(#12641,#12642,#12643,#12644));
#12646=FACE_BOUND('',#12645,.T.);
#12647=ADVANCED_FACE('',(#12646),#12640,.F.);
#12648=CARTESIAN_POINT('',(181.769047,-181.33151,0.));
#12649=DIRECTION('',(0.,0.,-1.));
#12650=DIRECTION('',(-1.,0.,0.));
#12651=AXIS2_PLACEMENT_3D('',#12648,#12649,#12650);
#12652=CYLINDRICAL_SURFACE('',#12651,0.5);
#12653=CARTESIAN_POINT('',(181.269047,-181.33151,-1.2));
#12654=DIRECTION('',(-0.,-0.,1.));
#12655=VECTOR('',#12654,1.2);
#12656=LINE('',#12653,#12655);
#12657=EDGE_CURVE('',#5898,#3762,#12656,.T.);
#12658=ORIENTED_EDGE('',*,*,#12657,.F.);
#12659=ORIENTED_EDGE('',*,*,#5904,.T.);
#12660=ORIENTED_EDGE('',*,*,#10361,.F.);
#12661=ORIENTED_EDGE('',*,*,#3777,.F.);
#12662=EDGE_LOOP('',(#12658,#12659,#12660,#12661));
#12663=FACE_BOUND('',#12662,.T.);
#12664=ADVANCED_FACE('',(#12663),#12652,.F.);
#12665=CARTESIAN_POINT('',(183.256375,-142.961306,0.));
#12666=DIRECTION('',(0.,0.,-1.));
#12667=DIRECTION('',(-1.,0.,0.));
#12668=AXIS2_PLACEMENT_3D('',#12665,#12666,#12667);
#12669=CYLINDRICAL_SURFACE('',#12668,0.5);
#12670=ORIENTED_EDGE('',*,*,#6026,.T.);
#12671=ORIENTED_EDGE('',*,*,#10251,.F.);
#12672=ORIENTED_EDGE('',*,*,#3732,.F.);
#12673=ORIENTED_EDGE('',*,*,#10317,.T.);
#12674=EDGE_LOOP('',(#12670,#12671,#12672,#12673));
#12675=FACE_BOUND('',#12674,.T.);
#12676=ADVANCED_FACE('',(#12675),#12669,.F.);
#12677=CARTESIAN_POINT('',(169.187241,-157.0075,0.));
#12678=DIRECTION('',(0.,0.,-1.));
#12679=DIRECTION('',(-1.,0.,0.));
#12680=AXIS2_PLACEMENT_3D('',#12677,#12678,#12679);
#12681=CYLINDRICAL_SURFACE('',#12680,0.5);
#12682=CARTESIAN_POINT('',(168.687241,-157.0075,-1.2));
#12683=DIRECTION('',(-0.,-0.,1.));
#12684=VECTOR('',#12683,1.2);
#12685=LINE('',#12682,#12684);
#12686=EDGE_CURVE('',#5977,#3674,#12685,.T.);
#12687=ORIENTED_EDGE('',*,*,#12686,.F.);
#12688=ORIENTED_EDGE('',*,*,#5983,.T.);
#12689=ORIENTED_EDGE('',*,*,#10295,.F.);
#12690=ORIENTED_EDGE('',*,*,#3689,.F.);
#12691=EDGE_LOOP('',(#12687,#12688,#12689,#12690));
#12692=FACE_BOUND('',#12691,.T.);
#12693=ADVANCED_FACE('',(#12692),#12681,.F.);
#12694=CARTESIAN_POINT('',(169.187241,-118.9575,0.));
#12695=DIRECTION('',(0.,0.,-1.));
#12696=DIRECTION('',(-1.,0.,0.));
#12697=AXIS2_PLACEMENT_3D('',#12694,#12695,#12696);
#12698=CYLINDRICAL_SURFACE('',#12697,0.5);
#12699=CARTESIAN_POINT('',(168.687241,-118.9575,-1.2));
#12700=DIRECTION('',(-0.,-0.,1.));
#12701=VECTOR('',#12700,1.2);
#12702=LINE('',#12699,#12701);
#12703=EDGE_CURVE('',#5222,#2238,#12702,.T.);
#12704=ORIENTED_EDGE('',*,*,#12703,.F.);
#12705=ORIENTED_EDGE('',*,*,#5228,.T.);
#12706=ORIENTED_EDGE('',*,*,#10962,.F.);
#12707=ORIENTED_EDGE('',*,*,#2253,.F.);
#12708=EDGE_LOOP('',(#12704,#12705,#12706,#12707));
#12709=FACE_BOUND('',#12708,.T.);
#12710=ADVANCED_FACE('',(#12709),#12698,.F.);
#12711=CARTESIAN_POINT('',(164.187241,-114.195,0.));
#12712=DIRECTION('',(0.,0.,-1.));
#12713=DIRECTION('',(-1.,0.,0.));
#12714=AXIS2_PLACEMENT_3D('',#12711,#12712,#12713);
#12715=CYLINDRICAL_SURFACE('',#12714,0.5);
#12716=ORIENTED_EDGE('',*,*,#5181,.T.);
#12717=ORIENTED_EDGE('',*,*,#11072,.F.);
#12718=ORIENTED_EDGE('',*,*,#2289,.F.);
#12719=ORIENTED_EDGE('',*,*,#11050,.T.);
#12720=EDGE_LOOP('',(#12716,#12717,#12718,#12719));
#12721=FACE_BOUND('',#12720,.T.);
#12722=ADVANCED_FACE('',(#12721),#12715,.F.);
#12723=CARTESIAN_POINT('',(164.233435,-119.175866,0.));
#12724=DIRECTION('',(0.,0.,-1.));
#12725=DIRECTION('',(-1.,0.,0.));
#12726=AXIS2_PLACEMENT_3D('',#12723,#12724,#12725);
#12727=CYLINDRICAL_SURFACE('',#12726,0.5);
#12728=ORIENTED_EDGE('',*,*,#5571,.T.);
#12729=ORIENTED_EDGE('',*,*,#10610,.F.);
#12730=ORIENTED_EDGE('',*,*,#3661,.F.);
#12731=ORIENTED_EDGE('',*,*,#10676,.T.);
#12732=EDGE_LOOP('',(#12728,#12729,#12730,#12731));
#12733=FACE_BOUND('',#12732,.T.);
#12734=ADVANCED_FACE('',(#12733),#12727,.F.);
#12735=CARTESIAN_POINT('',(145.187241,-133.4825,0.));
#12736=DIRECTION('',(0.,0.,-1.));
#12737=DIRECTION('',(-1.,0.,0.));
#12738=AXIS2_PLACEMENT_3D('',#12735,#12736,#12737);
#12739=CYLINDRICAL_SURFACE('',#12738,0.5);
#12740=ORIENTED_EDGE('',*,*,#5043,.T.);
#12741=ORIENTED_EDGE('',*,*,#11160,.F.);
#12742=ORIENTED_EDGE('',*,*,#3133,.F.);
#12743=ORIENTED_EDGE('',*,*,#11138,.T.);
#12744=EDGE_LOOP('',(#12740,#12741,#12742,#12743));
#12745=FACE_BOUND('',#12744,.T.);
#12746=ADVANCED_FACE('',(#12745),#12739,.F.);
#12747=CARTESIAN_POINT('',(150.141047,-114.164134,0.));
#12748=DIRECTION('',(0.,0.,-1.));
#12749=DIRECTION('',(-1.,0.,0.));
#12750=AXIS2_PLACEMENT_3D('',#12747,#12748,#12749);
#12751=CYLINDRICAL_SURFACE('',#12750,0.5);
#12752=CARTESIAN_POINT('',(149.641047,-114.164134,-1.2));
#12753=DIRECTION('',(-0.,-0.,1.));
#12754=VECTOR('',#12753,1.2);
#12755=LINE('',#12752,#12754);
#12756=EDGE_CURVE('',#5151,#2300,#12755,.T.);
#12757=ORIENTED_EDGE('',*,*,#12756,.F.);
#12758=ORIENTED_EDGE('',*,*,#5157,.T.);
#12759=ORIENTED_EDGE('',*,*,#11094,.F.);
#12760=ORIENTED_EDGE('',*,*,#2315,.F.);
#12761=EDGE_LOOP('',(#12757,#12758,#12759,#12760));
#12762=FACE_BOUND('',#12761,.T.);
#12763=ADVANCED_FACE('',(#12762),#12751,.F.);
#12764=CARTESIAN_POINT('',(183.287241,-137.9575,0.));
#12765=DIRECTION('',(0.,0.,-1.));
#12766=DIRECTION('',(-1.,0.,0.));
#12767=AXIS2_PLACEMENT_3D('',#12764,#12765,#12766);
#12768=CYLINDRICAL_SURFACE('',#12767,0.5);
#12769=ORIENTED_EDGE('',*,*,#5316,.T.);
#12770=ORIENTED_EDGE('',*,*,#10874,.F.);
#12771=ORIENTED_EDGE('',*,*,#3573,.F.);
#12772=ORIENTED_EDGE('',*,*,#10940,.T.);
#12773=EDGE_LOOP('',(#12769,#12770,#12771,#12772));
#12774=FACE_BOUND('',#12773,.T.);
#12775=ADVANCED_FACE('',(#12774),#12768,.F.);
#12776=CARTESIAN_POINT('',(145.137241,-128.4825,0.));
#12777=DIRECTION('',(0.,0.,-1.));
#12778=DIRECTION('',(-1.,0.,0.));
#12779=AXIS2_PLACEMENT_3D('',#12776,#12777,#12778);
#12780=CYLINDRICAL_SURFACE('',#12779,0.5);
#12781=ORIENTED_EDGE('',*,*,#4876,.T.);
#12782=ORIENTED_EDGE('',*,*,#11314,.F.);
#12783=ORIENTED_EDGE('',*,*,#3309,.F.);
#12784=ORIENTED_EDGE('',*,*,#11380,.T.);
#12785=EDGE_LOOP('',(#12781,#12782,#12783,#12784));
#12786=FACE_BOUND('',#12785,.T.);
#12787=ADVANCED_FACE('',(#12786),#12780,.F.);
#12788=CARTESIAN_POINT('',(150.137241,-119.195,0.));
#12789=DIRECTION('',(0.,0.,-1.));
#12790=DIRECTION('',(-1.,0.,0.));
#12791=AXIS2_PLACEMENT_3D('',#12788,#12789,#12790);
#12792=CYLINDRICAL_SURFACE('',#12791,0.5);
#12793=CARTESIAN_POINT('',(149.637241,-119.195,-1.2));
#12794=DIRECTION('',(-0.,-0.,1.));
#12795=VECTOR('',#12794,1.2);
#12796=LINE('',#12793,#12795);
#12797=EDGE_CURVE('',#5582,#3629,#12796,.T.);
#12798=ORIENTED_EDGE('',*,*,#12797,.F.);
#12799=ORIENTED_EDGE('',*,*,#5588,.T.);
#12800=ORIENTED_EDGE('',*,*,#10669,.F.);
#12801=ORIENTED_EDGE('',*,*,#3644,.F.);
#12802=EDGE_LOOP('',(#12798,#12799,#12800,#12801));
#12803=FACE_BOUND('',#12802,.T.);
#12804=ADVANCED_FACE('',(#12803),#12792,.F.);
#12805=CARTESIAN_POINT('',(150.141047,-133.214134,0.));
#12806=DIRECTION('',(0.,0.,-1.));
#12807=DIRECTION('',(-1.,0.,0.));
#12808=AXIS2_PLACEMENT_3D('',#12805,#12806,#12807);
#12809=CYLINDRICAL_SURFACE('',#12808,0.5);
#12810=CARTESIAN_POINT('',(149.641047,-133.214134,-1.2));
#12811=DIRECTION('',(-0.,-0.,1.));
#12812=VECTOR('',#12811,1.2);
#12813=LINE('',#12810,#12812);
#12814=EDGE_CURVE('',#5608,#3603,#12813,.T.);
#12815=ORIENTED_EDGE('',*,*,#12814,.F.);
#12816=ORIENTED_EDGE('',*,*,#5614,.T.);
#12817=ORIENTED_EDGE('',*,*,#10647,.F.);
#12818=ORIENTED_EDGE('',*,*,#3618,.F.);
#12819=EDGE_LOOP('',(#12815,#12816,#12817,#12818));
#12820=FACE_BOUND('',#12819,.T.);
#12821=ADVANCED_FACE('',(#12820),#12809,.F.);
#12822=CARTESIAN_POINT('',(183.287241,-118.6575,0.));
#12823=DIRECTION('',(0.,0.,-1.));
#12824=DIRECTION('',(-1.,0.,0.));
#12825=AXIS2_PLACEMENT_3D('',#12822,#12823,#12824);
#12826=CYLINDRICAL_SURFACE('',#12825,0.5);
#12827=ORIENTED_EDGE('',*,*,#5254,.T.);
#12828=ORIENTED_EDGE('',*,*,#11021,.F.);
#12829=ORIENTED_EDGE('',*,*,#2227,.F.);
#12830=ORIENTED_EDGE('',*,*,#11006,.T.);
#12831=EDGE_LOOP('',(#12827,#12828,#12829,#12830));
#12832=FACE_BOUND('',#12831,.T.);
#12833=ADVANCED_FACE('',(#12832),#12826,.F.);
#12834=CARTESIAN_POINT('',(183.283435,-123.938366,0.));
#12835=DIRECTION('',(0.,0.,-1.));
#12836=DIRECTION('',(-1.,0.,0.));
#12837=AXIS2_PLACEMENT_3D('',#12834,#12835,#12836);
#12838=CYLINDRICAL_SURFACE('',#12837,0.5);
#12839=ORIENTED_EDGE('',*,*,#5333,.T.);
#12840=ORIENTED_EDGE('',*,*,#10933,.F.);
#12841=ORIENTED_EDGE('',*,*,#3556,.F.);
#12842=ORIENTED_EDGE('',*,*,#10918,.T.);
#12843=EDGE_LOOP('',(#12839,#12840,#12841,#12842));
#12844=FACE_BOUND('',#12843,.T.);
#12845=ADVANCED_FACE('',(#12844),#12838,.F.);
#12846=CARTESIAN_POINT('',(169.237241,-123.9075,0.));
#12847=DIRECTION('',(0.,0.,-1.));
#12848=DIRECTION('',(-1.,0.,0.));
#12849=AXIS2_PLACEMENT_3D('',#12846,#12847,#12848);
#12850=CYLINDRICAL_SURFACE('',#12849,0.5);
#12851=CARTESIAN_POINT('',(168.737241,-123.9075,-1.2));
#12852=DIRECTION('',(-0.,-0.,1.));
#12853=VECTOR('',#12852,1.2);
#12854=LINE('',#12851,#12853);
#12855=EDGE_CURVE('',#5344,#3524,#12854,.T.);
#12856=ORIENTED_EDGE('',*,*,#12855,.F.);
#12857=ORIENTED_EDGE('',*,*,#5350,.T.);
#12858=ORIENTED_EDGE('',*,*,#10911,.F.);
#12859=ORIENTED_EDGE('',*,*,#3539,.F.);
#12860=EDGE_LOOP('',(#12856,#12857,#12858,#12859));
#12861=FACE_BOUND('',#12860,.T.);
#12862=ADVANCED_FACE('',(#12861),#12850,.F.);
#12863=CARTESIAN_POINT('',(150.141047,-138.225866,0.));
#12864=DIRECTION('',(0.,0.,-1.));
#12865=DIRECTION('',(-1.,0.,0.));
#12866=AXIS2_PLACEMENT_3D('',#12863,#12864,#12865);
#12867=CYLINDRICAL_SURFACE('',#12866,0.5);
#12868=CARTESIAN_POINT('',(149.641047,-138.225866,-1.2));
#12869=DIRECTION('',(-0.,-0.,1.));
#12870=VECTOR('',#12869,1.2);
#12871=LINE('',#12868,#12870);
#12872=EDGE_CURVE('',#5696,#2468,#12871,.T.);
#12873=ORIENTED_EDGE('',*,*,#12872,.F.);
#12874=ORIENTED_EDGE('',*,*,#5702,.T.);
#12875=ORIENTED_EDGE('',*,*,#10544,.F.);
#12876=ORIENTED_EDGE('',*,*,#2483,.F.);
#12877=EDGE_LOOP('',(#12873,#12874,#12875,#12876));
#12878=FACE_BOUND('',#12877,.T.);
#12879=ADVANCED_FACE('',(#12878),#12867,.F.);
#12880=CARTESIAN_POINT('',(164.206375,-138.198806,0.));
#12881=DIRECTION('',(0.,0.,-1.));
#12882=DIRECTION('',(-1.,0.,0.));
#12883=AXIS2_PLACEMENT_3D('',#12880,#12881,#12882);
#12884=CYLINDRICAL_SURFACE('',#12883,0.5);
#12885=ORIENTED_EDGE('',*,*,#5685,.T.);
#12886=ORIENTED_EDGE('',*,*,#10566,.F.);
#12887=ORIENTED_EDGE('',*,*,#2500,.F.);
#12888=ORIENTED_EDGE('',*,*,#10537,.T.);
#12889=EDGE_LOOP('',(#12885,#12886,#12887,#12888));
#12890=FACE_BOUND('',#12889,.T.);
#12891=ADVANCED_FACE('',(#12890),#12884,.F.);
#12892=CARTESIAN_POINT('',(164.187241,-133.245,0.));
#12893=DIRECTION('',(0.,0.,-1.));
#12894=DIRECTION('',(-1.,0.,0.));
#12895=AXIS2_PLACEMENT_3D('',#12892,#12893,#12894);
#12896=CYLINDRICAL_SURFACE('',#12895,0.5);
#12897=ORIENTED_EDGE('',*,*,#5554,.T.);
#12898=ORIENTED_EDGE('',*,*,#10625,.F.);
#12899=ORIENTED_EDGE('',*,*,#3592,.F.);
#12900=ORIENTED_EDGE('',*,*,#10603,.T.);
#12901=EDGE_LOOP('',(#12897,#12898,#12899,#12900));
#12902=FACE_BOUND('',#12901,.T.);
#12903=ADVANCED_FACE('',(#12902),#12896,.F.);
#12904=CARTESIAN_POINT('',(169.187241,-137.9575,0.));
#12905=DIRECTION('',(0.,0.,-1.));
#12906=DIRECTION('',(-1.,0.,0.));
#12907=AXIS2_PLACEMENT_3D('',#12904,#12905,#12906);
#12908=CYLINDRICAL_SURFACE('',#12907,0.5);
#12909=CARTESIAN_POINT('',(168.687241,-137.9575,-1.2));
#12910=DIRECTION('',(-0.,-0.,1.));
#12911=VECTOR('',#12910,1.2);
#12912=LINE('',#12909,#12911);
#12913=EDGE_CURVE('',#5284,#3498,#12912,.T.);
#12914=ORIENTED_EDGE('',*,*,#12913,.F.);
#12915=ORIENTED_EDGE('',*,*,#5290,.T.);
#12916=ORIENTED_EDGE('',*,*,#10889,.F.);
#12917=ORIENTED_EDGE('',*,*,#3513,.F.);
#12918=EDGE_LOOP('',(#12914,#12915,#12916,#12917));
#12919=FACE_BOUND('',#12918,.T.);
#12920=ADVANCED_FACE('',(#12919),#12908,.F.);
#12921=CARTESIAN_POINT('',(145.137241,-109.4325,0.));
#12922=DIRECTION('',(0.,0.,-1.));
#12923=DIRECTION('',(-1.,0.,0.));
#12924=AXIS2_PLACEMENT_3D('',#12921,#12922,#12923);
#12925=CYLINDRICAL_SURFACE('',#12924,0.5);
#12926=ORIENTED_EDGE('',*,*,#4630,.T.);
#12927=ORIENTED_EDGE('',*,*,#11658,.F.);
#12928=ORIENTED_EDGE('',*,*,#3485,.F.);
#12929=ORIENTED_EDGE('',*,*,#11636,.T.);
#12930=EDGE_LOOP('',(#12926,#12927,#12928,#12929));
#12931=FACE_BOUND('',#12930,.T.);
#12932=ADVANCED_FACE('',(#12931),#12925,.F.);
#12933=CARTESIAN_POINT('',(145.137241,-114.3825,0.));
#12934=DIRECTION('',(0.,0.,-1.));
#12935=DIRECTION('',(-1.,0.,0.));
#12936=AXIS2_PLACEMENT_3D('',#12933,#12934,#12935);
#12937=CYLINDRICAL_SURFACE('',#12936,0.5);
#12938=ORIENTED_EDGE('',*,*,#4893,.T.);
#12939=ORIENTED_EDGE('',*,*,#11373,.F.);
#12940=ORIENTED_EDGE('',*,*,#3292,.F.);
#12941=ORIENTED_EDGE('',*,*,#11358,.T.);
#12942=EDGE_LOOP('',(#12938,#12939,#12940,#12941));
#12943=FACE_BOUND('',#12942,.T.);
#12944=ADVANCED_FACE('',(#12943),#12937,.F.);
#12945=CARTESIAN_POINT('',(131.137241,-95.3325,0.));
#12946=DIRECTION('',(0.,0.,-1.));
#12947=DIRECTION('',(-1.,0.,0.));
#12948=AXIS2_PLACEMENT_3D('',#12945,#12946,#12947);
#12949=CYLINDRICAL_SURFACE('',#12948,0.5);
#12950=CARTESIAN_POINT('',(130.637241,-95.3325,-1.2));
#12951=DIRECTION('',(-0.,-0.,1.));
#12952=VECTOR('',#12951,1.2);
#12953=LINE('',#12950,#12952);
#12954=EDGE_CURVE('',#4658,#3436,#12953,.T.);
#12955=ORIENTED_EDGE('',*,*,#12954,.F.);
#12956=ORIENTED_EDGE('',*,*,#4664,.T.);
#12957=ORIENTED_EDGE('',*,*,#11614,.F.);
#12958=ORIENTED_EDGE('',*,*,#3451,.F.);
#12959=EDGE_LOOP('',(#12955,#12956,#12957,#12958));
#12960=FACE_BOUND('',#12959,.T.);
#12961=ADVANCED_FACE('',(#12960),#12949,.F.);
#12962=CARTESIAN_POINT('',(126.087241,-119.145,0.));
#12963=DIRECTION('',(0.,0.,-1.));
#12964=DIRECTION('',(-1.,0.,0.));
#12965=AXIS2_PLACEMENT_3D('',#12962,#12963,#12964);
#12966=CYLINDRICAL_SURFACE('',#12965,0.5);
#12967=ORIENTED_EDGE('',*,*,#5395,.T.);
#12968=ORIENTED_EDGE('',*,*,#10786,.F.);
#12969=ORIENTED_EDGE('',*,*,#3045,.F.);
#12970=ORIENTED_EDGE('',*,*,#10852,.T.);
#12971=EDGE_LOOP('',(#12967,#12968,#12969,#12970));
#12972=FACE_BOUND('',#12971,.T.);
#12973=ADVANCED_FACE('',(#12972),#12966,.F.);
#12974=CARTESIAN_POINT('',(107.083435,-104.888366,0.));
#12975=DIRECTION('',(0.,0.,-1.));
#12976=DIRECTION('',(-1.,0.,0.));
#12977=AXIS2_PLACEMENT_3D('',#12974,#12975,#12976);
#12978=CYLINDRICAL_SURFACE('',#12977,0.5);
#12979=ORIENTED_EDGE('',*,*,#4471,.T.);
#12980=ORIENTED_EDGE('',*,*,#11790,.F.);
#12981=ORIENTED_EDGE('',*,*,#2588,.F.);
#12982=ORIENTED_EDGE('',*,*,#11856,.T.);
#12983=EDGE_LOOP('',(#12979,#12980,#12981,#12982));
#12984=FACE_BOUND('',#12983,.T.);
#12985=ADVANCED_FACE('',(#12984),#12978,.F.);
#12986=CARTESIAN_POINT('',(112.037241,-119.195,0.));
#12987=DIRECTION('',(0.,0.,-1.));
#12988=DIRECTION('',(-1.,0.,0.));
#12989=AXIS2_PLACEMENT_3D('',#12986,#12987,#12988);
#12990=CYLINDRICAL_SURFACE('',#12989,0.5);
#12991=CARTESIAN_POINT('',(111.537241,-119.195,-1.2));
#12992=DIRECTION('',(-0.,-0.,1.));
#12993=VECTOR('',#12992,1.2);
#12994=LINE('',#12991,#12993);
#12995=EDGE_CURVE('',#5406,#3013,#12994,.T.);
#12996=ORIENTED_EDGE('',*,*,#12995,.F.);
#12997=ORIENTED_EDGE('',*,*,#5412,.T.);
#12998=ORIENTED_EDGE('',*,*,#10845,.F.);
#12999=ORIENTED_EDGE('',*,*,#3028,.F.);
#13000=EDGE_LOOP('',(#12996,#12997,#12998,#12999));
#13001=FACE_BOUND('',#13000,.T.);
#13002=ADVANCED_FACE('',(#13001),#12990,.F.);
#13003=CARTESIAN_POINT('',(112.041047,-114.164134,0.));
#13004=DIRECTION('',(0.,0.,-1.));
#13005=DIRECTION('',(-1.,0.,0.));
#13006=AXIS2_PLACEMENT_3D('',#13003,#13004,#13005);
#13007=CYLINDRICAL_SURFACE('',#13006,0.5);
#13008=CARTESIAN_POINT('',(111.541047,-114.164134,-1.2));
#13009=DIRECTION('',(-0.,-0.,1.));
#13010=VECTOR('',#13009,1.2);
#13011=LINE('',#13008,#13010);
#13012=EDGE_CURVE('',#4553,#3356,#13011,.T.);
#13013=ORIENTED_EDGE('',*,*,#13012,.F.);
#13014=ORIENTED_EDGE('',*,*,#4559,.T.);
#13015=ORIENTED_EDGE('',*,*,#11746,.F.);
#13016=ORIENTED_EDGE('',*,*,#3371,.F.);
#13017=EDGE_LOOP('',(#13013,#13014,#13015,#13016));
#13018=FACE_BOUND('',#13017,.T.);
#13019=ADVANCED_FACE('',(#13018),#13007,.F.);
#13020=CARTESIAN_POINT('',(107.087241,-118.9075,0.));
#13021=DIRECTION('',(0.,0.,-1.));
#13022=DIRECTION('',(-1.,0.,0.));
#13023=AXIS2_PLACEMENT_3D('',#13020,#13021,#13022);
#13024=CYLINDRICAL_SURFACE('',#13023,0.5);
#13025=ORIENTED_EDGE('',*,*,#4454,.T.);
#13026=ORIENTED_EDGE('',*,*,#11812,.F.);
#13027=ORIENTED_EDGE('',*,*,#2605,.F.);
#13028=ORIENTED_EDGE('',*,*,#11783,.T.);
#13029=EDGE_LOOP('',(#13025,#13026,#13027,#13028));
#13030=FACE_BOUND('',#13029,.T.);
#13031=ADVANCED_FACE('',(#13030),#13024,.F.);
#13032=CARTESIAN_POINT('',(93.037241,-104.8575,0.));
#13033=DIRECTION('',(0.,0.,-1.));
#13034=DIRECTION('',(-1.,0.,0.));
#13035=AXIS2_PLACEMENT_3D('',#13032,#13033,#13034);
#13036=CYLINDRICAL_SURFACE('',#13035,0.5);
#13037=CARTESIAN_POINT('',(92.537241,-104.8575,-1.2));
#13038=DIRECTION('',(-0.,-0.,1.));
#13039=VECTOR('',#13038,1.2);
#13040=LINE('',#13037,#13039);
#13041=EDGE_CURVE('',#4482,#2556,#13040,.T.);
#13042=ORIENTED_EDGE('',*,*,#13041,.F.);
#13043=ORIENTED_EDGE('',*,*,#4488,.T.);
#13044=ORIENTED_EDGE('',*,*,#11849,.F.);
#13045=ORIENTED_EDGE('',*,*,#2571,.F.);
#13046=EDGE_LOOP('',(#13042,#13043,#13044,#13045));
#13047=FACE_BOUND('',#13046,.T.);
#13048=ADVANCED_FACE('',(#13047),#13036,.F.);
#13049=CARTESIAN_POINT('',(88.037241,-114.4325,0.));
#13050=DIRECTION('',(0.,0.,-1.));
#13051=DIRECTION('',(-1.,0.,0.));
#13052=AXIS2_PLACEMENT_3D('',#13049,#13050,#13051);
#13053=CYLINDRICAL_SURFACE('',#13052,0.5);
#13054=ORIENTED_EDGE('',*,*,#4383,.T.);
#13055=ORIENTED_EDGE('',*,*,#11900,.F.);
#13056=ORIENTED_EDGE('',*,*,#2676,.F.);
#13057=ORIENTED_EDGE('',*,*,#11878,.T.);
#13058=EDGE_LOOP('',(#13054,#13055,#13056,#13057));
#13059=FACE_BOUND('',#13058,.T.);
#13060=ADVANCED_FACE('',(#13059),#13053,.F.);
#13061=CARTESIAN_POINT('',(112.037241,-100.145,0.));
#13062=DIRECTION('',(0.,0.,-1.));
#13063=DIRECTION('',(-1.,0.,0.));
#13064=AXIS2_PLACEMENT_3D('',#13061,#13062,#13063);
#13065=CYLINDRICAL_SURFACE('',#13064,0.5);
#13066=CARTESIAN_POINT('',(111.537241,-100.145,-1.2));
#13067=DIRECTION('',(-0.,-0.,1.));
#13068=VECTOR('',#13067,1.2);
#13069=LINE('',#13066,#13068);
#13070=EDGE_CURVE('',#4527,#3382,#13069,.T.);
#13071=ORIENTED_EDGE('',*,*,#13070,.F.);
#13072=ORIENTED_EDGE('',*,*,#4533,.T.);
#13073=ORIENTED_EDGE('',*,*,#11768,.F.);
#13074=ORIENTED_EDGE('',*,*,#3397,.F.);
#13075=EDGE_LOOP('',(#13071,#13072,#13073,#13074));
#13076=FACE_BOUND('',#13075,.T.);
#13077=ADVANCED_FACE('',(#13076),#13065,.F.);
#13078=CARTESIAN_POINT('',(145.156375,-95.336306,0.));
#13079=DIRECTION('',(0.,0.,-1.));
#13080=DIRECTION('',(-1.,0.,0.));
#13081=AXIS2_PLACEMENT_3D('',#13078,#13079,#13080);
#13082=CYLINDRICAL_SURFACE('',#13081,0.5);
#13083=ORIENTED_EDGE('',*,*,#4647,.T.);
#13084=ORIENTED_EDGE('',*,*,#11629,.F.);
#13085=ORIENTED_EDGE('',*,*,#3468,.F.);
#13086=ORIENTED_EDGE('',*,*,#11607,.T.);
#13087=EDGE_LOOP('',(#13083,#13084,#13085,#13086));
#13088=FACE_BOUND('',#13087,.T.);
#13089=ADVANCED_FACE('',(#13088),#13082,.F.);
#13090=CARTESIAN_POINT('',(131.087241,-109.3825,0.));
#13091=DIRECTION('',(0.,0.,-1.));
#13092=DIRECTION('',(-1.,0.,0.));
#13093=AXIS2_PLACEMENT_3D('',#13090,#13091,#13092);
#13094=CYLINDRICAL_SURFACE('',#13093,0.5);
#13095=CARTESIAN_POINT('',(130.587241,-109.3825,-1.2));
#13096=DIRECTION('',(-0.,-0.,1.));
#13097=VECTOR('',#13096,1.2);
#13098=LINE('',#13095,#13097);
#13099=EDGE_CURVE('',#4598,#3410,#13098,.T.);
#13100=ORIENTED_EDGE('',*,*,#13099,.F.);
#13101=ORIENTED_EDGE('',*,*,#4604,.T.);
#13102=ORIENTED_EDGE('',*,*,#11673,.F.);
#13103=ORIENTED_EDGE('',*,*,#3425,.F.);
#13104=EDGE_LOOP('',(#13100,#13101,#13102,#13103));
#13105=FACE_BOUND('',#13104,.T.);
#13106=ADVANCED_FACE('',(#13105),#13094,.F.);
#13107=CARTESIAN_POINT('',(131.087241,-114.4325,0.));
#13108=DIRECTION('',(0.,0.,-1.));
#13109=DIRECTION('',(-1.,0.,0.));
#13110=AXIS2_PLACEMENT_3D('',#13107,#13108,#13109);
#13111=CYLINDRICAL_SURFACE('',#13110,0.5);
#13112=CARTESIAN_POINT('',(130.587241,-114.4325,-1.2));
#13113=DIRECTION('',(-0.,-0.,1.));
#13114=VECTOR('',#13113,1.2);
#13115=LINE('',#13112,#13114);
#13116=EDGE_CURVE('',#4904,#3260,#13115,.T.);
#13117=ORIENTED_EDGE('',*,*,#13116,.F.);
#13118=ORIENTED_EDGE('',*,*,#4910,.T.);
#13119=ORIENTED_EDGE('',*,*,#11351,.F.);
#13120=ORIENTED_EDGE('',*,*,#3275,.F.);
#13121=EDGE_LOOP('',(#13117,#13118,#13119,#13120));
#13122=FACE_BOUND('',#13121,.T.);
#13123=ADVANCED_FACE('',(#13122),#13111,.F.);
#13124=CARTESIAN_POINT('',(126.137241,-114.145,0.));
#13125=DIRECTION('',(0.,0.,-1.));
#13126=DIRECTION('',(-1.,0.,0.));
#13127=AXIS2_PLACEMENT_3D('',#13124,#13125,#13126);
#13128=CYLINDRICAL_SURFACE('',#13127,0.5);
#13129=ORIENTED_EDGE('',*,*,#4583,.T.);
#13130=ORIENTED_EDGE('',*,*,#11717,.F.);
#13131=ORIENTED_EDGE('',*,*,#3345,.F.);
#13132=ORIENTED_EDGE('',*,*,#11702,.T.);
#13133=EDGE_LOOP('',(#13129,#13130,#13131,#13132));
#13134=FACE_BOUND('',#13133,.T.);
#13135=ADVANCED_FACE('',(#13134),#13128,.F.);
#13136=CARTESIAN_POINT('',(126.087241,-100.095,0.));
#13137=DIRECTION('',(0.,0.,-1.));
#13138=DIRECTION('',(-1.,0.,0.));
#13139=AXIS2_PLACEMENT_3D('',#13136,#13137,#13138);
#13140=CYLINDRICAL_SURFACE('',#13139,0.5);
#13141=ORIENTED_EDGE('',*,*,#4516,.T.);
#13142=ORIENTED_EDGE('',*,*,#11695,.F.);
#13143=ORIENTED_EDGE('',*,*,#3328,.F.);
#13144=ORIENTED_EDGE('',*,*,#11761,.T.);
#13145=EDGE_LOOP('',(#13141,#13142,#13143,#13144));
#13146=FACE_BOUND('',#13145,.T.);
#13147=ADVANCED_FACE('',(#13146),#13140,.F.);
#13148=CARTESIAN_POINT('',(131.087241,-128.4325,0.));
#13149=DIRECTION('',(0.,0.,-1.));
#13150=DIRECTION('',(-1.,0.,0.));
#13151=AXIS2_PLACEMENT_3D('',#13148,#13149,#13150);
#13152=CYLINDRICAL_SURFACE('',#13151,0.5);
#13153=CARTESIAN_POINT('',(130.587241,-128.4325,-1.2));
#13154=DIRECTION('',(-0.,-0.,1.));
#13155=VECTOR('',#13154,1.2);
#13156=LINE('',#13153,#13155);
#13157=EDGE_CURVE('',#4844,#3234,#13156,.T.);
#13158=ORIENTED_EDGE('',*,*,#13157,.F.);
#13159=ORIENTED_EDGE('',*,*,#4850,.T.);
#13160=ORIENTED_EDGE('',*,*,#11329,.F.);
#13161=ORIENTED_EDGE('',*,*,#3249,.F.);
#13162=EDGE_LOOP('',(#13158,#13159,#13160,#13161));
#13163=FACE_BOUND('',#13162,.T.);
#13164=ADVANCED_FACE('',(#13163),#13152,.F.);
#13165=CARTESIAN_POINT('',(112.087241,-133.245,0.));
#13166=DIRECTION('',(0.,0.,-1.));
#13167=DIRECTION('',(-1.,0.,0.));
#13168=AXIS2_PLACEMENT_3D('',#13165,#13166,#13167);
#13169=CYLINDRICAL_SURFACE('',#13168,0.5);
#13170=CARTESIAN_POINT('',(111.587241,-133.245,-1.2));
#13171=DIRECTION('',(-0.,-0.,1.));
#13172=VECTOR('',#13171,1.2);
#13173=LINE('',#13170,#13172);
#13174=EDGE_CURVE('',#5432,#2987,#13173,.T.);
#13175=ORIENTED_EDGE('',*,*,#13174,.F.);
#13176=ORIENTED_EDGE('',*,*,#5438,.T.);
#13177=ORIENTED_EDGE('',*,*,#10823,.F.);
#13178=ORIENTED_EDGE('',*,*,#3002,.F.);
#13179=EDGE_LOOP('',(#13175,#13176,#13177,#13178));
#13180=FACE_BOUND('',#13179,.T.);
#13181=ADVANCED_FACE('',(#13180),#13169,.F.);
#13182=CARTESIAN_POINT('',(126.137241,-152.245,0.));
#13183=DIRECTION('',(0.,0.,-1.));
#13184=DIRECTION('',(-1.,0.,0.));
#13185=AXIS2_PLACEMENT_3D('',#13182,#13183,#13184);
#13186=CYLINDRICAL_SURFACE('',#13185,0.5);
#13187=ORIENTED_EDGE('',*,*,#5005,.T.);
#13188=ORIENTED_EDGE('',*,*,#11248,.F.);
#13189=ORIENTED_EDGE('',*,*,#2817,.F.);
#13190=ORIENTED_EDGE('',*,*,#11226,.T.);
#13191=EDGE_LOOP('',(#13187,#13188,#13189,#13190));
#13192=FACE_BOUND('',#13191,.T.);
#13193=ADVANCED_FACE('',(#13192),#13186,.F.);
#13194=CARTESIAN_POINT('',(112.068107,-138.198806,0.));
#13195=DIRECTION('',(0.,0.,-1.));
#13196=DIRECTION('',(-1.,0.,0.));
#13197=AXIS2_PLACEMENT_3D('',#13194,#13195,#13196);
#13198=CYLINDRICAL_SURFACE('',#13197,0.5);
#13199=CARTESIAN_POINT('',(111.568107,-138.198806,-1.2));
#13200=DIRECTION('',(-0.,-0.,1.));
#13201=VECTOR('',#13200,1.2);
#13202=LINE('',#13199,#13201);
#13203=EDGE_CURVE('',#4949,#2854,#13202,.T.);
#13204=ORIENTED_EDGE('',*,*,#13203,.F.);
#13205=ORIENTED_EDGE('',*,*,#4955,.T.);
#13206=ORIENTED_EDGE('',*,*,#11292,.F.);
#13207=ORIENTED_EDGE('',*,*,#2869,.F.);
#13208=EDGE_LOOP('',(#13204,#13205,#13206,#13207));
#13209=FACE_BOUND('',#13208,.T.);
#13210=ADVANCED_FACE('',(#13209),#13198,.F.);
#13211=CARTESIAN_POINT('',(131.118107,-147.528694,0.));
#13212=DIRECTION('',(0.,0.,-1.));
#13213=DIRECTION('',(-1.,0.,0.));
#13214=AXIS2_PLACEMENT_3D('',#13211,#13212,#13213);
#13215=CYLINDRICAL_SURFACE('',#13214,0.5);
#13216=CARTESIAN_POINT('',(130.618107,-147.528694,-1.2));
#13217=DIRECTION('',(-0.,-0.,1.));
#13218=VECTOR('',#13217,1.2);
#13219=LINE('',#13216,#13218);
#13220=EDGE_CURVE('',#5080,#3075,#13219,.T.);
#13221=ORIENTED_EDGE('',*,*,#13220,.F.);
#13222=ORIENTED_EDGE('',*,*,#5086,.T.);
#13223=ORIENTED_EDGE('',*,*,#11204,.F.);
#13224=ORIENTED_EDGE('',*,*,#3090,.F.);
#13225=EDGE_LOOP('',(#13221,#13222,#13223,#13224));
#13226=FACE_BOUND('',#13225,.T.);
#13227=ADVANCED_FACE('',(#13226),#13215,.F.);
#13228=CARTESIAN_POINT('',(73.937241,-133.4825,0.));
#13229=DIRECTION('',(0.,0.,-1.));
#13230=DIRECTION('',(-1.,0.,0.));
#13231=AXIS2_PLACEMENT_3D('',#13228,#13229,#13230);
#13232=CYLINDRICAL_SURFACE('',#13231,0.5);
#13233=CARTESIAN_POINT('',(73.437241,-133.4825,-1.2));
#13234=DIRECTION('',(-0.,-0.,1.));
#13235=VECTOR('',#13234,1.2);
#13236=LINE('',#13233,#13235);
#13237=EDGE_CURVE('',#5477,#3206,#13236,.T.);
#13238=ORIENTED_EDGE('',*,*,#13237,.F.);
#13239=ORIENTED_EDGE('',*,*,#5483,.T.);
#13240=ORIENTED_EDGE('',*,*,#10720,.F.);
#13241=ORIENTED_EDGE('',*,*,#3221,.F.);
#13242=EDGE_LOOP('',(#13238,#13239,#13240,#13241));
#13243=FACE_BOUND('',#13242,.T.);
#13244=ADVANCED_FACE('',(#13243),#13232,.F.);
#13245=CARTESIAN_POINT('',(107.087241,-143.0075,0.));
#13246=DIRECTION('',(0.,0.,-1.));
#13247=DIRECTION('',(-1.,0.,0.));
#13248=AXIS2_PLACEMENT_3D('',#13245,#13246,#13247);
#13249=CYLINDRICAL_SURFACE('',#13248,0.5);
#13250=ORIENTED_EDGE('',*,*,#6138,.T.);
#13251=ORIENTED_EDGE('',*,*,#10170,.F.);
#13252=ORIENTED_EDGE('',*,*,#2738,.F.);
#13253=ORIENTED_EDGE('',*,*,#10236,.T.);
#13254=EDGE_LOOP('',(#13250,#13251,#13252,#13253));
#13255=FACE_BOUND('',#13254,.T.);
#13256=ADVANCED_FACE('',(#13255),#13249,.F.);
#13257=CARTESIAN_POINT('',(87.987241,-147.5325,0.));
#13258=DIRECTION('',(0.,0.,-1.));
#13259=DIRECTION('',(-1.,0.,0.));
#13260=AXIS2_PLACEMENT_3D('',#13257,#13258,#13259);
#13261=CYLINDRICAL_SURFACE('',#13260,0.5);
#13262=ORIENTED_EDGE('',*,*,#5533,.T.);
#13263=ORIENTED_EDGE('',*,*,#10764,.F.);
#13264=ORIENTED_EDGE('',*,*,#3169,.F.);
#13265=ORIENTED_EDGE('',*,*,#10742,.T.);
#13266=EDGE_LOOP('',(#13262,#13263,#13264,#13265));
#13267=FACE_BOUND('',#13266,.T.);
#13268=ADVANCED_FACE('',(#13267),#13261,.F.);
#13269=CARTESIAN_POINT('',(131.087241,-133.4825,0.));
#13270=DIRECTION('',(0.,0.,-1.));
#13271=DIRECTION('',(-1.,0.,0.));
#13272=AXIS2_PLACEMENT_3D('',#13269,#13270,#13271);
#13273=CYLINDRICAL_SURFACE('',#13272,0.5);
#13274=CARTESIAN_POINT('',(130.587241,-133.4825,-1.2));
#13275=DIRECTION('',(-0.,-0.,1.));
#13276=VECTOR('',#13275,1.2);
#13277=LINE('',#13274,#13276);
#13278=EDGE_CURVE('',#5054,#3101,#13277,.T.);
#13279=ORIENTED_EDGE('',*,*,#13278,.F.);
#13280=ORIENTED_EDGE('',*,*,#5060,.T.);
#13281=ORIENTED_EDGE('',*,*,#11131,.F.);
#13282=ORIENTED_EDGE('',*,*,#3116,.F.);
#13283=EDGE_LOOP('',(#13279,#13280,#13281,#13282));
#13284=FACE_BOUND('',#13283,.T.);
#13285=ADVANCED_FACE('',(#13284),#13273,.F.);
#13286=CARTESIAN_POINT('',(107.037241,-138.0075,0.));
#13287=DIRECTION('',(0.,0.,-1.));
#13288=DIRECTION('',(-1.,0.,0.));
#13289=AXIS2_PLACEMENT_3D('',#13286,#13287,#13288);
#13290=CYLINDRICAL_SURFACE('',#13289,0.5);
#13291=ORIENTED_EDGE('',*,*,#4814,.T.);
#13292=ORIENTED_EDGE('',*,*,#11402,.F.);
#13293=ORIENTED_EDGE('',*,*,#2931,.F.);
#13294=ORIENTED_EDGE('',*,*,#11468,.T.);
#13295=EDGE_LOOP('',(#13291,#13292,#13293,#13294));
#13296=FACE_BOUND('',#13295,.T.);
#13297=ADVANCED_FACE('',(#13296),#13290,.F.);
#13298=CARTESIAN_POINT('',(73.987241,-147.5325,0.));
#13299=DIRECTION('',(0.,0.,-1.));
#13300=DIRECTION('',(-1.,0.,0.));
#13301=AXIS2_PLACEMENT_3D('',#13298,#13299,#13300);
#13302=CYLINDRICAL_SURFACE('',#13301,0.5);
#13303=CARTESIAN_POINT('',(73.487241,-147.5325,-1.2));
#13304=DIRECTION('',(-0.,-0.,1.));
#13305=VECTOR('',#13304,1.2);
#13306=LINE('',#13303,#13305);
#13307=EDGE_CURVE('',#5503,#3180,#13306,.T.);
#13308=ORIENTED_EDGE('',*,*,#13307,.F.);
#13309=ORIENTED_EDGE('',*,*,#5509,.T.);
#13310=ORIENTED_EDGE('',*,*,#10691,.F.);
#13311=ORIENTED_EDGE('',*,*,#3195,.F.);
#13312=EDGE_LOOP('',(#13308,#13309,#13310,#13311));
#13313=FACE_BOUND('',#13312,.T.);
#13314=ADVANCED_FACE('',(#13313),#13302,.F.);
#13315=CARTESIAN_POINT('',(107.087241,-157.0075,0.));
#13316=DIRECTION('',(0.,0.,-1.));
#13317=DIRECTION('',(-1.,0.,0.));
#13318=AXIS2_PLACEMENT_3D('',#13315,#13316,#13317);
#13319=CYLINDRICAL_SURFACE('',#13318,0.5);
#13320=ORIENTED_EDGE('',*,*,#6123,.T.);
#13321=ORIENTED_EDGE('',*,*,#10192,.F.);
#13322=ORIENTED_EDGE('',*,*,#2755,.F.);
#13323=ORIENTED_EDGE('',*,*,#10163,.T.);
#13324=EDGE_LOOP('',(#13320,#13321,#13322,#13323));
#13325=FACE_BOUND('',#13324,.T.);
#13326=ADVANCED_FACE('',(#13325),#13319,.F.);
#13327=CARTESIAN_POINT('',(87.987241,-133.4325,0.));
#13328=DIRECTION('',(0.,0.,-1.));
#13329=DIRECTION('',(-1.,0.,0.));
#13330=AXIS2_PLACEMENT_3D('',#13327,#13328,#13329);
#13331=CYLINDRICAL_SURFACE('',#13330,0.5);
#13332=ORIENTED_EDGE('',*,*,#5466,.T.);
#13333=ORIENTED_EDGE('',*,*,#10735,.F.);
#13334=ORIENTED_EDGE('',*,*,#3152,.F.);
#13335=ORIENTED_EDGE('',*,*,#10713,.T.);
#13336=EDGE_LOOP('',(#13332,#13333,#13334,#13335));
#13337=FACE_BOUND('',#13336,.T.);
#13338=ADVANCED_FACE('',(#13337),#13331,.F.);
#13339=CARTESIAN_POINT('',(93.018107,-138.003694,0.));
#13340=DIRECTION('',(0.,0.,-1.));
#13341=DIRECTION('',(-1.,0.,0.));
#13342=AXIS2_PLACEMENT_3D('',#13339,#13340,#13341);
#13343=CYLINDRICAL_SURFACE('',#13342,0.5);
#13344=CARTESIAN_POINT('',(92.518107,-138.003694,-1.2));
#13345=DIRECTION('',(-0.,-0.,1.));
#13346=VECTOR('',#13345,1.2);
#13347=LINE('',#13344,#13346);
#13348=EDGE_CURVE('',#4782,#2942,#13347,.T.);
#13349=ORIENTED_EDGE('',*,*,#13348,.F.);
#13350=ORIENTED_EDGE('',*,*,#4788,.T.);
#13351=ORIENTED_EDGE('',*,*,#11424,.F.);
#13352=ORIENTED_EDGE('',*,*,#2957,.F.);
#13353=EDGE_LOOP('',(#13349,#13350,#13351,#13352));
#13354=FACE_BOUND('',#13353,.T.);
#13355=ADVANCED_FACE('',(#13354),#13343,.F.);
#13356=CARTESIAN_POINT('',(73.937241,-114.4325,0.));
#13357=DIRECTION('',(0.,0.,-1.));
#13358=DIRECTION('',(-1.,0.,0.));
#13359=AXIS2_PLACEMENT_3D('',#13356,#13357,#13358);
#13360=CYLINDRICAL_SURFACE('',#13359,0.5);
#13361=CARTESIAN_POINT('',(73.437241,-114.4325,-1.2));
#13362=DIRECTION('',(-0.,-0.,1.));
#13363=VECTOR('',#13362,1.2);
#13364=LINE('',#13361,#13363);
#13365=EDGE_CURVE('',#4394,#2644,#13364,.T.);
#13366=ORIENTED_EDGE('',*,*,#13365,.F.);
#13367=ORIENTED_EDGE('',*,*,#4400,.T.);
#13368=ORIENTED_EDGE('',*,*,#11871,.F.);
#13369=ORIENTED_EDGE('',*,*,#2659,.F.);
#13370=EDGE_LOOP('',(#13366,#13367,#13368,#13369));
#13371=FACE_BOUND('',#13370,.T.);
#13372=ADVANCED_FACE('',(#13371),#13360,.F.);
#13373=CARTESIAN_POINT('',(112.068107,-152.291194,0.));
#13374=DIRECTION('',(0.,0.,-1.));
#13375=DIRECTION('',(-1.,0.,0.));
#13376=AXIS2_PLACEMENT_3D('',#13373,#13374,#13375);
#13377=CYLINDRICAL_SURFACE('',#13376,0.5);
#13378=CARTESIAN_POINT('',(111.568107,-152.291194,-1.2));
#13379=DIRECTION('',(-0.,-0.,1.));
#13380=VECTOR('',#13379,1.2);
#13381=LINE('',#13378,#13380);
#13382=EDGE_CURVE('',#4975,#2828,#13381,.T.);
#13383=ORIENTED_EDGE('',*,*,#13382,.F.);
#13384=ORIENTED_EDGE('',*,*,#4981,.T.);
#13385=ORIENTED_EDGE('',*,*,#11263,.F.);
#13386=ORIENTED_EDGE('',*,*,#2843,.F.);
#13387=EDGE_LOOP('',(#13383,#13384,#13385,#13386));
#13388=FACE_BOUND('',#13387,.T.);
#13389=ADVANCED_FACE('',(#13388),#13377,.F.);
#13390=CARTESIAN_POINT('',(88.037241,-128.4325,0.));
#13391=DIRECTION('',(0.,0.,-1.));
#13392=DIRECTION('',(-1.,0.,0.));
#13393=AXIS2_PLACEMENT_3D('',#13390,#13391,#13392);
#13394=CYLINDRICAL_SURFACE('',#13393,0.5);
#13395=ORIENTED_EDGE('',*,*,#4366,.T.);
#13396=ORIENTED_EDGE('',*,*,#11922,.F.);
#13397=ORIENTED_EDGE('',*,*,#2693,.F.);
#13398=ORIENTED_EDGE('',*,*,#11893,.T.);
#13399=EDGE_LOOP('',(#13395,#13396,#13397,#13398));
#13400=FACE_BOUND('',#13399,.T.);
#13401=ADVANCED_FACE('',(#13400),#13394,.F.);
#13402=CARTESIAN_POINT('',(93.037241,-157.0575,0.));
#13403=DIRECTION('',(0.,0.,-1.));
#13404=DIRECTION('',(-1.,0.,0.));
#13405=AXIS2_PLACEMENT_3D('',#13402,#13403,#13404);
#13406=CYLINDRICAL_SURFACE('',#13405,0.5);
#13407=CARTESIAN_POINT('',(92.537241,-157.0575,-1.2));
#13408=DIRECTION('',(-0.,-0.,1.));
#13409=VECTOR('',#13408,1.2);
#13410=LINE('',#13407,#13409);
#13411=EDGE_CURVE('',#6091,#2766,#13410,.T.);
#13412=ORIENTED_EDGE('',*,*,#13411,.F.);
#13413=ORIENTED_EDGE('',*,*,#6097,.T.);
#13414=ORIENTED_EDGE('',*,*,#10214,.F.);
#13415=ORIENTED_EDGE('',*,*,#2781,.F.);
#13416=EDGE_LOOP('',(#13412,#13413,#13414,#13415));
#13417=FACE_BOUND('',#13416,.T.);
#13418=ADVANCED_FACE('',(#13417),#13406,.F.);
#13419=CARTESIAN_POINT('',(145.137241,-147.5325,0.));
#13420=DIRECTION('',(0.,0.,-1.));
#13421=DIRECTION('',(-1.,0.,0.));
#13422=AXIS2_PLACEMENT_3D('',#13419,#13420,#13421);
#13423=CYLINDRICAL_SURFACE('',#13422,0.5);
#13424=ORIENTED_EDGE('',*,*,#5026,.T.);
#13425=ORIENTED_EDGE('',*,*,#11175,.F.);
#13426=ORIENTED_EDGE('',*,*,#3064,.F.);
#13427=ORIENTED_EDGE('',*,*,#11153,.T.);
#13428=EDGE_LOOP('',(#13424,#13425,#13426,#13427));
#13429=FACE_BOUND('',#13428,.T.);
#13430=ADVANCED_FACE('',(#13429),#13423,.F.);
#13431=CARTESIAN_POINT('',(126.087241,-133.245,0.));
#13432=DIRECTION('',(0.,0.,-1.));
#13433=DIRECTION('',(-1.,0.,0.));
#13434=AXIS2_PLACEMENT_3D('',#13431,#13432,#13433);
#13435=CYLINDRICAL_SURFACE('',#13434,0.5);
#13436=ORIENTED_EDGE('',*,*,#5378,.T.);
#13437=ORIENTED_EDGE('',*,*,#10801,.F.);
#13438=ORIENTED_EDGE('',*,*,#2976,.F.);
#13439=ORIENTED_EDGE('',*,*,#10779,.T.);
#13440=EDGE_LOOP('',(#13436,#13437,#13438,#13439));
#13441=FACE_BOUND('',#13440,.T.);
#13442=ADVANCED_FACE('',(#13441),#13435,.F.);
#13443=CARTESIAN_POINT('',(107.087241,-123.9575,0.));
#13444=DIRECTION('',(0.,0.,-1.));
#13445=DIRECTION('',(-1.,0.,0.));
#13446=AXIS2_PLACEMENT_3D('',#13443,#13444,#13445);
#13447=CYLINDRICAL_SURFACE('',#13446,0.5);
#13448=ORIENTED_EDGE('',*,*,#4829,.T.);
#13449=ORIENTED_EDGE('',*,*,#11461,.F.);
#13450=ORIENTED_EDGE('',*,*,#2914,.F.);
#13451=ORIENTED_EDGE('',*,*,#11446,.T.);
#13452=EDGE_LOOP('',(#13448,#13449,#13450,#13451));
#13453=FACE_BOUND('',#13452,.T.);
#13454=ADVANCED_FACE('',(#13453),#13447,.F.);
#13455=CARTESIAN_POINT('',(92.987241,-123.9575,0.));
#13456=DIRECTION('',(0.,0.,-1.));
#13457=DIRECTION('',(-1.,0.,0.));
#13458=AXIS2_PLACEMENT_3D('',#13455,#13456,#13457);
#13459=CYLINDRICAL_SURFACE('',#13458,0.5);
#13460=CARTESIAN_POINT('',(92.487241,-123.9575,-1.2));
#13461=DIRECTION('',(-0.,-0.,1.));
#13462=VECTOR('',#13461,1.2);
#13463=LINE('',#13460,#13462);
#13464=EDGE_CURVE('',#4756,#2882,#13463,.T.);
#13465=ORIENTED_EDGE('',*,*,#13464,.F.);
#13466=ORIENTED_EDGE('',*,*,#4762,.T.);
#13467=ORIENTED_EDGE('',*,*,#11439,.F.);
#13468=ORIENTED_EDGE('',*,*,#2897,.F.);
#13469=EDGE_LOOP('',(#13465,#13466,#13467,#13468));
#13470=FACE_BOUND('',#13469,.T.);
#13471=ADVANCED_FACE('',(#13470),#13459,.F.);
#13472=CARTESIAN_POINT('',(126.133435,-138.225866,0.));
#13473=DIRECTION('',(0.,0.,-1.));
#13474=DIRECTION('',(-1.,0.,0.));
#13475=AXIS2_PLACEMENT_3D('',#13472,#13473,#13474);
#13476=CYLINDRICAL_SURFACE('',#13475,0.5);
#13477=ORIENTED_EDGE('',*,*,#4938,.T.);
#13478=ORIENTED_EDGE('',*,*,#11219,.F.);
#13479=ORIENTED_EDGE('',*,*,#2800,.F.);
#13480=ORIENTED_EDGE('',*,*,#11285,.T.);
#13481=EDGE_LOOP('',(#13477,#13478,#13479,#13480));
#13482=FACE_BOUND('',#13481,.T.);
#13483=ADVANCED_FACE('',(#13482),#13476,.F.);
#13484=CARTESIAN_POINT('',(92.987241,-143.0075,0.));
#13485=DIRECTION('',(0.,0.,-1.));
#13486=DIRECTION('',(-1.,0.,0.));
#13487=AXIS2_PLACEMENT_3D('',#13484,#13485,#13486);
#13488=CYLINDRICAL_SURFACE('',#13487,0.5);
#13489=CARTESIAN_POINT('',(92.487241,-143.0075,-1.2));
#13490=DIRECTION('',(-0.,-0.,1.));
#13491=VECTOR('',#13490,1.2);
#13492=LINE('',#13489,#13491);
#13493=EDGE_CURVE('',#6065,#2706,#13492,.T.);
#13494=ORIENTED_EDGE('',*,*,#13493,.F.);
#13495=ORIENTED_EDGE('',*,*,#6071,.T.);
#13496=ORIENTED_EDGE('',*,*,#10229,.F.);
#13497=ORIENTED_EDGE('',*,*,#2721,.F.);
#13498=EDGE_LOOP('',(#13494,#13495,#13496,#13497));
#13499=FACE_BOUND('',#13498,.T.);
#13500=ADVANCED_FACE('',(#13499),#13488,.F.);
#13501=CARTESIAN_POINT('',(73.987241,-128.4825,0.));
#13502=DIRECTION('',(0.,0.,-1.));
#13503=DIRECTION('',(-1.,0.,0.));
#13504=AXIS2_PLACEMENT_3D('',#13501,#13502,#13503);
#13505=CYLINDRICAL_SURFACE('',#13504,0.5);
#13506=CARTESIAN_POINT('',(73.487241,-128.4825,-1.2));
#13507=DIRECTION('',(-0.,-0.,1.));
#13508=VECTOR('',#13507,1.2);
#13509=LINE('',#13506,#13508);
#13510=EDGE_CURVE('',#4334,#2618,#13509,.T.);
#13511=ORIENTED_EDGE('',*,*,#13510,.F.);
#13512=ORIENTED_EDGE('',*,*,#4340,.T.);
#13513=ORIENTED_EDGE('',*,*,#11937,.F.);
#13514=ORIENTED_EDGE('',*,*,#2633,.F.);
#13515=EDGE_LOOP('',(#13511,#13512,#13513,#13514));
#13516=FACE_BOUND('',#13515,.T.);
#13517=ADVANCED_FACE('',(#13516),#13505,.F.);
#13518=CARTESIAN_POINT('',(93.004577,-118.940164,0.));
#13519=DIRECTION('',(0.,0.,-1.));
#13520=DIRECTION('',(-1.,0.,0.));
#13521=AXIS2_PLACEMENT_3D('',#13518,#13519,#13520);
#13522=CYLINDRICAL_SURFACE('',#13521,0.5);
#13523=CARTESIAN_POINT('',(92.504577,-118.940164,-1.2));
#13524=DIRECTION('',(-0.,-0.,1.));
#13525=VECTOR('',#13524,1.2);
#13526=LINE('',#13523,#13525);
#13527=EDGE_CURVE('',#4422,#2530,#13526,.T.);
#13528=ORIENTED_EDGE('',*,*,#13527,.F.);
#13529=ORIENTED_EDGE('',*,*,#4428,.T.);
#13530=ORIENTED_EDGE('',*,*,#11827,.F.);
#13531=ORIENTED_EDGE('',*,*,#2545,.F.);
#13532=EDGE_LOOP('',(#13528,#13529,#13530,#13531));
#13533=FACE_BOUND('',#13532,.T.);
#13534=ADVANCED_FACE('',(#13533),#13522,.F.);
#13535=CARTESIAN_POINT('',(164.237241,-152.245,0.));
#13536=DIRECTION('',(0.,0.,-1.));
#13537=DIRECTION('',(-1.,0.,0.));
#13538=AXIS2_PLACEMENT_3D('',#13535,#13536,#13537);
#13539=CYLINDRICAL_SURFACE('',#13538,0.5);
#13540=ORIENTED_EDGE('',*,*,#5668,.T.);
#13541=ORIENTED_EDGE('',*,*,#10588,.F.);
#13542=ORIENTED_EDGE('',*,*,#2517,.F.);
#13543=ORIENTED_EDGE('',*,*,#10559,.T.);
#13544=EDGE_LOOP('',(#13540,#13541,#13542,#13543));
#13545=FACE_BOUND('',#13544,.T.);
#13546=ADVANCED_FACE('',(#13545),#13539,.F.);
#13547=CARTESIAN_POINT('',(150.187241,-152.295,0.));
#13548=DIRECTION('',(0.,0.,-1.));
#13549=DIRECTION('',(-1.,0.,0.));
#13550=AXIS2_PLACEMENT_3D('',#13547,#13548,#13549);
#13551=CYLINDRICAL_SURFACE('',#13550,0.5);
#13552=CARTESIAN_POINT('',(149.687241,-152.295,-1.2));
#13553=DIRECTION('',(-0.,-0.,1.));
#13554=VECTOR('',#13553,1.2);
#13555=LINE('',#13552,#13554);
#13556=EDGE_CURVE('',#5636,#2442,#13555,.T.);
#13557=ORIENTED_EDGE('',*,*,#13556,.F.);
#13558=ORIENTED_EDGE('',*,*,#5642,.T.);
#13559=ORIENTED_EDGE('',*,*,#10515,.F.);
#13560=ORIENTED_EDGE('',*,*,#2457,.F.);
#13561=EDGE_LOOP('',(#13557,#13558,#13559,#13560));
#13562=FACE_BOUND('',#13561,.T.);
#13563=ADVANCED_FACE('',(#13562),#13551,.F.);
#13564=CARTESIAN_POINT('',(148.263107,-162.963806,0.));
#13565=DIRECTION('',(0.,0.,-1.));
#13566=DIRECTION('',(-1.,0.,0.));
#13567=AXIS2_PLACEMENT_3D('',#13564,#13565,#13566);
#13568=CYLINDRICAL_SURFACE('',#13567,0.5);
#13569=CARTESIAN_POINT('',(147.763107,-162.963806,-1.2));
#13570=DIRECTION('',(-0.,-0.,1.));
#13571=VECTOR('',#13570,1.2);
#13572=LINE('',#13569,#13571);
#13573=EDGE_CURVE('',#5784,#2380,#13572,.T.);
#13574=ORIENTED_EDGE('',*,*,#13573,.F.);
#13575=ORIENTED_EDGE('',*,*,#5790,.T.);
#13576=ORIENTED_EDGE('',*,*,#10500,.F.);
#13577=ORIENTED_EDGE('',*,*,#2395,.F.);
#13578=EDGE_LOOP('',(#13574,#13575,#13576,#13577));
#13579=FACE_BOUND('',#13578,.T.);
#13580=ADVANCED_FACE('',(#13579),#13568,.F.);
#13581=CARTESIAN_POINT('',(162.301375,-177.056194,0.));
#13582=DIRECTION('',(0.,0.,-1.));
#13583=DIRECTION('',(-1.,0.,0.));
#13584=AXIS2_PLACEMENT_3D('',#13581,#13582,#13583);
#13585=CYLINDRICAL_SURFACE('',#13584,0.5);
#13586=ORIENTED_EDGE('',*,*,#5756,.T.);
#13587=ORIENTED_EDGE('',*,*,#10456,.F.);
#13588=ORIENTED_EDGE('',*,*,#2429,.F.);
#13589=ORIENTED_EDGE('',*,*,#10434,.T.);
#13590=EDGE_LOOP('',(#13586,#13587,#13588,#13589));
#13591=FACE_BOUND('',#13590,.T.);
#13592=ADVANCED_FACE('',(#13591),#13585,.F.);
#13593=CARTESIAN_POINT('',(162.282241,-162.96,0.));
#13594=DIRECTION('',(0.,0.,-1.));
#13595=DIRECTION('',(-1.,0.,0.));
#13596=AXIS2_PLACEMENT_3D('',#13593,#13594,#13595);
#13597=CYLINDRICAL_SURFACE('',#13596,0.5);
#13598=ORIENTED_EDGE('',*,*,#5773,.T.);
#13599=ORIENTED_EDGE('',*,*,#10427,.F.);
#13600=ORIENTED_EDGE('',*,*,#2412,.F.);
#13601=ORIENTED_EDGE('',*,*,#10493,.T.);
#13602=EDGE_LOOP('',(#13598,#13599,#13600,#13601));
#13603=FACE_BOUND('',#13602,.T.);
#13604=ADVANCED_FACE('',(#13603),#13597,.F.);
#13605=CARTESIAN_POINT('',(148.236047,-177.029134,0.));
#13606=DIRECTION('',(0.,0.,-1.));
#13607=DIRECTION('',(-1.,0.,0.));
#13608=AXIS2_PLACEMENT_3D('',#13605,#13606,#13607);
#13609=CYLINDRICAL_SURFACE('',#13608,0.5);
#13610=CARTESIAN_POINT('',(147.736047,-177.029134,-1.2));
#13611=DIRECTION('',(-0.,-0.,1.));
#13612=VECTOR('',#13611,1.2);
#13613=LINE('',#13610,#13612);
#13614=EDGE_CURVE('',#5724,#2354,#13613,.T.);
#13615=ORIENTED_EDGE('',*,*,#13614,.F.);
#13616=ORIENTED_EDGE('',*,*,#5730,.T.);
#13617=ORIENTED_EDGE('',*,*,#10471,.F.);
#13618=ORIENTED_EDGE('',*,*,#2369,.F.);
#13619=EDGE_LOOP('',(#13615,#13616,#13617,#13618));
#13620=FACE_BOUND('',#13619,.T.);
#13621=ADVANCED_FACE('',(#13620),#13609,.F.);
#13622=CARTESIAN_POINT('',(150.187241,-100.095,0.));
#13623=DIRECTION('',(0.,0.,-1.));
#13624=DIRECTION('',(-1.,0.,0.));
#13625=AXIS2_PLACEMENT_3D('',#13622,#13623,#13624);
#13626=CYLINDRICAL_SURFACE('',#13625,0.5);
#13627=CARTESIAN_POINT('',(149.687241,-100.095,-1.2));
#13628=DIRECTION('',(-0.,-0.,1.));
#13629=VECTOR('',#13628,1.2);
#13630=LINE('',#13627,#13629);
#13631=EDGE_CURVE('',#5125,#2326,#13630,.T.);
#13632=ORIENTED_EDGE('',*,*,#13631,.F.);
#13633=ORIENTED_EDGE('',*,*,#5131,.T.);
#13634=ORIENTED_EDGE('',*,*,#11116,.F.);
#13635=ORIENTED_EDGE('',*,*,#2341,.F.);
#13636=EDGE_LOOP('',(#13632,#13633,#13634,#13635));
#13637=FACE_BOUND('',#13636,.T.);
#13638=ADVANCED_FACE('',(#13637),#13626,.F.);
#13639=CARTESIAN_POINT('',(164.237241,-100.145,0.));
#13640=DIRECTION('',(0.,0.,-1.));
#13641=DIRECTION('',(-1.,0.,0.));
#13642=AXIS2_PLACEMENT_3D('',#13639,#13640,#13641);
#13643=CYLINDRICAL_SURFACE('',#13642,0.5);
#13644=ORIENTED_EDGE('',*,*,#5114,.T.);
#13645=ORIENTED_EDGE('',*,*,#11043,.F.);
#13646=ORIENTED_EDGE('',*,*,#2272,.F.);
#13647=ORIENTED_EDGE('',*,*,#11109,.T.);
#13648=EDGE_LOOP('',(#13644,#13645,#13646,#13647));
#13649=FACE_BOUND('',#13648,.T.);
#13650=ADVANCED_FACE('',(#13649),#13643,.F.);
#13651=CARTESIAN_POINT('',(183.187241,-104.8575,0.));
#13652=DIRECTION('',(0.,0.,-1.));
#13653=DIRECTION('',(-1.,0.,0.));
#13654=AXIS2_PLACEMENT_3D('',#13651,#13652,#13653);
#13655=CYLINDRICAL_SURFACE('',#13654,0.5);
#13656=ORIENTED_EDGE('',*,*,#5269,.T.);
#13657=ORIENTED_EDGE('',*,*,#10999,.F.);
#13658=ORIENTED_EDGE('',*,*,#2210,.F.);
#13659=ORIENTED_EDGE('',*,*,#10984,.T.);
#13660=EDGE_LOOP('',(#13656,#13657,#13658,#13659));
#13661=FACE_BOUND('',#13660,.T.);
#13662=ADVANCED_FACE('',(#13661),#13655,.F.);
#13663=CARTESIAN_POINT('',(169.187241,-104.9575,0.));
#13664=DIRECTION('',(0.,0.,-1.));
#13665=DIRECTION('',(-1.,0.,0.));
#13666=AXIS2_PLACEMENT_3D('',#13663,#13664,#13665);
#13667=CYLINDRICAL_SURFACE('',#13666,0.5);
#13668=CARTESIAN_POINT('',(168.687241,-104.9575,-1.2));
#13669=DIRECTION('',(-0.,-0.,1.));
#13670=VECTOR('',#13669,1.2);
#13671=LINE('',#13668,#13670);
#13672=EDGE_CURVE('',#5196,#2178,#13671,.T.);
#13673=ORIENTED_EDGE('',*,*,#13672,.F.);
#13674=ORIENTED_EDGE('',*,*,#5202,.T.);
#13675=ORIENTED_EDGE('',*,*,#10977,.F.);
#13676=ORIENTED_EDGE('',*,*,#2193,.F.);
#13677=EDGE_LOOP('',(#13673,#13674,#13675,#13676));
#13678=FACE_BOUND('',#13677,.T.);
#13679=ADVANCED_FACE('',(#13678),#13667,.F.);
#13680=CARTESIAN_POINT('',(185.775000315,-145.133455983,-0.4));
#13681=DIRECTION('',(1.,0.,0.));
#13682=DIRECTION('',(0.,0.,-1.));
#13683=AXIS2_PLACEMENT_3D('',#13680,#13681,#13682);
#13684=PLANE('',#13683);
#13685=ORIENTED_EDGE('',*,*,#5826,.F.);
#13686=CARTESIAN_POINT('',(185.775000315,-123.897393148,-0.8));
#13687=VERTEX_POINT('',#13686);
#13688=CARTESIAN_POINT('',(185.775000315,-123.897393148,-1.2));
#13689=DIRECTION('',(-0.,-0.,1.));
#13690=VECTOR('',#13689,0.4);
#13691=LINE('',#13688,#13690);
#13692=EDGE_CURVE('',#5812,#13687,#13691,.T.);
#13693=ORIENTED_EDGE('',*,*,#13692,.T.);
#13694=CARTESIAN_POINT('',(185.775000315,-123.897393148,-0.8));
#13695=DIRECTION('',(0.,-1.,0.));
#13696=VECTOR('',#13695,43.472125671);
#13697=LINE('',#13694,#13696);
#13698=EDGE_CURVE('',#13687,#12606,#13697,.T.);
#13699=ORIENTED_EDGE('',*,*,#13698,.T.);
#13700=ORIENTED_EDGE('',*,*,#12631,.T.);
#13701=EDGE_LOOP('',(#13685,#13693,#13699,#13700));
#13702=FACE_BOUND('',#13701,.T.);
#13703=ADVANCED_FACE('',(#13702),#13684,.T.);
#13704=CARTESIAN_POINT('',(198.774995856,-122.897393148,-0.4));
#13705=DIRECTION('',(0.,1.,0.));
#13706=DIRECTION('',(0.,0.,1.));
#13707=AXIS2_PLACEMENT_3D('',#13704,#13705,#13706);
#13708=PLANE('',#13707);
#13709=CARTESIAN_POINT('',(186.775000315,-122.897393148,-0.8));
#13710=VERTEX_POINT('',#13709);
#13711=CARTESIAN_POINT('',(210.77499151,-122.897393148,-0.8));
#13712=VERTEX_POINT('',#13711);
#13713=CARTESIAN_POINT('',(186.775000315,-122.897393148,-0.8));
#13714=DIRECTION('',(1.,0.,-0.));
#13715=VECTOR('',#13714,23.999991195);
#13716=LINE('',#13713,#13715);
#13717=EDGE_CURVE('',#13710,#13712,#13716,.T.);
#13718=ORIENTED_EDGE('',*,*,#13717,.F.);
#13719=CARTESIAN_POINT('',(186.775000315,-122.897393148,-0.8));
#13720=DIRECTION('',(0.,0.,-1.));
#13721=VECTOR('',#13720,0.4);
#13722=LINE('',#13719,#13721);
#13723=EDGE_CURVE('',#13710,#5802,#13722,.T.);
#13724=ORIENTED_EDGE('',*,*,#13723,.T.);
#13725=ORIENTED_EDGE('',*,*,#5809,.T.);
#13726=CARTESIAN_POINT('',(210.77499151,-122.897393148,-1.2));
#13727=DIRECTION('',(-0.,-0.,1.));
#13728=VECTOR('',#13727,0.4);
#13729=LINE('',#13726,#13728);
#13730=EDGE_CURVE('',#5804,#13712,#13729,.T.);
#13731=ORIENTED_EDGE('',*,*,#13730,.T.);
#13732=EDGE_LOOP('',(#13718,#13724,#13725,#13731));
#13733=FACE_BOUND('',#13732,.T.);
#13734=ADVANCED_FACE('',(#13733),#13708,.F.);
#13735=CARTESIAN_POINT('',(211.774993919,-145.397393148,-0.4));
#13736=DIRECTION('',(1.,0.000000112,0.));
#13737=DIRECTION('',(-0.000000112,1.,0.));
#13738=AXIS2_PLACEMENT_3D('',#13735,#13736,#13737);
#13739=PLANE('',#13738);
#13740=ORIENTED_EDGE('',*,*,#5955,.T.);
#13741=CARTESIAN_POINT('',(211.774996328,-166.897393036,-0.8));
#13742=VERTEX_POINT('',#13741);
#13743=CARTESIAN_POINT('',(211.774996328,-166.897393036,-1.2));
#13744=DIRECTION('',(-0.,-0.,1.));
#13745=VECTOR('',#13744,0.4);
#13746=LINE('',#13743,#13745);
#13747=EDGE_CURVE('',#5941,#13742,#13746,.T.);
#13748=ORIENTED_EDGE('',*,*,#13747,.T.);
#13749=CARTESIAN_POINT('',(211.77499151,-123.897393036,-0.8));
#13750=VERTEX_POINT('',#13749);
#13751=CARTESIAN_POINT('',(211.77499151,-123.897393036,-0.8));
#13752=DIRECTION('',(0.000000112,-1.,0.));
#13753=VECTOR('',#13752,43.);
#13754=LINE('',#13751,#13753);
#13755=EDGE_CURVE('',#13750,#13742,#13754,.T.);
#13756=ORIENTED_EDGE('',*,*,#13755,.F.);
#13757=CARTESIAN_POINT('',(211.77499151,-123.897393036,-0.8));
#13758=DIRECTION('',(0.,0.,-1.));
#13759=VECTOR('',#13758,0.4);
#13760=LINE('',#13757,#13759);
#13761=EDGE_CURVE('',#13750,#5950,#13760,.T.);
#13762=ORIENTED_EDGE('',*,*,#13761,.T.);
#13763=EDGE_LOOP('',(#13740,#13748,#13756,#13762));
#13764=FACE_BOUND('',#13763,.T.);
#13765=ADVANCED_FACE('',(#13764),#13739,.F.);
#13766=CARTESIAN_POINT('',(198.854467811,-167.897393148,-0.4));
#13767=DIRECTION('',(0.,1.,0.));
#13768=DIRECTION('',(0.,0.,1.));
#13769=AXIS2_PLACEMENT_3D('',#13766,#13767,#13768);
#13770=PLANE('',#13769);
#13771=CARTESIAN_POINT('',(210.774996328,-167.897393148,-0.8));
#13772=VERTEX_POINT('',#13771);
#13773=CARTESIAN_POINT('',(185.933939181,-167.897393148,-0.8));
#13774=DIRECTION('',(1.,0.,-0.));
#13775=VECTOR('',#13774,24.841057147);
#13776=LINE('',#13773,#13775);
#13777=EDGE_CURVE('',#12608,#13772,#13776,.T.);
#13778=ORIENTED_EDGE('',*,*,#13777,.T.);
#13779=CARTESIAN_POINT('',(210.774996328,-167.897393148,-0.8));
#13780=DIRECTION('',(0.,0.,-1.));
#13781=VECTOR('',#13780,0.4);
#13782=LINE('',#13779,#13781);
#13783=EDGE_CURVE('',#13772,#5933,#13782,.T.);
#13784=ORIENTED_EDGE('',*,*,#13783,.T.);
#13785=ORIENTED_EDGE('',*,*,#5938,.F.);
#13786=ORIENTED_EDGE('',*,*,#12620,.F.);
#13787=EDGE_LOOP('',(#13778,#13784,#13785,#13786));
#13788=FACE_BOUND('',#13787,.T.);
#13789=ADVANCED_FACE('',(#13788),#13770,.T.);
#13790=CARTESIAN_POINT('',(0.,0.,-0.8));
#13791=DIRECTION('',(0.,0.,-1.));
#13792=DIRECTION('',(-1.,0.,0.));
#13793=AXIS2_PLACEMENT_3D('',#13790,#13791,#13792);
#13794=PLANE('',#13793);
#13795=ORIENTED_EDGE('',*,*,#13755,.T.);
#13796=CARTESIAN_POINT('',(210.774996328,-166.897393148,-0.8));
#13797=DIRECTION('',(0.,0.,-1.));
#13798=DIRECTION('',(-1.,0.,0.));
#13799=AXIS2_PLACEMENT_3D('',#13796,#13797,#13798);
#13800=CIRCLE('',#13799,1.);
#13801=EDGE_CURVE('',#13742,#13772,#13800,.T.);
#13802=ORIENTED_EDGE('',*,*,#13801,.T.);
#13803=ORIENTED_EDGE('',*,*,#13777,.F.);
#13804=ORIENTED_EDGE('',*,*,#12614,.F.);
#13805=ORIENTED_EDGE('',*,*,#13698,.F.);
#13806=CARTESIAN_POINT('',(186.775000315,-123.897393148,-0.8));
#13807=DIRECTION('',(0.,0.,-1.));
#13808=DIRECTION('',(-1.,0.,0.));
#13809=AXIS2_PLACEMENT_3D('',#13806,#13807,#13808);
#13810=CIRCLE('',#13809,1.);
#13811=EDGE_CURVE('',#13687,#13710,#13810,.T.);
#13812=ORIENTED_EDGE('',*,*,#13811,.T.);
#13813=ORIENTED_EDGE('',*,*,#13717,.T.);
#13814=CARTESIAN_POINT('',(210.77499151,-123.897393148,-0.8));
#13815=DIRECTION('',(0.,0.,-1.));
#13816=DIRECTION('',(-1.,0.,0.));
#13817=AXIS2_PLACEMENT_3D('',#13814,#13815,#13816);
#13818=CIRCLE('',#13817,1.);
#13819=EDGE_CURVE('',#13712,#13750,#13818,.T.);
#13820=ORIENTED_EDGE('',*,*,#13819,.T.);
#13821=EDGE_LOOP('',(#13795,#13802,#13803,#13804,#13805,#13812,#13813,#13820));
#13822=FACE_BOUND('',#13821,.T.);
#13823=ADVANCED_FACE('',(#13822),#13794,.T.);
#13824=CARTESIAN_POINT('',(210.77499151,-123.897393148,-0.4));
#13825=DIRECTION('',(0.,0.,1.));
#13826=DIRECTION('',(1.,0.,-0.));
#13827=AXIS2_PLACEMENT_3D('',#13824,#13825,#13826);
#13828=CYLINDRICAL_SURFACE('',#13827,1.);
#13829=ORIENTED_EDGE('',*,*,#13819,.F.);
#13830=ORIENTED_EDGE('',*,*,#13730,.F.);
#13831=ORIENTED_EDGE('',*,*,#5962,.F.);
#13832=ORIENTED_EDGE('',*,*,#13761,.F.);
#13833=EDGE_LOOP('',(#13829,#13830,#13831,#13832));
#13834=FACE_BOUND('',#13833,.T.);
#13835=ADVANCED_FACE('',(#13834),#13828,.F.);
#13836=CARTESIAN_POINT('',(186.775000315,-123.897393148,-0.4));
#13837=DIRECTION('',(0.,0.,-1.));
#13838=DIRECTION('',(-1.,0.,0.));
#13839=AXIS2_PLACEMENT_3D('',#13836,#13837,#13838);
#13840=CYLINDRICAL_SURFACE('',#13839,1.);
#13841=ORIENTED_EDGE('',*,*,#13811,.F.);
#13842=ORIENTED_EDGE('',*,*,#13692,.F.);
#13843=ORIENTED_EDGE('',*,*,#5818,.F.);
#13844=ORIENTED_EDGE('',*,*,#13723,.F.);
#13845=EDGE_LOOP('',(#13841,#13842,#13843,#13844));
#13846=FACE_BOUND('',#13845,.T.);
#13847=ADVANCED_FACE('',(#13846),#13840,.F.);
#13848=CARTESIAN_POINT('',(210.774996328,-166.897393148,-0.4));
#13849=DIRECTION('',(0.,0.,-1.));
#13850=DIRECTION('',(-1.,0.,0.));
#13851=AXIS2_PLACEMENT_3D('',#13848,#13849,#13850);
#13852=CYLINDRICAL_SURFACE('',#13851,1.);
#13853=ORIENTED_EDGE('',*,*,#13801,.F.);
#13854=ORIENTED_EDGE('',*,*,#13747,.F.);
#13855=ORIENTED_EDGE('',*,*,#5947,.F.);
#13856=ORIENTED_EDGE('',*,*,#13783,.F.);
#13857=EDGE_LOOP('',(#13853,#13854,#13855,#13856));
#13858=FACE_BOUND('',#13857,.T.);
#13859=ADVANCED_FACE('',(#13858),#13852,.F.);
#13860=CARTESIAN_POINT('',(168.228589,-177.699415,0.));
#13861=DIRECTION('',(0.,0.,-1.));
#13862=DIRECTION('',(-1.,0.,0.));
#13863=AXIS2_PLACEMENT_3D('',#13860,#13861,#13862);
#13864=CYLINDRICAL_SURFACE('',#13863,0.5);
#13865=ORIENTED_EDGE('',*,*,#12507,.T.);
#13866=ORIENTED_EDGE('',*,*,#3794,.F.);
#13867=ORIENTED_EDGE('',*,*,#10368,.T.);
#13868=ORIENTED_EDGE('',*,*,#5887,.T.);
#13869=EDGE_LOOP('',(#13865,#13866,#13867,#13868));
#13870=FACE_BOUND('',#13869,.T.);
#13871=ADVANCED_FACE('',(#13870),#13864,.F.);
#13872=CARTESIAN_POINT('',(171.834198,-164.123845,0.));
#13873=DIRECTION('',(0.,0.,-1.));
#13874=DIRECTION('',(-1.,0.,0.));
#13875=AXIS2_PLACEMENT_3D('',#13872,#13873,#13874);
#13876=CYLINDRICAL_SURFACE('',#13875,0.5);
#13877=ORIENTED_EDGE('',*,*,#12524,.T.);
#13878=ORIENTED_EDGE('',*,*,#3820,.F.);
#13879=ORIENTED_EDGE('',*,*,#10383,.T.);
#13880=ORIENTED_EDGE('',*,*,#5861,.T.);
#13881=EDGE_LOOP('',(#13877,#13878,#13879,#13880));
#13882=FACE_BOUND('',#13881,.T.);
#13883=ADVANCED_FACE('',(#13882),#13876,.F.);
#13884=CARTESIAN_POINT('',(169.187241,-143.0075,0.));
#13885=DIRECTION('',(0.,0.,-1.));
#13886=DIRECTION('',(-1.,0.,0.));
#13887=AXIS2_PLACEMENT_3D('',#13884,#13885,#13886);
#13888=CYLINDRICAL_SURFACE('',#13887,0.5);
#13889=ORIENTED_EDGE('',*,*,#12541,.T.);
#13890=ORIENTED_EDGE('',*,*,#3706,.F.);
#13891=ORIENTED_EDGE('',*,*,#10302,.T.);
#13892=ORIENTED_EDGE('',*,*,#6050,.T.);
#13893=EDGE_LOOP('',(#13889,#13890,#13891,#13892));
#13894=FACE_BOUND('',#13893,.T.);
#13895=ADVANCED_FACE('',(#13894),#13888,.F.);
#13896=CARTESIAN_POINT('',(194.296464,-171.142629,0.));
#13897=DIRECTION('',(0.,0.,-1.));
#13898=DIRECTION('',(-1.,0.,0.));
#13899=AXIS2_PLACEMENT_3D('',#13896,#13897,#13898);
#13900=CYLINDRICAL_SURFACE('',#13899,0.5);
#13901=ORIENTED_EDGE('',*,*,#12558,.T.);
#13902=ORIENTED_EDGE('',*,*,#3917,.F.);
#13903=ORIENTED_EDGE('',*,*,#12032,.T.);
#13904=ORIENTED_EDGE('',*,*,#4295,.T.);
#13905=EDGE_LOOP('',(#13901,#13902,#13903,#13904));
#13906=FACE_BOUND('',#13905,.T.);
#13907=ADVANCED_FACE('',(#13906),#13900,.F.);
#13908=CARTESIAN_POINT('',(187.435211,-183.425376,0.));
#13909=DIRECTION('',(0.,0.,-1.));
#13910=DIRECTION('',(-1.,0.,0.));
#13911=AXIS2_PLACEMENT_3D('',#13908,#13909,#13910);
#13912=CYLINDRICAL_SURFACE('',#13911,0.5);
#13913=ORIENTED_EDGE('',*,*,#12575,.T.);
#13914=ORIENTED_EDGE('',*,*,#3891,.F.);
#13915=ORIENTED_EDGE('',*,*,#12010,.T.);
#13916=ORIENTED_EDGE('',*,*,#4319,.T.);
#13917=EDGE_LOOP('',(#13913,#13914,#13915,#13916));
#13918=FACE_BOUND('',#13917,.T.);
#13919=ADVANCED_FACE('',(#13918),#13912,.F.);
#13920=CARTESIAN_POINT('',(199.723906,-190.268049,0.));
#13921=DIRECTION('',(0.,0.,-1.));
#13922=DIRECTION('',(-1.,0.,0.));
#13923=AXIS2_PLACEMENT_3D('',#13920,#13921,#13922);
#13924=CYLINDRICAL_SURFACE('',#13923,0.5);
#13925=ORIENTED_EDGE('',*,*,#12592,.T.);
#13926=ORIENTED_EDGE('',*,*,#3865,.F.);
#13927=ORIENTED_EDGE('',*,*,#11981,.T.);
#13928=ORIENTED_EDGE('',*,*,#4252,.T.);
#13929=EDGE_LOOP('',(#13925,#13926,#13927,#13928));
#13930=FACE_BOUND('',#13929,.T.);
#13931=ADVANCED_FACE('',(#13930),#13924,.F.);
#13932=CARTESIAN_POINT('',(181.769047,-181.33151,0.));
#13933=DIRECTION('',(0.,0.,-1.));
#13934=DIRECTION('',(-1.,0.,0.));
#13935=AXIS2_PLACEMENT_3D('',#13932,#13933,#13934);
#13936=CYLINDRICAL_SURFACE('',#13935,0.5);
#13937=ORIENTED_EDGE('',*,*,#12657,.T.);
#13938=ORIENTED_EDGE('',*,*,#3768,.F.);
#13939=ORIENTED_EDGE('',*,*,#10339,.T.);
#13940=ORIENTED_EDGE('',*,*,#5913,.T.);
#13941=EDGE_LOOP('',(#13937,#13938,#13939,#13940));
#13942=FACE_BOUND('',#13941,.T.);
#13943=ADVANCED_FACE('',(#13942),#13936,.F.);
#13944=CARTESIAN_POINT('',(169.187241,-157.0075,0.));
#13945=DIRECTION('',(0.,0.,-1.));
#13946=DIRECTION('',(-1.,0.,0.));
#13947=AXIS2_PLACEMENT_3D('',#13944,#13945,#13946);
#13948=CYLINDRICAL_SURFACE('',#13947,0.5);
#13949=ORIENTED_EDGE('',*,*,#12686,.T.);
#13950=ORIENTED_EDGE('',*,*,#3680,.F.);
#13951=ORIENTED_EDGE('',*,*,#10273,.T.);
#13952=ORIENTED_EDGE('',*,*,#5992,.T.);
#13953=EDGE_LOOP('',(#13949,#13950,#13951,#13952));
#13954=FACE_BOUND('',#13953,.T.);
#13955=ADVANCED_FACE('',(#13954),#13948,.F.);
#13956=CARTESIAN_POINT('',(169.187241,-118.9575,0.));
#13957=DIRECTION('',(0.,0.,-1.));
#13958=DIRECTION('',(-1.,0.,0.));
#13959=AXIS2_PLACEMENT_3D('',#13956,#13957,#13958);
#13960=CYLINDRICAL_SURFACE('',#13959,0.5);
#13961=ORIENTED_EDGE('',*,*,#12703,.T.);
#13962=ORIENTED_EDGE('',*,*,#2244,.F.);
#13963=ORIENTED_EDGE('',*,*,#11028,.T.);
#13964=ORIENTED_EDGE('',*,*,#5237,.T.);
#13965=EDGE_LOOP('',(#13961,#13962,#13963,#13964));
#13966=FACE_BOUND('',#13965,.T.);
#13967=ADVANCED_FACE('',(#13966),#13960,.F.);
#13968=CARTESIAN_POINT('',(150.141047,-114.164134,0.));
#13969=DIRECTION('',(0.,0.,-1.));
#13970=DIRECTION('',(-1.,0.,0.));
#13971=AXIS2_PLACEMENT_3D('',#13968,#13969,#13970);
#13972=CYLINDRICAL_SURFACE('',#13971,0.5);
#13973=ORIENTED_EDGE('',*,*,#12756,.T.);
#13974=ORIENTED_EDGE('',*,*,#2306,.F.);
#13975=ORIENTED_EDGE('',*,*,#11065,.T.);
#13976=ORIENTED_EDGE('',*,*,#5166,.T.);
#13977=EDGE_LOOP('',(#13973,#13974,#13975,#13976));
#13978=FACE_BOUND('',#13977,.T.);
#13979=ADVANCED_FACE('',(#13978),#13972,.F.);
#13980=CARTESIAN_POINT('',(150.137241,-119.195,0.));
#13981=DIRECTION('',(0.,0.,-1.));
#13982=DIRECTION('',(-1.,0.,0.));
#13983=AXIS2_PLACEMENT_3D('',#13980,#13981,#13982);
#13984=CYLINDRICAL_SURFACE('',#13983,0.5);
#13985=ORIENTED_EDGE('',*,*,#12797,.T.);
#13986=ORIENTED_EDGE('',*,*,#3635,.F.);
#13987=ORIENTED_EDGE('',*,*,#10654,.T.);
#13988=ORIENTED_EDGE('',*,*,#5597,.T.);
#13989=EDGE_LOOP('',(#13985,#13986,#13987,#13988));
#13990=FACE_BOUND('',#13989,.T.);
#13991=ADVANCED_FACE('',(#13990),#13984,.F.);
#13992=CARTESIAN_POINT('',(150.141047,-133.214134,0.));
#13993=DIRECTION('',(0.,0.,-1.));
#13994=DIRECTION('',(-1.,0.,0.));
#13995=AXIS2_PLACEMENT_3D('',#13992,#13993,#13994);
#13996=CYLINDRICAL_SURFACE('',#13995,0.5);
#13997=ORIENTED_EDGE('',*,*,#12814,.T.);
#13998=ORIENTED_EDGE('',*,*,#3609,.F.);
#13999=ORIENTED_EDGE('',*,*,#10632,.T.);
#14000=ORIENTED_EDGE('',*,*,#5621,.T.);
#14001=EDGE_LOOP('',(#13997,#13998,#13999,#14000));
#14002=FACE_BOUND('',#14001,.T.);
#14003=ADVANCED_FACE('',(#14002),#13996,.F.);
#14004=CARTESIAN_POINT('',(169.237241,-123.9075,0.));
#14005=DIRECTION('',(0.,0.,-1.));
#14006=DIRECTION('',(-1.,0.,0.));
#14007=AXIS2_PLACEMENT_3D('',#14004,#14005,#14006);
#14008=CYLINDRICAL_SURFACE('',#14007,0.5);
#14009=ORIENTED_EDGE('',*,*,#12855,.T.);
#14010=ORIENTED_EDGE('',*,*,#3530,.F.);
#14011=ORIENTED_EDGE('',*,*,#10896,.T.);
#14012=ORIENTED_EDGE('',*,*,#5357,.T.);
#14013=EDGE_LOOP('',(#14009,#14010,#14011,#14012));
#14014=FACE_BOUND('',#14013,.T.);
#14015=ADVANCED_FACE('',(#14014),#14008,.F.);
#14016=CARTESIAN_POINT('',(150.141047,-138.225866,0.));
#14017=DIRECTION('',(0.,0.,-1.));
#14018=DIRECTION('',(-1.,0.,0.));
#14019=AXIS2_PLACEMENT_3D('',#14016,#14017,#14018);
#14020=CYLINDRICAL_SURFACE('',#14019,0.5);
#14021=ORIENTED_EDGE('',*,*,#12872,.T.);
#14022=ORIENTED_EDGE('',*,*,#2474,.F.);
#14023=ORIENTED_EDGE('',*,*,#10522,.T.);
#14024=ORIENTED_EDGE('',*,*,#5709,.T.);
#14025=EDGE_LOOP('',(#14021,#14022,#14023,#14024));
#14026=FACE_BOUND('',#14025,.T.);
#14027=ADVANCED_FACE('',(#14026),#14020,.F.);
#14028=CARTESIAN_POINT('',(169.187241,-137.9575,0.));
#14029=DIRECTION('',(0.,0.,-1.));
#14030=DIRECTION('',(-1.,0.,0.));
#14031=AXIS2_PLACEMENT_3D('',#14028,#14029,#14030);
#14032=CYLINDRICAL_SURFACE('',#14031,0.5);
#14033=ORIENTED_EDGE('',*,*,#12913,.T.);
#14034=ORIENTED_EDGE('',*,*,#3504,.F.);
#14035=ORIENTED_EDGE('',*,*,#10867,.T.);
#14036=ORIENTED_EDGE('',*,*,#5299,.T.);
#14037=EDGE_LOOP('',(#14033,#14034,#14035,#14036));
#14038=FACE_BOUND('',#14037,.T.);
#14039=ADVANCED_FACE('',(#14038),#14032,.F.);
#14040=CARTESIAN_POINT('',(131.137241,-95.3325,0.));
#14041=DIRECTION('',(0.,0.,-1.));
#14042=DIRECTION('',(-1.,0.,0.));
#14043=AXIS2_PLACEMENT_3D('',#14040,#14041,#14042);
#14044=CYLINDRICAL_SURFACE('',#14043,0.5);
#14045=ORIENTED_EDGE('',*,*,#12954,.T.);
#14046=ORIENTED_EDGE('',*,*,#3442,.F.);
#14047=ORIENTED_EDGE('',*,*,#11680,.T.);
#14048=ORIENTED_EDGE('',*,*,#4671,.T.);
#14049=EDGE_LOOP('',(#14045,#14046,#14047,#14048));
#14050=FACE_BOUND('',#14049,.T.);
#14051=ADVANCED_FACE('',(#14050),#14044,.F.);
#14052=CARTESIAN_POINT('',(112.037241,-119.195,0.));
#14053=DIRECTION('',(0.,0.,-1.));
#14054=DIRECTION('',(-1.,0.,0.));
#14055=AXIS2_PLACEMENT_3D('',#14052,#14053,#14054);
#14056=CYLINDRICAL_SURFACE('',#14055,0.5);
#14057=ORIENTED_EDGE('',*,*,#12995,.T.);
#14058=ORIENTED_EDGE('',*,*,#3019,.F.);
#14059=ORIENTED_EDGE('',*,*,#10830,.T.);
#14060=ORIENTED_EDGE('',*,*,#5421,.T.);
#14061=EDGE_LOOP('',(#14057,#14058,#14059,#14060));
#14062=FACE_BOUND('',#14061,.T.);
#14063=ADVANCED_FACE('',(#14062),#14056,.F.);
#14064=CARTESIAN_POINT('',(112.041047,-114.164134,0.));
#14065=DIRECTION('',(0.,0.,-1.));
#14066=DIRECTION('',(-1.,0.,0.));
#14067=AXIS2_PLACEMENT_3D('',#14064,#14065,#14066);
#14068=CYLINDRICAL_SURFACE('',#14067,0.5);
#14069=ORIENTED_EDGE('',*,*,#13012,.T.);
#14070=ORIENTED_EDGE('',*,*,#3362,.F.);
#14071=ORIENTED_EDGE('',*,*,#11724,.T.);
#14072=ORIENTED_EDGE('',*,*,#4568,.T.);
#14073=EDGE_LOOP('',(#14069,#14070,#14071,#14072));
#14074=FACE_BOUND('',#14073,.T.);
#14075=ADVANCED_FACE('',(#14074),#14068,.F.);
#14076=CARTESIAN_POINT('',(93.037241,-104.8575,0.));
#14077=DIRECTION('',(0.,0.,-1.));
#14078=DIRECTION('',(-1.,0.,0.));
#14079=AXIS2_PLACEMENT_3D('',#14076,#14077,#14078);
#14080=CYLINDRICAL_SURFACE('',#14079,0.5);
#14081=ORIENTED_EDGE('',*,*,#13041,.T.);
#14082=ORIENTED_EDGE('',*,*,#2562,.F.);
#14083=ORIENTED_EDGE('',*,*,#11834,.T.);
#14084=ORIENTED_EDGE('',*,*,#4495,.T.);
#14085=EDGE_LOOP('',(#14081,#14082,#14083,#14084));
#14086=FACE_BOUND('',#14085,.T.);
#14087=ADVANCED_FACE('',(#14086),#14080,.F.);
#14088=CARTESIAN_POINT('',(112.037241,-100.145,0.));
#14089=DIRECTION('',(0.,0.,-1.));
#14090=DIRECTION('',(-1.,0.,0.));
#14091=AXIS2_PLACEMENT_3D('',#14088,#14089,#14090);
#14092=CYLINDRICAL_SURFACE('',#14091,0.5);
#14093=ORIENTED_EDGE('',*,*,#13070,.T.);
#14094=ORIENTED_EDGE('',*,*,#3388,.F.);
#14095=ORIENTED_EDGE('',*,*,#11739,.T.);
#14096=ORIENTED_EDGE('',*,*,#4542,.T.);
#14097=EDGE_LOOP('',(#14093,#14094,#14095,#14096));
#14098=FACE_BOUND('',#14097,.T.);
#14099=ADVANCED_FACE('',(#14098),#14092,.F.);
#14100=CARTESIAN_POINT('',(131.087241,-109.3825,0.));
#14101=DIRECTION('',(0.,0.,-1.));
#14102=DIRECTION('',(-1.,0.,0.));
#14103=AXIS2_PLACEMENT_3D('',#14100,#14101,#14102);
#14104=CYLINDRICAL_SURFACE('',#14103,0.5);
#14105=ORIENTED_EDGE('',*,*,#13099,.T.);
#14106=ORIENTED_EDGE('',*,*,#3416,.F.);
#14107=ORIENTED_EDGE('',*,*,#11651,.T.);
#14108=ORIENTED_EDGE('',*,*,#4613,.T.);
#14109=EDGE_LOOP('',(#14105,#14106,#14107,#14108));
#14110=FACE_BOUND('',#14109,.T.);
#14111=ADVANCED_FACE('',(#14110),#14104,.F.);
#14112=CARTESIAN_POINT('',(131.087241,-114.4325,0.));
#14113=DIRECTION('',(0.,0.,-1.));
#14114=DIRECTION('',(-1.,0.,0.));
#14115=AXIS2_PLACEMENT_3D('',#14112,#14113,#14114);
#14116=CYLINDRICAL_SURFACE('',#14115,0.5);
#14117=ORIENTED_EDGE('',*,*,#13116,.T.);
#14118=ORIENTED_EDGE('',*,*,#3266,.F.);
#14119=ORIENTED_EDGE('',*,*,#11336,.T.);
#14120=ORIENTED_EDGE('',*,*,#4917,.T.);
#14121=EDGE_LOOP('',(#14117,#14118,#14119,#14120));
#14122=FACE_BOUND('',#14121,.T.);
#14123=ADVANCED_FACE('',(#14122),#14116,.F.);
#14124=CARTESIAN_POINT('',(131.087241,-128.4325,0.));
#14125=DIRECTION('',(0.,0.,-1.));
#14126=DIRECTION('',(-1.,0.,0.));
#14127=AXIS2_PLACEMENT_3D('',#14124,#14125,#14126);
#14128=CYLINDRICAL_SURFACE('',#14127,0.5);
#14129=ORIENTED_EDGE('',*,*,#13157,.T.);
#14130=ORIENTED_EDGE('',*,*,#3240,.F.);
#14131=ORIENTED_EDGE('',*,*,#11307,.T.);
#14132=ORIENTED_EDGE('',*,*,#4859,.T.);
#14133=EDGE_LOOP('',(#14129,#14130,#14131,#14132));
#14134=FACE_BOUND('',#14133,.T.);
#14135=ADVANCED_FACE('',(#14134),#14128,.F.);
#14136=CARTESIAN_POINT('',(112.087241,-133.245,0.));
#14137=DIRECTION('',(0.,0.,-1.));
#14138=DIRECTION('',(-1.,0.,0.));
#14139=AXIS2_PLACEMENT_3D('',#14136,#14137,#14138);
#14140=CYLINDRICAL_SURFACE('',#14139,0.5);
#14141=ORIENTED_EDGE('',*,*,#13174,.T.);
#14142=ORIENTED_EDGE('',*,*,#2993,.F.);
#14143=ORIENTED_EDGE('',*,*,#10808,.T.);
#14144=ORIENTED_EDGE('',*,*,#5445,.T.);
#14145=EDGE_LOOP('',(#14141,#14142,#14143,#14144));
#14146=FACE_BOUND('',#14145,.T.);
#14147=ADVANCED_FACE('',(#14146),#14140,.F.);
#14148=CARTESIAN_POINT('',(112.068107,-138.198806,0.));
#14149=DIRECTION('',(0.,0.,-1.));
#14150=DIRECTION('',(-1.,0.,0.));
#14151=AXIS2_PLACEMENT_3D('',#14148,#14149,#14150);
#14152=CYLINDRICAL_SURFACE('',#14151,0.5);
#14153=ORIENTED_EDGE('',*,*,#13203,.T.);
#14154=ORIENTED_EDGE('',*,*,#2860,.F.);
#14155=ORIENTED_EDGE('',*,*,#11270,.T.);
#14156=ORIENTED_EDGE('',*,*,#4964,.T.);
#14157=EDGE_LOOP('',(#14153,#14154,#14155,#14156));
#14158=FACE_BOUND('',#14157,.T.);
#14159=ADVANCED_FACE('',(#14158),#14152,.F.);
#14160=CARTESIAN_POINT('',(131.118107,-147.528694,0.));
#14161=DIRECTION('',(0.,0.,-1.));
#14162=DIRECTION('',(-1.,0.,0.));
#14163=AXIS2_PLACEMENT_3D('',#14160,#14161,#14162);
#14164=CYLINDRICAL_SURFACE('',#14163,0.5);
#14165=ORIENTED_EDGE('',*,*,#13220,.T.);
#14166=ORIENTED_EDGE('',*,*,#3081,.F.);
#14167=ORIENTED_EDGE('',*,*,#11182,.T.);
#14168=ORIENTED_EDGE('',*,*,#5093,.T.);
#14169=EDGE_LOOP('',(#14165,#14166,#14167,#14168));
#14170=FACE_BOUND('',#14169,.T.);
#14171=ADVANCED_FACE('',(#14170),#14164,.F.);
#14172=CARTESIAN_POINT('',(73.937241,-133.4825,0.));
#14173=DIRECTION('',(0.,0.,-1.));
#14174=DIRECTION('',(-1.,0.,0.));
#14175=AXIS2_PLACEMENT_3D('',#14172,#14173,#14174);
#14176=CYLINDRICAL_SURFACE('',#14175,0.5);
#14177=ORIENTED_EDGE('',*,*,#13237,.T.);
#14178=ORIENTED_EDGE('',*,*,#3212,.F.);
#14179=ORIENTED_EDGE('',*,*,#10698,.T.);
#14180=ORIENTED_EDGE('',*,*,#5492,.T.);
#14181=EDGE_LOOP('',(#14177,#14178,#14179,#14180));
#14182=FACE_BOUND('',#14181,.T.);
#14183=ADVANCED_FACE('',(#14182),#14176,.F.);
#14184=CARTESIAN_POINT('',(131.087241,-133.4825,0.));
#14185=DIRECTION('',(0.,0.,-1.));
#14186=DIRECTION('',(-1.,0.,0.));
#14187=AXIS2_PLACEMENT_3D('',#14184,#14185,#14186);
#14188=CYLINDRICAL_SURFACE('',#14187,0.5);
#14189=ORIENTED_EDGE('',*,*,#13278,.T.);
#14190=ORIENTED_EDGE('',*,*,#3107,.F.);
#14191=ORIENTED_EDGE('',*,*,#11197,.T.);
#14192=ORIENTED_EDGE('',*,*,#5069,.T.);
#14193=EDGE_LOOP('',(#14189,#14190,#14191,#14192));
#14194=FACE_BOUND('',#14193,.T.);
#14195=ADVANCED_FACE('',(#14194),#14188,.F.);
#14196=CARTESIAN_POINT('',(73.987241,-147.5325,0.));
#14197=DIRECTION('',(0.,0.,-1.));
#14198=DIRECTION('',(-1.,0.,0.));
#14199=AXIS2_PLACEMENT_3D('',#14196,#14197,#14198);
#14200=CYLINDRICAL_SURFACE('',#14199,0.5);
#14201=ORIENTED_EDGE('',*,*,#13307,.T.);
#14202=ORIENTED_EDGE('',*,*,#3186,.F.);
#14203=ORIENTED_EDGE('',*,*,#10757,.T.);
#14204=ORIENTED_EDGE('',*,*,#5518,.T.);
#14205=EDGE_LOOP('',(#14201,#14202,#14203,#14204));
#14206=FACE_BOUND('',#14205,.T.);
#14207=ADVANCED_FACE('',(#14206),#14200,.F.);
#14208=CARTESIAN_POINT('',(93.018107,-138.003694,0.));
#14209=DIRECTION('',(0.,0.,-1.));
#14210=DIRECTION('',(-1.,0.,0.));
#14211=AXIS2_PLACEMENT_3D('',#14208,#14209,#14210);
#14212=CYLINDRICAL_SURFACE('',#14211,0.5);
#14213=ORIENTED_EDGE('',*,*,#13348,.T.);
#14214=ORIENTED_EDGE('',*,*,#2948,.F.);
#14215=ORIENTED_EDGE('',*,*,#11395,.T.);
#14216=ORIENTED_EDGE('',*,*,#4797,.T.);
#14217=EDGE_LOOP('',(#14213,#14214,#14215,#14216));
#14218=FACE_BOUND('',#14217,.T.);
#14219=ADVANCED_FACE('',(#14218),#14212,.F.);
#14220=CARTESIAN_POINT('',(73.937241,-114.4325,0.));
#14221=DIRECTION('',(0.,0.,-1.));
#14222=DIRECTION('',(-1.,0.,0.));
#14223=AXIS2_PLACEMENT_3D('',#14220,#14221,#14222);
#14224=CYLINDRICAL_SURFACE('',#14223,0.5);
#14225=ORIENTED_EDGE('',*,*,#13365,.T.);
#14226=ORIENTED_EDGE('',*,*,#2650,.F.);
#14227=ORIENTED_EDGE('',*,*,#11944,.T.);
#14228=ORIENTED_EDGE('',*,*,#4407,.T.);
#14229=EDGE_LOOP('',(#14225,#14226,#14227,#14228));
#14230=FACE_BOUND('',#14229,.T.);
#14231=ADVANCED_FACE('',(#14230),#14224,.F.);
#14232=CARTESIAN_POINT('',(112.068107,-152.291194,0.));
#14233=DIRECTION('',(0.,0.,-1.));
#14234=DIRECTION('',(-1.,0.,0.));
#14235=AXIS2_PLACEMENT_3D('',#14232,#14233,#14234);
#14236=CYLINDRICAL_SURFACE('',#14235,0.5);
#14237=ORIENTED_EDGE('',*,*,#13382,.T.);
#14238=ORIENTED_EDGE('',*,*,#2834,.F.);
#14239=ORIENTED_EDGE('',*,*,#11241,.T.);
#14240=ORIENTED_EDGE('',*,*,#4990,.T.);
#14241=EDGE_LOOP('',(#14237,#14238,#14239,#14240));
#14242=FACE_BOUND('',#14241,.T.);
#14243=ADVANCED_FACE('',(#14242),#14236,.F.);
#14244=CARTESIAN_POINT('',(93.037241,-157.0575,0.));
#14245=DIRECTION('',(0.,0.,-1.));
#14246=DIRECTION('',(-1.,0.,0.));
#14247=AXIS2_PLACEMENT_3D('',#14244,#14245,#14246);
#14248=CYLINDRICAL_SURFACE('',#14247,0.5);
#14249=ORIENTED_EDGE('',*,*,#13411,.T.);
#14250=ORIENTED_EDGE('',*,*,#2772,.F.);
#14251=ORIENTED_EDGE('',*,*,#10185,.T.);
#14252=ORIENTED_EDGE('',*,*,#6106,.T.);
#14253=EDGE_LOOP('',(#14249,#14250,#14251,#14252));
#14254=FACE_BOUND('',#14253,.T.);
#14255=ADVANCED_FACE('',(#14254),#14248,.F.);
#14256=CARTESIAN_POINT('',(92.987241,-123.9575,0.));
#14257=DIRECTION('',(0.,0.,-1.));
#14258=DIRECTION('',(-1.,0.,0.));
#14259=AXIS2_PLACEMENT_3D('',#14256,#14257,#14258);
#14260=CYLINDRICAL_SURFACE('',#14259,0.5);
#14261=ORIENTED_EDGE('',*,*,#13464,.T.);
#14262=ORIENTED_EDGE('',*,*,#2888,.F.);
#14263=ORIENTED_EDGE('',*,*,#11417,.T.);
#14264=ORIENTED_EDGE('',*,*,#4771,.T.);
#14265=EDGE_LOOP('',(#14261,#14262,#14263,#14264));
#14266=FACE_BOUND('',#14265,.T.);
#14267=ADVANCED_FACE('',(#14266),#14260,.F.);
#14268=CARTESIAN_POINT('',(92.987241,-143.0075,0.));
#14269=DIRECTION('',(0.,0.,-1.));
#14270=DIRECTION('',(-1.,0.,0.));
#14271=AXIS2_PLACEMENT_3D('',#14268,#14269,#14270);
#14272=CYLINDRICAL_SURFACE('',#14271,0.5);
#14273=ORIENTED_EDGE('',*,*,#13493,.T.);
#14274=ORIENTED_EDGE('',*,*,#2712,.F.);
#14275=ORIENTED_EDGE('',*,*,#10207,.T.);
#14276=ORIENTED_EDGE('',*,*,#6080,.T.);
#14277=EDGE_LOOP('',(#14273,#14274,#14275,#14276));
#14278=FACE_BOUND('',#14277,.T.);
#14279=ADVANCED_FACE('',(#14278),#14272,.F.);
#14280=CARTESIAN_POINT('',(73.987241,-128.4825,0.));
#14281=DIRECTION('',(0.,0.,-1.));
#14282=DIRECTION('',(-1.,0.,0.));
#14283=AXIS2_PLACEMENT_3D('',#14280,#14281,#14282);
#14284=CYLINDRICAL_SURFACE('',#14283,0.5);
#14285=ORIENTED_EDGE('',*,*,#13510,.T.);
#14286=ORIENTED_EDGE('',*,*,#2624,.F.);
#14287=ORIENTED_EDGE('',*,*,#11915,.T.);
#14288=ORIENTED_EDGE('',*,*,#4349,.T.);
#14289=EDGE_LOOP('',(#14285,#14286,#14287,#14288));
#14290=FACE_BOUND('',#14289,.T.);
#14291=ADVANCED_FACE('',(#14290),#14284,.F.);
#14292=CARTESIAN_POINT('',(93.004577,-118.940164,0.));
#14293=DIRECTION('',(0.,0.,-1.));
#14294=DIRECTION('',(-1.,0.,0.));
#14295=AXIS2_PLACEMENT_3D('',#14292,#14293,#14294);
#14296=CYLINDRICAL_SURFACE('',#14295,0.5);
#14297=ORIENTED_EDGE('',*,*,#13527,.T.);
#14298=ORIENTED_EDGE('',*,*,#2536,.F.);
#14299=ORIENTED_EDGE('',*,*,#11805,.T.);
#14300=ORIENTED_EDGE('',*,*,#4437,.T.);
#14301=EDGE_LOOP('',(#14297,#14298,#14299,#14300));
#14302=FACE_BOUND('',#14301,.T.);
#14303=ADVANCED_FACE('',(#14302),#14296,.F.);
#14304=CARTESIAN_POINT('',(150.187241,-152.295,0.));
#14305=DIRECTION('',(0.,0.,-1.));
#14306=DIRECTION('',(-1.,0.,0.));
#14307=AXIS2_PLACEMENT_3D('',#14304,#14305,#14306);
#14308=CYLINDRICAL_SURFACE('',#14307,0.5);
#14309=ORIENTED_EDGE('',*,*,#13556,.T.);
#14310=ORIENTED_EDGE('',*,*,#2448,.F.);
#14311=ORIENTED_EDGE('',*,*,#10581,.T.);
#14312=ORIENTED_EDGE('',*,*,#5651,.T.);
#14313=EDGE_LOOP('',(#14309,#14310,#14311,#14312));
#14314=FACE_BOUND('',#14313,.T.);
#14315=ADVANCED_FACE('',(#14314),#14308,.F.);
#14316=CARTESIAN_POINT('',(148.263107,-162.963806,0.));
#14317=DIRECTION('',(0.,0.,-1.));
#14318=DIRECTION('',(-1.,0.,0.));
#14319=AXIS2_PLACEMENT_3D('',#14316,#14317,#14318);
#14320=CYLINDRICAL_SURFACE('',#14319,0.5);
#14321=ORIENTED_EDGE('',*,*,#13573,.T.);
#14322=ORIENTED_EDGE('',*,*,#2386,.F.);
#14323=ORIENTED_EDGE('',*,*,#10478,.T.);
#14324=ORIENTED_EDGE('',*,*,#5797,.T.);
#14325=EDGE_LOOP('',(#14321,#14322,#14323,#14324));
#14326=FACE_BOUND('',#14325,.T.);
#14327=ADVANCED_FACE('',(#14326),#14320,.F.);
#14328=CARTESIAN_POINT('',(148.236047,-177.029134,0.));
#14329=DIRECTION('',(0.,0.,-1.));
#14330=DIRECTION('',(-1.,0.,0.));
#14331=AXIS2_PLACEMENT_3D('',#14328,#14329,#14330);
#14332=CYLINDRICAL_SURFACE('',#14331,0.5);
#14333=ORIENTED_EDGE('',*,*,#13614,.T.);
#14334=ORIENTED_EDGE('',*,*,#2360,.F.);
#14335=ORIENTED_EDGE('',*,*,#10449,.T.);
#14336=ORIENTED_EDGE('',*,*,#5739,.T.);
#14337=EDGE_LOOP('',(#14333,#14334,#14335,#14336));
#14338=FACE_BOUND('',#14337,.T.);
#14339=ADVANCED_FACE('',(#14338),#14332,.F.);
#14340=CARTESIAN_POINT('',(150.187241,-100.095,0.));
#14341=DIRECTION('',(0.,0.,-1.));
#14342=DIRECTION('',(-1.,0.,0.));
#14343=AXIS2_PLACEMENT_3D('',#14340,#14341,#14342);
#14344=CYLINDRICAL_SURFACE('',#14343,0.5);
#14345=ORIENTED_EDGE('',*,*,#13631,.T.);
#14346=ORIENTED_EDGE('',*,*,#2332,.F.);
#14347=ORIENTED_EDGE('',*,*,#11087,.T.);
#14348=ORIENTED_EDGE('',*,*,#5140,.T.);
#14349=EDGE_LOOP('',(#14345,#14346,#14347,#14348));
#14350=FACE_BOUND('',#14349,.T.);
#14351=ADVANCED_FACE('',(#14350),#14344,.F.);
#14352=CARTESIAN_POINT('',(169.187241,-104.9575,0.));
#14353=DIRECTION('',(0.,0.,-1.));
#14354=DIRECTION('',(-1.,0.,0.));
#14355=AXIS2_PLACEMENT_3D('',#14352,#14353,#14354);
#14356=CYLINDRICAL_SURFACE('',#14355,0.5);
#14357=ORIENTED_EDGE('',*,*,#13672,.T.);
#14358=ORIENTED_EDGE('',*,*,#2184,.F.);
#14359=ORIENTED_EDGE('',*,*,#10955,.T.);
#14360=ORIENTED_EDGE('',*,*,#5211,.T.);
#14361=EDGE_LOOP('',(#14357,#14358,#14359,#14360));
#14362=FACE_BOUND('',#14361,.T.);
#14363=ADVANCED_FACE('',(#14362),#14356,.F.);
#14364=CLOSED_SHELL('',(#84,#117,#157,#197,#230,#261,#301,#334,#365,#405,#445,#485,#536,#567,#607,#647,#1212,#1261,#1310,#1328,#1346,#1410,#1435,#1459,#1484,#1501,
#1519,#1544,#1568,#1593,#1617,#1641,#1665,#1689,#1707,#1725,#1760,#1778,#1813,#1863,#4023,#4054,#4085,#6142,#6173,#6204,#6222,#6240,#6258,#6276,#6309,
#6336,#6354,#6372,#6403,#6427,#6458,#6489,#6520,#6544,#6575,#6606,#6637,#6661,#6686,#6704,#6722,#6740,#6758,#6776,#6794,#6828,#6860,#6884,#6909,#6933,
#6958,#6982,#7007,#7031,#7065,#7098,#7126,#7288,#7328,#7361,#7392,#7425,#7456,#7489,#7520,#7553,#7584,#7615,#7648,#7679,#7712,#7743,#7776,#7947,#7980,
#8011,#8044,#8075,#8108,#8139,#8172,#8203,#8236,#8267,#8300,#8331,#8364,#8395,#8428,#8459,#8490,#8521,#8552,#8569,#8593,#8620,#8637,#8664,#8681,#8705,
#8787,#8811,#8829,#8847,#8865,#8889,#8907,#8925,#8943,#8961,#8979,#9003,#9021,#9039,#9057,#9081,#9105,#9129,#9153,#9177,#9195,#9219,#9237,#9255,#9273,
#9291,#9309,#9327,#9351,#9369,#9387,#9405,#9423,#9441,#9459,#9477,#9489,#9520,#9545,#9569,#9594,#9618,#9643,#9667,#9685,#9716,#9747,#9778,#9809,#9827,
#9845,#9863,#9881,#9903,#9920,#9937,#9954,#9971,#9988,#10005,#10017,#10039,#10056,#10073,#10090,#10107,#10124,#10141,#10153,#10175,#10197,#10219,#10241,#10263,#10285,
#10307,#10329,#10351,#10373,#10395,#10417,#10439,#10461,#10483,#10505,#10527,#10549,#10571,#10593,#10615,#10637,#10659,#10681,#10703,#10725,#10747,#10769,#10791,#10813,#10835,
#10857,#10879,#10901,#10923,#10945,#10967,#10989,#11011,#11033,#11055,#11077,#11099,#11121,#11143,#11165,#11187,#11209,#11231,#11253,#11275,#11297,#11319,#11341,#11363,#11385,
#11407,#11429,#11451,#11473,#11495,#11512,#11529,#11546,#11563,#11580,#11597,#11619,#11641,#11663,#11685,#11707,#11729,#11751,#11773,#11795,#11817,#11839,#11861,#11883,#11905,
#11927,#11949,#11971,#11993,#12015,#12037,#12049,#12100,#12134,#12148,#12158,#12209,#12243,#12257,#12267,#12318,#12352,#12366,#12376,#12427,#12461,#12475,#12485,#12497,#12514,
#12531,#12548,#12565,#12582,#12599,#12635,#12647,#12664,#12676,#12693,#12710,#12722,#12734,#12746,#12763,#12775,#12787,#12804,#12821,#12833,#12845,#12862,#12879,#12891,#12903,
#12920,#12932,#12944,#12961,#12973,#12985,#13002,#13019,#13031,#13048,#13060,#13077,#13089,#13106,#13123,#13135,#13147,#13164,#13181,#13193,#13210,#13227,#13244,#13256,#13268,
#13285,#13297,#13314,#13326,#13338,#13355,#13372,#13389,#13401,#13418,#13430,#13442,#13454,#13471,#13483,#13500,#13517,#13534,#13546,#13563,#13580,#13592,#13604,#13621,#13638,
#13650,#13662,#13679,#13703,#13734,#13765,#13789,#13823,#13835,#13847,#13859,#13871,#13883,#13895,#13907,#13919,#13931,#13943,#13955,#13967,#13979,#13991,#14003,#14015,#14027,
#14039,#14051,#14063,#14075,#14087,#14099,#14111,#14123,#14135,#14147,#14159,#14171,#14183,#14195,#14207,#14219,#14231,#14243,#14255,#14267,#14279,#14291,#14303,#14315,#14327,
#14339,#14351,#14363));
#14365=MANIFOLD_SOLID_BREP('Body 1319',#14364);
#14366=COLOUR_RGB('',0.627451003,0.627451003,0.643137276);
#14367=FILL_AREA_STYLE_COLOUR('',#14366);
#14368=FILL_AREA_STYLE('',(#14367));
#14369=SURFACE_STYLE_FILL_AREA(#14368);
#14370=SURFACE_SIDE_STYLE('',(#14369));
#14371=SURFACE_STYLE_USAGE(.BOTH.,#14370);
#14372=PRESENTATION_STYLE_ASSIGNMENT((#14371));
#26=STYLED_ITEM('',(#14372),#14365);
#16=SHAPE_REPRESENTATION('root',(#15),#10);
#17=ADVANCED_BREP_SHAPE_REPRESENTATION('root',(#14365),#10);
#14380=SHAPE_REPRESENTATION_RELATIONSHIP('','',#16,#17);
#14381=CARTESIAN_POINT('',(0.,0.,0.));
#14382=DIRECTION('',(0.,0.,1.));
#14383=DIRECTION('',(1.,0.,0.));
#14384=AXIS2_PLACEMENT_3D('',#14381,#14382,#14383);
#14386=MAPPED_ITEM('',#14385,#14384);
#14385=REPRESENTATION_MAP(#14384,#16);
#14387=APPLICATION_CONTEXT('Managed model based 3d engineering');
#14388=APPLICATION_PROTOCOL_DEFINITION('international standard','ap242_managed_model_based_3d_engineering',2014,#14387);
#14389=PRODUCT_CONTEXT('',#14387,'mechanical');
#14390=PRODUCT_DEFINITION_CONTEXT('part definition',#14387,'design');
#24=PRODUCT('root','root','',(#14389));
#14391=PRODUCT_RELATED_PRODUCT_CATEGORY('part','',(#24));
#14392=PRODUCT_DEFINITION_FORMATION_WITH_SPECIFIED_SOURCE('','',#24,.NOT_KNOWN.);
#25=PRODUCT_DEFINITION('design','',#14392,#14390);
#23=PRODUCT_DEFINITION_SHAPE('','',#25);
#14393=SHAPE_DEFINITION_REPRESENTATION(#23,#16);
#11=DRAUGHTING_MODEL('',(#14386),#10);
#14394=DESCRIPTIVE_REPRESENTATION_ITEM('KEY','/Users/will/Library/Containers/com.shapr3d.shapr/Data/tmp/B10CA97B-1C42-45A1-8823-D962BB32E68D.tmp');
#14395=PROPERTY_DEFINITION('KEY','',#25);
#14396=REPRESENTATION('',(#14394),#10);
#14397=PROPERTY_DEFINITION_REPRESENTATION(#14395,#14396);
#14398=GENERAL_PROPERTY('','KEY','');
#14399=GENERAL_PROPERTY_ASSOCIATION('','',#14398,#14395);
#1=MECHANICAL_DESIGN_GEOMETRIC_PRESENTATION_REPRESENTATION('',(#26),#10);
ENDSEC;
END-ISO-10303-21;
