ISO-10303-21;
HEADER;

/* File generated by Shapr3D Version 26.121.0.11316 */

FILE_DESCRIPTION(('HOOPS Exchange Step'),'2;1');

FILE_NAME('/Users/will/Library/Containers/com.shapr3d.shapr/Data/tmp/export/temp_export',
'2026-08-23T17:49:49-03:00',
('will'),
('Shapr3D Limited'),
'HOOPS Exchange 2026.3',
'Shapr3D',
'Authorized');

FILE_SCHEMA( ('AP242_MANAGED_MODEL_BASED_3D_ENGINEERING_MIM_LF {1 0 10303 442 1 1 4}') );

ENDSEC;

DATA;
#3=(NAMED_UNIT(*)PLANE_ANGLE_UNIT()SI_UNIT($,.RADIAN.));
#4=PLANE_ANGLE_MEASURE_WITH_UNIT(PLANE_ANGLE_MEASURE(0.0174532925),#3);
#5=(CONVERSION_BASED_UNIT('DEGREE',#4)NAMED_UNIT(#6)PLANE_ANGLE_UNIT());
#6=DIMENSIONAL_EXPONENTS(0.,0.,0.,0.,0.,0.,0.);
#7=(NAMED_UNIT(*)SI_UNIT($,.STERADIAN.)SOLID_ANGLE_UNIT());
#8=(LENGTH_UNIT()NAMED_UNIT(*)SI_UNIT(.MILLI.,.METRE.));
#9=UNCERTAINTY_MEASURE_WITH_UNIT(LENGTH_MEASURE(1.000000E-03),#8,'DISTANCE_ACCURACY_VALUE','Maximum Tolerance applied to model');
#10=(GEOMETRIC_REPRESENTATION_CONTEXT(3)GLOBAL_UNCERTAINTY_ASSIGNED_CONTEXT((#9))GLOBAL_UNIT_ASSIGNED_CONTEXT((#8,#5,#7))REPRESENTATION_CONTEXT('','root'));
#12=CARTESIAN_POINT('',(0.,0.,0.));
#13=DIRECTION('',(0.,0.,1.));
#14=DIRECTION('',(1.,0.,0.));
#15=AXIS2_PLACEMENT_3D('TS3D_PRODUCT_CSYS',#12,#13,#14);
#26=(NAMED_UNIT(*)PLANE_ANGLE_UNIT()SI_UNIT($,.RADIAN.));
#27=PLANE_ANGLE_MEASURE_WITH_UNIT(PLANE_ANGLE_MEASURE(0.0174532925),#26);
#28=(CONVERSION_BASED_UNIT('DEGREE',#27)NAMED_UNIT(#29)PLANE_ANGLE_UNIT());
#29=DIMENSIONAL_EXPONENTS(0.,0.,0.,0.,0.,0.,0.);
#30=(NAMED_UNIT(*)SI_UNIT($,.STERADIAN.)SOLID_ANGLE_UNIT());
#31=(LENGTH_UNIT()NAMED_UNIT(*)SI_UNIT(.MILLI.,.METRE.));
#32=UNCERTAINTY_MEASURE_WITH_UNIT(LENGTH_MEASURE(1.000000E-05),#31,'DISTANCE_ACCURACY_VALUE','Maximum Tolerance applied to model');
#33=(GEOMETRIC_REPRESENTATION_CONTEXT(3)GLOBAL_UNCERTAINTY_ASSIGNED_CONTEXT((#32))GLOBAL_UNIT_ASSIGNED_CONTEXT((#31,#28,#30))REPRESENTATION_CONTEXT('','Left'));
#45=CARTESIAN_POINT('',(0.,0.,0.));
#46=DIRECTION('',(0.,0.,1.));
#47=DIRECTION('',(1.,0.,-0.));
#48=AXIS2_PLACEMENT_3D('',#45,#46,#47);
#49=ITEM_DEFINED_TRANSFORMATION('','',#48,#15);
#50=(REPRESENTATION_RELATIONSHIP('','',#35,#16)REPRESENTATION_RELATIONSHIP_WITH_TRANSFORMATION(#49)SHAPE_REPRESENTATION_RELATIONSHIP());
#51=NEXT_ASSEMBLY_USAGE_OCCURRENCE('Left_1','Left','Left',#25,#44,$);
#52=PRODUCT_DEFINITION_SHAPE('','',#51);
#53=CONTEXT_DEPENDENT_SHAPE_REPRESENTATION(#50,#52);
#55=CARTESIAN_POINT('',(123.141840353,-153.021334752,-8.3));
#56=DIRECTION('',(0.,0.,-1.));
#57=DIRECTION('',(-1.,0.,0.));
#58=AXIS2_PLACEMENT_3D('',#55,#56,#57);
#59=PLANE('',#58);
#60=CARTESIAN_POINT('',(142.08,-170.9025,-8.3));
#61=VERTEX_POINT('',#60);
#62=CARTESIAN_POINT('',(142.83,-170.9025,-8.3));
#63=DIRECTION('',(0.,0.,-1.));
#64=DIRECTION('',(-1.,0.,0.));
#65=AXIS2_PLACEMENT_3D('',#62,#63,#64);
#66=CIRCLE('',#65,0.75);
#67=EDGE_CURVE('',#61,#61,#66,.T.);
#68=ORIENTED_EDGE('',*,*,#67,.F.);
#69=EDGE_LOOP('',(#68));
#70=FACE_BOUND('',#69,.T.);
#71=CARTESIAN_POINT('',(78.358035298,-147.520376589,-8.3));
#72=VERTEX_POINT('',#71);
#73=CARTESIAN_POINT('',(80.958035298,-147.520376589,-8.3));
#74=DIRECTION('',(0.,0.,-1.));
#75=DIRECTION('',(-1.,0.,0.));
#76=AXIS2_PLACEMENT_3D('',#73,#74,#75);
#77=CIRCLE('',#76,2.6);
#78=EDGE_CURVE('',#72,#72,#77,.T.);
#79=ORIENTED_EDGE('',*,*,#78,.F.);
#80=EDGE_LOOP('',(#79));
#81=FACE_BOUND('',#80,.T.);
#82=CARTESIAN_POINT('',(78.358035298,-114.370376589,-8.3));
#83=VERTEX_POINT('',#82);
#84=CARTESIAN_POINT('',(80.958035298,-114.370376589,-8.3));
#85=DIRECTION('',(0.,0.,-1.));
#86=DIRECTION('',(-1.,0.,0.));
#87=AXIS2_PLACEMENT_3D('',#84,#85,#86);
#88=CIRCLE('',#87,2.6);
#89=EDGE_CURVE('',#83,#83,#88,.T.);
#90=ORIENTED_EDGE('',*,*,#89,.F.);
#91=EDGE_LOOP('',(#90));
#92=FACE_BOUND('',#91,.T.);
#93=CARTESIAN_POINT('',(197.325560641,-174.630770385,-8.3));
#94=VERTEX_POINT('',#93);
#95=CARTESIAN_POINT('',(199.925560641,-174.630770385,-8.3));
#96=DIRECTION('',(0.,0.,-1.));
#97=DIRECTION('',(-1.,0.,0.));
#98=AXIS2_PLACEMENT_3D('',#95,#96,#97);
#99=CIRCLE('',#98,2.6);
#100=EDGE_CURVE('',#94,#94,#99,.T.);
#101=ORIENTED_EDGE('',*,*,#100,.F.);
#102=EDGE_LOOP('',(#101));
#103=FACE_BOUND('',#102,.T.);
#104=CARTESIAN_POINT('',(196.088494588,-117.561625589,-8.3));
#105=VERTEX_POINT('',#104);
#106=CARTESIAN_POINT('',(198.688494588,-117.561625589,-8.3));
#107=DIRECTION('',(0.,0.,-1.));
#108=DIRECTION('',(-1.,0.,0.));
#109=AXIS2_PLACEMENT_3D('',#106,#107,#108);
#110=CIRCLE('',#109,2.6);
#111=EDGE_CURVE('',#105,#105,#110,.T.);
#112=ORIENTED_EDGE('',*,*,#111,.F.);
#113=EDGE_LOOP('',(#112));
#114=FACE_BOUND('',#113,.T.);
#115=CARTESIAN_POINT('',(87.950794298,-139.190376589,-8.3));
#116=VERTEX_POINT('',#115);
#117=CARTESIAN_POINT('',(90.550794298,-139.190376589,-8.3));
#118=DIRECTION('',(0.,0.,-1.));
#119=DIRECTION('',(-1.,0.,0.));
#120=AXIS2_PLACEMENT_3D('',#117,#118,#119);
#121=CIRCLE('',#120,2.6);
#122=EDGE_CURVE('',#116,#116,#121,.T.);
#123=ORIENTED_EDGE('',*,*,#122,.F.);
#124=EDGE_LOOP('',(#123));
#125=FACE_BOUND('',#124,.T.);
#126=CARTESIAN_POINT('',(164.650794298,-162.040376589,-8.3));
#127=VERTEX_POINT('',#126);
#128=CARTESIAN_POINT('',(167.250794298,-162.040376589,-8.3));
#129=DIRECTION('',(0.,0.,-1.));
#130=DIRECTION('',(-1.,0.,0.));
#131=AXIS2_PLACEMENT_3D('',#128,#129,#130);
#132=CIRCLE('',#131,2.6);
#133=EDGE_CURVE('',#127,#127,#132,.T.);
#134=ORIENTED_EDGE('',*,*,#133,.F.);
#135=EDGE_LOOP('',(#134));
#136=FACE_BOUND('',#135,.T.);
#137=CARTESIAN_POINT('',(87.950794298,-119.940376589,-8.3));
#138=VERTEX_POINT('',#137);
#139=CARTESIAN_POINT('',(90.550794298,-119.940376589,-8.3));
#140=DIRECTION('',(0.,0.,-1.));
#141=DIRECTION('',(-1.,0.,0.));
#142=AXIS2_PLACEMENT_3D('',#139,#140,#141);
#143=CIRCLE('',#142,2.6);
#144=EDGE_CURVE('',#138,#138,#143,.T.);
#145=ORIENTED_EDGE('',*,*,#144,.F.);
#146=EDGE_LOOP('',(#145));
#147=FACE_BOUND('',#146,.T.);
#148=CARTESIAN_POINT('',(145.000794298,-100.140376589,-8.3));
#149=VERTEX_POINT('',#148);
#150=CARTESIAN_POINT('',(147.600794298,-100.140376589,-8.3));
#151=DIRECTION('',(0.,0.,-1.));
#152=DIRECTION('',(-1.,0.,0.));
#153=AXIS2_PLACEMENT_3D('',#150,#151,#152);
#154=CIRCLE('',#153,2.6);
#155=EDGE_CURVE('',#149,#149,#154,.T.);
#156=ORIENTED_EDGE('',*,*,#155,.F.);
#157=EDGE_LOOP('',(#156));
#158=FACE_BOUND('',#157,.T.);
#159=CARTESIAN_POINT('',(127.534673439,-163.084517354,-8.3));
#160=VERTEX_POINT('',#159);
#161=CARTESIAN_POINT('',(142.306534288,-180.689974159,-8.3));
#162=VERTEX_POINT('',#161);
#163=CARTESIAN_POINT('',(127.534673439,-163.084517354,-8.3));
#164=DIRECTION('',(0.642765357,-0.766063115,0.));
#165=VECTOR('',#164,22.98173149);
#166=LINE('',#163,#165);
#167=EDGE_CURVE('',#160,#162,#166,.T.);
#168=ORIENTED_EDGE('',*,*,#167,.F.);
#169=CARTESIAN_POINT('',(126.228413925,-162.475375589,-8.3));
#170=VERTEX_POINT('',#169);
#171=CARTESIAN_POINT('',(126.115204493,-164.423304246,-8.3));
#172=DIRECTION('',(0.,0.,-1.));
#173=DIRECTION('',(-1.,0.,0.));
#174=AXIS2_PLACEMENT_3D('',#171,#172,#173);
#175=CIRCLE('',#174,1.951215629);
#176=EDGE_CURVE('',#170,#160,#175,.T.);
#177=ORIENTED_EDGE('',*,*,#176,.F.);
#178=CARTESIAN_POINT('',(73.358035298,-162.475375589,-8.3));
#179=VERTEX_POINT('',#178);
#180=CARTESIAN_POINT('',(73.358035298,-162.475375589,-8.3));
#181=DIRECTION('',(1.,0.,-0.));
#182=VECTOR('',#181,52.870378627);
#183=LINE('',#180,#182);
#184=EDGE_CURVE('',#179,#170,#183,.T.);
#185=ORIENTED_EDGE('',*,*,#184,.F.);
#186=CARTESIAN_POINT('',(68.583035298,-157.700375589,-8.3));
#187=VERTEX_POINT('',#186);
#188=CARTESIAN_POINT('',(73.358035298,-157.700375589,-8.3));
#189=DIRECTION('',(0.,0.,-1.));
#190=DIRECTION('',(-1.,0.,0.));
#191=AXIS2_PLACEMENT_3D('',#188,#189,#190);
#192=CIRCLE('',#191,4.775);
#193=EDGE_CURVE('',#179,#187,#192,.T.);
#194=ORIENTED_EDGE('',*,*,#193,.T.);
#195=CARTESIAN_POINT('',(68.583035298,-104.280378426,-8.3));
#196=VERTEX_POINT('',#195);
#197=CARTESIAN_POINT('',(68.583035298,-104.280378426,-8.3));
#198=DIRECTION('',(0.,-1.,0.));
#199=VECTOR('',#198,53.419997163);
#200=LINE('',#197,#199);
#201=EDGE_CURVE('',#196,#187,#200,.T.);
#202=ORIENTED_EDGE('',*,*,#201,.F.);
#203=CARTESIAN_POINT('',(73.358034535,-99.505378589,-8.3));
#204=VERTEX_POINT('',#203);
#205=CARTESIAN_POINT('',(73.358035298,-104.280378589,-8.3));
#206=DIRECTION('',(0.,0.,-1.));
#207=DIRECTION('',(-1.,0.,0.));
#208=AXIS2_PLACEMENT_3D('',#205,#206,#207);
#209=CIRCLE('',#208,4.775);
#210=EDGE_CURVE('',#196,#204,#209,.T.);
#211=ORIENTED_EDGE('',*,*,#210,.T.);
#212=CARTESIAN_POINT('',(88.230202883,-99.505378589,-8.3));
#213=VERTEX_POINT('',#212);
#214=CARTESIAN_POINT('',(88.230202883,-99.505378589,-8.3));
#215=DIRECTION('',(-1.,0.,0.));
#216=VECTOR('',#215,14.872168348);
#217=LINE('',#214,#216);
#218=EDGE_CURVE('',#213,#204,#217,.T.);
#219=ORIENTED_EDGE('',*,*,#218,.F.);
#220=CARTESIAN_POINT('',(88.234128758,-99.505757226,-8.3));
#221=VERTEX_POINT('',#220);
#222=CARTESIAN_POINT('',(88.234128758,-99.505757226,-8.3));
#223=DIRECTION('',(-0.995381215,0.096001229,0.));
#224=VECTOR('',#223,0.003944091);
#225=LINE('',#222,#224);
#226=EDGE_CURVE('',#221,#213,#225,.T.);
#227=ORIENTED_EDGE('',*,*,#226,.F.);
#228=CARTESIAN_POINT('',(91.012186641,-99.520378589,-8.3));
#229=VERTEX_POINT('',#228);
#230=CARTESIAN_POINT('',(91.012186641,-99.520378589,-8.3));
#231=DIRECTION('',(-0.99998615,0.005263087,0.));
#232=VECTOR('',#231,2.77809636);
#233=LINE('',#230,#232);
#234=EDGE_CURVE('',#229,#221,#233,.T.);
#235=ORIENTED_EDGE('',*,*,#234,.F.);
#236=CARTESIAN_POINT('',(105.417861485,-99.520378589,-8.3));
#237=VERTEX_POINT('',#236);
#238=CARTESIAN_POINT('',(105.417861485,-99.520378589,-8.3));
#239=DIRECTION('',(-1.,0.,0.));
#240=VECTOR('',#239,14.405674844);
#241=LINE('',#238,#240);
#242=EDGE_CURVE('',#237,#229,#241,.T.);
#243=ORIENTED_EDGE('',*,*,#242,.F.);
#244=CARTESIAN_POINT('',(106.775803268,-98.750485755,-8.3));
#245=VERTEX_POINT('',#244);
#246=CARTESIAN_POINT('',(105.417862539,-97.937860937,-8.3));
#247=DIRECTION('',(0.,0.,-1.));
#248=DIRECTION('',(-1.,0.,0.));
#249=AXIS2_PLACEMENT_3D('',#246,#247,#248);
#250=CIRCLE('',#249,1.582517652);
#251=EDGE_CURVE('',#245,#237,#250,.T.);
#252=ORIENTED_EDGE('',*,*,#251,.F.);
#253=CARTESIAN_POINT('',(107.787882,-97.059249115,-8.3));
#254=VERTEX_POINT('',#253);
#255=CARTESIAN_POINT('',(107.787882,-97.059249115,-8.3));
#256=DIRECTION('',(-0.513501834,-0.858088496,0.));
#257=VECTOR('',#256,1.970934989);
#258=LINE('',#255,#257);
#259=EDGE_CURVE('',#254,#245,#258,.T.);
#260=ORIENTED_EDGE('',*,*,#259,.F.);
#261=CARTESIAN_POINT('',(111.847051847,-94.757879589,-8.3));
#262=VERTEX_POINT('',#261);
#263=CARTESIAN_POINT('',(111.84705159,-99.488358377,-8.3));
#264=DIRECTION('',(0.,0.,-1.));
#265=DIRECTION('',(-1.,0.,0.));
#266=AXIS2_PLACEMENT_3D('',#263,#264,#265);
#267=CIRCLE('',#266,4.730478788);
#268=EDGE_CURVE('',#254,#262,#267,.T.);
#269=ORIENTED_EDGE('',*,*,#268,.T.);
#270=CARTESIAN_POINT('',(124.825507197,-94.757879589,-8.3));
#271=VERTEX_POINT('',#270);
#272=CARTESIAN_POINT('',(124.825507197,-94.757879589,-8.3));
#273=DIRECTION('',(-1.,0.,0.));
#274=VECTOR('',#273,12.97845535);
#275=LINE('',#272,#274);
#276=EDGE_CURVE('',#271,#262,#275,.T.);
#277=ORIENTED_EDGE('',*,*,#276,.F.);
#278=CARTESIAN_POINT('',(126.092522722,-94.210294477,-8.3));
#279=VERTEX_POINT('',#278);
#280=CARTESIAN_POINT('',(124.825506088,-93.01825906,-8.3));
#281=DIRECTION('',(0.,0.,-1.));
#282=DIRECTION('',(-1.,0.,0.));
#283=AXIS2_PLACEMENT_3D('',#280,#281,#282);
#284=CIRCLE('',#283,1.739620529);
#285=EDGE_CURVE('',#279,#271,#284,.T.);
#286=ORIENTED_EDGE('',*,*,#285,.F.);
#287=CARTESIAN_POINT('',(128.74598921,-91.38991644,-8.3));
#288=VERTEX_POINT('',#287);
#289=CARTESIAN_POINT('',(128.74598921,-91.38991644,-8.3));
#290=DIRECTION('',(-0.685226796,-0.728329759,0.));
#291=VECTOR('',#290,3.872391596);
#292=LINE('',#289,#291);
#293=EDGE_CURVE('',#288,#279,#292,.T.);
#294=ORIENTED_EDGE('',*,*,#293,.F.);
#295=CARTESIAN_POINT('',(132.408758469,-89.83401621,-8.3));
#296=VERTEX_POINT('',#295);
#297=CARTESIAN_POINT('',(132.346961955,-94.777781605,-8.3));
#298=DIRECTION('',(0.,0.,-1.));
#299=DIRECTION('',(-1.,0.,0.));
#300=AXIS2_PLACEMENT_3D('',#297,#298,#299);
#301=CIRCLE('',#300,4.944151605);
#302=EDGE_CURVE('',#288,#296,#301,.T.);
#303=ORIENTED_EDGE('',*,*,#302,.T.);
#304=CARTESIAN_POINT('',(144.004257974,-89.978958948,-8.3));
#305=VERTEX_POINT('',#304);
#306=CARTESIAN_POINT('',(144.004257974,-89.978958948,-8.3));
#307=DIRECTION('',(-0.999921885,0.012498937,0.));
#308=VECTOR('',#307,11.596405356);
#309=LINE('',#306,#308);
#310=EDGE_CURVE('',#305,#296,#309,.T.);
#311=ORIENTED_EDGE('',*,*,#310,.F.);
#312=CARTESIAN_POINT('',(147.359602556,-91.417093582,-8.3));
#313=VERTEX_POINT('',#312);
#314=CARTESIAN_POINT('',(143.944603575,-94.75142263,-8.3));
#315=DIRECTION('',(0.,0.,-1.));
#316=DIRECTION('',(-1.,0.,0.));
#317=AXIS2_PLACEMENT_3D('',#314,#315,#316);
#318=CIRCLE('',#317,4.772836498);
#319=EDGE_CURVE('',#305,#313,#318,.T.);
#320=ORIENTED_EDGE('',*,*,#319,.T.);
#321=CARTESIAN_POINT('',(150.130023426,-94.254539984,-8.3));
#322=VERTEX_POINT('',#321);
#323=CARTESIAN_POINT('',(150.130023426,-94.254539984,-8.3));
#324=DIRECTION('',(-0.698605506,0.715507056,0.));
#325=VECTOR('',#324,3.965644195);
#326=LINE('',#323,#325);
#327=EDGE_CURVE('',#322,#313,#326,.T.);
#328=ORIENTED_EDGE('',*,*,#327,.F.);
#329=CARTESIAN_POINT('',(151.324934008,-94.757874608,-8.3));
#330=VERTEX_POINT('',#329);
#331=CARTESIAN_POINT('',(151.324934848,-93.087853344,-8.3));
#332=DIRECTION('',(0.,0.,-1.));
#333=DIRECTION('',(-1.,0.,0.));
#334=AXIS2_PLACEMENT_3D('',#331,#332,#333);
#335=CIRCLE('',#334,1.670021264);
#336=EDGE_CURVE('',#330,#322,#335,.T.);
#337=ORIENTED_EDGE('',*,*,#336,.F.);
#338=CARTESIAN_POINT('',(164.369011415,-94.757874608,-8.3));
#339=VERTEX_POINT('',#338);
#340=CARTESIAN_POINT('',(164.369011415,-94.757874608,-8.3));
#341=DIRECTION('',(-1.,0.,0.));
#342=VECTOR('',#341,13.044077407);
#343=LINE('',#340,#342);
#344=EDGE_CURVE('',#339,#330,#343,.T.);
#345=ORIENTED_EDGE('',*,*,#344,.F.);
#346=CARTESIAN_POINT('',(168.428183813,-97.059248413,-8.3));
#347=VERTEX_POINT('',#346);
#348=CARTESIAN_POINT('',(164.369011662,-99.488353397,-8.3));
#349=DIRECTION('',(0.,0.,-1.));
#350=DIRECTION('',(-1.,0.,0.));
#351=AXIS2_PLACEMENT_3D('',#348,#349,#350);
#352=CIRCLE('',#351,4.730478788);
#353=EDGE_CURVE('',#339,#347,#352,.T.);
#354=ORIENTED_EDGE('',*,*,#353,.T.);
#355=CARTESIAN_POINT('',(169.440256046,-98.75047831,-8.3));
#356=VERTEX_POINT('',#355);
#357=CARTESIAN_POINT('',(169.440256046,-98.75047831,-8.3));
#358=DIRECTION('',(-0.513500914,0.858089046,0.));
#359=VECTOR('',#358,1.970925866);
#360=LINE('',#357,#359);
#361=EDGE_CURVE('',#356,#347,#360,.T.);
#362=ORIENTED_EDGE('',*,*,#361,.F.);
#363=CARTESIAN_POINT('',(170.798198708,-99.520372608,-8.3));
#364=VERTEX_POINT('',#363);
#365=CARTESIAN_POINT('',(170.798197651,-97.937854958,-8.3));
#366=DIRECTION('',(0.,0.,-1.));
#367=DIRECTION('',(-1.,0.,0.));
#368=AXIS2_PLACEMENT_3D('',#365,#366,#367);
#369=CIRCLE('',#368,1.58251765);
#370=EDGE_CURVE('',#364,#356,#369,.T.);
#371=ORIENTED_EDGE('',*,*,#370,.F.);
#372=CARTESIAN_POINT('',(208.465779072,-99.520372608,-8.3));
#373=VERTEX_POINT('',#372);
#374=CARTESIAN_POINT('',(208.465779072,-99.520372608,-8.3));
#375=DIRECTION('',(-1.,0.,0.));
#376=VECTOR('',#375,37.667580364);
#377=LINE('',#374,#376);
#378=EDGE_CURVE('',#373,#364,#377,.T.);
#379=ORIENTED_EDGE('',*,*,#378,.F.);
#380=CARTESIAN_POINT('',(213.245783614,-104.300375195,-8.3));
#381=VERTEX_POINT('',#380);
#382=CARTESIAN_POINT('',(208.465779803,-104.300376419,-8.3));
#383=DIRECTION('',(0.,0.,-1.));
#384=DIRECTION('',(-1.,0.,0.));
#385=AXIS2_PLACEMENT_3D('',#382,#383,#384);
#386=CIRCLE('',#385,4.780003811);
#387=EDGE_CURVE('',#373,#381,#386,.T.);
#388=ORIENTED_EDGE('',*,*,#387,.T.);
#389=CARTESIAN_POINT('',(213.245791615,-175.706950593,-8.3));
#390=VERTEX_POINT('',#389);
#391=CARTESIAN_POINT('',(213.245783614,-104.300375195,-8.3));
#392=DIRECTION('',(0.000000112,-1.,0.));
#393=VECTOR('',#392,71.406575398);
#394=LINE('',#391,#393);
#395=EDGE_CURVE('',#381,#390,#394,.T.);
#396=ORIENTED_EDGE('',*,*,#395,.T.);
#397=CARTESIAN_POINT('',(212.649399986,-177.932387306,-8.3));
#398=VERTEX_POINT('',#397);
#399=CARTESIAN_POINT('',(208.37191976,-175.593440015,-8.3));
#400=DIRECTION('',(0.,0.,-1.));
#401=DIRECTION('',(-1.,0.,0.));
#402=AXIS2_PLACEMENT_3D('',#399,#400,#401);
#403=CIRCLE('',#402,4.875193484);
#404=EDGE_CURVE('',#390,#398,#403,.T.);
#405=ORIENTED_EDGE('',*,*,#404,.T.);
#406=CARTESIAN_POINT('',(204.110567811,-193.336847222,-8.3));
#407=VERTEX_POINT('',#406);
#408=CARTESIAN_POINT('',(204.110567811,-193.336847222,-8.3));
#409=DIRECTION('',(0.484809647,0.874619692,0.));
#410=VECTOR('',#409,17.612752204);
#411=LINE('',#408,#410);
#412=EDGE_CURVE('',#407,#398,#411,.T.);
#413=ORIENTED_EDGE('',*,*,#412,.F.);
#414=CARTESIAN_POINT('',(197.692200185,-195.23779029,-8.3));
#415=VERTEX_POINT('',#414);
#416=CARTESIAN_POINT('',(199.934330113,-191.022146089,-8.3));
#417=DIRECTION('',(0.,0.,-1.));
#418=DIRECTION('',(-1.,0.,0.));
#419=AXIS2_PLACEMENT_3D('',#416,#417,#418);
#420=CIRCLE('',#419,4.774809174);
#421=EDGE_CURVE('',#407,#415,#420,.T.);
#422=ORIENTED_EDGE('',*,*,#421,.T.);
#423=CARTESIAN_POINT('',(197.687027874,-195.235569411,-8.3));
#424=VERTEX_POINT('',#423);
#425=CARTESIAN_POINT('',(197.687027874,-195.235569411,-8.3));
#426=DIRECTION('',(0.918876296,-0.394545754,0.));
#427=VECTOR('',#426,0.005628953);
#428=LINE('',#425,#427);
#429=EDGE_CURVE('',#424,#415,#428,.T.);
#430=ORIENTED_EDGE('',*,*,#429,.F.);
#431=CARTESIAN_POINT('',(192.946179682,-192.621752389,-8.3));
#432=VERTEX_POINT('',#431);
#433=CARTESIAN_POINT('',(192.946179682,-192.621752389,-8.3));
#434=DIRECTION('',(0.875720106,-0.482819113,0.));
#435=VECTOR('',#434,5.413656897);
#436=LINE('',#433,#435);
#437=EDGE_CURVE('',#432,#424,#436,.T.);
#438=ORIENTED_EDGE('',*,*,#437,.F.);
#439=CARTESIAN_POINT('',(192.940805913,-192.61806412,-8.3));
#440=VERTEX_POINT('',#439);
#441=CARTESIAN_POINT('',(192.940805913,-192.61806412,-8.3));
#442=DIRECTION('',(0.82448552,-0.565883051,0.));
#443=VECTOR('',#442,0.006517724);
#444=LINE('',#441,#443);
#445=EDGE_CURVE('',#440,#432,#444,.T.);
#446=ORIENTED_EDGE('',*,*,#445,.F.);
#447=CARTESIAN_POINT('',(192.075896278,-192.131328646,-8.3));
#448=VERTEX_POINT('',#447);
#449=CARTESIAN_POINT('',(192.075896278,-192.131328646,-8.3));
#450=DIRECTION('',(0.871479162,-0.490432533,0.));
#451=VECTOR('',#450,0.992461636);
#452=LINE('',#449,#451);
#453=EDGE_CURVE('',#448,#440,#452,.T.);
#454=ORIENTED_EDGE('',*,*,#453,.F.);
#455=CARTESIAN_POINT('',(191.17063644,-191.633203783,-8.3));
#456=VERTEX_POINT('',#455);
#457=CARTESIAN_POINT('',(191.17063644,-191.633203783,-8.3));
#458=DIRECTION('',(0.876121099,-0.48209109,0.));
#459=VECTOR('',#458,1.033258803);
#460=LINE('',#457,#459);
#461=EDGE_CURVE('',#456,#448,#460,.T.);
#462=ORIENTED_EDGE('',*,*,#461,.F.);
#463=CARTESIAN_POINT('',(190.2838781,-191.156457837,-8.3));
#464=VERTEX_POINT('',#463);
#465=CARTESIAN_POINT('',(190.2838781,-191.156457837,-8.3));
#466=DIRECTION('',(0.880777447,-0.473530452,0.));
#467=VECTOR('',#466,1.00679047);
#468=LINE('',#465,#467);
#469=EDGE_CURVE('',#464,#456,#468,.T.);
#470=ORIENTED_EDGE('',*,*,#469,.F.);
#471=CARTESIAN_POINT('',(189.406960353,-190.696175607,-8.3));
#472=VERTEX_POINT('',#471);
#473=CARTESIAN_POINT('',(189.406960353,-190.696175607,-8.3));
#474=DIRECTION('',(0.885439284,-0.46475507,0.));
#475=VECTOR('',#474,0.990375922);
#476=LINE('',#473,#475);
#477=EDGE_CURVE('',#472,#464,#476,.T.);
#478=ORIENTED_EDGE('',*,*,#477,.F.);
#479=CARTESIAN_POINT('',(188.546148979,-190.255411643,-8.3));
#480=VERTEX_POINT('',#479);
#481=CARTESIAN_POINT('',(188.546148979,-190.255411643,-8.3));
#482=DIRECTION('',(0.890101854,-0.45576166,0.));
#483=VECTOR('',#482,0.967093115);
#484=LINE('',#481,#483);
#485=EDGE_CURVE('',#480,#472,#484,.T.);
#486=ORIENTED_EDGE('',*,*,#485,.F.);
#487=CARTESIAN_POINT('',(187.694315306,-189.830275015,-8.3));
#488=VERTEX_POINT('',#487);
#489=CARTESIAN_POINT('',(187.694315306,-189.830275015,-8.3));
#490=DIRECTION('',(0.894754759,-0.446557859,0.));
#491=VECTOR('',#490,0.952030335);
#492=LINE('',#489,#491);
#493=EDGE_CURVE('',#488,#480,#492,.T.);
#494=ORIENTED_EDGE('',*,*,#493,.F.);
#495=CARTESIAN_POINT('',(186.856389166,-189.423011056,-8.3));
#496=VERTEX_POINT('',#495);
#497=CARTESIAN_POINT('',(186.856389166,-189.423011056,-8.3));
#498=DIRECTION('',(0.899393702,-0.437139531,0.));
#499=VECTOR('',#498,0.931656669);
#500=LINE('',#497,#499);
#501=EDGE_CURVE('',#496,#488,#500,.T.);
#502=ORIENTED_EDGE('',*,*,#501,.F.);
#503=CARTESIAN_POINT('',(186.026622623,-189.030604119,-8.3));
#504=VERTEX_POINT('',#503);
#505=CARTESIAN_POINT('',(186.026622623,-189.030604119,-8.3));
#506=DIRECTION('',(0.904007572,-0.427516444,0.));
#507=VECTOR('',#506,0.917875657);
#508=LINE('',#505,#507);
#509=EDGE_CURVE('',#504,#496,#508,.T.);
#510=ORIENTED_EDGE('',*,*,#509,.F.);
#511=CARTESIAN_POINT('',(185.208505109,-188.654507422,-8.3));
#512=VERTEX_POINT('',#511);
#513=CARTESIAN_POINT('',(185.208505109,-188.654507422,-8.3));
#514=DIRECTION('',(0.908590509,-0.417688026,0.));
#515=VECTOR('',#514,0.900424895);
#516=LINE('',#513,#515);
#517=EDGE_CURVE('',#512,#504,#516,.T.);
#518=ORIENTED_EDGE('',*,*,#517,.F.);
#519=CARTESIAN_POINT('',(184.397803177,-188.2925747,-8.3));
#520=VERTEX_POINT('',#519);
#521=CARTESIAN_POINT('',(184.397803177,-188.2925747,-8.3));
#522=DIRECTION('',(0.91313276,-0.407662315,0.));
#523=VECTOR('',#522,0.887824824);
#524=LINE('',#521,#523);
#525=EDGE_CURVE('',#520,#512,#524,.T.);
#526=ORIENTED_EDGE('',*,*,#525,.F.);
#527=CARTESIAN_POINT('',(183.59654288,-187.945534341,-8.3));
#528=VERTEX_POINT('',#527);
#529=CARTESIAN_POINT('',(183.59654288,-187.945534341,-8.3));
#530=DIRECTION('',(0.917627656,-0.397441171,0.));
#531=VECTOR('',#530,0.873186735);
#532=LINE('',#529,#531);
#533=EDGE_CURVE('',#528,#520,#532,.T.);
#534=ORIENTED_EDGE('',*,*,#533,.F.);
#535=CARTESIAN_POINT('',(182.801893133,-187.611981955,-8.3));
#536=VERTEX_POINT('',#535);
#537=CARTESIAN_POINT('',(182.801893133,-187.611981955,-8.3));
#538=DIRECTION('',(0.922065148,-0.387034705,0.));
#539=VECTOR('',#538,0.861815186);
#540=LINE('',#537,#539);
#541=EDGE_CURVE('',#536,#528,#540,.T.);
#542=ORIENTED_EDGE('',*,*,#541,.F.);
#543=CARTESIAN_POINT('',(182.014475876,-187.292022547,-8.3));
#544=VERTEX_POINT('',#543);
#545=CARTESIAN_POINT('',(182.014475876,-187.292022547,-8.3));
#546=DIRECTION('',(0.926437385,-0.376448896,0.));
#547=VECTOR('',#546,0.84994115);
#548=LINE('',#545,#547);
#549=EDGE_CURVE('',#544,#536,#548,.T.);
#550=ORIENTED_EDGE('',*,*,#549,.F.);
#551=CARTESIAN_POINT('',(181.233156616,-186.985038085,-8.3));
#552=VERTEX_POINT('',#551);
#553=CARTESIAN_POINT('',(181.233156616,-186.985038085,-8.3));
#554=DIRECTION('',(0.930736245,-0.365691185,0.));
#555=VECTOR('',#554,0.839463666);
#556=LINE('',#553,#555);
#557=EDGE_CURVE('',#552,#544,#556,.T.);
#558=ORIENTED_EDGE('',*,*,#557,.F.);
#559=CARTESIAN_POINT('',(180.456626387,-186.690382668,-8.3));
#560=VERTEX_POINT('',#559);
#561=CARTESIAN_POINT('',(180.456626387,-186.690382668,-8.3));
#562=DIRECTION('',(0.934953814,-0.354769455,0.));
#563=VECTOR('',#562,0.830554641);
#564=LINE('',#561,#563);
#565=EDGE_CURVE('',#560,#552,#564,.T.);
#566=ORIENTED_EDGE('',*,*,#565,.F.);
#567=CARTESIAN_POINT('',(179.685509293,-186.408156532,-8.3));
#568=VERTEX_POINT('',#567);
#569=CARTESIAN_POINT('',(179.685509293,-186.408156532,-8.3));
#570=DIRECTION('',(0.939079571,-0.343699809,0.));
#571=VECTOR('',#570,0.821141379);
#572=LINE('',#569,#571);
#573=EDGE_CURVE('',#568,#560,#572,.T.);
#574=ORIENTED_EDGE('',*,*,#573,.F.);
#575=CARTESIAN_POINT('',(178.91701147,-186.137228208,-8.3));
#576=VERTEX_POINT('',#575);
#577=CARTESIAN_POINT('',(178.91701147,-186.137228208,-8.3));
#578=DIRECTION('',(0.943108209,-0.332485948,0.));
#579=VECTOR('',#578,0.814856467);
#580=LINE('',#577,#579);
#581=EDGE_CURVE('',#576,#568,#580,.T.);
#582=ORIENTED_EDGE('',*,*,#581,.F.);
#583=CARTESIAN_POINT('',(178.157631091,-185.879716277,-8.3));
#584=VERTEX_POINT('',#583);
#585=CARTESIAN_POINT('',(178.157631091,-185.879716277,-8.3));
#586=DIRECTION('',(0.947029907,-0.32114538,0.));
#587=VECTOR('',#586,0.801854696);
#588=LINE('',#585,#587);
#589=EDGE_CURVE('',#584,#576,#588,.T.);
#590=ORIENTED_EDGE('',*,*,#589,.F.);
#591=CARTESIAN_POINT('',(176.629767175,-185.392284179,-8.3));
#592=VERTEX_POINT('',#591);
#593=CARTESIAN_POINT('',(176.629767175,-185.392284179,-8.3));
#594=DIRECTION('',(0.952692446,-0.303936019,0.));
#595=VECTOR('',#594,1.603732583);
#596=LINE('',#593,#595);
#597=EDGE_CURVE('',#592,#584,#596,.T.);
#598=ORIENTED_EDGE('',*,*,#597,.F.);
#599=CARTESIAN_POINT('',(175.101469977,-184.94541482,-8.3));
#600=VERTEX_POINT('',#599);
#601=CARTESIAN_POINT('',(175.101469977,-184.94541482,-8.3));
#602=DIRECTION('',(0.959811385,-0.280645872,0.));
#603=VECTOR('',#602,1.592289091);
#604=LINE('',#601,#603);
#605=EDGE_CURVE('',#600,#592,#604,.T.);
#606=ORIENTED_EDGE('',*,*,#605,.F.);
#607=CARTESIAN_POINT('',(174.831741784,-184.870787463,-8.3));
#608=VERTEX_POINT('',#607);
#609=CARTESIAN_POINT('',(174.831741784,-184.870787463,-8.3));
#610=DIRECTION('',(0.963791208,-0.266658036,0.));
#611=VECTOR('',#610,0.279861645);
#612=LINE('',#609,#611);
#613=EDGE_CURVE('',#608,#600,#612,.T.);
#614=ORIENTED_EDGE('',*,*,#613,.F.);
#615=CARTESIAN_POINT('',(173.191592271,-184.450453401,-8.3));
#616=VERTEX_POINT('',#615);
#617=CARTESIAN_POINT('',(173.191592271,-184.450453401,-8.3));
#618=DIRECTION('',(0.968694707,-0.248255039,0.));
#619=VECTOR('',#618,1.693154201);
#620=LINE('',#617,#619);
#621=EDGE_CURVE('',#616,#608,#620,.T.);
#622=ORIENTED_EDGE('',*,*,#621,.F.);
#623=CARTESIAN_POINT('',(171.536008482,-184.066336028,-8.3));
#624=VERTEX_POINT('',#623);
#625=CARTESIAN_POINT('',(171.536008482,-184.066336028,-8.3));
#626=DIRECTION('',(0.974125003,-0.226009906,0.));
#627=VECTOR('',#626,1.699559895);
#628=LINE('',#625,#627);
#629=EDGE_CURVE('',#624,#616,#628,.T.);
#630=ORIENTED_EDGE('',*,*,#629,.F.);
#631=CARTESIAN_POINT('',(169.8682347,-183.719340655,-8.3));
#632=VERTEX_POINT('',#631);
#633=CARTESIAN_POINT('',(169.8682347,-183.719340655,-8.3));
#634=DIRECTION('',(0.97903401,-0.203696853,0.));
#635=VECTOR('',#634,1.703489119);
#636=LINE('',#633,#635);
#637=EDGE_CURVE('',#632,#624,#636,.T.);
#638=ORIENTED_EDGE('',*,*,#637,.F.);
#639=CARTESIAN_POINT('',(168.195301663,-183.41101711,-8.3));
#640=VERTEX_POINT('',#639);
#641=CARTESIAN_POINT('',(168.195301663,-183.41101711,-8.3));
#642=DIRECTION('',(0.9834373,-0.181248662,0.));
#643=VECTOR('',#642,1.701107979);
#644=LINE('',#641,#643);
#645=EDGE_CURVE('',#640,#632,#644,.T.);
#646=ORIENTED_EDGE('',*,*,#645,.F.);
#647=CARTESIAN_POINT('',(166.519929137,-183.141911217,-8.3));
#648=VERTEX_POINT('',#647);
#649=CARTESIAN_POINT('',(166.519929137,-183.141911217,-8.3));
#650=DIRECTION('',(0.987344254,-0.158591688,0.));
#651=VECTOR('',#650,1.696847395);
#652=LINE('',#649,#651);
#653=EDGE_CURVE('',#648,#640,#652,.T.);
#654=ORIENTED_EDGE('',*,*,#653,.F.);
#655=CARTESIAN_POINT('',(165.692012306,-183.023647965,-8.3));
#656=VERTEX_POINT('',#655);
#657=CARTESIAN_POINT('',(165.692012306,-183.023647965,-8.3));
#658=DIRECTION('',(0.989951265,-0.141408957,0.));
#659=VECTOR('',#658,0.836320798);
#660=LINE('',#657,#659);
#661=EDGE_CURVE('',#656,#648,#660,.T.);
#662=ORIENTED_EDGE('',*,*,#661,.F.);
#663=CARTESIAN_POINT('',(164.863257755,-182.915116258,-8.3));
#664=VERTEX_POINT('',#663);
#665=CARTESIAN_POINT('',(164.863257755,-182.915116258,-8.3));
#666=DIRECTION('',(0.991533795,-0.129848887,0.));
#667=VECTOR('',#666,0.835830866);
#668=LINE('',#665,#667);
#669=EDGE_CURVE('',#664,#656,#668,.T.);
#670=ORIENTED_EDGE('',*,*,#669,.F.);
#671=CARTESIAN_POINT('',(164.039010975,-182.817008356,-8.3));
#672=VERTEX_POINT('',#671);
#673=CARTESIAN_POINT('',(164.039010975,-182.817008356,-8.3));
#674=DIRECTION('',(0.992990638,-0.118193034,0.));
#675=VECTOR('',#674,0.830065006);
#676=LINE('',#673,#675);
#677=EDGE_CURVE('',#672,#664,#676,.T.);
#678=ORIENTED_EDGE('',*,*,#677,.F.);
#679=CARTESIAN_POINT('',(163.219490622,-182.729292515,-8.3));
#680=VERTEX_POINT('',#679);
#681=CARTESIAN_POINT('',(163.219490622,-182.729292515,-8.3));
#682=DIRECTION('',(0.994320703,-0.106425273,0.));
#683=VECTOR('',#682,0.824201236);
#684=LINE('',#681,#683);
#685=EDGE_CURVE('',#680,#672,#684,.T.);
#686=ORIENTED_EDGE('',*,*,#685,.F.);
#687=CARTESIAN_POINT('',(162.407230865,-182.65215966,-8.3));
#688=VERTEX_POINT('',#687);
#689=CARTESIAN_POINT('',(162.407230865,-182.65215966,-8.3));
#690=DIRECTION('',(0.995521487,-0.094535539,0.));
#691=VECTOR('',#690,0.815913838);
#692=LINE('',#689,#691);
#693=EDGE_CURVE('',#688,#680,#692,.T.);
#694=ORIENTED_EDGE('',*,*,#693,.F.);
#695=CARTESIAN_POINT('',(161.60080693,-182.585392058,-8.3));
#696=VERTEX_POINT('',#695);
#697=CARTESIAN_POINT('',(161.60080693,-182.585392058,-8.3));
#698=DIRECTION('',(0.996590043,-0.082512342,0.));
#699=VECTOR('',#698,0.809183215);
#700=LINE('',#697,#699);
#701=EDGE_CURVE('',#696,#688,#700,.T.);
#702=ORIENTED_EDGE('',*,*,#701,.F.);
#703=CARTESIAN_POINT('',(160.804422394,-182.529234037,-8.3));
#704=VERTEX_POINT('',#703);
#705=CARTESIAN_POINT('',(160.804422394,-182.529234037,-8.3));
#706=DIRECTION('',(0.997522966,-0.07034154,0.));
#707=VECTOR('',#706,0.798362106);
#708=LINE('',#705,#707);
#709=EDGE_CURVE('',#704,#696,#708,.T.);
#710=ORIENTED_EDGE('',*,*,#709,.F.);
#711=CARTESIAN_POINT('',(160.014724366,-182.483347557,-8.3));
#712=VERTEX_POINT('',#711);
#713=CARTESIAN_POINT('',(160.014724366,-182.483347557,-8.3));
#714=DIRECTION('',(0.998316088,-0.058008517,0.));
#715=VECTOR('',#714,0.791030052);
#716=LINE('',#713,#715);
#717=EDGE_CURVE('',#712,#704,#716,.T.);
#718=ORIENTED_EDGE('',*,*,#717,.F.);
#719=CARTESIAN_POINT('',(159.237898727,-182.447963461,-8.3));
#720=VERTEX_POINT('',#719);
#721=CARTESIAN_POINT('',(159.237898727,-182.447963461,-8.3));
#722=DIRECTION('',(0.998964228,-0.04550242,0.));
#723=VECTOR('',#722,0.777631088);
#724=LINE('',#721,#723);
#725=EDGE_CURVE('',#720,#712,#724,.T.);
#726=ORIENTED_EDGE('',*,*,#725,.F.);
#727=CARTESIAN_POINT('',(158.472617157,-182.422841863,-8.3));
#728=VERTEX_POINT('',#727);
#729=CARTESIAN_POINT('',(158.472617157,-182.422841863,-8.3));
#730=DIRECTION('',(0.999461642,-0.032808935,0.));
#731=VECTOR('',#730,0.765693787);
#732=LINE('',#729,#731);
#733=EDGE_CURVE('',#728,#720,#732,.T.);
#734=ORIENTED_EDGE('',*,*,#733,.F.);
#735=CARTESIAN_POINT('',(157.126980578,-182.402843724,-8.3));
#736=VERTEX_POINT('',#735);
#737=CARTESIAN_POINT('',(157.126980578,-182.402843724,-8.3));
#738=DIRECTION('',(0.999889587,-0.01485983,0.));
#739=VECTOR('',#738,1.345785172);
#740=LINE('',#737,#739);
#741=EDGE_CURVE('',#736,#728,#740,.T.);
#742=ORIENTED_EDGE('',*,*,#741,.F.);
#743=CARTESIAN_POINT('',(145.912964643,-182.37279493,-8.3));
#744=VERTEX_POINT('',#743);
#745=CARTESIAN_POINT('',(145.912964643,-182.37279493,-8.3));
#746=DIRECTION('',(0.99999641,-0.002679565,0.));
#747=VECTOR('',#746,11.214056194);
#748=LINE('',#745,#747);
#749=EDGE_CURVE('',#744,#736,#748,.T.);
#750=ORIENTED_EDGE('',*,*,#749,.F.);
#751=CARTESIAN_POINT('',(146.102994621,-177.259687905,-8.3));
#752=DIRECTION('',(0.,0.,-1.));
#753=DIRECTION('',(-1.,0.,0.));
#754=AXIS2_PLACEMENT_3D('',#751,#752,#753);
#755=CIRCLE('',#754,5.116637064);
#756=EDGE_CURVE('',#744,#162,#755,.T.);
#757=ORIENTED_EDGE('',*,*,#756,.T.);
#758=EDGE_LOOP('',(#168,#177,#185,#194,#202,#211,#219,#227,#235,#243,#252,#260,#269,#277,#286,#294,#303,#311,#320,#328,#337,#345,#354,#362,#371,#379,
#388,#396,#405,#413,#422,#430,#438,#446,#454,#462,#470,#478,#486,#494,#502,#510,#518,#526,#534,#542,#550,#558,#566,#574,#582,
#590,#598,#606,#614,#622,#630,#638,#646,#654,#662,#670,#678,#686,#694,#702,#710,#718,#726,#734,#742,#750,#757));
#759=FACE_BOUND('',#758,.T.);
#760=CARTESIAN_POINT('',(135.161158076,-132.422520506,-8.3));
#761=VERTEX_POINT('',#760);
#762=CARTESIAN_POINT('',(135.045658076,-131.687520506,-8.3));
#763=VERTEX_POINT('',#762);
#764=CARTESIAN_POINT('',(135.161158076,-132.422520506,-8.3));
#765=CARTESIAN_POINT('',(135.065219448,-132.326581878,-8.3));
#766=CARTESIAN_POINT('',(134.991593633,-132.208404514,-8.3));
#767=CARTESIAN_POINT('',(134.966632589,-132.074589069,-8.3));
#768=CARTESIAN_POINT('',(134.954152067,-132.007681347,-8.3));
#769=CARTESIAN_POINT('',(134.95436142,-131.939853013,-8.3));
#770=CARTESIAN_POINT('',(134.967971547,-131.873272766,-8.3));
#771=CARTESIAN_POINT('',(134.981581675,-131.806692519,-8.3));
#772=CARTESIAN_POINT('',(135.007942062,-131.744193253,-8.3));
#773=CARTESIAN_POINT('',(135.045658076,-131.687520506,-8.3));
#774=B_SPLINE_CURVE_WITH_KNOTS('',3,(#764,#765,#766,#767,#768,#769,#770,#771,#772,#773),.UNSPECIFIED.,.F.,.F.,(4,3,3,4),(0.001049482,0.001455751,0.001658885,0.001862019),.UNSPECIFIED.);
#775=EDGE_CURVE('',#761,#763,#774,.T.);
#776=ORIENTED_EDGE('',*,*,#775,.F.);
#777=CARTESIAN_POINT('',(136.68109082,-134.291754565,-8.3));
#778=VERTEX_POINT('',#777);
#779=CARTESIAN_POINT('',(135.161158076,-132.422520506,-8.3));
#780=DIRECTION('',(0.630887624,-0.775874221,0.));
#781=VECTOR('',#780,2.409197276);
#782=LINE('',#779,#781);
#783=EDGE_CURVE('',#761,#778,#782,.T.);
#784=ORIENTED_EDGE('',*,*,#783,.T.);
#785=CARTESIAN_POINT('',(135.045658076,-136.307520506,-8.3));
#786=VERTEX_POINT('',#785);
#787=CARTESIAN_POINT('',(136.68109082,-134.291754565,-8.3));
#788=DIRECTION('',(-0.630040857,-0.776561986,0.));
#789=VECTOR('',#788,2.595756651);
#790=LINE('',#787,#789);
#791=EDGE_CURVE('',#778,#786,#790,.T.);
#792=ORIENTED_EDGE('',*,*,#791,.T.);
#793=CARTESIAN_POINT('',(134.909158076,-136.633020506,-8.3));
#794=VERTEX_POINT('',#793);
#795=CARTESIAN_POINT('',(135.045658076,-136.307520506,-8.3));
#796=CARTESIAN_POINT('',(135.005828558,-136.353070448,-8.3));
#797=CARTESIAN_POINT('',(134.970374918,-136.402519634,-8.3));
#798=CARTESIAN_POINT('',(134.944932013,-136.457301263,-8.3));
#799=CARTESIAN_POINT('',(134.919489108,-136.512082893,-8.3));
#800=CARTESIAN_POINT('',(134.905099061,-136.572437909,-8.3));
#801=CARTESIAN_POINT('',(134.909158076,-136.633020506,-8.3));
#802=B_SPLINE_CURVE_WITH_KNOTS('',3,(#795,#796,#797,#798,#799,#800,#801),.UNSPECIFIED.,.F.,.F.,(4,3,4),(0.000945623,0.001126853,0.001308082),.UNSPECIFIED.);
#803=EDGE_CURVE('',#786,#794,#802,.T.);
#804=ORIENTED_EDGE('',*,*,#803,.T.);
#805=CARTESIAN_POINT('',(135.035158076,-136.895520506,-8.3));
#806=VERTEX_POINT('',#805);
#807=CARTESIAN_POINT('',(134.909158076,-136.633020506,-8.3));
#808=CARTESIAN_POINT('',(134.912497074,-136.6828563,-8.3));
#809=CARTESIAN_POINT('',(134.924166217,-136.731892511,-8.3));
#810=CARTESIAN_POINT('',(134.945737697,-136.776972118,-8.3));
#811=CARTESIAN_POINT('',(134.967309177,-136.822051725,-8.3));
#812=CARTESIAN_POINT('',(134.998212583,-136.86190162,-8.3));
#813=CARTESIAN_POINT('',(135.035158076,-136.895520506,-8.3));
#814=B_SPLINE_CURVE_WITH_KNOTS('',3,(#807,#808,#809,#810,#811,#812,#813),.UNSPECIFIED.,.F.,.F.,(4,3,4),(0.001262862,0.001412552,0.001562242),.UNSPECIFIED.);
#815=EDGE_CURVE('',#794,#806,#814,.T.);
#816=ORIENTED_EDGE('',*,*,#815,.T.);
#817=CARTESIAN_POINT('',(135.308158076,-136.990020506,-8.3));
#818=VERTEX_POINT('',#817);
#819=CARTESIAN_POINT('',(135.035158076,-136.895520506,-8.3));
#820=CARTESIAN_POINT('',(135.071931221,-136.928599797,-8.3));
#821=CARTESIAN_POINT('',(135.115544181,-136.953300653,-8.3));
#822=CARTESIAN_POINT('',(135.162474653,-136.968602406,-8.3));
#823=CARTESIAN_POINT('',(135.209405125,-136.983904159,-8.3));
#824=CARTESIAN_POINT('',(135.258764506,-136.990020506,-8.3));
#825=CARTESIAN_POINT('',(135.308158076,-136.990020506,-8.3));
#826=B_SPLINE_CURVE_WITH_KNOTS('',3,(#819,#820,#821,#822,#823,#824,#825),.UNSPECIFIED.,.F.,.F.,(4,3,4),(0.001130498,0.001278504,0.00142651),.UNSPECIFIED.);
#827=EDGE_CURVE('',#806,#818,#826,.T.);
#828=ORIENTED_EDGE('',*,*,#827,.T.);
#829=CARTESIAN_POINT('',(135.612658076,-136.927020506,-8.3));
#830=VERTEX_POINT('',#829);
#831=CARTESIAN_POINT('',(135.308158076,-136.990020506,-8.3));
#832=CARTESIAN_POINT('',(135.412827401,-136.990020506,-8.3));
#833=CARTESIAN_POINT('',(135.51896051,-136.973869088,-8.3));
#834=CARTESIAN_POINT('',(135.612658076,-136.927020506,-8.3));
#835=B_SPLINE_CURVE_WITH_KNOTS('',3,(#831,#832,#833,#834),.UNSPECIFIED.,.F.,.F.,(4,4),(0.001427591,0.001741512),.UNSPECIFIED.);
#836=EDGE_CURVE('',#818,#830,#835,.T.);
#837=ORIENTED_EDGE('',*,*,#836,.T.);
#838=CARTESIAN_POINT('',(135.833158076,-136.727520506,-8.3));
#839=VERTEX_POINT('',#838);
#840=CARTESIAN_POINT('',(135.612658076,-136.927020506,-8.3));
#841=CARTESIAN_POINT('',(135.700551464,-136.879056856,-8.3));
#842=CARTESIAN_POINT('',(135.772199909,-136.806756983,-8.3));
#843=CARTESIAN_POINT('',(135.833158076,-136.727520506,-8.3));
#844=B_SPLINE_CURVE_WITH_KNOTS('',3,(#840,#841,#842,#843),.UNSPECIFIED.,.F.,.F.,(4,4),(0.00105215,0.00135245),.UNSPECIFIED.);
#845=EDGE_CURVE('',#830,#839,#844,.T.);
#846=ORIENTED_EDGE('',*,*,#845,.T.);
#847=CARTESIAN_POINT('',(137.233808413,-134.96965733,-8.3));
#848=VERTEX_POINT('',#847);
#849=CARTESIAN_POINT('',(135.833158076,-136.727520506,-8.3));
#850=DIRECTION('',(0.623163736,0.7820914,0.));
#851=VECTOR('',#850,2.24764417);
#852=LINE('',#849,#851);
#853=EDGE_CURVE('',#839,#848,#852,.T.);
#854=ORIENTED_EDGE('',*,*,#853,.T.);
#855=CARTESIAN_POINT('',(138.615658076,-136.727520506,-8.3));
#856=VERTEX_POINT('',#855);
#857=CARTESIAN_POINT('',(137.233808413,-134.96965733,-8.3));
#858=DIRECTION('',(0.618007206,-0.786172432,0.));
#859=VECTOR('',#858,2.235976617);
#860=LINE('',#857,#859);
#861=EDGE_CURVE('',#848,#856,#860,.T.);
#862=ORIENTED_EDGE('',*,*,#861,.T.);
#863=CARTESIAN_POINT('',(138.846658076,-136.927020506,-8.3));
#864=VERTEX_POINT('',#863);
#865=CARTESIAN_POINT('',(138.615658076,-136.727520506,-8.3));
#866=CARTESIAN_POINT('',(138.681214516,-136.80614892,-8.3));
#867=CARTESIAN_POINT('',(138.75819547,-136.875380441,-8.3));
#868=CARTESIAN_POINT('',(138.846658076,-136.927020506,-8.3));
#869=B_SPLINE_CURVE_WITH_KNOTS('',3,(#865,#866,#867,#868),.UNSPECIFIED.,.F.,.F.,(4,4),(0.001312391,0.001619508),.UNSPECIFIED.);
#870=EDGE_CURVE('',#856,#864,#869,.T.);
#871=ORIENTED_EDGE('',*,*,#870,.T.);
#872=CARTESIAN_POINT('',(139.140658076,-136.990020506,-8.3));
#873=VERTEX_POINT('',#872);
#874=CARTESIAN_POINT('',(138.846658076,-136.927020506,-8.3));
#875=CARTESIAN_POINT('',(138.935907729,-136.975724273,-8.3));
#876=CARTESIAN_POINT('',(139.039219215,-136.990020506,-8.3));
#877=CARTESIAN_POINT('',(139.140658076,-136.990020506,-8.3));
#878=B_SPLINE_CURVE_WITH_KNOTS('',3,(#874,#875,#876,#877),.UNSPECIFIED.,.F.,.F.,(4,4),(0.001052156,0.00135691),.UNSPECIFIED.);
#879=EDGE_CURVE('',#864,#873,#878,.T.);
#880=ORIENTED_EDGE('',*,*,#879,.T.);
#881=CARTESIAN_POINT('',(139.413658076,-136.895520506,-8.3));
#882=VERTEX_POINT('',#881);
#883=CARTESIAN_POINT('',(139.140658076,-136.990020506,-8.3));
#884=CARTESIAN_POINT('',(139.189914361,-136.990020506,-8.3));
#885=CARTESIAN_POINT('',(139.23901314,-136.982960291,-8.3));
#886=CARTESIAN_POINT('',(139.285647845,-136.967089857,-8.3));
#887=CARTESIAN_POINT('',(139.332282551,-136.951219422,-8.3));
#888=CARTESIAN_POINT('',(139.375528497,-136.926731621,-8.3));
#889=CARTESIAN_POINT('',(139.413658076,-136.895520506,-8.3));
#890=B_SPLINE_CURVE_WITH_KNOTS('',3,(#883,#884,#885,#886,#887,#888,#889),.UNSPECIFIED.,.F.,.F.,(4,3,4),(0.001260027,0.001407688,0.001555349),.UNSPECIFIED.);
#891=EDGE_CURVE('',#873,#882,#890,.T.);
#892=ORIENTED_EDGE('',*,*,#891,.T.);
#893=CARTESIAN_POINT('',(139.539658076,-136.643520506,-8.3));
#894=VERTEX_POINT('',#893);
#895=CARTESIAN_POINT('',(139.413658076,-136.895520506,-8.3));
#896=CARTESIAN_POINT('',(139.451249855,-136.864749609,-8.3));
#897=CARTESIAN_POINT('',(139.48242869,-136.826891816,-8.3));
#898=CARTESIAN_POINT('',(139.50385609,-136.783305453,-8.3));
#899=CARTESIAN_POINT('',(139.525283491,-136.73971909,-8.3));
#900=CARTESIAN_POINT('',(139.536412248,-136.691965693,-8.3));
#901=CARTESIAN_POINT('',(139.539658076,-136.643520506,-8.3));
#902=B_SPLINE_CURVE_WITH_KNOTS('',3,(#895,#896,#897,#898,#899,#900,#901),.UNSPECIFIED.,.F.,.F.,(4,3,4),(0.001193647,0.00133879,0.001483933),.UNSPECIFIED.);
#903=EDGE_CURVE('',#882,#894,#902,.T.);
#904=ORIENTED_EDGE('',*,*,#903,.T.);
#905=CARTESIAN_POINT('',(139.403158076,-136.307520506,-8.3));
#906=VERTEX_POINT('',#905);
#907=CARTESIAN_POINT('',(139.539658076,-136.643520506,-8.3));
#908=CARTESIAN_POINT('',(139.539658076,-136.581752904,-8.3));
#909=CARTESIAN_POINT('',(139.523667766,-136.521119643,-8.3));
#910=CARTESIAN_POINT('',(139.498794499,-136.464836906,-8.3));
#911=CARTESIAN_POINT('',(139.473921232,-136.408554169,-8.3));
#912=CARTESIAN_POINT('',(139.440599277,-136.356448858,-8.3));
#913=CARTESIAN_POINT('',(139.403158076,-136.307520506,-8.3));
#914=B_SPLINE_CURVE_WITH_KNOTS('',3,(#907,#908,#909,#910,#911,#912,#913),.UNSPECIFIED.,.F.,.F.,(4,3,4),(0.001260094,0.001444932,0.00162977),.UNSPECIFIED.);
#915=EDGE_CURVE('',#894,#906,#914,.T.);
#916=ORIENTED_EDGE('',*,*,#915,.T.);
#917=CARTESIAN_POINT('',(137.777386651,-134.287053129,-8.3));
#918=VERTEX_POINT('',#917);
#919=CARTESIAN_POINT('',(139.403158076,-136.307520506,-8.3));
#920=DIRECTION('',(-0.626902127,0.779098019,0.));
#921=VECTOR('',#920,2.593341695);
#922=LINE('',#919,#921);
#923=EDGE_CURVE('',#906,#918,#922,.T.);
#924=ORIENTED_EDGE('',*,*,#923,.T.);
#925=CARTESIAN_POINT('',(139.287658076,-132.422520506,-8.3));
#926=VERTEX_POINT('',#925);
#927=CARTESIAN_POINT('',(137.777386651,-134.287053129,-8.3));
#928=DIRECTION('',(0.629421742,0.777063878,0.));
#929=VECTOR('',#928,2.399458622);
#930=LINE('',#927,#929);
#931=EDGE_CURVE('',#918,#926,#930,.T.);
#932=ORIENTED_EDGE('',*,*,#931,.T.);
#933=CARTESIAN_POINT('',(139.403158076,-131.687520506,-8.3));
#934=VERTEX_POINT('',#933);
#935=CARTESIAN_POINT('',(139.287658076,-132.422520506,-8.3));
#936=CARTESIAN_POINT('',(139.336632659,-132.373545923,-8.3));
#937=CARTESIAN_POINT('',(139.381761157,-132.32128512,-8.3));
#938=CARTESIAN_POINT('',(139.419790671,-132.263714209,-8.3));
#939=CARTESIAN_POINT('',(139.457820184,-132.206143299,-8.3));
#940=CARTESIAN_POINT('',(139.488398562,-132.143366268,-8.3));
#941=CARTESIAN_POINT('',(139.503913567,-132.076066197,-8.3));
#942=CARTESIAN_POINT('',(139.519428571,-132.008766126,-8.3));
#943=CARTESIAN_POINT('',(139.518210463,-131.937117853,-8.3));
#944=CARTESIAN_POINT('',(139.499476601,-131.870523804,-8.3));
#945=CARTESIAN_POINT('',(139.480742739,-131.803929755,-8.3));
#946=CARTESIAN_POINT('',(139.445958681,-131.742512981,-8.3));
#947=CARTESIAN_POINT('',(139.403158076,-131.687520506,-8.3));
#948=B_SPLINE_CURVE_WITH_KNOTS('',3,(#935,#936,#937,#938,#939,#940,#941,#942,#943,#944,#945,#946,#947),.UNSPECIFIED.,.F.,.F.,(4,3,3,3,4),(0.001182756,0.001390509,0.001598263,0.001806017,0.002013771),.UNSPECIFIED.);
#949=EDGE_CURVE('',#926,#934,#948,.T.);
#950=ORIENTED_EDGE('',*,*,#949,.T.);
#951=CARTESIAN_POINT('',(137.777386651,-129.667053129,-8.3));
#952=VERTEX_POINT('',#951);
#953=CARTESIAN_POINT('',(139.403158076,-131.687520506,-8.3));
#954=DIRECTION('',(-0.626902127,0.779098019,0.));
#955=VECTOR('',#954,2.593341695);
#956=LINE('',#953,#955);
#957=EDGE_CURVE('',#934,#952,#956,.T.);
#958=ORIENTED_EDGE('',*,*,#957,.T.);
#959=CARTESIAN_POINT('',(139.287658076,-127.802520506,-8.3));
#960=VERTEX_POINT('',#959);
#961=CARTESIAN_POINT('',(137.777386651,-129.667053129,-8.3));
#962=DIRECTION('',(0.629421742,0.777063878,0.));
#963=VECTOR('',#962,2.399458622);
#964=LINE('',#961,#963);
#965=EDGE_CURVE('',#952,#960,#964,.T.);
#966=ORIENTED_EDGE('',*,*,#965,.T.);
#967=CARTESIAN_POINT('',(139.424158076,-127.466520506,-8.3));
#968=VERTEX_POINT('',#967);
#969=CARTESIAN_POINT('',(139.287658076,-127.802520506,-8.3));
#970=CARTESIAN_POINT('',(139.32707336,-127.754643398,-8.3));
#971=CARTESIAN_POINT('',(139.36225963,-127.703189641,-8.3));
#972=CARTESIAN_POINT('',(139.387765332,-127.64678118,-8.3));
#973=CARTESIAN_POINT('',(139.413271034,-127.59037272,-8.3));
#974=CARTESIAN_POINT('',(139.428317995,-127.52861684,-8.3));
#975=CARTESIAN_POINT('',(139.424158076,-127.466520506,-8.3));
#976=B_SPLINE_CURVE_WITH_KNOTS('',3,(#969,#970,#971,#972,#973,#974,#975),.UNSPECIFIED.,.F.,.F.,(4,3,4),(0.000970448,0.001156234,0.00134202),.UNSPECIFIED.);
#977=EDGE_CURVE('',#960,#968,#976,.T.);
#978=ORIENTED_EDGE('',*,*,#977,.T.);
#979=CARTESIAN_POINT('',(139.308658076,-127.214520506,-8.3));
#980=VERTEX_POINT('',#979);
#981=CARTESIAN_POINT('',(139.424158076,-127.466520506,-8.3));
#982=CARTESIAN_POINT('',(139.420979055,-127.419072444,-8.3));
#983=CARTESIAN_POINT('',(139.411058072,-127.372155888,-8.3));
#984=CARTESIAN_POINT('',(139.391797936,-127.328687415,-8.3));
#985=CARTESIAN_POINT('',(139.372537801,-127.285218942,-8.3));
#986=CARTESIAN_POINT('',(139.344048448,-127.246355923,-8.3));
#987=CARTESIAN_POINT('',(139.308658076,-127.214520506,-8.3));
#988=B_SPLINE_CURVE_WITH_KNOTS('',3,(#981,#982,#983,#984,#985,#986,#987),.UNSPECIFIED.,.F.,.F.,(4,3,4),(0.001262862,0.001405377,0.001547893),.UNSPECIFIED.);
#989=EDGE_CURVE('',#968,#980,#988,.T.);
#990=ORIENTED_EDGE('',*,*,#989,.T.);
#991=CARTESIAN_POINT('',(139.025158076,-127.120020506,-8.3));
#992=VERTEX_POINT('',#991);
#993=CARTESIAN_POINT('',(139.308658076,-127.214520506,-8.3));
#994=CARTESIAN_POINT('',(139.269204025,-127.182225239,-8.3));
#995=CARTESIAN_POINT('',(139.223944169,-127.157685329,-8.3));
#996=CARTESIAN_POINT('',(139.175447643,-127.142137747,-8.3));
#997=CARTESIAN_POINT('',(139.126951117,-127.126590165,-8.3));
#998=CARTESIAN_POINT('',(139.07610014,-127.120020506,-8.3));
#999=CARTESIAN_POINT('',(139.025158076,-127.120020506,-8.3));
#1000=B_SPLINE_CURVE_WITH_KNOTS('',3,(#993,#994,#995,#996,#997,#998,#999),.UNSPECIFIED.,.F.,.F.,(4,3,4),(0.001193632,0.001346133,0.001498634),.UNSPECIFIED.);
#1001=EDGE_CURVE('',#980,#992,#1000,.T.);
#1002=ORIENTED_EDGE('',*,*,#1001,.T.);
#1003=CARTESIAN_POINT('',(138.731158076,-127.183020506,-8.3));
#1004=VERTEX_POINT('',#1003);
#1005=CARTESIAN_POINT('',(139.025158076,-127.120020506,-8.3));
#1006=CARTESIAN_POINT('',(138.974481436,-127.120020506,-8.3));
#1007=CARTESIAN_POINT('',(138.923795573,-127.123737804,-8.3));
#1008=CARTESIAN_POINT('',(138.874075745,-127.133389168,-8.3));
#1009=CARTESIAN_POINT('',(138.824355917,-127.143040533,-8.3));
#1010=CARTESIAN_POINT('',(138.775701458,-127.158713289,-8.3));
#1011=CARTESIAN_POINT('',(138.731158076,-127.183020506,-8.3));
#1012=B_SPLINE_CURVE_WITH_KNOTS('',3,(#1005,#1006,#1007,#1008,#1009,#1010,#1011),.UNSPECIFIED.,.F.,.F.,(4,3,4),(0.001427593,0.001579573,0.001731553),.UNSPECIFIED.);
#1013=EDGE_CURVE('',#992,#1004,#1012,.T.);
#1014=ORIENTED_EDGE('',*,*,#1013,.T.);
#1015=CARTESIAN_POINT('',(138.500158076,-127.382520506,-8.3));
#1016=VERTEX_POINT('',#1015);
#1017=CARTESIAN_POINT('',(138.731158076,-127.183020506,-8.3));
#1018=CARTESIAN_POINT('',(138.639247069,-127.228976009,-8.3));
#1019=CARTESIAN_POINT('',(138.562790423,-127.301136015,-8.3));
#1020=CARTESIAN_POINT('',(138.500158076,-127.382520506,-8.3));
#1021=B_SPLINE_CURVE_WITH_KNOTS('',3,(#1017,#1018,#1019,#1020),.UNSPECIFIED.,.F.,.F.,(4,4),(0.001126983,0.001435218),.UNSPECIFIED.);
#1022=EDGE_CURVE('',#1004,#1016,#1021,.T.);
#1023=ORIENTED_EDGE('',*,*,#1022,.T.);
#1024=CARTESIAN_POINT('',(137.219158076,-129.006977028,-8.3));
#1025=VERTEX_POINT('',#1024);
#1026=CARTESIAN_POINT('',(138.500158076,-127.382520506,-8.3));
#1027=DIRECTION('',(-0.619207743,-0.78522721,0.));
#1028=VECTOR('',#1027,2.068772581);
#1029=LINE('',#1026,#1028);
#1030=EDGE_CURVE('',#1016,#1025,#1029,.T.);
#1031=ORIENTED_EDGE('',*,*,#1030,.T.);
#1032=CARTESIAN_POINT('',(135.938158076,-127.382520506,-8.3));
#1033=VERTEX_POINT('',#1032);
#1034=CARTESIAN_POINT('',(137.219158076,-129.006977028,-8.3));
#1035=DIRECTION('',(-0.619207743,0.78522721,0.));
#1036=VECTOR('',#1035,2.068772581);
#1037=LINE('',#1034,#1036);
#1038=EDGE_CURVE('',#1025,#1033,#1037,.T.);
#1039=ORIENTED_EDGE('',*,*,#1038,.T.);
#1040=CARTESIAN_POINT('',(135.717658076,-127.183020506,-8.3));
#1041=VERTEX_POINT('',#1040);
#1042=CARTESIAN_POINT('',(135.938158076,-127.382520506,-8.3));
#1043=CARTESIAN_POINT('',(135.877235873,-127.303358178,-8.3));
#1044=CARTESIAN_POINT('',(135.805411203,-127.230908007,-8.3));
#1045=CARTESIAN_POINT('',(135.717658076,-127.183020506,-8.3));
#1046=B_SPLINE_CURVE_WITH_KNOTS('',3,(#1042,#1043,#1044,#1045),.UNSPECIFIED.,.F.,.F.,(4,4),(0.001378,0.001677608),.UNSPECIFIED.);
#1047=EDGE_CURVE('',#1033,#1041,#1046,.T.);
#1048=ORIENTED_EDGE('',*,*,#1047,.T.);
#1049=CARTESIAN_POINT('',(135.423658076,-127.120020506,-8.3));
#1050=VERTEX_POINT('',#1049);
#1051=CARTESIAN_POINT('',(135.717658076,-127.183020506,-8.3));
#1052=CARTESIAN_POINT('',(135.627068743,-127.13772584,-8.3));
#1053=CARTESIAN_POINT('',(135.524881593,-127.120020506,-8.3));
#1054=CARTESIAN_POINT('',(135.423658076,-127.120020506,-8.3));
#1055=B_SPLINE_CURVE_WITH_KNOTS('',3,(#1051,#1052,#1053,#1054),.UNSPECIFIED.,.F.,.F.,(4,4),(0.001127001,0.001430643),.UNSPECIFIED.);
#1056=EDGE_CURVE('',#1041,#1050,#1055,.T.);
#1057=ORIENTED_EDGE('',*,*,#1056,.T.);
#1058=CARTESIAN_POINT('',(135.150658076,-127.214520506,-8.3));
#1059=VERTEX_POINT('',#1058);
#1060=CARTESIAN_POINT('',(135.423658076,-127.120020506,-8.3));
#1061=CARTESIAN_POINT('',(135.374260163,-127.120020506,-8.3));
#1062=CARTESIAN_POINT('',(135.324887595,-127.126139418,-8.3));
#1063=CARTESIAN_POINT('',(135.277952405,-127.141445861,-8.3));
#1064=CARTESIAN_POINT('',(135.231017216,-127.156752304,-8.3));
#1065=CARTESIAN_POINT('',(135.187437261,-127.181435781,-8.3));
#1066=CARTESIAN_POINT('',(135.150658076,-127.214520506,-8.3));
#1067=B_SPLINE_CURVE_WITH_KNOTS('',3,(#1060,#1061,#1062,#1063,#1064,#1065,#1066),.UNSPECIFIED.,.F.,.F.,(4,3,4),(0.001344453,0.001492516,0.001640578),.UNSPECIFIED.);
#1068=EDGE_CURVE('',#1050,#1059,#1067,.T.);
#1069=ORIENTED_EDGE('',*,*,#1068,.T.);
#1070=CARTESIAN_POINT('',(135.035158076,-127.466520506,-8.3));
#1071=VERTEX_POINT('',#1070);
#1072=CARTESIAN_POINT('',(135.150658076,-127.214520506,-8.3));
#1073=CARTESIAN_POINT('',(135.113432815,-127.244991388,-8.3));
#1074=CARTESIAN_POINT('',(135.082972699,-127.282714708,-8.3));
#1075=CARTESIAN_POINT('',(135.063219499,-127.326590165,-8.3));
#1076=CARTESIAN_POINT('',(135.0434663,-127.370465622,-8.3));
#1077=CARTESIAN_POINT('',(135.035158076,-127.418432278,-8.3));
#1078=CARTESIAN_POINT('',(135.035158076,-127.466520506,-8.3));
#1079=B_SPLINE_CURVE_WITH_KNOTS('',3,(#1072,#1073,#1074,#1075,#1076,#1077,#1078),.UNSPECIFIED.,.F.,.F.,(4,3,4),(0.001193633,0.00133734,0.001481046),.UNSPECIFIED.);
#1080=EDGE_CURVE('',#1059,#1071,#1079,.T.);
#1081=ORIENTED_EDGE('',*,*,#1080,.T.);
#1082=CARTESIAN_POINT('',(135.161158076,-127.802520506,-8.3));
#1083=VERTEX_POINT('',#1082);
#1084=CARTESIAN_POINT('',(135.035158076,-127.466520506,-8.3));
#1085=CARTESIAN_POINT('',(135.031052285,-127.527808337,-8.3));
#1086=CARTESIAN_POINT('',(135.04434903,-127.588943755,-8.3));
#1087=CARTESIAN_POINT('',(135.067757275,-127.645420619,-8.3));
#1088=CARTESIAN_POINT('',(135.091165521,-127.701897482,-8.3));
#1089=CARTESIAN_POINT('',(135.123955179,-127.753890698,-8.3));
#1090=CARTESIAN_POINT('',(135.161158076,-127.802520506,-8.3));
#1091=B_SPLINE_CURVE_WITH_KNOTS('',3,(#1084,#1085,#1086,#1087,#1088,#1089,#1090),.UNSPECIFIED.,.F.,.F.,(4,3,4),(0.00098497,0.001168391,0.001351812),.UNSPECIFIED.);
#1092=EDGE_CURVE('',#1071,#1083,#1091,.T.);
#1093=ORIENTED_EDGE('',*,*,#1092,.T.);
#1094=CARTESIAN_POINT('',(136.68109082,-129.671754565,-8.3));
#1095=VERTEX_POINT('',#1094);
#1096=CARTESIAN_POINT('',(135.161158076,-127.802520506,-8.3));
#1097=DIRECTION('',(0.630887624,-0.775874221,0.));
#1098=VECTOR('',#1097,2.409197276);
#1099=LINE('',#1096,#1098);
#1100=EDGE_CURVE('',#1083,#1095,#1099,.T.);
#1101=ORIENTED_EDGE('',*,*,#1100,.T.);
#1102=CARTESIAN_POINT('',(136.68109082,-129.671754565,-8.3));
#1103=DIRECTION('',(-0.630040857,-0.776561986,0.));
#1104=VECTOR('',#1103,2.595756651);
#1105=LINE('',#1102,#1104);
#1106=EDGE_CURVE('',#1095,#763,#1105,.T.);
#1107=ORIENTED_EDGE('',*,*,#1106,.T.);
#1108=EDGE_LOOP('',(#776,#784,#792,#804,#816,#828,#837,#846,#854,#862,#871,#880,#892,#904,#916,#924,#932,#950,#958,#966,#978,#990,#1002,#1014,#1023,#1031,
#1039,#1048,#1057,#1069,#1081,#1093,#1101,#1107));
#1109=FACE_BOUND('',#1108,.T.);
#1110=CARTESIAN_POINT('',(124.675333076,-127.870980506,-8.3));
#1111=VERTEX_POINT('',#1110);
#1112=CARTESIAN_POINT('',(124.7976779,-128.114484123,-8.3));
#1113=VERTEX_POINT('',#1112);
#1114=CARTESIAN_POINT('',(124.675333076,-127.870980506,-8.3));
#1115=CARTESIAN_POINT('',(124.68437731,-127.916111767,-8.3));
#1116=CARTESIAN_POINT('',(124.699388793,-127.959846406,-8.3));
#1117=CARTESIAN_POINT('',(124.720168452,-128.000902245,-8.3));
#1118=CARTESIAN_POINT('',(124.740948112,-128.041958084,-8.3));
#1119=CARTESIAN_POINT('',(124.767389975,-128.079848334,-8.3));
#1120=CARTESIAN_POINT('',(124.7976779,-128.114484123,-8.3));
#1121=B_SPLINE_CURVE_WITH_KNOTS('',3,(#1114,#1115,#1116,#1117,#1118,#1119,#1120),.UNSPECIFIED.,.F.,.F.,(4,3,4),(0.001107548,0.001245391,0.001383235),.UNSPECIFIED.);
#1122=EDGE_CURVE('',#1111,#1113,#1121,.T.);
#1123=ORIENTED_EDGE('',*,*,#1122,.T.);
#1124=CARTESIAN_POINT('',(125.046297309,-128.234227971,-8.3));
#1125=VERTEX_POINT('',#1124);
#1126=CARTESIAN_POINT('',(125.06225782,-127.883118553,-8.3));
#1127=DIRECTION('',(-0.,-0.,1.));
#1128=DIRECTION('',(-1.,0.,0.));
#1129=AXIS2_PLACEMENT_3D('',#1126,#1127,#1128);
#1130=CIRCLE('',#1129,0.351471993);
#1131=EDGE_CURVE('',#1113,#1125,#1130,.T.);
#1132=ORIENTED_EDGE('',*,*,#1131,.T.);
#1133=CARTESIAN_POINT('',(125.333893076,-128.247300506,-8.3));
#1134=VERTEX_POINT('',#1133);
#1135=CARTESIAN_POINT('',(125.046297309,-128.234227971,-8.3));
#1136=DIRECTION('',(0.99896854,-0.045407661,0.));
#1137=VECTOR('',#1136,0.287892716);
#1138=LINE('',#1135,#1137);
#1139=EDGE_CURVE('',#1125,#1134,#1138,.T.);
#1140=ORIENTED_EDGE('',*,*,#1139,.T.);
#1141=CARTESIAN_POINT('',(126.503173076,-128.731140506,-8.3));
#1142=VERTEX_POINT('',#1141);
#1143=CARTESIAN_POINT('',(125.333893076,-128.247300506,-8.3));
#1144=CARTESIAN_POINT('',(125.550301008,-128.265335909,-8.3));
#1145=CARTESIAN_POINT('',(125.764775397,-128.302932385,-8.3));
#1146=CARTESIAN_POINT('',(125.968179364,-128.377931329,-8.3));
#1147=CARTESIAN_POINT('',(126.171583332,-128.452930274,-8.3));
#1148=CARTESIAN_POINT('',(126.359400011,-128.56606981,-8.3));
#1149=CARTESIAN_POINT('',(126.503173076,-128.731140506,-8.3));
#1150=B_SPLINE_CURVE_WITH_KNOTS('',3,(#1143,#1144,#1145,#1146,#1147,#1148,#1149),.UNSPECIFIED.,.F.,.F.,(4,3,4),(0.003795293,0.004445937,0.005096582),.UNSPECIFIED.);
#1151=EDGE_CURVE('',#1134,#1142,#1150,.T.);
#1152=ORIENTED_EDGE('',*,*,#1151,.T.);
#1153=CARTESIAN_POINT('',(126.866053076,-129.940740506,-8.3));
#1154=VERTEX_POINT('',#1153);
#1155=CARTESIAN_POINT('',(126.503173076,-128.731140506,-8.3));
#1156=CARTESIAN_POINT('',(126.648843381,-128.892996405,-8.3));
#1157=CARTESIAN_POINT('',(126.739375116,-129.091361598,-8.3));
#1158=CARTESIAN_POINT('',(126.793492488,-129.300173883,-8.3));
#1159=CARTESIAN_POINT('',(126.84760986,-129.508986168,-8.3));
#1160=CARTESIAN_POINT('',(126.866053076,-129.724690025,-8.3));
#1161=CARTESIAN_POINT('',(126.866053076,-129.940740506,-8.3));
#1162=B_SPLINE_CURVE_WITH_KNOTS('',3,(#1155,#1156,#1157,#1158,#1159,#1160,#1161),.UNSPECIFIED.,.F.,.F.,(4,3,4),(0.00333763,0.003985088,0.004632546),.UNSPECIFIED.);
#1163=EDGE_CURVE('',#1142,#1154,#1162,.T.);
#1164=ORIENTED_EDGE('',*,*,#1163,.T.);
#1165=CARTESIAN_POINT('',(126.866053076,-130.276740506,-8.3));
#1166=VERTEX_POINT('',#1165);
#1167=CARTESIAN_POINT('',(126.866053076,-129.940740506,-8.3));
#1168=DIRECTION('',(0.,-1.,0.));
#1169=VECTOR('',#1168,0.336);
#1170=LINE('',#1167,#1169);
#1171=EDGE_CURVE('',#1154,#1166,#1170,.T.);
#1172=ORIENTED_EDGE('',*,*,#1171,.T.);
#1173=CARTESIAN_POINT('',(125.495173076,-130.276740506,-8.3));
#1174=VERTEX_POINT('',#1173);
#1175=CARTESIAN_POINT('',(126.866053076,-130.276740506,-8.3));
#1176=DIRECTION('',(-1.,0.,0.));
#1177=VECTOR('',#1176,1.37088);
#1178=LINE('',#1175,#1177);
#1179=EDGE_CURVE('',#1166,#1174,#1178,.T.);
#1180=ORIENTED_EDGE('',*,*,#1179,.T.);
#1181=CARTESIAN_POINT('',(125.105413076,-130.397700506,-8.3));
#1182=VERTEX_POINT('',#1181);
#1183=CARTESIAN_POINT('',(125.495173076,-130.276740506,-8.3));
#1184=CARTESIAN_POINT('',(125.425476575,-130.276740506,-8.3));
#1185=CARTESIAN_POINT('',(125.355832611,-130.283215819,-8.3));
#1186=CARTESIAN_POINT('',(125.288700315,-130.301546508,-8.3));
#1187=CARTESIAN_POINT('',(125.221568018,-130.319877197,-8.3));
#1188=CARTESIAN_POINT('',(125.157389048,-130.350904157,-8.3));
#1189=CARTESIAN_POINT('',(125.105413076,-130.397700506,-8.3));
#1190=B_SPLINE_CURVE_WITH_KNOTS('',3,(#1183,#1184,#1185,#1186,#1187,#1188,#1189),.UNSPECIFIED.,.F.,.F.,(4,3,4),(0.001206208,0.001414994,0.00162378),.UNSPECIFIED.);
#1191=EDGE_CURVE('',#1174,#1182,#1190,.T.);
#1192=ORIENTED_EDGE('',*,*,#1191,.T.);
#1193=CARTESIAN_POINT('',(124.971013076,-130.747140506,-8.3));
#1194=VERTEX_POINT('',#1193);
#1195=CARTESIAN_POINT('',(125.105413076,-130.397700506,-8.3));
#1196=CARTESIAN_POINT('',(125.057191129,-130.441117218,-8.3));
#1197=CARTESIAN_POINT('',(125.02142489,-130.496981575,-8.3));
#1198=CARTESIAN_POINT('',(125.000092047,-130.557883563,-8.3));
#1199=CARTESIAN_POINT('',(124.978759204,-130.61878555,-8.3));
#1200=CARTESIAN_POINT('',(124.971013076,-130.68259191,-8.3));
#1201=CARTESIAN_POINT('',(124.971013076,-130.747140506,-8.3));
#1202=B_SPLINE_CURVE_WITH_KNOTS('',3,(#1195,#1196,#1197,#1198,#1199,#1200,#1201),.UNSPECIFIED.,.F.,.F.,(4,3,4),(0.000887808,0.001081344,0.001274881),.UNSPECIFIED.);
#1203=EDGE_CURVE('',#1182,#1194,#1202,.T.);
#1204=ORIENTED_EDGE('',*,*,#1203,.T.);
#1205=CARTESIAN_POINT('',(125.105413076,-131.096580506,-8.3));
#1206=VERTEX_POINT('',#1205);
#1207=CARTESIAN_POINT('',(124.971013076,-130.747140506,-8.3));
#1208=CARTESIAN_POINT('',(124.971013076,-130.811434826,-8.3));
#1209=CARTESIAN_POINT('',(124.980120018,-130.875640582,-8.3));
#1210=CARTESIAN_POINT('',(125.002340925,-130.935951211,-8.3));
#1211=CARTESIAN_POINT('',(125.024561833,-130.99626184,-8.3));
#1212=CARTESIAN_POINT('',(125.059905566,-131.051056991,-8.3));
#1213=CARTESIAN_POINT('',(125.105413076,-131.096580506,-8.3));
#1214=B_SPLINE_CURVE_WITH_KNOTS('',3,(#1207,#1208,#1209,#1210,#1211,#1212,#1213),.UNSPECIFIED.,.F.,.F.,(4,3,4),(0.001720331,0.001913003,0.002105676),.UNSPECIFIED.);
#1215=EDGE_CURVE('',#1194,#1206,#1214,.T.);
#1216=ORIENTED_EDGE('',*,*,#1215,.T.);
#1217=CARTESIAN_POINT('',(125.495173076,-131.217540506,-8.3));
#1218=VERTEX_POINT('',#1217);
#1219=CARTESIAN_POINT('',(125.105413076,-131.096580506,-8.3));
#1220=CARTESIAN_POINT('',(125.157368652,-131.143358286,-8.3));
#1221=CARTESIAN_POINT('',(125.221490869,-131.174372468,-8.3));
#1222=CARTESIAN_POINT('',(125.288620508,-131.192712706,-8.3));
#1223=CARTESIAN_POINT('',(125.355750146,-131.211052945,-8.3));
#1224=CARTESIAN_POINT('',(125.425476604,-131.217540506,-8.3));
#1225=CARTESIAN_POINT('',(125.495173076,-131.217540506,-8.3));
#1226=B_SPLINE_CURVE_WITH_KNOTS('',3,(#1219,#1220,#1221,#1222,#1223,#1224,#1225),.UNSPECIFIED.,.F.,.F.,(4,3,4),(0.001090008,0.001298786,0.001507564),.UNSPECIFIED.);
#1227=EDGE_CURVE('',#1206,#1218,#1226,.T.);
#1228=ORIENTED_EDGE('',*,*,#1227,.T.);
#1229=CARTESIAN_POINT('',(126.866053076,-131.217540506,-8.3));
#1230=VERTEX_POINT('',#1229);
#1231=CARTESIAN_POINT('',(125.495173076,-131.217540506,-8.3));
#1232=DIRECTION('',(1.,0.,-0.));
#1233=VECTOR('',#1232,1.37088);
#1234=LINE('',#1231,#1233);
#1235=EDGE_CURVE('',#1218,#1230,#1234,.T.);
#1236=ORIENTED_EDGE('',*,*,#1235,.T.);
#1237=CARTESIAN_POINT('',(126.866053076,-136.284420506,-8.3));
#1238=VERTEX_POINT('',#1237);
#1239=CARTESIAN_POINT('',(126.866053076,-131.217540506,-8.3));
#1240=DIRECTION('',(0.,-1.,0.));
#1241=VECTOR('',#1240,5.06688);
#1242=LINE('',#1239,#1241);
#1243=EDGE_CURVE('',#1230,#1238,#1242,.T.);
#1244=ORIENTED_EDGE('',*,*,#1243,.T.);
#1245=CARTESIAN_POINT('',(127.470853076,-136.916100506,-8.3));
#1246=VERTEX_POINT('',#1245);
#1247=CARTESIAN_POINT('',(126.866053076,-136.284420506,-8.3));
#1248=CARTESIAN_POINT('',(126.866053076,-136.368349051,-8.3));
#1249=CARTESIAN_POINT('',(126.873660085,-136.452130174,-8.3));
#1250=CARTESIAN_POINT('',(126.895644184,-136.532976865,-8.3));
#1251=CARTESIAN_POINT('',(126.906636233,-136.573400211,-8.3));
#1252=CARTESIAN_POINT('',(126.921127292,-136.612408921,-8.3));
#1253=CARTESIAN_POINT('',(126.940293856,-136.649527343,-8.3));
#1254=CARTESIAN_POINT('',(126.95946042,-136.686645765,-8.3));
#1255=CARTESIAN_POINT('',(126.983526123,-136.72176506,-8.3));
#1256=CARTESIAN_POINT('',(127.011776982,-136.752368899,-8.3));
#1257=CARTESIAN_POINT('',(127.040027842,-136.782972738,-8.3));
#1258=CARTESIAN_POINT('',(127.073271206,-136.809839391,-8.3));
#1259=CARTESIAN_POINT('',(127.109009264,-136.831403555,-8.3));
#1260=CARTESIAN_POINT('',(127.144747322,-136.852967719,-8.3));
#1261=CARTESIAN_POINT('',(127.183626905,-136.86981329,-8.3));
#1262=CARTESIAN_POINT('',(127.223564117,-136.882352516,-8.3));
#1263=CARTESIAN_POINT('',(127.30343854,-136.907430968,-8.3));
#1264=CARTESIAN_POINT('',(127.386884063,-136.916100506,-8.3));
#1265=CARTESIAN_POINT('',(127.470853076,-136.916100506,-8.3));
#1266=B_SPLINE_CURVE_WITH_KNOTS('',3,(#1247,#1248,#1249,#1250,#1251,#1252,#1253,#1254,#1255,#1256,#1257,#1258,#1259,#1260,#1261,#1262,#1263,#1264,#1265),.UNSPECIFIED.,.F.,.F.,(4,3,3,3,3,3,4),(0.005054535,0.005304966,0.005430182,0.005555398,0.005680613,0.005805829,0.00605626),.UNSPECIFIED.);
#1267=EDGE_CURVE('',#1238,#1246,#1266,.T.);
#1268=ORIENTED_EDGE('',*,*,#1267,.T.);
#1269=CARTESIAN_POINT('',(127.927813076,-136.754820506,-8.3));
#1270=VERTEX_POINT('',#1269);
#1271=CARTESIAN_POINT('',(127.470853076,-136.916100506,-8.3));
#1272=CARTESIAN_POINT('',(127.553978289,-136.916100506,-8.3));
#1273=CARTESIAN_POINT('',(127.637220529,-136.9067367,-8.3));
#1274=CARTESIAN_POINT('',(127.716283836,-136.881380935,-8.3));
#1275=CARTESIAN_POINT('',(127.795347143,-136.85602517,-8.3));
#1276=CARTESIAN_POINT('',(127.868899712,-136.81373387,-8.3));
#1277=CARTESIAN_POINT('',(127.927813076,-136.754820506,-8.3));
#1278=B_SPLINE_CURVE_WITH_KNOTS('',3,(#1271,#1272,#1273,#1274,#1275,#1276,#1277),.UNSPECIFIED.,.F.,.F.,(4,3,4),(0.001267711,0.001517005,0.001766299),.UNSPECIFIED.);
#1279=EDGE_CURVE('',#1246,#1270,#1278,.T.);
#1280=ORIENTED_EDGE('',*,*,#1279,.T.);
#1281=CARTESIAN_POINT('',(128.089093076,-136.284420506,-8.3));
#1282=VERTEX_POINT('',#1281);
#1283=CARTESIAN_POINT('',(127.927813076,-136.754820506,-8.3));
#1284=CARTESIAN_POINT('',(127.988285121,-136.69434846,-8.3));
#1285=CARTESIAN_POINT('',(128.030380564,-136.617927539,-8.3));
#1286=CARTESIAN_POINT('',(128.055285275,-136.536502066,-8.3));
#1287=CARTESIAN_POINT('',(128.080189986,-136.455076594,-8.3));
#1288=CARTESIAN_POINT('',(128.089093076,-136.369699404,-8.3));
#1289=CARTESIAN_POINT('',(128.089093076,-136.284420506,-8.3));
#1290=B_SPLINE_CURVE_WITH_KNOTS('',3,(#1283,#1284,#1285,#1286,#1287,#1288,#1289),.UNSPECIFIED.,.F.,.F.,(4,3,4),(0.00129799,0.001553444,0.001808899),.UNSPECIFIED.);
#1291=EDGE_CURVE('',#1270,#1282,#1290,.T.);
#1292=ORIENTED_EDGE('',*,*,#1291,.T.);
#1293=CARTESIAN_POINT('',(128.089093076,-131.217540506,-8.3));
#1294=VERTEX_POINT('',#1293);
#1295=CARTESIAN_POINT('',(128.089093076,-136.284420506,-8.3));
#1296=DIRECTION('',(0.,1.,0.));
#1297=VECTOR('',#1296,5.06688);
#1298=LINE('',#1295,#1297);
#1299=EDGE_CURVE('',#1282,#1294,#1298,.T.);
#1300=ORIENTED_EDGE('',*,*,#1299,.T.);
#1301=CARTESIAN_POINT('',(128.895493076,-131.217540506,-8.3));
#1302=VERTEX_POINT('',#1301);
#1303=CARTESIAN_POINT('',(128.089093076,-131.217540506,-8.3));
#1304=DIRECTION('',(1.,0.,-0.));
#1305=VECTOR('',#1304,0.8064);
#1306=LINE('',#1303,#1305);
#1307=EDGE_CURVE('',#1294,#1302,#1306,.T.);
#1308=ORIENTED_EDGE('',*,*,#1307,.T.);
#1309=CARTESIAN_POINT('',(129.271813076,-131.096580506,-8.3));
#1310=VERTEX_POINT('',#1309);
#1311=CARTESIAN_POINT('',(128.895493076,-131.217540506,-8.3));
#1312=CARTESIAN_POINT('',(128.963028108,-131.217540506,-8.3));
#1313=CARTESIAN_POINT('',(129.030562032,-131.210670377,-8.3));
#1314=CARTESIAN_POINT('',(129.095354211,-131.191935549,-8.3));
#1315=CARTESIAN_POINT('',(129.16014639,-131.17320072,-8.3));
#1316=CARTESIAN_POINT('',(129.221488867,-131.141889993,-8.3));
#1317=CARTESIAN_POINT('',(129.271813076,-131.096580506,-8.3));
#1318=B_SPLINE_CURVE_WITH_KNOTS('',3,(#1311,#1312,#1313,#1314,#1315,#1316,#1317),.UNSPECIFIED.,.F.,.F.,(4,3,4),(0.001149867,0.001352139,0.001554411),.UNSPECIFIED.);
#1319=EDGE_CURVE('',#1302,#1310,#1318,.T.);
#1320=ORIENTED_EDGE('',*,*,#1319,.T.);
#1321=CARTESIAN_POINT('',(129.406213076,-130.747140506,-8.3));
#1322=VERTEX_POINT('',#1321);
#1323=CARTESIAN_POINT('',(129.271813076,-131.096580506,-8.3));
#1324=CARTESIAN_POINT('',(129.317324249,-131.051053326,-8.3));
#1325=CARTESIAN_POINT('',(129.352664393,-130.996262415,-8.3));
#1326=CARTESIAN_POINT('',(129.374885888,-130.935949414,-8.3));
#1327=CARTESIAN_POINT('',(129.397107383,-130.875636412,-8.3));
#1328=CARTESIAN_POINT('',(129.406213076,-130.811438451,-8.3));
#1329=CARTESIAN_POINT('',(129.406213076,-130.747140506,-8.3));
#1330=B_SPLINE_CURVE_WITH_KNOTS('',3,(#1323,#1324,#1325,#1326,#1327,#1328,#1329),.UNSPECIFIED.,.F.,.F.,(4,3,4),(0.001520385,0.001712757,0.001905129),.UNSPECIFIED.);
#1331=EDGE_CURVE('',#1310,#1322,#1330,.T.);
#1332=ORIENTED_EDGE('',*,*,#1331,.T.);
#1333=CARTESIAN_POINT('',(129.271813076,-130.397700506,-8.3));
#1334=VERTEX_POINT('',#1333);
#1335=CARTESIAN_POINT('',(129.406213076,-130.747140506,-8.3));
#1336=CARTESIAN_POINT('',(129.406213076,-130.68259191,-8.3));
#1337=CARTESIAN_POINT('',(129.398466947,-130.61878555,-8.3));
#1338=CARTESIAN_POINT('',(129.377134104,-130.557883563,-8.3));
#1339=CARTESIAN_POINT('',(129.355801261,-130.496981575,-8.3));
#1340=CARTESIAN_POINT('',(129.320035023,-130.441117218,-8.3));
#1341=CARTESIAN_POINT('',(129.271813076,-130.397700506,-8.3));
#1342=B_SPLINE_CURVE_WITH_KNOTS('',3,(#1335,#1336,#1337,#1338,#1339,#1340,#1341),.UNSPECIFIED.,.F.,.F.,(4,3,4),(0.000887808,0.001081344,0.001274881),.UNSPECIFIED.);
#1343=EDGE_CURVE('',#1322,#1334,#1342,.T.);
#1344=ORIENTED_EDGE('',*,*,#1343,.T.);
#1345=CARTESIAN_POINT('',(128.895493076,-130.276740506,-8.3));
#1346=VERTEX_POINT('',#1345);
#1347=CARTESIAN_POINT('',(129.271813076,-130.397700506,-8.3));
#1348=CARTESIAN_POINT('',(129.221488411,-130.352390608,-8.3));
#1349=CARTESIAN_POINT('',(129.160127679,-130.321072287,-8.3));
#1350=CARTESIAN_POINT('',(129.095334721,-130.302339828,-8.3));
#1351=CARTESIAN_POINT('',(129.030541763,-130.283607369,-8.3));
#1352=CARTESIAN_POINT('',(128.963028609,-130.276740506,-8.3));
#1353=CARTESIAN_POINT('',(128.895493076,-130.276740506,-8.3));
#1354=B_SPLINE_CURVE_WITH_KNOTS('',3,(#1347,#1348,#1349,#1350,#1351,#1352,#1353),.UNSPECIFIED.,.F.,.F.,(4,3,4),(0.001126448,0.001328713,0.001530979),.UNSPECIFIED.);
#1355=EDGE_CURVE('',#1334,#1346,#1354,.T.);
#1356=ORIENTED_EDGE('',*,*,#1355,.T.);
#1357=CARTESIAN_POINT('',(128.089093076,-130.276740506,-8.3));
#1358=VERTEX_POINT('',#1357);
#1359=CARTESIAN_POINT('',(128.895493076,-130.276740506,-8.3));
#1360=DIRECTION('',(-1.,0.,0.));
#1361=VECTOR('',#1360,0.8064);
#1362=LINE('',#1359,#1361);
#1363=EDGE_CURVE('',#1346,#1358,#1362,.T.);
#1364=ORIENTED_EDGE('',*,*,#1363,.T.);
#1365=CARTESIAN_POINT('',(128.089093076,-130.102020506,-8.3));
#1366=VERTEX_POINT('',#1365);
#1367=CARTESIAN_POINT('',(128.089093076,-130.276740506,-8.3));
#1368=DIRECTION('',(0.,1.,0.));
#1369=VECTOR('',#1368,0.17472);
#1370=LINE('',#1367,#1369);
#1371=EDGE_CURVE('',#1358,#1366,#1370,.T.);
#1372=ORIENTED_EDGE('',*,*,#1371,.T.);
#1373=CARTESIAN_POINT('',(127.457413076,-128.126340506,-8.3));
#1374=VERTEX_POINT('',#1373);
#1375=CARTESIAN_POINT('',(128.089093076,-130.102020506,-8.3));
#1376=CARTESIAN_POINT('',(128.089093076,-129.924309693,-8.3));
#1377=CARTESIAN_POINT('',(128.080335761,-129.746747311,-8.3));
#1378=CARTESIAN_POINT('',(128.059991354,-129.571447362,-8.3));
#1379=CARTESIAN_POINT('',(128.039646947,-129.396147413,-8.3));
#1380=CARTESIAN_POINT('',(128.007805794,-129.222666163,-8.3));
#1381=CARTESIAN_POINT('',(127.959822091,-129.051738543,-8.3));
#1382=CARTESIAN_POINT('',(127.911838387,-128.880810922,-8.3));
#1383=CARTESIAN_POINT('',(127.847777895,-128.714301686,-8.3));
#1384=CARTESIAN_POINT('',(127.765287084,-128.55901239,-8.3));
#1385=CARTESIAN_POINT('',(127.724041678,-128.481367742,-8.3));
#1386=CARTESIAN_POINT('',(127.678076609,-128.406175595,-8.3));
#1387=CARTESIAN_POINT('',(127.626794842,-128.33374619,-8.3));
#1388=CARTESIAN_POINT('',(127.575513076,-128.261316784,-8.3));
#1389=CARTESIAN_POINT('',(127.518733846,-128.191570457,-8.3));
#1390=CARTESIAN_POINT('',(127.457413076,-128.126340506,-8.3));
#1391=B_SPLINE_CURVE_WITH_KNOTS('',3,(#1375,#1376,#1377,#1378,#1379,#1380,#1381,#1382,#1383,#1384,#1385,#1386,#1387,#1388,#1389,#1390),.UNSPECIFIED.,.F.,.F.,(4,3,3,3,3,4),(0.005818146,0.006351056,0.006883966,0.007416876,0.007683331,0.007949786),.UNSPECIFIED.);
#1392=EDGE_CURVE('',#1366,#1374,#1391,.T.);
#1393=ORIENTED_EDGE('',*,*,#1392,.T.);
#1394=CARTESIAN_POINT('',(125.575813076,-127.333380506,-8.3));
#1395=VERTEX_POINT('',#1394);
#1396=CARTESIAN_POINT('',(127.457413076,-128.126340506,-8.3));
#1397=CARTESIAN_POINT('',(127.336948157,-127.99834653,-8.3));
#1398=CARTESIAN_POINT('',(127.20157475,-127.886600209,-8.3));
#1399=CARTESIAN_POINT('',(127.056761221,-127.792324674,-8.3));
#1400=CARTESIAN_POINT('',(126.911947692,-127.698049139,-8.3));
#1401=CARTESIAN_POINT('',(126.755568943,-127.619683226,-8.3));
#1402=CARTESIAN_POINT('',(126.592777134,-127.556342496,-8.3));
#1403=CARTESIAN_POINT('',(126.429985325,-127.493001765,-8.3));
#1404=CARTESIAN_POINT('',(126.26313856,-127.445214812,-8.3));
#1405=CARTESIAN_POINT('',(126.093252465,-127.40908595,-8.3));
#1406=CARTESIAN_POINT('',(125.923366371,-127.372957088,-8.3));
#1407=CARTESIAN_POINT('',(125.749972324,-127.348524885,-8.3));
#1408=CARTESIAN_POINT('',(125.575813076,-127.333380506,-8.3));
#1409=B_SPLINE_CURVE_WITH_KNOTS('',3,(#1396,#1397,#1398,#1399,#1400,#1401,#1402,#1403,#1404,#1405,#1406,#1407,#1408),.UNSPECIFIED.,.F.,.F.,(4,3,3,3,4),(0.005683098,0.006207139,0.00673118,0.007255221,0.007779263),.UNSPECIFIED.);
#1410=EDGE_CURVE('',#1374,#1395,#1409,.T.);
#1411=ORIENTED_EDGE('',*,*,#1410,.T.);
#1412=CARTESIAN_POINT('',(125.159173076,-127.306500506,-8.3));
#1413=VERTEX_POINT('',#1412);
#1414=CARTESIAN_POINT('',(125.575813076,-127.333380506,-8.3));
#1415=DIRECTION('',(-0.997925309,0.064382278,0.));
#1416=VECTOR('',#1415,0.417506196);
#1417=LINE('',#1414,#1416);
#1418=EDGE_CURVE('',#1395,#1413,#1417,.T.);
#1419=ORIENTED_EDGE('',*,*,#1418,.T.);
#1420=CARTESIAN_POINT('',(124.836613076,-127.373700506,-8.3));
#1421=VERTEX_POINT('',#1420);
#1422=CARTESIAN_POINT('',(125.159173076,-127.306500506,-8.3));
#1423=CARTESIAN_POINT('',(125.103123397,-127.299025756,-8.3));
#1424=CARTESIAN_POINT('',(125.046169777,-127.297648322,-8.3));
#1425=CARTESIAN_POINT('',(124.990549438,-127.307403495,-8.3));
#1426=CARTESIAN_POINT('',(124.934929098,-127.317158668,-8.3));
#1427=CARTESIAN_POINT('',(124.881363056,-127.338896908,-8.3));
#1428=CARTESIAN_POINT('',(124.836613076,-127.373700506,-8.3));
#1429=B_SPLINE_CURVE_WITH_KNOTS('',3,(#1422,#1423,#1424,#1425,#1426,#1427,#1428),.UNSPECIFIED.,.F.,.F.,(4,3,4),(0.00085441,0.001023908,0.001193406),.UNSPECIFIED.);
#1430=EDGE_CURVE('',#1413,#1421,#1429,.T.);
#1431=ORIENTED_EDGE('',*,*,#1430,.T.);
#1432=CARTESIAN_POINT('',(124.675333076,-127.588740506,-8.3));
#1433=VERTEX_POINT('',#1432);
#1434=CARTESIAN_POINT('',(124.836613076,-127.373700506,-8.3));
#1435=CARTESIAN_POINT('',(124.798463139,-127.399133797,-8.3));
#1436=CARTESIAN_POINT('',(124.764239182,-127.430146843,-8.3));
#1437=CARTESIAN_POINT('',(124.73659701,-127.466740351,-8.3));
#1438=CARTESIAN_POINT('',(124.708954838,-127.50333386,-8.3));
#1439=CARTESIAN_POINT('',(124.688511817,-127.544813085,-8.3));
#1440=CARTESIAN_POINT('',(124.675333076,-127.588740506,-8.3));
#1441=B_SPLINE_CURVE_WITH_KNOTS('',3,(#1434,#1435,#1436,#1437,#1438,#1439,#1440),.UNSPECIFIED.,.F.,.F.,(4,3,4),(0.001163032,0.001300482,0.001437932),.UNSPECIFIED.);
#1442=EDGE_CURVE('',#1421,#1433,#1441,.T.);
#1443=ORIENTED_EDGE('',*,*,#1442,.T.);
#1444=CARTESIAN_POINT('',(124.675333076,-127.588740506,-8.3));
#1445=CARTESIAN_POINT('',(124.647883422,-127.680235776,-8.3));
#1446=CARTESIAN_POINT('',(124.650210753,-127.778862054,-8.3));
#1447=CARTESIAN_POINT('',(124.675333076,-127.870980506,-8.3));
#1448=B_SPLINE_CURVE_WITH_KNOTS('',3,(#1444,#1445,#1446,#1447),.UNSPECIFIED.,.F.,.F.,(4,4),(0.001122562,0.001408532),.UNSPECIFIED.);
#1449=EDGE_CURVE('',#1433,#1111,#1448,.T.);
#1450=ORIENTED_EDGE('',*,*,#1449,.T.);
#1451=EDGE_LOOP('',(#1123,#1132,#1140,#1152,#1164,#1172,#1180,#1192,#1204,#1216,#1228,#1236,#1244,#1268,#1280,#1292,#1300,#1308,#1320,#1332,#1344,#1356,#1364,#1372,#1393,#1411,
#1419,#1431,#1443,#1450));
#1452=FACE_BOUND('',#1451,.T.);
#1453=CARTESIAN_POINT('',(129.849313076,-135.908100506,-8.3));
#1454=VERTEX_POINT('',#1453);
#1455=CARTESIAN_POINT('',(129.661153076,-135.881220506,-8.3));
#1456=VERTEX_POINT('',#1455);
#1457=CARTESIAN_POINT('',(129.849313076,-135.908100506,-8.3));
#1458=CARTESIAN_POINT('',(129.786588877,-135.899169925,-8.3));
#1459=CARTESIAN_POINT('',(129.723877274,-135.890151087,-8.3));
#1460=CARTESIAN_POINT('',(129.661153076,-135.881220506,-8.3));
#1461=B_SPLINE_CURVE_WITH_KNOTS('',3,(#1457,#1458,#1459,#1460),.UNSPECIFIED.,.F.,.F.,(4,4),(0.000190427,0.000380497),.UNSPECIFIED.);
#1462=EDGE_CURVE('',#1454,#1456,#1461,.T.);
#1463=ORIENTED_EDGE('',*,*,#1462,.T.);
#1464=CARTESIAN_POINT('',(129.446113076,-135.961860506,-8.3));
#1465=VERTEX_POINT('',#1464);
#1466=CARTESIAN_POINT('',(129.661153076,-135.881220506,-8.3));
#1467=CARTESIAN_POINT('',(129.621004275,-135.877586163,-8.3));
#1468=CARTESIAN_POINT('',(129.580159884,-135.879235749,-8.3));
#1469=CARTESIAN_POINT('',(129.54197393,-135.89170724,-8.3));
#1470=CARTESIAN_POINT('',(129.503787975,-135.90417873,-8.3));
#1471=CARTESIAN_POINT('',(129.469686895,-135.928901325,-8.3));
#1472=CARTESIAN_POINT('',(129.446113076,-135.961860506,-8.3));
#1473=B_SPLINE_CURVE_WITH_KNOTS('',3,(#1466,#1467,#1468,#1469,#1470,#1471,#1472),.UNSPECIFIED.,.F.,.F.,(4,3,4),(0.,0.000119954,0.000239907),.UNSPECIFIED.);
#1474=EDGE_CURVE('',#1456,#1465,#1473,.T.);
#1475=ORIENTED_EDGE('',*,*,#1474,.T.);
#1476=CARTESIAN_POINT('',(129.378913076,-136.338180506,-8.3));
#1477=VERTEX_POINT('',#1476);
#1478=CARTESIAN_POINT('',(129.446113076,-135.961860506,-8.3));
#1479=CARTESIAN_POINT('',(129.427186157,-135.988322731,-8.3));
#1480=CARTESIAN_POINT('',(129.415979826,-136.019086904,-8.3));
#1481=CARTESIAN_POINT('',(129.407451002,-136.050160864,-8.3));
#1482=CARTESIAN_POINT('',(129.398922178,-136.081234824,-8.3));
#1483=CARTESIAN_POINT('',(129.39337007,-136.113187915,-8.3));
#1484=CARTESIAN_POINT('',(129.389311379,-136.145161101,-8.3));
#1485=CARTESIAN_POINT('',(129.381193996,-136.209107472,-8.3));
#1486=CARTESIAN_POINT('',(129.378913076,-136.273636827,-8.3));
#1487=CARTESIAN_POINT('',(129.378913076,-136.338180506,-8.3));
#1488=B_SPLINE_CURVE_WITH_KNOTS('',3,(#1478,#1479,#1480,#1481,#1482,#1483,#1484,#1485,#1486,#1487),.UNSPECIFIED.,.F.,.F.,(4,3,3,4),(0.000925142,0.001021528,0.001117914,0.001310685),.UNSPECIFIED.);
#1489=EDGE_CURVE('',#1465,#1477,#1488,.T.);
#1490=ORIENTED_EDGE('',*,*,#1489,.T.);
#1491=CARTESIAN_POINT('',(129.499873076,-136.741380506,-8.3));
#1492=VERTEX_POINT('',#1491);
#1493=CARTESIAN_POINT('',(129.378913076,-136.338180506,-8.3));
#1494=CARTESIAN_POINT('',(129.378913076,-136.409891341,-8.3));
#1495=CARTESIAN_POINT('',(129.385832508,-136.481269783,-8.3));
#1496=CARTESIAN_POINT('',(129.404534139,-136.550430302,-8.3));
#1497=CARTESIAN_POINT('',(129.423235769,-136.619590822,-8.3));
#1498=CARTESIAN_POINT('',(129.454316426,-136.685680323,-8.3));
#1499=CARTESIAN_POINT('',(129.499873076,-136.741380506,-8.3));
#1500=B_SPLINE_CURVE_WITH_KNOTS('',3,(#1493,#1494,#1495,#1496,#1497,#1498,#1499),.UNSPECIFIED.,.F.,.F.,(4,3,4),(0.001092581,0.001307536,0.001522491),.UNSPECIFIED.);
#1501=EDGE_CURVE('',#1477,#1492,#1500,.T.);
#1502=ORIENTED_EDGE('',*,*,#1501,.T.);
#1503=CARTESIAN_POINT('',(129.862753076,-136.916100506,-8.3));
#1504=VERTEX_POINT('',#1503);
#1505=CARTESIAN_POINT('',(129.499873076,-136.741380506,-8.3));
#1506=CARTESIAN_POINT('',(129.543151449,-136.795430887,-8.3));
#1507=CARTESIAN_POINT('',(129.601682519,-136.834201671,-8.3));
#1508=CARTESIAN_POINT('',(129.664715261,-136.861543891,-8.3));
#1509=CARTESIAN_POINT('',(129.727748003,-136.888886111,-8.3));
#1510=CARTESIAN_POINT('',(129.794769627,-136.90536407,-8.3));
#1511=CARTESIAN_POINT('',(129.862753076,-136.916100506,-8.3));
#1512=B_SPLINE_CURVE_WITH_KNOTS('',3,(#1505,#1506,#1507,#1508,#1509,#1510,#1511),.UNSPECIFIED.,.F.,.F.,(4,3,4),(0.001082949,0.00128918,0.001495411),.UNSPECIFIED.);
#1513=EDGE_CURVE('',#1492,#1504,#1512,.T.);
#1514=ORIENTED_EDGE('',*,*,#1513,.T.);
#1515=CARTESIAN_POINT('',(130.104673076,-136.929540506,-8.3));
#1516=VERTEX_POINT('',#1515);
#1517=CARTESIAN_POINT('',(129.862753076,-136.916100506,-8.3));
#1518=CARTESIAN_POINT('',(129.943072931,-136.924990073,-8.3));
#1519=CARTESIAN_POINT('',(130.023862569,-136.929540506,-8.3));
#1520=CARTESIAN_POINT('',(130.104673076,-136.929540506,-8.3));
#1521=B_SPLINE_CURVE_WITH_KNOTS('',3,(#1517,#1518,#1519,#1520),.UNSPECIFIED.,.F.,.F.,(4,4),(0.000973612,0.001216041),.UNSPECIFIED.);
#1522=EDGE_CURVE('',#1504,#1516,#1521,.T.);
#1523=ORIENTED_EDGE('',*,*,#1522,.T.);
#1524=CARTESIAN_POINT('',(130.346593076,-136.942980506,-8.3));
#1525=VERTEX_POINT('',#1524);
#1526=CARTESIAN_POINT('',(130.104673076,-136.929540506,-8.3));
#1527=CARTESIAN_POINT('',(130.184992931,-136.938430073,-8.3));
#1528=CARTESIAN_POINT('',(130.265782569,-136.942980506,-8.3));
#1529=CARTESIAN_POINT('',(130.346593076,-136.942980506,-8.3));
#1530=B_SPLINE_CURVE_WITH_KNOTS('',3,(#1526,#1527,#1528,#1529),.UNSPECIFIED.,.F.,.F.,(4,4),(0.000973589,0.00121602),.UNSPECIFIED.);
#1531=EDGE_CURVE('',#1516,#1525,#1530,.T.);
#1532=ORIENTED_EDGE('',*,*,#1531,.T.);
#1533=CARTESIAN_POINT('',(131.878753076,-136.351620506,-8.3));
#1534=VERTEX_POINT('',#1533);
#1535=CARTESIAN_POINT('',(130.346593076,-136.942980506,-8.3));
#1536=CARTESIAN_POINT('',(130.630018077,-136.942980506,-8.3));
#1537=CARTESIAN_POINT('',(130.908292353,-136.90977635,-8.3));
#1538=CARTESIAN_POINT('',(131.176070738,-136.816296679,-8.3));
#1539=CARTESIAN_POINT('',(131.309959931,-136.769556843,-8.3));
#1540=CARTESIAN_POINT('',(131.438582698,-136.707742067,-8.3));
#1541=CARTESIAN_POINT('',(131.556866973,-136.630205314,-8.3));
#1542=CARTESIAN_POINT('',(131.675151248,-136.55266856,-8.3));
#1543=CARTESIAN_POINT('',(131.784020796,-136.458507438,-8.3));
#1544=CARTESIAN_POINT('',(131.878753076,-136.351620506,-8.3));
#1545=B_SPLINE_CURVE_WITH_KNOTS('',3,(#1535,#1536,#1537,#1538,#1539,#1540,#1541,#1542,#1543,#1544),.UNSPECIFIED.,.F.,.F.,(4,3,3,4),(0.008064,0.008914263,0.009339395,0.009764527),.UNSPECIFIED.);
#1546=EDGE_CURVE('',#1525,#1534,#1545,.T.);
#1547=ORIENTED_EDGE('',*,*,#1546,.T.);
#1548=CARTESIAN_POINT('',(132.402913076,-134.617860506,-8.3));
#1549=VERTEX_POINT('',#1548);
#1550=CARTESIAN_POINT('',(131.878753076,-136.351620506,-8.3));
#1551=CARTESIAN_POINT('',(131.980609487,-136.234093877,-8.3));
#1552=CARTESIAN_POINT('',(132.06600749,-136.102945126,-8.3));
#1553=CARTESIAN_POINT('',(132.134687464,-135.964836488,-8.3));
#1554=CARTESIAN_POINT('',(132.203367439,-135.82672785,-8.3));
#1555=CARTESIAN_POINT('',(132.25623009,-135.680475733,-8.3));
#1556=CARTESIAN_POINT('',(132.295873172,-135.531171302,-8.3));
#1557=CARTESIAN_POINT('',(132.375159338,-135.232562438,-8.3));
#1558=CARTESIAN_POINT('',(132.402913076,-134.926917499,-8.3));
#1559=CARTESIAN_POINT('',(132.402913076,-134.617860506,-8.3));
#1560=B_SPLINE_CURVE_WITH_KNOTS('',3,(#1550,#1551,#1552,#1553,#1554,#1555,#1556,#1557,#1558,#1559),.UNSPECIFIED.,.F.,.F.,(4,3,3,4),(0.003279007,0.003742782,0.004206556,0.005134106),.UNSPECIFIED.);
#1561=EDGE_CURVE('',#1534,#1549,#1560,.T.);
#1562=ORIENTED_EDGE('',*,*,#1561,.T.);
#1563=CARTESIAN_POINT('',(132.402913076,-127.870980506,-8.3));
#1564=VERTEX_POINT('',#1563);
#1565=CARTESIAN_POINT('',(132.402913076,-134.617860506,-8.3));
#1566=DIRECTION('',(0.,1.,0.));
#1567=VECTOR('',#1566,6.74688);
#1568=LINE('',#1565,#1567);
#1569=EDGE_CURVE('',#1549,#1564,#1568,.T.);
#1570=ORIENTED_EDGE('',*,*,#1569,.T.);
#1571=CARTESIAN_POINT('',(132.241633076,-127.414020506,-8.3));
#1572=VERTEX_POINT('',#1571);
#1573=CARTESIAN_POINT('',(132.402913076,-127.870980506,-8.3));
#1574=CARTESIAN_POINT('',(132.402913076,-127.787641475,-8.3));
#1575=CARTESIAN_POINT('',(132.394516626,-127.704119127,-8.3));
#1576=CARTESIAN_POINT('',(132.370007188,-127.624629411,-8.3));
#1577=CARTESIAN_POINT('',(132.345497749,-127.545139695,-8.3));
#1578=CARTESIAN_POINT('',(132.303275193,-127.470527787,-8.3));
#1579=CARTESIAN_POINT('',(132.241633076,-127.414020506,-8.3));
#1580=B_SPLINE_CURVE_WITH_KNOTS('',3,(#1573,#1574,#1575,#1576,#1577,#1578,#1579),.UNSPECIFIED.,.F.,.F.,(4,3,4),(0.001198878,0.00144857,0.001698262),.UNSPECIFIED.);
#1581=EDGE_CURVE('',#1564,#1572,#1580,.T.);
#1582=ORIENTED_EDGE('',*,*,#1581,.T.);
#1583=CARTESIAN_POINT('',(131.798113076,-127.252740506,-8.3));
#1584=VERTEX_POINT('',#1583);
#1585=CARTESIAN_POINT('',(132.241633076,-127.414020506,-8.3));
#1586=CARTESIAN_POINT('',(132.184250401,-127.356637832,-8.3));
#1587=CARTESIAN_POINT('',(132.113554218,-127.314239544,-8.3));
#1588=CARTESIAN_POINT('',(132.036859783,-127.288421488,-8.3));
#1589=CARTESIAN_POINT('',(131.960165347,-127.262603432,-8.3));
#1590=CARTESIAN_POINT('',(131.879103207,-127.252740506,-8.3));
#1591=CARTESIAN_POINT('',(131.798113076,-127.252740506,-8.3));
#1592=B_SPLINE_CURVE_WITH_KNOTS('',3,(#1585,#1586,#1587,#1588,#1589,#1590,#1591),.UNSPECIFIED.,.F.,.F.,(4,3,4),(0.000806233,0.001048564,0.001290895),.UNSPECIFIED.);
#1593=EDGE_CURVE('',#1572,#1584,#1592,.T.);
#1594=ORIENTED_EDGE('',*,*,#1593,.T.);
#1595=CARTESIAN_POINT('',(131.341153076,-127.414020506,-8.3));
#1596=VERTEX_POINT('',#1595);
#1597=CARTESIAN_POINT('',(131.798113076,-127.252740506,-8.3));
#1598=CARTESIAN_POINT('',(131.714987862,-127.252740506,-8.3));
#1599=CARTESIAN_POINT('',(131.631745622,-127.262104312,-8.3));
#1600=CARTESIAN_POINT('',(131.552682315,-127.287460077,-8.3));
#1601=CARTESIAN_POINT('',(131.473619009,-127.312815842,-8.3));
#1602=CARTESIAN_POINT('',(131.400066439,-127.355107142,-8.3));
#1603=CARTESIAN_POINT('',(131.341153076,-127.414020506,-8.3));
#1604=B_SPLINE_CURVE_WITH_KNOTS('',3,(#1597,#1598,#1599,#1600,#1601,#1602,#1603),.UNSPECIFIED.,.F.,.F.,(4,3,4),(0.001267711,0.001517005,0.001766299),.UNSPECIFIED.);
#1605=EDGE_CURVE('',#1584,#1596,#1604,.T.);
#1606=ORIENTED_EDGE('',*,*,#1605,.T.);
#1607=CARTESIAN_POINT('',(131.179873076,-127.870980506,-8.3));
#1608=VERTEX_POINT('',#1607);
#1609=CARTESIAN_POINT('',(131.341153076,-127.414020506,-8.3));
#1610=CARTESIAN_POINT('',(131.279392179,-127.470636671,-8.3));
#1611=CARTESIAN_POINT('',(131.237362154,-127.54496438,-8.3));
#1612=CARTESIAN_POINT('',(131.212819633,-127.624497566,-8.3));
#1613=CARTESIAN_POINT('',(131.188277111,-127.704030751,-8.3));
#1614=CARTESIAN_POINT('',(131.179873076,-127.787589647,-8.3));
#1615=CARTESIAN_POINT('',(131.179873076,-127.870980506,-8.3));
#1616=B_SPLINE_CURVE_WITH_KNOTS('',3,(#1609,#1610,#1611,#1612,#1613,#1614,#1615),.UNSPECIFIED.,.F.,.F.,(4,3,4),(0.001178108,0.001427919,0.00167773),.UNSPECIFIED.);
#1617=EDGE_CURVE('',#1596,#1608,#1616,.T.);
#1618=ORIENTED_EDGE('',*,*,#1617,.T.);
#1619=CARTESIAN_POINT('',(131.179873076,-134.523780506,-8.3));
#1620=VERTEX_POINT('',#1619);
#1621=CARTESIAN_POINT('',(131.179873076,-127.870980506,-8.3));
#1622=DIRECTION('',(0.,-1.,0.));
#1623=VECTOR('',#1622,6.6528);
#1624=LINE('',#1621,#1623);
#1625=EDGE_CURVE('',#1608,#1620,#1624,.T.);
#1626=ORIENTED_EDGE('',*,*,#1625,.T.);
#1627=CARTESIAN_POINT('',(130.897633076,-135.572100506,-8.3));
#1628=VERTEX_POINT('',#1627);
#1629=CARTESIAN_POINT('',(131.179873076,-134.523780506,-8.3));
#1630=CARTESIAN_POINT('',(131.179873076,-134.708344651,-8.3));
#1631=CARTESIAN_POINT('',(131.165908796,-134.893560717,-8.3));
#1632=CARTESIAN_POINT('',(131.124754105,-135.073206776,-8.3));
#1633=CARTESIAN_POINT('',(131.083599414,-135.252852835,-8.3));
#1634=CARTESIAN_POINT('',(131.013818168,-135.428230684,-8.3));
#1635=CARTESIAN_POINT('',(130.897633076,-135.572100506,-8.3));
#1636=B_SPLINE_CURVE_WITH_KNOTS('',3,(#1629,#1630,#1631,#1632,#1633,#1634,#1635),.UNSPECIFIED.,.F.,.F.,(4,3,4),(0.005590632,0.006144169,0.006697706),.UNSPECIFIED.);
#1637=EDGE_CURVE('',#1620,#1628,#1636,.T.);
#1638=ORIENTED_EDGE('',*,*,#1637,.T.);
#1639=CARTESIAN_POINT('',(130.064353076,-135.908100506,-8.3));
#1640=VERTEX_POINT('',#1639);
#1641=CARTESIAN_POINT('',(130.897633076,-135.572100506,-8.3));
#1642=CARTESIAN_POINT('',(130.845931725,-135.630853293,-8.3));
#1643=CARTESIAN_POINT('',(130.78712818,-135.683249259,-8.3));
#1644=CARTESIAN_POINT('',(130.723560023,-135.726832906,-8.3));
#1645=CARTESIAN_POINT('',(130.659991867,-135.770416553,-8.3));
#1646=CARTESIAN_POINT('',(130.590692005,-135.805998782,-8.3));
#1647=CARTESIAN_POINT('',(130.517802873,-135.833287866,-8.3));
#1648=CARTESIAN_POINT('',(130.372024609,-135.887866035,-8.3));
#1649=CARTESIAN_POINT('',(130.219799847,-135.908100506,-8.3));
#1650=CARTESIAN_POINT('',(130.064353076,-135.908100506,-8.3));
#1651=B_SPLINE_CURVE_WITH_KNOTS('',3,(#1641,#1642,#1643,#1644,#1645,#1646,#1647,#1648,#1649,#1650),.UNSPECIFIED.,.F.,.F.,(4,3,3,4),(0.003580176,0.003814196,0.004048215,0.004516255),.UNSPECIFIED.);
#1652=EDGE_CURVE('',#1628,#1640,#1651,.T.);
#1653=ORIENTED_EDGE('',*,*,#1652,.T.);
#1654=CARTESIAN_POINT('',(130.064353076,-135.908100506,-8.3));
#1655=DIRECTION('',(-1.,0.,0.));
#1656=VECTOR('',#1655,0.21504);
#1657=LINE('',#1654,#1656);
#1658=EDGE_CURVE('',#1640,#1454,#1657,.T.);
#1659=ORIENTED_EDGE('',*,*,#1658,.T.);
#1660=EDGE_LOOP('',(#1463,#1475,#1490,#1502,#1514,#1523,#1532,#1547,#1562,#1570,#1582,#1594,#1606,#1618,#1626,#1638,#1653,#1659));
#1661=FACE_BOUND('',#1660,.T.);
#1662=CARTESIAN_POINT('',(141.488038076,-127.252740506,-8.3));
#1663=VERTEX_POINT('',#1662);
#1664=CARTESIAN_POINT('',(141.031078076,-127.467780506,-8.3));
#1665=VERTEX_POINT('',#1664);
#1666=CARTESIAN_POINT('',(141.488038076,-127.252740506,-8.3));
#1667=CARTESIAN_POINT('',(141.399820672,-127.252740506,-8.3));
#1668=CARTESIAN_POINT('',(141.311529433,-127.265788107,-8.3));
#1669=CARTESIAN_POINT('',(141.230828402,-127.301230791,-8.3));
#1670=CARTESIAN_POINT('',(141.15012737,-127.336673474,-8.3));
#1671=CARTESIAN_POINT('',(141.081202174,-127.394900387,-8.3));
#1672=CARTESIAN_POINT('',(141.031078076,-127.467780506,-8.3));
#1673=B_SPLINE_CURVE_WITH_KNOTS('',3,(#1666,#1667,#1668,#1669,#1670,#1671,#1672),.UNSPECIFIED.,.F.,.F.,(4,3,4),(0.000956134,0.001220127,0.00148412),.UNSPECIFIED.);
#1674=EDGE_CURVE('',#1663,#1665,#1673,.T.);
#1675=ORIENTED_EDGE('',*,*,#1674,.T.);
#1676=CARTESIAN_POINT('',(140.990758076,-127.991940506,-8.3));
#1677=VERTEX_POINT('',#1676);
#1678=CARTESIAN_POINT('',(141.031078076,-127.467780506,-8.3));
#1679=CARTESIAN_POINT('',(141.00501192,-127.50568053,-8.3));
#1680=CARTESIAN_POINT('',(140.984595471,-127.546204481,-8.3));
#1681=CARTESIAN_POINT('',(140.970240151,-127.589543439,-8.3));
#1682=CARTESIAN_POINT('',(140.955884831,-127.632882398,-8.3));
#1683=CARTESIAN_POINT('',(140.947999107,-127.678366529,-8.3));
#1684=CARTESIAN_POINT('',(140.94599569,-127.723823159,-8.3));
#1685=CARTESIAN_POINT('',(140.943992274,-127.76927979,-8.3));
#1686=CARTESIAN_POINT('',(140.947786081,-127.815411741,-8.3));
#1687=CARTESIAN_POINT('',(140.955727847,-127.860126078,-8.3));
#1688=CARTESIAN_POINT('',(140.963669612,-127.904840415,-8.3));
#1689=CARTESIAN_POINT('',(140.975711726,-127.948702627,-8.3));
#1690=CARTESIAN_POINT('',(140.990758076,-127.991940506,-8.3));
#1691=B_SPLINE_CURVE_WITH_KNOTS('',3,(#1678,#1679,#1680,#1681,#1682,#1683,#1684,#1685,#1686,#1687,#1688,#1689,#1690),.UNSPECIFIED.,.F.,.F.,(4,3,3,3,4),(0.,0.00013606,0.00027212,0.00040818,0.00054424),.UNSPECIFIED.);
#1692=EDGE_CURVE('',#1665,#1677,#1691,.T.);
#1693=ORIENTED_EDGE('',*,*,#1692,.T.);
#1694=CARTESIAN_POINT('',(143.947558076,-136.365060506,-8.3));
#1695=VERTEX_POINT('',#1694);
#1696=CARTESIAN_POINT('',(140.990758076,-127.991940506,-8.3));
#1697=DIRECTION('',(0.332978452,-0.942934436,0.));
#1698=VECTOR('',#1697,8.879853871);
#1699=LINE('',#1696,#1698);
#1700=EDGE_CURVE('',#1677,#1695,#1699,.T.);
#1701=ORIENTED_EDGE('',*,*,#1700,.T.);
#1702=CARTESIAN_POINT('',(144.202918076,-136.781700506,-8.3));
#1703=VERTEX_POINT('',#1702);
#1704=CARTESIAN_POINT('',(143.947558076,-136.365060506,-8.3));
#1705=CARTESIAN_POINT('',(143.97365594,-136.443397816,-8.3));
#1706=CARTESIAN_POINT('',(144.005632359,-136.51982661,-8.3));
#1707=CARTESIAN_POINT('',(144.047011364,-136.591205175,-8.3));
#1708=CARTESIAN_POINT('',(144.08839037,-136.66258374,-8.3));
#1709=CARTESIAN_POINT('',(144.139351559,-136.728748613,-8.3));
#1710=CARTESIAN_POINT('',(144.202918076,-136.781700506,-8.3));
#1711=B_SPLINE_CURVE_WITH_KNOTS('',3,(#1704,#1705,#1706,#1707,#1708,#1709,#1710),.UNSPECIFIED.,.F.,.F.,(4,3,4),(0.002379951,0.00262756,0.002875168),.UNSPECIFIED.);
#1712=EDGE_CURVE('',#1695,#1703,#1711,.T.);
#1713=ORIENTED_EDGE('',*,*,#1712,.T.);
#1714=CARTESIAN_POINT('',(144.632998076,-136.916100506,-8.3));
#1715=VERTEX_POINT('',#1714);
#1716=CARTESIAN_POINT('',(144.202918076,-136.781700506,-8.3));
#1717=CARTESIAN_POINT('',(144.262137547,-136.831030788,-8.3));
#1718=CARTESIAN_POINT('',(144.332141306,-136.865817298,-8.3));
#1719=CARTESIAN_POINT('',(144.405955647,-136.886943943,-8.3));
#1720=CARTESIAN_POINT('',(144.479769988,-136.908070587,-8.3));
#1721=CARTESIAN_POINT('',(144.556163804,-136.916100506,-8.3));
#1722=CARTESIAN_POINT('',(144.632998076,-136.916100506,-8.3));
#1723=B_SPLINE_CURVE_WITH_KNOTS('',3,(#1716,#1717,#1718,#1719,#1720,#1721,#1722),.UNSPECIFIED.,.F.,.F.,(4,3,4),(0.001167074,0.001397373,0.001627671),.UNSPECIFIED.);
#1724=EDGE_CURVE('',#1703,#1715,#1723,.T.);
#1725=ORIENTED_EDGE('',*,*,#1724,.T.);
#1726=CARTESIAN_POINT('',(145.076518076,-136.781700506,-8.3));
#1727=VERTEX_POINT('',#1726);
#1728=CARTESIAN_POINT('',(144.632998076,-136.916100506,-8.3));
#1729=CARTESIAN_POINT('',(144.711985821,-136.916100506,-8.3));
#1730=CARTESIAN_POINT('',(144.790646599,-136.908468329,-8.3));
#1731=CARTESIAN_POINT('',(144.866779038,-136.887727098,-8.3));
#1732=CARTESIAN_POINT('',(144.942911478,-136.866985866,-8.3));
#1733=CARTESIAN_POINT('',(145.01561881,-136.832430004,-8.3));
#1734=CARTESIAN_POINT('',(145.076518076,-136.781700506,-8.3));
#1735=B_SPLINE_CURVE_WITH_KNOTS('',3,(#1728,#1729,#1730,#1731,#1732,#1733,#1734),.UNSPECIFIED.,.F.,.F.,(4,3,4),(0.00117649,0.001413233,0.001649975),.UNSPECIFIED.);
#1736=EDGE_CURVE('',#1715,#1727,#1735,.T.);
#1737=ORIENTED_EDGE('',*,*,#1736,.T.);
#1738=CARTESIAN_POINT('',(145.345318076,-136.351620506,-8.3));
#1739=VERTEX_POINT('',#1738);
#1740=CARTESIAN_POINT('',(145.076518076,-136.781700506,-8.3));
#1741=CARTESIAN_POINT('',(145.142623531,-136.726634145,-8.3));
#1742=CARTESIAN_POINT('',(145.1947006,-136.658001013,-8.3));
#1743=CARTESIAN_POINT('',(145.238138154,-136.584263656,-8.3));
#1744=CARTESIAN_POINT('',(145.281575707,-136.510526299,-8.3));
#1745=CARTESIAN_POINT('',(145.316042325,-136.432110595,-8.3));
#1746=CARTESIAN_POINT('',(145.345318076,-136.351620506,-8.3));
#1747=B_SPLINE_CURVE_WITH_KNOTS('',3,(#1740,#1741,#1742,#1743,#1744,#1745,#1746),.UNSPECIFIED.,.F.,.F.,(4,3,4),(0.00167926,0.001937117,0.002194973),.UNSPECIFIED.);
#1748=EDGE_CURVE('',#1727,#1739,#1747,.T.);
#1749=ORIENTED_EDGE('',*,*,#1748,.T.);
#1750=CARTESIAN_POINT('',(147.818524301,-129.24907955,-8.3));
#1751=VERTEX_POINT('',#1750);
#1752=CARTESIAN_POINT('',(145.345318076,-136.351620506,-8.3));
#1753=DIRECTION('',(0.328847647,0.944382986,0.));
#1754=VECTOR('',#1753,7.520826887);
#1755=LINE('',#1752,#1754);
#1756=EDGE_CURVE('',#1739,#1751,#1755,.T.);
#1757=ORIENTED_EDGE('',*,*,#1756,.T.);
#1758=CARTESIAN_POINT('',(150.304678076,-136.365060506,-8.3));
#1759=VERTEX_POINT('',#1758);
#1760=CARTESIAN_POINT('',(147.818524301,-129.24907955,-8.3));
#1761=DIRECTION('',(0.329825675,-0.944041855,0.));
#1762=VECTOR('',#1761,7.537781209);
#1763=LINE('',#1760,#1762);
#1764=EDGE_CURVE('',#1751,#1759,#1763,.T.);
#1765=ORIENTED_EDGE('',*,*,#1764,.T.);
#1766=CARTESIAN_POINT('',(150.573478076,-136.781700506,-8.3));
#1767=VERTEX_POINT('',#1766);
#1768=CARTESIAN_POINT('',(150.304678076,-136.365060506,-8.3));
#1769=CARTESIAN_POINT('',(150.334441014,-136.443184405,-8.3));
#1770=CARTESIAN_POINT('',(150.369544704,-136.51931848,-8.3));
#1771=CARTESIAN_POINT('',(150.413192152,-136.590553809,-8.3));
#1772=CARTESIAN_POINT('',(150.456839601,-136.661789139,-8.3));
#1773=CARTESIAN_POINT('',(150.509130387,-136.728097671,-8.3));
#1774=CARTESIAN_POINT('',(150.573478076,-136.781700506,-8.3));
#1775=B_SPLINE_CURVE_WITH_KNOTS('',3,(#1768,#1769,#1770,#1771,#1772,#1773,#1774),.UNSPECIFIED.,.F.,.F.,(4,3,4),(0.002416249,0.002666968,0.002917686),.UNSPECIFIED.);
#1776=EDGE_CURVE('',#1759,#1767,#1775,.T.);
#1777=ORIENTED_EDGE('',*,*,#1776,.T.);
#1778=CARTESIAN_POINT('',(150.990118076,-136.916100506,-8.3));
#1779=VERTEX_POINT('',#1778);
#1780=CARTESIAN_POINT('',(150.573478076,-136.781700506,-8.3));
#1781=CARTESIAN_POINT('',(150.629001752,-136.832155066,-8.3));
#1782=CARTESIAN_POINT('',(150.696961873,-136.866961451,-8.3));
#1783=CARTESIAN_POINT('',(150.76873082,-136.887740418,-8.3));
#1784=CARTESIAN_POINT('',(150.840499766,-136.908519385,-8.3));
#1785=CARTESIAN_POINT('',(150.915299775,-136.916100506,-8.3));
#1786=CARTESIAN_POINT('',(150.990118076,-136.916100506,-8.3));
#1787=B_SPLINE_CURVE_WITH_KNOTS('',3,(#1780,#1781,#1782,#1783,#1784,#1785,#1786),.UNSPECIFIED.,.F.,.F.,(4,3,4),(0.001237519,0.001461596,0.001685674),.UNSPECIFIED.);
#1788=EDGE_CURVE('',#1767,#1779,#1787,.T.);
#1789=ORIENTED_EDGE('',*,*,#1788,.T.);
#1790=CARTESIAN_POINT('',(151.420198076,-136.781700506,-8.3));
#1791=VERTEX_POINT('',#1790);
#1792=CARTESIAN_POINT('',(150.990118076,-136.916100506,-8.3));
#1793=CARTESIAN_POINT('',(151.066942069,-136.916100506,-8.3));
#1794=CARTESIAN_POINT('',(151.143566537,-136.908028362,-8.3));
#1795=CARTESIAN_POINT('',(151.217347579,-136.886886771,-8.3));
#1796=CARTESIAN_POINT('',(151.291128621,-136.865745181,-8.3));
#1797=CARTESIAN_POINT('',(151.361020841,-136.830995605,-8.3));
#1798=CARTESIAN_POINT('',(151.420198076,-136.781700506,-8.3));
#1799=B_SPLINE_CURVE_WITH_KNOTS('',3,(#1792,#1793,#1794,#1795,#1796,#1797,#1798),.UNSPECIFIED.,.F.,.F.,(4,3,4),(0.002150502,0.002380617,0.002610732),.UNSPECIFIED.);
#1800=EDGE_CURVE('',#1779,#1791,#1799,.T.);
#1801=ORIENTED_EDGE('',*,*,#1800,.T.);
#1802=CARTESIAN_POINT('',(151.688998076,-136.351620506,-8.3));
#1803=VERTEX_POINT('',#1802);
#1804=CARTESIAN_POINT('',(151.420198076,-136.781700506,-8.3));
#1805=CARTESIAN_POINT('',(151.486303531,-136.726634145,-8.3));
#1806=CARTESIAN_POINT('',(151.538380739,-136.658001082,-8.3));
#1807=CARTESIAN_POINT('',(151.581818154,-136.584263656,-8.3));
#1808=CARTESIAN_POINT('',(151.625255569,-136.51052623,-8.3));
#1809=CARTESIAN_POINT('',(151.659722325,-136.432110595,-8.3));
#1810=CARTESIAN_POINT('',(151.688998076,-136.351620506,-8.3));
#1811=B_SPLINE_CURVE_WITH_KNOTS('',3,(#1804,#1805,#1806,#1807,#1808,#1809,#1810),.UNSPECIFIED.,.F.,.F.,(4,3,4),(0.00167926,0.001937117,0.002194973),.UNSPECIFIED.);
#1812=EDGE_CURVE('',#1791,#1803,#1811,.T.);
#1813=ORIENTED_EDGE('',*,*,#1812,.T.);
#1814=CARTESIAN_POINT('',(154.618918076,-127.991940506,-8.3));
#1815=VERTEX_POINT('',#1814);
#1816=CARTESIAN_POINT('',(151.688998076,-136.351620506,-8.3));
#1817=DIRECTION('',(0.33075589,0.943716346,0.));
#1818=VECTOR('',#1817,8.858254958);
#1819=LINE('',#1816,#1818);
#1820=EDGE_CURVE('',#1803,#1815,#1819,.T.);
#1821=ORIENTED_EDGE('',*,*,#1820,.T.);
#1822=CARTESIAN_POINT('',(154.592038076,-127.467780506,-8.3));
#1823=VERTEX_POINT('',#1822);
#1824=CARTESIAN_POINT('',(154.618918076,-127.991940506,-8.3));
#1825=CARTESIAN_POINT('',(154.652312215,-127.906598477,-8.3));
#1826=CARTESIAN_POINT('',(154.674476288,-127.817615068,-8.3));
#1827=CARTESIAN_POINT('',(154.673307397,-127.726063269,-8.3));
#1828=CARTESIAN_POINT('',(154.672722951,-127.68028737,-8.3));
#1829=CARTESIAN_POINT('',(154.665810886,-127.633922427,-8.3));
#1830=CARTESIAN_POINT('',(154.652211553,-127.590551781,-8.3));
#1831=CARTESIAN_POINT('',(154.638612219,-127.547181135,-8.3));
#1832=CARTESIAN_POINT('',(154.618151091,-127.505762011,-8.3));
#1833=CARTESIAN_POINT('',(154.592038076,-127.467780506,-8.3));
#1834=B_SPLINE_CURVE_WITH_KNOTS('',3,(#1824,#1825,#1826,#1827,#1828,#1829,#1830,#1831,#1832,#1833),.UNSPECIFIED.,.F.,.F.,(4,3,3,4),(0.000827604,0.001103315,0.00124117,0.001379026),.UNSPECIFIED.);
#1835=EDGE_CURVE('',#1815,#1823,#1834,.T.);
#1836=ORIENTED_EDGE('',*,*,#1835,.T.);
#1837=CARTESIAN_POINT('',(154.067878076,-127.252740506,-8.3));
#1838=VERTEX_POINT('',#1837);
#1839=CARTESIAN_POINT('',(154.592038076,-127.467780506,-8.3));
#1840=CARTESIAN_POINT('',(154.56227458,-127.428096814,-8.3));
#1841=CARTESIAN_POINT('',(154.52638067,-127.393121873,-8.3));
#1842=CARTESIAN_POINT('',(154.486761088,-127.364821185,-8.3));
#1843=CARTESIAN_POINT('',(154.447141506,-127.336520497,-8.3));
#1844=CARTESIAN_POINT('',(154.403031634,-127.314140804,-8.3));
#1845=CARTESIAN_POINT('',(154.356804671,-127.297420046,-8.3));
#1846=CARTESIAN_POINT('',(154.264350746,-127.263978529,-8.3));
#1847=CARTESIAN_POINT('',(154.166350629,-127.252740506,-8.3));
#1848=CARTESIAN_POINT('',(154.067878076,-127.252740506,-8.3));
#1849=B_SPLINE_CURVE_WITH_KNOTS('',3,(#1839,#1840,#1841,#1842,#1843,#1844,#1845,#1846,#1847,#1848),.UNSPECIFIED.,.F.,.F.,(4,3,3,4),(0.00215063,0.002298406,0.002446183,0.002741735),.UNSPECIFIED.);
#1850=EDGE_CURVE('',#1823,#1838,#1849,.T.);
#1851=ORIENTED_EDGE('',*,*,#1850,.T.);
#1852=CARTESIAN_POINT('',(153.664678076,-127.373700506,-8.3));
#1853=VERTEX_POINT('',#1852);
#1854=CARTESIAN_POINT('',(154.067878076,-127.252740506,-8.3));
#1855=CARTESIAN_POINT('',(153.996166835,-127.252740506,-8.3));
#1856=CARTESIAN_POINT('',(153.924786447,-127.259657048,-8.3));
#1857=CARTESIAN_POINT('',(153.855625066,-127.27835609,-8.3));
#1858=CARTESIAN_POINT('',(153.786463685,-127.297055132,-8.3));
#1859=CARTESIAN_POINT('',(153.720371476,-127.328134846,-8.3));
#1860=CARTESIAN_POINT('',(153.664678076,-127.373700506,-8.3));
#1861=B_SPLINE_CURVE_WITH_KNOTS('',3,(#1854,#1855,#1856,#1857,#1858,#1859,#1860),.UNSPECIFIED.,.F.,.F.,(4,3,4),(0.001091812,0.001306768,0.001521723),.UNSPECIFIED.);
#1862=EDGE_CURVE('',#1838,#1853,#1861,.T.);
#1863=ORIENTED_EDGE('',*,*,#1862,.T.);
#1864=CARTESIAN_POINT('',(153.422758076,-127.776900506,-8.3));
#1865=VERTEX_POINT('',#1864);
#1866=CARTESIAN_POINT('',(153.664678076,-127.373700506,-8.3));
#1867=CARTESIAN_POINT('',(153.602738559,-127.424376493,-8.3));
#1868=CARTESIAN_POINT('',(153.555563108,-127.488982754,-8.3));
#1869=CARTESIAN_POINT('',(153.516805938,-127.55822734,-8.3));
#1870=CARTESIAN_POINT('',(153.478048769,-127.627471926,-8.3));
#1871=CARTESIAN_POINT('',(153.447919123,-127.701413151,-8.3));
#1872=CARTESIAN_POINT('',(153.422758076,-127.776900506,-8.3));
#1873=B_SPLINE_CURVE_WITH_KNOTS('',3,(#1866,#1867,#1868,#1869,#1870,#1871,#1872),.UNSPECIFIED.,.F.,.F.,(4,3,4),(0.001528592,0.001767483,0.002006374),.UNSPECIFIED.);
#1874=EDGE_CURVE('',#1853,#1865,#1873,.T.);
#1875=ORIENTED_EDGE('',*,*,#1874,.T.);
#1876=CARTESIAN_POINT('',(150.959855426,-135.006316244,-8.3));
#1877=VERTEX_POINT('',#1876);
#1878=CARTESIAN_POINT('',(153.422758076,-127.776900506,-8.3));
#1879=DIRECTION('',(-0.322477922,-0.946576986,0.));
#1880=VECTOR('',#1879,7.637430286);
#1881=LINE('',#1878,#1880);
#1882=EDGE_CURVE('',#1865,#1877,#1881,.T.);
#1883=ORIENTED_EDGE('',*,*,#1882,.T.);
#1884=CARTESIAN_POINT('',(148.436518076,-127.803780506,-8.3));
#1885=VERTEX_POINT('',#1884);
#1886=CARTESIAN_POINT('',(150.959855426,-135.006316244,-8.3));
#1887=DIRECTION('',(-0.330636384,0.943758222,0.));
#1888=VECTOR('',#1887,7.631759459);
#1889=LINE('',#1886,#1888);
#1890=EDGE_CURVE('',#1877,#1885,#1889,.T.);
#1891=ORIENTED_EDGE('',*,*,#1890,.T.);
#1892=CARTESIAN_POINT('',(148.181158076,-127.387140506,-8.3));
#1893=VERTEX_POINT('',#1892);
#1894=CARTESIAN_POINT('',(148.436518076,-127.803780506,-8.3));
#1895=CARTESIAN_POINT('',(148.407245195,-127.726942945,-8.3));
#1896=CARTESIAN_POINT('',(148.373470675,-127.651773752,-8.3));
#1897=CARTESIAN_POINT('',(148.332181778,-127.580726579,-8.3));
#1898=CARTESIAN_POINT('',(148.290892881,-127.509679405,-8.3));
#1899=CARTESIAN_POINT('',(148.242108106,-127.442546699,-8.3));
#1900=CARTESIAN_POINT('',(148.181158076,-127.387140506,-8.3));
#1901=B_SPLINE_CURVE_WITH_KNOTS('',3,(#1894,#1895,#1896,#1897,#1898,#1899,#1900),.UNSPECIFIED.,.F.,.F.,(4,3,4),(0.002416245,0.002662852,0.002909459),.UNSPECIFIED.);
#1902=EDGE_CURVE('',#1885,#1893,#1901,.T.);
#1903=ORIENTED_EDGE('',*,*,#1902,.T.);
#1904=CARTESIAN_POINT('',(147.791398076,-127.252740506,-8.3));
#1905=VERTEX_POINT('',#1904);
#1906=CARTESIAN_POINT('',(148.181158076,-127.387140506,-8.3));
#1907=CARTESIAN_POINT('',(148.128904722,-127.339640999,-8.3));
#1908=CARTESIAN_POINT('',(148.06649604,-127.304513787,-8.3));
#1909=CARTESIAN_POINT('',(147.99944259,-127.282887576,-8.3));
#1910=CARTESIAN_POINT('',(147.932389139,-127.261261365,-8.3));
#1911=CARTESIAN_POINT('',(147.861905034,-127.252740506,-8.3));
#1912=CARTESIAN_POINT('',(147.791398076,-127.252740506,-8.3));
#1913=B_SPLINE_CURVE_WITH_KNOTS('',3,(#1906,#1907,#1908,#1909,#1910,#1911,#1912),.UNSPECIFIED.,.F.,.F.,(4,3,4),(0.001598509,0.001809864,0.002021218),.UNSPECIFIED.);
#1914=EDGE_CURVE('',#1893,#1905,#1913,.T.);
#1915=ORIENTED_EDGE('',*,*,#1914,.T.);
#1916=CARTESIAN_POINT('',(147.401638076,-127.387140506,-8.3));
#1917=VERTEX_POINT('',#1916);
#1918=CARTESIAN_POINT('',(147.791398076,-127.252740506,-8.3));
#1919=CARTESIAN_POINT('',(147.72069347,-127.252740506,-8.3));
#1920=CARTESIAN_POINT('',(147.649893127,-127.260237078,-8.3));
#1921=CARTESIAN_POINT('',(147.582432934,-127.281066136,-8.3));
#1922=CARTESIAN_POINT('',(147.514972742,-127.301895194,-8.3));
#1923=CARTESIAN_POINT('',(147.451769667,-127.337008915,-8.3));
#1924=CARTESIAN_POINT('',(147.401638076,-127.387140506,-8.3));
#1925=B_SPLINE_CURVE_WITH_KNOTS('',3,(#1918,#1919,#1920,#1921,#1922,#1923,#1924),.UNSPECIFIED.,.F.,.F.,(4,3,4),(0.001088624,0.001300474,0.001512324),.UNSPECIFIED.);
#1926=EDGE_CURVE('',#1905,#1917,#1925,.T.);
#1927=ORIENTED_EDGE('',*,*,#1926,.T.);
#1928=CARTESIAN_POINT('',(147.159718076,-127.817220506,-8.3));
#1929=VERTEX_POINT('',#1928);
#1930=CARTESIAN_POINT('',(147.401638076,-127.387140506,-8.3));
#1931=CARTESIAN_POINT('',(147.339653102,-127.44348628,-8.3));
#1932=CARTESIAN_POINT('',(147.292631312,-127.512787406,-8.3));
#1933=CARTESIAN_POINT('',(147.2538538,-127.586456283,-8.3));
#1934=CARTESIAN_POINT('',(147.215076289,-127.66012516,-8.3));
#1935=CARTESIAN_POINT('',(147.184980401,-127.737821605,-8.3));
#1936=CARTESIAN_POINT('',(147.159718076,-127.817220506,-8.3));
#1937=B_SPLINE_CURVE_WITH_KNOTS('',3,(#1930,#1931,#1932,#1933,#1934,#1935,#1936),.UNSPECIFIED.,.F.,.F.,(4,3,4),(0.001598409,0.00184955,0.002100691),.UNSPECIFIED.);
#1938=EDGE_CURVE('',#1917,#1929,#1937,.T.);
#1939=ORIENTED_EDGE('',*,*,#1938,.T.);
#1940=CARTESIAN_POINT('',(144.659895218,-135.081557226,-8.3));
#1941=VERTEX_POINT('',#1940);
#1942=CARTESIAN_POINT('',(147.159718076,-127.817220506,-8.3));
#1943=DIRECTION('',(-0.325394889,-0.945578218,0.));
#1944=VECTOR('',#1943,7.682428151);
#1945=LINE('',#1942,#1944);
#1946=EDGE_CURVE('',#1929,#1941,#1945,.T.);
#1947=ORIENTED_EDGE('',*,*,#1946,.T.);
#1948=CARTESIAN_POINT('',(142.146598076,-127.776900506,-8.3));
#1949=VERTEX_POINT('',#1948);
#1950=CARTESIAN_POINT('',(144.659895218,-135.081557226,-8.3));
#1951=DIRECTION('',(-0.325348505,0.945594178,0.));
#1952=VECTOR('',#1951,7.724938337);
#1953=LINE('',#1950,#1952);
#1954=EDGE_CURVE('',#1941,#1949,#1953,.T.);
#1955=ORIENTED_EDGE('',*,*,#1954,.T.);
#1956=CARTESIAN_POINT('',(141.904678076,-127.387140506,-8.3));
#1957=VERTEX_POINT('',#1956);
#1958=CARTESIAN_POINT('',(142.146598076,-127.776900506,-8.3));
#1959=CARTESIAN_POINT('',(142.121017944,-127.703772181,-8.3));
#1960=CARTESIAN_POINT('',(142.090419865,-127.632335556,-8.3));
#1961=CARTESIAN_POINT('',(142.051396966,-127.565483773,-8.3));
#1962=CARTESIAN_POINT('',(142.012374066,-127.49863199,-8.3));
#1963=CARTESIAN_POINT('',(141.964786642,-127.43630351,-8.3));
#1964=CARTESIAN_POINT('',(141.904678076,-127.387140506,-8.3));
#1965=B_SPLINE_CURVE_WITH_KNOTS('',3,(#1958,#1959,#1960,#1961,#1962,#1963,#1964),.UNSPECIFIED.,.F.,.F.,(4,3,4),(0.002278233,0.002510563,0.002742892),.UNSPECIFIED.);
#1966=EDGE_CURVE('',#1949,#1957,#1965,.T.);
#1967=ORIENTED_EDGE('',*,*,#1966,.T.);
#1968=CARTESIAN_POINT('',(141.904678076,-127.387140506,-8.3));
#1969=CARTESIAN_POINT('',(141.849154801,-127.336684691,-8.3));
#1970=CARTESIAN_POINT('',(141.781199562,-127.301867747,-8.3));
#1971=CARTESIAN_POINT('',(141.70942931,-127.281090414,-8.3));
#1972=CARTESIAN_POINT('',(141.637659058,-127.260313081,-8.3));
#1973=CARTESIAN_POINT('',(141.562857005,-127.252740506,-8.3));
#1974=CARTESIAN_POINT('',(141.488038076,-127.252740506,-8.3));
#1975=B_SPLINE_CURVE_WITH_KNOTS('',3,(#1968,#1969,#1970,#1971,#1972,#1973,#1974),.UNSPECIFIED.,.F.,.F.,(4,3,4),(0.001238052,0.001462132,0.001686212),.UNSPECIFIED.);
#1976=EDGE_CURVE('',#1957,#1663,#1975,.T.);
#1977=ORIENTED_EDGE('',*,*,#1976,.T.);
#1978=EDGE_LOOP('',(#1675,#1693,#1701,#1713,#1725,#1737,#1749,#1757,#1765,#1777,#1789,#1801,#1813,#1821,#1836,#1851,#1863,#1875,#1883,#1891,#1903,#1915,#1927,#1939,#1947,#1955,
#1967,#1977));
#1979=FACE_BOUND('',#1978,.T.);
#1980=ADVANCED_FACE('',(#70,#81,#92,#103,#114,#125,#136,#147,#158,#759,#1109,#1452,#1661,#1979),#59,.T.);
#1981=CARTESIAN_POINT('',(123.141840353,-153.021334752,-6.8));
#1982=DIRECTION('',(0.,0.,-1.));
#1983=DIRECTION('',(-1.,0.,0.));
#1984=AXIS2_PLACEMENT_3D('',#1981,#1982,#1983);
#1985=PLANE('',#1984);
#1986=CARTESIAN_POINT('',(142.08,-170.9025,-6.8));
#1987=VERTEX_POINT('',#1986);
#1988=CARTESIAN_POINT('',(142.83,-170.9025,-6.8));
#1989=DIRECTION('',(0.,0.,-1.));
#1990=DIRECTION('',(-1.,0.,0.));
#1991=AXIS2_PLACEMENT_3D('',#1988,#1989,#1990);
#1992=CIRCLE('',#1991,0.75);
#1993=EDGE_CURVE('',#1987,#1987,#1992,.T.);
#1994=ORIENTED_EDGE('',*,*,#1993,.T.);
#1995=EDGE_LOOP('',(#1994));
#1996=FACE_BOUND('',#1995,.T.);
#1997=CARTESIAN_POINT('',(83.487241,-107.700001,-6.8));
#1998=VERTEX_POINT('',#1997);
#1999=CARTESIAN_POINT('',(79.304175027,-109.7625,-6.8));
#2000=VERTEX_POINT('',#1999);
#2001=CARTESIAN_POINT('',(80.887241,-107.700001,-6.8));
#2002=DIRECTION('',(0.,0.,1.));
#2003=DIRECTION('',(-0.608871528,-0.793268846,0.));
#2004=AXIS2_PLACEMENT_3D('',#2001,#2002,#2003);
#2005=CIRCLE('',#2004,2.6);
#2006=EDGE_CURVE('',#1998,#2000,#2005,.T.);
#2007=ORIENTED_EDGE('',*,*,#2006,.F.);
#2008=CARTESIAN_POINT('',(80.887241,-107.700001,-6.8));
#2009=DIRECTION('',(0.,0.,1.));
#2010=DIRECTION('',(-0.608871528,-0.793268846,0.));
#2011=AXIS2_PLACEMENT_3D('',#2008,#2009,#2010);
#2012=CIRCLE('',#2011,2.6);
#2013=EDGE_CURVE('',#2000,#1998,#2012,.T.);
#2014=ORIENTED_EDGE('',*,*,#2013,.F.);
#2015=EDGE_LOOP('',(#2007,#2014));
#2016=FACE_BOUND('',#2015,.T.);
#2017=CARTESIAN_POINT('',(186.245794613,-123.075376589,-6.8));
#2018=VERTEX_POINT('',#2017);
#2019=CARTESIAN_POINT('',(211.245785773,-123.075376589,-6.8));
#2020=VERTEX_POINT('',#2019);
#2021=CARTESIAN_POINT('',(186.245794613,-123.075376589,-6.8));
#2022=DIRECTION('',(1.,0.,-0.));
#2023=VECTOR('',#2022,24.99999116);
#2024=LINE('',#2021,#2023);
#2025=EDGE_CURVE('',#2018,#2020,#2024,.T.);
#2026=ORIENTED_EDGE('',*,*,#2025,.T.);
#2027=CARTESIAN_POINT('',(211.745785773,-123.575376533,-6.8));
#2028=VERTEX_POINT('',#2027);
#2029=CARTESIAN_POINT('',(211.245785773,-123.575376589,-6.8));
#2030=DIRECTION('',(0.,0.,-1.));
#2031=DIRECTION('',(-1.,0.,0.));
#2032=AXIS2_PLACEMENT_3D('',#2029,#2030,#2031);
#2033=CIRCLE('',#2032,0.5);
#2034=EDGE_CURVE('',#2020,#2028,#2033,.T.);
#2035=ORIENTED_EDGE('',*,*,#2034,.T.);
#2036=CARTESIAN_POINT('',(211.745790715,-167.675376544,-6.8));
#2037=VERTEX_POINT('',#2036);
#2038=CARTESIAN_POINT('',(211.745785773,-123.575376533,-6.8));
#2039=DIRECTION('',(0.000000112,-1.,0.));
#2040=VECTOR('',#2039,44.100000011);
#2041=LINE('',#2038,#2040);
#2042=EDGE_CURVE('',#2028,#2037,#2041,.T.);
#2043=ORIENTED_EDGE('',*,*,#2042,.T.);
#2044=CARTESIAN_POINT('',(211.345790715,-168.075376589,-6.8));
#2045=VERTEX_POINT('',#2044);
#2046=CARTESIAN_POINT('',(211.345790715,-167.675376589,-6.8));
#2047=DIRECTION('',(0.,0.,-1.));
#2048=DIRECTION('',(-1.,0.,0.));
#2049=AXIS2_PLACEMENT_3D('',#2046,#2047,#2048);
#2050=CIRCLE('',#2049,0.4);
#2051=EDGE_CURVE('',#2037,#2045,#2050,.T.);
#2052=ORIENTED_EDGE('',*,*,#2051,.T.);
#2053=CARTESIAN_POINT('',(186.245794613,-168.075376589,-6.8));
#2054=VERTEX_POINT('',#2053);
#2055=CARTESIAN_POINT('',(186.245794613,-168.075376589,-6.8));
#2056=DIRECTION('',(1.,0.,0.));
#2057=VECTOR('',#2056,25.099996102);
#2058=LINE('',#2055,#2057);
#2059=EDGE_CURVE('',#2054,#2045,#2058,.T.);
#2060=ORIENTED_EDGE('',*,*,#2059,.F.);
#2061=CARTESIAN_POINT('',(185.745794613,-167.575376589,-6.8));
#2062=VERTEX_POINT('',#2061);
#2063=CARTESIAN_POINT('',(186.245794613,-167.575376589,-6.8));
#2064=DIRECTION('',(0.,0.,-1.));
#2065=DIRECTION('',(-1.,0.,0.));
#2066=AXIS2_PLACEMENT_3D('',#2063,#2064,#2065);
#2067=CIRCLE('',#2066,0.5);
#2068=EDGE_CURVE('',#2054,#2062,#2067,.T.);
#2069=ORIENTED_EDGE('',*,*,#2068,.T.);
#2070=CARTESIAN_POINT('',(185.745794613,-123.575376589,-6.8));
#2071=VERTEX_POINT('',#2070);
#2072=CARTESIAN_POINT('',(185.745794613,-123.575376589,-6.8));
#2073=DIRECTION('',(0.,-1.,0.));
#2074=VECTOR('',#2073,44.);
#2075=LINE('',#2072,#2074);
#2076=EDGE_CURVE('',#2071,#2062,#2075,.T.);
#2077=ORIENTED_EDGE('',*,*,#2076,.F.);
#2078=CARTESIAN_POINT('',(186.245794613,-123.575376589,-6.8));
#2079=DIRECTION('',(0.,0.,-1.));
#2080=DIRECTION('',(-1.,0.,0.));
#2081=AXIS2_PLACEMENT_3D('',#2078,#2079,#2080);
#2082=CIRCLE('',#2081,0.5);
#2083=EDGE_CURVE('',#2071,#2018,#2082,.T.);
#2084=ORIENTED_EDGE('',*,*,#2083,.T.);
#2085=EDGE_LOOP('',(#2026,#2035,#2043,#2052,#2060,#2069,#2077,#2084));
#2086=FACE_BOUND('',#2085,.T.);
#2087=CARTESIAN_POINT('',(146.500794298,-100.140376589,-6.8));
#2088=VERTEX_POINT('',#2087);
#2089=CARTESIAN_POINT('',(147.600794298,-100.140376589,-6.8));
#2090=DIRECTION('',(0.,0.,-1.));
#2091=DIRECTION('',(-1.,0.,0.));
#2092=AXIS2_PLACEMENT_3D('',#2089,#2090,#2091);
#2093=CIRCLE('',#2092,1.1);
#2094=EDGE_CURVE('',#2088,#2088,#2093,.T.);
#2095=ORIENTED_EDGE('',*,*,#2094,.T.);
#2096=EDGE_LOOP('',(#2095));
#2097=FACE_BOUND('',#2096,.T.);
#2098=CARTESIAN_POINT('',(166.150794298,-162.040376589,-6.8));
#2099=VERTEX_POINT('',#2098);
#2100=CARTESIAN_POINT('',(167.250794298,-162.040376589,-6.8));
#2101=DIRECTION('',(0.,0.,-1.));
#2102=DIRECTION('',(-1.,0.,0.));
#2103=AXIS2_PLACEMENT_3D('',#2100,#2101,#2102);
#2104=CIRCLE('',#2103,1.1);
#2105=EDGE_CURVE('',#2099,#2099,#2104,.T.);
#2106=ORIENTED_EDGE('',*,*,#2105,.T.);
#2107=EDGE_LOOP('',(#2106));
#2108=FACE_BOUND('',#2107,.T.);
#2109=CARTESIAN_POINT('',(89.450794298,-139.190376589,-6.8));
#2110=VERTEX_POINT('',#2109);
#2111=CARTESIAN_POINT('',(90.550794298,-139.190376589,-6.8));
#2112=DIRECTION('',(0.,0.,-1.));
#2113=DIRECTION('',(-1.,0.,0.));
#2114=AXIS2_PLACEMENT_3D('',#2111,#2112,#2113);
#2115=CIRCLE('',#2114,1.1);
#2116=EDGE_CURVE('',#2110,#2110,#2115,.T.);
#2117=ORIENTED_EDGE('',*,*,#2116,.T.);
#2118=EDGE_LOOP('',(#2117));
#2119=FACE_BOUND('',#2118,.T.);
#2120=CARTESIAN_POINT('',(89.450794298,-119.940376589,-6.8));
#2121=VERTEX_POINT('',#2120);
#2122=CARTESIAN_POINT('',(90.550794298,-119.940376589,-6.8));
#2123=DIRECTION('',(0.,0.,-1.));
#2124=DIRECTION('',(-1.,0.,0.));
#2125=AXIS2_PLACEMENT_3D('',#2122,#2123,#2124);
#2126=CIRCLE('',#2125,1.1);
#2127=EDGE_CURVE('',#2121,#2121,#2126,.T.);
#2128=ORIENTED_EDGE('',*,*,#2127,.T.);
#2129=EDGE_LOOP('',(#2128));
#2130=FACE_BOUND('',#2129,.T.);
#2131=CARTESIAN_POINT('',(202.526234482,-181.186164181,-6.8));
#2132=VERTEX_POINT('',#2131);
#2133=CARTESIAN_POINT('',(199.926234482,-181.186164181,-6.8));
#2134=DIRECTION('',(0.,0.,1.));
#2135=DIRECTION('',(1.,0.,-0.));
#2136=AXIS2_PLACEMENT_3D('',#2133,#2134,#2135);
#2137=CIRCLE('',#2136,2.6);
#2138=EDGE_CURVE('',#2132,#2132,#2137,.T.);
#2139=ORIENTED_EDGE('',*,*,#2138,.F.);
#2140=EDGE_LOOP('',(#2139));
#2141=FACE_BOUND('',#2140,.T.);
#2142=CARTESIAN_POINT('',(201.231199012,-112.047874589,-6.8));
#2143=VERTEX_POINT('',#2142);
#2144=CARTESIAN_POINT('',(198.631199012,-112.047874589,-6.8));
#2145=DIRECTION('',(0.,0.,1.));
#2146=DIRECTION('',(1.,0.,-0.));
#2147=AXIS2_PLACEMENT_3D('',#2144,#2145,#2146);
#2148=CIRCLE('',#2147,2.6);
#2149=EDGE_CURVE('',#2143,#2143,#2148,.T.);
#2150=ORIENTED_EDGE('',*,*,#2149,.F.);
#2151=EDGE_LOOP('',(#2150));
#2152=FACE_BOUND('',#2151,.T.);
#2153=CARTESIAN_POINT('',(83.61084321,-154.247876089,-6.8));
#2154=VERTEX_POINT('',#2153);
#2155=CARTESIAN_POINT('',(81.01084321,-154.247876089,-6.8));
#2156=DIRECTION('',(0.,0.,1.));
#2157=DIRECTION('',(1.,0.,-0.));
#2158=AXIS2_PLACEMENT_3D('',#2155,#2156,#2157);
#2159=CIRCLE('',#2158,2.6);
#2160=EDGE_CURVE('',#2154,#2154,#2159,.T.);
#2161=ORIENTED_EDGE('',*,*,#2160,.F.);
#2162=EDGE_LOOP('',(#2161));
#2163=FACE_BOUND('',#2162,.T.);
#2164=CARTESIAN_POINT('',(206.124520245,-107.375376589,-6.8));
#2165=VERTEX_POINT('',#2164);
#2166=CARTESIAN_POINT('',(206.124520245,-99.520372608,-6.8));
#2167=VERTEX_POINT('',#2166);
#2168=CARTESIAN_POINT('',(206.124520245,-107.375376589,-6.8));
#2169=DIRECTION('',(0.,1.,0.));
#2170=VECTOR('',#2169,7.855003981);
#2171=LINE('',#2168,#2170);
#2172=EDGE_CURVE('',#2165,#2167,#2171,.T.);
#2173=ORIENTED_EDGE('',*,*,#2172,.F.);
#2174=CARTESIAN_POINT('',(197.284520245,-107.375376589,-6.8));
#2175=VERTEX_POINT('',#2174);
#2176=CARTESIAN_POINT('',(206.124520245,-107.375376589,-6.8));
#2177=DIRECTION('',(-1.,0.,0.));
#2178=VECTOR('',#2177,8.84);
#2179=LINE('',#2176,#2178);
#2180=EDGE_CURVE('',#2165,#2175,#2179,.T.);
#2181=ORIENTED_EDGE('',*,*,#2180,.T.);
#2182=CARTESIAN_POINT('',(197.284520245,-99.520372608,-6.8));
#2183=VERTEX_POINT('',#2182);
#2184=CARTESIAN_POINT('',(197.284520245,-107.375376589,-6.8));
#2185=DIRECTION('',(-0.,1.,-0.));
#2186=VECTOR('',#2185,7.855003981);
#2187=LINE('',#2184,#2186);
#2188=EDGE_CURVE('',#2175,#2183,#2187,.T.);
#2189=ORIENTED_EDGE('',*,*,#2188,.T.);
#2190=CARTESIAN_POINT('',(170.798197651,-99.520372608,-6.8));
#2191=VERTEX_POINT('',#2190);
#2192=CARTESIAN_POINT('',(197.284520245,-99.520372608,-6.8));
#2193=DIRECTION('',(-1.,0.,0.));
#2194=VECTOR('',#2193,26.486322594);
#2195=LINE('',#2192,#2194);
#2196=EDGE_CURVE('',#2183,#2191,#2195,.T.);
#2197=ORIENTED_EDGE('',*,*,#2196,.T.);
#2198=CARTESIAN_POINT('',(169.44025659,-98.750479218,-6.8));
#2199=VERTEX_POINT('',#2198);
#2200=CARTESIAN_POINT('',(170.798197651,-97.937854958,-6.8));
#2201=DIRECTION('',(0.,0.,-1.));
#2202=DIRECTION('',(-1.,0.,0.));
#2203=AXIS2_PLACEMENT_3D('',#2200,#2201,#2202);
#2204=CIRCLE('',#2203,1.58251765);
#2205=EDGE_CURVE('',#2191,#2199,#2204,.T.);
#2206=ORIENTED_EDGE('',*,*,#2205,.T.);
#2207=CARTESIAN_POINT('',(168.428183694,-97.059248215,-6.8));
#2208=VERTEX_POINT('',#2207);
#2209=CARTESIAN_POINT('',(169.44025659,-98.750479218,-6.8));
#2210=DIRECTION('',(-0.513500914,0.858089046,0.));
#2211=VECTOR('',#2210,1.970927155);
#2212=LINE('',#2209,#2211);
#2213=EDGE_CURVE('',#2199,#2208,#2212,.T.);
#2214=ORIENTED_EDGE('',*,*,#2213,.T.);
#2215=CARTESIAN_POINT('',(164.369011662,-94.757874608,-6.8));
#2216=VERTEX_POINT('',#2215);
#2217=CARTESIAN_POINT('',(164.369011662,-99.488353397,-6.8));
#2218=DIRECTION('',(0.,0.,-1.));
#2219=DIRECTION('',(-0.000000788,1.,0.));
#2220=AXIS2_PLACEMENT_3D('',#2217,#2218,#2219);
#2221=CIRCLE('',#2220,4.730478788);
#2222=EDGE_CURVE('',#2216,#2208,#2221,.T.);
#2223=ORIENTED_EDGE('',*,*,#2222,.F.);
#2224=CARTESIAN_POINT('',(151.324934848,-94.757874608,-6.8));
#2225=VERTEX_POINT('',#2224);
#2226=CARTESIAN_POINT('',(164.369011662,-94.757874608,-6.8));
#2227=DIRECTION('',(-1.,0.,0.));
#2228=VECTOR('',#2227,13.044076814);
#2229=LINE('',#2226,#2228);
#2230=EDGE_CURVE('',#2216,#2225,#2229,.T.);
#2231=ORIENTED_EDGE('',*,*,#2230,.T.);
#2232=CARTESIAN_POINT('',(150.13002285,-94.254539394,-6.8));
#2233=VERTEX_POINT('',#2232);
#2234=CARTESIAN_POINT('',(151.324934848,-93.087853344,-6.8));
#2235=DIRECTION('',(0.,0.,-1.));
#2236=DIRECTION('',(-1.,0.,0.));
#2237=AXIS2_PLACEMENT_3D('',#2234,#2235,#2236);
#2238=CIRCLE('',#2237,1.670021264);
#2239=EDGE_CURVE('',#2225,#2233,#2238,.T.);
#2240=ORIENTED_EDGE('',*,*,#2239,.T.);
#2241=CARTESIAN_POINT('',(147.359601766,-91.417092772,-6.8));
#2242=VERTEX_POINT('',#2241);
#2243=CARTESIAN_POINT('',(150.13002285,-94.254539394,-6.8));
#2244=DIRECTION('',(-0.698605506,0.715507056,0.));
#2245=VECTOR('',#2244,3.965644502);
#2246=LINE('',#2243,#2245);
#2247=EDGE_CURVE('',#2233,#2242,#2246,.T.);
#2248=ORIENTED_EDGE('',*,*,#2247,.T.);
#2249=CARTESIAN_POINT('',(144.004258957,-89.97895896,-6.8));
#2250=VERTEX_POINT('',#2249);
#2251=CARTESIAN_POINT('',(143.944603656,-94.751422519,-6.8));
#2252=DIRECTION('',(0.,0.,-1.));
#2253=DIRECTION('',(0.012282523,0.999924567,0.));
#2254=AXIS2_PLACEMENT_3D('',#2251,#2252,#2253);
#2255=CIRCLE('',#2254,4.772836498);
#2256=EDGE_CURVE('',#2250,#2242,#2255,.T.);
#2257=ORIENTED_EDGE('',*,*,#2256,.F.);
#2258=CARTESIAN_POINT('',(132.408758593,-89.834016212,-6.8));
#2259=VERTEX_POINT('',#2258);
#2260=CARTESIAN_POINT('',(144.004258957,-89.97895896,-6.8));
#2261=DIRECTION('',(-0.999921885,0.012498937,0.));
#2262=VECTOR('',#2261,11.596406214);
#2263=LINE('',#2260,#2262);
#2264=EDGE_CURVE('',#2250,#2259,#2263,.T.);
#2265=ORIENTED_EDGE('',*,*,#2264,.T.);
#2266=CARTESIAN_POINT('',(128.74598921,-91.38991644,-6.8));
#2267=VERTEX_POINT('',#2266);
#2268=CARTESIAN_POINT('',(132.346961955,-94.777781605,-6.8));
#2269=DIRECTION('',(0.,0.,-1.));
#2270=DIRECTION('',(-0.728329759,0.685226796,0.));
#2271=AXIS2_PLACEMENT_3D('',#2268,#2269,#2270);
#2272=CIRCLE('',#2271,4.944151605);
#2273=EDGE_CURVE('',#2267,#2259,#2272,.T.);
#2274=ORIENTED_EDGE('',*,*,#2273,.F.);
#2275=CARTESIAN_POINT('',(126.092523488,-94.210293662,-6.8));
#2276=VERTEX_POINT('',#2275);
#2277=CARTESIAN_POINT('',(128.74598921,-91.38991644,-6.8));
#2278=DIRECTION('',(-0.685226796,-0.728329759,0.));
#2279=VECTOR('',#2278,3.872390478);
#2280=LINE('',#2277,#2279);
#2281=EDGE_CURVE('',#2267,#2276,#2280,.T.);
#2282=ORIENTED_EDGE('',*,*,#2281,.T.);
#2283=CARTESIAN_POINT('',(124.825506088,-94.757879589,-6.8));
#2284=VERTEX_POINT('',#2283);
#2285=CARTESIAN_POINT('',(124.825506088,-93.01825906,-6.8));
#2286=DIRECTION('',(0.,0.,-1.));
#2287=DIRECTION('',(-1.,0.,0.));
#2288=AXIS2_PLACEMENT_3D('',#2285,#2286,#2287);
#2289=CIRCLE('',#2288,1.739620529);
#2290=EDGE_CURVE('',#2276,#2284,#2289,.T.);
#2291=ORIENTED_EDGE('',*,*,#2290,.T.);
#2292=CARTESIAN_POINT('',(111.84705159,-94.757879589,-6.8));
#2293=VERTEX_POINT('',#2292);
#2294=CARTESIAN_POINT('',(124.825506088,-94.757879589,-6.8));
#2295=DIRECTION('',(-1.,0.,0.));
#2296=VECTOR('',#2295,12.978454498);
#2297=LINE('',#2294,#2296);
#2298=EDGE_CURVE('',#2284,#2293,#2297,.T.);
#2299=ORIENTED_EDGE('',*,*,#2298,.T.);
#2300=CARTESIAN_POINT('',(107.787882163,-97.059248843,-6.8));
#2301=VERTEX_POINT('',#2300);
#2302=CARTESIAN_POINT('',(111.84705159,-99.488358377,-6.8));
#2303=DIRECTION('',(0.,0.,-1.));
#2304=DIRECTION('',(-0.8580889,0.513501158,0.));
#2305=AXIS2_PLACEMENT_3D('',#2302,#2303,#2304);
#2306=CIRCLE('',#2305,4.730478788);
#2307=EDGE_CURVE('',#2301,#2293,#2306,.T.);
#2308=ORIENTED_EDGE('',*,*,#2307,.F.);
#2309=CARTESIAN_POINT('',(106.77580273,-98.750486654,-6.8));
#2310=VERTEX_POINT('',#2309);
#2311=CARTESIAN_POINT('',(107.787882163,-97.059248843,-6.8));
#2312=DIRECTION('',(-0.513501834,-0.858088496,0.));
#2313=VECTOR('',#2312,1.970936354);
#2314=LINE('',#2311,#2313);
#2315=EDGE_CURVE('',#2301,#2310,#2314,.T.);
#2316=ORIENTED_EDGE('',*,*,#2315,.T.);
#2317=CARTESIAN_POINT('',(105.417862539,-99.520378589,-6.8));
#2318=VERTEX_POINT('',#2317);
#2319=CARTESIAN_POINT('',(105.417862539,-97.937860937,-6.8));
#2320=DIRECTION('',(0.,0.,-1.));
#2321=DIRECTION('',(-1.,0.,0.));
#2322=AXIS2_PLACEMENT_3D('',#2319,#2320,#2321);
#2323=CIRCLE('',#2322,1.582517652);
#2324=EDGE_CURVE('',#2310,#2318,#2323,.T.);
#2325=ORIENTED_EDGE('',*,*,#2324,.T.);
#2326=CARTESIAN_POINT('',(91.012186641,-99.520378589,-6.8));
#2327=VERTEX_POINT('',#2326);
#2328=CARTESIAN_POINT('',(105.417862539,-99.520378589,-6.8));
#2329=DIRECTION('',(-1.,0.,0.));
#2330=VECTOR('',#2329,14.405675898);
#2331=LINE('',#2328,#2330);
#2332=EDGE_CURVE('',#2318,#2327,#2331,.T.);
#2333=ORIENTED_EDGE('',*,*,#2332,.T.);
#2334=CARTESIAN_POINT('',(88.234128758,-99.505757226,-6.8));
#2335=VERTEX_POINT('',#2334);
#2336=CARTESIAN_POINT('',(91.012186641,-99.520378589,-6.8));
#2337=DIRECTION('',(-0.99998615,0.005263087,0.));
#2338=VECTOR('',#2337,2.77809636);
#2339=LINE('',#2336,#2338);
#2340=EDGE_CURVE('',#2327,#2335,#2339,.T.);
#2341=ORIENTED_EDGE('',*,*,#2340,.T.);
#2342=CARTESIAN_POINT('',(88.230202883,-99.505378589,-6.8));
#2343=VERTEX_POINT('',#2342);
#2344=CARTESIAN_POINT('',(88.234128758,-99.505757226,-6.8));
#2345=DIRECTION('',(-0.995381215,0.096001229,0.));
#2346=VECTOR('',#2345,0.003944091);
#2347=LINE('',#2344,#2346);
#2348=EDGE_CURVE('',#2335,#2343,#2347,.T.);
#2349=ORIENTED_EDGE('',*,*,#2348,.T.);
#2350=CARTESIAN_POINT('',(73.358035298,-99.505378589,-6.8));
#2351=VERTEX_POINT('',#2350);
#2352=CARTESIAN_POINT('',(88.230202883,-99.505378589,-6.8));
#2353=DIRECTION('',(-1.,0.,0.));
#2354=VECTOR('',#2353,14.872167585);
#2355=LINE('',#2352,#2354);
#2356=EDGE_CURVE('',#2343,#2351,#2355,.T.);
#2357=ORIENTED_EDGE('',*,*,#2356,.T.);
#2358=CARTESIAN_POINT('',(68.583035298,-104.280378589,-6.8));
#2359=VERTEX_POINT('',#2358);
#2360=CARTESIAN_POINT('',(73.358035298,-104.280378589,-6.8));
#2361=DIRECTION('',(0.,0.,-1.));
#2362=DIRECTION('',(-1.,0.000000483,0.));
#2363=AXIS2_PLACEMENT_3D('',#2360,#2361,#2362);
#2364=CIRCLE('',#2363,4.775);
#2365=EDGE_CURVE('',#2359,#2351,#2364,.T.);
#2366=ORIENTED_EDGE('',*,*,#2365,.F.);
#2367=CARTESIAN_POINT('',(68.583035298,-157.700375589,-6.8));
#2368=VERTEX_POINT('',#2367);
#2369=CARTESIAN_POINT('',(68.583035298,-104.280378589,-6.8));
#2370=DIRECTION('',(0.,-1.,0.));
#2371=VECTOR('',#2370,53.419997);
#2372=LINE('',#2369,#2371);
#2373=EDGE_CURVE('',#2359,#2368,#2372,.T.);
#2374=ORIENTED_EDGE('',*,*,#2373,.T.);
#2375=CARTESIAN_POINT('',(73.358035298,-162.475375589,-6.8));
#2376=VERTEX_POINT('',#2375);
#2377=CARTESIAN_POINT('',(73.358035298,-157.700375589,-6.8));
#2378=DIRECTION('',(0.,0.,-1.));
#2379=DIRECTION('',(0.,-1.,0.));
#2380=AXIS2_PLACEMENT_3D('',#2377,#2378,#2379);
#2381=CIRCLE('',#2380,4.775);
#2382=EDGE_CURVE('',#2376,#2368,#2381,.T.);
#2383=ORIENTED_EDGE('',*,*,#2382,.F.);
#2384=CARTESIAN_POINT('',(126.228413925,-162.475375589,-6.8));
#2385=VERTEX_POINT('',#2384);
#2386=CARTESIAN_POINT('',(73.358035298,-162.475375589,-6.8));
#2387=DIRECTION('',(1.,0.,-0.));
#2388=VECTOR('',#2387,52.870378627);
#2389=LINE('',#2386,#2388);
#2390=EDGE_CURVE('',#2376,#2385,#2389,.T.);
#2391=ORIENTED_EDGE('',*,*,#2390,.T.);
#2392=CARTESIAN_POINT('',(127.534673439,-163.084517354,-6.8));
#2393=VERTEX_POINT('',#2392);
#2394=CARTESIAN_POINT('',(126.115204493,-164.423304246,-6.8));
#2395=DIRECTION('',(0.,0.,-1.));
#2396=DIRECTION('',(0.058019949,0.998315424,0.));
#2397=AXIS2_PLACEMENT_3D('',#2394,#2395,#2396);
#2398=CIRCLE('',#2397,1.951215629);
#2399=EDGE_CURVE('',#2385,#2393,#2398,.T.);
#2400=ORIENTED_EDGE('',*,*,#2399,.T.);
#2401=CARTESIAN_POINT('',(142.306534288,-180.689974159,-6.8));
#2402=VERTEX_POINT('',#2401);
#2403=CARTESIAN_POINT('',(127.534673439,-163.084517354,-6.8));
#2404=DIRECTION('',(0.642765357,-0.766063115,0.));
#2405=VECTOR('',#2404,22.98173149);
#2406=LINE('',#2403,#2405);
#2407=EDGE_CURVE('',#2393,#2402,#2406,.T.);
#2408=ORIENTED_EDGE('',*,*,#2407,.T.);
#2409=CARTESIAN_POINT('',(145.912964643,-182.37279493,-6.8));
#2410=VERTEX_POINT('',#2409);
#2411=CARTESIAN_POINT('',(146.102994621,-177.259687905,-6.8));
#2412=DIRECTION('',(-0.,0.,-1.));
#2413=DIRECTION('',(-0.037139624,-0.999310086,0.));
#2414=AXIS2_PLACEMENT_3D('',#2411,#2412,#2413);
#2415=CIRCLE('',#2414,5.116637064);
#2416=EDGE_CURVE('',#2410,#2402,#2415,.T.);
#2417=ORIENTED_EDGE('',*,*,#2416,.F.);
#2418=CARTESIAN_POINT('',(157.126980578,-182.402843724,-6.8));
#2419=VERTEX_POINT('',#2418);
#2420=CARTESIAN_POINT('',(145.912964643,-182.37279493,-6.8));
#2421=DIRECTION('',(0.99999641,-0.002679565,0.));
#2422=VECTOR('',#2421,11.214056194);
#2423=LINE('',#2420,#2422);
#2424=EDGE_CURVE('',#2410,#2419,#2423,.T.);
#2425=ORIENTED_EDGE('',*,*,#2424,.T.);
#2426=CARTESIAN_POINT('',(158.472617157,-182.422841863,-6.8));
#2427=VERTEX_POINT('',#2426);
#2428=CARTESIAN_POINT('',(157.126980578,-182.402843724,-6.8));
#2429=DIRECTION('',(0.999889587,-0.01485983,0.));
#2430=VECTOR('',#2429,1.345785172);
#2431=LINE('',#2428,#2430);
#2432=EDGE_CURVE('',#2419,#2427,#2431,.T.);
#2433=ORIENTED_EDGE('',*,*,#2432,.T.);
#2434=CARTESIAN_POINT('',(159.237898727,-182.447963461,-6.8));
#2435=VERTEX_POINT('',#2434);
#2436=CARTESIAN_POINT('',(158.472617157,-182.422841863,-6.8));
#2437=DIRECTION('',(0.999461642,-0.032808935,0.));
#2438=VECTOR('',#2437,0.765693787);
#2439=LINE('',#2436,#2438);
#2440=EDGE_CURVE('',#2427,#2435,#2439,.T.);
#2441=ORIENTED_EDGE('',*,*,#2440,.T.);
#2442=CARTESIAN_POINT('',(160.014724366,-182.483347557,-6.8));
#2443=VERTEX_POINT('',#2442);
#2444=CARTESIAN_POINT('',(159.237898727,-182.447963461,-6.8));
#2445=DIRECTION('',(0.998964228,-0.04550242,0.));
#2446=VECTOR('',#2445,0.777631088);
#2447=LINE('',#2444,#2446);
#2448=EDGE_CURVE('',#2435,#2443,#2447,.T.);
#2449=ORIENTED_EDGE('',*,*,#2448,.T.);
#2450=CARTESIAN_POINT('',(160.804422394,-182.529234037,-6.8));
#2451=VERTEX_POINT('',#2450);
#2452=CARTESIAN_POINT('',(160.014724366,-182.483347557,-6.8));
#2453=DIRECTION('',(0.998316088,-0.058008517,0.));
#2454=VECTOR('',#2453,0.791030052);
#2455=LINE('',#2452,#2454);
#2456=EDGE_CURVE('',#2443,#2451,#2455,.T.);
#2457=ORIENTED_EDGE('',*,*,#2456,.T.);
#2458=CARTESIAN_POINT('',(161.60080693,-182.585392058,-6.8));
#2459=VERTEX_POINT('',#2458);
#2460=CARTESIAN_POINT('',(160.804422394,-182.529234037,-6.8));
#2461=DIRECTION('',(0.997522966,-0.07034154,0.));
#2462=VECTOR('',#2461,0.798362106);
#2463=LINE('',#2460,#2462);
#2464=EDGE_CURVE('',#2451,#2459,#2463,.T.);
#2465=ORIENTED_EDGE('',*,*,#2464,.T.);
#2466=CARTESIAN_POINT('',(162.407230865,-182.65215966,-6.8));
#2467=VERTEX_POINT('',#2466);
#2468=CARTESIAN_POINT('',(161.60080693,-182.585392058,-6.8));
#2469=DIRECTION('',(0.996590043,-0.082512342,0.));
#2470=VECTOR('',#2469,0.809183215);
#2471=LINE('',#2468,#2470);
#2472=EDGE_CURVE('',#2459,#2467,#2471,.T.);
#2473=ORIENTED_EDGE('',*,*,#2472,.T.);
#2474=CARTESIAN_POINT('',(163.219490622,-182.729292515,-6.8));
#2475=VERTEX_POINT('',#2474);
#2476=CARTESIAN_POINT('',(162.407230865,-182.65215966,-6.8));
#2477=DIRECTION('',(0.995521487,-0.094535539,0.));
#2478=VECTOR('',#2477,0.815913838);
#2479=LINE('',#2476,#2478);
#2480=EDGE_CURVE('',#2467,#2475,#2479,.T.);
#2481=ORIENTED_EDGE('',*,*,#2480,.T.);
#2482=CARTESIAN_POINT('',(164.039010975,-182.817008356,-6.8));
#2483=VERTEX_POINT('',#2482);
#2484=CARTESIAN_POINT('',(163.219490622,-182.729292515,-6.8));
#2485=DIRECTION('',(0.994320703,-0.106425273,0.));
#2486=VECTOR('',#2485,0.824201236);
#2487=LINE('',#2484,#2486);
#2488=EDGE_CURVE('',#2475,#2483,#2487,.T.);
#2489=ORIENTED_EDGE('',*,*,#2488,.T.);
#2490=CARTESIAN_POINT('',(164.863257755,-182.915116258,-6.8));
#2491=VERTEX_POINT('',#2490);
#2492=CARTESIAN_POINT('',(164.039010975,-182.817008356,-6.8));
#2493=DIRECTION('',(0.992990638,-0.118193034,0.));
#2494=VECTOR('',#2493,0.830065006);
#2495=LINE('',#2492,#2494);
#2496=EDGE_CURVE('',#2483,#2491,#2495,.T.);
#2497=ORIENTED_EDGE('',*,*,#2496,.T.);
#2498=CARTESIAN_POINT('',(165.692012306,-183.023647965,-6.8));
#2499=VERTEX_POINT('',#2498);
#2500=CARTESIAN_POINT('',(164.863257755,-182.915116258,-6.8));
#2501=DIRECTION('',(0.991533795,-0.129848887,0.));
#2502=VECTOR('',#2501,0.835830866);
#2503=LINE('',#2500,#2502);
#2504=EDGE_CURVE('',#2491,#2499,#2503,.T.);
#2505=ORIENTED_EDGE('',*,*,#2504,.T.);
#2506=CARTESIAN_POINT('',(166.519929137,-183.141911217,-6.8));
#2507=VERTEX_POINT('',#2506);
#2508=CARTESIAN_POINT('',(165.692012306,-183.023647965,-6.8));
#2509=DIRECTION('',(0.989951265,-0.141408957,0.));
#2510=VECTOR('',#2509,0.836320798);
#2511=LINE('',#2508,#2510);
#2512=EDGE_CURVE('',#2499,#2507,#2511,.T.);
#2513=ORIENTED_EDGE('',*,*,#2512,.T.);
#2514=CARTESIAN_POINT('',(168.195301663,-183.41101711,-6.8));
#2515=VERTEX_POINT('',#2514);
#2516=CARTESIAN_POINT('',(166.519929137,-183.141911217,-6.8));
#2517=DIRECTION('',(0.987344254,-0.158591688,0.));
#2518=VECTOR('',#2517,1.696847395);
#2519=LINE('',#2516,#2518);
#2520=EDGE_CURVE('',#2507,#2515,#2519,.T.);
#2521=ORIENTED_EDGE('',*,*,#2520,.T.);
#2522=CARTESIAN_POINT('',(169.8682347,-183.719340655,-6.8));
#2523=VERTEX_POINT('',#2522);
#2524=CARTESIAN_POINT('',(168.195301663,-183.41101711,-6.8));
#2525=DIRECTION('',(0.9834373,-0.181248662,0.));
#2526=VECTOR('',#2525,1.701107979);
#2527=LINE('',#2524,#2526);
#2528=EDGE_CURVE('',#2515,#2523,#2527,.T.);
#2529=ORIENTED_EDGE('',*,*,#2528,.T.);
#2530=CARTESIAN_POINT('',(171.536008482,-184.066336028,-6.8));
#2531=VERTEX_POINT('',#2530);
#2532=CARTESIAN_POINT('',(169.8682347,-183.719340655,-6.8));
#2533=DIRECTION('',(0.97903401,-0.203696853,0.));
#2534=VECTOR('',#2533,1.703489119);
#2535=LINE('',#2532,#2534);
#2536=EDGE_CURVE('',#2523,#2531,#2535,.T.);
#2537=ORIENTED_EDGE('',*,*,#2536,.T.);
#2538=CARTESIAN_POINT('',(173.191592271,-184.450453401,-6.8));
#2539=VERTEX_POINT('',#2538);
#2540=CARTESIAN_POINT('',(171.536008482,-184.066336028,-6.8));
#2541=DIRECTION('',(0.974125003,-0.226009906,0.));
#2542=VECTOR('',#2541,1.699559895);
#2543=LINE('',#2540,#2542);
#2544=EDGE_CURVE('',#2531,#2539,#2543,.T.);
#2545=ORIENTED_EDGE('',*,*,#2544,.T.);
#2546=CARTESIAN_POINT('',(174.831741784,-184.870787463,-6.8));
#2547=VERTEX_POINT('',#2546);
#2548=CARTESIAN_POINT('',(173.191592271,-184.450453401,-6.8));
#2549=DIRECTION('',(0.968694707,-0.248255039,0.));
#2550=VECTOR('',#2549,1.693154201);
#2551=LINE('',#2548,#2550);
#2552=EDGE_CURVE('',#2539,#2547,#2551,.T.);
#2553=ORIENTED_EDGE('',*,*,#2552,.T.);
#2554=CARTESIAN_POINT('',(175.101469977,-184.94541482,-6.8));
#2555=VERTEX_POINT('',#2554);
#2556=CARTESIAN_POINT('',(174.831741784,-184.870787463,-6.8));
#2557=DIRECTION('',(0.963791208,-0.266658036,0.));
#2558=VECTOR('',#2557,0.279861645);
#2559=LINE('',#2556,#2558);
#2560=EDGE_CURVE('',#2547,#2555,#2559,.T.);
#2561=ORIENTED_EDGE('',*,*,#2560,.T.);
#2562=CARTESIAN_POINT('',(176.629767175,-185.392284179,-6.8));
#2563=VERTEX_POINT('',#2562);
#2564=CARTESIAN_POINT('',(175.101469977,-184.94541482,-6.8));
#2565=DIRECTION('',(0.959811385,-0.280645872,0.));
#2566=VECTOR('',#2565,1.592289091);
#2567=LINE('',#2564,#2566);
#2568=EDGE_CURVE('',#2555,#2563,#2567,.T.);
#2569=ORIENTED_EDGE('',*,*,#2568,.T.);
#2570=CARTESIAN_POINT('',(178.157631091,-185.879716277,-6.8));
#2571=VERTEX_POINT('',#2570);
#2572=CARTESIAN_POINT('',(176.629767175,-185.392284179,-6.8));
#2573=DIRECTION('',(0.952692446,-0.303936019,0.));
#2574=VECTOR('',#2573,1.603732583);
#2575=LINE('',#2572,#2574);
#2576=EDGE_CURVE('',#2563,#2571,#2575,.T.);
#2577=ORIENTED_EDGE('',*,*,#2576,.T.);
#2578=CARTESIAN_POINT('',(178.91701147,-186.137228208,-6.8));
#2579=VERTEX_POINT('',#2578);
#2580=CARTESIAN_POINT('',(178.157631091,-185.879716277,-6.8));
#2581=DIRECTION('',(0.947029907,-0.32114538,0.));
#2582=VECTOR('',#2581,0.801854696);
#2583=LINE('',#2580,#2582);
#2584=EDGE_CURVE('',#2571,#2579,#2583,.T.);
#2585=ORIENTED_EDGE('',*,*,#2584,.T.);
#2586=CARTESIAN_POINT('',(179.685509293,-186.408156532,-6.8));
#2587=VERTEX_POINT('',#2586);
#2588=CARTESIAN_POINT('',(178.91701147,-186.137228208,-6.8));
#2589=DIRECTION('',(0.943108209,-0.332485948,0.));
#2590=VECTOR('',#2589,0.814856467);
#2591=LINE('',#2588,#2590);
#2592=EDGE_CURVE('',#2579,#2587,#2591,.T.);
#2593=ORIENTED_EDGE('',*,*,#2592,.T.);
#2594=CARTESIAN_POINT('',(180.456626387,-186.690382668,-6.8));
#2595=VERTEX_POINT('',#2594);
#2596=CARTESIAN_POINT('',(179.685509293,-186.408156532,-6.8));
#2597=DIRECTION('',(0.939079571,-0.343699809,0.));
#2598=VECTOR('',#2597,0.821141379);
#2599=LINE('',#2596,#2598);
#2600=EDGE_CURVE('',#2587,#2595,#2599,.T.);
#2601=ORIENTED_EDGE('',*,*,#2600,.T.);
#2602=CARTESIAN_POINT('',(181.233156616,-186.985038085,-6.8));
#2603=VERTEX_POINT('',#2602);
#2604=CARTESIAN_POINT('',(180.456626387,-186.690382668,-6.8));
#2605=DIRECTION('',(0.934953814,-0.354769455,0.));
#2606=VECTOR('',#2605,0.830554641);
#2607=LINE('',#2604,#2606);
#2608=EDGE_CURVE('',#2595,#2603,#2607,.T.);
#2609=ORIENTED_EDGE('',*,*,#2608,.T.);
#2610=CARTESIAN_POINT('',(182.014475876,-187.292022547,-6.8));
#2611=VERTEX_POINT('',#2610);
#2612=CARTESIAN_POINT('',(181.233156616,-186.985038085,-6.8));
#2613=DIRECTION('',(0.930736245,-0.365691185,0.));
#2614=VECTOR('',#2613,0.839463666);
#2615=LINE('',#2612,#2614);
#2616=EDGE_CURVE('',#2603,#2611,#2615,.T.);
#2617=ORIENTED_EDGE('',*,*,#2616,.T.);
#2618=CARTESIAN_POINT('',(182.801893133,-187.611981955,-6.8));
#2619=VERTEX_POINT('',#2618);
#2620=CARTESIAN_POINT('',(182.014475876,-187.292022547,-6.8));
#2621=DIRECTION('',(0.926437385,-0.376448896,0.));
#2622=VECTOR('',#2621,0.84994115);
#2623=LINE('',#2620,#2622);
#2624=EDGE_CURVE('',#2611,#2619,#2623,.T.);
#2625=ORIENTED_EDGE('',*,*,#2624,.T.);
#2626=CARTESIAN_POINT('',(183.59654288,-187.945534341,-6.8));
#2627=VERTEX_POINT('',#2626);
#2628=CARTESIAN_POINT('',(182.801893133,-187.611981955,-6.8));
#2629=DIRECTION('',(0.922065148,-0.387034705,0.));
#2630=VECTOR('',#2629,0.861815186);
#2631=LINE('',#2628,#2630);
#2632=EDGE_CURVE('',#2619,#2627,#2631,.T.);
#2633=ORIENTED_EDGE('',*,*,#2632,.T.);
#2634=CARTESIAN_POINT('',(184.397803177,-188.2925747,-6.8));
#2635=VERTEX_POINT('',#2634);
#2636=CARTESIAN_POINT('',(183.59654288,-187.945534341,-6.8));
#2637=DIRECTION('',(0.917627656,-0.397441171,0.));
#2638=VECTOR('',#2637,0.873186735);
#2639=LINE('',#2636,#2638);
#2640=EDGE_CURVE('',#2627,#2635,#2639,.T.);
#2641=ORIENTED_EDGE('',*,*,#2640,.T.);
#2642=CARTESIAN_POINT('',(185.208505109,-188.654507422,-6.8));
#2643=VERTEX_POINT('',#2642);
#2644=CARTESIAN_POINT('',(184.397803177,-188.2925747,-6.8));
#2645=DIRECTION('',(0.91313276,-0.407662315,0.));
#2646=VECTOR('',#2645,0.887824824);
#2647=LINE('',#2644,#2646);
#2648=EDGE_CURVE('',#2635,#2643,#2647,.T.);
#2649=ORIENTED_EDGE('',*,*,#2648,.T.);
#2650=CARTESIAN_POINT('',(186.026622623,-189.030604119,-6.8));
#2651=VERTEX_POINT('',#2650);
#2652=CARTESIAN_POINT('',(185.208505109,-188.654507422,-6.8));
#2653=DIRECTION('',(0.908590509,-0.417688026,0.));
#2654=VECTOR('',#2653,0.900424895);
#2655=LINE('',#2652,#2654);
#2656=EDGE_CURVE('',#2643,#2651,#2655,.T.);
#2657=ORIENTED_EDGE('',*,*,#2656,.T.);
#2658=CARTESIAN_POINT('',(186.856389166,-189.423011056,-6.8));
#2659=VERTEX_POINT('',#2658);
#2660=CARTESIAN_POINT('',(186.026622623,-189.030604119,-6.8));
#2661=DIRECTION('',(0.904007572,-0.427516444,0.));
#2662=VECTOR('',#2661,0.917875657);
#2663=LINE('',#2660,#2662);
#2664=EDGE_CURVE('',#2651,#2659,#2663,.T.);
#2665=ORIENTED_EDGE('',*,*,#2664,.T.);
#2666=CARTESIAN_POINT('',(187.694315306,-189.830275015,-6.8));
#2667=VERTEX_POINT('',#2666);
#2668=CARTESIAN_POINT('',(186.856389166,-189.423011056,-6.8));
#2669=DIRECTION('',(0.899393702,-0.437139531,0.));
#2670=VECTOR('',#2669,0.931656669);
#2671=LINE('',#2668,#2670);
#2672=EDGE_CURVE('',#2659,#2667,#2671,.T.);
#2673=ORIENTED_EDGE('',*,*,#2672,.T.);
#2674=CARTESIAN_POINT('',(188.546148979,-190.255411643,-6.8));
#2675=VERTEX_POINT('',#2674);
#2676=CARTESIAN_POINT('',(187.694315306,-189.830275015,-6.8));
#2677=DIRECTION('',(0.894754759,-0.446557859,0.));
#2678=VECTOR('',#2677,0.952030335);
#2679=LINE('',#2676,#2678);
#2680=EDGE_CURVE('',#2667,#2675,#2679,.T.);
#2681=ORIENTED_EDGE('',*,*,#2680,.T.);
#2682=CARTESIAN_POINT('',(189.406960353,-190.696175607,-6.8));
#2683=VERTEX_POINT('',#2682);
#2684=CARTESIAN_POINT('',(188.546148979,-190.255411643,-6.8));
#2685=DIRECTION('',(0.890101854,-0.45576166,0.));
#2686=VECTOR('',#2685,0.967093115);
#2687=LINE('',#2684,#2686);
#2688=EDGE_CURVE('',#2675,#2683,#2687,.T.);
#2689=ORIENTED_EDGE('',*,*,#2688,.T.);
#2690=CARTESIAN_POINT('',(190.2838781,-191.156457837,-6.8));
#2691=VERTEX_POINT('',#2690);
#2692=CARTESIAN_POINT('',(189.406960353,-190.696175607,-6.8));
#2693=DIRECTION('',(0.885439284,-0.46475507,0.));
#2694=VECTOR('',#2693,0.990375922);
#2695=LINE('',#2692,#2694);
#2696=EDGE_CURVE('',#2683,#2691,#2695,.T.);
#2697=ORIENTED_EDGE('',*,*,#2696,.T.);
#2698=CARTESIAN_POINT('',(191.17063644,-191.633203783,-6.8));
#2699=VERTEX_POINT('',#2698);
#2700=CARTESIAN_POINT('',(190.2838781,-191.156457837,-6.8));
#2701=DIRECTION('',(0.880777447,-0.473530452,0.));
#2702=VECTOR('',#2701,1.00679047);
#2703=LINE('',#2700,#2702);
#2704=EDGE_CURVE('',#2691,#2699,#2703,.T.);
#2705=ORIENTED_EDGE('',*,*,#2704,.T.);
#2706=CARTESIAN_POINT('',(192.075896278,-192.131328646,-6.8));
#2707=VERTEX_POINT('',#2706);
#2708=CARTESIAN_POINT('',(191.17063644,-191.633203783,-6.8));
#2709=DIRECTION('',(0.876121099,-0.48209109,0.));
#2710=VECTOR('',#2709,1.033258803);
#2711=LINE('',#2708,#2710);
#2712=EDGE_CURVE('',#2699,#2707,#2711,.T.);
#2713=ORIENTED_EDGE('',*,*,#2712,.T.);
#2714=CARTESIAN_POINT('',(192.940805913,-192.61806412,-6.8));
#2715=VERTEX_POINT('',#2714);
#2716=CARTESIAN_POINT('',(192.075896278,-192.131328646,-6.8));
#2717=DIRECTION('',(0.871479162,-0.490432533,0.));
#2718=VECTOR('',#2717,0.992461636);
#2719=LINE('',#2716,#2718);
#2720=EDGE_CURVE('',#2707,#2715,#2719,.T.);
#2721=ORIENTED_EDGE('',*,*,#2720,.T.);
#2722=CARTESIAN_POINT('',(192.946179682,-192.621752389,-6.8));
#2723=VERTEX_POINT('',#2722);
#2724=CARTESIAN_POINT('',(192.940805913,-192.61806412,-6.8));
#2725=DIRECTION('',(0.82448552,-0.565883051,0.));
#2726=VECTOR('',#2725,0.006517724);
#2727=LINE('',#2724,#2726);
#2728=EDGE_CURVE('',#2715,#2723,#2727,.T.);
#2729=ORIENTED_EDGE('',*,*,#2728,.T.);
#2730=CARTESIAN_POINT('',(197.687027874,-195.235569411,-6.8));
#2731=VERTEX_POINT('',#2730);
#2732=CARTESIAN_POINT('',(192.946179682,-192.621752389,-6.8));
#2733=DIRECTION('',(0.875720106,-0.482819113,0.));
#2734=VECTOR('',#2733,5.413656897);
#2735=LINE('',#2732,#2734);
#2736=EDGE_CURVE('',#2723,#2731,#2735,.T.);
#2737=ORIENTED_EDGE('',*,*,#2736,.T.);
#2738=CARTESIAN_POINT('',(197.692200185,-195.23779029,-6.8));
#2739=VERTEX_POINT('',#2738);
#2740=CARTESIAN_POINT('',(197.687027874,-195.235569411,-6.8));
#2741=DIRECTION('',(0.918876296,-0.394545754,0.));
#2742=VECTOR('',#2741,0.005628953);
#2743=LINE('',#2740,#2742);
#2744=EDGE_CURVE('',#2731,#2739,#2743,.T.);
#2745=ORIENTED_EDGE('',*,*,#2744,.T.);
#2746=CARTESIAN_POINT('',(204.110567811,-193.336847222,-6.8));
#2747=VERTEX_POINT('',#2746);
#2748=CARTESIAN_POINT('',(199.934330113,-191.022146089,-6.8));
#2749=DIRECTION('',(0.,0.,-1.));
#2750=DIRECTION('',(0.874639707,-0.484773537,0.));
#2751=AXIS2_PLACEMENT_3D('',#2748,#2749,#2750);
#2752=CIRCLE('',#2751,4.774809174);
#2753=EDGE_CURVE('',#2747,#2739,#2752,.T.);
#2754=ORIENTED_EDGE('',*,*,#2753,.F.);
#2755=CARTESIAN_POINT('',(212.649399986,-177.932387306,-6.8));
#2756=VERTEX_POINT('',#2755);
#2757=CARTESIAN_POINT('',(204.110567811,-193.336847222,-6.8));
#2758=DIRECTION('',(0.484809647,0.874619692,0.));
#2759=VECTOR('',#2758,17.612752204);
#2760=LINE('',#2757,#2759);
#2761=EDGE_CURVE('',#2747,#2756,#2760,.T.);
#2762=ORIENTED_EDGE('',*,*,#2761,.T.);
#2763=CARTESIAN_POINT('',(213.245791615,-175.706950593,-6.8));
#2764=VERTEX_POINT('',#2763);
#2765=CARTESIAN_POINT('',(208.37191976,-175.593440015,-6.8));
#2766=DIRECTION('',(0.,0.,-1.));
#2767=DIRECTION('',(0.999728907,-0.023283297,0.));
#2768=AXIS2_PLACEMENT_3D('',#2765,#2766,#2767);
#2769=CIRCLE('',#2768,4.875193484);
#2770=EDGE_CURVE('',#2764,#2756,#2769,.T.);
#2771=ORIENTED_EDGE('',*,*,#2770,.F.);
#2772=CARTESIAN_POINT('',(213.245783614,-104.300375883,-6.8));
#2773=VERTEX_POINT('',#2772);
#2774=CARTESIAN_POINT('',(213.245783614,-104.300375883,-6.8));
#2775=DIRECTION('',(0.000000112,-1.,0.));
#2776=VECTOR('',#2775,71.40657471);
#2777=LINE('',#2774,#2776);
#2778=EDGE_CURVE('',#2773,#2764,#2777,.T.);
#2779=ORIENTED_EDGE('',*,*,#2778,.F.);
#2780=CARTESIAN_POINT('',(208.465779803,-99.520372608,-6.8));
#2781=VERTEX_POINT('',#2780);
#2782=CARTESIAN_POINT('',(208.465783276,-104.300372946,-6.8));
#2783=DIRECTION('',(0.,0.,-1.));
#2784=DIRECTION('',(-0.00120541,0.999999273,0.));
#2785=AXIS2_PLACEMENT_3D('',#2782,#2783,#2784);
#2786=CIRCLE('',#2785,4.780003811);
#2787=EDGE_CURVE('',#2781,#2773,#2786,.T.);
#2788=ORIENTED_EDGE('',*,*,#2787,.F.);
#2789=CARTESIAN_POINT('',(208.465779803,-99.520372608,-6.8));
#2790=DIRECTION('',(-1.,0.,0.));
#2791=VECTOR('',#2790,2.341259557);
#2792=LINE('',#2789,#2791);
#2793=EDGE_CURVE('',#2781,#2167,#2792,.T.);
#2794=ORIENTED_EDGE('',*,*,#2793,.T.);
#2795=EDGE_LOOP('',(#2173,#2181,#2189,#2197,#2206,#2214,#2223,#2231,#2240,#2248,#2257,#2265,#2274,#2282,#2291,#2299,#2308,#2316,#2325,#2333,#2341,#2349,#2357,#2366,#2374,#2383,
#2391,#2400,#2408,#2417,#2425,#2433,#2441,#2449,#2457,#2465,#2473,#2481,#2489,#2497,#2505,#2513,#2521,#2529,#2537,#2545,#2553,#2561,#2569,#2577,#2585,
#2593,#2601,#2609,#2617,#2625,#2633,#2641,#2649,#2657,#2665,#2673,#2681,#2689,#2697,#2705,#2713,#2721,#2729,#2737,#2745,#2754,#2762,#2771,#2779,#2788,
#2794));
#2796=FACE_BOUND('',#2795,.T.);
#2797=ADVANCED_FACE('',(#1996,#2016,#2086,#2097,#2108,#2119,#2130,#2141,#2152,#2163,#2796),#1985,.F.);
#2798=CARTESIAN_POINT('',(90.550794298,-139.190376589,-6.8));
#2799=DIRECTION('',(0.,0.,-1.));
#2800=DIRECTION('',(-1.,0.,0.));
#2801=AXIS2_PLACEMENT_3D('',#2798,#2799,#2800);
#2802=CYLINDRICAL_SURFACE('',#2801,1.1);
#2803=CARTESIAN_POINT('',(89.450794298,-139.190376589,-7.9));
#2804=VERTEX_POINT('',#2803);
#2805=CARTESIAN_POINT('',(89.450794298,-139.190376589,-7.9));
#2806=DIRECTION('',(-0.,-0.,1.));
#2807=VECTOR('',#2806,1.1);
#2808=LINE('',#2805,#2807);
#2809=EDGE_CURVE('',#2804,#2110,#2808,.T.);
#2810=ORIENTED_EDGE('',*,*,#2809,.F.);
#2811=CARTESIAN_POINT('',(90.550794298,-139.190376589,-7.9));
#2812=DIRECTION('',(0.,0.,-1.));
#2813=DIRECTION('',(-1.,0.,0.));
#2814=AXIS2_PLACEMENT_3D('',#2811,#2812,#2813);
#2815=CIRCLE('',#2814,1.1);
#2816=EDGE_CURVE('',#2804,#2804,#2815,.T.);
#2817=ORIENTED_EDGE('',*,*,#2816,.T.);
#2818=ORIENTED_EDGE('',*,*,#2809,.T.);
#2819=ORIENTED_EDGE('',*,*,#2116,.F.);
#2820=EDGE_LOOP('',(#2810,#2817,#2818,#2819));
#2821=FACE_BOUND('',#2820,.T.);
#2822=ADVANCED_FACE('',(#2821),#2802,.F.);
#2823=CARTESIAN_POINT('',(167.250794298,-162.040376589,-6.8));
#2824=DIRECTION('',(0.,0.,-1.));
#2825=DIRECTION('',(-1.,0.,0.));
#2826=AXIS2_PLACEMENT_3D('',#2823,#2824,#2825);
#2827=CYLINDRICAL_SURFACE('',#2826,1.1);
#2828=CARTESIAN_POINT('',(166.150794298,-162.040376589,-7.9));
#2829=VERTEX_POINT('',#2828);
#2830=CARTESIAN_POINT('',(166.150794298,-162.040376589,-7.9));
#2831=DIRECTION('',(-0.,-0.,1.));
#2832=VECTOR('',#2831,1.1);
#2833=LINE('',#2830,#2832);
#2834=EDGE_CURVE('',#2829,#2099,#2833,.T.);
#2835=ORIENTED_EDGE('',*,*,#2834,.F.);
#2836=CARTESIAN_POINT('',(167.250794298,-162.040376589,-7.9));
#2837=DIRECTION('',(0.,0.,-1.));
#2838=DIRECTION('',(-1.,0.,0.));
#2839=AXIS2_PLACEMENT_3D('',#2836,#2837,#2838);
#2840=CIRCLE('',#2839,1.1);
#2841=EDGE_CURVE('',#2829,#2829,#2840,.T.);
#2842=ORIENTED_EDGE('',*,*,#2841,.T.);
#2843=ORIENTED_EDGE('',*,*,#2834,.T.);
#2844=ORIENTED_EDGE('',*,*,#2105,.F.);
#2845=EDGE_LOOP('',(#2835,#2842,#2843,#2844));
#2846=FACE_BOUND('',#2845,.T.);
#2847=ADVANCED_FACE('',(#2846),#2827,.F.);
#2848=CARTESIAN_POINT('',(90.550794298,-119.940376589,-6.8));
#2849=DIRECTION('',(0.,0.,-1.));
#2850=DIRECTION('',(-1.,0.,0.));
#2851=AXIS2_PLACEMENT_3D('',#2848,#2849,#2850);
#2852=CYLINDRICAL_SURFACE('',#2851,1.1);
#2853=CARTESIAN_POINT('',(89.450794298,-119.940376589,-7.9));
#2854=VERTEX_POINT('',#2853);
#2855=CARTESIAN_POINT('',(89.450794298,-119.940376589,-7.9));
#2856=DIRECTION('',(-0.,-0.,1.));
#2857=VECTOR('',#2856,1.1);
#2858=LINE('',#2855,#2857);
#2859=EDGE_CURVE('',#2854,#2121,#2858,.T.);
#2860=ORIENTED_EDGE('',*,*,#2859,.F.);
#2861=CARTESIAN_POINT('',(90.550794298,-119.940376589,-7.9));
#2862=DIRECTION('',(0.,0.,-1.));
#2863=DIRECTION('',(-1.,0.,0.));
#2864=AXIS2_PLACEMENT_3D('',#2861,#2862,#2863);
#2865=CIRCLE('',#2864,1.1);
#2866=EDGE_CURVE('',#2854,#2854,#2865,.T.);
#2867=ORIENTED_EDGE('',*,*,#2866,.T.);
#2868=ORIENTED_EDGE('',*,*,#2859,.T.);
#2869=ORIENTED_EDGE('',*,*,#2127,.F.);
#2870=EDGE_LOOP('',(#2860,#2867,#2868,#2869));
#2871=FACE_BOUND('',#2870,.T.);
#2872=ADVANCED_FACE('',(#2871),#2852,.F.);
#2873=CARTESIAN_POINT('',(147.600794298,-100.140376589,-6.8));
#2874=DIRECTION('',(0.,0.,-1.));
#2875=DIRECTION('',(-1.,0.,0.));
#2876=AXIS2_PLACEMENT_3D('',#2873,#2874,#2875);
#2877=CYLINDRICAL_SURFACE('',#2876,1.1);
#2878=CARTESIAN_POINT('',(146.500794298,-100.140376589,-7.9));
#2879=VERTEX_POINT('',#2878);
#2880=CARTESIAN_POINT('',(146.500794298,-100.140376589,-7.9));
#2881=DIRECTION('',(-0.,-0.,1.));
#2882=VECTOR('',#2881,1.1);
#2883=LINE('',#2880,#2882);
#2884=EDGE_CURVE('',#2879,#2088,#2883,.T.);
#2885=ORIENTED_EDGE('',*,*,#2884,.F.);
#2886=CARTESIAN_POINT('',(147.600794298,-100.140376589,-7.9));
#2887=DIRECTION('',(0.,0.,-1.));
#2888=DIRECTION('',(-1.,0.,0.));
#2889=AXIS2_PLACEMENT_3D('',#2886,#2887,#2888);
#2890=CIRCLE('',#2889,1.1);
#2891=EDGE_CURVE('',#2879,#2879,#2890,.T.);
#2892=ORIENTED_EDGE('',*,*,#2891,.T.);
#2893=ORIENTED_EDGE('',*,*,#2884,.T.);
#2894=ORIENTED_EDGE('',*,*,#2094,.F.);
#2895=EDGE_LOOP('',(#2885,#2892,#2893,#2894));
#2896=FACE_BOUND('',#2895,.T.);
#2897=ADVANCED_FACE('',(#2896),#2877,.F.);
#2898=CARTESIAN_POINT('',(134.920603864,-171.887245757,-6.8));
#2899=DIRECTION('',(0.766063115,0.642765357,0.));
#2900=DIRECTION('',(-0.642765357,0.766063115,0.));
#2901=AXIS2_PLACEMENT_3D('',#2898,#2899,#2900);
#2902=PLANE('',#2901);
#2903=ORIENTED_EDGE('',*,*,#167,.T.);
#2904=CARTESIAN_POINT('',(142.306534288,-180.689974159,-6.8));
#2905=DIRECTION('',(0.,0.,-1.));
#2906=VECTOR('',#2905,1.5);
#2907=LINE('',#2904,#2906);
#2908=EDGE_CURVE('',#2402,#162,#2907,.T.);
#2909=ORIENTED_EDGE('',*,*,#2908,.F.);
#2910=ORIENTED_EDGE('',*,*,#2407,.F.);
#2911=CARTESIAN_POINT('',(127.534673439,-163.084517354,-6.8));
#2912=DIRECTION('',(0.,0.,-1.));
#2913=VECTOR('',#2912,1.5);
#2914=LINE('',#2911,#2913);
#2915=EDGE_CURVE('',#2393,#160,#2914,.T.);
#2916=ORIENTED_EDGE('',*,*,#2915,.T.);
#2917=EDGE_LOOP('',(#2903,#2909,#2910,#2916));
#2918=FACE_BOUND('',#2917,.T.);
#2919=ADVANCED_FACE('',(#2918),#2902,.F.);
#2920=CARTESIAN_POINT('',(126.115204493,-164.423304246,-6.8));
#2921=DIRECTION('',(0.,0.,-1.));
#2922=DIRECTION('',(-1.,0.,0.));
#2923=AXIS2_PLACEMENT_3D('',#2920,#2921,#2922);
#2924=CYLINDRICAL_SURFACE('',#2923,1.951215629);
#2925=ORIENTED_EDGE('',*,*,#176,.T.);
#2926=ORIENTED_EDGE('',*,*,#2915,.F.);
#2927=ORIENTED_EDGE('',*,*,#2399,.F.);
#2928=CARTESIAN_POINT('',(126.228413925,-162.475375589,-6.8));
#2929=DIRECTION('',(0.,0.,-1.));
#2930=VECTOR('',#2929,1.5);
#2931=LINE('',#2928,#2930);
#2932=EDGE_CURVE('',#2385,#170,#2931,.T.);
#2933=ORIENTED_EDGE('',*,*,#2932,.T.);
#2934=EDGE_LOOP('',(#2925,#2926,#2927,#2933));
#2935=FACE_BOUND('',#2934,.T.);
#2936=ADVANCED_FACE('',(#2935),#2924,.F.);
#2937=CARTESIAN_POINT('',(99.793224612,-162.475375589,-6.8));
#2938=DIRECTION('',(0.,1.,0.));
#2939=DIRECTION('',(0.,0.,1.));
#2940=AXIS2_PLACEMENT_3D('',#2937,#2938,#2939);
#2941=PLANE('',#2940);
#2942=ORIENTED_EDGE('',*,*,#184,.T.);
#2943=ORIENTED_EDGE('',*,*,#2932,.F.);
#2944=ORIENTED_EDGE('',*,*,#2390,.F.);
#2945=CARTESIAN_POINT('',(73.358035298,-162.475375589,-6.8));
#2946=DIRECTION('',(0.,0.,-1.));
#2947=VECTOR('',#2946,1.5);
#2948=LINE('',#2945,#2947);
#2949=EDGE_CURVE('',#2376,#179,#2948,.T.);
#2950=ORIENTED_EDGE('',*,*,#2949,.T.);
#2951=EDGE_LOOP('',(#2942,#2943,#2944,#2950));
#2952=FACE_BOUND('',#2951,.T.);
#2953=ADVANCED_FACE('',(#2952),#2941,.F.);
#2954=CARTESIAN_POINT('',(73.358035298,-157.700375589,-6.8));
#2955=DIRECTION('',(0.,0.,-1.));
#2956=DIRECTION('',(-1.,0.,0.));
#2957=AXIS2_PLACEMENT_3D('',#2954,#2955,#2956);
#2958=CYLINDRICAL_SURFACE('',#2957,4.775);
#2959=ORIENTED_EDGE('',*,*,#193,.F.);
#2960=ORIENTED_EDGE('',*,*,#2949,.F.);
#2961=ORIENTED_EDGE('',*,*,#2382,.T.);
#2962=CARTESIAN_POINT('',(68.583035298,-157.700375589,-6.8));
#2963=DIRECTION('',(0.,0.,-1.));
#2964=VECTOR('',#2963,1.5);
#2965=LINE('',#2962,#2964);
#2966=EDGE_CURVE('',#2368,#187,#2965,.T.);
#2967=ORIENTED_EDGE('',*,*,#2966,.T.);
#2968=EDGE_LOOP('',(#2959,#2960,#2961,#2967));
#2969=FACE_BOUND('',#2968,.T.);
#2970=ADVANCED_FACE('',(#2969),#2958,.T.);
#2971=CARTESIAN_POINT('',(68.583035298,-130.990375936,-6.8));
#2972=DIRECTION('',(1.,0.,0.));
#2973=DIRECTION('',(0.,0.,-1.));
#2974=AXIS2_PLACEMENT_3D('',#2971,#2972,#2973);
#2975=PLANE('',#2974);
#2976=ORIENTED_EDGE('',*,*,#201,.T.);
#2977=ORIENTED_EDGE('',*,*,#2966,.F.);
#2978=ORIENTED_EDGE('',*,*,#2373,.F.);
#2979=CARTESIAN_POINT('',(68.583035298,-104.280378589,-6.8));
#2980=DIRECTION('',(0.,0.,-1.));
#2981=VECTOR('',#2980,1.5);
#2982=LINE('',#2979,#2981);
#2983=EDGE_CURVE('',#2359,#196,#2982,.T.);
#2984=ORIENTED_EDGE('',*,*,#2983,.T.);
#2985=EDGE_LOOP('',(#2976,#2977,#2978,#2984));
#2986=FACE_BOUND('',#2985,.T.);
#2987=ADVANCED_FACE('',(#2986),#2975,.F.);
#2988=CARTESIAN_POINT('',(73.358035298,-104.280378589,-6.8));
#2989=DIRECTION('',(0.,0.,-1.));
#2990=DIRECTION('',(-1.,0.,0.));
#2991=AXIS2_PLACEMENT_3D('',#2988,#2989,#2990);
#2992=CYLINDRICAL_SURFACE('',#2991,4.775);
#2993=ORIENTED_EDGE('',*,*,#210,.F.);
#2994=ORIENTED_EDGE('',*,*,#2983,.F.);
#2995=ORIENTED_EDGE('',*,*,#2365,.T.);
#2996=CARTESIAN_POINT('',(73.358035298,-99.505378589,-6.8));
#2997=DIRECTION('',(-0.,-0.,-1.));
#2998=VECTOR('',#2997,1.5);
#2999=LINE('',#2996,#2998);
#3000=EDGE_CURVE('',#2351,#204,#2999,.T.);
#3001=ORIENTED_EDGE('',*,*,#3000,.T.);
#3002=EDGE_LOOP('',(#2993,#2994,#2995,#3001));
#3003=FACE_BOUND('',#3002,.T.);
#3004=ADVANCED_FACE('',(#3003),#2992,.T.);
#3005=CARTESIAN_POINT('',(80.794119091,-99.505378589,-6.8));
#3006=DIRECTION('',(0.,-1.,0.));
#3007=DIRECTION('',(0.,0.,-1.));
#3008=AXIS2_PLACEMENT_3D('',#3005,#3006,#3007);
#3009=PLANE('',#3008);
#3010=ORIENTED_EDGE('',*,*,#218,.T.);
#3011=ORIENTED_EDGE('',*,*,#3000,.F.);
#3012=ORIENTED_EDGE('',*,*,#2356,.F.);
#3013=CARTESIAN_POINT('',(88.230202883,-99.505378589,-6.8));
#3014=DIRECTION('',(0.,0.,-1.));
#3015=VECTOR('',#3014,1.5);
#3016=LINE('',#3013,#3015);
#3017=EDGE_CURVE('',#2343,#213,#3016,.T.);
#3018=ORIENTED_EDGE('',*,*,#3017,.T.);
#3019=EDGE_LOOP('',(#3010,#3011,#3012,#3018));
#3020=FACE_BOUND('',#3019,.T.);
#3021=ADVANCED_FACE('',(#3020),#3009,.F.);
#3022=CARTESIAN_POINT('',(88.232165821,-99.505567908,-6.8));
#3023=DIRECTION('',(-0.096001229,-0.995381215,0.));
#3024=DIRECTION('',(0.995381215,-0.096001229,0.));
#3025=AXIS2_PLACEMENT_3D('',#3022,#3023,#3024);
#3026=PLANE('',#3025);
#3027=ORIENTED_EDGE('',*,*,#226,.T.);
#3028=ORIENTED_EDGE('',*,*,#3017,.F.);
#3029=ORIENTED_EDGE('',*,*,#2348,.F.);
#3030=CARTESIAN_POINT('',(88.234128758,-99.505757226,-6.8));
#3031=DIRECTION('',(0.,0.,-1.));
#3032=VECTOR('',#3031,1.5);
#3033=LINE('',#3030,#3032);
#3034=EDGE_CURVE('',#2335,#221,#3033,.T.);
#3035=ORIENTED_EDGE('',*,*,#3034,.T.);
#3036=EDGE_LOOP('',(#3027,#3028,#3029,#3035));
#3037=FACE_BOUND('',#3036,.T.);
#3038=ADVANCED_FACE('',(#3037),#3026,.F.);
#3039=CARTESIAN_POINT('',(89.623157699,-99.513067908,-6.8));
#3040=DIRECTION('',(-0.005263087,-0.99998615,0.));
#3041=DIRECTION('',(0.99998615,-0.005263087,0.));
#3042=AXIS2_PLACEMENT_3D('',#3039,#3040,#3041);
#3043=PLANE('',#3042);
#3044=ORIENTED_EDGE('',*,*,#234,.T.);
#3045=ORIENTED_EDGE('',*,*,#3034,.F.);
#3046=ORIENTED_EDGE('',*,*,#2340,.F.);
#3047=CARTESIAN_POINT('',(91.012186641,-99.520378589,-6.8));
#3048=DIRECTION('',(0.,0.,-1.));
#3049=VECTOR('',#3048,1.5);
#3050=LINE('',#3047,#3049);
#3051=EDGE_CURVE('',#2327,#229,#3050,.T.);
#3052=ORIENTED_EDGE('',*,*,#3051,.T.);
#3053=EDGE_LOOP('',(#3044,#3045,#3046,#3052));
#3054=FACE_BOUND('',#3053,.T.);
#3055=ADVANCED_FACE('',(#3054),#3043,.F.);
#3056=CARTESIAN_POINT('',(98.206403721,-99.520378589,-6.8));
#3057=DIRECTION('',(0.,-1.,0.));
#3058=DIRECTION('',(0.,0.,-1.));
#3059=AXIS2_PLACEMENT_3D('',#3056,#3057,#3058);
#3060=PLANE('',#3059);
#3061=ORIENTED_EDGE('',*,*,#242,.T.);
#3062=ORIENTED_EDGE('',*,*,#3051,.F.);
#3063=ORIENTED_EDGE('',*,*,#2332,.F.);
#3064=CARTESIAN_POINT('',(105.417862539,-99.520378589,-6.8));
#3065=DIRECTION('',(0.,0.,-1.));
#3066=VECTOR('',#3065,1.5);
#3067=LINE('',#3064,#3066);
#3068=EDGE_CURVE('',#2318,#237,#3067,.T.);
#3069=ORIENTED_EDGE('',*,*,#3068,.T.);
#3070=EDGE_LOOP('',(#3061,#3062,#3063,#3069));
#3071=FACE_BOUND('',#3070,.T.);
#3072=ADVANCED_FACE('',(#3071),#3060,.F.);
#3073=CARTESIAN_POINT('',(105.417862539,-97.937860937,-6.8));
#3074=DIRECTION('',(0.,0.,1.));
#3075=DIRECTION('',(1.,0.,-0.));
#3076=AXIS2_PLACEMENT_3D('',#3073,#3074,#3075);
#3077=CYLINDRICAL_SURFACE('',#3076,1.582517652);
#3078=ORIENTED_EDGE('',*,*,#251,.T.);
#3079=ORIENTED_EDGE('',*,*,#3068,.F.);
#3080=ORIENTED_EDGE('',*,*,#2324,.F.);
#3081=CARTESIAN_POINT('',(106.77580273,-98.750486654,-6.8));
#3082=DIRECTION('',(-0.,-0.,-1.));
#3083=VECTOR('',#3082,1.5);
#3084=LINE('',#3081,#3083);
#3085=EDGE_CURVE('',#2310,#245,#3084,.T.);
#3086=ORIENTED_EDGE('',*,*,#3085,.T.);
#3087=EDGE_LOOP('',(#3078,#3079,#3080,#3086));
#3088=FACE_BOUND('',#3087,.T.);
#3089=ADVANCED_FACE('',(#3088),#3077,.F.);
#3090=CARTESIAN_POINT('',(107.286268499,-97.897471582,-6.8));
#3091=DIRECTION('',(0.858088496,-0.513501834,0.));
#3092=DIRECTION('',(0.513501834,0.858088496,0.));
#3093=AXIS2_PLACEMENT_3D('',#3090,#3091,#3092);
#3094=PLANE('',#3093);
#3095=ORIENTED_EDGE('',*,*,#259,.T.);
#3096=ORIENTED_EDGE('',*,*,#3085,.F.);
#3097=ORIENTED_EDGE('',*,*,#2315,.F.);
#3098=CARTESIAN_POINT('',(107.787882163,-97.059248843,-6.8));
#3099=DIRECTION('',(0.,0.,-1.));
#3100=VECTOR('',#3099,1.5);
#3101=LINE('',#3098,#3100);
#3102=EDGE_CURVE('',#2301,#254,#3101,.T.);
#3103=ORIENTED_EDGE('',*,*,#3102,.T.);
#3104=EDGE_LOOP('',(#3095,#3096,#3097,#3103));
#3105=FACE_BOUND('',#3104,.T.);
#3106=ADVANCED_FACE('',(#3105),#3094,.F.);
#3107=CARTESIAN_POINT('',(111.84705159,-99.488358377,-6.8));
#3108=DIRECTION('',(0.,0.,-1.));
#3109=DIRECTION('',(-1.,0.,0.));
#3110=AXIS2_PLACEMENT_3D('',#3107,#3108,#3109);
#3111=CYLINDRICAL_SURFACE('',#3110,4.730478788);
#3112=ORIENTED_EDGE('',*,*,#268,.F.);
#3113=ORIENTED_EDGE('',*,*,#3102,.F.);
#3114=ORIENTED_EDGE('',*,*,#2307,.T.);
#3115=CARTESIAN_POINT('',(111.84705159,-94.757879589,-6.8));
#3116=DIRECTION('',(-0.,-0.,-1.));
#3117=VECTOR('',#3116,1.5);
#3118=LINE('',#3115,#3117);
#3119=EDGE_CURVE('',#2293,#262,#3118,.T.);
#3120=ORIENTED_EDGE('',*,*,#3119,.T.);
#3121=EDGE_LOOP('',(#3112,#3113,#3114,#3120));
#3122=FACE_BOUND('',#3121,.T.);
#3123=ADVANCED_FACE('',(#3122),#3111,.T.);
#3124=CARTESIAN_POINT('',(118.354452307,-94.757879589,-6.8));
#3125=DIRECTION('',(0.,-1.,0.));
#3126=DIRECTION('',(0.,0.,-1.));
#3127=AXIS2_PLACEMENT_3D('',#3124,#3125,#3126);
#3128=PLANE('',#3127);
#3129=ORIENTED_EDGE('',*,*,#276,.T.);
#3130=ORIENTED_EDGE('',*,*,#3119,.F.);
#3131=ORIENTED_EDGE('',*,*,#2298,.F.);
#3132=CARTESIAN_POINT('',(124.825506088,-94.757879589,-6.8));
#3133=DIRECTION('',(0.,0.,-1.));
#3134=VECTOR('',#3133,1.5);
#3135=LINE('',#3132,#3134);
#3136=EDGE_CURVE('',#2284,#271,#3135,.T.);
#3137=ORIENTED_EDGE('',*,*,#3136,.T.);
#3138=EDGE_LOOP('',(#3129,#3130,#3131,#3137));
#3139=FACE_BOUND('',#3138,.T.);
#3140=ADVANCED_FACE('',(#3139),#3128,.F.);
#3141=CARTESIAN_POINT('',(124.825506088,-93.01825906,-6.8));
#3142=DIRECTION('',(0.,0.,1.));
#3143=DIRECTION('',(1.,0.,-0.));
#3144=AXIS2_PLACEMENT_3D('',#3141,#3142,#3143);
#3145=CYLINDRICAL_SURFACE('',#3144,1.739620529);
#3146=ORIENTED_EDGE('',*,*,#285,.T.);
#3147=ORIENTED_EDGE('',*,*,#3136,.F.);
#3148=ORIENTED_EDGE('',*,*,#2290,.F.);
#3149=CARTESIAN_POINT('',(126.092523488,-94.210293662,-6.8));
#3150=DIRECTION('',(-0.,-0.,-1.));
#3151=VECTOR('',#3150,1.5);
#3152=LINE('',#3149,#3151);
#3153=EDGE_CURVE('',#2276,#279,#3152,.T.);
#3154=ORIENTED_EDGE('',*,*,#3153,.T.);
#3155=EDGE_LOOP('',(#3146,#3147,#3148,#3154));
#3156=FACE_BOUND('',#3155,.T.);
#3157=ADVANCED_FACE('',(#3156),#3145,.F.);
#3158=CARTESIAN_POINT('',(127.406804653,-92.813339999,-6.8));
#3159=DIRECTION('',(0.728329759,-0.685226796,0.));
#3160=DIRECTION('',(0.685226796,0.728329759,0.));
#3161=AXIS2_PLACEMENT_3D('',#3158,#3159,#3160);
#3162=PLANE('',#3161);
#3163=ORIENTED_EDGE('',*,*,#293,.T.);
#3164=ORIENTED_EDGE('',*,*,#3153,.F.);
#3165=ORIENTED_EDGE('',*,*,#2281,.F.);
#3166=CARTESIAN_POINT('',(128.74598921,-91.38991644,-6.8));
#3167=DIRECTION('',(0.,0.,-1.));
#3168=VECTOR('',#3167,1.5);
#3169=LINE('',#3166,#3168);
#3170=EDGE_CURVE('',#2267,#288,#3169,.T.);
#3171=ORIENTED_EDGE('',*,*,#3170,.T.);
#3172=EDGE_LOOP('',(#3163,#3164,#3165,#3171));
#3173=FACE_BOUND('',#3172,.T.);
#3174=ADVANCED_FACE('',(#3173),#3162,.F.);
#3175=CARTESIAN_POINT('',(132.346961955,-94.777781605,-6.8));
#3176=DIRECTION('',(0.,0.,-1.));
#3177=DIRECTION('',(-1.,0.,0.));
#3178=AXIS2_PLACEMENT_3D('',#3175,#3176,#3177);
#3179=CYLINDRICAL_SURFACE('',#3178,4.944151605);
#3180=ORIENTED_EDGE('',*,*,#302,.F.);
#3181=ORIENTED_EDGE('',*,*,#3170,.F.);
#3182=ORIENTED_EDGE('',*,*,#2273,.T.);
#3183=CARTESIAN_POINT('',(132.408758593,-89.834016212,-6.8));
#3184=DIRECTION('',(-0.,-0.,-1.));
#3185=VECTOR('',#3184,1.5);
#3186=LINE('',#3183,#3185);
#3187=EDGE_CURVE('',#2259,#296,#3186,.T.);
#3188=ORIENTED_EDGE('',*,*,#3187,.T.);
#3189=EDGE_LOOP('',(#3180,#3181,#3182,#3188));
#3190=FACE_BOUND('',#3189,.T.);
#3191=ADVANCED_FACE('',(#3190),#3179,.T.);
#3192=CARTESIAN_POINT('',(138.205991,-89.906481114,-6.8));
#3193=DIRECTION('',(-0.012498937,-0.999921885,0.));
#3194=DIRECTION('',(0.999921885,-0.012498937,0.));
#3195=AXIS2_PLACEMENT_3D('',#3192,#3193,#3194);
#3196=PLANE('',#3195);
#3197=ORIENTED_EDGE('',*,*,#310,.T.);
#3198=ORIENTED_EDGE('',*,*,#3187,.F.);
#3199=ORIENTED_EDGE('',*,*,#2264,.F.);
#3200=CARTESIAN_POINT('',(144.004258957,-89.97895896,-6.8));
#3201=DIRECTION('',(0.,0.,-1.));
#3202=VECTOR('',#3201,1.5);
#3203=LINE('',#3200,#3202);
#3204=EDGE_CURVE('',#2250,#305,#3203,.T.);
#3205=ORIENTED_EDGE('',*,*,#3204,.T.);
#3206=EDGE_LOOP('',(#3197,#3198,#3199,#3205));
#3207=FACE_BOUND('',#3206,.T.);
#3208=ADVANCED_FACE('',(#3207),#3196,.F.);
#3209=CARTESIAN_POINT('',(143.944603575,-94.75142263,-6.8));
#3210=DIRECTION('',(0.,0.,-1.));
#3211=DIRECTION('',(-1.,0.,0.));
#3212=AXIS2_PLACEMENT_3D('',#3209,#3210,#3211);
#3213=CYLINDRICAL_SURFACE('',#3212,4.772836498);
#3214=ORIENTED_EDGE('',*,*,#319,.F.);
#3215=ORIENTED_EDGE('',*,*,#3204,.F.);
#3216=ORIENTED_EDGE('',*,*,#2256,.T.);
#3217=CARTESIAN_POINT('',(147.359601766,-91.417092772,-6.8));
#3218=DIRECTION('',(-0.,-0.,-1.));
#3219=VECTOR('',#3218,1.5);
#3220=LINE('',#3217,#3219);
#3221=EDGE_CURVE('',#2242,#313,#3220,.T.);
#3222=ORIENTED_EDGE('',*,*,#3221,.T.);
#3223=EDGE_LOOP('',(#3214,#3215,#3216,#3222));
#3224=FACE_BOUND('',#3223,.T.);
#3225=ADVANCED_FACE('',(#3224),#3213,.T.);
#3226=CARTESIAN_POINT('',(148.750020215,-92.841149987,-6.8));
#3227=DIRECTION('',(-0.715507056,-0.698605506,0.));
#3228=DIRECTION('',(0.698605506,-0.715507056,0.));
#3229=AXIS2_PLACEMENT_3D('',#3226,#3227,#3228);
#3230=PLANE('',#3229);
#3231=ORIENTED_EDGE('',*,*,#327,.T.);
#3232=ORIENTED_EDGE('',*,*,#3221,.F.);
#3233=ORIENTED_EDGE('',*,*,#2247,.F.);
#3234=CARTESIAN_POINT('',(150.13002285,-94.254539394,-6.8));
#3235=DIRECTION('',(0.,0.,-1.));
#3236=VECTOR('',#3235,1.5);
#3237=LINE('',#3234,#3236);
#3238=EDGE_CURVE('',#2233,#322,#3237,.T.);
#3239=ORIENTED_EDGE('',*,*,#3238,.T.);
#3240=EDGE_LOOP('',(#3231,#3232,#3233,#3239));
#3241=FACE_BOUND('',#3240,.T.);
#3242=ADVANCED_FACE('',(#3241),#3230,.F.);
#3243=CARTESIAN_POINT('',(151.324934848,-93.087853344,-6.8));
#3244=DIRECTION('',(0.,0.,1.));
#3245=DIRECTION('',(1.,0.,-0.));
#3246=AXIS2_PLACEMENT_3D('',#3243,#3244,#3245);
#3247=CYLINDRICAL_SURFACE('',#3246,1.670021264);
#3248=ORIENTED_EDGE('',*,*,#336,.T.);
#3249=ORIENTED_EDGE('',*,*,#3238,.F.);
#3250=ORIENTED_EDGE('',*,*,#2239,.F.);
#3251=CARTESIAN_POINT('',(151.324934848,-94.757874608,-6.8));
#3252=DIRECTION('',(-0.,-0.,-1.));
#3253=VECTOR('',#3252,1.5);
#3254=LINE('',#3251,#3253);
#3255=EDGE_CURVE('',#2225,#330,#3254,.T.);
#3256=ORIENTED_EDGE('',*,*,#3255,.T.);
#3257=EDGE_LOOP('',(#3248,#3249,#3250,#3256));
#3258=FACE_BOUND('',#3257,.T.);
#3259=ADVANCED_FACE('',(#3258),#3247,.F.);
#3260=CARTESIAN_POINT('',(157.840085826,-94.757874608,-6.8));
#3261=DIRECTION('',(0.,-1.,0.));
#3262=DIRECTION('',(0.,0.,-1.));
#3263=AXIS2_PLACEMENT_3D('',#3260,#3261,#3262);
#3264=PLANE('',#3263);
#3265=ORIENTED_EDGE('',*,*,#344,.T.);
#3266=ORIENTED_EDGE('',*,*,#3255,.F.);
#3267=ORIENTED_EDGE('',*,*,#2230,.F.);
#3268=CARTESIAN_POINT('',(164.369011662,-94.757874608,-6.8));
#3269=DIRECTION('',(0.,0.,-1.));
#3270=VECTOR('',#3269,1.5);
#3271=LINE('',#3268,#3270);
#3272=EDGE_CURVE('',#2216,#339,#3271,.T.);
#3273=ORIENTED_EDGE('',*,*,#3272,.T.);
#3274=EDGE_LOOP('',(#3265,#3266,#3267,#3273));
#3275=FACE_BOUND('',#3274,.T.);
#3276=ADVANCED_FACE('',(#3275),#3264,.F.);
#3277=CARTESIAN_POINT('',(164.369011662,-99.488353397,-6.8));
#3278=DIRECTION('',(0.,0.,-1.));
#3279=DIRECTION('',(-1.,0.,0.));
#3280=AXIS2_PLACEMENT_3D('',#3277,#3278,#3279);
#3281=CYLINDRICAL_SURFACE('',#3280,4.730478788);
#3282=ORIENTED_EDGE('',*,*,#353,.F.);
#3283=ORIENTED_EDGE('',*,*,#3272,.F.);
#3284=ORIENTED_EDGE('',*,*,#2222,.T.);
#3285=CARTESIAN_POINT('',(168.428183694,-97.059248215,-6.8));
#3286=DIRECTION('',(-0.,-0.,-1.));
#3287=VECTOR('',#3286,1.5);
#3288=LINE('',#3285,#3287);
#3289=EDGE_CURVE('',#2208,#347,#3288,.T.);
#3290=ORIENTED_EDGE('',*,*,#3289,.T.);
#3291=EDGE_LOOP('',(#3282,#3283,#3284,#3290));
#3292=FACE_BOUND('',#3291,.T.);
#3293=ADVANCED_FACE('',(#3292),#3281,.T.);
#3294=CARTESIAN_POINT('',(168.929794708,-97.897468566,-6.8));
#3295=DIRECTION('',(-0.858089046,-0.513500914,0.));
#3296=DIRECTION('',(0.513500914,-0.858089046,0.));
#3297=AXIS2_PLACEMENT_3D('',#3294,#3295,#3296);
#3298=PLANE('',#3297);
#3299=ORIENTED_EDGE('',*,*,#361,.T.);
#3300=ORIENTED_EDGE('',*,*,#3289,.F.);
#3301=ORIENTED_EDGE('',*,*,#2213,.F.);
#3302=CARTESIAN_POINT('',(169.44025659,-98.750479218,-6.8));
#3303=DIRECTION('',(0.,0.,-1.));
#3304=VECTOR('',#3303,1.5);
#3305=LINE('',#3302,#3304);
#3306=EDGE_CURVE('',#2199,#356,#3305,.T.);
#3307=ORIENTED_EDGE('',*,*,#3306,.T.);
#3308=EDGE_LOOP('',(#3299,#3300,#3301,#3307));
#3309=FACE_BOUND('',#3308,.T.);
#3310=ADVANCED_FACE('',(#3309),#3298,.F.);
#3311=CARTESIAN_POINT('',(170.798197651,-97.937854958,-6.8));
#3312=DIRECTION('',(0.,0.,1.));
#3313=DIRECTION('',(1.,0.,-0.));
#3314=AXIS2_PLACEMENT_3D('',#3311,#3312,#3313);
#3315=CYLINDRICAL_SURFACE('',#3314,1.58251765);
#3316=ORIENTED_EDGE('',*,*,#370,.T.);
#3317=ORIENTED_EDGE('',*,*,#3306,.F.);
#3318=ORIENTED_EDGE('',*,*,#2205,.F.);
#3319=CARTESIAN_POINT('',(170.798197651,-99.520372608,-6.8));
#3320=DIRECTION('',(-0.,-0.,-1.));
#3321=VECTOR('',#3320,1.5);
#3322=LINE('',#3319,#3321);
#3323=EDGE_CURVE('',#2191,#364,#3322,.T.);
#3324=ORIENTED_EDGE('',*,*,#3323,.T.);
#3325=EDGE_LOOP('',(#3316,#3317,#3318,#3324));
#3326=FACE_BOUND('',#3325,.T.);
#3327=ADVANCED_FACE('',(#3326),#3315,.F.);
#3328=CARTESIAN_POINT('',(189.637730415,-99.520372608,-6.8));
#3329=DIRECTION('',(0.,-1.,0.));
#3330=DIRECTION('',(0.,0.,-1.));
#3331=AXIS2_PLACEMENT_3D('',#3328,#3329,#3330);
#3332=PLANE('',#3331);
#3333=CARTESIAN_POINT('',(205.624520245,-99.520372608,-7.3));
#3334=VERTEX_POINT('',#3333);
#3335=CARTESIAN_POINT('',(197.784520245,-99.520372608,-7.3));
#3336=VERTEX_POINT('',#3335);
#3337=CARTESIAN_POINT('',(205.624520245,-99.520372608,-7.3));
#3338=DIRECTION('',(-1.,0.,0.));
#3339=VECTOR('',#3338,7.84);
#3340=LINE('',#3337,#3339);
#3341=EDGE_CURVE('',#3334,#3336,#3340,.T.);
#3342=ORIENTED_EDGE('',*,*,#3341,.F.);
#3343=CARTESIAN_POINT('',(205.624520245,-99.520372608,-6.8));
#3344=DIRECTION('',(0.,-1.,0.));
#3345=DIRECTION('',(0.,0.,-1.));
#3346=AXIS2_PLACEMENT_3D('',#3343,#3344,#3345);
#3347=CIRCLE('',#3346,0.5);
#3348=EDGE_CURVE('',#3334,#2167,#3347,.T.);
#3349=ORIENTED_EDGE('',*,*,#3348,.T.);
#3350=ORIENTED_EDGE('',*,*,#2793,.F.);
#3351=CARTESIAN_POINT('',(208.465779803,-99.520372608,-6.8));
#3352=DIRECTION('',(0.,0.,-1.));
#3353=VECTOR('',#3352,1.5);
#3354=LINE('',#3351,#3353);
#3355=EDGE_CURVE('',#2781,#373,#3354,.T.);
#3356=ORIENTED_EDGE('',*,*,#3355,.T.);
#3357=ORIENTED_EDGE('',*,*,#378,.T.);
#3358=ORIENTED_EDGE('',*,*,#3323,.F.);
#3359=ORIENTED_EDGE('',*,*,#2196,.F.);
#3360=CARTESIAN_POINT('',(197.784520245,-99.520372608,-6.8));
#3361=DIRECTION('',(0.,-1.,0.));
#3362=DIRECTION('',(0.,0.,-1.));
#3363=AXIS2_PLACEMENT_3D('',#3360,#3361,#3362);
#3364=CIRCLE('',#3363,0.5);
#3365=EDGE_CURVE('',#2183,#3336,#3364,.T.);
#3366=ORIENTED_EDGE('',*,*,#3365,.T.);
#3367=EDGE_LOOP('',(#3342,#3349,#3350,#3356,#3357,#3358,#3359,#3366));
#3368=FACE_BOUND('',#3367,.T.);
#3369=ADVANCED_FACE('',(#3368),#3332,.F.);
#3370=CARTESIAN_POINT('',(208.465779803,-104.300376419,-6.8));
#3371=DIRECTION('',(0.,0.,1.));
#3372=DIRECTION('',(1.,0.,-0.));
#3373=AXIS2_PLACEMENT_3D('',#3370,#3371,#3372);
#3374=CYLINDRICAL_SURFACE('',#3373,4.780003811);
#3375=ORIENTED_EDGE('',*,*,#387,.F.);
#3376=ORIENTED_EDGE('',*,*,#3355,.F.);
#3377=ORIENTED_EDGE('',*,*,#2787,.T.);
#3378=CARTESIAN_POINT('',(213.245783614,-104.300375883,-6.8));
#3379=DIRECTION('',(-0.,-0.,-1.));
#3380=VECTOR('',#3379,1.5);
#3381=LINE('',#3378,#3380);
#3382=EDGE_CURVE('',#2773,#381,#3381,.T.);
#3383=ORIENTED_EDGE('',*,*,#3382,.T.);
#3384=EDGE_LOOP('',(#3375,#3376,#3377,#3383));
#3385=FACE_BOUND('',#3384,.T.);
#3386=ADVANCED_FACE('',(#3385),#3374,.T.);
#3387=CARTESIAN_POINT('',(213.245787614,-140.000780437,-6.8));
#3388=DIRECTION('',(1.,0.000000112,0.));
#3389=DIRECTION('',(-0.000000112,1.,0.));
#3390=AXIS2_PLACEMENT_3D('',#3387,#3388,#3389);
#3391=PLANE('',#3390);
#3392=ORIENTED_EDGE('',*,*,#395,.F.);
#3393=ORIENTED_EDGE('',*,*,#3382,.F.);
#3394=ORIENTED_EDGE('',*,*,#2778,.T.);
#3395=CARTESIAN_POINT('',(213.245791615,-175.706950593,-6.8));
#3396=DIRECTION('',(0.,0.,-1.));
#3397=VECTOR('',#3396,1.5);
#3398=LINE('',#3395,#3397);
#3399=EDGE_CURVE('',#2764,#390,#3398,.T.);
#3400=ORIENTED_EDGE('',*,*,#3399,.T.);
#3401=EDGE_LOOP('',(#3392,#3393,#3394,#3400));
#3402=FACE_BOUND('',#3401,.T.);
#3403=ADVANCED_FACE('',(#3402),#3391,.T.);
#3404=CARTESIAN_POINT('',(208.37191976,-175.593440015,-6.8));
#3405=DIRECTION('',(0.,0.,-1.));
#3406=DIRECTION('',(-1.,0.,0.));
#3407=AXIS2_PLACEMENT_3D('',#3404,#3405,#3406);
#3408=CYLINDRICAL_SURFACE('',#3407,4.875193484);
#3409=ORIENTED_EDGE('',*,*,#404,.F.);
#3410=ORIENTED_EDGE('',*,*,#3399,.F.);
#3411=ORIENTED_EDGE('',*,*,#2770,.T.);
#3412=CARTESIAN_POINT('',(212.649399986,-177.932387306,-6.8));
#3413=DIRECTION('',(0.,0.,-1.));
#3414=VECTOR('',#3413,1.5);
#3415=LINE('',#3412,#3414);
#3416=EDGE_CURVE('',#2756,#398,#3415,.T.);
#3417=ORIENTED_EDGE('',*,*,#3416,.T.);
#3418=EDGE_LOOP('',(#3409,#3410,#3411,#3417));
#3419=FACE_BOUND('',#3418,.T.);
#3420=ADVANCED_FACE('',(#3419),#3408,.T.);
#3421=CARTESIAN_POINT('',(208.379983898,-185.634617264,-6.8));
#3422=DIRECTION('',(-0.874619692,0.484809647,0.));
#3423=DIRECTION('',(-0.484809647,-0.874619692,0.));
#3424=AXIS2_PLACEMENT_3D('',#3421,#3422,#3423);
#3425=PLANE('',#3424);
#3426=ORIENTED_EDGE('',*,*,#412,.T.);
#3427=ORIENTED_EDGE('',*,*,#3416,.F.);
#3428=ORIENTED_EDGE('',*,*,#2761,.F.);
#3429=CARTESIAN_POINT('',(204.110567811,-193.336847222,-6.8));
#3430=DIRECTION('',(0.,0.,-1.));
#3431=VECTOR('',#3430,1.5);
#3432=LINE('',#3429,#3431);
#3433=EDGE_CURVE('',#2747,#407,#3432,.T.);
#3434=ORIENTED_EDGE('',*,*,#3433,.T.);
#3435=EDGE_LOOP('',(#3426,#3427,#3428,#3434));
#3436=FACE_BOUND('',#3435,.T.);
#3437=ADVANCED_FACE('',(#3436),#3425,.F.);
#3438=CARTESIAN_POINT('',(199.934330113,-191.022146089,-6.8));
#3439=DIRECTION('',(0.,0.,-1.));
#3440=DIRECTION('',(-1.,0.,0.));
#3441=AXIS2_PLACEMENT_3D('',#3438,#3439,#3440);
#3442=CYLINDRICAL_SURFACE('',#3441,4.774809174);
#3443=ORIENTED_EDGE('',*,*,#421,.F.);
#3444=ORIENTED_EDGE('',*,*,#3433,.F.);
#3445=ORIENTED_EDGE('',*,*,#2753,.T.);
#3446=CARTESIAN_POINT('',(197.692200185,-195.23779029,-6.8));
#3447=DIRECTION('',(0.,0.,-1.));
#3448=VECTOR('',#3447,1.5);
#3449=LINE('',#3446,#3448);
#3450=EDGE_CURVE('',#2739,#415,#3449,.T.);
#3451=ORIENTED_EDGE('',*,*,#3450,.T.);
#3452=EDGE_LOOP('',(#3443,#3444,#3445,#3451));
#3453=FACE_BOUND('',#3452,.T.);
#3454=ADVANCED_FACE('',(#3453),#3442,.T.);
#3455=CARTESIAN_POINT('',(197.689614029,-195.23667985,-6.8));
#3456=DIRECTION('',(0.394545754,0.918876296,0.));
#3457=DIRECTION('',(-0.918876296,0.394545754,0.));
#3458=AXIS2_PLACEMENT_3D('',#3455,#3456,#3457);
#3459=PLANE('',#3458);
#3460=ORIENTED_EDGE('',*,*,#429,.T.);
#3461=ORIENTED_EDGE('',*,*,#3450,.F.);
#3462=ORIENTED_EDGE('',*,*,#2744,.F.);
#3463=CARTESIAN_POINT('',(197.687027874,-195.235569411,-6.8));
#3464=DIRECTION('',(0.,0.,-1.));
#3465=VECTOR('',#3464,1.5);
#3466=LINE('',#3463,#3465);
#3467=EDGE_CURVE('',#2731,#424,#3466,.T.);
#3468=ORIENTED_EDGE('',*,*,#3467,.T.);
#3469=EDGE_LOOP('',(#3460,#3461,#3462,#3468));
#3470=FACE_BOUND('',#3469,.T.);
#3471=ADVANCED_FACE('',(#3470),#3459,.F.);
#3472=CARTESIAN_POINT('',(195.316603778,-193.9286609,-6.8));
#3473=DIRECTION('',(0.482819113,0.875720106,0.));
#3474=DIRECTION('',(-0.875720106,0.482819113,0.));
#3475=AXIS2_PLACEMENT_3D('',#3472,#3473,#3474);
#3476=PLANE('',#3475);
#3477=ORIENTED_EDGE('',*,*,#437,.T.);
#3478=ORIENTED_EDGE('',*,*,#3467,.F.);
#3479=ORIENTED_EDGE('',*,*,#2736,.F.);
#3480=CARTESIAN_POINT('',(192.946179682,-192.621752389,-6.8));
#3481=DIRECTION('',(0.,0.,-1.));
#3482=VECTOR('',#3481,1.5);
#3483=LINE('',#3480,#3482);
#3484=EDGE_CURVE('',#2723,#432,#3483,.T.);
#3485=ORIENTED_EDGE('',*,*,#3484,.T.);
#3486=EDGE_LOOP('',(#3477,#3478,#3479,#3485));
#3487=FACE_BOUND('',#3486,.T.);
#3488=ADVANCED_FACE('',(#3487),#3476,.F.);
#3489=CARTESIAN_POINT('',(192.943492797,-192.619908255,-6.8));
#3490=DIRECTION('',(0.565883051,0.82448552,0.));
#3491=DIRECTION('',(-0.82448552,0.565883051,0.));
#3492=AXIS2_PLACEMENT_3D('',#3489,#3490,#3491);
#3493=PLANE('',#3492);
#3494=ORIENTED_EDGE('',*,*,#445,.T.);
#3495=ORIENTED_EDGE('',*,*,#3484,.F.);
#3496=ORIENTED_EDGE('',*,*,#2728,.F.);
#3497=CARTESIAN_POINT('',(192.940805913,-192.61806412,-6.8));
#3498=DIRECTION('',(0.,0.,-1.));
#3499=VECTOR('',#3498,1.5);
#3500=LINE('',#3497,#3499);
#3501=EDGE_CURVE('',#2715,#440,#3500,.T.);
#3502=ORIENTED_EDGE('',*,*,#3501,.T.);
#3503=EDGE_LOOP('',(#3494,#3495,#3496,#3502));
#3504=FACE_BOUND('',#3503,.T.);
#3505=ADVANCED_FACE('',(#3504),#3493,.F.);
#3506=CARTESIAN_POINT('',(192.508351095,-192.374696383,-6.8));
#3507=DIRECTION('',(0.490432533,0.871479162,0.));
#3508=DIRECTION('',(-0.871479162,0.490432533,0.));
#3509=AXIS2_PLACEMENT_3D('',#3506,#3507,#3508);
#3510=PLANE('',#3509);
#3511=ORIENTED_EDGE('',*,*,#453,.T.);
#3512=ORIENTED_EDGE('',*,*,#3501,.F.);
#3513=ORIENTED_EDGE('',*,*,#2720,.F.);
#3514=CARTESIAN_POINT('',(192.075896278,-192.131328646,-6.8));
#3515=DIRECTION('',(0.,0.,-1.));
#3516=VECTOR('',#3515,1.5);
#3517=LINE('',#3514,#3516);
#3518=EDGE_CURVE('',#2707,#448,#3517,.T.);
#3519=ORIENTED_EDGE('',*,*,#3518,.T.);
#3520=EDGE_LOOP('',(#3511,#3512,#3513,#3519));
#3521=FACE_BOUND('',#3520,.T.);
#3522=ADVANCED_FACE('',(#3521),#3510,.F.);
#3523=CARTESIAN_POINT('',(191.623266359,-191.882266214,-6.8));
#3524=DIRECTION('',(0.48209109,0.876121099,0.));
#3525=DIRECTION('',(-0.876121099,0.48209109,0.));
#3526=AXIS2_PLACEMENT_3D('',#3523,#3524,#3525);
#3527=PLANE('',#3526);
#3528=ORIENTED_EDGE('',*,*,#461,.T.);
#3529=ORIENTED_EDGE('',*,*,#3518,.F.);
#3530=ORIENTED_EDGE('',*,*,#2712,.F.);
#3531=CARTESIAN_POINT('',(191.17063644,-191.633203783,-6.8));
#3532=DIRECTION('',(0.,0.,-1.));
#3533=VECTOR('',#3532,1.5);
#3534=LINE('',#3531,#3533);
#3535=EDGE_CURVE('',#2699,#456,#3534,.T.);
#3536=ORIENTED_EDGE('',*,*,#3535,.T.);
#3537=EDGE_LOOP('',(#3528,#3529,#3530,#3536));
#3538=FACE_BOUND('',#3537,.T.);
#3539=ADVANCED_FACE('',(#3538),#3527,.F.);
#3540=CARTESIAN_POINT('',(190.72725727,-191.39483081,-6.8));
#3541=DIRECTION('',(0.473530452,0.880777447,0.));
#3542=DIRECTION('',(-0.880777447,0.473530452,0.));
#3543=AXIS2_PLACEMENT_3D('',#3540,#3541,#3542);
#3544=PLANE('',#3543);
#3545=ORIENTED_EDGE('',*,*,#469,.T.);
#3546=ORIENTED_EDGE('',*,*,#3535,.F.);
#3547=ORIENTED_EDGE('',*,*,#2704,.F.);
#3548=CARTESIAN_POINT('',(190.2838781,-191.156457837,-6.8));
#3549=DIRECTION('',(0.,0.,-1.));
#3550=VECTOR('',#3549,1.5);
#3551=LINE('',#3548,#3550);
#3552=EDGE_CURVE('',#2691,#464,#3551,.T.);
#3553=ORIENTED_EDGE('',*,*,#3552,.T.);
#3554=EDGE_LOOP('',(#3545,#3546,#3547,#3553));
#3555=FACE_BOUND('',#3554,.T.);
#3556=ADVANCED_FACE('',(#3555),#3544,.F.);
#3557=CARTESIAN_POINT('',(189.845419227,-190.926316722,-6.8));
#3558=DIRECTION('',(0.46475507,0.885439284,0.));
#3559=DIRECTION('',(-0.885439284,0.46475507,0.));
#3560=AXIS2_PLACEMENT_3D('',#3557,#3558,#3559);
#3561=PLANE('',#3560);
#3562=ORIENTED_EDGE('',*,*,#477,.T.);
#3563=ORIENTED_EDGE('',*,*,#3552,.F.);
#3564=ORIENTED_EDGE('',*,*,#2696,.F.);
#3565=CARTESIAN_POINT('',(189.406960353,-190.696175607,-6.8));
#3566=DIRECTION('',(0.,0.,-1.));
#3567=VECTOR('',#3566,1.5);
#3568=LINE('',#3565,#3567);
#3569=EDGE_CURVE('',#2683,#472,#3568,.T.);
#3570=ORIENTED_EDGE('',*,*,#3569,.T.);
#3571=EDGE_LOOP('',(#3562,#3563,#3564,#3570));
#3572=FACE_BOUND('',#3571,.T.);
#3573=ADVANCED_FACE('',(#3572),#3561,.F.);
#3574=CARTESIAN_POINT('',(188.976554666,-190.475793625,-6.8));
#3575=DIRECTION('',(0.45576166,0.890101854,0.));
#3576=DIRECTION('',(-0.890101854,0.45576166,0.));
#3577=AXIS2_PLACEMENT_3D('',#3574,#3575,#3576);
#3578=PLANE('',#3577);
#3579=ORIENTED_EDGE('',*,*,#485,.T.);
#3580=ORIENTED_EDGE('',*,*,#3569,.F.);
#3581=ORIENTED_EDGE('',*,*,#2688,.F.);
#3582=CARTESIAN_POINT('',(188.546148979,-190.255411643,-6.8));
#3583=DIRECTION('',(0.,0.,-1.));
#3584=VECTOR('',#3583,1.5);
#3585=LINE('',#3582,#3584);
#3586=EDGE_CURVE('',#2675,#480,#3585,.T.);
#3587=ORIENTED_EDGE('',*,*,#3586,.T.);
#3588=EDGE_LOOP('',(#3579,#3580,#3581,#3587));
#3589=FACE_BOUND('',#3588,.T.);
#3590=ADVANCED_FACE('',(#3589),#3578,.F.);
#3591=CARTESIAN_POINT('',(188.120232142,-190.042843329,-6.8));
#3592=DIRECTION('',(0.446557859,0.894754759,0.));
#3593=DIRECTION('',(-0.894754759,0.446557859,0.));
#3594=AXIS2_PLACEMENT_3D('',#3591,#3592,#3593);
#3595=PLANE('',#3594);
#3596=ORIENTED_EDGE('',*,*,#493,.T.);
#3597=ORIENTED_EDGE('',*,*,#3586,.F.);
#3598=ORIENTED_EDGE('',*,*,#2680,.F.);
#3599=CARTESIAN_POINT('',(187.694315306,-189.830275015,-6.8));
#3600=DIRECTION('',(0.,0.,-1.));
#3601=VECTOR('',#3600,1.5);
#3602=LINE('',#3599,#3601);
#3603=EDGE_CURVE('',#2667,#488,#3602,.T.);
#3604=ORIENTED_EDGE('',*,*,#3603,.T.);
#3605=EDGE_LOOP('',(#3596,#3597,#3598,#3604));
#3606=FACE_BOUND('',#3605,.T.);
#3607=ADVANCED_FACE('',(#3606),#3595,.F.);
#3608=CARTESIAN_POINT('',(187.275352236,-189.626643036,-6.8));
#3609=DIRECTION('',(0.437139531,0.899393702,0.));
#3610=DIRECTION('',(-0.899393702,0.437139531,0.));
#3611=AXIS2_PLACEMENT_3D('',#3608,#3609,#3610);
#3612=PLANE('',#3611);
#3613=ORIENTED_EDGE('',*,*,#501,.T.);
#3614=ORIENTED_EDGE('',*,*,#3603,.F.);
#3615=ORIENTED_EDGE('',*,*,#2672,.F.);
#3616=CARTESIAN_POINT('',(186.856389166,-189.423011056,-6.8));
#3617=DIRECTION('',(0.,0.,-1.));
#3618=VECTOR('',#3617,1.5);
#3619=LINE('',#3616,#3618);
#3620=EDGE_CURVE('',#2659,#496,#3619,.T.);
#3621=ORIENTED_EDGE('',*,*,#3620,.T.);
#3622=EDGE_LOOP('',(#3613,#3614,#3615,#3621));
#3623=FACE_BOUND('',#3622,.T.);
#3624=ADVANCED_FACE('',(#3623),#3612,.F.);
#3625=CARTESIAN_POINT('',(186.441505894,-189.226807587,-6.8));
#3626=DIRECTION('',(0.427516444,0.904007572,0.));
#3627=DIRECTION('',(-0.904007572,0.427516444,0.));
#3628=AXIS2_PLACEMENT_3D('',#3625,#3626,#3627);
#3629=PLANE('',#3628);
#3630=ORIENTED_EDGE('',*,*,#509,.T.);
#3631=ORIENTED_EDGE('',*,*,#3620,.F.);
#3632=ORIENTED_EDGE('',*,*,#2664,.F.);
#3633=CARTESIAN_POINT('',(186.026622623,-189.030604119,-6.8));
#3634=DIRECTION('',(0.,0.,-1.));
#3635=VECTOR('',#3634,1.5);
#3636=LINE('',#3633,#3635);
#3637=EDGE_CURVE('',#2651,#504,#3636,.T.);
#3638=ORIENTED_EDGE('',*,*,#3637,.T.);
#3639=EDGE_LOOP('',(#3630,#3631,#3632,#3638));
#3640=FACE_BOUND('',#3639,.T.);
#3641=ADVANCED_FACE('',(#3640),#3629,.F.);
#3642=CARTESIAN_POINT('',(185.617563866,-188.842555771,-6.8));
#3643=DIRECTION('',(0.417688026,0.908590509,0.));
#3644=DIRECTION('',(-0.908590509,0.417688026,0.));
#3645=AXIS2_PLACEMENT_3D('',#3642,#3643,#3644);
#3646=PLANE('',#3645);
#3647=ORIENTED_EDGE('',*,*,#517,.T.);
#3648=ORIENTED_EDGE('',*,*,#3637,.F.);
#3649=ORIENTED_EDGE('',*,*,#2656,.F.);
#3650=CARTESIAN_POINT('',(185.208505109,-188.654507422,-6.8));
#3651=DIRECTION('',(0.,0.,-1.));
#3652=VECTOR('',#3651,1.5);
#3653=LINE('',#3650,#3652);
#3654=EDGE_CURVE('',#2643,#512,#3653,.T.);
#3655=ORIENTED_EDGE('',*,*,#3654,.T.);
#3656=EDGE_LOOP('',(#3647,#3648,#3649,#3655));
#3657=FACE_BOUND('',#3656,.T.);
#3658=ADVANCED_FACE('',(#3657),#3646,.F.);
#3659=CARTESIAN_POINT('',(184.803154143,-188.473541061,-6.8));
#3660=DIRECTION('',(0.407662315,0.91313276,0.));
#3661=DIRECTION('',(-0.91313276,0.407662315,0.));
#3662=AXIS2_PLACEMENT_3D('',#3659,#3660,#3661);
#3663=PLANE('',#3662);
#3664=ORIENTED_EDGE('',*,*,#525,.T.);
#3665=ORIENTED_EDGE('',*,*,#3654,.F.);
#3666=ORIENTED_EDGE('',*,*,#2648,.F.);
#3667=CARTESIAN_POINT('',(184.397803177,-188.2925747,-6.8));
#3668=DIRECTION('',(0.,0.,-1.));
#3669=VECTOR('',#3668,1.5);
#3670=LINE('',#3667,#3669);
#3671=EDGE_CURVE('',#2635,#520,#3670,.T.);
#3672=ORIENTED_EDGE('',*,*,#3671,.T.);
#3673=EDGE_LOOP('',(#3664,#3665,#3666,#3672));
#3674=FACE_BOUND('',#3673,.T.);
#3675=ADVANCED_FACE('',(#3674),#3663,.F.);
#3676=CARTESIAN_POINT('',(183.997173029,-188.11905452,-6.8));
#3677=DIRECTION('',(0.397441171,0.917627656,0.));
#3678=DIRECTION('',(-0.917627656,0.397441171,0.));
#3679=AXIS2_PLACEMENT_3D('',#3676,#3677,#3678);
#3680=PLANE('',#3679);
#3681=ORIENTED_EDGE('',*,*,#533,.T.);
#3682=ORIENTED_EDGE('',*,*,#3671,.F.);
#3683=ORIENTED_EDGE('',*,*,#2640,.F.);
#3684=CARTESIAN_POINT('',(183.59654288,-187.945534341,-6.8));
#3685=DIRECTION('',(0.,0.,-1.));
#3686=VECTOR('',#3685,1.5);
#3687=LINE('',#3684,#3686);
#3688=EDGE_CURVE('',#2627,#528,#3687,.T.);
#3689=ORIENTED_EDGE('',*,*,#3688,.T.);
#3690=EDGE_LOOP('',(#3681,#3682,#3683,#3689));
#3691=FACE_BOUND('',#3690,.T.);
#3692=ADVANCED_FACE('',(#3691),#3680,.F.);
#3693=CARTESIAN_POINT('',(183.199218006,-187.778758148,-6.8));
#3694=DIRECTION('',(0.387034705,0.922065148,0.));
#3695=DIRECTION('',(-0.922065148,0.387034705,0.));
#3696=AXIS2_PLACEMENT_3D('',#3693,#3694,#3695);
#3697=PLANE('',#3696);
#3698=ORIENTED_EDGE('',*,*,#541,.T.);
#3699=ORIENTED_EDGE('',*,*,#3688,.F.);
#3700=ORIENTED_EDGE('',*,*,#2632,.F.);
#3701=CARTESIAN_POINT('',(182.801893133,-187.611981955,-6.8));
#3702=DIRECTION('',(0.,0.,-1.));
#3703=VECTOR('',#3702,1.5);
#3704=LINE('',#3701,#3703);
#3705=EDGE_CURVE('',#2619,#536,#3704,.T.);
#3706=ORIENTED_EDGE('',*,*,#3705,.T.);
#3707=EDGE_LOOP('',(#3698,#3699,#3700,#3706));
#3708=FACE_BOUND('',#3707,.T.);
#3709=ADVANCED_FACE('',(#3708),#3697,.F.);
#3710=CARTESIAN_POINT('',(182.408184504,-187.452002251,-6.8));
#3711=DIRECTION('',(0.376448896,0.926437385,0.));
#3712=DIRECTION('',(-0.926437385,0.376448896,0.));
#3713=AXIS2_PLACEMENT_3D('',#3710,#3711,#3712);
#3714=PLANE('',#3713);
#3715=ORIENTED_EDGE('',*,*,#549,.T.);
#3716=ORIENTED_EDGE('',*,*,#3705,.F.);
#3717=ORIENTED_EDGE('',*,*,#2624,.F.);
#3718=CARTESIAN_POINT('',(182.014475876,-187.292022547,-6.8));
#3719=DIRECTION('',(0.,0.,-1.));
#3720=VECTOR('',#3719,1.5);
#3721=LINE('',#3718,#3720);
#3722=EDGE_CURVE('',#2611,#544,#3721,.T.);
#3723=ORIENTED_EDGE('',*,*,#3722,.T.);
#3724=EDGE_LOOP('',(#3715,#3716,#3717,#3723));
#3725=FACE_BOUND('',#3724,.T.);
#3726=ADVANCED_FACE('',(#3725),#3714,.F.);
#3727=CARTESIAN_POINT('',(181.623816246,-187.138530316,-6.8));
#3728=DIRECTION('',(0.365691185,0.930736245,0.));
#3729=DIRECTION('',(-0.930736245,0.365691185,0.));
#3730=AXIS2_PLACEMENT_3D('',#3727,#3728,#3729);
#3731=PLANE('',#3730);
#3732=ORIENTED_EDGE('',*,*,#557,.T.);
#3733=ORIENTED_EDGE('',*,*,#3722,.F.);
#3734=ORIENTED_EDGE('',*,*,#2616,.F.);
#3735=CARTESIAN_POINT('',(181.233156616,-186.985038085,-6.8));
#3736=DIRECTION('',(0.,0.,-1.));
#3737=VECTOR('',#3736,1.5);
#3738=LINE('',#3735,#3737);
#3739=EDGE_CURVE('',#2603,#552,#3738,.T.);
#3740=ORIENTED_EDGE('',*,*,#3739,.T.);
#3741=EDGE_LOOP('',(#3732,#3733,#3734,#3740));
#3742=FACE_BOUND('',#3741,.T.);
#3743=ADVANCED_FACE('',(#3742),#3731,.F.);
#3744=CARTESIAN_POINT('',(180.844891502,-186.837710376,-6.8));
#3745=DIRECTION('',(0.354769455,0.934953814,0.));
#3746=DIRECTION('',(-0.934953814,0.354769455,0.));
#3747=AXIS2_PLACEMENT_3D('',#3744,#3745,#3746);
#3748=PLANE('',#3747);
#3749=ORIENTED_EDGE('',*,*,#565,.T.);
#3750=ORIENTED_EDGE('',*,*,#3739,.F.);
#3751=ORIENTED_EDGE('',*,*,#2608,.F.);
#3752=CARTESIAN_POINT('',(180.456626387,-186.690382668,-6.8));
#3753=DIRECTION('',(0.,0.,-1.));
#3754=VECTOR('',#3753,1.5);
#3755=LINE('',#3752,#3754);
#3756=EDGE_CURVE('',#2595,#560,#3755,.T.);
#3757=ORIENTED_EDGE('',*,*,#3756,.T.);
#3758=EDGE_LOOP('',(#3749,#3750,#3751,#3757));
#3759=FACE_BOUND('',#3758,.T.);
#3760=ADVANCED_FACE('',(#3759),#3748,.F.);
#3761=CARTESIAN_POINT('',(180.07106784,-186.5492696,-6.8));
#3762=DIRECTION('',(0.343699809,0.939079571,0.));
#3763=DIRECTION('',(-0.939079571,0.343699809,0.));
#3764=AXIS2_PLACEMENT_3D('',#3761,#3762,#3763);
#3765=PLANE('',#3764);
#3766=ORIENTED_EDGE('',*,*,#573,.T.);
#3767=ORIENTED_EDGE('',*,*,#3756,.F.);
#3768=ORIENTED_EDGE('',*,*,#2600,.F.);
#3769=CARTESIAN_POINT('',(179.685509293,-186.408156532,-6.8));
#3770=DIRECTION('',(0.,0.,-1.));
#3771=VECTOR('',#3770,1.5);
#3772=LINE('',#3769,#3771);
#3773=EDGE_CURVE('',#2587,#568,#3772,.T.);
#3774=ORIENTED_EDGE('',*,*,#3773,.T.);
#3775=EDGE_LOOP('',(#3766,#3767,#3768,#3774));
#3776=FACE_BOUND('',#3775,.T.);
#3777=ADVANCED_FACE('',(#3776),#3765,.F.);
#3778=CARTESIAN_POINT('',(179.301260381,-186.27269237,-6.8));
#3779=DIRECTION('',(0.332485948,0.943108209,0.));
#3780=DIRECTION('',(-0.943108209,0.332485948,0.));
#3781=AXIS2_PLACEMENT_3D('',#3778,#3779,#3780);
#3782=PLANE('',#3781);
#3783=ORIENTED_EDGE('',*,*,#581,.T.);
#3784=ORIENTED_EDGE('',*,*,#3773,.F.);
#3785=ORIENTED_EDGE('',*,*,#2592,.F.);
#3786=CARTESIAN_POINT('',(178.91701147,-186.137228208,-6.8));
#3787=DIRECTION('',(0.,0.,-1.));
#3788=VECTOR('',#3787,1.5);
#3789=LINE('',#3786,#3788);
#3790=EDGE_CURVE('',#2579,#576,#3789,.T.);
#3791=ORIENTED_EDGE('',*,*,#3790,.T.);
#3792=EDGE_LOOP('',(#3783,#3784,#3785,#3791));
#3793=FACE_BOUND('',#3792,.T.);
#3794=ADVANCED_FACE('',(#3793),#3782,.F.);
#3795=CARTESIAN_POINT('',(178.53732128,-186.008472242,-6.8));
#3796=DIRECTION('',(0.32114538,0.947029907,0.));
#3797=DIRECTION('',(-0.947029907,0.32114538,0.));
#3798=AXIS2_PLACEMENT_3D('',#3795,#3796,#3797);
#3799=PLANE('',#3798);
#3800=ORIENTED_EDGE('',*,*,#589,.T.);
#3801=ORIENTED_EDGE('',*,*,#3790,.F.);
#3802=ORIENTED_EDGE('',*,*,#2584,.F.);
#3803=CARTESIAN_POINT('',(178.157631091,-185.879716277,-6.8));
#3804=DIRECTION('',(0.,0.,-1.));
#3805=VECTOR('',#3804,1.5);
#3806=LINE('',#3803,#3805);
#3807=EDGE_CURVE('',#2571,#584,#3806,.T.);
#3808=ORIENTED_EDGE('',*,*,#3807,.T.);
#3809=EDGE_LOOP('',(#3800,#3801,#3802,#3808));
#3810=FACE_BOUND('',#3809,.T.);
#3811=ADVANCED_FACE('',(#3810),#3799,.F.);
#3812=CARTESIAN_POINT('',(177.393699133,-185.636000228,-6.8));
#3813=DIRECTION('',(0.303936019,0.952692446,0.));
#3814=DIRECTION('',(-0.952692446,0.303936019,0.));
#3815=AXIS2_PLACEMENT_3D('',#3812,#3813,#3814);
#3816=PLANE('',#3815);
#3817=ORIENTED_EDGE('',*,*,#597,.T.);
#3818=ORIENTED_EDGE('',*,*,#3807,.F.);
#3819=ORIENTED_EDGE('',*,*,#2576,.F.);
#3820=CARTESIAN_POINT('',(176.629767175,-185.392284179,-6.8));
#3821=DIRECTION('',(0.,0.,-1.));
#3822=VECTOR('',#3821,1.5);
#3823=LINE('',#3820,#3822);
#3824=EDGE_CURVE('',#2563,#592,#3823,.T.);
#3825=ORIENTED_EDGE('',*,*,#3824,.T.);
#3826=EDGE_LOOP('',(#3817,#3818,#3819,#3825));
#3827=FACE_BOUND('',#3826,.T.);
#3828=ADVANCED_FACE('',(#3827),#3816,.F.);
#3829=CARTESIAN_POINT('',(175.865618576,-185.1688495,-6.8));
#3830=DIRECTION('',(0.280645872,0.959811385,0.));
#3831=DIRECTION('',(-0.959811385,0.280645872,0.));
#3832=AXIS2_PLACEMENT_3D('',#3829,#3830,#3831);
#3833=PLANE('',#3832);
#3834=ORIENTED_EDGE('',*,*,#605,.T.);
#3835=ORIENTED_EDGE('',*,*,#3824,.F.);
#3836=ORIENTED_EDGE('',*,*,#2568,.F.);
#3837=CARTESIAN_POINT('',(175.101469977,-184.94541482,-6.8));
#3838=DIRECTION('',(0.,0.,-1.));
#3839=VECTOR('',#3838,1.5);
#3840=LINE('',#3837,#3839);
#3841=EDGE_CURVE('',#2555,#600,#3840,.T.);
#3842=ORIENTED_EDGE('',*,*,#3841,.T.);
#3843=EDGE_LOOP('',(#3834,#3835,#3836,#3842));
#3844=FACE_BOUND('',#3843,.T.);
#3845=ADVANCED_FACE('',(#3844),#3833,.F.);
#3846=CARTESIAN_POINT('',(174.966605881,-184.908101141,-6.8));
#3847=DIRECTION('',(0.266658036,0.963791208,0.));
#3848=DIRECTION('',(-0.963791208,0.266658036,0.));
#3849=AXIS2_PLACEMENT_3D('',#3846,#3847,#3848);
#3850=PLANE('',#3849);
#3851=ORIENTED_EDGE('',*,*,#613,.T.);
#3852=ORIENTED_EDGE('',*,*,#3841,.F.);
#3853=ORIENTED_EDGE('',*,*,#2560,.F.);
#3854=CARTESIAN_POINT('',(174.831741784,-184.870787463,-6.8));
#3855=DIRECTION('',(0.,0.,-1.));
#3856=VECTOR('',#3855,1.5);
#3857=LINE('',#3854,#3856);
#3858=EDGE_CURVE('',#2547,#608,#3857,.T.);
#3859=ORIENTED_EDGE('',*,*,#3858,.T.);
#3860=EDGE_LOOP('',(#3851,#3852,#3853,#3859));
#3861=FACE_BOUND('',#3860,.T.);
#3862=ADVANCED_FACE('',(#3861),#3850,.F.);
#3863=CARTESIAN_POINT('',(174.011667028,-184.660620432,-6.8));
#3864=DIRECTION('',(0.248255039,0.968694707,0.));
#3865=DIRECTION('',(-0.968694707,0.248255039,0.));
#3866=AXIS2_PLACEMENT_3D('',#3863,#3864,#3865);
#3867=PLANE('',#3866);
#3868=ORIENTED_EDGE('',*,*,#621,.T.);
#3869=ORIENTED_EDGE('',*,*,#3858,.F.);
#3870=ORIENTED_EDGE('',*,*,#2552,.F.);
#3871=CARTESIAN_POINT('',(173.191592271,-184.450453401,-6.8));
#3872=DIRECTION('',(0.,0.,-1.));
#3873=VECTOR('',#3872,1.5);
#3874=LINE('',#3871,#3873);
#3875=EDGE_CURVE('',#2539,#616,#3874,.T.);
#3876=ORIENTED_EDGE('',*,*,#3875,.T.);
#3877=EDGE_LOOP('',(#3868,#3869,#3870,#3876));
#3878=FACE_BOUND('',#3877,.T.);
#3879=ADVANCED_FACE('',(#3878),#3867,.F.);
#3880=CARTESIAN_POINT('',(172.363800377,-184.258394714,-6.8));
#3881=DIRECTION('',(0.226009906,0.974125003,0.));
#3882=DIRECTION('',(-0.974125003,0.226009906,0.));
#3883=AXIS2_PLACEMENT_3D('',#3880,#3881,#3882);
#3884=PLANE('',#3883);
#3885=ORIENTED_EDGE('',*,*,#629,.T.);
#3886=ORIENTED_EDGE('',*,*,#3875,.F.);
#3887=ORIENTED_EDGE('',*,*,#2544,.F.);
#3888=CARTESIAN_POINT('',(171.536008482,-184.066336028,-6.8));
#3889=DIRECTION('',(0.,0.,-1.));
#3890=VECTOR('',#3889,1.5);
#3891=LINE('',#3888,#3890);
#3892=EDGE_CURVE('',#2531,#624,#3891,.T.);
#3893=ORIENTED_EDGE('',*,*,#3892,.T.);
#3894=EDGE_LOOP('',(#3885,#3886,#3887,#3893));
#3895=FACE_BOUND('',#3894,.T.);
#3896=ADVANCED_FACE('',(#3895),#3884,.F.);
#3897=CARTESIAN_POINT('',(170.702121591,-183.892838342,-6.8));
#3898=DIRECTION('',(0.203696853,0.97903401,0.));
#3899=DIRECTION('',(-0.97903401,0.203696853,0.));
#3900=AXIS2_PLACEMENT_3D('',#3897,#3898,#3899);
#3901=PLANE('',#3900);
#3902=ORIENTED_EDGE('',*,*,#637,.T.);
#3903=ORIENTED_EDGE('',*,*,#3892,.F.);
#3904=ORIENTED_EDGE('',*,*,#2536,.F.);
#3905=CARTESIAN_POINT('',(169.8682347,-183.719340655,-6.8));
#3906=DIRECTION('',(0.,0.,-1.));
#3907=VECTOR('',#3906,1.5);
#3908=LINE('',#3905,#3907);
#3909=EDGE_CURVE('',#2523,#632,#3908,.T.);
#3910=ORIENTED_EDGE('',*,*,#3909,.T.);
#3911=EDGE_LOOP('',(#3902,#3903,#3904,#3910));
#3912=FACE_BOUND('',#3911,.T.);
#3913=ADVANCED_FACE('',(#3912),#3901,.F.);
#3914=CARTESIAN_POINT('',(169.031768182,-183.565178883,-6.8));
#3915=DIRECTION('',(0.181248662,0.9834373,0.));
#3916=DIRECTION('',(-0.9834373,0.181248662,0.));
#3917=AXIS2_PLACEMENT_3D('',#3914,#3915,#3916);
#3918=PLANE('',#3917);
#3919=ORIENTED_EDGE('',*,*,#645,.T.);
#3920=ORIENTED_EDGE('',*,*,#3909,.F.);
#3921=ORIENTED_EDGE('',*,*,#2528,.F.);
#3922=CARTESIAN_POINT('',(168.195301663,-183.41101711,-6.8));
#3923=DIRECTION('',(0.,0.,-1.));
#3924=VECTOR('',#3923,1.5);
#3925=LINE('',#3922,#3924);
#3926=EDGE_CURVE('',#2515,#640,#3925,.T.);
#3927=ORIENTED_EDGE('',*,*,#3926,.T.);
#3928=EDGE_LOOP('',(#3919,#3920,#3921,#3927));
#3929=FACE_BOUND('',#3928,.T.);
#3930=ADVANCED_FACE('',(#3929),#3918,.F.);
#3931=CARTESIAN_POINT('',(167.3576154,-183.276464164,-6.8));
#3932=DIRECTION('',(0.158591688,0.987344254,0.));
#3933=DIRECTION('',(-0.987344254,0.158591688,0.));
#3934=AXIS2_PLACEMENT_3D('',#3931,#3932,#3933);
#3935=PLANE('',#3934);
#3936=ORIENTED_EDGE('',*,*,#653,.T.);
#3937=ORIENTED_EDGE('',*,*,#3926,.F.);
#3938=ORIENTED_EDGE('',*,*,#2520,.F.);
#3939=CARTESIAN_POINT('',(166.519929137,-183.141911217,-6.8));
#3940=DIRECTION('',(0.,0.,-1.));
#3941=VECTOR('',#3940,1.5);
#3942=LINE('',#3939,#3941);
#3943=EDGE_CURVE('',#2507,#648,#3942,.T.);
#3944=ORIENTED_EDGE('',*,*,#3943,.T.);
#3945=EDGE_LOOP('',(#3936,#3937,#3938,#3944));
#3946=FACE_BOUND('',#3945,.T.);
#3947=ADVANCED_FACE('',(#3946),#3935,.F.);
#3948=CARTESIAN_POINT('',(166.105970722,-183.082779591,-6.8));
#3949=DIRECTION('',(0.141408957,0.989951265,0.));
#3950=DIRECTION('',(-0.989951265,0.141408957,0.));
#3951=AXIS2_PLACEMENT_3D('',#3948,#3949,#3950);
#3952=PLANE('',#3951);
#3953=ORIENTED_EDGE('',*,*,#661,.T.);
#3954=ORIENTED_EDGE('',*,*,#3943,.F.);
#3955=ORIENTED_EDGE('',*,*,#2512,.F.);
#3956=CARTESIAN_POINT('',(165.692012306,-183.023647965,-6.8));
#3957=DIRECTION('',(0.,0.,-1.));
#3958=VECTOR('',#3957,1.5);
#3959=LINE('',#3956,#3958);
#3960=EDGE_CURVE('',#2499,#656,#3959,.T.);
#3961=ORIENTED_EDGE('',*,*,#3960,.T.);
#3962=EDGE_LOOP('',(#3953,#3954,#3955,#3961));
#3963=FACE_BOUND('',#3962,.T.);
#3964=ADVANCED_FACE('',(#3963),#3952,.F.);
#3965=CARTESIAN_POINT('',(165.27763503,-182.969382112,-6.8));
#3966=DIRECTION('',(0.129848887,0.991533795,0.));
#3967=DIRECTION('',(-0.991533795,0.129848887,0.));
#3968=AXIS2_PLACEMENT_3D('',#3965,#3966,#3967);
#3969=PLANE('',#3968);
#3970=ORIENTED_EDGE('',*,*,#669,.T.);
#3971=ORIENTED_EDGE('',*,*,#3960,.F.);
#3972=ORIENTED_EDGE('',*,*,#2504,.F.);
#3973=CARTESIAN_POINT('',(164.863257755,-182.915116258,-6.8));
#3974=DIRECTION('',(0.,0.,-1.));
#3975=VECTOR('',#3974,1.5);
#3976=LINE('',#3973,#3975);
#3977=EDGE_CURVE('',#2491,#664,#3976,.T.);
#3978=ORIENTED_EDGE('',*,*,#3977,.T.);
#3979=EDGE_LOOP('',(#3970,#3971,#3972,#3978));
#3980=FACE_BOUND('',#3979,.T.);
#3981=ADVANCED_FACE('',(#3980),#3969,.F.);
#3982=CARTESIAN_POINT('',(164.451134365,-182.866062307,-6.8));
#3983=DIRECTION('',(0.118193034,0.992990638,0.));
#3984=DIRECTION('',(-0.992990638,0.118193034,0.));
#3985=AXIS2_PLACEMENT_3D('',#3982,#3983,#3984);
#3986=PLANE('',#3985);
#3987=ORIENTED_EDGE('',*,*,#677,.T.);
#3988=ORIENTED_EDGE('',*,*,#3977,.F.);
#3989=ORIENTED_EDGE('',*,*,#2496,.F.);
#3990=CARTESIAN_POINT('',(164.039010975,-182.817008356,-6.8));
#3991=DIRECTION('',(0.,0.,-1.));
#3992=VECTOR('',#3991,1.5);
#3993=LINE('',#3990,#3992);
#3994=EDGE_CURVE('',#2483,#672,#3993,.T.);
#3995=ORIENTED_EDGE('',*,*,#3994,.T.);
#3996=EDGE_LOOP('',(#3987,#3988,#3989,#3995));
#3997=FACE_BOUND('',#3996,.T.);
#3998=ADVANCED_FACE('',(#3997),#3986,.F.);
#3999=CARTESIAN_POINT('',(163.629250799,-182.773150436,-6.8));
#4000=DIRECTION('',(0.106425273,0.994320703,0.));
#4001=DIRECTION('',(-0.994320703,0.106425273,0.));
#4002=AXIS2_PLACEMENT_3D('',#3999,#4000,#4001);
#4003=PLANE('',#4002);
#4004=ORIENTED_EDGE('',*,*,#685,.T.);
#4005=ORIENTED_EDGE('',*,*,#3994,.F.);
#4006=ORIENTED_EDGE('',*,*,#2488,.F.);
#4007=CARTESIAN_POINT('',(163.219490622,-182.729292515,-6.8));
#4008=DIRECTION('',(0.,0.,-1.));
#4009=VECTOR('',#4008,1.5);
#4010=LINE('',#4007,#4009);
#4011=EDGE_CURVE('',#2475,#680,#4010,.T.);
#4012=ORIENTED_EDGE('',*,*,#4011,.T.);
#4013=EDGE_LOOP('',(#4004,#4005,#4006,#4012));
#4014=FACE_BOUND('',#4013,.T.);
#4015=ADVANCED_FACE('',(#4014),#4003,.F.);
#4016=CARTESIAN_POINT('',(162.813360743,-182.690726087,-6.8));
#4017=DIRECTION('',(0.094535539,0.995521487,0.));
#4018=DIRECTION('',(-0.995521487,0.094535539,0.));
#4019=AXIS2_PLACEMENT_3D('',#4016,#4017,#4018);
#4020=PLANE('',#4019);
#4021=ORIENTED_EDGE('',*,*,#693,.T.);
#4022=ORIENTED_EDGE('',*,*,#4011,.F.);
#4023=ORIENTED_EDGE('',*,*,#2480,.F.);
#4024=CARTESIAN_POINT('',(162.407230865,-182.65215966,-6.8));
#4025=DIRECTION('',(0.,0.,-1.));
#4026=VECTOR('',#4025,1.5);
#4027=LINE('',#4024,#4026);
#4028=EDGE_CURVE('',#2467,#688,#4027,.T.);
#4029=ORIENTED_EDGE('',*,*,#4028,.T.);
#4030=EDGE_LOOP('',(#4021,#4022,#4023,#4029));
#4031=FACE_BOUND('',#4030,.T.);
#4032=ADVANCED_FACE('',(#4031),#4020,.F.);
#4033=CARTESIAN_POINT('',(162.004018897,-182.618775859,-6.8));
#4034=DIRECTION('',(0.082512342,0.996590043,0.));
#4035=DIRECTION('',(-0.996590043,0.082512342,0.));
#4036=AXIS2_PLACEMENT_3D('',#4033,#4034,#4035);
#4037=PLANE('',#4036);
#4038=ORIENTED_EDGE('',*,*,#701,.T.);
#4039=ORIENTED_EDGE('',*,*,#4028,.F.);
#4040=ORIENTED_EDGE('',*,*,#2472,.F.);
#4041=CARTESIAN_POINT('',(161.60080693,-182.585392058,-6.8));
#4042=DIRECTION('',(0.,0.,-1.));
#4043=VECTOR('',#4042,1.5);
#4044=LINE('',#4041,#4043);
#4045=EDGE_CURVE('',#2459,#696,#4044,.T.);
#4046=ORIENTED_EDGE('',*,*,#4045,.T.);
#4047=EDGE_LOOP('',(#4038,#4039,#4040,#4046));
#4048=FACE_BOUND('',#4047,.T.);
#4049=ADVANCED_FACE('',(#4048),#4037,.F.);
#4050=CARTESIAN_POINT('',(161.202614662,-182.557313047,-6.8));
#4051=DIRECTION('',(0.07034154,0.997522966,0.));
#4052=DIRECTION('',(-0.997522966,0.07034154,0.));
#4053=AXIS2_PLACEMENT_3D('',#4050,#4051,#4052);
#4054=PLANE('',#4053);
#4055=ORIENTED_EDGE('',*,*,#709,.T.);
#4056=ORIENTED_EDGE('',*,*,#4045,.F.);
#4057=ORIENTED_EDGE('',*,*,#2464,.F.);
#4058=CARTESIAN_POINT('',(160.804422394,-182.529234037,-6.8));
#4059=DIRECTION('',(0.,0.,-1.));
#4060=VECTOR('',#4059,1.5);
#4061=LINE('',#4058,#4060);
#4062=EDGE_CURVE('',#2451,#704,#4061,.T.);
#4063=ORIENTED_EDGE('',*,*,#4062,.T.);
#4064=EDGE_LOOP('',(#4055,#4056,#4057,#4063));
#4065=FACE_BOUND('',#4064,.T.);
#4066=ADVANCED_FACE('',(#4065),#4054,.F.);
#4067=CARTESIAN_POINT('',(160.40957338,-182.506290797,-6.8));
#4068=DIRECTION('',(0.058008517,0.998316088,0.));
#4069=DIRECTION('',(-0.998316088,0.058008517,0.));
#4070=AXIS2_PLACEMENT_3D('',#4067,#4068,#4069);
#4071=PLANE('',#4070);
#4072=ORIENTED_EDGE('',*,*,#717,.T.);
#4073=ORIENTED_EDGE('',*,*,#4062,.F.);
#4074=ORIENTED_EDGE('',*,*,#2456,.F.);
#4075=CARTESIAN_POINT('',(160.014724366,-182.483347557,-6.8));
#4076=DIRECTION('',(0.,0.,-1.));
#4077=VECTOR('',#4076,1.5);
#4078=LINE('',#4075,#4077);
#4079=EDGE_CURVE('',#2443,#712,#4078,.T.);
#4080=ORIENTED_EDGE('',*,*,#4079,.T.);
#4081=EDGE_LOOP('',(#4072,#4073,#4074,#4080));
#4082=FACE_BOUND('',#4081,.T.);
#4083=ADVANCED_FACE('',(#4082),#4071,.F.);
#4084=CARTESIAN_POINT('',(159.626311547,-182.465655509,-6.8));
#4085=DIRECTION('',(0.04550242,0.998964228,0.));
#4086=DIRECTION('',(-0.998964228,0.04550242,0.));
#4087=AXIS2_PLACEMENT_3D('',#4084,#4085,#4086);
#4088=PLANE('',#4087);
#4089=ORIENTED_EDGE('',*,*,#725,.T.);
#4090=ORIENTED_EDGE('',*,*,#4079,.F.);
#4091=ORIENTED_EDGE('',*,*,#2448,.F.);
#4092=CARTESIAN_POINT('',(159.237898727,-182.447963461,-6.8));
#4093=DIRECTION('',(0.,0.,-1.));
#4094=VECTOR('',#4093,1.5);
#4095=LINE('',#4092,#4094);
#4096=EDGE_CURVE('',#2435,#720,#4095,.T.);
#4097=ORIENTED_EDGE('',*,*,#4096,.T.);
#4098=EDGE_LOOP('',(#4089,#4090,#4091,#4097));
#4099=FACE_BOUND('',#4098,.T.);
#4100=ADVANCED_FACE('',(#4099),#4088,.F.);
#4101=CARTESIAN_POINT('',(158.855257942,-182.435402662,-6.8));
#4102=DIRECTION('',(0.032808935,0.999461642,0.));
#4103=DIRECTION('',(-0.999461642,0.032808935,0.));
#4104=AXIS2_PLACEMENT_3D('',#4101,#4102,#4103);
#4105=PLANE('',#4104);
#4106=ORIENTED_EDGE('',*,*,#733,.T.);
#4107=ORIENTED_EDGE('',*,*,#4096,.F.);
#4108=ORIENTED_EDGE('',*,*,#2440,.F.);
#4109=CARTESIAN_POINT('',(158.472617157,-182.422841863,-6.8));
#4110=DIRECTION('',(0.,0.,-1.));
#4111=VECTOR('',#4110,1.5);
#4112=LINE('',#4109,#4111);
#4113=EDGE_CURVE('',#2427,#728,#4112,.T.);
#4114=ORIENTED_EDGE('',*,*,#4113,.T.);
#4115=EDGE_LOOP('',(#4106,#4107,#4108,#4114));
#4116=FACE_BOUND('',#4115,.T.);
#4117=ADVANCED_FACE('',(#4116),#4105,.F.);
#4118=CARTESIAN_POINT('',(157.799798868,-182.412842794,-6.8));
#4119=DIRECTION('',(0.01485983,0.999889587,0.));
#4120=DIRECTION('',(-0.999889587,0.01485983,0.));
#4121=AXIS2_PLACEMENT_3D('',#4118,#4119,#4120);
#4122=PLANE('',#4121);
#4123=ORIENTED_EDGE('',*,*,#741,.T.);
#4124=ORIENTED_EDGE('',*,*,#4113,.F.);
#4125=ORIENTED_EDGE('',*,*,#2432,.F.);
#4126=CARTESIAN_POINT('',(157.126980578,-182.402843724,-6.8));
#4127=DIRECTION('',(0.,0.,-1.));
#4128=VECTOR('',#4127,1.5);
#4129=LINE('',#4126,#4128);
#4130=EDGE_CURVE('',#2419,#736,#4129,.T.);
#4131=ORIENTED_EDGE('',*,*,#4130,.T.);
#4132=EDGE_LOOP('',(#4123,#4124,#4125,#4131));
#4133=FACE_BOUND('',#4132,.T.);
#4134=ADVANCED_FACE('',(#4133),#4122,.F.);
#4135=CARTESIAN_POINT('',(151.51997261,-182.387819327,-6.8));
#4136=DIRECTION('',(0.002679565,0.99999641,0.));
#4137=DIRECTION('',(-0.99999641,0.002679565,0.));
#4138=AXIS2_PLACEMENT_3D('',#4135,#4136,#4137);
#4139=PLANE('',#4138);
#4140=ORIENTED_EDGE('',*,*,#749,.T.);
#4141=ORIENTED_EDGE('',*,*,#4130,.F.);
#4142=ORIENTED_EDGE('',*,*,#2424,.F.);
#4143=CARTESIAN_POINT('',(145.912964643,-182.37279493,-6.8));
#4144=DIRECTION('',(0.,0.,-1.));
#4145=VECTOR('',#4144,1.5);
#4146=LINE('',#4143,#4145);
#4147=EDGE_CURVE('',#2410,#744,#4146,.T.);
#4148=ORIENTED_EDGE('',*,*,#4147,.T.);
#4149=EDGE_LOOP('',(#4140,#4141,#4142,#4148));
#4150=FACE_BOUND('',#4149,.T.);
#4151=ADVANCED_FACE('',(#4150),#4139,.F.);
#4152=CARTESIAN_POINT('',(146.102994621,-177.259687905,-6.8));
#4153=DIRECTION('',(0.,0.,-1.));
#4154=DIRECTION('',(-1.,0.,0.));
#4155=AXIS2_PLACEMENT_3D('',#4152,#4153,#4154);
#4156=CYLINDRICAL_SURFACE('',#4155,5.116637064);
#4157=ORIENTED_EDGE('',*,*,#756,.F.);
#4158=ORIENTED_EDGE('',*,*,#4147,.F.);
#4159=ORIENTED_EDGE('',*,*,#2416,.T.);
#4160=ORIENTED_EDGE('',*,*,#2908,.T.);
#4161=EDGE_LOOP('',(#4157,#4158,#4159,#4160));
#4162=FACE_BOUND('',#4161,.T.);
#4163=ADVANCED_FACE('',(#4162),#4156,.T.);
#4164=CARTESIAN_POINT('',(211.745788238,-145.575376589,-7.6));
#4165=DIRECTION('',(-1.,-0.000000112,0.));
#4166=DIRECTION('',(0.000000112,-1.,0.));
#4167=AXIS2_PLACEMENT_3D('',#4164,#4165,#4166);
#4168=PLANE('',#4167);
#4169=ORIENTED_EDGE('',*,*,#2042,.F.);
#4170=CARTESIAN_POINT('',(211.745785773,-123.575376533,-7.3));
#4171=VERTEX_POINT('',#4170);
#4172=CARTESIAN_POINT('',(211.745785773,-123.575376533,-6.8));
#4173=DIRECTION('',(-0.,-0.,-1.));
#4174=VECTOR('',#4173,0.5);
#4175=LINE('',#4172,#4174);
#4176=EDGE_CURVE('',#2028,#4171,#4175,.T.);
#4177=ORIENTED_EDGE('',*,*,#4176,.T.);
#4178=CARTESIAN_POINT('',(211.745790715,-167.675376544,-7.3));
#4179=VERTEX_POINT('',#4178);
#4180=CARTESIAN_POINT('',(211.745785773,-123.575376533,-7.3));
#4181=DIRECTION('',(0.000000112,-1.,0.));
#4182=VECTOR('',#4181,44.100000011);
#4183=LINE('',#4180,#4182);
#4184=EDGE_CURVE('',#4171,#4179,#4183,.T.);
#4185=ORIENTED_EDGE('',*,*,#4184,.T.);
#4186=CARTESIAN_POINT('',(211.745790715,-167.675376544,-7.3));
#4187=DIRECTION('',(0.,0.,1.));
#4188=VECTOR('',#4187,0.5);
#4189=LINE('',#4186,#4188);
#4190=EDGE_CURVE('',#4179,#2037,#4189,.T.);
#4191=ORIENTED_EDGE('',*,*,#4190,.T.);
#4192=EDGE_LOOP('',(#4169,#4177,#4185,#4191));
#4193=FACE_BOUND('',#4192,.T.);
#4194=ADVANCED_FACE('',(#4193),#4168,.T.);
#4195=CARTESIAN_POINT('',(198.745790165,-123.075376589,-7.6));
#4196=DIRECTION('',(0.,-1.,0.));
#4197=DIRECTION('',(0.,0.,-1.));
#4198=AXIS2_PLACEMENT_3D('',#4195,#4196,#4197);
#4199=PLANE('',#4198);
#4200=CARTESIAN_POINT('',(186.245794613,-123.075376589,-7.3));
#4201=VERTEX_POINT('',#4200);
#4202=CARTESIAN_POINT('',(211.245785773,-123.075376589,-7.3));
#4203=VERTEX_POINT('',#4202);
#4204=CARTESIAN_POINT('',(186.245794613,-123.075376589,-7.3));
#4205=DIRECTION('',(1.,0.,-0.));
#4206=VECTOR('',#4205,24.99999116);
#4207=LINE('',#4204,#4206);
#4208=EDGE_CURVE('',#4201,#4203,#4207,.T.);
#4209=ORIENTED_EDGE('',*,*,#4208,.T.);
#4210=CARTESIAN_POINT('',(211.245785773,-123.075376589,-7.3));
#4211=DIRECTION('',(0.,0.,1.));
#4212=VECTOR('',#4211,0.5);
#4213=LINE('',#4210,#4212);
#4214=EDGE_CURVE('',#4203,#2020,#4213,.T.);
#4215=ORIENTED_EDGE('',*,*,#4214,.T.);
#4216=ORIENTED_EDGE('',*,*,#2025,.F.);
#4217=CARTESIAN_POINT('',(186.245794613,-123.075376589,-6.8));
#4218=DIRECTION('',(-0.,-0.,-1.));
#4219=VECTOR('',#4218,0.5);
#4220=LINE('',#4217,#4219);
#4221=EDGE_CURVE('',#2018,#4201,#4220,.T.);
#4222=ORIENTED_EDGE('',*,*,#4221,.T.);
#4223=EDGE_LOOP('',(#4209,#4215,#4216,#4222));
#4224=FACE_BOUND('',#4223,.T.);
#4225=ADVANCED_FACE('',(#4224),#4199,.T.);
#4226=CARTESIAN_POINT('',(185.745794613,-145.575376589,-7.6));
#4227=DIRECTION('',(-1.,0.,0.));
#4228=DIRECTION('',(0.,0.,1.));
#4229=AXIS2_PLACEMENT_3D('',#4226,#4227,#4228);
#4230=PLANE('',#4229);
#4231=CARTESIAN_POINT('',(185.745794613,-123.575376589,-7.3));
#4232=VERTEX_POINT('',#4231);
#4233=CARTESIAN_POINT('',(185.745794613,-167.575376589,-7.3));
#4234=VERTEX_POINT('',#4233);
#4235=CARTESIAN_POINT('',(185.745794613,-123.575376589,-7.3));
#4236=DIRECTION('',(0.,-1.,0.));
#4237=VECTOR('',#4236,44.);
#4238=LINE('',#4235,#4237);
#4239=EDGE_CURVE('',#4232,#4234,#4238,.T.);
#4240=ORIENTED_EDGE('',*,*,#4239,.F.);
#4241=CARTESIAN_POINT('',(185.745794613,-123.575376589,-7.3));
#4242=DIRECTION('',(0.,0.,1.));
#4243=VECTOR('',#4242,0.5);
#4244=LINE('',#4241,#4243);
#4245=EDGE_CURVE('',#4232,#2071,#4244,.T.);
#4246=ORIENTED_EDGE('',*,*,#4245,.T.);
#4247=ORIENTED_EDGE('',*,*,#2076,.T.);
#4248=CARTESIAN_POINT('',(185.745794613,-167.575376589,-6.8));
#4249=DIRECTION('',(-0.,-0.,-1.));
#4250=VECTOR('',#4249,0.5);
#4251=LINE('',#4248,#4250);
#4252=EDGE_CURVE('',#2062,#4234,#4251,.T.);
#4253=ORIENTED_EDGE('',*,*,#4252,.T.);
#4254=EDGE_LOOP('',(#4240,#4246,#4247,#4253));
#4255=FACE_BOUND('',#4254,.T.);
#4256=ADVANCED_FACE('',(#4255),#4230,.F.);
#4257=CARTESIAN_POINT('',(198.745792686,-168.075376589,-7.6));
#4258=DIRECTION('',(0.,-1.,0.));
#4259=DIRECTION('',(1.,0.,0.));
#4260=AXIS2_PLACEMENT_3D('',#4257,#4258,#4259);
#4261=PLANE('',#4260);
#4262=CARTESIAN_POINT('',(186.245794613,-168.075376589,-7.3));
#4263=VERTEX_POINT('',#4262);
#4264=CARTESIAN_POINT('',(211.345790715,-168.075376589,-7.3));
#4265=VERTEX_POINT('',#4264);
#4266=CARTESIAN_POINT('',(186.245794613,-168.075376589,-7.3));
#4267=DIRECTION('',(1.,0.,0.));
#4268=VECTOR('',#4267,25.099996102);
#4269=LINE('',#4266,#4268);
#4270=EDGE_CURVE('',#4263,#4265,#4269,.T.);
#4271=ORIENTED_EDGE('',*,*,#4270,.F.);
#4272=CARTESIAN_POINT('',(186.245794613,-168.075376589,-7.3));
#4273=DIRECTION('',(0.,0.,1.));
#4274=VECTOR('',#4273,0.5);
#4275=LINE('',#4272,#4274);
#4276=EDGE_CURVE('',#4263,#2054,#4275,.T.);
#4277=ORIENTED_EDGE('',*,*,#4276,.T.);
#4278=ORIENTED_EDGE('',*,*,#2059,.T.);
#4279=CARTESIAN_POINT('',(211.345790715,-168.075376589,-6.8));
#4280=DIRECTION('',(-0.,-0.,-1.));
#4281=VECTOR('',#4280,0.5);
#4282=LINE('',#4279,#4281);
#4283=EDGE_CURVE('',#2045,#4265,#4282,.T.);
#4284=ORIENTED_EDGE('',*,*,#4283,.T.);
#4285=EDGE_LOOP('',(#4271,#4277,#4278,#4284));
#4286=FACE_BOUND('',#4285,.T.);
#4287=ADVANCED_FACE('',(#4286),#4261,.F.);
#4288=CARTESIAN_POINT('',(123.141840353,-153.021334752,-7.3));
#4289=DIRECTION('',(0.,0.,1.));
#4290=DIRECTION('',(1.,0.,0.));
#4291=AXIS2_PLACEMENT_3D('',#4288,#4289,#4290);
#4292=PLANE('',#4291);
#4293=ORIENTED_EDGE('',*,*,#4184,.F.);
#4294=CARTESIAN_POINT('',(211.245785773,-123.575376589,-7.3));
#4295=DIRECTION('',(0.,0.,1.));
#4296=DIRECTION('',(1.,0.,-0.));
#4297=AXIS2_PLACEMENT_3D('',#4294,#4295,#4296);
#4298=CIRCLE('',#4297,0.5);
#4299=EDGE_CURVE('',#4171,#4203,#4298,.T.);
#4300=ORIENTED_EDGE('',*,*,#4299,.T.);
#4301=ORIENTED_EDGE('',*,*,#4208,.F.);
#4302=CARTESIAN_POINT('',(186.245794613,-123.575376589,-7.3));
#4303=DIRECTION('',(0.,0.,1.));
#4304=DIRECTION('',(1.,0.,-0.));
#4305=AXIS2_PLACEMENT_3D('',#4302,#4303,#4304);
#4306=CIRCLE('',#4305,0.5);
#4307=EDGE_CURVE('',#4201,#4232,#4306,.T.);
#4308=ORIENTED_EDGE('',*,*,#4307,.T.);
#4309=ORIENTED_EDGE('',*,*,#4239,.T.);
#4310=CARTESIAN_POINT('',(186.245794613,-167.575376589,-7.3));
#4311=DIRECTION('',(0.,0.,1.));
#4312=DIRECTION('',(1.,0.,-0.));
#4313=AXIS2_PLACEMENT_3D('',#4310,#4311,#4312);
#4314=CIRCLE('',#4313,0.5);
#4315=EDGE_CURVE('',#4234,#4263,#4314,.T.);
#4316=ORIENTED_EDGE('',*,*,#4315,.T.);
#4317=ORIENTED_EDGE('',*,*,#4270,.T.);
#4318=CARTESIAN_POINT('',(211.345790715,-167.675376589,-7.3));
#4319=DIRECTION('',(0.,0.,1.));
#4320=DIRECTION('',(1.,0.,-0.));
#4321=AXIS2_PLACEMENT_3D('',#4318,#4319,#4320);
#4322=CIRCLE('',#4321,0.4);
#4323=EDGE_CURVE('',#4265,#4179,#4322,.T.);
#4324=ORIENTED_EDGE('',*,*,#4323,.T.);
#4325=EDGE_LOOP('',(#4293,#4300,#4301,#4308,#4309,#4316,#4317,#4324));
#4326=FACE_BOUND('',#4325,.T.);
#4327=ADVANCED_FACE('',(#4326),#4292,.T.);
#4328=CARTESIAN_POINT('',(199.926234482,-181.186164181,-7.3));
#4329=DIRECTION('',(0.,0.,1.));
#4330=DIRECTION('',(1.,0.,-0.));
#4331=AXIS2_PLACEMENT_3D('',#4328,#4329,#4330);
#4332=CYLINDRICAL_SURFACE('',#4331,2.6);
#4333=CARTESIAN_POINT('',(202.526234482,-181.186164181,-7.3));
#4334=VERTEX_POINT('',#4333);
#4335=CARTESIAN_POINT('',(202.526234482,-181.186164181,-6.8));
#4336=DIRECTION('',(-0.,-0.,-1.));
#4337=VECTOR('',#4336,0.5);
#4338=LINE('',#4335,#4337);
#4339=EDGE_CURVE('',#2132,#4334,#4338,.T.);
#4340=ORIENTED_EDGE('',*,*,#4339,.F.);
#4341=ORIENTED_EDGE('',*,*,#2138,.T.);
#4342=ORIENTED_EDGE('',*,*,#4339,.T.);
#4343=CARTESIAN_POINT('',(199.926234482,-181.186164181,-7.3));
#4344=DIRECTION('',(0.,0.,1.));
#4345=DIRECTION('',(1.,0.,-0.));
#4346=AXIS2_PLACEMENT_3D('',#4343,#4344,#4345);
#4347=CIRCLE('',#4346,2.6);
#4348=EDGE_CURVE('',#4334,#4334,#4347,.T.);
#4349=ORIENTED_EDGE('',*,*,#4348,.F.);
#4350=EDGE_LOOP('',(#4340,#4341,#4342,#4349));
#4351=FACE_BOUND('',#4350,.T.);
#4352=ADVANCED_FACE('',(#4351),#4332,.F.);
#4353=CARTESIAN_POINT('',(123.141840353,-153.021334752,-7.3));
#4354=DIRECTION('',(0.,0.,1.));
#4355=DIRECTION('',(1.,0.,0.));
#4356=AXIS2_PLACEMENT_3D('',#4353,#4354,#4355);
#4357=PLANE('',#4356);
#4358=ORIENTED_EDGE('',*,*,#4348,.T.);
#4359=EDGE_LOOP('',(#4358));
#4360=FACE_BOUND('',#4359,.T.);
#4361=ADVANCED_FACE('',(#4360),#4357,.T.);
#4362=CARTESIAN_POINT('',(198.631199012,-112.047874589,-7.3));
#4363=DIRECTION('',(0.,0.,1.));
#4364=DIRECTION('',(1.,0.,-0.));
#4365=AXIS2_PLACEMENT_3D('',#4362,#4363,#4364);
#4366=CYLINDRICAL_SURFACE('',#4365,2.6);
#4367=CARTESIAN_POINT('',(201.231199012,-112.047874589,-7.3));
#4368=VERTEX_POINT('',#4367);
#4369=CARTESIAN_POINT('',(201.231199012,-112.047874589,-6.8));
#4370=DIRECTION('',(-0.,-0.,-1.));
#4371=VECTOR('',#4370,0.5);
#4372=LINE('',#4369,#4371);
#4373=EDGE_CURVE('',#2143,#4368,#4372,.T.);
#4374=ORIENTED_EDGE('',*,*,#4373,.F.);
#4375=ORIENTED_EDGE('',*,*,#2149,.T.);
#4376=ORIENTED_EDGE('',*,*,#4373,.T.);
#4377=CARTESIAN_POINT('',(198.631199012,-112.047874589,-7.3));
#4378=DIRECTION('',(0.,0.,1.));
#4379=DIRECTION('',(1.,0.,-0.));
#4380=AXIS2_PLACEMENT_3D('',#4377,#4378,#4379);
#4381=CIRCLE('',#4380,2.6);
#4382=EDGE_CURVE('',#4368,#4368,#4381,.T.);
#4383=ORIENTED_EDGE('',*,*,#4382,.F.);
#4384=EDGE_LOOP('',(#4374,#4375,#4376,#4383));
#4385=FACE_BOUND('',#4384,.T.);
#4386=ADVANCED_FACE('',(#4385),#4366,.F.);
#4387=CARTESIAN_POINT('',(123.141840353,-153.021334752,-7.3));
#4388=DIRECTION('',(0.,0.,1.));
#4389=DIRECTION('',(1.,0.,0.));
#4390=AXIS2_PLACEMENT_3D('',#4387,#4388,#4389);
#4391=PLANE('',#4390);
#4392=ORIENTED_EDGE('',*,*,#4382,.T.);
#4393=EDGE_LOOP('',(#4392));
#4394=FACE_BOUND('',#4393,.T.);
#4395=ADVANCED_FACE('',(#4394),#4391,.T.);
#4396=CARTESIAN_POINT('',(81.01084321,-154.247876089,-7.3));
#4397=DIRECTION('',(0.,0.,1.));
#4398=DIRECTION('',(1.,0.,-0.));
#4399=AXIS2_PLACEMENT_3D('',#4396,#4397,#4398);
#4400=CYLINDRICAL_SURFACE('',#4399,2.6);
#4401=CARTESIAN_POINT('',(83.61084321,-154.247876089,-7.3));
#4402=VERTEX_POINT('',#4401);
#4403=CARTESIAN_POINT('',(83.61084321,-154.247876089,-6.8));
#4404=DIRECTION('',(-0.,-0.,-1.));
#4405=VECTOR('',#4404,0.5);
#4406=LINE('',#4403,#4405);
#4407=EDGE_CURVE('',#2154,#4402,#4406,.T.);
#4408=ORIENTED_EDGE('',*,*,#4407,.F.);
#4409=ORIENTED_EDGE('',*,*,#2160,.T.);
#4410=ORIENTED_EDGE('',*,*,#4407,.T.);
#4411=CARTESIAN_POINT('',(81.01084321,-154.247876089,-7.3));
#4412=DIRECTION('',(0.,0.,1.));
#4413=DIRECTION('',(1.,0.,-0.));
#4414=AXIS2_PLACEMENT_3D('',#4411,#4412,#4413);
#4415=CIRCLE('',#4414,2.6);
#4416=EDGE_CURVE('',#4402,#4402,#4415,.T.);
#4417=ORIENTED_EDGE('',*,*,#4416,.F.);
#4418=EDGE_LOOP('',(#4408,#4409,#4410,#4417));
#4419=FACE_BOUND('',#4418,.T.);
#4420=ADVANCED_FACE('',(#4419),#4400,.F.);
#4421=CARTESIAN_POINT('',(123.141840353,-153.021334752,-7.3));
#4422=DIRECTION('',(0.,0.,1.));
#4423=DIRECTION('',(1.,0.,0.));
#4424=AXIS2_PLACEMENT_3D('',#4421,#4422,#4423);
#4425=PLANE('',#4424);
#4426=ORIENTED_EDGE('',*,*,#4416,.T.);
#4427=EDGE_LOOP('',(#4426));
#4428=FACE_BOUND('',#4427,.T.);
#4429=ADVANCED_FACE('',(#4428),#4425,.T.);
#4430=CARTESIAN_POINT('',(147.600794298,-100.140376589,-7.3));
#4431=DIRECTION('',(0.,0.,-1.));
#4432=DIRECTION('',(-1.,0.,0.));
#4433=AXIS2_PLACEMENT_3D('',#4430,#4431,#4432);
#4434=CYLINDRICAL_SURFACE('',#4433,2.6);
#4435=CARTESIAN_POINT('',(145.000794298,-100.140376589,-7.9));
#4436=VERTEX_POINT('',#4435);
#4437=CARTESIAN_POINT('',(145.000794298,-100.140376589,-8.3));
#4438=DIRECTION('',(-0.,-0.,1.));
#4439=VECTOR('',#4438,0.4);
#4440=LINE('',#4437,#4439);
#4441=EDGE_CURVE('',#149,#4436,#4440,.T.);
#4442=ORIENTED_EDGE('',*,*,#4441,.F.);
#4443=ORIENTED_EDGE('',*,*,#155,.T.);
#4444=ORIENTED_EDGE('',*,*,#4441,.T.);
#4445=CARTESIAN_POINT('',(147.600794298,-100.140376589,-7.9));
#4446=DIRECTION('',(0.,0.,-1.));
#4447=DIRECTION('',(-1.,0.,0.));
#4448=AXIS2_PLACEMENT_3D('',#4445,#4446,#4447);
#4449=CIRCLE('',#4448,2.6);
#4450=EDGE_CURVE('',#4436,#4436,#4449,.T.);
#4451=ORIENTED_EDGE('',*,*,#4450,.F.);
#4452=EDGE_LOOP('',(#4442,#4443,#4444,#4451));
#4453=FACE_BOUND('',#4452,.T.);
#4454=ADVANCED_FACE('',(#4453),#4434,.F.);
#4455=CARTESIAN_POINT('',(123.141840353,-153.021334752,-7.9));
#4456=DIRECTION('',(0.,0.,-1.));
#4457=DIRECTION('',(-1.,0.,0.));
#4458=AXIS2_PLACEMENT_3D('',#4455,#4456,#4457);
#4459=PLANE('',#4458);
#4460=ORIENTED_EDGE('',*,*,#2891,.F.);
#4461=EDGE_LOOP('',(#4460));
#4462=FACE_BOUND('',#4461,.T.);
#4463=ORIENTED_EDGE('',*,*,#4450,.T.);
#4464=EDGE_LOOP('',(#4463));
#4465=FACE_BOUND('',#4464,.T.);
#4466=ADVANCED_FACE('',(#4462,#4465),#4459,.T.);
#4467=CARTESIAN_POINT('',(90.550794298,-119.940376589,-7.3));
#4468=DIRECTION('',(0.,0.,-1.));
#4469=DIRECTION('',(-1.,0.,0.));
#4470=AXIS2_PLACEMENT_3D('',#4467,#4468,#4469);
#4471=CYLINDRICAL_SURFACE('',#4470,2.6);
#4472=CARTESIAN_POINT('',(87.950794298,-119.940376589,-7.9));
#4473=VERTEX_POINT('',#4472);
#4474=CARTESIAN_POINT('',(87.950794298,-119.940376589,-8.3));
#4475=DIRECTION('',(-0.,-0.,1.));
#4476=VECTOR('',#4475,0.4);
#4477=LINE('',#4474,#4476);
#4478=EDGE_CURVE('',#138,#4473,#4477,.T.);
#4479=ORIENTED_EDGE('',*,*,#4478,.F.);
#4480=ORIENTED_EDGE('',*,*,#144,.T.);
#4481=ORIENTED_EDGE('',*,*,#4478,.T.);
#4482=CARTESIAN_POINT('',(90.550794298,-119.940376589,-7.9));
#4483=DIRECTION('',(0.,0.,-1.));
#4484=DIRECTION('',(-1.,0.,0.));
#4485=AXIS2_PLACEMENT_3D('',#4482,#4483,#4484);
#4486=CIRCLE('',#4485,2.6);
#4487=EDGE_CURVE('',#4473,#4473,#4486,.T.);
#4488=ORIENTED_EDGE('',*,*,#4487,.F.);
#4489=EDGE_LOOP('',(#4479,#4480,#4481,#4488));
#4490=FACE_BOUND('',#4489,.T.);
#4491=ADVANCED_FACE('',(#4490),#4471,.F.);
#4492=CARTESIAN_POINT('',(123.141840353,-153.021334752,-7.9));
#4493=DIRECTION('',(0.,0.,-1.));
#4494=DIRECTION('',(-1.,0.,0.));
#4495=AXIS2_PLACEMENT_3D('',#4492,#4493,#4494);
#4496=PLANE('',#4495);
#4497=ORIENTED_EDGE('',*,*,#2866,.F.);
#4498=EDGE_LOOP('',(#4497));
#4499=FACE_BOUND('',#4498,.T.);
#4500=ORIENTED_EDGE('',*,*,#4487,.T.);
#4501=EDGE_LOOP('',(#4500));
#4502=FACE_BOUND('',#4501,.T.);
#4503=ADVANCED_FACE('',(#4499,#4502),#4496,.T.);
#4504=CARTESIAN_POINT('',(167.250794298,-162.040376589,-7.3));
#4505=DIRECTION('',(0.,0.,-1.));
#4506=DIRECTION('',(-1.,0.,0.));
#4507=AXIS2_PLACEMENT_3D('',#4504,#4505,#4506);
#4508=CYLINDRICAL_SURFACE('',#4507,2.6);
#4509=CARTESIAN_POINT('',(164.650794298,-162.040376589,-7.9));
#4510=VERTEX_POINT('',#4509);
#4511=CARTESIAN_POINT('',(164.650794298,-162.040376589,-8.3));
#4512=DIRECTION('',(-0.,-0.,1.));
#4513=VECTOR('',#4512,0.4);
#4514=LINE('',#4511,#4513);
#4515=EDGE_CURVE('',#127,#4510,#4514,.T.);
#4516=ORIENTED_EDGE('',*,*,#4515,.F.);
#4517=ORIENTED_EDGE('',*,*,#133,.T.);
#4518=ORIENTED_EDGE('',*,*,#4515,.T.);
#4519=CARTESIAN_POINT('',(167.250794298,-162.040376589,-7.9));
#4520=DIRECTION('',(0.,0.,-1.));
#4521=DIRECTION('',(-1.,0.,0.));
#4522=AXIS2_PLACEMENT_3D('',#4519,#4520,#4521);
#4523=CIRCLE('',#4522,2.6);
#4524=EDGE_CURVE('',#4510,#4510,#4523,.T.);
#4525=ORIENTED_EDGE('',*,*,#4524,.F.);
#4526=EDGE_LOOP('',(#4516,#4517,#4518,#4525));
#4527=FACE_BOUND('',#4526,.T.);
#4528=ADVANCED_FACE('',(#4527),#4508,.F.);
#4529=CARTESIAN_POINT('',(123.141840353,-153.021334752,-7.9));
#4530=DIRECTION('',(0.,0.,-1.));
#4531=DIRECTION('',(-1.,0.,0.));
#4532=AXIS2_PLACEMENT_3D('',#4529,#4530,#4531);
#4533=PLANE('',#4532);
#4534=ORIENTED_EDGE('',*,*,#2841,.F.);
#4535=EDGE_LOOP('',(#4534));
#4536=FACE_BOUND('',#4535,.T.);
#4537=ORIENTED_EDGE('',*,*,#4524,.T.);
#4538=EDGE_LOOP('',(#4537));
#4539=FACE_BOUND('',#4538,.T.);
#4540=ADVANCED_FACE('',(#4536,#4539),#4533,.T.);
#4541=CARTESIAN_POINT('',(90.550794298,-139.190376589,-7.3));
#4542=DIRECTION('',(0.,0.,-1.));
#4543=DIRECTION('',(-1.,0.,0.));
#4544=AXIS2_PLACEMENT_3D('',#4541,#4542,#4543);
#4545=CYLINDRICAL_SURFACE('',#4544,2.6);
#4546=CARTESIAN_POINT('',(87.950794298,-139.190376589,-7.9));
#4547=VERTEX_POINT('',#4546);
#4548=CARTESIAN_POINT('',(87.950794298,-139.190376589,-8.3));
#4549=DIRECTION('',(-0.,-0.,1.));
#4550=VECTOR('',#4549,0.4);
#4551=LINE('',#4548,#4550);
#4552=EDGE_CURVE('',#116,#4547,#4551,.T.);
#4553=ORIENTED_EDGE('',*,*,#4552,.F.);
#4554=ORIENTED_EDGE('',*,*,#122,.T.);
#4555=ORIENTED_EDGE('',*,*,#4552,.T.);
#4556=CARTESIAN_POINT('',(90.550794298,-139.190376589,-7.9));
#4557=DIRECTION('',(0.,0.,-1.));
#4558=DIRECTION('',(-1.,0.,0.));
#4559=AXIS2_PLACEMENT_3D('',#4556,#4557,#4558);
#4560=CIRCLE('',#4559,2.6);
#4561=EDGE_CURVE('',#4547,#4547,#4560,.T.);
#4562=ORIENTED_EDGE('',*,*,#4561,.F.);
#4563=EDGE_LOOP('',(#4553,#4554,#4555,#4562));
#4564=FACE_BOUND('',#4563,.T.);
#4565=ADVANCED_FACE('',(#4564),#4545,.F.);
#4566=CARTESIAN_POINT('',(123.141840353,-153.021334752,-7.9));
#4567=DIRECTION('',(0.,0.,-1.));
#4568=DIRECTION('',(-1.,0.,0.));
#4569=AXIS2_PLACEMENT_3D('',#4566,#4567,#4568);
#4570=PLANE('',#4569);
#4571=ORIENTED_EDGE('',*,*,#2816,.F.);
#4572=EDGE_LOOP('',(#4571));
#4573=FACE_BOUND('',#4572,.T.);
#4574=ORIENTED_EDGE('',*,*,#4561,.T.);
#4575=EDGE_LOOP('',(#4574));
#4576=FACE_BOUND('',#4575,.T.);
#4577=ADVANCED_FACE('',(#4573,#4576),#4570,.T.);
#4578=CARTESIAN_POINT('',(197.734520245,-107.375376589,-7.6));
#4579=DIRECTION('',(0.,1.,0.));
#4580=DIRECTION('',(0.,0.,1.));
#4581=AXIS2_PLACEMENT_3D('',#4578,#4579,#4580);
#4582=PLANE('',#4581);
#4583=ORIENTED_EDGE('',*,*,#2180,.F.);
#4584=CARTESIAN_POINT('',(205.624520245,-107.375376589,-7.3));
#4585=VERTEX_POINT('',#4584);
#4586=CARTESIAN_POINT('',(205.624520245,-107.375376589,-6.8));
#4587=DIRECTION('',(0.,1.,0.));
#4588=DIRECTION('',(0.,-0.,1.));
#4589=AXIS2_PLACEMENT_3D('',#4586,#4587,#4588);
#4590=CIRCLE('',#4589,0.5);
#4591=EDGE_CURVE('',#2165,#4585,#4590,.T.);
#4592=ORIENTED_EDGE('',*,*,#4591,.T.);
#4593=CARTESIAN_POINT('',(197.784520245,-107.375376589,-7.3));
#4594=VERTEX_POINT('',#4593);
#4595=CARTESIAN_POINT('',(205.624520245,-107.375376589,-7.3));
#4596=DIRECTION('',(-1.,0.,0.));
#4597=VECTOR('',#4596,7.84);
#4598=LINE('',#4595,#4597);
#4599=EDGE_CURVE('',#4585,#4594,#4598,.T.);
#4600=ORIENTED_EDGE('',*,*,#4599,.T.);
#4601=CARTESIAN_POINT('',(197.784520245,-107.375376589,-6.8));
#4602=DIRECTION('',(0.,1.,0.));
#4603=DIRECTION('',(0.,-0.,1.));
#4604=AXIS2_PLACEMENT_3D('',#4601,#4602,#4603);
#4605=CIRCLE('',#4604,0.5);
#4606=EDGE_CURVE('',#4594,#2175,#4605,.T.);
#4607=ORIENTED_EDGE('',*,*,#4606,.T.);
#4608=EDGE_LOOP('',(#4583,#4592,#4600,#4607));
#4609=FACE_BOUND('',#4608,.T.);
#4610=ADVANCED_FACE('',(#4609),#4582,.T.);
#4611=CARTESIAN_POINT('',(-0.029205702,0.012123411,-7.3));
#4612=DIRECTION('',(0.,0.,1.));
#4613=DIRECTION('',(1.,0.,0.));
#4614=AXIS2_PLACEMENT_3D('',#4611,#4612,#4613);
#4615=PLANE('',#4614);
#4616=ORIENTED_EDGE('',*,*,#4599,.F.);
#4617=CARTESIAN_POINT('',(205.624520245,-107.375376589,-7.3));
#4618=DIRECTION('',(0.,1.,0.));
#4619=VECTOR('',#4618,7.855003981);
#4620=LINE('',#4617,#4619);
#4621=EDGE_CURVE('',#4585,#3334,#4620,.T.);
#4622=ORIENTED_EDGE('',*,*,#4621,.T.);
#4623=ORIENTED_EDGE('',*,*,#3341,.T.);
#4624=CARTESIAN_POINT('',(197.784520245,-99.520372608,-7.3));
#4625=DIRECTION('',(-0.,-1.,-0.));
#4626=VECTOR('',#4625,7.855003981);
#4627=LINE('',#4624,#4626);
#4628=EDGE_CURVE('',#3336,#4594,#4627,.T.);
#4629=ORIENTED_EDGE('',*,*,#4628,.T.);
#4630=EDGE_LOOP('',(#4616,#4622,#4623,#4629));
#4631=FACE_BOUND('',#4630,.T.);
#4632=ADVANCED_FACE('',(#4631),#4615,.T.);
#4633=CARTESIAN_POINT('',(197.784520245,-99.671054681,-6.8));
#4634=DIRECTION('',(0.,-1.,0.));
#4635=DIRECTION('',(0.,0.,-1.));
#4636=AXIS2_PLACEMENT_3D('',#4633,#4634,#4635);
#4637=CYLINDRICAL_SURFACE('',#4636,0.5);
#4638=ORIENTED_EDGE('',*,*,#4606,.F.);
#4639=ORIENTED_EDGE('',*,*,#4628,.F.);
#4640=ORIENTED_EDGE('',*,*,#3365,.F.);
#4641=ORIENTED_EDGE('',*,*,#2188,.F.);
#4642=EDGE_LOOP('',(#4638,#4639,#4640,#4641));
#4643=FACE_BOUND('',#4642,.T.);
#4644=ADVANCED_FACE('',(#4643),#4637,.F.);
#4645=CARTESIAN_POINT('',(205.624520245,0.012123411,-6.8));
#4646=DIRECTION('',(0.,1.,0.));
#4647=DIRECTION('',(0.,-0.,1.));
#4648=AXIS2_PLACEMENT_3D('',#4645,#4646,#4647);
#4649=CYLINDRICAL_SURFACE('',#4648,0.5);
#4650=ORIENTED_EDGE('',*,*,#4591,.F.);
#4651=ORIENTED_EDGE('',*,*,#2172,.T.);
#4652=ORIENTED_EDGE('',*,*,#3348,.F.);
#4653=ORIENTED_EDGE('',*,*,#4621,.F.);
#4654=EDGE_LOOP('',(#4650,#4651,#4652,#4653));
#4655=FACE_BOUND('',#4654,.T.);
#4656=ADVANCED_FACE('',(#4655),#4649,.F.);
#4657=CARTESIAN_POINT('',(198.688494588,-117.561625589,-7.3));
#4658=DIRECTION('',(0.,0.,-1.));
#4659=DIRECTION('',(-1.,0.,0.));
#4660=AXIS2_PLACEMENT_3D('',#4657,#4658,#4659);
#4661=CYLINDRICAL_SURFACE('',#4660,2.6);
#4662=CARTESIAN_POINT('',(196.088494588,-117.561625589,-7.9));
#4663=VERTEX_POINT('',#4662);
#4664=CARTESIAN_POINT('',(196.088494588,-117.561625589,-8.3));
#4665=DIRECTION('',(-0.,-0.,1.));
#4666=VECTOR('',#4665,0.4);
#4667=LINE('',#4664,#4666);
#4668=EDGE_CURVE('',#105,#4663,#4667,.T.);
#4669=ORIENTED_EDGE('',*,*,#4668,.F.);
#4670=ORIENTED_EDGE('',*,*,#111,.T.);
#4671=ORIENTED_EDGE('',*,*,#4668,.T.);
#4672=CARTESIAN_POINT('',(198.688494588,-117.561625589,-7.9));
#4673=DIRECTION('',(0.,0.,-1.));
#4674=DIRECTION('',(-1.,0.,0.));
#4675=AXIS2_PLACEMENT_3D('',#4672,#4673,#4674);
#4676=CIRCLE('',#4675,2.6);
#4677=EDGE_CURVE('',#4663,#4663,#4676,.T.);
#4678=ORIENTED_EDGE('',*,*,#4677,.F.);
#4679=EDGE_LOOP('',(#4669,#4670,#4671,#4678));
#4680=FACE_BOUND('',#4679,.T.);
#4681=ADVANCED_FACE('',(#4680),#4661,.F.);
#4682=CARTESIAN_POINT('',(123.141840353,-153.021334752,-7.9));
#4683=DIRECTION('',(0.,0.,-1.));
#4684=DIRECTION('',(-1.,0.,0.));
#4685=AXIS2_PLACEMENT_3D('',#4682,#4683,#4684);
#4686=PLANE('',#4685);
#4687=ORIENTED_EDGE('',*,*,#4677,.T.);
#4688=EDGE_LOOP('',(#4687));
#4689=FACE_BOUND('',#4688,.T.);
#4690=ADVANCED_FACE('',(#4689),#4686,.T.);
#4691=CARTESIAN_POINT('',(199.925560641,-174.630770385,-7.3));
#4692=DIRECTION('',(0.,0.,-1.));
#4693=DIRECTION('',(-1.,0.,0.));
#4694=AXIS2_PLACEMENT_3D('',#4691,#4692,#4693);
#4695=CYLINDRICAL_SURFACE('',#4694,2.6);
#4696=CARTESIAN_POINT('',(197.325560641,-174.630770385,-7.9));
#4697=VERTEX_POINT('',#4696);
#4698=CARTESIAN_POINT('',(197.325560641,-174.630770385,-8.3));
#4699=DIRECTION('',(-0.,-0.,1.));
#4700=VECTOR('',#4699,0.4);
#4701=LINE('',#4698,#4700);
#4702=EDGE_CURVE('',#94,#4697,#4701,.T.);
#4703=ORIENTED_EDGE('',*,*,#4702,.F.);
#4704=ORIENTED_EDGE('',*,*,#100,.T.);
#4705=ORIENTED_EDGE('',*,*,#4702,.T.);
#4706=CARTESIAN_POINT('',(199.925560641,-174.630770385,-7.9));
#4707=DIRECTION('',(0.,0.,-1.));
#4708=DIRECTION('',(-1.,0.,0.));
#4709=AXIS2_PLACEMENT_3D('',#4706,#4707,#4708);
#4710=CIRCLE('',#4709,2.6);
#4711=EDGE_CURVE('',#4697,#4697,#4710,.T.);
#4712=ORIENTED_EDGE('',*,*,#4711,.F.);
#4713=EDGE_LOOP('',(#4703,#4704,#4705,#4712));
#4714=FACE_BOUND('',#4713,.T.);
#4715=ADVANCED_FACE('',(#4714),#4695,.F.);
#4716=CARTESIAN_POINT('',(123.141840353,-153.021334752,-7.9));
#4717=DIRECTION('',(0.,0.,-1.));
#4718=DIRECTION('',(-1.,0.,0.));
#4719=AXIS2_PLACEMENT_3D('',#4716,#4717,#4718);
#4720=PLANE('',#4719);
#4721=ORIENTED_EDGE('',*,*,#4711,.T.);
#4722=EDGE_LOOP('',(#4721));
#4723=FACE_BOUND('',#4722,.T.);
#4724=ADVANCED_FACE('',(#4723),#4720,.T.);
#4725=CARTESIAN_POINT('',(80.958035298,-114.370376589,-7.3));
#4726=DIRECTION('',(0.,0.,-1.));
#4727=DIRECTION('',(-1.,0.,0.));
#4728=AXIS2_PLACEMENT_3D('',#4725,#4726,#4727);
#4729=CYLINDRICAL_SURFACE('',#4728,2.6);
#4730=CARTESIAN_POINT('',(78.358035298,-114.370376589,-7.9));
#4731=VERTEX_POINT('',#4730);
#4732=CARTESIAN_POINT('',(78.358035298,-114.370376589,-8.3));
#4733=DIRECTION('',(-0.,-0.,1.));
#4734=VECTOR('',#4733,0.4);
#4735=LINE('',#4732,#4734);
#4736=EDGE_CURVE('',#83,#4731,#4735,.T.);
#4737=ORIENTED_EDGE('',*,*,#4736,.F.);
#4738=ORIENTED_EDGE('',*,*,#89,.T.);
#4739=ORIENTED_EDGE('',*,*,#4736,.T.);
#4740=CARTESIAN_POINT('',(80.958035298,-114.370376589,-7.9));
#4741=DIRECTION('',(0.,0.,-1.));
#4742=DIRECTION('',(-1.,0.,0.));
#4743=AXIS2_PLACEMENT_3D('',#4740,#4741,#4742);
#4744=CIRCLE('',#4743,2.6);
#4745=EDGE_CURVE('',#4731,#4731,#4744,.T.);
#4746=ORIENTED_EDGE('',*,*,#4745,.F.);
#4747=EDGE_LOOP('',(#4737,#4738,#4739,#4746));
#4748=FACE_BOUND('',#4747,.T.);
#4749=ADVANCED_FACE('',(#4748),#4729,.F.);
#4750=CARTESIAN_POINT('',(123.141840353,-153.021334752,-7.9));
#4751=DIRECTION('',(0.,0.,-1.));
#4752=DIRECTION('',(-1.,0.,0.));
#4753=AXIS2_PLACEMENT_3D('',#4750,#4751,#4752);
#4754=PLANE('',#4753);
#4755=ORIENTED_EDGE('',*,*,#4745,.T.);
#4756=EDGE_LOOP('',(#4755));
#4757=FACE_BOUND('',#4756,.T.);
#4758=ADVANCED_FACE('',(#4757),#4754,.T.);
#4759=CARTESIAN_POINT('',(80.958035298,-147.520376589,-7.3));
#4760=DIRECTION('',(0.,0.,-1.));
#4761=DIRECTION('',(-1.,0.,0.));
#4762=AXIS2_PLACEMENT_3D('',#4759,#4760,#4761);
#4763=CYLINDRICAL_SURFACE('',#4762,2.6);
#4764=CARTESIAN_POINT('',(78.358035298,-147.520376589,-7.9));
#4765=VERTEX_POINT('',#4764);
#4766=CARTESIAN_POINT('',(78.358035298,-147.520376589,-8.3));
#4767=DIRECTION('',(-0.,-0.,1.));
#4768=VECTOR('',#4767,0.4);
#4769=LINE('',#4766,#4768);
#4770=EDGE_CURVE('',#72,#4765,#4769,.T.);
#4771=ORIENTED_EDGE('',*,*,#4770,.F.);
#4772=ORIENTED_EDGE('',*,*,#78,.T.);
#4773=ORIENTED_EDGE('',*,*,#4770,.T.);
#4774=CARTESIAN_POINT('',(80.958035298,-147.520376589,-7.9));
#4775=DIRECTION('',(0.,0.,-1.));
#4776=DIRECTION('',(-1.,0.,0.));
#4777=AXIS2_PLACEMENT_3D('',#4774,#4775,#4776);
#4778=CIRCLE('',#4777,2.6);
#4779=EDGE_CURVE('',#4765,#4765,#4778,.T.);
#4780=ORIENTED_EDGE('',*,*,#4779,.F.);
#4781=EDGE_LOOP('',(#4771,#4772,#4773,#4780));
#4782=FACE_BOUND('',#4781,.T.);
#4783=ADVANCED_FACE('',(#4782),#4763,.F.);
#4784=CARTESIAN_POINT('',(123.141840353,-153.021334752,-7.9));
#4785=DIRECTION('',(0.,0.,-1.));
#4786=DIRECTION('',(-1.,0.,0.));
#4787=AXIS2_PLACEMENT_3D('',#4784,#4785,#4786);
#4788=PLANE('',#4787);
#4789=ORIENTED_EDGE('',*,*,#4779,.T.);
#4790=EDGE_LOOP('',(#4789));
#4791=FACE_BOUND('',#4790,.T.);
#4792=ADVANCED_FACE('',(#4791),#4788,.T.);
#4793=CARTESIAN_POINT('',(135.921124448,-133.357137535,-7.3));
#4794=DIRECTION('',(0.775874221,0.630887624,0.));
#4795=DIRECTION('',(-0.630887624,0.775874221,0.));
#4796=AXIS2_PLACEMENT_3D('',#4793,#4794,#4795);
#4797=PLANE('',#4796);
#4798=ORIENTED_EDGE('',*,*,#783,.F.);
#4799=CARTESIAN_POINT('',(135.161158076,-132.422520506,-7.8));
#4800=VERTEX_POINT('',#4799);
#4801=CARTESIAN_POINT('',(135.161158076,-132.422520506,-7.8));
#4802=DIRECTION('',(0.,0.,-1.));
#4803=VECTOR('',#4802,0.5);
#4804=LINE('',#4801,#4803);
#4805=EDGE_CURVE('',#4800,#761,#4804,.T.);
#4806=ORIENTED_EDGE('',*,*,#4805,.F.);
#4807=CARTESIAN_POINT('',(136.68109082,-134.291754565,-7.8));
#4808=VERTEX_POINT('',#4807);
#4809=CARTESIAN_POINT('',(135.161158076,-132.422520506,-7.8));
#4810=DIRECTION('',(0.630887624,-0.775874221,0.));
#4811=VECTOR('',#4810,2.409197276);
#4812=LINE('',#4809,#4811);
#4813=EDGE_CURVE('',#4800,#4808,#4812,.T.);
#4814=ORIENTED_EDGE('',*,*,#4813,.T.);
#4815=CARTESIAN_POINT('',(136.68109082,-134.291754565,-7.8));
#4816=DIRECTION('',(0.,0.,-1.));
#4817=VECTOR('',#4816,0.5);
#4818=LINE('',#4815,#4817);
#4819=EDGE_CURVE('',#4808,#778,#4818,.T.);
#4820=ORIENTED_EDGE('',*,*,#4819,.T.);
#4821=EDGE_LOOP('',(#4798,#4806,#4814,#4820));
#4822=FACE_BOUND('',#4821,.T.);
#4823=ADVANCED_FACE('',(#4822),#4797,.T.);
#4824=CARTESIAN_POINT('',(135.161158076,-132.422520506,-7.8));
#4825=CARTESIAN_POINT('',(135.161158076,-132.422520506,-8.));
#4826=CARTESIAN_POINT('',(135.161158076,-132.422520506,-8.3));
#4827=CARTESIAN_POINT('',(134.919130869,-132.180493299,-7.8));
#4828=CARTESIAN_POINT('',(134.919130869,-132.180493299,-8.));
#4829=CARTESIAN_POINT('',(134.919130869,-132.180493299,-8.3));
#4830=CARTESIAN_POINT('',(134.909173851,-131.89260411,-7.8));
#4831=CARTESIAN_POINT('',(134.909173851,-131.89260411,-8.));
#4832=CARTESIAN_POINT('',(134.909173851,-131.89260411,-8.3));
#4833=CARTESIAN_POINT('',(135.045658076,-131.687520506,-7.8));
#4834=CARTESIAN_POINT('',(135.045658076,-131.687520506,-8.));
#4835=CARTESIAN_POINT('',(135.045658076,-131.687520506,-8.3));
#4836=B_SPLINE_SURFACE_WITH_KNOTS('',3,1,((#4824,#4825,#4826),(#4827,#4828,#4829),(#4830,#4831,#4832),(#4833,#4834,#4835)),.UNSPECIFIED.,.F.,.F.,.U.,(4,4),(2,1,2),(0.,1.),(1.,1.4,2.),.UNSPECIFIED.);
#4837=ORIENTED_EDGE('',*,*,#775,.T.);
#4838=CARTESIAN_POINT('',(135.045658076,-131.687520506,-7.8));
#4839=VERTEX_POINT('',#4838);
#4840=CARTESIAN_POINT('',(135.045658076,-131.687520506,-7.8));
#4841=DIRECTION('',(0.,0.,-1.));
#4842=VECTOR('',#4841,0.5);
#4843=LINE('',#4840,#4842);
#4844=EDGE_CURVE('',#4839,#763,#4843,.T.);
#4845=ORIENTED_EDGE('',*,*,#4844,.F.);
#4846=CARTESIAN_POINT('',(135.161158076,-132.422520506,-7.8));
#4847=CARTESIAN_POINT('',(135.113152682,-132.374515112,-7.8));
#4848=CARTESIAN_POINT('',(135.071429501,-132.322056001,-7.8));
#4849=CARTESIAN_POINT('',(135.037823751,-132.263842114,-7.8));
#4850=CARTESIAN_POINT('',(135.004218001,-132.205628227,-7.8));
#4851=CARTESIAN_POINT('',(134.97918049,-132.141465653,-7.8));
#4852=CARTESIAN_POINT('',(134.966733677,-132.075129325,-7.8));
#4853=CARTESIAN_POINT('',(134.954286865,-132.008792997,-7.8));
#4854=CARTESIAN_POINT('',(134.954394283,-131.940065565,-7.8));
#4855=CARTESIAN_POINT('',(134.967858198,-131.873828825,-7.8));
#4856=CARTESIAN_POINT('',(134.981322113,-131.807592085,-7.8));
#4857=CARTESIAN_POINT('',(135.007845459,-131.744338411,-7.8));
#4858=CARTESIAN_POINT('',(135.045658076,-131.687520506,-7.8));
#4859=B_SPLINE_CURVE_WITH_KNOTS('',3,(#4846,#4847,#4848,#4849,#4850,#4851,#4852,#4853,#4854,#4855,#4856,#4857,#4858),.UNSPECIFIED.,.F.,.F.,(4,3,3,3,4),(0.,0.000200778,0.000401557,0.000602335,0.000803114),.UNSPECIFIED.);
#4860=EDGE_CURVE('',#4800,#4839,#4859,.T.);
#4861=ORIENTED_EDGE('',*,*,#4860,.F.);
#4862=ORIENTED_EDGE('',*,*,#4805,.T.);
#4863=EDGE_LOOP('',(#4837,#4845,#4861,#4862));
#4864=FACE_BOUND('',#4863,.T.);
#4865=ADVANCED_FACE('',(#4864),#4836,.F.);
#4866=CARTESIAN_POINT('',(135.863374448,-130.679637535,-7.3));
#4867=DIRECTION('',(0.776561986,-0.630040857,0.));
#4868=DIRECTION('',(0.630040857,0.776561986,0.));
#4869=AXIS2_PLACEMENT_3D('',#4866,#4867,#4868);
#4870=PLANE('',#4869);
#4871=ORIENTED_EDGE('',*,*,#1106,.F.);
#4872=CARTESIAN_POINT('',(136.68109082,-129.671754565,-7.8));
#4873=VERTEX_POINT('',#4872);
#4874=CARTESIAN_POINT('',(136.68109082,-129.671754565,-7.8));
#4875=DIRECTION('',(0.,0.,-1.));
#4876=VECTOR('',#4875,0.5);
#4877=LINE('',#4874,#4876);
#4878=EDGE_CURVE('',#4873,#1095,#4877,.T.);
#4879=ORIENTED_EDGE('',*,*,#4878,.F.);
#4880=CARTESIAN_POINT('',(136.68109082,-129.671754565,-7.8));
#4881=DIRECTION('',(-0.630040857,-0.776561986,0.));
#4882=VECTOR('',#4881,2.595756651);
#4883=LINE('',#4880,#4882);
#4884=EDGE_CURVE('',#4873,#4839,#4883,.T.);
#4885=ORIENTED_EDGE('',*,*,#4884,.T.);
#4886=ORIENTED_EDGE('',*,*,#4844,.T.);
#4887=EDGE_LOOP('',(#4871,#4879,#4885,#4886));
#4888=FACE_BOUND('',#4887,.T.);
#4889=ADVANCED_FACE('',(#4888),#4870,.T.);
#4890=CARTESIAN_POINT('',(135.921124448,-128.737137535,-7.3));
#4891=DIRECTION('',(0.775874221,0.630887624,0.));
#4892=DIRECTION('',(-0.630887624,0.775874221,0.));
#4893=AXIS2_PLACEMENT_3D('',#4890,#4891,#4892);
#4894=PLANE('',#4893);
#4895=ORIENTED_EDGE('',*,*,#1100,.F.);
#4896=CARTESIAN_POINT('',(135.161158076,-127.802520506,-7.8));
#4897=VERTEX_POINT('',#4896);
#4898=CARTESIAN_POINT('',(135.161158076,-127.802520506,-7.8));
#4899=DIRECTION('',(0.,0.,-1.));
#4900=VECTOR('',#4899,0.5);
#4901=LINE('',#4898,#4900);
#4902=EDGE_CURVE('',#4897,#1083,#4901,.T.);
#4903=ORIENTED_EDGE('',*,*,#4902,.F.);
#4904=CARTESIAN_POINT('',(135.161158076,-127.802520506,-7.8));
#4905=DIRECTION('',(0.630887624,-0.775874221,0.));
#4906=VECTOR('',#4905,2.409197276);
#4907=LINE('',#4904,#4906);
#4908=EDGE_CURVE('',#4897,#4873,#4907,.T.);
#4909=ORIENTED_EDGE('',*,*,#4908,.T.);
#4910=ORIENTED_EDGE('',*,*,#4878,.T.);
#4911=EDGE_LOOP('',(#4895,#4903,#4909,#4910));
#4912=FACE_BOUND('',#4911,.T.);
#4913=ADVANCED_FACE('',(#4912),#4894,.T.);
#4914=CARTESIAN_POINT('',(135.035158071,-127.466520577,-7.8));
#4915=CARTESIAN_POINT('',(135.035158071,-127.466520577,-8.));
#4916=CARTESIAN_POINT('',(135.035158071,-127.466520577,-8.3));
#4917=CARTESIAN_POINT('',(135.028123095,-127.571520557,-7.8));
#4918=CARTESIAN_POINT('',(135.028123095,-127.571520557,-8.));
#4919=CARTESIAN_POINT('',(135.028123095,-127.571520557,-8.3));
#4920=CARTESIAN_POINT('',(135.070123096,-127.683524033,-7.8));
#4921=CARTESIAN_POINT('',(135.070123096,-127.683524033,-8.));
#4922=CARTESIAN_POINT('',(135.070123096,-127.683524033,-8.3));
#4923=CARTESIAN_POINT('',(135.161158076,-127.802520506,-7.8));
#4924=CARTESIAN_POINT('',(135.161158076,-127.802520506,-8.));
#4925=CARTESIAN_POINT('',(135.161158076,-127.802520506,-8.3));
#4926=B_SPLINE_SURFACE_WITH_KNOTS('',3,1,((#4914,#4915,#4916),(#4917,#4918,#4919),(#4920,#4921,#4922),(#4923,#4924,#4925)),.UNSPECIFIED.,.F.,.F.,.U.,(4,4),(2,1,2),(0.000000227,1.),(1.,1.4,2.),.UNSPECIFIED.);
#4927=ORIENTED_EDGE('',*,*,#1092,.F.);
#4928=CARTESIAN_POINT('',(135.035158076,-127.466520506,-7.8));
#4929=VERTEX_POINT('',#4928);
#4930=CARTESIAN_POINT('',(135.035158076,-127.466520506,-7.8));
#4931=DIRECTION('',(0.,0.,-1.));
#4932=VECTOR('',#4931,0.5);
#4933=LINE('',#4930,#4932);
#4934=EDGE_CURVE('',#4929,#1071,#4933,.T.);
#4935=ORIENTED_EDGE('',*,*,#4934,.F.);
#4936=CARTESIAN_POINT('',(135.035158076,-127.466520506,-7.8));
#4937=CARTESIAN_POINT('',(135.03106022,-127.527682523,-7.8));
#4938=CARTESIAN_POINT('',(135.044333017,-127.588898148,-7.8));
#4939=CARTESIAN_POINT('',(135.067748526,-127.645399509,-7.8));
#4940=CARTESIAN_POINT('',(135.091164036,-127.701900871,-7.8));
#4941=CARTESIAN_POINT('',(135.12399332,-127.753940554,-7.8));
#4942=CARTESIAN_POINT('',(135.161158076,-127.802520506,-7.8));
#4943=B_SPLINE_CURVE_WITH_KNOTS('',3,(#4936,#4937,#4938,#4939,#4940,#4941,#4942),.UNSPECIFIED.,.F.,.F.,(4,3,4),(0.000984917,0.001168414,0.001351911),.UNSPECIFIED.);
#4944=EDGE_CURVE('',#4929,#4897,#4943,.T.);
#4945=ORIENTED_EDGE('',*,*,#4944,.T.);
#4946=ORIENTED_EDGE('',*,*,#4902,.T.);
#4947=EDGE_LOOP('',(#4927,#4935,#4945,#4946));
#4948=FACE_BOUND('',#4947,.T.);
#4949=ADVANCED_FACE('',(#4948),#4926,.T.);
#4950=CARTESIAN_POINT('',(135.150658076,-127.214520506,-7.8));
#4951=CARTESIAN_POINT('',(135.150658076,-127.214520506,-8.));
#4952=CARTESIAN_POINT('',(135.150658076,-127.214520506,-8.3));
#4953=CARTESIAN_POINT('',(135.073693076,-127.277520506,-7.8));
#4954=CARTESIAN_POINT('',(135.073693076,-127.277520506,-8.));
#4955=CARTESIAN_POINT('',(135.073693076,-127.277520506,-8.3));
#4956=CARTESIAN_POINT('',(135.035158076,-127.361520506,-7.8));
#4957=CARTESIAN_POINT('',(135.035158076,-127.361520506,-8.));
#4958=CARTESIAN_POINT('',(135.035158076,-127.361520506,-8.3));
#4959=CARTESIAN_POINT('',(135.035158076,-127.466520506,-7.8));
#4960=CARTESIAN_POINT('',(135.035158076,-127.466520506,-8.));
#4961=CARTESIAN_POINT('',(135.035158076,-127.466520506,-8.3));
#4962=B_SPLINE_SURFACE_WITH_KNOTS('',3,1,((#4950,#4951,#4952),(#4953,#4954,#4955),(#4956,#4957,#4958),(#4959,#4960,#4961)),.UNSPECIFIED.,.F.,.F.,.U.,(4,4),(2,1,2),(0.,1.),(1.,1.4,2.),.UNSPECIFIED.);
#4963=ORIENTED_EDGE('',*,*,#1080,.F.);
#4964=CARTESIAN_POINT('',(135.150658076,-127.214520506,-7.8));
#4965=VERTEX_POINT('',#4964);
#4966=CARTESIAN_POINT('',(135.150658076,-127.214520506,-7.8));
#4967=DIRECTION('',(0.,0.,-1.));
#4968=VECTOR('',#4967,0.5);
#4969=LINE('',#4966,#4968);
#4970=EDGE_CURVE('',#4965,#1059,#4969,.T.);
#4971=ORIENTED_EDGE('',*,*,#4970,.F.);
#4972=CARTESIAN_POINT('',(135.150658075,-127.214520506,-7.8));
#4973=CARTESIAN_POINT('',(135.113450691,-127.244979928,-7.8));
#4974=CARTESIAN_POINT('',(135.082797791,-127.282986312,-7.8));
#4975=CARTESIAN_POINT('',(135.063099095,-127.326857961,-7.8));
#4976=CARTESIAN_POINT('',(135.0434004,-127.370729611,-7.8));
#4977=CARTESIAN_POINT('',(135.035158076,-127.418746894,-7.8));
#4978=CARTESIAN_POINT('',(135.035158076,-127.466520506,-7.8));
#4979=B_SPLINE_CURVE_WITH_KNOTS('',3,(#4972,#4973,#4974,#4975,#4976,#4977,#4978),.UNSPECIFIED.,.F.,.F.,(4,3,4),(0.000413045,0.000557301,0.000701556),.UNSPECIFIED.);
#4980=EDGE_CURVE('',#4965,#4929,#4979,.T.);
#4981=ORIENTED_EDGE('',*,*,#4980,.T.);
#4982=ORIENTED_EDGE('',*,*,#4934,.T.);
#4983=EDGE_LOOP('',(#4963,#4971,#4981,#4982));
#4984=FACE_BOUND('',#4983,.T.);
#4985=ADVANCED_FACE('',(#4984),#4962,.T.);
#4986=CARTESIAN_POINT('',(135.423658076,-127.120020506,-7.8));
#4987=CARTESIAN_POINT('',(135.423658076,-127.120020506,-8.));
#4988=CARTESIAN_POINT('',(135.423658076,-127.120020506,-8.3));
#4989=CARTESIAN_POINT('',(135.311623076,-127.120020506,-7.8));
#4990=CARTESIAN_POINT('',(135.311623076,-127.120020506,-8.));
#4991=CARTESIAN_POINT('',(135.311623076,-127.120020506,-8.3));
#4992=CARTESIAN_POINT('',(135.220693076,-127.151520506,-7.8));
#4993=CARTESIAN_POINT('',(135.220693076,-127.151520506,-8.));
#4994=CARTESIAN_POINT('',(135.220693076,-127.151520506,-8.3));
#4995=CARTESIAN_POINT('',(135.150658076,-127.214520506,-7.8));
#4996=CARTESIAN_POINT('',(135.150658076,-127.214520506,-8.));
#4997=CARTESIAN_POINT('',(135.150658076,-127.214520506,-8.3));
#4998=B_SPLINE_SURFACE_WITH_KNOTS('',3,1,((#4986,#4987,#4988),(#4989,#4990,#4991),(#4992,#4993,#4994),(#4995,#4996,#4997)),.UNSPECIFIED.,.F.,.F.,.U.,(4,4),(2,1,2),(0.,1.),(1.,1.4,2.),.UNSPECIFIED.);
#4999=ORIENTED_EDGE('',*,*,#1068,.F.);
#5000=CARTESIAN_POINT('',(135.423658076,-127.120020506,-7.8));
#5001=VERTEX_POINT('',#5000);
#5002=CARTESIAN_POINT('',(135.423658076,-127.120020506,-7.8));
#5003=DIRECTION('',(0.,0.,-1.));
#5004=VECTOR('',#5003,0.5);
#5005=LINE('',#5002,#5004);
#5006=EDGE_CURVE('',#5001,#1050,#5005,.T.);
#5007=ORIENTED_EDGE('',*,*,#5006,.F.);
#5008=CARTESIAN_POINT('',(135.423658076,-127.120020506,-7.8));
#5009=CARTESIAN_POINT('',(135.374277756,-127.120020506,-7.8));
#5010=CARTESIAN_POINT('',(135.324868218,-127.126139646,-7.8));
#5011=CARTESIAN_POINT('',(135.277909465,-127.141459867,-7.8));
#5012=CARTESIAN_POINT('',(135.230950713,-127.156780088,-7.8));
#5013=CARTESIAN_POINT('',(135.187296217,-127.181562658,-7.8));
#5014=CARTESIAN_POINT('',(135.150658076,-127.214520506,-7.8));
#5015=B_SPLINE_CURVE_WITH_KNOTS('',3,(#5008,#5009,#5010,#5011,#5012,#5013,#5014),.UNSPECIFIED.,.F.,.F.,(4,3,4),(0.00134442,0.001492561,0.001640702),.UNSPECIFIED.);
#5016=EDGE_CURVE('',#5001,#4965,#5015,.T.);
#5017=ORIENTED_EDGE('',*,*,#5016,.T.);
#5018=ORIENTED_EDGE('',*,*,#4970,.T.);
#5019=EDGE_LOOP('',(#4999,#5007,#5017,#5018));
#5020=FACE_BOUND('',#5019,.T.);
#5021=ADVANCED_FACE('',(#5020),#4998,.T.);
#5022=CARTESIAN_POINT('',(135.717657863,-127.1830204,-7.8));
#5023=CARTESIAN_POINT('',(135.717657863,-127.1830204,-8.));
#5024=CARTESIAN_POINT('',(135.717657863,-127.1830204,-8.3));
#5025=CARTESIAN_POINT('',(135.633657911,-127.141020471,-7.8));
#5026=CARTESIAN_POINT('',(135.633657911,-127.141020471,-8.));
#5027=CARTESIAN_POINT('',(135.633657911,-127.141020471,-8.3));
#5028=CARTESIAN_POINT('',(135.535692981,-127.120020506,-7.8));
#5029=CARTESIAN_POINT('',(135.535692981,-127.120020506,-8.));
#5030=CARTESIAN_POINT('',(135.535692981,-127.120020506,-8.3));
#5031=CARTESIAN_POINT('',(135.423658076,-127.120020506,-7.8));
#5032=CARTESIAN_POINT('',(135.423658076,-127.120020506,-8.));
#5033=CARTESIAN_POINT('',(135.423658076,-127.120020506,-8.3));
#5034=B_SPLINE_SURFACE_WITH_KNOTS('',3,1,((#5022,#5023,#5024),(#5025,#5026,#5027),(#5028,#5029,#5030),(#5031,#5032,#5033)),.UNSPECIFIED.,.F.,.F.,.U.,(4,4),(2,1,2),(0.000000843,1.),(1.,1.4,2.),.UNSPECIFIED.);
#5035=ORIENTED_EDGE('',*,*,#1056,.F.);
#5036=CARTESIAN_POINT('',(135.717658076,-127.183020506,-7.8));
#5037=VERTEX_POINT('',#5036);
#5038=CARTESIAN_POINT('',(135.717658076,-127.183020506,-7.8));
#5039=DIRECTION('',(0.,0.,-1.));
#5040=VECTOR('',#5039,0.5);
#5041=LINE('',#5038,#5040);
#5042=EDGE_CURVE('',#5037,#1041,#5041,.T.);
#5043=ORIENTED_EDGE('',*,*,#5042,.F.);
#5044=CARTESIAN_POINT('',(135.717658076,-127.183020506,-7.8));
#5045=CARTESIAN_POINT('',(135.62711761,-127.137750273,-7.8));
#5046=CARTESIAN_POINT('',(135.524848371,-127.120020506,-7.8));
#5047=CARTESIAN_POINT('',(135.423658076,-127.120020506,-7.8));
#5048=B_SPLINE_CURVE_WITH_KNOTS('',3,(#5044,#5045,#5046,#5047),.UNSPECIFIED.,.F.,.F.,(4,4),(0.001126978,0.00143066),.UNSPECIFIED.);
#5049=EDGE_CURVE('',#5037,#5001,#5048,.T.);
#5050=ORIENTED_EDGE('',*,*,#5049,.T.);
#5051=ORIENTED_EDGE('',*,*,#5006,.T.);
#5052=EDGE_LOOP('',(#5035,#5043,#5050,#5051));
#5053=FACE_BOUND('',#5052,.T.);
#5054=ADVANCED_FACE('',(#5053),#5034,.T.);
#5055=CARTESIAN_POINT('',(135.938158076,-127.382520506,-7.8));
#5056=CARTESIAN_POINT('',(135.938158076,-127.382520506,-8.));
#5057=CARTESIAN_POINT('',(135.938158076,-127.382520506,-8.3));
#5058=CARTESIAN_POINT('',(135.868123076,-127.291517006,-7.8));
#5059=CARTESIAN_POINT('',(135.868123076,-127.291517006,-8.));
#5060=CARTESIAN_POINT('',(135.868123076,-127.291517006,-8.3));
#5061=CARTESIAN_POINT('',(135.794623076,-127.225020506,-7.8));
#5062=CARTESIAN_POINT('',(135.794623076,-127.225020506,-8.));
#5063=CARTESIAN_POINT('',(135.794623076,-127.225020506,-8.3));
#5064=CARTESIAN_POINT('',(135.717658076,-127.183020506,-7.8));
#5065=CARTESIAN_POINT('',(135.717658076,-127.183020506,-8.));
#5066=CARTESIAN_POINT('',(135.717658076,-127.183020506,-8.3));
#5067=B_SPLINE_SURFACE_WITH_KNOTS('',3,1,((#5055,#5056,#5057),(#5058,#5059,#5060),(#5061,#5062,#5063),(#5064,#5065,#5066)),.UNSPECIFIED.,.F.,.F.,.U.,(4,4),(2,1,2),(0.,1.),(1.,1.4,2.),.UNSPECIFIED.);
#5068=ORIENTED_EDGE('',*,*,#1047,.F.);
#5069=CARTESIAN_POINT('',(135.938158076,-127.382520506,-7.8));
#5070=VERTEX_POINT('',#5069);
#5071=CARTESIAN_POINT('',(135.938158076,-127.382520506,-7.8));
#5072=DIRECTION('',(0.,0.,-1.));
#5073=VECTOR('',#5072,0.5);
#5074=LINE('',#5071,#5073);
#5075=EDGE_CURVE('',#5070,#1033,#5074,.T.);
#5076=ORIENTED_EDGE('',*,*,#5075,.F.);
#5077=CARTESIAN_POINT('',(135.938158076,-127.382520506,-7.8));
#5078=CARTESIAN_POINT('',(135.907678927,-127.342915891,-7.8));
#5079=CARTESIAN_POINT('',(135.874779574,-127.305516864,-7.8));
#5080=CARTESIAN_POINT('',(135.838208605,-127.271463865,-7.8));
#5081=CARTESIAN_POINT('',(135.801637637,-127.237410867,-7.8));
#5082=CARTESIAN_POINT('',(135.761512619,-127.206952044,-7.8));
#5083=CARTESIAN_POINT('',(135.717658076,-127.183020506,-7.8));
#5084=B_SPLINE_CURVE_WITH_KNOTS('',3,(#5077,#5078,#5079,#5080,#5081,#5082,#5083),.UNSPECIFIED.,.F.,.F.,(4,3,4),(0.001377992,0.001527917,0.001677842),.UNSPECIFIED.);
#5085=EDGE_CURVE('',#5070,#5037,#5084,.T.);
#5086=ORIENTED_EDGE('',*,*,#5085,.T.);
#5087=ORIENTED_EDGE('',*,*,#5042,.T.);
#5088=EDGE_LOOP('',(#5068,#5076,#5086,#5087));
#5089=FACE_BOUND('',#5088,.T.);
#5090=ADVANCED_FACE('',(#5089),#5067,.T.);
#5091=CARTESIAN_POINT('',(136.578658076,-128.194748767,-7.3));
#5092=DIRECTION('',(-0.78522721,-0.619207743,0.));
#5093=DIRECTION('',(0.619207743,-0.78522721,0.));
#5094=AXIS2_PLACEMENT_3D('',#5091,#5092,#5093);
#5095=PLANE('',#5094);
#5096=ORIENTED_EDGE('',*,*,#1038,.F.);
#5097=CARTESIAN_POINT('',(137.219158076,-129.006977028,-7.8));
#5098=VERTEX_POINT('',#5097);
#5099=CARTESIAN_POINT('',(137.219158076,-129.006977028,-7.8));
#5100=DIRECTION('',(0.,0.,-1.));
#5101=VECTOR('',#5100,0.5);
#5102=LINE('',#5099,#5101);
#5103=EDGE_CURVE('',#5098,#1025,#5102,.T.);
#5104=ORIENTED_EDGE('',*,*,#5103,.F.);
#5105=CARTESIAN_POINT('',(137.219158076,-129.006977028,-7.8));
#5106=DIRECTION('',(-0.619207743,0.78522721,0.));
#5107=VECTOR('',#5106,2.068772581);
#5108=LINE('',#5105,#5107);
#5109=EDGE_CURVE('',#5098,#5070,#5108,.T.);
#5110=ORIENTED_EDGE('',*,*,#5109,.T.);
#5111=ORIENTED_EDGE('',*,*,#5075,.T.);
#5112=EDGE_LOOP('',(#5096,#5104,#5110,#5111));
#5113=FACE_BOUND('',#5112,.T.);
#5114=ADVANCED_FACE('',(#5113),#5095,.T.);
#5115=CARTESIAN_POINT('',(137.859658076,-128.194748767,-7.3));
#5116=DIRECTION('',(0.78522721,-0.619207743,0.));
#5117=DIRECTION('',(0.619207743,0.78522721,0.));
#5118=AXIS2_PLACEMENT_3D('',#5115,#5116,#5117);
#5119=PLANE('',#5118);
#5120=ORIENTED_EDGE('',*,*,#1030,.F.);
#5121=CARTESIAN_POINT('',(138.500158076,-127.382520506,-7.8));
#5122=VERTEX_POINT('',#5121);
#5123=CARTESIAN_POINT('',(138.500158076,-127.382520506,-7.8));
#5124=DIRECTION('',(0.,0.,-1.));
#5125=VECTOR('',#5124,0.5);
#5126=LINE('',#5123,#5125);
#5127=EDGE_CURVE('',#5122,#1016,#5126,.T.);
#5128=ORIENTED_EDGE('',*,*,#5127,.F.);
#5129=CARTESIAN_POINT('',(138.500158076,-127.382520506,-7.8));
#5130=DIRECTION('',(-0.619207743,-0.78522721,0.));
#5131=VECTOR('',#5130,2.068772581);
#5132=LINE('',#5129,#5131);
#5133=EDGE_CURVE('',#5122,#5098,#5132,.T.);
#5134=ORIENTED_EDGE('',*,*,#5133,.T.);
#5135=ORIENTED_EDGE('',*,*,#5103,.T.);
#5136=EDGE_LOOP('',(#5120,#5128,#5134,#5135));
#5137=FACE_BOUND('',#5136,.T.);
#5138=ADVANCED_FACE('',(#5137),#5119,.T.);
#5139=CARTESIAN_POINT('',(138.731157758,-127.183020665,-7.8));
#5140=CARTESIAN_POINT('',(138.731157758,-127.183020665,-8.));
#5141=CARTESIAN_POINT('',(138.731157758,-127.183020665,-8.3));
#5142=CARTESIAN_POINT('',(138.647157882,-127.225020673,-7.8));
#5143=CARTESIAN_POINT('',(138.647157882,-127.225020673,-8.));
#5144=CARTESIAN_POINT('',(138.647157882,-127.225020673,-8.3));
#5145=CARTESIAN_POINT('',(138.570192987,-127.29151712,-7.8));
#5146=CARTESIAN_POINT('',(138.570192987,-127.29151712,-8.));
#5147=CARTESIAN_POINT('',(138.570192987,-127.29151712,-8.3));
#5148=CARTESIAN_POINT('',(138.500158076,-127.382520506,-7.8));
#5149=CARTESIAN_POINT('',(138.500158076,-127.382520506,-8.));
#5150=CARTESIAN_POINT('',(138.500158076,-127.382520506,-8.3));
#5151=B_SPLINE_SURFACE_WITH_KNOTS('',3,1,((#5139,#5140,#5141),(#5142,#5143,#5144),(#5145,#5146,#5147),(#5148,#5149,#5150)),.UNSPECIFIED.,.F.,.F.,.U.,(4,4),(2,1,2),(0.000001258,1.),(1.,1.4,2.),.UNSPECIFIED.);
#5152=ORIENTED_EDGE('',*,*,#1022,.F.);
#5153=CARTESIAN_POINT('',(138.731158076,-127.183020506,-7.8));
#5154=VERTEX_POINT('',#5153);
#5155=CARTESIAN_POINT('',(138.731158076,-127.183020506,-7.8));
#5156=DIRECTION('',(0.,0.,-1.));
#5157=VECTOR('',#5156,0.5);
#5158=LINE('',#5155,#5157);
#5159=EDGE_CURVE('',#5154,#1004,#5158,.T.);
#5160=ORIENTED_EDGE('',*,*,#5159,.F.);
#5161=CARTESIAN_POINT('',(138.731158076,-127.183020506,-7.8));
#5162=CARTESIAN_POINT('',(138.639253547,-127.22897277,-7.8));
#5163=CARTESIAN_POINT('',(138.562767409,-127.301165919,-7.8));
#5164=CARTESIAN_POINT('',(138.500158076,-127.382520506,-7.8));
#5165=B_SPLINE_CURVE_WITH_KNOTS('',3,(#5161,#5162,#5163,#5164),.UNSPECIFIED.,.F.,.F.,(4,4),(0.001126978,0.001435235),.UNSPECIFIED.);
#5166=EDGE_CURVE('',#5154,#5122,#5165,.T.);
#5167=ORIENTED_EDGE('',*,*,#5166,.T.);
#5168=ORIENTED_EDGE('',*,*,#5127,.T.);
#5169=EDGE_LOOP('',(#5152,#5160,#5167,#5168));
#5170=FACE_BOUND('',#5169,.T.);
#5171=ADVANCED_FACE('',(#5170),#5151,.T.);
#5172=CARTESIAN_POINT('',(139.025158076,-127.120020506,-7.8));
#5173=CARTESIAN_POINT('',(139.025158076,-127.120020506,-8.));
#5174=CARTESIAN_POINT('',(139.025158076,-127.120020506,-8.3));
#5175=CARTESIAN_POINT('',(138.906193076,-127.120020506,-7.8));
#5176=CARTESIAN_POINT('',(138.906193076,-127.120020506,-8.));
#5177=CARTESIAN_POINT('',(138.906193076,-127.120020506,-8.3));
#5178=CARTESIAN_POINT('',(138.808123076,-127.141020506,-7.8));
#5179=CARTESIAN_POINT('',(138.808123076,-127.141020506,-8.));
#5180=CARTESIAN_POINT('',(138.808123076,-127.141020506,-8.3));
#5181=CARTESIAN_POINT('',(138.731158076,-127.183020506,-7.8));
#5182=CARTESIAN_POINT('',(138.731158076,-127.183020506,-8.));
#5183=CARTESIAN_POINT('',(138.731158076,-127.183020506,-8.3));
#5184=B_SPLINE_SURFACE_WITH_KNOTS('',3,1,((#5172,#5173,#5174),(#5175,#5176,#5177),(#5178,#5179,#5180),(#5181,#5182,#5183)),.UNSPECIFIED.,.F.,.F.,.U.,(4,4),(2,1,2),(0.,1.),(1.,1.4,2.),.UNSPECIFIED.);
#5185=ORIENTED_EDGE('',*,*,#1013,.F.);
#5186=CARTESIAN_POINT('',(139.025158076,-127.120020506,-7.8));
#5187=VERTEX_POINT('',#5186);
#5188=CARTESIAN_POINT('',(139.025158076,-127.120020506,-7.8));
#5189=DIRECTION('',(0.,0.,-1.));
#5190=VECTOR('',#5189,0.5);
#5191=LINE('',#5188,#5190);
#5192=EDGE_CURVE('',#5187,#992,#5191,.T.);
#5193=ORIENTED_EDGE('',*,*,#5192,.F.);
#5194=CARTESIAN_POINT('',(139.025158076,-127.120020506,-7.8));
#5195=CARTESIAN_POINT('',(138.974483275,-127.120020506,-7.8));
#5196=CARTESIAN_POINT('',(138.923779044,-127.123738437,-7.8));
#5197=CARTESIAN_POINT('',(138.87404497,-127.133395143,-7.8));
#5198=CARTESIAN_POINT('',(138.824310896,-127.143051849,-7.8));
#5199=CARTESIAN_POINT('',(138.775577335,-127.158780801,-7.8));
#5200=CARTESIAN_POINT('',(138.731158076,-127.183020506,-7.8));
#5201=B_SPLINE_CURVE_WITH_KNOTS('',3,(#5194,#5195,#5196,#5197,#5198,#5199,#5200),.UNSPECIFIED.,.F.,.F.,(4,3,4),(0.00142758,0.001579604,0.001731629),.UNSPECIFIED.);
#5202=EDGE_CURVE('',#5187,#5154,#5201,.T.);
#5203=ORIENTED_EDGE('',*,*,#5202,.T.);
#5204=ORIENTED_EDGE('',*,*,#5159,.T.);
#5205=EDGE_LOOP('',(#5185,#5193,#5203,#5204));
#5206=FACE_BOUND('',#5205,.T.);
#5207=ADVANCED_FACE('',(#5206),#5184,.T.);
#5208=CARTESIAN_POINT('',(139.308658076,-127.214520506,-7.8));
#5209=CARTESIAN_POINT('',(139.308658076,-127.214520506,-8.));
#5210=CARTESIAN_POINT('',(139.308658076,-127.214520506,-8.3));
#5211=CARTESIAN_POINT('',(139.231693076,-127.151520506,-7.8));
#5212=CARTESIAN_POINT('',(139.231693076,-127.151520506,-8.));
#5213=CARTESIAN_POINT('',(139.231693076,-127.151520506,-8.3));
#5214=CARTESIAN_POINT('',(139.137193076,-127.120020506,-7.8));
#5215=CARTESIAN_POINT('',(139.137193076,-127.120020506,-8.));
#5216=CARTESIAN_POINT('',(139.137193076,-127.120020506,-8.3));
#5217=CARTESIAN_POINT('',(139.025158076,-127.120020506,-7.8));
#5218=CARTESIAN_POINT('',(139.025158076,-127.120020506,-8.));
#5219=CARTESIAN_POINT('',(139.025158076,-127.120020506,-8.3));
#5220=B_SPLINE_SURFACE_WITH_KNOTS('',3,1,((#5208,#5209,#5210),(#5211,#5212,#5213),(#5214,#5215,#5216),(#5217,#5218,#5219)),.UNSPECIFIED.,.F.,.F.,.U.,(4,4),(2,1,2),(0.,1.),(1.,1.4,2.),.UNSPECIFIED.);
#5221=ORIENTED_EDGE('',*,*,#1001,.F.);
#5222=CARTESIAN_POINT('',(139.308658076,-127.214520506,-7.8));
#5223=VERTEX_POINT('',#5222);
#5224=CARTESIAN_POINT('',(139.308658076,-127.214520506,-7.8));
#5225=DIRECTION('',(0.,0.,-1.));
#5226=VECTOR('',#5225,0.5);
#5227=LINE('',#5224,#5226);
#5228=EDGE_CURVE('',#5223,#980,#5227,.T.);
#5229=ORIENTED_EDGE('',*,*,#5228,.F.);
#5230=CARTESIAN_POINT('',(139.308658076,-127.214520506,-7.8));
#5231=CARTESIAN_POINT('',(139.269304444,-127.182307438,-7.8));
#5232=CARTESIAN_POINT('',(139.223988273,-127.157702499,-7.8));
#5233=CARTESIAN_POINT('',(139.175470451,-127.14214506,-7.8));
#5234=CARTESIAN_POINT('',(139.12695263,-127.12658762,-7.8));
#5235=CARTESIAN_POINT('',(139.076062057,-127.120020506,-7.8));
#5236=CARTESIAN_POINT('',(139.025158076,-127.120020506,-7.8));
#5237=B_SPLINE_CURVE_WITH_KNOTS('',3,(#5230,#5231,#5232,#5233,#5234,#5235,#5236),.UNSPECIFIED.,.F.,.F.,(4,3,4),(0.001193539,0.001346109,0.001498679),.UNSPECIFIED.);
#5238=EDGE_CURVE('',#5223,#5187,#5237,.T.);
#5239=ORIENTED_EDGE('',*,*,#5238,.T.);
#5240=ORIENTED_EDGE('',*,*,#5192,.T.);
#5241=EDGE_LOOP('',(#5221,#5229,#5239,#5240));
#5242=FACE_BOUND('',#5241,.T.);
#5243=ADVANCED_FACE('',(#5242),#5220,.T.);
#5244=CARTESIAN_POINT('',(139.424158076,-127.466520506,-7.8));
#5245=CARTESIAN_POINT('',(139.424158076,-127.466520506,-8.));
#5246=CARTESIAN_POINT('',(139.424158076,-127.466520506,-8.3));
#5247=CARTESIAN_POINT('',(139.417123076,-127.361520506,-7.8));
#5248=CARTESIAN_POINT('',(139.417123076,-127.361520506,-8.));
#5249=CARTESIAN_POINT('',(139.417123076,-127.361520506,-8.3));
#5250=CARTESIAN_POINT('',(139.378693076,-127.277520506,-7.8));
#5251=CARTESIAN_POINT('',(139.378693076,-127.277520506,-8.));
#5252=CARTESIAN_POINT('',(139.378693076,-127.277520506,-8.3));
#5253=CARTESIAN_POINT('',(139.308658076,-127.214520506,-7.8));
#5254=CARTESIAN_POINT('',(139.308658076,-127.214520506,-8.));
#5255=CARTESIAN_POINT('',(139.308658076,-127.214520506,-8.3));
#5256=B_SPLINE_SURFACE_WITH_KNOTS('',3,1,((#5244,#5245,#5246),(#5247,#5248,#5249),(#5250,#5251,#5252),(#5253,#5254,#5255)),.UNSPECIFIED.,.F.,.F.,.U.,(4,4),(2,1,2),(0.,1.),(1.,1.4,2.),.UNSPECIFIED.);
#5257=ORIENTED_EDGE('',*,*,#989,.F.);
#5258=CARTESIAN_POINT('',(139.424158076,-127.466520506,-7.8));
#5259=VERTEX_POINT('',#5258);
#5260=CARTESIAN_POINT('',(139.424158076,-127.466520506,-7.8));
#5261=DIRECTION('',(0.,0.,-1.));
#5262=VECTOR('',#5261,0.5);
#5263=LINE('',#5260,#5262);
#5264=EDGE_CURVE('',#5259,#968,#5263,.T.);
#5265=ORIENTED_EDGE('',*,*,#5264,.F.);
#5266=CARTESIAN_POINT('',(139.424158076,-127.466520506,-7.8));
#5267=CARTESIAN_POINT('',(139.420980752,-127.419097759,-7.8));
#5268=CARTESIAN_POINT('',(139.411058236,-127.372144414,-7.8));
#5269=CARTESIAN_POINT('',(139.391783844,-127.328655614,-7.8));
#5270=CARTESIAN_POINT('',(139.372509452,-127.285166814,-7.8));
#5271=CARTESIAN_POINT('',(139.343939358,-127.246257791,-7.8));
#5272=CARTESIAN_POINT('',(139.308658076,-127.214520506,-7.8));
#5273=B_SPLINE_CURVE_WITH_KNOTS('',3,(#5266,#5267,#5268,#5269,#5270,#5271,#5272),.UNSPECIFIED.,.F.,.F.,(4,3,4),(0.001262825,0.001405412,0.001547999),.UNSPECIFIED.);
#5274=EDGE_CURVE('',#5259,#5223,#5273,.T.);
#5275=ORIENTED_EDGE('',*,*,#5274,.T.);
#5276=ORIENTED_EDGE('',*,*,#5228,.T.);
#5277=EDGE_LOOP('',(#5257,#5265,#5275,#5276));
#5278=FACE_BOUND('',#5277,.T.);
#5279=ADVANCED_FACE('',(#5278),#5256,.T.);
#5280=CARTESIAN_POINT('',(139.287658076,-127.802520506,-7.8));
#5281=CARTESIAN_POINT('',(139.287658076,-127.802520506,-8.));
#5282=CARTESIAN_POINT('',(139.287658076,-127.802520506,-8.3));
#5283=CARTESIAN_POINT('',(139.385623055,-127.683524031,-7.8));
#5284=CARTESIAN_POINT('',(139.385623055,-127.683524031,-8.));
#5285=CARTESIAN_POINT('',(139.385623055,-127.683524031,-8.3));
#5286=CARTESIAN_POINT('',(139.431193056,-127.571520554,-7.8));
#5287=CARTESIAN_POINT('',(139.431193056,-127.571520554,-8.));
#5288=CARTESIAN_POINT('',(139.431193056,-127.571520554,-8.3));
#5289=CARTESIAN_POINT('',(139.42415808,-127.466520573,-7.8));
#5290=CARTESIAN_POINT('',(139.42415808,-127.466520573,-8.));
#5291=CARTESIAN_POINT('',(139.42415808,-127.466520573,-8.3));
#5292=B_SPLINE_SURFACE_WITH_KNOTS('',3,1,((#5280,#5281,#5282),(#5283,#5284,#5285),(#5286,#5287,#5288),(#5289,#5290,#5291)),.UNSPECIFIED.,.F.,.F.,.U.,(4,4),(2,1,2),(0.,0.999999786),(1.,1.4,2.),.UNSPECIFIED.);
#5293=ORIENTED_EDGE('',*,*,#977,.F.);
#5294=CARTESIAN_POINT('',(139.287658076,-127.802520506,-7.8));
#5295=VERTEX_POINT('',#5294);
#5296=CARTESIAN_POINT('',(139.287658076,-127.802520506,-7.8));
#5297=DIRECTION('',(0.,0.,-1.));
#5298=VECTOR('',#5297,0.5);
#5299=LINE('',#5296,#5298);
#5300=EDGE_CURVE('',#5295,#960,#5299,.T.);
#5301=ORIENTED_EDGE('',*,*,#5300,.F.);
#5302=CARTESIAN_POINT('',(139.287658076,-127.802520506,-7.8));
#5303=CARTESIAN_POINT('',(139.327032283,-127.754693293,-7.8));
#5304=CARTESIAN_POINT('',(139.362252884,-127.703205655,-7.8));
#5305=CARTESIAN_POINT('',(139.387766863,-127.646777794,-7.8));
#5306=CARTESIAN_POINT('',(139.413280843,-127.590349934,-7.8));
#5307=CARTESIAN_POINT('',(139.4283128,-127.528531315,-7.8));
#5308=CARTESIAN_POINT('',(139.424158076,-127.466520506,-7.8));
#5309=B_SPLINE_CURVE_WITH_KNOTS('',3,(#5302,#5303,#5304,#5305,#5306,#5307,#5308),.UNSPECIFIED.,.F.,.F.,(4,3,4),(0.000970388,0.001156238,0.001342087),.UNSPECIFIED.);
#5310=EDGE_CURVE('',#5295,#5259,#5309,.T.);
#5311=ORIENTED_EDGE('',*,*,#5310,.T.);
#5312=ORIENTED_EDGE('',*,*,#5264,.T.);
#5313=EDGE_LOOP('',(#5293,#5301,#5311,#5312));
#5314=FACE_BOUND('',#5313,.T.);
#5315=ADVANCED_FACE('',(#5314),#5292,.T.);
#5316=CARTESIAN_POINT('',(138.532522363,-128.734786817,-7.3));
#5317=DIRECTION('',(-0.777063878,0.629421742,0.));
#5318=DIRECTION('',(-0.629421742,-0.777063878,0.));
#5319=AXIS2_PLACEMENT_3D('',#5316,#5317,#5318);
#5320=PLANE('',#5319);
#5321=ORIENTED_EDGE('',*,*,#965,.F.);
#5322=CARTESIAN_POINT('',(137.777386651,-129.667053129,-7.8));
#5323=VERTEX_POINT('',#5322);
#5324=CARTESIAN_POINT('',(137.777386651,-129.667053129,-7.8));
#5325=DIRECTION('',(0.,0.,-1.));
#5326=VECTOR('',#5325,0.5);
#5327=LINE('',#5324,#5326);
#5328=EDGE_CURVE('',#5323,#952,#5327,.T.);
#5329=ORIENTED_EDGE('',*,*,#5328,.F.);
#5330=CARTESIAN_POINT('',(137.777386651,-129.667053129,-7.8));
#5331=DIRECTION('',(0.629421742,0.777063878,0.));
#5332=VECTOR('',#5331,2.399458622);
#5333=LINE('',#5330,#5332);
#5334=EDGE_CURVE('',#5323,#5295,#5333,.T.);
#5335=ORIENTED_EDGE('',*,*,#5334,.T.);
#5336=ORIENTED_EDGE('',*,*,#5300,.T.);
#5337=EDGE_LOOP('',(#5321,#5329,#5335,#5336));
#5338=FACE_BOUND('',#5337,.T.);
#5339=ADVANCED_FACE('',(#5338),#5320,.T.);
#5340=CARTESIAN_POINT('',(138.590272363,-130.677286817,-7.3));
#5341=DIRECTION('',(-0.779098019,-0.626902127,0.));
#5342=DIRECTION('',(0.626902127,-0.779098019,0.));
#5343=AXIS2_PLACEMENT_3D('',#5340,#5341,#5342);
#5344=PLANE('',#5343);
#5345=ORIENTED_EDGE('',*,*,#957,.F.);
#5346=CARTESIAN_POINT('',(139.403158076,-131.687520506,-7.8));
#5347=VERTEX_POINT('',#5346);
#5348=CARTESIAN_POINT('',(139.403158076,-131.687520506,-7.8));
#5349=DIRECTION('',(0.,0.,-1.));
#5350=VECTOR('',#5349,0.5);
#5351=LINE('',#5348,#5350);
#5352=EDGE_CURVE('',#5347,#934,#5351,.T.);
#5353=ORIENTED_EDGE('',*,*,#5352,.F.);
#5354=CARTESIAN_POINT('',(139.403158076,-131.687520506,-7.8));
#5355=DIRECTION('',(-0.626902127,0.779098019,0.));
#5356=VECTOR('',#5355,2.593341695);
#5357=LINE('',#5354,#5356);
#5358=EDGE_CURVE('',#5347,#5323,#5357,.T.);
#5359=ORIENTED_EDGE('',*,*,#5358,.T.);
#5360=ORIENTED_EDGE('',*,*,#5328,.T.);
#5361=EDGE_LOOP('',(#5345,#5353,#5359,#5360));
#5362=FACE_BOUND('',#5361,.T.);
#5363=ADVANCED_FACE('',(#5362),#5344,.T.);
#5364=CARTESIAN_POINT('',(139.287658076,-132.422520506,-7.8));
#5365=CARTESIAN_POINT('',(139.287658076,-132.422520506,-8.));
#5366=CARTESIAN_POINT('',(139.287658076,-132.422520506,-8.3));
#5367=CARTESIAN_POINT('',(139.545413707,-132.164764875,-7.8));
#5368=CARTESIAN_POINT('',(139.545413707,-132.164764875,-8.));
#5369=CARTESIAN_POINT('',(139.545413707,-132.164764875,-8.3));
#5370=CARTESIAN_POINT('',(139.583913707,-131.919764875,-7.8));
#5371=CARTESIAN_POINT('',(139.583913707,-131.919764875,-8.));
#5372=CARTESIAN_POINT('',(139.583913707,-131.919764875,-8.3));
#5373=CARTESIAN_POINT('',(139.403158076,-131.687520506,-7.8));
#5374=CARTESIAN_POINT('',(139.403158076,-131.687520506,-8.));
#5375=CARTESIAN_POINT('',(139.403158076,-131.687520506,-8.3));
#5376=B_SPLINE_SURFACE_WITH_KNOTS('',3,1,((#5364,#5365,#5366),(#5367,#5368,#5369),(#5370,#5371,#5372),(#5373,#5374,#5375)),.UNSPECIFIED.,.F.,.F.,.U.,(4,4),(2,1,2),(0.,1.),(1.,1.4,2.),.UNSPECIFIED.);
#5377=ORIENTED_EDGE('',*,*,#949,.F.);
#5378=CARTESIAN_POINT('',(139.287658076,-132.422520506,-7.8));
#5379=VERTEX_POINT('',#5378);
#5380=CARTESIAN_POINT('',(139.287658076,-132.422520506,-7.8));
#5381=DIRECTION('',(0.,0.,-1.));
#5382=VECTOR('',#5381,0.5);
#5383=LINE('',#5380,#5382);
#5384=EDGE_CURVE('',#5379,#926,#5383,.T.);
#5385=ORIENTED_EDGE('',*,*,#5384,.F.);
#5386=CARTESIAN_POINT('',(139.287658076,-132.422520506,-7.8));
#5387=CARTESIAN_POINT('',(139.336655032,-132.37352355,-7.8));
#5388=CARTESIAN_POINT('',(139.381813703,-132.321224927,-7.8));
#5389=CARTESIAN_POINT('',(139.419857178,-132.263613507,-7.8));
#5390=CARTESIAN_POINT('',(139.457900654,-132.206002087,-7.8));
#5391=CARTESIAN_POINT('',(139.488479019,-132.143181855,-7.8));
#5392=CARTESIAN_POINT('',(139.503968116,-132.075829283,-7.8));
#5393=CARTESIAN_POINT('',(139.519457212,-132.00847671,-7.8));
#5394=CARTESIAN_POINT('',(139.518177745,-131.936784875,-7.8));
#5395=CARTESIAN_POINT('',(139.499377338,-131.870171522,-7.8));
#5396=CARTESIAN_POINT('',(139.48057693,-131.803558168,-7.8));
#5397=CARTESIAN_POINT('',(139.445605313,-131.742058955,-7.8));
#5398=CARTESIAN_POINT('',(139.403158076,-131.687520506,-7.8));
#5399=B_SPLINE_CURVE_WITH_KNOTS('',3,(#5386,#5387,#5388,#5389,#5390,#5391,#5392,#5393,#5394,#5395,#5396,#5397,#5398),.UNSPECIFIED.,.F.,.F.,(4,3,3,3,4),(0.001182754,0.001390631,0.001598507,0.001806384,0.00201426),.UNSPECIFIED.);
#5400=EDGE_CURVE('',#5379,#5347,#5399,.T.);
#5401=ORIENTED_EDGE('',*,*,#5400,.T.);
#5402=ORIENTED_EDGE('',*,*,#5352,.T.);
#5403=EDGE_LOOP('',(#5377,#5385,#5401,#5402));
#5404=FACE_BOUND('',#5403,.T.);
#5405=ADVANCED_FACE('',(#5404),#5376,.T.);
#5406=CARTESIAN_POINT('',(138.532522363,-133.354786817,-7.3));
#5407=DIRECTION('',(-0.777063878,0.629421742,0.));
#5408=DIRECTION('',(-0.629421742,-0.777063878,0.));
#5409=AXIS2_PLACEMENT_3D('',#5406,#5407,#5408);
#5410=PLANE('',#5409);
#5411=ORIENTED_EDGE('',*,*,#931,.F.);
#5412=CARTESIAN_POINT('',(137.777386651,-134.287053129,-7.8));
#5413=VERTEX_POINT('',#5412);
#5414=CARTESIAN_POINT('',(137.777386651,-134.287053129,-7.8));
#5415=DIRECTION('',(0.,0.,-1.));
#5416=VECTOR('',#5415,0.5);
#5417=LINE('',#5414,#5416);
#5418=EDGE_CURVE('',#5413,#918,#5417,.T.);
#5419=ORIENTED_EDGE('',*,*,#5418,.F.);
#5420=CARTESIAN_POINT('',(137.777386651,-134.287053129,-7.8));
#5421=DIRECTION('',(0.629421742,0.777063878,0.));
#5422=VECTOR('',#5421,2.399458622);
#5423=LINE('',#5420,#5422);
#5424=EDGE_CURVE('',#5413,#5379,#5423,.T.);
#5425=ORIENTED_EDGE('',*,*,#5424,.T.);
#5426=ORIENTED_EDGE('',*,*,#5384,.T.);
#5427=EDGE_LOOP('',(#5411,#5419,#5425,#5426));
#5428=FACE_BOUND('',#5427,.T.);
#5429=ADVANCED_FACE('',(#5428),#5410,.T.);
#5430=CARTESIAN_POINT('',(138.590272363,-135.297286817,-7.3));
#5431=DIRECTION('',(-0.779098019,-0.626902127,0.));
#5432=DIRECTION('',(0.626902127,-0.779098019,0.));
#5433=AXIS2_PLACEMENT_3D('',#5430,#5431,#5432);
#5434=PLANE('',#5433);
#5435=ORIENTED_EDGE('',*,*,#923,.F.);
#5436=CARTESIAN_POINT('',(139.403158076,-136.307520506,-7.8));
#5437=VERTEX_POINT('',#5436);
#5438=CARTESIAN_POINT('',(139.403158076,-136.307520506,-7.8));
#5439=DIRECTION('',(0.,0.,-1.));
#5440=VECTOR('',#5439,0.5);
#5441=LINE('',#5438,#5440);
#5442=EDGE_CURVE('',#5437,#906,#5441,.T.);
#5443=ORIENTED_EDGE('',*,*,#5442,.F.);
#5444=CARTESIAN_POINT('',(139.403158076,-136.307520506,-7.8));
#5445=DIRECTION('',(-0.626902127,0.779098019,0.));
#5446=VECTOR('',#5445,2.593341695);
#5447=LINE('',#5444,#5446);
#5448=EDGE_CURVE('',#5437,#5413,#5447,.T.);
#5449=ORIENTED_EDGE('',*,*,#5448,.T.);
#5450=ORIENTED_EDGE('',*,*,#5418,.T.);
#5451=EDGE_LOOP('',(#5435,#5443,#5449,#5450));
#5452=FACE_BOUND('',#5451,.T.);
#5453=ADVANCED_FACE('',(#5452),#5434,.T.);
#5454=CARTESIAN_POINT('',(139.539658076,-136.643520372,-7.8));
#5455=CARTESIAN_POINT('',(139.539658076,-136.643520372,-8.));
#5456=CARTESIAN_POINT('',(139.539658076,-136.643520372,-8.3));
#5457=CARTESIAN_POINT('',(139.539658037,-136.538520411,-7.8));
#5458=CARTESIAN_POINT('',(139.539658037,-136.538520411,-8.));
#5459=CARTESIAN_POINT('',(139.539658037,-136.538520411,-8.3));
#5460=CARTESIAN_POINT('',(139.494193037,-136.426485455,-7.8));
#5461=CARTESIAN_POINT('',(139.494193037,-136.426485455,-8.));
#5462=CARTESIAN_POINT('',(139.494193037,-136.426485455,-8.3));
#5463=CARTESIAN_POINT('',(139.403158076,-136.307520506,-7.8));
#5464=CARTESIAN_POINT('',(139.403158076,-136.307520506,-8.));
#5465=CARTESIAN_POINT('',(139.403158076,-136.307520506,-8.3));
#5466=B_SPLINE_SURFACE_WITH_KNOTS('',3,1,((#5454,#5455,#5456),(#5457,#5458,#5459),(#5460,#5461,#5462),(#5463,#5464,#5465)),.UNSPECIFIED.,.F.,.F.,.U.,(4,4),(2,1,2),(0.000000424,1.),(1.,1.4,2.),.UNSPECIFIED.);
#5467=ORIENTED_EDGE('',*,*,#915,.F.);
#5468=CARTESIAN_POINT('',(139.539658076,-136.643520506,-7.8));
#5469=VERTEX_POINT('',#5468);
#5470=CARTESIAN_POINT('',(139.539658076,-136.643520506,-7.8));
#5471=DIRECTION('',(0.,0.,-1.));
#5472=VECTOR('',#5471,0.5);
#5473=LINE('',#5470,#5472);
#5474=EDGE_CURVE('',#5469,#894,#5473,.T.);
#5475=ORIENTED_EDGE('',*,*,#5474,.F.);
#5476=CARTESIAN_POINT('',(139.539658076,-136.643520506,-7.8));
#5477=CARTESIAN_POINT('',(139.539658076,-136.581883833,-7.8));
#5478=CARTESIAN_POINT('',(139.523684234,-136.521162366,-7.8));
#5479=CARTESIAN_POINT('',(139.498803233,-136.464856671,-7.8));
#5480=CARTESIAN_POINT('',(139.473922232,-136.408550975,-7.8));
#5481=CARTESIAN_POINT('',(139.440568294,-136.35640837,-7.8));
#5482=CARTESIAN_POINT('',(139.403158076,-136.307520506,-7.8));
#5483=B_SPLINE_CURVE_WITH_KNOTS('',3,(#5476,#5477,#5478,#5479,#5480,#5481,#5482),.UNSPECIFIED.,.F.,.F.,(4,3,4),(0.00126,0.00144491,0.00162982),.UNSPECIFIED.);
#5484=EDGE_CURVE('',#5469,#5437,#5483,.T.);
#5485=ORIENTED_EDGE('',*,*,#5484,.T.);
#5486=ORIENTED_EDGE('',*,*,#5442,.T.);
#5487=EDGE_LOOP('',(#5467,#5475,#5485,#5486));
#5488=FACE_BOUND('',#5487,.T.);
#5489=ADVANCED_FACE('',(#5488),#5466,.T.);
#5490=CARTESIAN_POINT('',(139.413658076,-136.895520506,-7.8));
#5491=CARTESIAN_POINT('',(139.413658076,-136.895520506,-8.));
#5492=CARTESIAN_POINT('',(139.413658076,-136.895520506,-8.3));
#5493=CARTESIAN_POINT('',(139.490623076,-136.832520506,-7.8));
#5494=CARTESIAN_POINT('',(139.490623076,-136.832520506,-8.));
#5495=CARTESIAN_POINT('',(139.490623076,-136.832520506,-8.3));
#5496=CARTESIAN_POINT('',(139.532623076,-136.748520506,-7.8));
#5497=CARTESIAN_POINT('',(139.532623076,-136.748520506,-8.));
#5498=CARTESIAN_POINT('',(139.532623076,-136.748520506,-8.3));
#5499=CARTESIAN_POINT('',(139.539658076,-136.643520506,-7.8));
#5500=CARTESIAN_POINT('',(139.539658076,-136.643520506,-8.));
#5501=CARTESIAN_POINT('',(139.539658076,-136.643520506,-8.3));
#5502=B_SPLINE_SURFACE_WITH_KNOTS('',3,1,((#5490,#5491,#5492),(#5493,#5494,#5495),(#5496,#5497,#5498),(#5499,#5500,#5501)),.UNSPECIFIED.,.F.,.F.,.U.,(4,4),(2,1,2),(0.,1.),(1.,1.4,2.),.UNSPECIFIED.);
#5503=ORIENTED_EDGE('',*,*,#903,.F.);
#5504=CARTESIAN_POINT('',(139.413658076,-136.895520506,-7.8));
#5505=VERTEX_POINT('',#5504);
#5506=CARTESIAN_POINT('',(139.413658076,-136.895520506,-7.8));
#5507=DIRECTION('',(0.,0.,-1.));
#5508=VECTOR('',#5507,0.5);
#5509=LINE('',#5506,#5508);
#5510=EDGE_CURVE('',#5505,#882,#5509,.T.);
#5511=ORIENTED_EDGE('',*,*,#5510,.F.);
#5512=CARTESIAN_POINT('',(139.413658076,-136.895520506,-7.8));
#5513=CARTESIAN_POINT('',(139.451118667,-136.864856993,-7.8));
#5514=CARTESIAN_POINT('',(139.482404155,-136.826934988,-7.8));
#5515=CARTESIAN_POINT('',(139.503847301,-136.783323331,-7.8));
#5516=CARTESIAN_POINT('',(139.525290447,-136.739711673,-7.8));
#5517=CARTESIAN_POINT('',(139.536416566,-136.691901242,-7.8));
#5518=CARTESIAN_POINT('',(139.539658076,-136.643520506,-7.8));
#5519=B_SPLINE_CURVE_WITH_KNOTS('',3,(#5512,#5513,#5514,#5515,#5516,#5517,#5518),.UNSPECIFIED.,.F.,.F.,(4,3,4),(0.001193539,0.00133877,0.001484),.UNSPECIFIED.);
#5520=EDGE_CURVE('',#5505,#5469,#5519,.T.);
#5521=ORIENTED_EDGE('',*,*,#5520,.T.);
#5522=ORIENTED_EDGE('',*,*,#5474,.T.);
#5523=EDGE_LOOP('',(#5503,#5511,#5521,#5522));
#5524=FACE_BOUND('',#5523,.T.);
#5525=ADVANCED_FACE('',(#5524),#5502,.T.);
#5526=CARTESIAN_POINT('',(139.140658076,-136.990020506,-7.8));
#5527=CARTESIAN_POINT('',(139.140658076,-136.990020506,-8.));
#5528=CARTESIAN_POINT('',(139.140658076,-136.990020506,-8.3));
#5529=CARTESIAN_POINT('',(139.245658076,-136.990020506,-7.8));
#5530=CARTESIAN_POINT('',(139.245658076,-136.990020506,-8.));
#5531=CARTESIAN_POINT('',(139.245658076,-136.990020506,-8.3));
#5532=CARTESIAN_POINT('',(139.336693076,-136.958520506,-7.8));
#5533=CARTESIAN_POINT('',(139.336693076,-136.958520506,-8.));
#5534=CARTESIAN_POINT('',(139.336693076,-136.958520506,-8.3));
#5535=CARTESIAN_POINT('',(139.413658076,-136.895520506,-7.8));
#5536=CARTESIAN_POINT('',(139.413658076,-136.895520506,-8.));
#5537=CARTESIAN_POINT('',(139.413658076,-136.895520506,-8.3));
#5538=B_SPLINE_SURFACE_WITH_KNOTS('',3,1,((#5526,#5527,#5528),(#5529,#5530,#5531),(#5532,#5533,#5534),(#5535,#5536,#5537)),.UNSPECIFIED.,.F.,.F.,.U.,(4,4),(2,1,2),(0.,1.),(1.,1.4,2.),.UNSPECIFIED.);
#5539=ORIENTED_EDGE('',*,*,#891,.F.);
#5540=CARTESIAN_POINT('',(139.140658076,-136.990020506,-7.8));
#5541=VERTEX_POINT('',#5540);
#5542=CARTESIAN_POINT('',(139.140658076,-136.990020506,-7.8));
#5543=DIRECTION('',(0.,0.,-1.));
#5544=VECTOR('',#5543,0.5);
#5545=LINE('',#5542,#5544);
#5546=EDGE_CURVE('',#5541,#873,#5545,.T.);
#5547=ORIENTED_EDGE('',*,*,#5546,.F.);
#5548=CARTESIAN_POINT('',(139.140658076,-136.990020506,-7.8));
#5549=CARTESIAN_POINT('',(139.18989409,-136.990020506,-7.8));
#5550=CARTESIAN_POINT('',(139.23901799,-136.98296118,-7.8));
#5551=CARTESIAN_POINT('',(139.285666867,-136.967083385,-7.8));
#5552=CARTESIAN_POINT('',(139.332315744,-136.951205589,-7.8));
#5553=CARTESIAN_POINT('',(139.375592192,-136.926679483,-7.8));
#5554=CARTESIAN_POINT('',(139.413658076,-136.895520506,-7.8));
#5555=B_SPLINE_CURVE_WITH_KNOTS('',3,(#5548,#5549,#5550,#5551,#5552,#5553,#5554),.UNSPECIFIED.,.F.,.F.,(4,3,4),(0.00126,0.001407708,0.001555416),.UNSPECIFIED.);
#5556=EDGE_CURVE('',#5541,#5505,#5555,.T.);
#5557=ORIENTED_EDGE('',*,*,#5556,.T.);
#5558=ORIENTED_EDGE('',*,*,#5510,.T.);
#5559=EDGE_LOOP('',(#5539,#5547,#5557,#5558));
#5560=FACE_BOUND('',#5559,.T.);
#5561=ADVANCED_FACE('',(#5560),#5538,.T.);
#5562=CARTESIAN_POINT('',(138.846658076,-136.927020506,-7.8));
#5563=CARTESIAN_POINT('',(138.846658076,-136.927020506,-8.));
#5564=CARTESIAN_POINT('',(138.846658076,-136.927020506,-8.3));
#5565=CARTESIAN_POINT('',(138.923623076,-136.969020506,-7.8));
#5566=CARTESIAN_POINT('',(138.923623076,-136.969020506,-8.));
#5567=CARTESIAN_POINT('',(138.923623076,-136.969020506,-8.3));
#5568=CARTESIAN_POINT('',(139.021693076,-136.990020506,-7.8));
#5569=CARTESIAN_POINT('',(139.021693076,-136.990020506,-8.));
#5570=CARTESIAN_POINT('',(139.021693076,-136.990020506,-8.3));
#5571=CARTESIAN_POINT('',(139.140658076,-136.990020506,-7.8));
#5572=CARTESIAN_POINT('',(139.140658076,-136.990020506,-8.));
#5573=CARTESIAN_POINT('',(139.140658076,-136.990020506,-8.3));
#5574=B_SPLINE_SURFACE_WITH_KNOTS('',3,1,((#5562,#5563,#5564),(#5565,#5566,#5567),(#5568,#5569,#5570),(#5571,#5572,#5573)),.UNSPECIFIED.,.F.,.F.,.U.,(4,4),(2,1,2),(0.,1.),(1.,1.4,2.),.UNSPECIFIED.);
#5575=ORIENTED_EDGE('',*,*,#879,.F.);
#5576=CARTESIAN_POINT('',(138.846658076,-136.927020506,-7.8));
#5577=VERTEX_POINT('',#5576);
#5578=CARTESIAN_POINT('',(138.846658076,-136.927020506,-7.8));
#5579=DIRECTION('',(0.,0.,-1.));
#5580=VECTOR('',#5579,0.5);
#5581=LINE('',#5578,#5580);
#5582=EDGE_CURVE('',#5577,#864,#5581,.T.);
#5583=ORIENTED_EDGE('',*,*,#5582,.F.);
#5584=CARTESIAN_POINT('',(138.846658076,-136.927020506,-7.8));
#5585=CARTESIAN_POINT('',(138.935837849,-136.97568614,-7.8));
#5586=CARTESIAN_POINT('',(139.039265245,-136.990020506,-7.8));
#5587=CARTESIAN_POINT('',(139.140658076,-136.990020506,-7.8));
#5588=B_SPLINE_CURVE_WITH_KNOTS('',3,(#5584,#5585,#5586,#5587),.UNSPECIFIED.,.F.,.F.,(4,4),(0.001052148,0.001356931),.UNSPECIFIED.);
#5589=EDGE_CURVE('',#5577,#5541,#5588,.T.);
#5590=ORIENTED_EDGE('',*,*,#5589,.T.);
#5591=ORIENTED_EDGE('',*,*,#5546,.T.);
#5592=EDGE_LOOP('',(#5575,#5583,#5590,#5591));
#5593=FACE_BOUND('',#5592,.T.);
#5594=ADVANCED_FACE('',(#5593),#5574,.T.);
#5595=CARTESIAN_POINT('',(138.615658076,-136.727520506,-7.8));
#5596=CARTESIAN_POINT('',(138.615658076,-136.727520506,-8.));
#5597=CARTESIAN_POINT('',(138.615658076,-136.727520506,-8.3));
#5598=CARTESIAN_POINT('',(138.685693076,-136.811520506,-7.8));
#5599=CARTESIAN_POINT('',(138.685693076,-136.811520506,-8.));
#5600=CARTESIAN_POINT('',(138.685693076,-136.811520506,-8.3));
#5601=CARTESIAN_POINT('',(138.762658076,-136.877985506,-7.8));
#5602=CARTESIAN_POINT('',(138.762658076,-136.877985506,-8.));
#5603=CARTESIAN_POINT('',(138.762658076,-136.877985506,-8.3));
#5604=CARTESIAN_POINT('',(138.846658076,-136.927020506,-7.8));
#5605=CARTESIAN_POINT('',(138.846658076,-136.927020506,-8.));
#5606=CARTESIAN_POINT('',(138.846658076,-136.927020506,-8.3));
#5607=B_SPLINE_SURFACE_WITH_KNOTS('',3,1,((#5595,#5596,#5597),(#5598,#5599,#5600),(#5601,#5602,#5603),(#5604,#5605,#5606)),.UNSPECIFIED.,.F.,.F.,.U.,(4,4),(2,1,2),(0.,1.),(1.,1.4,2.),.UNSPECIFIED.);
#5608=ORIENTED_EDGE('',*,*,#870,.F.);
#5609=CARTESIAN_POINT('',(138.615658076,-136.727520506,-7.8));
#5610=VERTEX_POINT('',#5609);
#5611=CARTESIAN_POINT('',(138.615658076,-136.727520506,-7.8));
#5612=DIRECTION('',(0.,0.,-1.));
#5613=VECTOR('',#5612,0.5);
#5614=LINE('',#5611,#5613);
#5615=EDGE_CURVE('',#5610,#856,#5614,.T.);
#5616=ORIENTED_EDGE('',*,*,#5615,.F.);
#5617=CARTESIAN_POINT('',(138.615658074,-136.727520507,-7.8));
#5618=CARTESIAN_POINT('',(138.681178462,-136.806096726,-7.8));
#5619=CARTESIAN_POINT('',(138.75833317,-136.875460842,-7.8));
#5620=CARTESIAN_POINT('',(138.846658076,-136.927020506,-7.8));
#5621=B_SPLINE_CURVE_WITH_KNOTS('',3,(#5617,#5618,#5619,#5620),.UNSPECIFIED.,.F.,.F.,(4,4),(0.001312391,0.001619319),.UNSPECIFIED.);
#5622=EDGE_CURVE('',#5610,#5577,#5621,.T.);
#5623=ORIENTED_EDGE('',*,*,#5622,.T.);
#5624=ORIENTED_EDGE('',*,*,#5582,.T.);
#5625=EDGE_LOOP('',(#5608,#5616,#5623,#5624));
#5626=FACE_BOUND('',#5625,.T.);
#5627=ADVANCED_FACE('',(#5626),#5607,.T.);
#5628=CARTESIAN_POINT('',(137.924733245,-135.848588918,-7.3));
#5629=DIRECTION('',(0.786172432,0.618007206,0.));
#5630=DIRECTION('',(-0.618007206,0.786172432,0.));
#5631=AXIS2_PLACEMENT_3D('',#5628,#5629,#5630);
#5632=PLANE('',#5631);
#5633=ORIENTED_EDGE('',*,*,#861,.F.);
#5634=CARTESIAN_POINT('',(137.233808413,-134.96965733,-7.8));
#5635=VERTEX_POINT('',#5634);
#5636=CARTESIAN_POINT('',(137.233808413,-134.96965733,-7.8));
#5637=DIRECTION('',(0.,0.,-1.));
#5638=VECTOR('',#5637,0.5);
#5639=LINE('',#5636,#5638);
#5640=EDGE_CURVE('',#5635,#848,#5639,.T.);
#5641=ORIENTED_EDGE('',*,*,#5640,.F.);
#5642=CARTESIAN_POINT('',(137.233808413,-134.96965733,-7.8));
#5643=DIRECTION('',(0.618007206,-0.786172432,0.));
#5644=VECTOR('',#5643,2.235976617);
#5645=LINE('',#5642,#5644);
#5646=EDGE_CURVE('',#5635,#5610,#5645,.T.);
#5647=ORIENTED_EDGE('',*,*,#5646,.T.);
#5648=ORIENTED_EDGE('',*,*,#5615,.T.);
#5649=EDGE_LOOP('',(#5633,#5641,#5647,#5648));
#5650=FACE_BOUND('',#5649,.T.);
#5651=ADVANCED_FACE('',(#5650),#5632,.T.);
#5652=CARTESIAN_POINT('',(136.533483245,-135.848588918,-7.3));
#5653=DIRECTION('',(-0.7820914,0.623163736,0.));
#5654=DIRECTION('',(-0.623163736,-0.7820914,0.));
#5655=AXIS2_PLACEMENT_3D('',#5652,#5653,#5654);
#5656=PLANE('',#5655);
#5657=ORIENTED_EDGE('',*,*,#853,.F.);
#5658=CARTESIAN_POINT('',(135.833158076,-136.727520506,-7.8));
#5659=VERTEX_POINT('',#5658);
#5660=CARTESIAN_POINT('',(135.833158076,-136.727520506,-7.8));
#5661=DIRECTION('',(0.,0.,-1.));
#5662=VECTOR('',#5661,0.5);
#5663=LINE('',#5660,#5662);
#5664=EDGE_CURVE('',#5659,#839,#5663,.T.);
#5665=ORIENTED_EDGE('',*,*,#5664,.F.);
#5666=CARTESIAN_POINT('',(135.833158076,-136.727520506,-7.8));
#5667=DIRECTION('',(0.623163736,0.7820914,0.));
#5668=VECTOR('',#5667,2.24764417);
#5669=LINE('',#5666,#5668);
#5670=EDGE_CURVE('',#5659,#5635,#5669,.T.);
#5671=ORIENTED_EDGE('',*,*,#5670,.T.);
#5672=ORIENTED_EDGE('',*,*,#5640,.T.);
#5673=EDGE_LOOP('',(#5657,#5665,#5671,#5672));
#5674=FACE_BOUND('',#5673,.T.);
#5675=ADVANCED_FACE('',(#5674),#5656,.T.);
#5676=CARTESIAN_POINT('',(135.612658076,-136.927020506,-7.8));
#5677=CARTESIAN_POINT('',(135.612658076,-136.927020506,-8.));
#5678=CARTESIAN_POINT('',(135.612658076,-136.927020506,-8.3));
#5679=CARTESIAN_POINT('',(135.689623076,-136.885020506,-7.8));
#5680=CARTESIAN_POINT('',(135.689623076,-136.885020506,-8.));
#5681=CARTESIAN_POINT('',(135.689623076,-136.885020506,-8.3));
#5682=CARTESIAN_POINT('',(135.763123076,-136.818555506,-7.8));
#5683=CARTESIAN_POINT('',(135.763123076,-136.818555506,-8.));
#5684=CARTESIAN_POINT('',(135.763123076,-136.818555506,-8.3));
#5685=CARTESIAN_POINT('',(135.833158076,-136.727520506,-7.8));
#5686=CARTESIAN_POINT('',(135.833158076,-136.727520506,-8.));
#5687=CARTESIAN_POINT('',(135.833158076,-136.727520506,-8.3));
#5688=B_SPLINE_SURFACE_WITH_KNOTS('',3,1,((#5676,#5677,#5678),(#5679,#5680,#5681),(#5682,#5683,#5684),(#5685,#5686,#5687)),.UNSPECIFIED.,.F.,.F.,.U.,(4,4),(2,1,2),(0.,1.),(1.,1.4,2.),.UNSPECIFIED.);
#5689=ORIENTED_EDGE('',*,*,#845,.F.);
#5690=CARTESIAN_POINT('',(135.612658076,-136.927020506,-7.8));
#5691=VERTEX_POINT('',#5690);
#5692=CARTESIAN_POINT('',(135.612658076,-136.927020506,-7.8));
#5693=DIRECTION('',(0.,0.,-1.));
#5694=VECTOR('',#5693,0.5);
#5695=LINE('',#5692,#5694);
#5696=EDGE_CURVE('',#5691,#830,#5695,.T.);
#5697=ORIENTED_EDGE('',*,*,#5696,.F.);
#5698=CARTESIAN_POINT('',(135.612658076,-136.927020506,-7.8));
#5699=CARTESIAN_POINT('',(135.700530871,-136.879068094,-7.8));
#5700=CARTESIAN_POINT('',(135.772219448,-136.806731586,-7.8));
#5701=CARTESIAN_POINT('',(135.833158076,-136.727520506,-7.8));
#5702=B_SPLINE_CURVE_WITH_KNOTS('',3,(#5698,#5699,#5700,#5701),.UNSPECIFIED.,.F.,.F.,(4,4),(0.001052148,0.001352464),.UNSPECIFIED.);
#5703=EDGE_CURVE('',#5691,#5659,#5702,.T.);
#5704=ORIENTED_EDGE('',*,*,#5703,.T.);
#5705=ORIENTED_EDGE('',*,*,#5664,.T.);
#5706=EDGE_LOOP('',(#5689,#5697,#5704,#5705));
#5707=FACE_BOUND('',#5706,.T.);
#5708=ADVANCED_FACE('',(#5707),#5688,.T.);
#5709=CARTESIAN_POINT('',(135.308158076,-136.990020506,-7.8));
#5710=CARTESIAN_POINT('',(135.308158076,-136.990020506,-8.));
#5711=CARTESIAN_POINT('',(135.308158076,-136.990020506,-8.3));
#5712=CARTESIAN_POINT('',(135.427123076,-136.990020506,-7.8));
#5713=CARTESIAN_POINT('',(135.427123076,-136.990020506,-8.));
#5714=CARTESIAN_POINT('',(135.427123076,-136.990020506,-8.3));
#5715=CARTESIAN_POINT('',(135.528658076,-136.969020506,-7.8));
#5716=CARTESIAN_POINT('',(135.528658076,-136.969020506,-8.));
#5717=CARTESIAN_POINT('',(135.528658076,-136.969020506,-8.3));
#5718=CARTESIAN_POINT('',(135.612658076,-136.927020506,-7.8));
#5719=CARTESIAN_POINT('',(135.612658076,-136.927020506,-8.));
#5720=CARTESIAN_POINT('',(135.612658076,-136.927020506,-8.3));
#5721=B_SPLINE_SURFACE_WITH_KNOTS('',3,1,((#5709,#5710,#5711),(#5712,#5713,#5714),(#5715,#5716,#5717),(#5718,#5719,#5720)),.UNSPECIFIED.,.F.,.F.,.U.,(4,4),(2,1,2),(0.,1.),(1.,1.4,2.),.UNSPECIFIED.);
#5722=ORIENTED_EDGE('',*,*,#836,.F.);
#5723=CARTESIAN_POINT('',(135.308158076,-136.990020506,-7.8));
#5724=VERTEX_POINT('',#5723);
#5725=CARTESIAN_POINT('',(135.308158076,-136.990020506,-7.8));
#5726=DIRECTION('',(0.,0.,-1.));
#5727=VECTOR('',#5726,0.5);
#5728=LINE('',#5725,#5727);
#5729=EDGE_CURVE('',#5724,#818,#5728,.T.);
#5730=ORIENTED_EDGE('',*,*,#5729,.F.);
#5731=CARTESIAN_POINT('',(135.308158076,-136.990020506,-7.8));
#5732=CARTESIAN_POINT('',(135.4128232,-136.990020506,-7.8));
#5733=CARTESIAN_POINT('',(135.519146485,-136.973776301,-7.8));
#5734=CARTESIAN_POINT('',(135.612658076,-136.927020506,-7.8));
#5735=B_SPLINE_CURVE_WITH_KNOTS('',3,(#5731,#5732,#5733,#5734),.UNSPECIFIED.,.F.,.F.,(4,4),(0.00142758,0.001741575),.UNSPECIFIED.);
#5736=EDGE_CURVE('',#5724,#5691,#5735,.T.);
#5737=ORIENTED_EDGE('',*,*,#5736,.T.);
#5738=ORIENTED_EDGE('',*,*,#5696,.T.);
#5739=EDGE_LOOP('',(#5722,#5730,#5737,#5738));
#5740=FACE_BOUND('',#5739,.T.);
#5741=ADVANCED_FACE('',(#5740),#5721,.T.);
#5742=CARTESIAN_POINT('',(135.035158076,-136.895520506,-7.8));
#5743=CARTESIAN_POINT('',(135.035158076,-136.895520506,-8.));
#5744=CARTESIAN_POINT('',(135.035158076,-136.895520506,-8.3));
#5745=CARTESIAN_POINT('',(135.105193076,-136.958520506,-7.8));
#5746=CARTESIAN_POINT('',(135.105193076,-136.958520506,-8.));
#5747=CARTESIAN_POINT('',(135.105193076,-136.958520506,-8.3));
#5748=CARTESIAN_POINT('',(135.196123076,-136.990020506,-7.8));
#5749=CARTESIAN_POINT('',(135.196123076,-136.990020506,-8.));
#5750=CARTESIAN_POINT('',(135.196123076,-136.990020506,-8.3));
#5751=CARTESIAN_POINT('',(135.308158076,-136.990020506,-7.8));
#5752=CARTESIAN_POINT('',(135.308158076,-136.990020506,-8.));
#5753=CARTESIAN_POINT('',(135.308158076,-136.990020506,-8.3));
#5754=B_SPLINE_SURFACE_WITH_KNOTS('',3,1,((#5742,#5743,#5744),(#5745,#5746,#5747),(#5748,#5749,#5750),(#5751,#5752,#5753)),.UNSPECIFIED.,.F.,.F.,.U.,(4,4),(2,1,2),(0.,1.),(1.,1.4,2.),.UNSPECIFIED.);
#5755=ORIENTED_EDGE('',*,*,#827,.F.);
#5756=CARTESIAN_POINT('',(135.035158076,-136.895520506,-7.8));
#5757=VERTEX_POINT('',#5756);
#5758=CARTESIAN_POINT('',(135.035158076,-136.895520506,-7.8));
#5759=DIRECTION('',(0.,0.,-1.));
#5760=VECTOR('',#5759,0.5);
#5761=LINE('',#5758,#5760);
#5762=EDGE_CURVE('',#5757,#806,#5761,.T.);
#5763=ORIENTED_EDGE('',*,*,#5762,.F.);
#5764=CARTESIAN_POINT('',(135.035158076,-136.895520506,-7.8));
#5765=CARTESIAN_POINT('',(135.071853443,-136.928529832,-7.8));
#5766=CARTESIAN_POINT('',(135.115509285,-136.95328726,-7.8));
#5767=CARTESIAN_POINT('',(135.162460427,-136.968597767,-7.8));
#5768=CARTESIAN_POINT('',(135.209411569,-136.983908274,-7.8));
#5769=CARTESIAN_POINT('',(135.258812207,-136.990020506,-7.8));
#5770=CARTESIAN_POINT('',(135.308158076,-136.990020506,-7.8));
#5771=B_SPLINE_CURVE_WITH_KNOTS('',3,(#5764,#5765,#5766,#5767,#5768,#5769,#5770),.UNSPECIFIED.,.F.,.F.,(4,3,4),(0.001130417,0.001278489,0.001426562),.UNSPECIFIED.);
#5772=EDGE_CURVE('',#5757,#5724,#5771,.T.);
#5773=ORIENTED_EDGE('',*,*,#5772,.T.);
#5774=ORIENTED_EDGE('',*,*,#5729,.T.);
#5775=EDGE_LOOP('',(#5755,#5763,#5773,#5774));
#5776=FACE_BOUND('',#5775,.T.);
#5777=ADVANCED_FACE('',(#5776),#5754,.T.);
#5778=CARTESIAN_POINT('',(134.909158076,-136.633020506,-7.8));
#5779=CARTESIAN_POINT('',(134.909158076,-136.633020506,-8.));
#5780=CARTESIAN_POINT('',(134.909158076,-136.633020506,-8.3));
#5781=CARTESIAN_POINT('',(134.916193076,-136.738020506,-7.8));
#5782=CARTESIAN_POINT('',(134.916193076,-136.738020506,-8.));
#5783=CARTESIAN_POINT('',(134.916193076,-136.738020506,-8.3));
#5784=CARTESIAN_POINT('',(134.958193076,-136.825485506,-7.8));
#5785=CARTESIAN_POINT('',(134.958193076,-136.825485506,-8.));
#5786=CARTESIAN_POINT('',(134.958193076,-136.825485506,-8.3));
#5787=CARTESIAN_POINT('',(135.035158076,-136.895520506,-7.8));
#5788=CARTESIAN_POINT('',(135.035158076,-136.895520506,-8.));
#5789=CARTESIAN_POINT('',(135.035158076,-136.895520506,-8.3));
#5790=B_SPLINE_SURFACE_WITH_KNOTS('',3,1,((#5778,#5779,#5780),(#5781,#5782,#5783),(#5784,#5785,#5786),(#5787,#5788,#5789)),.UNSPECIFIED.,.F.,.F.,.U.,(4,4),(2,1,2),(0.,1.),(1.,1.4,2.),.UNSPECIFIED.);
#5791=ORIENTED_EDGE('',*,*,#815,.F.);
#5792=CARTESIAN_POINT('',(134.909158076,-136.633020506,-7.8));
#5793=VERTEX_POINT('',#5792);
#5794=CARTESIAN_POINT('',(134.909158076,-136.633020506,-7.8));
#5795=DIRECTION('',(0.,0.,-1.));
#5796=VECTOR('',#5795,0.5);
#5797=LINE('',#5794,#5796);
#5798=EDGE_CURVE('',#5793,#794,#5797,.T.);
#5799=ORIENTED_EDGE('',*,*,#5798,.F.);
#5800=CARTESIAN_POINT('',(134.909158076,-136.633020506,-7.8));
#5801=CARTESIAN_POINT('',(134.912494705,-136.682820945,-7.8));
#5802=CARTESIAN_POINT('',(134.924162341,-136.731887348,-7.8));
#5803=CARTESIAN_POINT('',(134.945741705,-136.776980494,-7.8));
#5804=CARTESIAN_POINT('',(134.96732107,-136.822073641,-7.8));
#5805=CARTESIAN_POINT('',(134.998258777,-136.861943654,-7.8));
#5806=CARTESIAN_POINT('',(135.035158076,-136.895520506,-7.8));
#5807=B_SPLINE_CURVE_WITH_KNOTS('',3,(#5800,#5801,#5802,#5803,#5804,#5805,#5806),.UNSPECIFIED.,.F.,.F.,(4,3,4),(0.001262825,0.001412561,0.001562297),.UNSPECIFIED.);
#5808=EDGE_CURVE('',#5793,#5757,#5807,.T.);
#5809=ORIENTED_EDGE('',*,*,#5808,.T.);
#5810=ORIENTED_EDGE('',*,*,#5762,.T.);
#5811=EDGE_LOOP('',(#5791,#5799,#5809,#5810));
#5812=FACE_BOUND('',#5811,.T.);
#5813=ADVANCED_FACE('',(#5812),#5790,.T.);
#5814=CARTESIAN_POINT('',(135.045658076,-136.307520506,-7.8));
#5815=CARTESIAN_POINT('',(135.045658076,-136.307520506,-8.));
#5816=CARTESIAN_POINT('',(135.045658076,-136.307520506,-8.3));
#5817=CARTESIAN_POINT('',(134.947693076,-136.419555505,-7.8));
#5818=CARTESIAN_POINT('',(134.947693076,-136.419555505,-8.));
#5819=CARTESIAN_POINT('',(134.947693076,-136.419555505,-8.3));
#5820=CARTESIAN_POINT('',(134.902123076,-136.528020505,-7.8));
#5821=CARTESIAN_POINT('',(134.902123076,-136.528020505,-8.));
#5822=CARTESIAN_POINT('',(134.902123076,-136.528020505,-8.3));
#5823=CARTESIAN_POINT('',(134.909158075,-136.633020505,-7.8));
#5824=CARTESIAN_POINT('',(134.909158075,-136.633020505,-8.));
#5825=CARTESIAN_POINT('',(134.909158075,-136.633020505,-8.3));
#5826=B_SPLINE_SURFACE_WITH_KNOTS('',3,1,((#5814,#5815,#5816),(#5817,#5818,#5819),(#5820,#5821,#5822),(#5823,#5824,#5825)),.UNSPECIFIED.,.F.,.F.,.U.,(4,4),(2,1,2),(0.,0.999999996),(1.,1.4,2.),.UNSPECIFIED.);
#5827=ORIENTED_EDGE('',*,*,#803,.F.);
#5828=CARTESIAN_POINT('',(135.045658076,-136.307520506,-7.8));
#5829=VERTEX_POINT('',#5828);
#5830=CARTESIAN_POINT('',(135.045658076,-136.307520506,-7.8));
#5831=DIRECTION('',(0.,0.,-1.));
#5832=VECTOR('',#5831,0.5);
#5833=LINE('',#5830,#5832);
#5834=EDGE_CURVE('',#5829,#786,#5833,.T.);
#5835=ORIENTED_EDGE('',*,*,#5834,.F.);
#5836=CARTESIAN_POINT('',(135.045658076,-136.307520506,-7.8));
#5837=CARTESIAN_POINT('',(135.00585247,-136.353043101,-7.8));
#5838=CARTESIAN_POINT('',(134.970337201,-136.402564311,-7.8));
#5839=CARTESIAN_POINT('',(134.944881791,-136.457409433,-7.8));
#5840=CARTESIAN_POINT('',(134.919426381,-136.512254556,-7.8));
#5841=CARTESIAN_POINT('',(134.905126043,-136.572840914,-7.8));
#5842=CARTESIAN_POINT('',(134.909158076,-136.633020506,-7.8));
#5843=B_SPLINE_CURVE_WITH_KNOTS('',3,(#5836,#5837,#5838,#5839,#5840,#5841,#5842),.UNSPECIFIED.,.F.,.F.,(4,3,4),(0.000945558,0.001126972,0.001308386),.UNSPECIFIED.);
#5844=EDGE_CURVE('',#5829,#5793,#5843,.T.);
#5845=ORIENTED_EDGE('',*,*,#5844,.T.);
#5846=ORIENTED_EDGE('',*,*,#5798,.T.);
#5847=EDGE_LOOP('',(#5827,#5835,#5845,#5846));
#5848=FACE_BOUND('',#5847,.T.);
#5849=ADVANCED_FACE('',(#5848),#5826,.T.);
#5850=CARTESIAN_POINT('',(136.578658076,-132.814748767,-7.3));
#5851=DIRECTION('',(-0.78522721,-0.619207743,0.));
#5852=DIRECTION('',(0.619207743,-0.78522721,0.));
#5853=AXIS2_PLACEMENT_3D('',#5850,#5851,#5852);
#5854=PLANE('',#5853);
#5855=CARTESIAN_POINT('',(137.219158076,-133.626977028,-8.3));
#5856=VERTEX_POINT('',#5855);
#5857=CARTESIAN_POINT('',(135.938158076,-132.002520506,-8.3));
#5858=VERTEX_POINT('',#5857);
#5859=CARTESIAN_POINT('',(137.219158076,-133.626977028,-8.3));
#5860=DIRECTION('',(-0.619207743,0.78522721,0.));
#5861=VECTOR('',#5860,2.068772581);
#5862=LINE('',#5859,#5861);
#5863=EDGE_CURVE('',#5856,#5858,#5862,.T.);
#5864=ORIENTED_EDGE('',*,*,#5863,.F.);
#5865=CARTESIAN_POINT('',(137.219158076,-133.626977028,-7.8));
#5866=VERTEX_POINT('',#5865);
#5867=CARTESIAN_POINT('',(137.219158076,-133.626977028,-7.8));
#5868=DIRECTION('',(0.,0.,-1.));
#5869=VECTOR('',#5868,0.5);
#5870=LINE('',#5867,#5869);
#5871=EDGE_CURVE('',#5866,#5856,#5870,.T.);
#5872=ORIENTED_EDGE('',*,*,#5871,.F.);
#5873=CARTESIAN_POINT('',(135.938158076,-132.002520506,-7.8));
#5874=VERTEX_POINT('',#5873);
#5875=CARTESIAN_POINT('',(137.219158076,-133.626977028,-7.8));
#5876=DIRECTION('',(-0.619207743,0.78522721,0.));
#5877=VECTOR('',#5876,2.068772581);
#5878=LINE('',#5875,#5877);
#5879=EDGE_CURVE('',#5866,#5874,#5878,.T.);
#5880=ORIENTED_EDGE('',*,*,#5879,.T.);
#5881=CARTESIAN_POINT('',(135.938158076,-132.002520506,-7.8));
#5882=DIRECTION('',(0.,0.,-1.));
#5883=VECTOR('',#5882,0.5);
#5884=LINE('',#5881,#5883);
#5885=EDGE_CURVE('',#5874,#5858,#5884,.T.);
#5886=ORIENTED_EDGE('',*,*,#5885,.T.);
#5887=EDGE_LOOP('',(#5864,#5872,#5880,#5886));
#5888=FACE_BOUND('',#5887,.T.);
#5889=ADVANCED_FACE('',(#5888),#5854,.T.);
#5890=CARTESIAN_POINT('',(137.859658076,-132.814748767,-7.3));
#5891=DIRECTION('',(0.78522721,-0.619207743,0.));
#5892=DIRECTION('',(0.619207743,0.78522721,0.));
#5893=AXIS2_PLACEMENT_3D('',#5890,#5891,#5892);
#5894=PLANE('',#5893);
#5895=CARTESIAN_POINT('',(138.500158076,-132.002520506,-8.3));
#5896=VERTEX_POINT('',#5895);
#5897=CARTESIAN_POINT('',(138.500158076,-132.002520506,-8.3));
#5898=DIRECTION('',(-0.619207743,-0.78522721,0.));
#5899=VECTOR('',#5898,2.068772581);
#5900=LINE('',#5897,#5899);
#5901=EDGE_CURVE('',#5896,#5856,#5900,.T.);
#5902=ORIENTED_EDGE('',*,*,#5901,.F.);
#5903=CARTESIAN_POINT('',(138.500158076,-132.002520506,-7.8));
#5904=VERTEX_POINT('',#5903);
#5905=CARTESIAN_POINT('',(138.500158076,-132.002520506,-7.8));
#5906=DIRECTION('',(0.,0.,-1.));
#5907=VECTOR('',#5906,0.5);
#5908=LINE('',#5905,#5907);
#5909=EDGE_CURVE('',#5904,#5896,#5908,.T.);
#5910=ORIENTED_EDGE('',*,*,#5909,.F.);
#5911=CARTESIAN_POINT('',(138.500158076,-132.002520506,-7.8));
#5912=DIRECTION('',(-0.619207743,-0.78522721,0.));
#5913=VECTOR('',#5912,2.068772581);
#5914=LINE('',#5911,#5913);
#5915=EDGE_CURVE('',#5904,#5866,#5914,.T.);
#5916=ORIENTED_EDGE('',*,*,#5915,.T.);
#5917=ORIENTED_EDGE('',*,*,#5871,.T.);
#5918=EDGE_LOOP('',(#5902,#5910,#5916,#5917));
#5919=FACE_BOUND('',#5918,.T.);
#5920=ADVANCED_FACE('',(#5919),#5894,.T.);
#5921=CARTESIAN_POINT('',(138.516701817,-131.981637416,-7.8));
#5922=CARTESIAN_POINT('',(138.516701817,-131.981637416,-8.3));
#5923=CARTESIAN_POINT('',(138.511144894,-131.988448829,-7.8));
#5924=CARTESIAN_POINT('',(138.511144894,-131.988448829,-8.3));
#5925=CARTESIAN_POINT('',(138.50563033,-131.995409857,-7.8));
#5926=CARTESIAN_POINT('',(138.50563033,-131.995409857,-8.3));
#5927=CARTESIAN_POINT('',(138.500158076,-132.002520506,-7.8));
#5928=CARTESIAN_POINT('',(138.500158076,-132.002520506,-8.3));
#5929=B_SPLINE_SURFACE_WITH_KNOTS('',3,1,((#5921,#5922),(#5923,#5924),(#5925,#5926),(#5927,#5928)),.UNSPECIFIED.,.F.,.F.,.U.,(4,4),(2,2),(0.921864004,1.),(1.,2.),.UNSPECIFIED.);
#5930=CARTESIAN_POINT('',(138.516701834,-131.981637396,-8.3));
#5931=VERTEX_POINT('',#5930);
#5932=CARTESIAN_POINT('',(138.516701834,-131.981637396,-8.3));
#5933=CARTESIAN_POINT('',(138.511087733,-131.988518894,-8.3));
#5934=CARTESIAN_POINT('',(138.505574518,-131.995482379,-8.3));
#5935=CARTESIAN_POINT('',(138.500158076,-132.002520506,-8.3));
#5936=B_SPLINE_CURVE_WITH_KNOTS('',3,(#5932,#5933,#5934,#5935),.UNSPECIFIED.,.F.,.F.,(4,4),(0.000105487,0.00013213),.UNSPECIFIED.);
#5937=EDGE_CURVE('',#5931,#5896,#5936,.T.);
#5938=ORIENTED_EDGE('',*,*,#5937,.F.);
#5939=CARTESIAN_POINT('',(138.516701834,-131.981637396,-7.8));
#5940=VERTEX_POINT('',#5939);
#5941=CARTESIAN_POINT('',(138.516701834,-131.981637396,-7.8));
#5942=DIRECTION('',(0.,0.,-1.));
#5943=VECTOR('',#5942,0.5);
#5944=LINE('',#5941,#5943);
#5945=EDGE_CURVE('',#5940,#5931,#5944,.T.);
#5946=ORIENTED_EDGE('',*,*,#5945,.F.);
#5947=CARTESIAN_POINT('',(138.516701834,-131.981637396,-7.8));
#5948=CARTESIAN_POINT('',(138.511087743,-131.988518881,-7.8));
#5949=CARTESIAN_POINT('',(138.505574518,-131.995482381,-7.8));
#5950=CARTESIAN_POINT('',(138.500158076,-132.002520506,-7.8));
#5951=B_SPLINE_CURVE_WITH_KNOTS('',3,(#5947,#5948,#5949,#5950),.UNSPECIFIED.,.F.,.F.,(4,4),(0.000105487,0.00013213),.UNSPECIFIED.);
#5952=EDGE_CURVE('',#5940,#5904,#5951,.T.);
#5953=ORIENTED_EDGE('',*,*,#5952,.T.);
#5954=ORIENTED_EDGE('',*,*,#5909,.T.);
#5955=EDGE_LOOP('',(#5938,#5946,#5953,#5954));
#5956=FACE_BOUND('',#5955,.T.);
#5957=ADVANCED_FACE('',(#5956),#5929,.T.);
#5958=CARTESIAN_POINT('',(137.875255124,-131.165647363,-7.3));
#5959=DIRECTION('',(0.786172432,0.618007206,0.));
#5960=DIRECTION('',(-0.618007206,0.786172432,0.));
#5961=AXIS2_PLACEMENT_3D('',#5958,#5959,#5960);
#5962=PLANE('',#5961);
#5963=CARTESIAN_POINT('',(137.233808413,-130.34965733,-8.3));
#5964=VERTEX_POINT('',#5963);
#5965=CARTESIAN_POINT('',(137.233808413,-130.34965733,-8.3));
#5966=DIRECTION('',(0.618007206,-0.786172432,0.));
#5967=VECTOR('',#5966,2.075855116);
#5968=LINE('',#5965,#5967);
#5969=EDGE_CURVE('',#5964,#5931,#5968,.T.);
#5970=ORIENTED_EDGE('',*,*,#5969,.F.);
#5971=CARTESIAN_POINT('',(137.233808413,-130.34965733,-7.8));
#5972=VERTEX_POINT('',#5971);
#5973=CARTESIAN_POINT('',(137.233808413,-130.34965733,-7.8));
#5974=DIRECTION('',(0.,0.,-1.));
#5975=VECTOR('',#5974,0.5);
#5976=LINE('',#5973,#5975);
#5977=EDGE_CURVE('',#5972,#5964,#5976,.T.);
#5978=ORIENTED_EDGE('',*,*,#5977,.F.);
#5979=CARTESIAN_POINT('',(137.233808413,-130.34965733,-7.8));
#5980=DIRECTION('',(0.618007206,-0.786172432,0.));
#5981=VECTOR('',#5980,2.075855116);
#5982=LINE('',#5979,#5981);
#5983=EDGE_CURVE('',#5972,#5940,#5982,.T.);
#5984=ORIENTED_EDGE('',*,*,#5983,.T.);
#5985=ORIENTED_EDGE('',*,*,#5945,.T.);
#5986=EDGE_LOOP('',(#5970,#5978,#5984,#5985));
#5987=FACE_BOUND('',#5986,.T.);
#5988=ADVANCED_FACE('',(#5987),#5962,.T.);
#5989=CARTESIAN_POINT('',(136.580698776,-131.169331841,-7.3));
#5990=DIRECTION('',(-0.7820914,0.623163736,0.));
#5991=DIRECTION('',(-0.623163736,-0.7820914,0.));
#5992=AXIS2_PLACEMENT_3D('',#5989,#5990,#5991);
#5993=PLANE('',#5992);
#5994=CARTESIAN_POINT('',(135.927589139,-131.989006352,-8.3));
#5995=VERTEX_POINT('',#5994);
#5996=CARTESIAN_POINT('',(135.927589139,-131.989006352,-8.3));
#5997=DIRECTION('',(0.623163736,0.7820914,0.));
#5998=VECTOR('',#5997,2.096109255);
#5999=LINE('',#5996,#5998);
#6000=EDGE_CURVE('',#5995,#5964,#5999,.T.);
#6001=ORIENTED_EDGE('',*,*,#6000,.F.);
#6002=CARTESIAN_POINT('',(135.927589139,-131.989006352,-7.8));
#6003=VERTEX_POINT('',#6002);
#6004=CARTESIAN_POINT('',(135.927589139,-131.989006352,-7.8));
#6005=DIRECTION('',(0.,0.,-1.));
#6006=VECTOR('',#6005,0.5);
#6007=LINE('',#6004,#6006);
#6008=EDGE_CURVE('',#6003,#5995,#6007,.T.);
#6009=ORIENTED_EDGE('',*,*,#6008,.F.);
#6010=CARTESIAN_POINT('',(135.927589139,-131.989006352,-7.8));
#6011=DIRECTION('',(0.623163736,0.7820914,0.));
#6012=VECTOR('',#6011,2.096109255);
#6013=LINE('',#6010,#6012);
#6014=EDGE_CURVE('',#6003,#5972,#6013,.T.);
#6015=ORIENTED_EDGE('',*,*,#6014,.T.);
#6016=ORIENTED_EDGE('',*,*,#5977,.T.);
#6017=EDGE_LOOP('',(#6001,#6009,#6015,#6016));
#6018=FACE_BOUND('',#6017,.T.);
#6019=ADVANCED_FACE('',(#6018),#5993,.T.);
#6020=CARTESIAN_POINT('',(135.938158076,-132.002520506,-7.8));
#6021=CARTESIAN_POINT('',(135.938158076,-132.002520506,-8.3));
#6022=CARTESIAN_POINT('',(135.934643821,-131.997954083,-7.8));
#6023=CARTESIAN_POINT('',(135.934643821,-131.997954083,-8.3));
#6024=CARTESIAN_POINT('',(135.931120842,-131.993449365,-7.8));
#6025=CARTESIAN_POINT('',(135.931120842,-131.993449365,-8.3));
#6026=CARTESIAN_POINT('',(135.927589139,-131.989006352,-7.8));
#6027=CARTESIAN_POINT('',(135.927589139,-131.989006352,-8.3));
#6028=B_SPLINE_SURFACE_WITH_KNOTS('',3,1,((#6020,#6021),(#6022,#6023),(#6024,#6025),(#6026,#6027)),.UNSPECIFIED.,.F.,.F.,.U.,(4,4),(2,2),(0.,0.050178546),(1.,2.),.UNSPECIFIED.);
#6029=CARTESIAN_POINT('',(135.938158076,-132.002520506,-8.3));
#6030=CARTESIAN_POINT('',(135.934670248,-131.997988421,-8.3));
#6031=CARTESIAN_POINT('',(135.931147647,-131.993483155,-8.3));
#6032=CARTESIAN_POINT('',(135.927589139,-131.989006352,-8.3));
#6033=B_SPLINE_CURVE_WITH_KNOTS('',3,(#6029,#6030,#6031,#6032),.UNSPECIFIED.,.F.,.F.,(4,4),(0.000069146,0.000086302),.UNSPECIFIED.);
#6034=EDGE_CURVE('',#5858,#5995,#6033,.T.);
#6035=ORIENTED_EDGE('',*,*,#6034,.F.);
#6036=ORIENTED_EDGE('',*,*,#5885,.F.);
#6037=CARTESIAN_POINT('',(135.938158076,-132.002520506,-7.8));
#6038=CARTESIAN_POINT('',(135.934670247,-131.997988421,-7.8));
#6039=CARTESIAN_POINT('',(135.93114768,-131.993483128,-7.8));
#6040=CARTESIAN_POINT('',(135.927589139,-131.989006352,-7.8));
#6041=B_SPLINE_CURVE_WITH_KNOTS('',3,(#6037,#6038,#6039,#6040),.UNSPECIFIED.,.F.,.F.,(4,4),(0.000069146,0.000086302),.UNSPECIFIED.);
#6042=EDGE_CURVE('',#5874,#6003,#6041,.T.);
#6043=ORIENTED_EDGE('',*,*,#6042,.T.);
#6044=ORIENTED_EDGE('',*,*,#6008,.T.);
#6045=EDGE_LOOP('',(#6035,#6036,#6043,#6044));
#6046=FACE_BOUND('',#6045,.T.);
#6047=ADVANCED_FACE('',(#6046),#6028,.T.);
#6048=CARTESIAN_POINT('',(135.863374448,-135.299637535,-7.3));
#6049=DIRECTION('',(0.776561986,-0.630040857,0.));
#6050=DIRECTION('',(0.630040857,0.776561986,0.));
#6051=AXIS2_PLACEMENT_3D('',#6048,#6049,#6050);
#6052=PLANE('',#6051);
#6053=ORIENTED_EDGE('',*,*,#791,.F.);
#6054=ORIENTED_EDGE('',*,*,#4819,.F.);
#6055=CARTESIAN_POINT('',(136.68109082,-134.291754565,-7.8));
#6056=DIRECTION('',(-0.630040857,-0.776561986,0.));
#6057=VECTOR('',#6056,2.595756651);
#6058=LINE('',#6055,#6057);
#6059=EDGE_CURVE('',#4808,#5829,#6058,.T.);
#6060=ORIENTED_EDGE('',*,*,#6059,.T.);
#6061=ORIENTED_EDGE('',*,*,#5834,.T.);
#6062=EDGE_LOOP('',(#6053,#6054,#6060,#6061));
#6063=FACE_BOUND('',#6062,.T.);
#6064=ADVANCED_FACE('',(#6063),#6052,.T.);
#6065=CARTESIAN_POINT('',(296.141840353,-153.021334752,-7.8));
#6066=DIRECTION('',(0.,0.,-1.));
#6067=DIRECTION('',(-1.,0.,0.));
#6068=AXIS2_PLACEMENT_3D('',#6065,#6066,#6067);
#6069=PLANE('',#6068);
#6070=ORIENTED_EDGE('',*,*,#5879,.F.);
#6071=ORIENTED_EDGE('',*,*,#5915,.F.);
#6072=ORIENTED_EDGE('',*,*,#5952,.F.);
#6073=ORIENTED_EDGE('',*,*,#5983,.F.);
#6074=ORIENTED_EDGE('',*,*,#6014,.F.);
#6075=ORIENTED_EDGE('',*,*,#6042,.F.);
#6076=EDGE_LOOP('',(#6070,#6071,#6072,#6073,#6074,#6075));
#6077=FACE_BOUND('',#6076,.T.);
#6078=ORIENTED_EDGE('',*,*,#4813,.F.);
#6079=ORIENTED_EDGE('',*,*,#4860,.T.);
#6080=ORIENTED_EDGE('',*,*,#4884,.F.);
#6081=ORIENTED_EDGE('',*,*,#4908,.F.);
#6082=ORIENTED_EDGE('',*,*,#4944,.F.);
#6083=ORIENTED_EDGE('',*,*,#4980,.F.);
#6084=ORIENTED_EDGE('',*,*,#5016,.F.);
#6085=ORIENTED_EDGE('',*,*,#5049,.F.);
#6086=ORIENTED_EDGE('',*,*,#5085,.F.);
#6087=ORIENTED_EDGE('',*,*,#5109,.F.);
#6088=ORIENTED_EDGE('',*,*,#5133,.F.);
#6089=ORIENTED_EDGE('',*,*,#5166,.F.);
#6090=ORIENTED_EDGE('',*,*,#5202,.F.);
#6091=ORIENTED_EDGE('',*,*,#5238,.F.);
#6092=ORIENTED_EDGE('',*,*,#5274,.F.);
#6093=ORIENTED_EDGE('',*,*,#5310,.F.);
#6094=ORIENTED_EDGE('',*,*,#5334,.F.);
#6095=ORIENTED_EDGE('',*,*,#5358,.F.);
#6096=ORIENTED_EDGE('',*,*,#5400,.F.);
#6097=ORIENTED_EDGE('',*,*,#5424,.F.);
#6098=ORIENTED_EDGE('',*,*,#5448,.F.);
#6099=ORIENTED_EDGE('',*,*,#5484,.F.);
#6100=ORIENTED_EDGE('',*,*,#5520,.F.);
#6101=ORIENTED_EDGE('',*,*,#5556,.F.);
#6102=ORIENTED_EDGE('',*,*,#5589,.F.);
#6103=ORIENTED_EDGE('',*,*,#5622,.F.);
#6104=ORIENTED_EDGE('',*,*,#5646,.F.);
#6105=ORIENTED_EDGE('',*,*,#5670,.F.);
#6106=ORIENTED_EDGE('',*,*,#5703,.F.);
#6107=ORIENTED_EDGE('',*,*,#5736,.F.);
#6108=ORIENTED_EDGE('',*,*,#5772,.F.);
#6109=ORIENTED_EDGE('',*,*,#5808,.F.);
#6110=ORIENTED_EDGE('',*,*,#5844,.F.);
#6111=ORIENTED_EDGE('',*,*,#6059,.F.);
#6112=EDGE_LOOP('',(#6078,#6079,#6080,#6081,#6082,#6083,#6084,#6085,#6086,#6087,#6088,#6089,#6090,#6091,#6092,#6093,#6094,#6095,#6096,#6097,#6098,#6099,#6100,#6101,#6102,#6103,
#6104,#6105,#6106,#6107,#6108,#6109,#6110,#6111));
#6113=FACE_BOUND('',#6112,.T.);
#6114=ADVANCED_FACE('',(#6077,#6113),#6069,.T.);
#6115=CARTESIAN_POINT('',(123.141840353,-153.021334752,-8.3));
#6116=DIRECTION('',(0.,0.,-1.));
#6117=DIRECTION('',(-1.,0.,0.));
#6118=AXIS2_PLACEMENT_3D('',#6115,#6116,#6117);
#6119=PLANE('',#6118);
#6120=ORIENTED_EDGE('',*,*,#5901,.T.);
#6121=ORIENTED_EDGE('',*,*,#5863,.T.);
#6122=ORIENTED_EDGE('',*,*,#6034,.T.);
#6123=ORIENTED_EDGE('',*,*,#6000,.T.);
#6124=ORIENTED_EDGE('',*,*,#5969,.T.);
#6125=ORIENTED_EDGE('',*,*,#5937,.T.);
#6126=EDGE_LOOP('',(#6120,#6121,#6122,#6123,#6124,#6125));
#6127=FACE_BOUND('',#6126,.T.);
#6128=ADVANCED_FACE('',(#6127),#6119,.T.);
#6129=CARTESIAN_POINT('',(125.06225782,-127.883118553,-7.5867865));
#6130=DIRECTION('',(0.,0.,-1.));
#6131=DIRECTION('',(-1.,0.,0.));
#6132=AXIS2_PLACEMENT_3D('',#6129,#6130,#6131);
#6133=CYLINDRICAL_SURFACE('',#6132,0.351471993);
#6134=ORIENTED_EDGE('',*,*,#1131,.F.);
#6135=CARTESIAN_POINT('',(124.79767858,-128.114484901,-7.8));
#6136=VERTEX_POINT('',#6135);
#6137=CARTESIAN_POINT('',(124.79767858,-128.114484901,-7.8));
#6138=DIRECTION('',(0.,0.,-1.));
#6139=VECTOR('',#6138,0.5);
#6140=LINE('',#6137,#6139);
#6141=EDGE_CURVE('',#6136,#1113,#6140,.T.);
#6142=ORIENTED_EDGE('',*,*,#6141,.F.);
#6143=CARTESIAN_POINT('',(125.046301254,-128.23422815,-7.8));
#6144=VERTEX_POINT('',#6143);
#6145=CARTESIAN_POINT('',(125.06225782,-127.883118553,-7.8));
#6146=DIRECTION('',(-0.,-0.,1.));
#6147=DIRECTION('',(-1.,0.,0.));
#6148=AXIS2_PLACEMENT_3D('',#6145,#6146,#6147);
#6149=CIRCLE('',#6148,0.351471993);
#6150=EDGE_CURVE('',#6136,#6144,#6149,.T.);
#6151=ORIENTED_EDGE('',*,*,#6150,.T.);
#6152=CARTESIAN_POINT('',(125.046298299,-128.234228016,-7.8));
#6153=DIRECTION('',(0.,0.,-1.));
#6154=VECTOR('',#6153,0.5);
#6155=LINE('',#6152,#6154);
#6156=EDGE_CURVE('',#6144,#1125,#6155,.T.);
#6157=ORIENTED_EDGE('',*,*,#6156,.T.);
#6158=EDGE_LOOP('',(#6134,#6142,#6151,#6157));
#6159=FACE_BOUND('',#6158,.T.);
#6160=ADVANCED_FACE('',(#6159),#6133,.F.);
#6161=CARTESIAN_POINT('',(124.675333076,-127.870980506,-7.8));
#6162=CARTESIAN_POINT('',(124.675333076,-127.870980506,-8.));
#6163=CARTESIAN_POINT('',(124.675333076,-127.870980506,-8.3));
#6164=CARTESIAN_POINT('',(124.693288076,-127.960577006,-7.8));
#6165=CARTESIAN_POINT('',(124.693288076,-127.960577006,-8.));
#6166=CARTESIAN_POINT('',(124.693288076,-127.960577006,-8.3));
#6167=CARTESIAN_POINT('',(124.733608076,-128.041217006,-7.8));
#6168=CARTESIAN_POINT('',(124.733608076,-128.041217006,-8.));
#6169=CARTESIAN_POINT('',(124.733608076,-128.041217006,-8.3));
#6170=CARTESIAN_POINT('',(124.796293076,-128.112900506,-7.8));
#6171=CARTESIAN_POINT('',(124.796293076,-128.112900506,-8.));
#6172=CARTESIAN_POINT('',(124.796293076,-128.112900506,-8.3));
#6173=CARTESIAN_POINT('',(124.796754911,-128.113428638,-7.8));
#6174=CARTESIAN_POINT('',(124.796754911,-128.113428638,-8.));
#6175=CARTESIAN_POINT('',(124.796754911,-128.113428638,-8.3));
#6176=CARTESIAN_POINT('',(124.797216745,-128.11395677,-7.8));
#6177=CARTESIAN_POINT('',(124.797216745,-128.11395677,-8.));
#6178=CARTESIAN_POINT('',(124.797216745,-128.11395677,-8.3));
#6179=CARTESIAN_POINT('',(124.79767858,-128.114484901,-7.8));
#6180=CARTESIAN_POINT('',(124.79767858,-128.114484901,-8.));
#6181=CARTESIAN_POINT('',(124.79767858,-128.114484901,-8.3));
#6182=B_SPLINE_SURFACE_WITH_KNOTS('',3,1,((#6161,#6162,#6163),(#6164,#6165,#6166),(#6167,#6168,#6169),(#6170,#6171,#6172),(#6173,#6174,#6175),(#6176,#6177,#6178),(#6179,#6180,#6181)),.UNSPECIFIED.,.F.,.F.,.U.,(4,3,4),(2,1,2),(0.,1.,1.007367551),(1.,1.4,2.),.UNSPECIFIED.);
#6183=ORIENTED_EDGE('',*,*,#1122,.F.);
#6184=CARTESIAN_POINT('',(124.675333076,-127.870980506,-7.8));
#6185=VERTEX_POINT('',#6184);
#6186=CARTESIAN_POINT('',(124.675333076,-127.870980506,-7.8));
#6187=DIRECTION('',(0.,0.,-1.));
#6188=VECTOR('',#6187,0.5);
#6189=LINE('',#6186,#6188);
#6190=EDGE_CURVE('',#6185,#1111,#6189,.T.);
#6191=ORIENTED_EDGE('',*,*,#6190,.F.);
#6192=CARTESIAN_POINT('',(124.675333076,-127.870980506,-7.8));
#6193=CARTESIAN_POINT('',(124.684363459,-127.916042646,-7.8));
#6194=CARTESIAN_POINT('',(124.699372825,-127.959812873,-7.8));
#6195=CARTESIAN_POINT('',(124.720159426,-128.000884413,-7.8));
#6196=CARTESIAN_POINT('',(124.740946028,-128.041955952,-7.8));
#6197=CARTESIAN_POINT('',(124.767396977,-128.079856341,-7.8));
#6198=CARTESIAN_POINT('',(124.79767858,-128.114484901,-7.8));
#6199=B_SPLINE_CURVE_WITH_KNOTS('',3,(#6192,#6193,#6194,#6195,#6196,#6197,#6198),.UNSPECIFIED.,.F.,.F.,(4,3,4),(0.0011075,0.001245374,0.001383248),.UNSPECIFIED.);
#6200=EDGE_CURVE('',#6185,#6136,#6199,.T.);
#6201=ORIENTED_EDGE('',*,*,#6200,.T.);
#6202=ORIENTED_EDGE('',*,*,#6141,.T.);
#6203=EDGE_LOOP('',(#6183,#6191,#6201,#6202));
#6204=FACE_BOUND('',#6203,.T.);
#6205=ADVANCED_FACE('',(#6204),#6182,.T.);
#6206=CARTESIAN_POINT('',(124.675333076,-127.588740506,-7.8));
#6207=CARTESIAN_POINT('',(124.675333076,-127.588740506,-8.));
#6208=CARTESIAN_POINT('',(124.675333076,-127.588740506,-8.3));
#6209=CARTESIAN_POINT('',(124.648453076,-127.678337006,-7.8));
#6210=CARTESIAN_POINT('',(124.648453076,-127.678337006,-8.));
#6211=CARTESIAN_POINT('',(124.648453076,-127.678337006,-8.3));
#6212=CARTESIAN_POINT('',(124.648453076,-127.772417006,-7.8));
#6213=CARTESIAN_POINT('',(124.648453076,-127.772417006,-8.));
#6214=CARTESIAN_POINT('',(124.648453076,-127.772417006,-8.3));
#6215=CARTESIAN_POINT('',(124.675333076,-127.870980506,-7.8));
#6216=CARTESIAN_POINT('',(124.675333076,-127.870980506,-8.));
#6217=CARTESIAN_POINT('',(124.675333076,-127.870980506,-8.3));
#6218=B_SPLINE_SURFACE_WITH_KNOTS('',3,1,((#6206,#6207,#6208),(#6209,#6210,#6211),(#6212,#6213,#6214),(#6215,#6216,#6217)),.UNSPECIFIED.,.F.,.F.,.U.,(4,4),(2,1,2),(0.,1.),(1.,1.4,2.),.UNSPECIFIED.);
#6219=ORIENTED_EDGE('',*,*,#1449,.F.);
#6220=CARTESIAN_POINT('',(124.675333076,-127.588740506,-7.8));
#6221=VERTEX_POINT('',#6220);
#6222=CARTESIAN_POINT('',(124.675333076,-127.588740506,-7.8));
#6223=DIRECTION('',(0.,0.,-1.));
#6224=VECTOR('',#6223,0.5);
#6225=LINE('',#6222,#6224);
#6226=EDGE_CURVE('',#6221,#1433,#6225,.T.);
#6227=ORIENTED_EDGE('',*,*,#6226,.F.);
#6228=CARTESIAN_POINT('',(124.675333076,-127.588740506,-7.8));
#6229=CARTESIAN_POINT('',(124.66158418,-127.634568366,-7.8));
#6230=CARTESIAN_POINT('',(124.654847915,-127.68222192,-7.8));
#6231=CARTESIAN_POINT('',(124.655185432,-127.7299937,-7.8));
#6232=CARTESIAN_POINT('',(124.655522949,-127.777765479,-7.8));
#6233=CARTESIAN_POINT('',(124.662759122,-127.824874373,-7.8));
#6234=CARTESIAN_POINT('',(124.675333076,-127.870980506,-7.8));
#6235=B_SPLINE_CURVE_WITH_KNOTS('',3,(#6228,#6229,#6230,#6231,#6232,#6233,#6234),.UNSPECIFIED.,.F.,.F.,(4,3,4),(0.,0.000143074,0.000286149),.UNSPECIFIED.);
#6236=EDGE_CURVE('',#6221,#6185,#6235,.T.);
#6237=ORIENTED_EDGE('',*,*,#6236,.T.);
#6238=ORIENTED_EDGE('',*,*,#6190,.T.);
#6239=EDGE_LOOP('',(#6219,#6227,#6237,#6238));
#6240=FACE_BOUND('',#6239,.T.);
#6241=ADVANCED_FACE('',(#6240),#6218,.T.);
#6242=CARTESIAN_POINT('',(124.836613076,-127.373700506,-7.8));
#6243=CARTESIAN_POINT('',(124.836613076,-127.373700506,-8.));
#6244=CARTESIAN_POINT('',(124.836613076,-127.373700506,-8.3));
#6245=CARTESIAN_POINT('',(124.755973076,-127.427460506,-7.8));
#6246=CARTESIAN_POINT('',(124.755973076,-127.427460506,-8.));
#6247=CARTESIAN_POINT('',(124.755973076,-127.427460506,-8.3));
#6248=CARTESIAN_POINT('',(124.702213076,-127.499144006,-7.8));
#6249=CARTESIAN_POINT('',(124.702213076,-127.499144006,-8.));
#6250=CARTESIAN_POINT('',(124.702213076,-127.499144006,-8.3));
#6251=CARTESIAN_POINT('',(124.675333076,-127.588740506,-7.8));
#6252=CARTESIAN_POINT('',(124.675333076,-127.588740506,-8.));
#6253=CARTESIAN_POINT('',(124.675333076,-127.588740506,-8.3));
#6254=B_SPLINE_SURFACE_WITH_KNOTS('',3,1,((#6242,#6243,#6244),(#6245,#6246,#6247),(#6248,#6249,#6250),(#6251,#6252,#6253)),.UNSPECIFIED.,.F.,.F.,.U.,(4,4),(2,1,2),(0.,1.),(1.,1.4,2.),.UNSPECIFIED.);
#6255=ORIENTED_EDGE('',*,*,#1442,.F.);
#6256=CARTESIAN_POINT('',(124.836613076,-127.373700506,-7.8));
#6257=VERTEX_POINT('',#6256);
#6258=CARTESIAN_POINT('',(124.836613076,-127.373700506,-7.8));
#6259=DIRECTION('',(0.,0.,-1.));
#6260=VECTOR('',#6259,0.5);
#6261=LINE('',#6258,#6260);
#6262=EDGE_CURVE('',#6257,#1421,#6261,.T.);
#6263=ORIENTED_EDGE('',*,*,#6262,.F.);
#6264=CARTESIAN_POINT('',(124.836613076,-127.373700506,-7.8));
#6265=CARTESIAN_POINT('',(124.798480261,-127.399122383,-7.8));
#6266=CARTESIAN_POINT('',(124.76423695,-127.430146833,-7.8));
#6267=CARTESIAN_POINT('',(124.736588119,-127.46675212,-7.8));
#6268=CARTESIAN_POINT('',(124.708939289,-127.503357407,-7.8));
#6269=CARTESIAN_POINT('',(124.688493217,-127.54487508,-7.8));
#6270=CARTESIAN_POINT('',(124.675333076,-127.588740506,-7.8));
#6271=B_SPLINE_CURVE_WITH_KNOTS('',3,(#6264,#6265,#6266,#6267,#6268,#6269,#6270),.UNSPECIFIED.,.F.,.F.,(4,3,4),(0.001163007,0.001300496,0.001437986),.UNSPECIFIED.);
#6272=EDGE_CURVE('',#6257,#6221,#6271,.T.);
#6273=ORIENTED_EDGE('',*,*,#6272,.T.);
#6274=ORIENTED_EDGE('',*,*,#6226,.T.);
#6275=EDGE_LOOP('',(#6255,#6263,#6273,#6274));
#6276=FACE_BOUND('',#6275,.T.);
#6277=ADVANCED_FACE('',(#6276),#6254,.T.);
#6278=CARTESIAN_POINT('',(125.159173076,-127.306500506,-7.8));
#6279=CARTESIAN_POINT('',(125.159173076,-127.306500506,-8.));
#6280=CARTESIAN_POINT('',(125.159173076,-127.306500506,-8.3));
#6281=CARTESIAN_POINT('',(125.024773076,-127.288577006,-7.8));
#6282=CARTESIAN_POINT('',(125.024773076,-127.288577006,-8.));
#6283=CARTESIAN_POINT('',(125.024773076,-127.288577006,-8.3));
#6284=CARTESIAN_POINT('',(124.917253076,-127.310984006,-7.8));
#6285=CARTESIAN_POINT('',(124.917253076,-127.310984006,-8.));
#6286=CARTESIAN_POINT('',(124.917253076,-127.310984006,-8.3));
#6287=CARTESIAN_POINT('',(124.836613076,-127.373700506,-7.8));
#6288=CARTESIAN_POINT('',(124.836613076,-127.373700506,-8.));
#6289=CARTESIAN_POINT('',(124.836613076,-127.373700506,-8.3));
#6290=B_SPLINE_SURFACE_WITH_KNOTS('',3,1,((#6278,#6279,#6280),(#6281,#6282,#6283),(#6284,#6285,#6286),(#6287,#6288,#6289)),.UNSPECIFIED.,.F.,.F.,.U.,(4,4),(2,1,2),(0.,1.),(1.,1.4,2.),.UNSPECIFIED.);
#6291=ORIENTED_EDGE('',*,*,#1430,.F.);
#6292=CARTESIAN_POINT('',(125.159173076,-127.306500506,-7.8));
#6293=VERTEX_POINT('',#6292);
#6294=CARTESIAN_POINT('',(125.159173076,-127.306500506,-7.8));
#6295=DIRECTION('',(0.,0.,-1.));
#6296=VECTOR('',#6295,0.5);
#6297=LINE('',#6294,#6296);
#6298=EDGE_CURVE('',#6293,#1413,#6297,.T.);
#6299=ORIENTED_EDGE('',*,*,#6298,.F.);
#6300=CARTESIAN_POINT('',(125.159173076,-127.306500506,-7.8));
#6301=CARTESIAN_POINT('',(125.103134805,-127.299027277,-7.8));
#6302=CARTESIAN_POINT('',(125.04613637,-127.297644887,-7.8));
#6303=CARTESIAN_POINT('',(124.990482547,-127.307415233,-7.8));
#6304=CARTESIAN_POINT('',(124.934828723,-127.317185578,-7.8));
#6305=CARTESIAN_POINT('',(124.881180752,-127.339038692,-7.8));
#6306=CARTESIAN_POINT('',(124.836613076,-127.373700506,-7.8));
#6307=B_SPLINE_CURVE_WITH_KNOTS('',3,(#6300,#6301,#6302,#6303,#6304,#6305,#6306),.UNSPECIFIED.,.F.,.F.,(4,3,4),(0.000854373,0.001023976,0.001193579),.UNSPECIFIED.);
#6308=EDGE_CURVE('',#6293,#6257,#6307,.T.);
#6309=ORIENTED_EDGE('',*,*,#6308,.T.);
#6310=ORIENTED_EDGE('',*,*,#6262,.T.);
#6311=EDGE_LOOP('',(#6291,#6299,#6309,#6310));
#6312=FACE_BOUND('',#6311,.T.);
#6313=ADVANCED_FACE('',(#6312),#6290,.T.);
#6314=CARTESIAN_POINT('',(125.367493076,-127.319940506,-7.3));
#6315=DIRECTION('',(-0.064382278,-0.997925309,0.));
#6316=DIRECTION('',(0.997925309,-0.064382278,0.));
#6317=AXIS2_PLACEMENT_3D('',#6314,#6315,#6316);
#6318=PLANE('',#6317);
#6319=ORIENTED_EDGE('',*,*,#1418,.F.);
#6320=CARTESIAN_POINT('',(125.575813076,-127.333380506,-7.8));
#6321=VERTEX_POINT('',#6320);
#6322=CARTESIAN_POINT('',(125.575813076,-127.333380506,-7.8));
#6323=DIRECTION('',(0.,0.,-1.));
#6324=VECTOR('',#6323,0.5);
#6325=LINE('',#6322,#6324);
#6326=EDGE_CURVE('',#6321,#1395,#6325,.T.);
#6327=ORIENTED_EDGE('',*,*,#6326,.F.);
#6328=CARTESIAN_POINT('',(125.575813076,-127.333380506,-7.8));
#6329=DIRECTION('',(-0.997925309,0.064382278,0.));
#6330=VECTOR('',#6329,0.417506196);
#6331=LINE('',#6328,#6330);
#6332=EDGE_CURVE('',#6321,#6293,#6331,.T.);
#6333=ORIENTED_EDGE('',*,*,#6332,.T.);
#6334=ORIENTED_EDGE('',*,*,#6298,.T.);
#6335=EDGE_LOOP('',(#6319,#6327,#6333,#6334));
#6336=FACE_BOUND('',#6335,.T.);
#6337=ADVANCED_FACE('',(#6336),#6318,.T.);
#6338=CARTESIAN_POINT('',(127.457413076,-128.126340506,-7.8));
#6339=CARTESIAN_POINT('',(127.457413076,-128.126340506,-8.));
#6340=CARTESIAN_POINT('',(127.457413076,-128.126340506,-8.3));
#6341=CARTESIAN_POINT('',(127.027333076,-127.669380506,-7.8));
#6342=CARTESIAN_POINT('',(127.027333076,-127.669380506,-8.));
#6343=CARTESIAN_POINT('',(127.027333076,-127.669380506,-8.3));
#6344=CARTESIAN_POINT('',(126.400168076,-127.405064006,-7.8));
#6345=CARTESIAN_POINT('',(126.400168076,-127.405064006,-8.));
#6346=CARTESIAN_POINT('',(126.400168076,-127.405064006,-8.3));
#6347=CARTESIAN_POINT('',(125.575813076,-127.333380506,-7.8));
#6348=CARTESIAN_POINT('',(125.575813076,-127.333380506,-8.));
#6349=CARTESIAN_POINT('',(125.575813076,-127.333380506,-8.3));
#6350=B_SPLINE_SURFACE_WITH_KNOTS('',3,1,((#6338,#6339,#6340),(#6341,#6342,#6343),(#6344,#6345,#6346),(#6347,#6348,#6349)),.UNSPECIFIED.,.F.,.F.,.U.,(4,4),(2,1,2),(0.,1.),(1.,1.4,2.),.UNSPECIFIED.);
#6351=ORIENTED_EDGE('',*,*,#1410,.F.);
#6352=CARTESIAN_POINT('',(127.457413076,-128.126340506,-7.8));
#6353=VERTEX_POINT('',#6352);
#6354=CARTESIAN_POINT('',(127.457413076,-128.126340506,-7.8));
#6355=DIRECTION('',(0.,0.,-1.));
#6356=VECTOR('',#6355,0.5);
#6357=LINE('',#6354,#6356);
#6358=EDGE_CURVE('',#6353,#1374,#6357,.T.);
#6359=ORIENTED_EDGE('',*,*,#6358,.F.);
#6360=CARTESIAN_POINT('',(127.457413076,-128.126340506,-7.8));
#6361=CARTESIAN_POINT('',(127.337421004,-127.99884893,-7.8));
#6362=CARTESIAN_POINT('',(127.201167692,-127.886222909,-7.8));
#6363=CARTESIAN_POINT('',(127.055708494,-127.791639741,-7.8));
#6364=CARTESIAN_POINT('',(126.910249297,-127.697056573,-7.8));
#6365=CARTESIAN_POINT('',(126.75353433,-127.61875035,-7.8));
#6366=CARTESIAN_POINT('',(126.590772141,-127.555563245,-7.8));
#6367=CARTESIAN_POINT('',(126.265247765,-127.429189034,-7.8));
#6368=CARTESIAN_POINT('',(125.923745001,-127.363635649,-7.8));
#6369=CARTESIAN_POINT('',(125.575813076,-127.333380506,-7.8));
#6370=B_SPLINE_CURVE_WITH_KNOTS('',3,(#6360,#6361,#6362,#6363,#6364,#6365,#6366,#6367,#6368,#6369),.UNSPECIFIED.,.F.,.F.,(4,3,3,4),(0.003762473,0.004287706,0.004812939,0.005863405),.UNSPECIFIED.);
#6371=EDGE_CURVE('',#6353,#6321,#6370,.T.);
#6372=ORIENTED_EDGE('',*,*,#6371,.T.);
#6373=ORIENTED_EDGE('',*,*,#6326,.T.);
#6374=EDGE_LOOP('',(#6351,#6359,#6372,#6373));
#6375=FACE_BOUND('',#6374,.T.);
#6376=ADVANCED_FACE('',(#6375),#6350,.T.);
#6377=CARTESIAN_POINT('',(128.089093076,-130.102020506,-7.8));
#6378=CARTESIAN_POINT('',(128.089093076,-130.102020506,-8.));
#6379=CARTESIAN_POINT('',(128.089093076,-130.102020506,-8.3));
#6380=CARTESIAN_POINT('',(128.089093076,-129.232904006,-7.8));
#6381=CARTESIAN_POINT('',(128.089093076,-129.232904006,-8.));
#6382=CARTESIAN_POINT('',(128.089093076,-129.232904006,-8.3));
#6383=CARTESIAN_POINT('',(127.878568076,-128.574344006,-7.8));
#6384=CARTESIAN_POINT('',(127.878568076,-128.574344006,-8.));
#6385=CARTESIAN_POINT('',(127.878568076,-128.574344006,-8.3));
#6386=CARTESIAN_POINT('',(127.457413076,-128.126340506,-7.8));
#6387=CARTESIAN_POINT('',(127.457413076,-128.126340506,-8.));
#6388=CARTESIAN_POINT('',(127.457413076,-128.126340506,-8.3));
#6389=B_SPLINE_SURFACE_WITH_KNOTS('',3,1,((#6377,#6378,#6379),(#6380,#6381,#6382),(#6383,#6384,#6385),(#6386,#6387,#6388)),.UNSPECIFIED.,.F.,.F.,.U.,(4,4),(2,1,2),(0.,1.),(1.,1.4,2.),.UNSPECIFIED.);
#6390=ORIENTED_EDGE('',*,*,#1392,.F.);
#6391=CARTESIAN_POINT('',(128.089093076,-130.102020506,-7.8));
#6392=VERTEX_POINT('',#6391);
#6393=CARTESIAN_POINT('',(128.089093076,-130.102020506,-7.8));
#6394=DIRECTION('',(0.,0.,-1.));
#6395=VECTOR('',#6394,0.5);
#6396=LINE('',#6393,#6395);
#6397=EDGE_CURVE('',#6392,#1366,#6396,.T.);
#6398=ORIENTED_EDGE('',*,*,#6397,.F.);
#6399=CARTESIAN_POINT('',(128.089093076,-130.102020506,-7.8));
#6400=CARTESIAN_POINT('',(128.089093076,-129.924361686,-7.8));
#6401=CARTESIAN_POINT('',(128.080336056,-129.746737643,-7.8));
#6402=CARTESIAN_POINT('',(128.059987722,-129.571416066,-7.8));
#6403=CARTESIAN_POINT('',(128.039639388,-129.396094489,-7.8));
#6404=CARTESIAN_POINT('',(128.0077913,-129.222592087,-7.8));
#6405=CARTESIAN_POINT('',(127.959795581,-129.051644117,-7.8));
#6406=CARTESIAN_POINT('',(127.911799862,-128.880696148,-7.8));
#6407=CARTESIAN_POINT('',(127.847723439,-128.714171124,-7.8));
#6408=CARTESIAN_POINT('',(127.765210664,-128.558868544,-7.8));
#6409=CARTESIAN_POINT('',(127.723954276,-128.481217253,-7.8));
#6410=CARTESIAN_POINT('',(127.677976719,-128.406019248,-7.8));
#6411=CARTESIAN_POINT('',(127.626680651,-128.333584925,-7.8));
#6412=CARTESIAN_POINT('',(127.575384584,-128.261150602,-7.8));
#6413=CARTESIAN_POINT('',(127.518567201,-128.191393188,-7.8));
#6414=CARTESIAN_POINT('',(127.457413076,-128.126340506,-7.8));
#6415=B_SPLINE_CURVE_WITH_KNOTS('',3,(#6399,#6400,#6401,#6402,#6403,#6404,#6405,#6406,#6407,#6408,#6409,#6410,#6411,#6412,#6413,#6414),.UNSPECIFIED.,.F.,.F.,(4,3,3,3,3,4),(0.005818111,0.006351088,0.006884064,0.007417041,0.007683529,0.007950017),.UNSPECIFIED.);
#6416=EDGE_CURVE('',#6392,#6353,#6415,.T.);
#6417=ORIENTED_EDGE('',*,*,#6416,.T.);
#6418=ORIENTED_EDGE('',*,*,#6358,.T.);
#6419=EDGE_LOOP('',(#6390,#6398,#6417,#6418));
#6420=FACE_BOUND('',#6419,.T.);
#6421=ADVANCED_FACE('',(#6420),#6389,.T.);
#6422=CARTESIAN_POINT('',(128.089093076,-130.189380506,-7.3));
#6423=DIRECTION('',(-1.,0.,0.));
#6424=DIRECTION('',(0.,0.,1.));
#6425=AXIS2_PLACEMENT_3D('',#6422,#6423,#6424);
#6426=PLANE('',#6425);
#6427=ORIENTED_EDGE('',*,*,#1371,.F.);
#6428=CARTESIAN_POINT('',(128.089093076,-130.276740506,-7.8));
#6429=VERTEX_POINT('',#6428);
#6430=CARTESIAN_POINT('',(128.089093076,-130.276740506,-7.8));
#6431=DIRECTION('',(0.,0.,-1.));
#6432=VECTOR('',#6431,0.5);
#6433=LINE('',#6430,#6432);
#6434=EDGE_CURVE('',#6429,#1358,#6433,.T.);
#6435=ORIENTED_EDGE('',*,*,#6434,.F.);
#6436=CARTESIAN_POINT('',(128.089093076,-130.276740506,-7.8));
#6437=DIRECTION('',(0.,1.,0.));
#6438=VECTOR('',#6437,0.17472);
#6439=LINE('',#6436,#6438);
#6440=EDGE_CURVE('',#6429,#6392,#6439,.T.);
#6441=ORIENTED_EDGE('',*,*,#6440,.T.);
#6442=ORIENTED_EDGE('',*,*,#6397,.T.);
#6443=EDGE_LOOP('',(#6427,#6435,#6441,#6442));
#6444=FACE_BOUND('',#6443,.T.);
#6445=ADVANCED_FACE('',(#6444),#6426,.T.);
#6446=CARTESIAN_POINT('',(128.492293076,-130.276740506,-7.3));
#6447=DIRECTION('',(0.,-1.,0.));
#6448=DIRECTION('',(0.,0.,-1.));
#6449=AXIS2_PLACEMENT_3D('',#6446,#6447,#6448);
#6450=PLANE('',#6449);
#6451=ORIENTED_EDGE('',*,*,#1363,.F.);
#6452=CARTESIAN_POINT('',(128.895493076,-130.276740506,-7.8));
#6453=VERTEX_POINT('',#6452);
#6454=CARTESIAN_POINT('',(128.895493076,-130.276740506,-7.8));
#6455=DIRECTION('',(0.,0.,-1.));
#6456=VECTOR('',#6455,0.5);
#6457=LINE('',#6454,#6456);
#6458=EDGE_CURVE('',#6453,#1346,#6457,.T.);
#6459=ORIENTED_EDGE('',*,*,#6458,.F.);
#6460=CARTESIAN_POINT('',(128.895493076,-130.276740506,-7.8));
#6461=DIRECTION('',(-1.,0.,0.));
#6462=VECTOR('',#6461,0.8064);
#6463=LINE('',#6460,#6462);
#6464=EDGE_CURVE('',#6453,#6429,#6463,.T.);
#6465=ORIENTED_EDGE('',*,*,#6464,.T.);
#6466=ORIENTED_EDGE('',*,*,#6434,.T.);
#6467=EDGE_LOOP('',(#6451,#6459,#6465,#6466));
#6468=FACE_BOUND('',#6467,.T.);
#6469=ADVANCED_FACE('',(#6468),#6450,.T.);
#6470=CARTESIAN_POINT('',(129.271813076,-130.397700506,-7.8));
#6471=CARTESIAN_POINT('',(129.271813076,-130.397700506,-8.));
#6472=CARTESIAN_POINT('',(129.271813076,-130.397700506,-8.3));
#6473=CARTESIAN_POINT('',(129.182248076,-130.317060506,-7.8));
#6474=CARTESIAN_POINT('',(129.182248076,-130.317060506,-8.));
#6475=CARTESIAN_POINT('',(129.182248076,-130.317060506,-8.3));
#6476=CARTESIAN_POINT('',(129.056773076,-130.276740506,-7.8));
#6477=CARTESIAN_POINT('',(129.056773076,-130.276740506,-8.));
#6478=CARTESIAN_POINT('',(129.056773076,-130.276740506,-8.3));
#6479=CARTESIAN_POINT('',(128.895493076,-130.276740506,-7.8));
#6480=CARTESIAN_POINT('',(128.895493076,-130.276740506,-8.));
#6481=CARTESIAN_POINT('',(128.895493076,-130.276740506,-8.3));
#6482=B_SPLINE_SURFACE_WITH_KNOTS('',3,1,((#6470,#6471,#6472),(#6473,#6474,#6475),(#6476,#6477,#6478),(#6479,#6480,#6481)),.UNSPECIFIED.,.F.,.F.,.U.,(4,4),(2,1,2),(0.,1.),(1.,1.4,2.),.UNSPECIFIED.);
#6483=ORIENTED_EDGE('',*,*,#1355,.F.);
#6484=CARTESIAN_POINT('',(129.271813076,-130.397700506,-7.8));
#6485=VERTEX_POINT('',#6484);
#6486=CARTESIAN_POINT('',(129.271813076,-130.397700506,-7.8));
#6487=DIRECTION('',(0.,0.,-1.));
#6488=VECTOR('',#6487,0.5);
#6489=LINE('',#6486,#6488);
#6490=EDGE_CURVE('',#6485,#1334,#6489,.T.);
#6491=ORIENTED_EDGE('',*,*,#6490,.F.);
#6492=CARTESIAN_POINT('',(129.271813076,-130.397700506,-7.8));
#6493=CARTESIAN_POINT('',(129.221432118,-130.352339925,-7.8));
#6494=CARTESIAN_POINT('',(129.159724549,-130.320885547,-7.8));
#6495=CARTESIAN_POINT('',(129.094805895,-130.302187224,-7.8));
#6496=CARTESIAN_POINT('',(129.02988724,-130.283488901,-7.8));
#6497=CARTESIAN_POINT('',(128.963064212,-130.276745529,-7.8));
#6498=CARTESIAN_POINT('',(128.895493076,-130.276740503,-7.8));
#6499=B_SPLINE_CURVE_WITH_KNOTS('',3,(#6492,#6493,#6494,#6495,#6496,#6497,#6498),.UNSPECIFIED.,.F.,.F.,(4,3,4),(0.000577147,0.000780524,0.000983902),.UNSPECIFIED.);
#6500=EDGE_CURVE('',#6485,#6453,#6499,.T.);
#6501=ORIENTED_EDGE('',*,*,#6500,.T.);
#6502=ORIENTED_EDGE('',*,*,#6458,.T.);
#6503=EDGE_LOOP('',(#6483,#6491,#6501,#6502));
#6504=FACE_BOUND('',#6503,.T.);
#6505=ADVANCED_FACE('',(#6504),#6482,.T.);
#6506=CARTESIAN_POINT('',(129.406213076,-130.747140506,-7.8));
#6507=CARTESIAN_POINT('',(129.406213076,-130.747140506,-8.));
#6508=CARTESIAN_POINT('',(129.406213076,-130.747140506,-8.3));
#6509=CARTESIAN_POINT('',(129.406213076,-130.594817006,-7.8));
#6510=CARTESIAN_POINT('',(129.406213076,-130.594817006,-8.));
#6511=CARTESIAN_POINT('',(129.406213076,-130.594817006,-8.3));
#6512=CARTESIAN_POINT('',(129.361378076,-130.478340506,-7.8));
#6513=CARTESIAN_POINT('',(129.361378076,-130.478340506,-8.));
#6514=CARTESIAN_POINT('',(129.361378076,-130.478340506,-8.3));
#6515=CARTESIAN_POINT('',(129.271813076,-130.397700506,-7.8));
#6516=CARTESIAN_POINT('',(129.271813076,-130.397700506,-8.));
#6517=CARTESIAN_POINT('',(129.271813076,-130.397700506,-8.3));
#6518=B_SPLINE_SURFACE_WITH_KNOTS('',3,1,((#6506,#6507,#6508),(#6509,#6510,#6511),(#6512,#6513,#6514),(#6515,#6516,#6517)),.UNSPECIFIED.,.F.,.F.,.U.,(4,4),(2,1,2),(0.,1.),(1.,1.4,2.),.UNSPECIFIED.);
#6519=ORIENTED_EDGE('',*,*,#1343,.F.);
#6520=CARTESIAN_POINT('',(129.406213076,-130.747140506,-7.8));
#6521=VERTEX_POINT('',#6520);
#6522=CARTESIAN_POINT('',(129.406213076,-130.747140506,-7.8));
#6523=DIRECTION('',(0.,0.,-1.));
#6524=VECTOR('',#6523,0.5);
#6525=LINE('',#6522,#6524);
#6526=EDGE_CURVE('',#6521,#1322,#6525,.T.);
#6527=ORIENTED_EDGE('',*,*,#6526,.F.);
#6528=CARTESIAN_POINT('',(129.406213076,-130.747140506,-7.8));
#6529=CARTESIAN_POINT('',(129.406213076,-130.682608514,-7.8));
#6530=CARTESIAN_POINT('',(129.398463937,-130.618754006,-7.8));
#6531=CARTESIAN_POINT('',(129.377116979,-130.557834683,-7.8));
#6532=CARTESIAN_POINT('',(129.355770022,-130.49691536,-7.8));
#6533=CARTESIAN_POINT('',(129.319927359,-130.441020283,-7.8));
#6534=CARTESIAN_POINT('',(129.271813076,-130.397700506,-7.8));
#6535=B_SPLINE_CURVE_WITH_KNOTS('',3,(#6528,#6529,#6530,#6531,#6532,#6533,#6534),.UNSPECIFIED.,.F.,.F.,(4,3,4),(0.0008878,0.001081396,0.001274992),.UNSPECIFIED.);
#6536=EDGE_CURVE('',#6521,#6485,#6535,.T.);
#6537=ORIENTED_EDGE('',*,*,#6536,.T.);
#6538=ORIENTED_EDGE('',*,*,#6490,.T.);
#6539=EDGE_LOOP('',(#6519,#6527,#6537,#6538));
#6540=FACE_BOUND('',#6539,.T.);
#6541=ADVANCED_FACE('',(#6540),#6518,.T.);
#6542=CARTESIAN_POINT('',(129.271813076,-131.096580506,-7.8));
#6543=CARTESIAN_POINT('',(129.271813076,-131.096580506,-8.));
#6544=CARTESIAN_POINT('',(129.271813076,-131.096580506,-8.3));
#6545=CARTESIAN_POINT('',(129.361378076,-131.006984006,-7.8));
#6546=CARTESIAN_POINT('',(129.361378076,-131.006984006,-8.));
#6547=CARTESIAN_POINT('',(129.361378076,-131.006984006,-8.3));
#6548=CARTESIAN_POINT('',(129.406213076,-130.890497006,-7.8));
#6549=CARTESIAN_POINT('',(129.406213076,-130.890497006,-8.));
#6550=CARTESIAN_POINT('',(129.406213076,-130.890497006,-8.3));
#6551=CARTESIAN_POINT('',(129.406213076,-130.747140506,-7.8));
#6552=CARTESIAN_POINT('',(129.406213076,-130.747140506,-8.));
#6553=CARTESIAN_POINT('',(129.406213076,-130.747140506,-8.3));
#6554=B_SPLINE_SURFACE_WITH_KNOTS('',3,1,((#6542,#6543,#6544),(#6545,#6546,#6547),(#6548,#6549,#6550),(#6551,#6552,#6553)),.UNSPECIFIED.,.F.,.F.,.U.,(4,4),(2,1,2),(0.,1.),(1.,1.4,2.),.UNSPECIFIED.);
#6555=ORIENTED_EDGE('',*,*,#1331,.F.);
#6556=CARTESIAN_POINT('',(129.271813076,-131.096580506,-7.8));
#6557=VERTEX_POINT('',#6556);
#6558=CARTESIAN_POINT('',(129.271813076,-131.096580506,-7.8));
#6559=DIRECTION('',(0.,0.,-1.));
#6560=VECTOR('',#6559,0.5);
#6561=LINE('',#6558,#6560);
#6562=EDGE_CURVE('',#6557,#1310,#6561,.T.);
#6563=ORIENTED_EDGE('',*,*,#6562,.F.);
#6564=CARTESIAN_POINT('',(129.271813076,-131.096580506,-7.8));
#6565=CARTESIAN_POINT('',(129.31717473,-131.051202898,-7.8));
#6566=CARTESIAN_POINT('',(129.35263443,-130.996329683,-7.8));
#6567=CARTESIAN_POINT('',(129.374873934,-130.935981855,-7.8));
#6568=CARTESIAN_POINT('',(129.397113438,-130.875634026,-7.8));
#6569=CARTESIAN_POINT('',(129.406213076,-130.811366553,-7.8));
#6570=CARTESIAN_POINT('',(129.406213076,-130.747140506,-7.8));
#6571=B_SPLINE_CURVE_WITH_KNOTS('',3,(#6564,#6565,#6566,#6567,#6568,#6569,#6570),.UNSPECIFIED.,.F.,.F.,(4,3,4),(0.001520236,0.001712723,0.00190521),.UNSPECIFIED.);
#6572=EDGE_CURVE('',#6557,#6521,#6571,.T.);
#6573=ORIENTED_EDGE('',*,*,#6572,.T.);
#6574=ORIENTED_EDGE('',*,*,#6526,.T.);
#6575=EDGE_LOOP('',(#6555,#6563,#6573,#6574));
#6576=FACE_BOUND('',#6575,.T.);
#6577=ADVANCED_FACE('',(#6576),#6554,.T.);
#6578=CARTESIAN_POINT('',(128.895493076,-131.217540506,-7.8));
#6579=CARTESIAN_POINT('',(128.895493076,-131.217540506,-8.));
#6580=CARTESIAN_POINT('',(128.895493076,-131.217540506,-8.3));
#6581=CARTESIAN_POINT('',(129.056773076,-131.217540506,-7.8));
#6582=CARTESIAN_POINT('',(129.056773076,-131.217540506,-8.));
#6583=CARTESIAN_POINT('',(129.056773076,-131.217540506,-8.3));
#6584=CARTESIAN_POINT('',(129.182248076,-131.177220506,-7.8));
#6585=CARTESIAN_POINT('',(129.182248076,-131.177220506,-8.));
#6586=CARTESIAN_POINT('',(129.182248076,-131.177220506,-8.3));
#6587=CARTESIAN_POINT('',(129.271813076,-131.096580506,-7.8));
#6588=CARTESIAN_POINT('',(129.271813076,-131.096580506,-8.));
#6589=CARTESIAN_POINT('',(129.271813076,-131.096580506,-8.3));
#6590=B_SPLINE_SURFACE_WITH_KNOTS('',3,1,((#6578,#6579,#6580),(#6581,#6582,#6583),(#6584,#6585,#6586),(#6587,#6588,#6589)),.UNSPECIFIED.,.F.,.F.,.U.,(4,4),(2,1,2),(0.,1.),(1.,1.4,2.),.UNSPECIFIED.);
#6591=ORIENTED_EDGE('',*,*,#1319,.F.);
#6592=CARTESIAN_POINT('',(128.895493076,-131.217540506,-7.8));
#6593=VERTEX_POINT('',#6592);
#6594=CARTESIAN_POINT('',(128.895493076,-131.217540506,-7.8));
#6595=DIRECTION('',(0.,0.,-1.));
#6596=VECTOR('',#6595,0.5);
#6597=LINE('',#6594,#6596);
#6598=EDGE_CURVE('',#6593,#1302,#6597,.T.);
#6599=ORIENTED_EDGE('',*,*,#6598,.F.);
#6600=CARTESIAN_POINT('',(128.895493076,-131.217540506,-7.8));
#6601=CARTESIAN_POINT('',(128.96294435,-131.217540506,-7.8));
#6602=CARTESIAN_POINT('',(129.030544698,-131.210676529,-7.8));
#6603=CARTESIAN_POINT('',(129.095362781,-131.19193307,-7.8));
#6604=CARTESIAN_POINT('',(129.160180864,-131.173189612,-7.8));
#6605=CARTESIAN_POINT('',(129.221583246,-131.141805019,-7.8));
#6606=CARTESIAN_POINT('',(129.271813076,-131.096580506,-7.8));
#6607=B_SPLINE_CURVE_WITH_KNOTS('',3,(#6600,#6601,#6602,#6603,#6604,#6605,#6606),.UNSPECIFIED.,.F.,.F.,(4,3,4),(0.001149794,0.001352148,0.001554502),.UNSPECIFIED.);
#6608=EDGE_CURVE('',#6593,#6557,#6607,.T.);
#6609=ORIENTED_EDGE('',*,*,#6608,.T.);
#6610=ORIENTED_EDGE('',*,*,#6562,.T.);
#6611=EDGE_LOOP('',(#6591,#6599,#6609,#6610));
#6612=FACE_BOUND('',#6611,.T.);
#6613=ADVANCED_FACE('',(#6612),#6590,.T.);
#6614=CARTESIAN_POINT('',(128.492293076,-131.217540506,-7.3));
#6615=DIRECTION('',(0.,1.,0.));
#6616=DIRECTION('',(0.,0.,1.));
#6617=AXIS2_PLACEMENT_3D('',#6614,#6615,#6616);
#6618=PLANE('',#6617);
#6619=ORIENTED_EDGE('',*,*,#1307,.F.);
#6620=CARTESIAN_POINT('',(128.089093076,-131.217540506,-7.8));
#6621=VERTEX_POINT('',#6620);
#6622=CARTESIAN_POINT('',(128.089093076,-131.217540506,-7.8));
#6623=DIRECTION('',(0.,0.,-1.));
#6624=VECTOR('',#6623,0.5);
#6625=LINE('',#6622,#6624);
#6626=EDGE_CURVE('',#6621,#1294,#6625,.T.);
#6627=ORIENTED_EDGE('',*,*,#6626,.F.);
#6628=CARTESIAN_POINT('',(128.089093076,-131.217540506,-7.8));
#6629=DIRECTION('',(1.,0.,-0.));
#6630=VECTOR('',#6629,0.8064);
#6631=LINE('',#6628,#6630);
#6632=EDGE_CURVE('',#6621,#6593,#6631,.T.);
#6633=ORIENTED_EDGE('',*,*,#6632,.T.);
#6634=ORIENTED_EDGE('',*,*,#6598,.T.);
#6635=EDGE_LOOP('',(#6619,#6627,#6633,#6634));
#6636=FACE_BOUND('',#6635,.T.);
#6637=ADVANCED_FACE('',(#6636),#6618,.T.);
#6638=CARTESIAN_POINT('',(128.089093076,-133.750980506,-7.3));
#6639=DIRECTION('',(-1.,0.,0.));
#6640=DIRECTION('',(0.,0.,1.));
#6641=AXIS2_PLACEMENT_3D('',#6638,#6639,#6640);
#6642=PLANE('',#6641);
#6643=ORIENTED_EDGE('',*,*,#1299,.F.);
#6644=CARTESIAN_POINT('',(128.089093076,-136.284420506,-7.8));
#6645=VERTEX_POINT('',#6644);
#6646=CARTESIAN_POINT('',(128.089093076,-136.284420506,-7.8));
#6647=DIRECTION('',(0.,0.,-1.));
#6648=VECTOR('',#6647,0.5);
#6649=LINE('',#6646,#6648);
#6650=EDGE_CURVE('',#6645,#1282,#6649,.T.);
#6651=ORIENTED_EDGE('',*,*,#6650,.F.);
#6652=CARTESIAN_POINT('',(128.089093076,-136.284420506,-7.8));
#6653=DIRECTION('',(0.,1.,0.));
#6654=VECTOR('',#6653,5.06688);
#6655=LINE('',#6652,#6654);
#6656=EDGE_CURVE('',#6645,#6621,#6655,.T.);
#6657=ORIENTED_EDGE('',*,*,#6656,.T.);
#6658=ORIENTED_EDGE('',*,*,#6626,.T.);
#6659=EDGE_LOOP('',(#6643,#6651,#6657,#6658));
#6660=FACE_BOUND('',#6659,.T.);
#6661=ADVANCED_FACE('',(#6660),#6642,.T.);
#6662=CARTESIAN_POINT('',(127.927813076,-136.754820506,-7.8));
#6663=CARTESIAN_POINT('',(127.927813076,-136.754820506,-8.));
#6664=CARTESIAN_POINT('',(127.927813076,-136.754820506,-8.3));
#6665=CARTESIAN_POINT('',(128.035333076,-136.647300506,-7.8));
#6666=CARTESIAN_POINT('',(128.035333076,-136.647300506,-8.));
#6667=CARTESIAN_POINT('',(128.035333076,-136.647300506,-8.3));
#6668=CARTESIAN_POINT('',(128.089093076,-136.490535506,-7.8));
#6669=CARTESIAN_POINT('',(128.089093076,-136.490535506,-8.));
#6670=CARTESIAN_POINT('',(128.089093076,-136.490535506,-8.3));
#6671=CARTESIAN_POINT('',(128.089093076,-136.284420506,-7.8));
#6672=CARTESIAN_POINT('',(128.089093076,-136.284420506,-8.));
#6673=CARTESIAN_POINT('',(128.089093076,-136.284420506,-8.3));
#6674=B_SPLINE_SURFACE_WITH_KNOTS('',3,1,((#6662,#6663,#6664),(#6665,#6666,#6667),(#6668,#6669,#6670),(#6671,#6672,#6673)),.UNSPECIFIED.,.F.,.F.,.U.,(4,4),(2,1,2),(0.,1.),(1.,1.4,2.),.UNSPECIFIED.);
#6675=ORIENTED_EDGE('',*,*,#1291,.F.);
#6676=CARTESIAN_POINT('',(127.927813076,-136.754820506,-7.8));
#6677=VERTEX_POINT('',#6676);
#6678=CARTESIAN_POINT('',(127.927813076,-136.754820506,-7.8));
#6679=DIRECTION('',(0.,0.,-1.));
#6680=VECTOR('',#6679,0.5);
#6681=LINE('',#6678,#6680);
#6682=EDGE_CURVE('',#6677,#1270,#6681,.T.);
#6683=ORIENTED_EDGE('',*,*,#6682,.F.);
#6684=CARTESIAN_POINT('',(127.927813076,-136.754820506,-7.8));
#6685=CARTESIAN_POINT('',(127.988230893,-136.694402688,-7.8));
#6686=CARTESIAN_POINT('',(128.030377676,-136.617942288,-7.8));
#6687=CARTESIAN_POINT('',(128.055288715,-136.53649082,-7.8));
#6688=CARTESIAN_POINT('',(128.080199754,-136.455039351,-7.8));
#6689=CARTESIAN_POINT('',(128.089093076,-136.369598972,-7.8));
#6690=CARTESIAN_POINT('',(128.089093076,-136.284420506,-7.8));
#6691=B_SPLINE_CURVE_WITH_KNOTS('',3,(#6684,#6685,#6686,#6687,#6688,#6689,#6690),.UNSPECIFIED.,.F.,.F.,(4,3,4),(0.001297897,0.001553433,0.001808968),.UNSPECIFIED.);
#6692=EDGE_CURVE('',#6677,#6645,#6691,.T.);
#6693=ORIENTED_EDGE('',*,*,#6692,.T.);
#6694=ORIENTED_EDGE('',*,*,#6650,.T.);
#6695=EDGE_LOOP('',(#6675,#6683,#6693,#6694));
#6696=FACE_BOUND('',#6695,.T.);
#6697=ADVANCED_FACE('',(#6696),#6674,.T.);
#6698=CARTESIAN_POINT('',(127.470853076,-136.916100506,-7.8));
#6699=CARTESIAN_POINT('',(127.470853076,-136.916100506,-8.));
#6700=CARTESIAN_POINT('',(127.470853076,-136.916100506,-8.3));
#6701=CARTESIAN_POINT('',(127.667938076,-136.916100506,-7.8));
#6702=CARTESIAN_POINT('',(127.667938076,-136.916100506,-8.));
#6703=CARTESIAN_POINT('',(127.667938076,-136.916100506,-8.3));
#6704=CARTESIAN_POINT('',(127.820293076,-136.862340506,-7.8));
#6705=CARTESIAN_POINT('',(127.820293076,-136.862340506,-8.));
#6706=CARTESIAN_POINT('',(127.820293076,-136.862340506,-8.3));
#6707=CARTESIAN_POINT('',(127.927813076,-136.754820506,-7.8));
#6708=CARTESIAN_POINT('',(127.927813076,-136.754820506,-8.));
#6709=CARTESIAN_POINT('',(127.927813076,-136.754820506,-8.3));
#6710=B_SPLINE_SURFACE_WITH_KNOTS('',3,1,((#6698,#6699,#6700),(#6701,#6702,#6703),(#6704,#6705,#6706),(#6707,#6708,#6709)),.UNSPECIFIED.,.F.,.F.,.U.,(4,4),(2,1,2),(0.,1.),(1.,1.4,2.),.UNSPECIFIED.);
#6711=ORIENTED_EDGE('',*,*,#1279,.F.);
#6712=CARTESIAN_POINT('',(127.470853076,-136.916100506,-7.8));
#6713=VERTEX_POINT('',#6712);
#6714=CARTESIAN_POINT('',(127.470853076,-136.916100506,-7.8));
#6715=DIRECTION('',(0.,0.,-1.));
#6716=VECTOR('',#6715,0.5);
#6717=LINE('',#6714,#6716);
#6718=EDGE_CURVE('',#6713,#1246,#6717,.T.);
#6719=ORIENTED_EDGE('',*,*,#6718,.F.);
#6720=CARTESIAN_POINT('',(127.470853076,-136.916100506,-7.8));
#6721=CARTESIAN_POINT('',(127.554018031,-136.916100506,-7.8));
#6722=CARTESIAN_POINT('',(127.637332296,-136.906726053,-7.8));
#6723=CARTESIAN_POINT('',(127.716453646,-136.881326449,-7.8));
#6724=CARTESIAN_POINT('',(127.795574996,-136.855926845,-7.8));
#6725=CARTESIAN_POINT('',(127.86927232,-136.813361261,-7.8));
#6726=CARTESIAN_POINT('',(127.927813076,-136.754820506,-7.8));
#6727=B_SPLINE_CURVE_WITH_KNOTS('',3,(#6720,#6721,#6722,#6723,#6724,#6725,#6726),.UNSPECIFIED.,.F.,.F.,(4,3,4),(0.001267689,0.001517184,0.001766678),.UNSPECIFIED.);
#6728=EDGE_CURVE('',#6713,#6677,#6727,.T.);
#6729=ORIENTED_EDGE('',*,*,#6728,.T.);
#6730=ORIENTED_EDGE('',*,*,#6682,.T.);
#6731=EDGE_LOOP('',(#6711,#6719,#6729,#6730));
#6732=FACE_BOUND('',#6731,.T.);
#6733=ADVANCED_FACE('',(#6732),#6710,.T.);
#6734=CARTESIAN_POINT('',(126.866053076,-136.284420506,-7.8));
#6735=CARTESIAN_POINT('',(126.866053076,-136.284420506,-8.));
#6736=CARTESIAN_POINT('',(126.866053076,-136.284420506,-8.3));
#6737=CARTESIAN_POINT('',(126.866053076,-136.705575506,-7.8));
#6738=CARTESIAN_POINT('',(126.866053076,-136.705575506,-8.));
#6739=CARTESIAN_POINT('',(126.866053076,-136.705575506,-8.3));
#6740=CARTESIAN_POINT('',(127.067653076,-136.916100506,-7.8));
#6741=CARTESIAN_POINT('',(127.067653076,-136.916100506,-8.));
#6742=CARTESIAN_POINT('',(127.067653076,-136.916100506,-8.3));
#6743=CARTESIAN_POINT('',(127.470853076,-136.916100506,-7.8));
#6744=CARTESIAN_POINT('',(127.470853076,-136.916100506,-8.));
#6745=CARTESIAN_POINT('',(127.470853076,-136.916100506,-8.3));
#6746=B_SPLINE_SURFACE_WITH_KNOTS('',3,1,((#6734,#6735,#6736),(#6737,#6738,#6739),(#6740,#6741,#6742),(#6743,#6744,#6745)),.UNSPECIFIED.,.F.,.F.,.U.,(4,4),(2,1,2),(0.,1.),(1.,1.4,2.),.UNSPECIFIED.);
#6747=ORIENTED_EDGE('',*,*,#1267,.F.);
#6748=CARTESIAN_POINT('',(126.866053076,-136.284420506,-7.8));
#6749=VERTEX_POINT('',#6748);
#6750=CARTESIAN_POINT('',(126.866053076,-136.284420506,-7.8));
#6751=DIRECTION('',(0.,0.,-1.));
#6752=VECTOR('',#6751,0.5);
#6753=LINE('',#6750,#6752);
#6754=EDGE_CURVE('',#6749,#1238,#6753,.T.);
#6755=ORIENTED_EDGE('',*,*,#6754,.F.);
#6756=CARTESIAN_POINT('',(126.866053076,-136.284420506,-7.8));
#6757=CARTESIAN_POINT('',(126.866053076,-136.368361094,-7.8));
#6758=CARTESIAN_POINT('',(126.873648559,-136.452102378,-7.8));
#6759=CARTESIAN_POINT('',(126.895652445,-136.533007245,-7.8));
#6760=CARTESIAN_POINT('',(126.906654389,-136.573459678,-7.8));
#6761=CARTESIAN_POINT('',(126.921158714,-136.612486222,-7.8));
#6762=CARTESIAN_POINT('',(126.940336585,-136.649610073,-7.8));
#6763=CARTESIAN_POINT('',(126.959514456,-136.686733924,-7.8));
#6764=CARTESIAN_POINT('',(126.9835483,-136.721878205,-7.8));
#6765=CARTESIAN_POINT('',(127.012207073,-136.752834137,-7.8));
#6766=CARTESIAN_POINT('',(127.069524619,-136.814746003,-7.8));
#6767=CARTESIAN_POINT('',(127.144265533,-136.857458142,-7.8));
#6768=CARTESIAN_POINT('',(127.223582565,-136.882358308,-7.8));
#6769=CARTESIAN_POINT('',(127.302899597,-136.907258474,-7.8));
#6770=CARTESIAN_POINT('',(127.387363503,-136.916100506,-7.8));
#6771=CARTESIAN_POINT('',(127.470853076,-136.916100506,-7.8));
#6772=B_SPLINE_CURVE_WITH_KNOTS('',3,(#6756,#6757,#6758,#6759,#6760,#6761,#6762,#6763,#6764,#6765,#6766,#6767,#6768,#6769,#6770,#6771),.UNSPECIFIED.,.F.,.F.,(4,3,3,3,3,4),(0.002314014,0.002565835,0.002691746,0.002817657,0.003069479,0.003321301),.UNSPECIFIED.);
#6773=EDGE_CURVE('',#6749,#6713,#6772,.T.);
#6774=ORIENTED_EDGE('',*,*,#6773,.T.);
#6775=ORIENTED_EDGE('',*,*,#6718,.T.);
#6776=EDGE_LOOP('',(#6747,#6755,#6774,#6775));
#6777=FACE_BOUND('',#6776,.T.);
#6778=ADVANCED_FACE('',(#6777),#6746,.T.);
#6779=CARTESIAN_POINT('',(126.866053076,-133.750980506,-7.3));
#6780=DIRECTION('',(1.,0.,0.));
#6781=DIRECTION('',(0.,0.,-1.));
#6782=AXIS2_PLACEMENT_3D('',#6779,#6780,#6781);
#6783=PLANE('',#6782);
#6784=ORIENTED_EDGE('',*,*,#1243,.F.);
#6785=CARTESIAN_POINT('',(126.866053076,-131.217540506,-7.8));
#6786=VERTEX_POINT('',#6785);
#6787=CARTESIAN_POINT('',(126.866053076,-131.217540506,-7.8));
#6788=DIRECTION('',(0.,0.,-1.));
#6789=VECTOR('',#6788,0.5);
#6790=LINE('',#6787,#6789);
#6791=EDGE_CURVE('',#6786,#1230,#6790,.T.);
#6792=ORIENTED_EDGE('',*,*,#6791,.F.);
#6793=CARTESIAN_POINT('',(126.866053076,-131.217540506,-7.8));
#6794=DIRECTION('',(0.,-1.,0.));
#6795=VECTOR('',#6794,5.06688);
#6796=LINE('',#6793,#6795);
#6797=EDGE_CURVE('',#6786,#6749,#6796,.T.);
#6798=ORIENTED_EDGE('',*,*,#6797,.T.);
#6799=ORIENTED_EDGE('',*,*,#6754,.T.);
#6800=EDGE_LOOP('',(#6784,#6792,#6798,#6799));
#6801=FACE_BOUND('',#6800,.T.);
#6802=ADVANCED_FACE('',(#6801),#6783,.T.);
#6803=CARTESIAN_POINT('',(126.180613076,-131.217540506,-7.3));
#6804=DIRECTION('',(0.,1.,0.));
#6805=DIRECTION('',(0.,0.,1.));
#6806=AXIS2_PLACEMENT_3D('',#6803,#6804,#6805);
#6807=PLANE('',#6806);
#6808=ORIENTED_EDGE('',*,*,#1235,.F.);
#6809=CARTESIAN_POINT('',(125.495173076,-131.217540506,-7.8));
#6810=VERTEX_POINT('',#6809);
#6811=CARTESIAN_POINT('',(125.495173076,-131.217540506,-7.8));
#6812=DIRECTION('',(0.,0.,-1.));
#6813=VECTOR('',#6812,0.5);
#6814=LINE('',#6811,#6813);
#6815=EDGE_CURVE('',#6810,#1218,#6814,.T.);
#6816=ORIENTED_EDGE('',*,*,#6815,.F.);
#6817=CARTESIAN_POINT('',(125.495173076,-131.217540506,-7.8));
#6818=DIRECTION('',(1.,0.,-0.));
#6819=VECTOR('',#6818,1.37088);
#6820=LINE('',#6817,#6819);
#6821=EDGE_CURVE('',#6810,#6786,#6820,.T.);
#6822=ORIENTED_EDGE('',*,*,#6821,.T.);
#6823=ORIENTED_EDGE('',*,*,#6791,.T.);
#6824=EDGE_LOOP('',(#6808,#6816,#6822,#6823));
#6825=FACE_BOUND('',#6824,.T.);
#6826=ADVANCED_FACE('',(#6825),#6807,.T.);
#6827=CARTESIAN_POINT('',(125.10541312,-131.096580546,-7.8));
#6828=CARTESIAN_POINT('',(125.10541312,-131.096580546,-8.));
#6829=CARTESIAN_POINT('',(125.10541312,-131.096580546,-8.3));
#6830=CARTESIAN_POINT('',(125.194978119,-131.177220519,-7.8));
#6831=CARTESIAN_POINT('',(125.194978119,-131.177220519,-8.));
#6832=CARTESIAN_POINT('',(125.194978119,-131.177220519,-8.3));
#6833=CARTESIAN_POINT('',(125.324968104,-131.217540506,-7.8));
#6834=CARTESIAN_POINT('',(125.324968104,-131.217540506,-8.));
#6835=CARTESIAN_POINT('',(125.324968104,-131.217540506,-8.3));
#6836=CARTESIAN_POINT('',(125.495173076,-131.217540506,-7.8));
#6837=CARTESIAN_POINT('',(125.495173076,-131.217540506,-8.));
#6838=CARTESIAN_POINT('',(125.495173076,-131.217540506,-8.3));
#6839=B_SPLINE_SURFACE_WITH_KNOTS('',3,1,((#6827,#6828,#6829),(#6830,#6831,#6832),(#6833,#6834,#6835),(#6836,#6837,#6838)),.UNSPECIFIED.,.F.,.F.,.U.,(4,4),(2,1,2),(0.000000166,1.),(1.,1.4,2.),.UNSPECIFIED.);
#6840=ORIENTED_EDGE('',*,*,#1227,.F.);
#6841=CARTESIAN_POINT('',(125.105413076,-131.096580506,-7.8));
#6842=VERTEX_POINT('',#6841);
#6843=CARTESIAN_POINT('',(125.105413076,-131.096580506,-7.8));
#6844=DIRECTION('',(0.,0.,-1.));
#6845=VECTOR('',#6844,0.5);
#6846=LINE('',#6843,#6845);
#6847=EDGE_CURVE('',#6842,#1206,#6846,.T.);
#6848=ORIENTED_EDGE('',*,*,#6847,.F.);
#6849=CARTESIAN_POINT('',(125.105413076,-131.096580506,-7.8));
#6850=CARTESIAN_POINT('',(125.157301567,-131.143298398,-7.8));
#6851=CARTESIAN_POINT('',(125.221464836,-131.174364943,-7.8));
#6852=CARTESIAN_POINT('',(125.288617298,-131.192711829,-7.8));
#6853=CARTESIAN_POINT('',(125.35576976,-131.211058715,-7.8));
#6854=CARTESIAN_POINT('',(125.425556531,-131.217540506,-7.8));
#6855=CARTESIAN_POINT('',(125.495173076,-131.217540506,-7.8));
#6856=B_SPLINE_CURVE_WITH_KNOTS('',3,(#6849,#6850,#6851,#6852,#6853,#6854,#6855),.UNSPECIFIED.,.F.,.F.,(4,3,4),(0.00108994,0.001298789,0.001507639),.UNSPECIFIED.);
#6857=EDGE_CURVE('',#6842,#6810,#6856,.T.);
#6858=ORIENTED_EDGE('',*,*,#6857,.T.);
#6859=ORIENTED_EDGE('',*,*,#6815,.T.);
#6860=EDGE_LOOP('',(#6840,#6848,#6858,#6859));
#6861=FACE_BOUND('',#6860,.T.);
#6862=ADVANCED_FACE('',(#6861),#6839,.T.);
#6863=CARTESIAN_POINT('',(124.971013076,-130.747140506,-7.8));
#6864=CARTESIAN_POINT('',(124.971013076,-130.747140506,-8.));
#6865=CARTESIAN_POINT('',(124.971013076,-130.747140506,-8.3));
#6866=CARTESIAN_POINT('',(124.971013076,-130.890497006,-7.8));
#6867=CARTESIAN_POINT('',(124.971013076,-130.890497006,-8.));
#6868=CARTESIAN_POINT('',(124.971013076,-130.890497006,-8.3));
#6869=CARTESIAN_POINT('',(125.015848076,-131.006984006,-7.8));
#6870=CARTESIAN_POINT('',(125.015848076,-131.006984006,-8.));
#6871=CARTESIAN_POINT('',(125.015848076,-131.006984006,-8.3));
#6872=CARTESIAN_POINT('',(125.105413076,-131.096580506,-7.8));
#6873=CARTESIAN_POINT('',(125.105413076,-131.096580506,-8.));
#6874=CARTESIAN_POINT('',(125.105413076,-131.096580506,-8.3));
#6875=B_SPLINE_SURFACE_WITH_KNOTS('',3,1,((#6863,#6864,#6865),(#6866,#6867,#6868),(#6869,#6870,#6871),(#6872,#6873,#6874)),.UNSPECIFIED.,.F.,.F.,.U.,(4,4),(2,1,2),(0.,1.),(1.,1.4,2.),.UNSPECIFIED.);
#6876=ORIENTED_EDGE('',*,*,#1215,.F.);
#6877=CARTESIAN_POINT('',(124.971013076,-130.747140506,-7.8));
#6878=VERTEX_POINT('',#6877);
#6879=CARTESIAN_POINT('',(124.971013076,-130.747140506,-7.8));
#6880=DIRECTION('',(0.,0.,-1.));
#6881=VECTOR('',#6880,0.5);
#6882=LINE('',#6879,#6881);
#6883=EDGE_CURVE('',#6878,#1194,#6882,.T.);
#6884=ORIENTED_EDGE('',*,*,#6883,.F.);
#6885=CARTESIAN_POINT('',(124.971013076,-130.747140506,-7.8));
#6886=CARTESIAN_POINT('',(124.971013076,-130.811398757,-7.8));
#6887=CARTESIAN_POINT('',(124.980118609,-130.875656882,-7.8));
#6888=CARTESIAN_POINT('',(125.002358052,-130.935997687,-7.8));
#6889=CARTESIAN_POINT('',(125.024597495,-130.996338492,-7.8));
#6890=CARTESIAN_POINT('',(125.060056923,-131.051208402,-7.8));
#6891=CARTESIAN_POINT('',(125.105413076,-131.096580506,-7.8));
#6892=B_SPLINE_CURVE_WITH_KNOTS('',3,(#6885,#6886,#6887,#6888,#6889,#6890,#6891),.UNSPECIFIED.,.F.,.F.,(4,3,4),(0.001720278,0.001913053,0.002105828),.UNSPECIFIED.);
#6893=EDGE_CURVE('',#6878,#6842,#6892,.T.);
#6894=ORIENTED_EDGE('',*,*,#6893,.T.);
#6895=ORIENTED_EDGE('',*,*,#6847,.T.);
#6896=EDGE_LOOP('',(#6876,#6884,#6894,#6895));
#6897=FACE_BOUND('',#6896,.T.);
#6898=ADVANCED_FACE('',(#6897),#6875,.T.);
#6899=CARTESIAN_POINT('',(125.105413076,-130.397700506,-7.8));
#6900=CARTESIAN_POINT('',(125.105413076,-130.397700506,-8.));
#6901=CARTESIAN_POINT('',(125.105413076,-130.397700506,-8.3));
#6902=CARTESIAN_POINT('',(125.015848076,-130.478340506,-7.8));
#6903=CARTESIAN_POINT('',(125.015848076,-130.478340506,-8.));
#6904=CARTESIAN_POINT('',(125.015848076,-130.478340506,-8.3));
#6905=CARTESIAN_POINT('',(124.971013076,-130.594817006,-7.8));
#6906=CARTESIAN_POINT('',(124.971013076,-130.594817006,-8.));
#6907=CARTESIAN_POINT('',(124.971013076,-130.594817006,-8.3));
#6908=CARTESIAN_POINT('',(124.971013076,-130.747140506,-7.8));
#6909=CARTESIAN_POINT('',(124.971013076,-130.747140506,-8.));
#6910=CARTESIAN_POINT('',(124.971013076,-130.747140506,-8.3));
#6911=B_SPLINE_SURFACE_WITH_KNOTS('',3,1,((#6899,#6900,#6901),(#6902,#6903,#6904),(#6905,#6906,#6907),(#6908,#6909,#6910)),.UNSPECIFIED.,.F.,.F.,.U.,(4,4),(2,1,2),(0.,1.),(1.,1.4,2.),.UNSPECIFIED.);
#6912=ORIENTED_EDGE('',*,*,#1203,.F.);
#6913=CARTESIAN_POINT('',(125.105413076,-130.397700506,-7.8));
#6914=VERTEX_POINT('',#6913);
#6915=CARTESIAN_POINT('',(125.105413076,-130.397700506,-7.8));
#6916=DIRECTION('',(0.,0.,-1.));
#6917=VECTOR('',#6916,0.5);
#6918=LINE('',#6915,#6917);
#6919=EDGE_CURVE('',#6914,#1182,#6918,.T.);
#6920=ORIENTED_EDGE('',*,*,#6919,.F.);
#6921=CARTESIAN_POINT('',(125.105413076,-130.397700506,-7.8));
#6922=CARTESIAN_POINT('',(125.057298792,-130.441020283,-7.8));
#6923=CARTESIAN_POINT('',(125.021456129,-130.49691536,-7.8));
#6924=CARTESIAN_POINT('',(125.000109172,-130.557834683,-7.8));
#6925=CARTESIAN_POINT('',(124.978762214,-130.618754006,-7.8));
#6926=CARTESIAN_POINT('',(124.971013076,-130.682608514,-7.8));
#6927=CARTESIAN_POINT('',(124.971013076,-130.747140506,-7.8));
#6928=B_SPLINE_CURVE_WITH_KNOTS('',3,(#6921,#6922,#6923,#6924,#6925,#6926,#6927),.UNSPECIFIED.,.F.,.F.,(4,3,4),(0.0008878,0.001081396,0.001274992),.UNSPECIFIED.);
#6929=EDGE_CURVE('',#6914,#6878,#6928,.T.);
#6930=ORIENTED_EDGE('',*,*,#6929,.T.);
#6931=ORIENTED_EDGE('',*,*,#6883,.T.);
#6932=EDGE_LOOP('',(#6912,#6920,#6930,#6931));
#6933=FACE_BOUND('',#6932,.T.);
#6934=ADVANCED_FACE('',(#6933),#6911,.T.);
#6935=CARTESIAN_POINT('',(125.495173076,-130.276740506,-7.8));
#6936=CARTESIAN_POINT('',(125.495173076,-130.276740506,-8.));
#6937=CARTESIAN_POINT('',(125.495173076,-130.276740506,-8.3));
#6938=CARTESIAN_POINT('',(125.324968104,-130.276740506,-7.8));
#6939=CARTESIAN_POINT('',(125.324968104,-130.276740506,-8.));
#6940=CARTESIAN_POINT('',(125.324968104,-130.276740506,-8.3));
#6941=CARTESIAN_POINT('',(125.194978119,-130.317060493,-7.8));
#6942=CARTESIAN_POINT('',(125.194978119,-130.317060493,-8.));
#6943=CARTESIAN_POINT('',(125.194978119,-130.317060493,-8.3));
#6944=CARTESIAN_POINT('',(125.10541312,-130.397700466,-7.8));
#6945=CARTESIAN_POINT('',(125.10541312,-130.397700466,-8.));
#6946=CARTESIAN_POINT('',(125.10541312,-130.397700466,-8.3));
#6947=B_SPLINE_SURFACE_WITH_KNOTS('',3,1,((#6935,#6936,#6937),(#6938,#6939,#6940),(#6941,#6942,#6943),(#6944,#6945,#6946)),.UNSPECIFIED.,.F.,.F.,.U.,(4,4),(2,1,2),(0.,0.999999834),(1.,1.4,2.),.UNSPECIFIED.);
#6948=ORIENTED_EDGE('',*,*,#1191,.F.);
#6949=CARTESIAN_POINT('',(125.495173076,-130.276740506,-7.8));
#6950=VERTEX_POINT('',#6949);
#6951=CARTESIAN_POINT('',(125.495173076,-130.276740506,-7.8));
#6952=DIRECTION('',(0.,0.,-1.));
#6953=VECTOR('',#6952,0.5);
#6954=LINE('',#6951,#6953);
#6955=EDGE_CURVE('',#6950,#1174,#6954,.T.);
#6956=ORIENTED_EDGE('',*,*,#6955,.F.);
#6957=CARTESIAN_POINT('',(125.495173076,-130.276740506,-7.8));
#6958=CARTESIAN_POINT('',(125.42551338,-130.276740506,-7.8));
#6959=CARTESIAN_POINT('',(125.355759933,-130.283218742,-7.8));
#6960=CARTESIAN_POINT('',(125.288568598,-130.30158249,-7.8));
#6961=CARTESIAN_POINT('',(125.221377262,-130.319946238,-7.8));
#6962=CARTESIAN_POINT('',(125.15702919,-130.351227849,-7.8));
#6963=CARTESIAN_POINT('',(125.105413076,-130.397700506,-7.8));
#6964=B_SPLINE_CURVE_WITH_KNOTS('',3,(#6957,#6958,#6959,#6960,#6961,#6962,#6963),.UNSPECIFIED.,.F.,.F.,(4,3,4),(0.001206151,0.00141513,0.001624109),.UNSPECIFIED.);
#6965=EDGE_CURVE('',#6950,#6914,#6964,.T.);
#6966=ORIENTED_EDGE('',*,*,#6965,.T.);
#6967=ORIENTED_EDGE('',*,*,#6919,.T.);
#6968=EDGE_LOOP('',(#6948,#6956,#6966,#6967));
#6969=FACE_BOUND('',#6968,.T.);
#6970=ADVANCED_FACE('',(#6969),#6947,.T.);
#6971=CARTESIAN_POINT('',(126.180613076,-130.276740506,-7.3));
#6972=DIRECTION('',(0.,-1.,0.));
#6973=DIRECTION('',(0.,0.,-1.));
#6974=AXIS2_PLACEMENT_3D('',#6971,#6972,#6973);
#6975=PLANE('',#6974);
#6976=ORIENTED_EDGE('',*,*,#1179,.F.);
#6977=CARTESIAN_POINT('',(126.866053076,-130.276740506,-7.8));
#6978=VERTEX_POINT('',#6977);
#6979=CARTESIAN_POINT('',(126.866053076,-130.276740506,-7.8));
#6980=DIRECTION('',(0.,0.,-1.));
#6981=VECTOR('',#6980,0.5);
#6982=LINE('',#6979,#6981);
#6983=EDGE_CURVE('',#6978,#1166,#6982,.T.);
#6984=ORIENTED_EDGE('',*,*,#6983,.F.);
#6985=CARTESIAN_POINT('',(126.866053076,-130.276740506,-7.8));
#6986=DIRECTION('',(-1.,0.,0.));
#6987=VECTOR('',#6986,1.37088);
#6988=LINE('',#6985,#6987);
#6989=EDGE_CURVE('',#6978,#6950,#6988,.T.);
#6990=ORIENTED_EDGE('',*,*,#6989,.T.);
#6991=ORIENTED_EDGE('',*,*,#6955,.T.);
#6992=EDGE_LOOP('',(#6976,#6984,#6990,#6991));
#6993=FACE_BOUND('',#6992,.T.);
#6994=ADVANCED_FACE('',(#6993),#6975,.T.);
#6995=CARTESIAN_POINT('',(126.866053076,-130.108740506,-7.3));
#6996=DIRECTION('',(1.,0.,0.));
#6997=DIRECTION('',(0.,0.,-1.));
#6998=AXIS2_PLACEMENT_3D('',#6995,#6996,#6997);
#6999=PLANE('',#6998);
#7000=ORIENTED_EDGE('',*,*,#1171,.F.);
#7001=CARTESIAN_POINT('',(126.866053076,-129.940740506,-7.8));
#7002=VERTEX_POINT('',#7001);
#7003=CARTESIAN_POINT('',(126.866053076,-129.940740506,-7.8));
#7004=DIRECTION('',(0.,0.,-1.));
#7005=VECTOR('',#7004,0.5);
#7006=LINE('',#7003,#7005);
#7007=EDGE_CURVE('',#7002,#1154,#7006,.T.);
#7008=ORIENTED_EDGE('',*,*,#7007,.F.);
#7009=CARTESIAN_POINT('',(126.866053076,-129.940740506,-7.8));
#7010=DIRECTION('',(0.,-1.,0.));
#7011=VECTOR('',#7010,0.336);
#7012=LINE('',#7009,#7011);
#7013=EDGE_CURVE('',#7002,#6978,#7012,.T.);
#7014=ORIENTED_EDGE('',*,*,#7013,.T.);
#7015=ORIENTED_EDGE('',*,*,#6983,.T.);
#7016=EDGE_LOOP('',(#7000,#7008,#7014,#7015));
#7017=FACE_BOUND('',#7016,.T.);
#7018=ADVANCED_FACE('',(#7017),#6999,.T.);
#7019=CARTESIAN_POINT('',(126.503173076,-128.731140506,-7.8));
#7020=CARTESIAN_POINT('',(126.503173076,-128.731140506,-8.));
#7021=CARTESIAN_POINT('',(126.503173076,-128.731140506,-8.3));
#7022=CARTESIAN_POINT('',(126.745093076,-128.999940506,-7.8));
#7023=CARTESIAN_POINT('',(126.745093076,-128.999940506,-8.));
#7024=CARTESIAN_POINT('',(126.745093076,-128.999940506,-8.3));
#7025=CARTESIAN_POINT('',(126.866053076,-129.403140506,-7.8));
#7026=CARTESIAN_POINT('',(126.866053076,-129.403140506,-8.));
#7027=CARTESIAN_POINT('',(126.866053076,-129.403140506,-8.3));
#7028=CARTESIAN_POINT('',(126.866053076,-129.940740506,-7.8));
#7029=CARTESIAN_POINT('',(126.866053076,-129.940740506,-8.));
#7030=CARTESIAN_POINT('',(126.866053076,-129.940740506,-8.3));
#7031=B_SPLINE_SURFACE_WITH_KNOTS('',3,1,((#7019,#7020,#7021),(#7022,#7023,#7024),(#7025,#7026,#7027),(#7028,#7029,#7030)),.UNSPECIFIED.,.F.,.F.,.U.,(4,4),(2,1,2),(0.,1.),(1.,1.4,2.),.UNSPECIFIED.);
#7032=ORIENTED_EDGE('',*,*,#1163,.F.);
#7033=CARTESIAN_POINT('',(126.503173076,-128.731140506,-7.8));
#7034=VERTEX_POINT('',#7033);
#7035=CARTESIAN_POINT('',(126.503173076,-128.731140506,-7.8));
#7036=DIRECTION('',(0.,0.,-1.));
#7037=VECTOR('',#7036,0.5);
#7038=LINE('',#7035,#7037);
#7039=EDGE_CURVE('',#7034,#1142,#7038,.T.);
#7040=ORIENTED_EDGE('',*,*,#7039,.F.);
#7041=CARTESIAN_POINT('',(126.503173076,-128.731140506,-7.8));
#7042=CARTESIAN_POINT('',(126.575123579,-128.81108551,-7.8));
#7043=CARTESIAN_POINT('',(126.635169115,-128.902206455,-7.8));
#7044=CARTESIAN_POINT('',(126.682845162,-128.998340489,-7.8));
#7045=CARTESIAN_POINT('',(126.730521209,-129.094474524,-7.8));
#7046=CARTESIAN_POINT('',(126.766629239,-129.196397366,-7.8));
#7047=CARTESIAN_POINT('',(126.793628086,-129.300697398,-7.8));
#7048=CARTESIAN_POINT('',(126.84762578,-129.50929746,-7.8));
#7049=CARTESIAN_POINT('',(126.866053076,-129.725651673,-7.8));
#7050=CARTESIAN_POINT('',(126.866053076,-129.940740506,-7.8));
#7051=B_SPLINE_CURVE_WITH_KNOTS('',3,(#7041,#7042,#7043,#7044,#7045,#7046,#7047,#7048,#7049,#7050),.UNSPECIFIED.,.F.,.F.,(4,3,3,4),(0.002159113,0.002481778,0.002804443,0.003449773),.UNSPECIFIED.);
#7052=EDGE_CURVE('',#7034,#7002,#7051,.T.);
#7053=ORIENTED_EDGE('',*,*,#7052,.T.);
#7054=ORIENTED_EDGE('',*,*,#7007,.T.);
#7055=EDGE_LOOP('',(#7032,#7040,#7053,#7054));
#7056=FACE_BOUND('',#7055,.T.);
#7057=ADVANCED_FACE('',(#7056),#7031,.T.);
#7058=CARTESIAN_POINT('',(125.333893076,-128.247300506,-7.8));
#7059=CARTESIAN_POINT('',(125.333893076,-128.247300506,-8.));
#7060=CARTESIAN_POINT('',(125.333893076,-128.247300506,-8.3));
#7061=CARTESIAN_POINT('',(125.871493076,-128.292104006,-7.8));
#7062=CARTESIAN_POINT('',(125.871493076,-128.292104006,-8.));
#7063=CARTESIAN_POINT('',(125.871493076,-128.292104006,-8.3));
#7064=CARTESIAN_POINT('',(126.261253076,-128.453384006,-7.8));
#7065=CARTESIAN_POINT('',(126.261253076,-128.453384006,-8.));
#7066=CARTESIAN_POINT('',(126.261253076,-128.453384006,-8.3));
#7067=CARTESIAN_POINT('',(126.503173076,-128.731140506,-7.8));
#7068=CARTESIAN_POINT('',(126.503173076,-128.731140506,-8.));
#7069=CARTESIAN_POINT('',(126.503173076,-128.731140506,-8.3));
#7070=B_SPLINE_SURFACE_WITH_KNOTS('',3,1,((#7058,#7059,#7060),(#7061,#7062,#7063),(#7064,#7065,#7066),(#7067,#7068,#7069)),.UNSPECIFIED.,.F.,.F.,.U.,(4,4),(2,1,2),(0.,1.),(1.,1.4,2.),.UNSPECIFIED.);
#7071=ORIENTED_EDGE('',*,*,#1151,.F.);
#7072=CARTESIAN_POINT('',(125.333893076,-128.247300506,-7.8));
#7073=VERTEX_POINT('',#7072);
#7074=CARTESIAN_POINT('',(125.333893076,-128.247300506,-7.8));
#7075=DIRECTION('',(0.,0.,-1.));
#7076=VECTOR('',#7075,0.5);
#7077=LINE('',#7074,#7076);
#7078=EDGE_CURVE('',#7073,#1134,#7077,.T.);
#7079=ORIENTED_EDGE('',*,*,#7078,.F.);
#7080=CARTESIAN_POINT('',(125.333893076,-128.247300506,-7.8));
#7081=CARTESIAN_POINT('',(125.550057778,-128.265315638,-7.8));
#7082=CARTESIAN_POINT('',(125.764708314,-128.302912647,-7.8));
#7083=CARTESIAN_POINT('',(125.968144034,-128.377918302,-7.8));
#7084=CARTESIAN_POINT('',(126.171579753,-128.452923958,-7.8));
#7085=CARTESIAN_POINT('',(126.359627305,-128.566330772,-7.8));
#7086=CARTESIAN_POINT('',(126.503173076,-128.731140506,-7.8));
#7087=B_SPLINE_CURVE_WITH_KNOTS('',3,(#7080,#7081,#7082,#7083,#7084,#7085,#7086),.UNSPECIFIED.,.F.,.F.,(4,3,4),(0.003795158,0.0044459,0.005096642),.UNSPECIFIED.);
#7088=EDGE_CURVE('',#7073,#7034,#7087,.T.);
#7089=ORIENTED_EDGE('',*,*,#7088,.T.);
#7090=ORIENTED_EDGE('',*,*,#7039,.T.);
#7091=EDGE_LOOP('',(#7071,#7079,#7089,#7090));
#7092=FACE_BOUND('',#7091,.T.);
#7093=ADVANCED_FACE('',(#7092),#7070,.T.);
#7094=CARTESIAN_POINT('',(125.186053076,-128.240580506,-7.3));
#7095=DIRECTION('',(0.045407661,0.99896854,0.));
#7096=DIRECTION('',(-0.99896854,0.045407661,0.));
#7097=AXIS2_PLACEMENT_3D('',#7094,#7095,#7096);
#7098=PLANE('',#7097);
#7099=ORIENTED_EDGE('',*,*,#1139,.F.);
#7100=ORIENTED_EDGE('',*,*,#6156,.F.);
#7101=CARTESIAN_POINT('',(125.046301254,-128.23422815,-7.8));
#7102=DIRECTION('',(0.99896854,-0.045407661,0.));
#7103=VECTOR('',#7102,0.287888768);
#7104=LINE('',#7101,#7103);
#7105=EDGE_CURVE('',#6144,#7073,#7104,.T.);
#7106=ORIENTED_EDGE('',*,*,#7105,.T.);
#7107=ORIENTED_EDGE('',*,*,#7078,.T.);
#7108=EDGE_LOOP('',(#7099,#7100,#7106,#7107));
#7109=FACE_BOUND('',#7108,.T.);
#7110=ADVANCED_FACE('',(#7109),#7098,.T.);
#7111=CARTESIAN_POINT('',(296.141840353,-153.021334752,-7.8));
#7112=DIRECTION('',(0.,0.,-1.));
#7113=DIRECTION('',(-1.,0.,0.));
#7114=AXIS2_PLACEMENT_3D('',#7111,#7112,#7113);
#7115=PLANE('',#7114);
#7116=ORIENTED_EDGE('',*,*,#6150,.F.);
#7117=ORIENTED_EDGE('',*,*,#6200,.F.);
#7118=ORIENTED_EDGE('',*,*,#6236,.F.);
#7119=ORIENTED_EDGE('',*,*,#6272,.F.);
#7120=ORIENTED_EDGE('',*,*,#6308,.F.);
#7121=ORIENTED_EDGE('',*,*,#6332,.F.);
#7122=ORIENTED_EDGE('',*,*,#6371,.F.);
#7123=ORIENTED_EDGE('',*,*,#6416,.F.);
#7124=ORIENTED_EDGE('',*,*,#6440,.F.);
#7125=ORIENTED_EDGE('',*,*,#6464,.F.);
#7126=ORIENTED_EDGE('',*,*,#6500,.F.);
#7127=ORIENTED_EDGE('',*,*,#6536,.F.);
#7128=ORIENTED_EDGE('',*,*,#6572,.F.);
#7129=ORIENTED_EDGE('',*,*,#6608,.F.);
#7130=ORIENTED_EDGE('',*,*,#6632,.F.);
#7131=ORIENTED_EDGE('',*,*,#6656,.F.);
#7132=ORIENTED_EDGE('',*,*,#6692,.F.);
#7133=ORIENTED_EDGE('',*,*,#6728,.F.);
#7134=ORIENTED_EDGE('',*,*,#6773,.F.);
#7135=ORIENTED_EDGE('',*,*,#6797,.F.);
#7136=ORIENTED_EDGE('',*,*,#6821,.F.);
#7137=ORIENTED_EDGE('',*,*,#6857,.F.);
#7138=ORIENTED_EDGE('',*,*,#6893,.F.);
#7139=ORIENTED_EDGE('',*,*,#6929,.F.);
#7140=ORIENTED_EDGE('',*,*,#6965,.F.);
#7141=ORIENTED_EDGE('',*,*,#6989,.F.);
#7142=ORIENTED_EDGE('',*,*,#7013,.F.);
#7143=ORIENTED_EDGE('',*,*,#7052,.F.);
#7144=ORIENTED_EDGE('',*,*,#7088,.F.);
#7145=ORIENTED_EDGE('',*,*,#7105,.F.);
#7146=EDGE_LOOP('',(#7116,#7117,#7118,#7119,#7120,#7121,#7122,#7123,#7124,#7125,#7126,#7127,#7128,#7129,#7130,#7131,#7132,#7133,#7134,#7135,#7136,#7137,#7138,#7139,#7140,#7141,
#7142,#7143,#7144,#7145));
#7147=FACE_BOUND('',#7146,.T.);
#7148=ADVANCED_FACE('',(#7147),#7115,.T.);
#7149=CARTESIAN_POINT('',(129.661153076,-135.881220506,-7.8));
#7150=CARTESIAN_POINT('',(129.661153076,-135.881220506,-8.));
#7151=CARTESIAN_POINT('',(129.661153076,-135.881220506,-8.3));
#7152=CARTESIAN_POINT('',(129.562558076,-135.872295506,-7.8));
#7153=CARTESIAN_POINT('',(129.562558076,-135.872295506,-8.));
#7154=CARTESIAN_POINT('',(129.562558076,-135.872295506,-8.3));
#7155=CARTESIAN_POINT('',(129.490948076,-135.899175506,-7.8));
#7156=CARTESIAN_POINT('',(129.490948076,-135.899175506,-8.));
#7157=CARTESIAN_POINT('',(129.490948076,-135.899175506,-8.3));
#7158=CARTESIAN_POINT('',(129.446113076,-135.961860506,-7.8));
#7159=CARTESIAN_POINT('',(129.446113076,-135.961860506,-8.));
#7160=CARTESIAN_POINT('',(129.446113076,-135.961860506,-8.3));
#7161=B_SPLINE_SURFACE_WITH_KNOTS('',3,1,((#7149,#7150,#7151),(#7152,#7153,#7154),(#7155,#7156,#7157),(#7158,#7159,#7160)),.UNSPECIFIED.,.F.,.F.,.U.,(4,4),(2,1,2),(0.,1.),(1.,1.4,2.),.UNSPECIFIED.);
#7162=ORIENTED_EDGE('',*,*,#1474,.F.);
#7163=CARTESIAN_POINT('',(129.661153076,-135.881220506,-7.8));
#7164=VERTEX_POINT('',#7163);
#7165=CARTESIAN_POINT('',(129.661153076,-135.881220506,-7.8));
#7166=DIRECTION('',(0.,0.,-1.));
#7167=VECTOR('',#7166,0.5);
#7168=LINE('',#7165,#7167);
#7169=EDGE_CURVE('',#7164,#1456,#7168,.T.);
#7170=ORIENTED_EDGE('',*,*,#7169,.F.);
#7171=CARTESIAN_POINT('',(129.446113076,-135.961860506,-7.8));
#7172=VERTEX_POINT('',#7171);
#7173=CARTESIAN_POINT('',(129.661153076,-135.881220506,-7.8));
#7174=CARTESIAN_POINT('',(129.621013322,-135.877586982,-7.8));
#7175=CARTESIAN_POINT('',(129.580171172,-135.879202379,-7.8));
#7176=CARTESIAN_POINT('',(129.541831647,-135.891753764,-7.8));
#7177=CARTESIAN_POINT('',(129.503492121,-135.904305149,-7.8));
#7178=CARTESIAN_POINT('',(129.469503013,-135.929158415,-7.8));
#7179=CARTESIAN_POINT('',(129.446113076,-135.961860506,-7.8));
#7180=B_SPLINE_CURVE_WITH_KNOTS('',3,(#7173,#7174,#7175,#7176,#7177,#7178,#7179),.UNSPECIFIED.,.F.,.F.,(4,3,4),(0.000395168,0.000516079,0.000636991),.UNSPECIFIED.);
#7181=EDGE_CURVE('',#7164,#7172,#7180,.T.);
#7182=ORIENTED_EDGE('',*,*,#7181,.T.);
#7183=CARTESIAN_POINT('',(129.446113076,-135.961860506,-7.8));
#7184=DIRECTION('',(0.,0.,-1.));
#7185=VECTOR('',#7184,0.5);
#7186=LINE('',#7183,#7185);
#7187=EDGE_CURVE('',#7172,#1465,#7186,.T.);
#7188=ORIENTED_EDGE('',*,*,#7187,.T.);
#7189=EDGE_LOOP('',(#7162,#7170,#7182,#7188));
#7190=FACE_BOUND('',#7189,.T.);
#7191=ADVANCED_FACE('',(#7190),#7161,.T.);
#7192=CARTESIAN_POINT('',(129.849313041,-135.908100501,-7.8));
#7193=CARTESIAN_POINT('',(129.849313041,-135.908100501,-8.));
#7194=CARTESIAN_POINT('',(129.849313041,-135.908100501,-8.3));
#7195=CARTESIAN_POINT('',(129.786628064,-135.899175504,-7.8));
#7196=CARTESIAN_POINT('',(129.786628064,-135.899175504,-8.));
#7197=CARTESIAN_POINT('',(129.786628064,-135.899175504,-8.3));
#7198=CARTESIAN_POINT('',(129.723838087,-135.890145508,-7.8));
#7199=CARTESIAN_POINT('',(129.723838087,-135.890145508,-8.));
#7200=CARTESIAN_POINT('',(129.723838087,-135.890145508,-8.3));
#7201=CARTESIAN_POINT('',(129.66115311,-135.881220511,-7.8));
#7202=CARTESIAN_POINT('',(129.66115311,-135.881220511,-8.));
#7203=CARTESIAN_POINT('',(129.66115311,-135.881220511,-8.3));
#7204=B_SPLINE_SURFACE_WITH_KNOTS('',3,1,((#7192,#7193,#7194),(#7195,#7196,#7197),(#7198,#7199,#7200),(#7201,#7202,#7203)),.UNSPECIFIED.,.F.,.F.,.U.,(4,4),(2,1,2),(0.000000185,0.999999815),(1.,1.4,2.),.UNSPECIFIED.);
#7205=ORIENTED_EDGE('',*,*,#1462,.F.);
#7206=CARTESIAN_POINT('',(129.849313076,-135.908100506,-7.8));
#7207=VERTEX_POINT('',#7206);
#7208=CARTESIAN_POINT('',(129.849313076,-135.908100506,-7.8));
#7209=DIRECTION('',(0.,0.,-1.));
#7210=VECTOR('',#7209,0.5);
#7211=LINE('',#7208,#7210);
#7212=EDGE_CURVE('',#7207,#1454,#7211,.T.);
#7213=ORIENTED_EDGE('',*,*,#7212,.F.);
#7214=CARTESIAN_POINT('',(129.849313076,-135.908100506,-7.8));
#7215=CARTESIAN_POINT('',(129.786588877,-135.899169925,-7.8));
#7216=CARTESIAN_POINT('',(129.723877278,-135.890151088,-7.8));
#7217=CARTESIAN_POINT('',(129.661153076,-135.881220506,-7.8));
#7218=B_SPLINE_CURVE_WITH_KNOTS('',3,(#7214,#7215,#7216,#7217),.UNSPECIFIED.,.F.,.F.,(4,4),(0.,0.00019007),.UNSPECIFIED.);
#7219=EDGE_CURVE('',#7207,#7164,#7218,.T.);
#7220=ORIENTED_EDGE('',*,*,#7219,.T.);
#7221=ORIENTED_EDGE('',*,*,#7169,.T.);
#7222=EDGE_LOOP('',(#7205,#7213,#7220,#7221));
#7223=FACE_BOUND('',#7222,.T.);
#7224=ADVANCED_FACE('',(#7223),#7204,.T.);
#7225=CARTESIAN_POINT('',(129.956833076,-135.908100506,-7.3));
#7226=DIRECTION('',(0.,-1.,0.));
#7227=DIRECTION('',(0.,0.,-1.));
#7228=AXIS2_PLACEMENT_3D('',#7225,#7226,#7227);
#7229=PLANE('',#7228);
#7230=ORIENTED_EDGE('',*,*,#1658,.F.);
#7231=CARTESIAN_POINT('',(130.064353076,-135.908100506,-7.8));
#7232=VERTEX_POINT('',#7231);
#7233=CARTESIAN_POINT('',(130.064353076,-135.908100506,-7.8));
#7234=DIRECTION('',(0.,0.,-1.));
#7235=VECTOR('',#7234,0.5);
#7236=LINE('',#7233,#7235);
#7237=EDGE_CURVE('',#7232,#1640,#7236,.T.);
#7238=ORIENTED_EDGE('',*,*,#7237,.F.);
#7239=CARTESIAN_POINT('',(130.064353076,-135.908100506,-7.8));
#7240=DIRECTION('',(-1.,0.,0.));
#7241=VECTOR('',#7240,0.21504);
#7242=LINE('',#7239,#7241);
#7243=EDGE_CURVE('',#7232,#7207,#7242,.T.);
#7244=ORIENTED_EDGE('',*,*,#7243,.T.);
#7245=ORIENTED_EDGE('',*,*,#7212,.T.);
#7246=EDGE_LOOP('',(#7230,#7238,#7244,#7245));
#7247=FACE_BOUND('',#7246,.T.);
#7248=ADVANCED_FACE('',(#7247),#7229,.T.);
#7249=CARTESIAN_POINT('',(130.897633076,-135.572100506,-7.8));
#7250=CARTESIAN_POINT('',(130.897633076,-135.572100506,-8.));
#7251=CARTESIAN_POINT('',(130.897633076,-135.572100506,-8.3));
#7252=CARTESIAN_POINT('',(130.700548076,-135.796065506,-7.8));
#7253=CARTESIAN_POINT('',(130.700548076,-135.796065506,-8.));
#7254=CARTESIAN_POINT('',(130.700548076,-135.796065506,-8.3));
#7255=CARTESIAN_POINT('',(130.422718076,-135.908100506,-7.8));
#7256=CARTESIAN_POINT('',(130.422718076,-135.908100506,-8.));
#7257=CARTESIAN_POINT('',(130.422718076,-135.908100506,-8.3));
#7258=CARTESIAN_POINT('',(130.064353076,-135.908100506,-7.8));
#7259=CARTESIAN_POINT('',(130.064353076,-135.908100506,-8.));
#7260=CARTESIAN_POINT('',(130.064353076,-135.908100506,-8.3));
#7261=B_SPLINE_SURFACE_WITH_KNOTS('',3,1,((#7249,#7250,#7251),(#7252,#7253,#7254),(#7255,#7256,#7257),(#7258,#7259,#7260)),.UNSPECIFIED.,.F.,.F.,.U.,(4,4),(2,1,2),(0.,1.),(1.,1.4,2.),.UNSPECIFIED.);
#7262=ORIENTED_EDGE('',*,*,#1652,.F.);
#7263=CARTESIAN_POINT('',(130.897633076,-135.572100506,-7.8));
#7264=VERTEX_POINT('',#7263);
#7265=CARTESIAN_POINT('',(130.897633076,-135.572100506,-7.8));
#7266=DIRECTION('',(0.,0.,-1.));
#7267=VECTOR('',#7266,0.5);
#7268=LINE('',#7265,#7267);
#7269=EDGE_CURVE('',#7264,#1628,#7268,.T.);
#7270=ORIENTED_EDGE('',*,*,#7269,.F.);
#7271=CARTESIAN_POINT('',(130.897633076,-135.572100506,-7.8));
#7272=CARTESIAN_POINT('',(130.846023654,-135.630748826,-7.8));
#7273=CARTESIAN_POINT('',(130.787956997,-135.68257559,-7.8));
#7274=CARTESIAN_POINT('',(130.724409764,-135.726249606,-7.8));
#7275=CARTESIAN_POINT('',(130.660862531,-135.769923622,-7.8));
#7276=CARTESIAN_POINT('',(130.590546759,-135.806064163,-7.8));
#7277=CARTESIAN_POINT('',(130.517676742,-135.833335079,-7.8));
#7278=CARTESIAN_POINT('',(130.371936708,-135.88787691,-7.8));
#7279=CARTESIAN_POINT('',(130.219749925,-135.908096824,-7.8));
#7280=CARTESIAN_POINT('',(130.064353076,-135.908100506,-7.8));
#7281=B_SPLINE_CURVE_WITH_KNOTS('',3,(#7271,#7272,#7273,#7274,#7275,#7276,#7277,#7278,#7279,#7280),.UNSPECIFIED.,.F.,.F.,(4,3,3,4),(0.001119808,0.001354176,0.001588545,0.002057281),.UNSPECIFIED.);
#7282=EDGE_CURVE('',#7264,#7232,#7281,.T.);
#7283=ORIENTED_EDGE('',*,*,#7282,.T.);
#7284=ORIENTED_EDGE('',*,*,#7237,.T.);
#7285=EDGE_LOOP('',(#7262,#7270,#7283,#7284));
#7286=FACE_BOUND('',#7285,.T.);
#7287=ADVANCED_FACE('',(#7286),#7261,.T.);
#7288=CARTESIAN_POINT('',(131.179873076,-134.523780506,-7.8));
#7289=CARTESIAN_POINT('',(131.179873076,-134.523780506,-8.));
#7290=CARTESIAN_POINT('',(131.179873076,-134.523780506,-8.3));
#7291=CARTESIAN_POINT('',(131.179873076,-134.989665506,-7.8));
#7292=CARTESIAN_POINT('',(131.179873076,-134.989665506,-8.));
#7293=CARTESIAN_POINT('',(131.179873076,-134.989665506,-8.3));
#7294=CARTESIAN_POINT('',(131.085793076,-135.339105506,-7.8));
#7295=CARTESIAN_POINT('',(131.085793076,-135.339105506,-8.));
#7296=CARTESIAN_POINT('',(131.085793076,-135.339105506,-8.3));
#7297=CARTESIAN_POINT('',(130.897633076,-135.572100506,-7.8));
#7298=CARTESIAN_POINT('',(130.897633076,-135.572100506,-8.));
#7299=CARTESIAN_POINT('',(130.897633076,-135.572100506,-8.3));
#7300=B_SPLINE_SURFACE_WITH_KNOTS('',3,1,((#7288,#7289,#7290),(#7291,#7292,#7293),(#7294,#7295,#7296),(#7297,#7298,#7299)),.UNSPECIFIED.,.F.,.F.,.U.,(4,4),(2,1,2),(0.,1.),(1.,1.4,2.),.UNSPECIFIED.);
#7301=ORIENTED_EDGE('',*,*,#1637,.F.);
#7302=CARTESIAN_POINT('',(131.179873076,-134.523780506,-7.8));
#7303=VERTEX_POINT('',#7302);
#7304=CARTESIAN_POINT('',(131.179873076,-134.523780506,-7.8));
#7305=DIRECTION('',(0.,0.,-1.));
#7306=VECTOR('',#7305,0.5);
#7307=LINE('',#7304,#7306);
#7308=EDGE_CURVE('',#7303,#1620,#7307,.T.);
#7309=ORIENTED_EDGE('',*,*,#7308,.F.);
#7310=CARTESIAN_POINT('',(131.179873076,-134.523780506,-7.8));
#7311=CARTESIAN_POINT('',(131.179873076,-134.708407613,-7.8));
#7312=CARTESIAN_POINT('',(131.166075249,-134.892316872,-7.8));
#7313=CARTESIAN_POINT('',(131.124998049,-135.07214041,-7.8));
#7314=CARTESIAN_POINT('',(131.083920848,-135.251963949,-7.8));
#7315=CARTESIAN_POINT('',(131.013968919,-135.428044013,-7.8));
#7316=CARTESIAN_POINT('',(130.897633076,-135.572100506,-7.8));
#7317=B_SPLINE_CURVE_WITH_KNOTS('',3,(#7310,#7311,#7312,#7313,#7314,#7315,#7316),.UNSPECIFIED.,.F.,.F.,(4,3,4),(0.00559062,0.006144501,0.006698383),.UNSPECIFIED.);
#7318=EDGE_CURVE('',#7303,#7264,#7317,.T.);
#7319=ORIENTED_EDGE('',*,*,#7318,.T.);
#7320=ORIENTED_EDGE('',*,*,#7269,.T.);
#7321=EDGE_LOOP('',(#7301,#7309,#7319,#7320));
#7322=FACE_BOUND('',#7321,.T.);
#7323=ADVANCED_FACE('',(#7322),#7300,.T.);
#7324=CARTESIAN_POINT('',(131.179873076,-131.197380506,-7.3));
#7325=DIRECTION('',(1.,0.,0.));
#7326=DIRECTION('',(0.,0.,-1.));
#7327=AXIS2_PLACEMENT_3D('',#7324,#7325,#7326);
#7328=PLANE('',#7327);
#7329=ORIENTED_EDGE('',*,*,#1625,.F.);
#7330=CARTESIAN_POINT('',(131.179873076,-127.870980506,-7.8));
#7331=VERTEX_POINT('',#7330);
#7332=CARTESIAN_POINT('',(131.179873076,-127.870980506,-7.8));
#7333=DIRECTION('',(0.,0.,-1.));
#7334=VECTOR('',#7333,0.5);
#7335=LINE('',#7332,#7334);
#7336=EDGE_CURVE('',#7331,#1608,#7335,.T.);
#7337=ORIENTED_EDGE('',*,*,#7336,.F.);
#7338=CARTESIAN_POINT('',(131.179873076,-127.870980506,-7.8));
#7339=DIRECTION('',(0.,-1.,0.));
#7340=VECTOR('',#7339,6.6528);
#7341=LINE('',#7338,#7340);
#7342=EDGE_CURVE('',#7331,#7303,#7341,.T.);
#7343=ORIENTED_EDGE('',*,*,#7342,.T.);
#7344=ORIENTED_EDGE('',*,*,#7308,.T.);
#7345=EDGE_LOOP('',(#7329,#7337,#7343,#7344));
#7346=FACE_BOUND('',#7345,.T.);
#7347=ADVANCED_FACE('',(#7346),#7328,.T.);
#7348=CARTESIAN_POINT('',(131.341153076,-127.414020506,-7.8));
#7349=CARTESIAN_POINT('',(131.341153076,-127.414020506,-8.));
#7350=CARTESIAN_POINT('',(131.341153076,-127.414020506,-8.3));
#7351=CARTESIAN_POINT('',(131.233633076,-127.512584006,-7.8));
#7352=CARTESIAN_POINT('',(131.233633076,-127.512584006,-8.));
#7353=CARTESIAN_POINT('',(131.233633076,-127.512584006,-8.3));
#7354=CARTESIAN_POINT('',(131.179873076,-127.664897006,-7.8));
#7355=CARTESIAN_POINT('',(131.179873076,-127.664897006,-8.));
#7356=CARTESIAN_POINT('',(131.179873076,-127.664897006,-8.3));
#7357=CARTESIAN_POINT('',(131.179873076,-127.870980506,-7.8));
#7358=CARTESIAN_POINT('',(131.179873076,-127.870980506,-8.));
#7359=CARTESIAN_POINT('',(131.179873076,-127.870980506,-8.3));
#7360=B_SPLINE_SURFACE_WITH_KNOTS('',3,1,((#7348,#7349,#7350),(#7351,#7352,#7353),(#7354,#7355,#7356),(#7357,#7358,#7359)),.UNSPECIFIED.,.F.,.F.,.U.,(4,4),(2,1,2),(0.,1.),(1.,1.4,2.),.UNSPECIFIED.);
#7361=ORIENTED_EDGE('',*,*,#1617,.F.);
#7362=CARTESIAN_POINT('',(131.341153076,-127.414020506,-7.8));
#7363=VERTEX_POINT('',#7362);
#7364=CARTESIAN_POINT('',(131.341153076,-127.414020506,-7.8));
#7365=DIRECTION('',(0.,0.,-1.));
#7366=VECTOR('',#7365,0.5);
#7367=LINE('',#7364,#7366);
#7368=EDGE_CURVE('',#7363,#1596,#7367,.T.);
#7369=ORIENTED_EDGE('',*,*,#7368,.F.);
#7370=CARTESIAN_POINT('',(131.341153076,-127.414020506,-7.8));
#7371=CARTESIAN_POINT('',(131.279543121,-127.470498303,-7.8));
#7372=CARTESIAN_POINT('',(131.237140323,-127.54543285,-7.8));
#7373=CARTESIAN_POINT('',(131.212661137,-127.625011998,-7.8));
#7374=CARTESIAN_POINT('',(131.188181951,-127.704591145,-7.8));
#7375=CARTESIAN_POINT('',(131.179873076,-127.787678877,-7.8));
#7376=CARTESIAN_POINT('',(131.179873076,-127.870980506,-7.8));
#7377=B_SPLINE_CURVE_WITH_KNOTS('',3,(#7370,#7371,#7372,#7373,#7374,#7375,#7376),.UNSPECIFIED.,.F.,.F.,(4,3,4),(0.000700932,0.00095167,0.001202409),.UNSPECIFIED.);
#7378=EDGE_CURVE('',#7363,#7331,#7377,.T.);
#7379=ORIENTED_EDGE('',*,*,#7378,.T.);
#7380=ORIENTED_EDGE('',*,*,#7336,.T.);
#7381=EDGE_LOOP('',(#7361,#7369,#7379,#7380));
#7382=FACE_BOUND('',#7381,.T.);
#7383=ADVANCED_FACE('',(#7382),#7360,.T.);
#7384=CARTESIAN_POINT('',(131.798113076,-127.252740506,-7.8));
#7385=CARTESIAN_POINT('',(131.798113076,-127.252740506,-8.));
#7386=CARTESIAN_POINT('',(131.798113076,-127.252740506,-8.3));
#7387=CARTESIAN_POINT('',(131.601028076,-127.252740506,-7.8));
#7388=CARTESIAN_POINT('',(131.601028076,-127.252740506,-8.));
#7389=CARTESIAN_POINT('',(131.601028076,-127.252740506,-8.3));
#7390=CARTESIAN_POINT('',(131.448673076,-127.306500506,-7.8));
#7391=CARTESIAN_POINT('',(131.448673076,-127.306500506,-8.));
#7392=CARTESIAN_POINT('',(131.448673076,-127.306500506,-8.3));
#7393=CARTESIAN_POINT('',(131.341153076,-127.414020506,-7.8));
#7394=CARTESIAN_POINT('',(131.341153076,-127.414020506,-8.));
#7395=CARTESIAN_POINT('',(131.341153076,-127.414020506,-8.3));
#7396=B_SPLINE_SURFACE_WITH_KNOTS('',3,1,((#7384,#7385,#7386),(#7387,#7388,#7389),(#7390,#7391,#7392),(#7393,#7394,#7395)),.UNSPECIFIED.,.F.,.F.,.U.,(4,4),(2,1,2),(0.,1.),(1.,1.4,2.),.UNSPECIFIED.);
#7397=ORIENTED_EDGE('',*,*,#1605,.F.);
#7398=CARTESIAN_POINT('',(131.798113076,-127.252740506,-7.8));
#7399=VERTEX_POINT('',#7398);
#7400=CARTESIAN_POINT('',(131.798113076,-127.252740506,-7.8));
#7401=DIRECTION('',(0.,0.,-1.));
#7402=VECTOR('',#7401,0.5);
#7403=LINE('',#7400,#7402);
#7404=EDGE_CURVE('',#7399,#1584,#7403,.T.);
#7405=ORIENTED_EDGE('',*,*,#7404,.F.);
#7406=CARTESIAN_POINT('',(131.798113076,-127.252740506,-7.8));
#7407=CARTESIAN_POINT('',(131.71494812,-127.252740506,-7.8));
#7408=CARTESIAN_POINT('',(131.631633855,-127.262114959,-7.8));
#7409=CARTESIAN_POINT('',(131.552512505,-127.287514563,-7.8));
#7410=CARTESIAN_POINT('',(131.473391156,-127.312914167,-7.8));
#7411=CARTESIAN_POINT('',(131.399693831,-127.355479751,-7.8));
#7412=CARTESIAN_POINT('',(131.341153076,-127.414020506,-7.8));
#7413=B_SPLINE_CURVE_WITH_KNOTS('',3,(#7406,#7407,#7408,#7409,#7410,#7411,#7412),.UNSPECIFIED.,.F.,.F.,(4,3,4),(0.001267689,0.001517184,0.001766678),.UNSPECIFIED.);
#7414=EDGE_CURVE('',#7399,#7363,#7413,.T.);
#7415=ORIENTED_EDGE('',*,*,#7414,.T.);
#7416=ORIENTED_EDGE('',*,*,#7368,.T.);
#7417=EDGE_LOOP('',(#7397,#7405,#7415,#7416));
#7418=FACE_BOUND('',#7417,.T.);
#7419=ADVANCED_FACE('',(#7418),#7396,.T.);
#7420=CARTESIAN_POINT('',(132.241633076,-127.414020506,-7.8));
#7421=CARTESIAN_POINT('',(132.241633076,-127.414020506,-8.));
#7422=CARTESIAN_POINT('',(132.241633076,-127.414020506,-8.3));
#7423=CARTESIAN_POINT('',(132.134113076,-127.306500506,-7.8));
#7424=CARTESIAN_POINT('',(132.134113076,-127.306500506,-8.));
#7425=CARTESIAN_POINT('',(132.134113076,-127.306500506,-8.3));
#7426=CARTESIAN_POINT('',(131.986273076,-127.252740506,-7.8));
#7427=CARTESIAN_POINT('',(131.986273076,-127.252740506,-8.));
#7428=CARTESIAN_POINT('',(131.986273076,-127.252740506,-8.3));
#7429=CARTESIAN_POINT('',(131.798113076,-127.252740506,-7.8));
#7430=CARTESIAN_POINT('',(131.798113076,-127.252740506,-8.));
#7431=CARTESIAN_POINT('',(131.798113076,-127.252740506,-8.3));
#7432=B_SPLINE_SURFACE_WITH_KNOTS('',3,1,((#7420,#7421,#7422),(#7423,#7424,#7425),(#7426,#7427,#7428),(#7429,#7430,#7431)),.UNSPECIFIED.,.F.,.F.,.U.,(4,4),(2,1,2),(0.,1.),(1.,1.4,2.),.UNSPECIFIED.);
#7433=ORIENTED_EDGE('',*,*,#1593,.F.);
#7434=CARTESIAN_POINT('',(132.241633076,-127.414020506,-7.8));
#7435=VERTEX_POINT('',#7434);
#7436=CARTESIAN_POINT('',(132.241633076,-127.414020506,-7.8));
#7437=DIRECTION('',(0.,0.,-1.));
#7438=VECTOR('',#7437,0.5);
#7439=LINE('',#7436,#7438);
#7440=EDGE_CURVE('',#7435,#1572,#7439,.T.);
#7441=ORIENTED_EDGE('',*,*,#7440,.F.);
#7442=CARTESIAN_POINT('',(132.241633076,-127.414020506,-7.8));
#7443=CARTESIAN_POINT('',(132.184446247,-127.356833677,-7.8));
#7444=CARTESIAN_POINT('',(132.11357724,-127.314236292,-7.8));
#7445=CARTESIAN_POINT('',(132.036787794,-127.288397259,-7.8));
#7446=CARTESIAN_POINT('',(131.959998348,-127.262558227,-7.8));
#7447=CARTESIAN_POINT('',(131.878761503,-127.252740506,-7.8));
#7448=CARTESIAN_POINT('',(131.798113076,-127.252740506,-7.8));
#7449=B_SPLINE_CURVE_WITH_KNOTS('',3,(#7442,#7443,#7444,#7445,#7446,#7447,#7448),.UNSPECIFIED.,.F.,.F.,(4,3,4),(0.000806017,0.00104864,0.001291263),.UNSPECIFIED.);
#7450=EDGE_CURVE('',#7435,#7399,#7449,.T.);
#7451=ORIENTED_EDGE('',*,*,#7450,.T.);
#7452=ORIENTED_EDGE('',*,*,#7404,.T.);
#7453=EDGE_LOOP('',(#7433,#7441,#7451,#7452));
#7454=FACE_BOUND('',#7453,.T.);
#7455=ADVANCED_FACE('',(#7454),#7432,.T.);
#7456=CARTESIAN_POINT('',(132.402913076,-127.870980506,-7.8));
#7457=CARTESIAN_POINT('',(132.402913076,-127.870980506,-8.));
#7458=CARTESIAN_POINT('',(132.402913076,-127.870980506,-8.3));
#7459=CARTESIAN_POINT('',(132.402913076,-127.664897006,-7.8));
#7460=CARTESIAN_POINT('',(132.402913076,-127.664897006,-8.));
#7461=CARTESIAN_POINT('',(132.402913076,-127.664897006,-8.3));
#7462=CARTESIAN_POINT('',(132.349153076,-127.512584006,-7.8));
#7463=CARTESIAN_POINT('',(132.349153076,-127.512584006,-8.));
#7464=CARTESIAN_POINT('',(132.349153076,-127.512584006,-8.3));
#7465=CARTESIAN_POINT('',(132.241633076,-127.414020506,-7.8));
#7466=CARTESIAN_POINT('',(132.241633076,-127.414020506,-8.));
#7467=CARTESIAN_POINT('',(132.241633076,-127.414020506,-8.3));
#7468=B_SPLINE_SURFACE_WITH_KNOTS('',3,1,((#7456,#7457,#7458),(#7459,#7460,#7461),(#7462,#7463,#7464),(#7465,#7466,#7467)),.UNSPECIFIED.,.F.,.F.,.U.,(4,4),(2,1,2),(0.,1.),(1.,1.4,2.),.UNSPECIFIED.);
#7469=ORIENTED_EDGE('',*,*,#1581,.F.);
#7470=CARTESIAN_POINT('',(132.402913076,-127.870980506,-7.8));
#7471=VERTEX_POINT('',#7470);
#7472=CARTESIAN_POINT('',(132.402913076,-127.870980506,-7.8));
#7473=DIRECTION('',(0.,0.,-1.));
#7474=VECTOR('',#7473,0.5);
#7475=LINE('',#7472,#7474);
#7476=EDGE_CURVE('',#7471,#1564,#7475,.T.);
#7477=ORIENTED_EDGE('',*,*,#7476,.F.);
#7478=CARTESIAN_POINT('',(132.402913076,-127.870980506,-7.8));
#7479=CARTESIAN_POINT('',(132.402913076,-127.787736067,-7.8));
#7480=CARTESIAN_POINT('',(132.39452714,-127.704172792,-7.8));
#7481=CARTESIAN_POINT('',(132.370019276,-127.624668621,-7.8));
#7482=CARTESIAN_POINT('',(132.345511411,-127.545164451,-7.8));
#7483=CARTESIAN_POINT('',(132.303278354,-127.470531021,-7.8));
#7484=CARTESIAN_POINT('',(132.241633076,-127.414020506,-7.8));
#7485=B_SPLINE_CURVE_WITH_KNOTS('',3,(#7478,#7479,#7480,#7481,#7482,#7483,#7484),.UNSPECIFIED.,.F.,.F.,(4,3,4),(0.001198796,0.001448529,0.001698263),.UNSPECIFIED.);
#7486=EDGE_CURVE('',#7471,#7435,#7485,.T.);
#7487=ORIENTED_EDGE('',*,*,#7486,.T.);
#7488=ORIENTED_EDGE('',*,*,#7440,.T.);
#7489=EDGE_LOOP('',(#7469,#7477,#7487,#7488));
#7490=FACE_BOUND('',#7489,.T.);
#7491=ADVANCED_FACE('',(#7490),#7468,.T.);
#7492=CARTESIAN_POINT('',(132.402913076,-131.244420506,-7.3));
#7493=DIRECTION('',(-1.,0.,0.));
#7494=DIRECTION('',(0.,0.,1.));
#7495=AXIS2_PLACEMENT_3D('',#7492,#7493,#7494);
#7496=PLANE('',#7495);
#7497=ORIENTED_EDGE('',*,*,#1569,.F.);
#7498=CARTESIAN_POINT('',(132.402913076,-134.617860506,-7.8));
#7499=VERTEX_POINT('',#7498);
#7500=CARTESIAN_POINT('',(132.402913076,-134.617860506,-7.8));
#7501=DIRECTION('',(0.,0.,-1.));
#7502=VECTOR('',#7501,0.5);
#7503=LINE('',#7500,#7502);
#7504=EDGE_CURVE('',#7499,#1549,#7503,.T.);
#7505=ORIENTED_EDGE('',*,*,#7504,.F.);
#7506=CARTESIAN_POINT('',(132.402913076,-134.617860506,-7.8));
#7507=DIRECTION('',(0.,1.,0.));
#7508=VECTOR('',#7507,6.74688);
#7509=LINE('',#7506,#7508);
#7510=EDGE_CURVE('',#7499,#7471,#7509,.T.);
#7511=ORIENTED_EDGE('',*,*,#7510,.T.);
#7512=ORIENTED_EDGE('',*,*,#7476,.T.);
#7513=EDGE_LOOP('',(#7497,#7505,#7511,#7512));
#7514=FACE_BOUND('',#7513,.T.);
#7515=ADVANCED_FACE('',(#7514),#7496,.T.);
#7516=CARTESIAN_POINT('',(131.878753076,-136.351620506,-7.8));
#7517=CARTESIAN_POINT('',(131.878753076,-136.351620506,-8.));
#7518=CARTESIAN_POINT('',(131.878753076,-136.351620506,-8.3));
#7519=CARTESIAN_POINT('',(132.228193076,-135.948420506,-7.8));
#7520=CARTESIAN_POINT('',(132.228193076,-135.948420506,-8.));
#7521=CARTESIAN_POINT('',(132.228193076,-135.948420506,-8.3));
#7522=CARTESIAN_POINT('',(132.402913076,-135.370500506,-7.8));
#7523=CARTESIAN_POINT('',(132.402913076,-135.370500506,-8.));
#7524=CARTESIAN_POINT('',(132.402913076,-135.370500506,-8.3));
#7525=CARTESIAN_POINT('',(132.402913076,-134.617860506,-7.8));
#7526=CARTESIAN_POINT('',(132.402913076,-134.617860506,-8.));
#7527=CARTESIAN_POINT('',(132.402913076,-134.617860506,-8.3));
#7528=B_SPLINE_SURFACE_WITH_KNOTS('',3,1,((#7516,#7517,#7518),(#7519,#7520,#7521),(#7522,#7523,#7524),(#7525,#7526,#7527)),.UNSPECIFIED.,.F.,.F.,.U.,(4,4),(2,1,2),(0.,1.),(1.,1.4,2.),.UNSPECIFIED.);
#7529=ORIENTED_EDGE('',*,*,#1561,.F.);
#7530=CARTESIAN_POINT('',(131.878753076,-136.351620506,-7.8));
#7531=VERTEX_POINT('',#7530);
#7532=CARTESIAN_POINT('',(131.878753076,-136.351620506,-7.8));
#7533=DIRECTION('',(0.,0.,-1.));
#7534=VECTOR('',#7533,0.5);
#7535=LINE('',#7532,#7534);
#7536=EDGE_CURVE('',#7531,#1534,#7535,.T.);
#7537=ORIENTED_EDGE('',*,*,#7536,.F.);
#7538=CARTESIAN_POINT('',(131.878753076,-136.351620506,-7.8));
#7539=CARTESIAN_POINT('',(131.980047052,-136.23474284,-7.8));
#7540=CARTESIAN_POINT('',(132.065642256,-136.103568799,-7.8));
#7541=CARTESIAN_POINT('',(132.134399314,-135.965415697,-7.8));
#7542=CARTESIAN_POINT('',(132.203156372,-135.827262596,-7.8));
#7543=CARTESIAN_POINT('',(132.256076235,-135.680959491,-7.8));
#7544=CARTESIAN_POINT('',(132.295762296,-135.53158875,-7.8));
#7545=CARTESIAN_POINT('',(132.375134417,-135.232847267,-7.8));
#7546=CARTESIAN_POINT('',(132.402911026,-134.927059478,-7.8));
#7547=CARTESIAN_POINT('',(132.402913076,-134.617860506,-7.8));
#7548=B_SPLINE_CURVE_WITH_KNOTS('',3,(#7538,#7539,#7540,#7541,#7542,#7543,#7544,#7545,#7546,#7547),.UNSPECIFIED.,.F.,.F.,(4,3,3,4),(0.003278142,0.003742133,0.004206124,0.005134106),.UNSPECIFIED.);
#7549=EDGE_CURVE('',#7531,#7499,#7548,.T.);
#7550=ORIENTED_EDGE('',*,*,#7549,.T.);
#7551=ORIENTED_EDGE('',*,*,#7504,.T.);
#7552=EDGE_LOOP('',(#7529,#7537,#7550,#7551));
#7553=FACE_BOUND('',#7552,.T.);
#7554=ADVANCED_FACE('',(#7553),#7528,.T.);
#7555=CARTESIAN_POINT('',(130.346593076,-136.942980506,-7.8));
#7556=CARTESIAN_POINT('',(130.346593076,-136.942980506,-8.));
#7557=CARTESIAN_POINT('',(130.346593076,-136.942980506,-8.3));
#7558=CARTESIAN_POINT('',(131.018593076,-136.942980506,-7.8));
#7559=CARTESIAN_POINT('',(131.018593076,-136.942980506,-8.));
#7560=CARTESIAN_POINT('',(131.018593076,-136.942980506,-8.3));
#7561=CARTESIAN_POINT('',(131.529313076,-136.745895506,-7.8));
#7562=CARTESIAN_POINT('',(131.529313076,-136.745895506,-8.));
#7563=CARTESIAN_POINT('',(131.529313076,-136.745895506,-8.3));
#7564=CARTESIAN_POINT('',(131.878753076,-136.351620506,-7.8));
#7565=CARTESIAN_POINT('',(131.878753076,-136.351620506,-8.));
#7566=CARTESIAN_POINT('',(131.878753076,-136.351620506,-8.3));
#7567=B_SPLINE_SURFACE_WITH_KNOTS('',3,1,((#7555,#7556,#7557),(#7558,#7559,#7560),(#7561,#7562,#7563),(#7564,#7565,#7566)),.UNSPECIFIED.,.F.,.F.,.U.,(4,4),(2,1,2),(0.,1.),(1.,1.4,2.),.UNSPECIFIED.);
#7568=ORIENTED_EDGE('',*,*,#1546,.F.);
#7569=CARTESIAN_POINT('',(130.346593076,-136.942980506,-7.8));
#7570=VERTEX_POINT('',#7569);
#7571=CARTESIAN_POINT('',(130.346593076,-136.942980506,-7.8));
#7572=DIRECTION('',(0.,0.,-1.));
#7573=VECTOR('',#7572,0.5);
#7574=LINE('',#7571,#7573);
#7575=EDGE_CURVE('',#7570,#1525,#7574,.T.);
#7576=ORIENTED_EDGE('',*,*,#7575,.F.);
#7577=CARTESIAN_POINT('',(130.346593076,-136.942980506,-7.8));
#7578=CARTESIAN_POINT('',(130.488309517,-136.942980506,-7.8));
#7579=CARTESIAN_POINT('',(130.630321899,-136.93419465,-7.8));
#7580=CARTESIAN_POINT('',(130.769477329,-136.913959645,-7.8));
#7581=CARTESIAN_POINT('',(130.908632758,-136.893724641,-7.8));
#7582=CARTESIAN_POINT('',(131.045503362,-136.86213933,-7.8));
#7583=CARTESIAN_POINT('',(131.179277932,-136.815173884,-7.8));
#7584=CARTESIAN_POINT('',(131.313052502,-136.768208438,-7.8));
#7585=CARTESIAN_POINT('',(131.440987429,-136.70635188,-7.8));
#7586=CARTESIAN_POINT('',(131.558377742,-136.629213781,-7.8));
#7587=CARTESIAN_POINT('',(131.675768055,-136.552075683,-7.8));
#7588=CARTESIAN_POINT('',(131.784578411,-136.457878278,-7.8));
#7589=CARTESIAN_POINT('',(131.878753076,-136.351620506,-7.8));
#7590=B_SPLINE_CURVE_WITH_KNOTS('',3,(#7577,#7578,#7579,#7580,#7581,#7582,#7583,#7584,#7585,#7586,#7587,#7588,#7589),.UNSPECIFIED.,.F.,.F.,(4,3,3,3,4),(0.002360163,0.002786116,0.003212069,0.003638023,0.004063976),.UNSPECIFIED.);
#7591=EDGE_CURVE('',#7570,#7531,#7590,.T.);
#7592=ORIENTED_EDGE('',*,*,#7591,.T.);
#7593=ORIENTED_EDGE('',*,*,#7536,.T.);
#7594=EDGE_LOOP('',(#7568,#7576,#7592,#7593));
#7595=FACE_BOUND('',#7594,.T.);
#7596=ADVANCED_FACE('',(#7595),#7567,.T.);
#7597=CARTESIAN_POINT('',(130.104673076,-136.929540506,-7.8));
#7598=CARTESIAN_POINT('',(130.104673076,-136.929540506,-8.));
#7599=CARTESIAN_POINT('',(130.104673076,-136.929540506,-8.3));
#7600=CARTESIAN_POINT('',(130.185313075,-136.938465506,-7.8));
#7601=CARTESIAN_POINT('',(130.185313075,-136.938465506,-8.));
#7602=CARTESIAN_POINT('',(130.185313075,-136.938465506,-8.3));
#7603=CARTESIAN_POINT('',(130.265953075,-136.942980506,-7.8));
#7604=CARTESIAN_POINT('',(130.265953075,-136.942980506,-8.));
#7605=CARTESIAN_POINT('',(130.265953075,-136.942980506,-8.3));
#7606=CARTESIAN_POINT('',(130.346593074,-136.942980506,-7.8));
#7607=CARTESIAN_POINT('',(130.346593074,-136.942980506,-8.));
#7608=CARTESIAN_POINT('',(130.346593074,-136.942980506,-8.3));
#7609=B_SPLINE_SURFACE_WITH_KNOTS('',3,1,((#7597,#7598,#7599),(#7600,#7601,#7602),(#7603,#7604,#7605),(#7606,#7607,#7608)),.UNSPECIFIED.,.F.,.F.,.U.,(4,4),(2,1,2),(0.,0.999999994),(1.,1.4,2.),.UNSPECIFIED.);
#7610=ORIENTED_EDGE('',*,*,#1531,.F.);
#7611=CARTESIAN_POINT('',(130.104673076,-136.929540506,-7.8));
#7612=VERTEX_POINT('',#7611);
#7613=CARTESIAN_POINT('',(130.104673076,-136.929540506,-7.8));
#7614=DIRECTION('',(0.,0.,-1.));
#7615=VECTOR('',#7614,0.5);
#7616=LINE('',#7613,#7615);
#7617=EDGE_CURVE('',#7612,#1516,#7616,.T.);
#7618=ORIENTED_EDGE('',*,*,#7617,.F.);
#7619=CARTESIAN_POINT('',(130.104673076,-136.929540506,-7.8));
#7620=CARTESIAN_POINT('',(130.184992975,-136.938430078,-7.8));
#7621=CARTESIAN_POINT('',(130.265782879,-136.942980506,-7.8));
#7622=CARTESIAN_POINT('',(130.346593076,-136.942980506,-7.8));
#7623=B_SPLINE_CURVE_WITH_KNOTS('',3,(#7619,#7620,#7621,#7622),.UNSPECIFIED.,.F.,.F.,(4,4),(0.000973589,0.00121602),.UNSPECIFIED.);
#7624=EDGE_CURVE('',#7612,#7570,#7623,.T.);
#7625=ORIENTED_EDGE('',*,*,#7624,.T.);
#7626=ORIENTED_EDGE('',*,*,#7575,.T.);
#7627=EDGE_LOOP('',(#7610,#7618,#7625,#7626));
#7628=FACE_BOUND('',#7627,.T.);
#7629=ADVANCED_FACE('',(#7628),#7609,.T.);
#7630=CARTESIAN_POINT('',(129.862753076,-136.916100506,-7.8));
#7631=CARTESIAN_POINT('',(129.862753076,-136.916100506,-8.));
#7632=CARTESIAN_POINT('',(129.862753076,-136.916100506,-8.3));
#7633=CARTESIAN_POINT('',(129.943393075,-136.925025506,-7.8));
#7634=CARTESIAN_POINT('',(129.943393075,-136.925025506,-8.));
#7635=CARTESIAN_POINT('',(129.943393075,-136.925025506,-8.3));
#7636=CARTESIAN_POINT('',(130.024033075,-136.929540506,-7.8));
#7637=CARTESIAN_POINT('',(130.024033075,-136.929540506,-8.));
#7638=CARTESIAN_POINT('',(130.024033075,-136.929540506,-8.3));
#7639=CARTESIAN_POINT('',(130.104673074,-136.929540506,-7.8));
#7640=CARTESIAN_POINT('',(130.104673074,-136.929540506,-8.));
#7641=CARTESIAN_POINT('',(130.104673074,-136.929540506,-8.3));
#7642=B_SPLINE_SURFACE_WITH_KNOTS('',3,1,((#7630,#7631,#7632),(#7633,#7634,#7635),(#7636,#7637,#7638),(#7639,#7640,#7641)),.UNSPECIFIED.,.F.,.F.,.U.,(4,4),(2,1,2),(0.,0.999999994),(1.,1.4,2.),.UNSPECIFIED.);
#7643=ORIENTED_EDGE('',*,*,#1522,.F.);
#7644=CARTESIAN_POINT('',(129.862753076,-136.916100506,-7.8));
#7645=VERTEX_POINT('',#7644);
#7646=CARTESIAN_POINT('',(129.862753076,-136.916100506,-7.8));
#7647=DIRECTION('',(0.,0.,-1.));
#7648=VECTOR('',#7647,0.5);
#7649=LINE('',#7646,#7648);
#7650=EDGE_CURVE('',#7645,#1504,#7649,.T.);
#7651=ORIENTED_EDGE('',*,*,#7650,.F.);
#7652=CARTESIAN_POINT('',(129.862753076,-136.916100506,-7.8));
#7653=CARTESIAN_POINT('',(129.943080191,-136.924990877,-7.8));
#7654=CARTESIAN_POINT('',(130.023855235,-136.929540506,-7.8));
#7655=CARTESIAN_POINT('',(130.104673076,-136.929540506,-7.8));
#7656=B_SPLINE_CURVE_WITH_KNOTS('',3,(#7652,#7653,#7654,#7655),.UNSPECIFIED.,.F.,.F.,(4,4),(0.000973589,0.001216042),.UNSPECIFIED.);
#7657=EDGE_CURVE('',#7645,#7612,#7656,.T.);
#7658=ORIENTED_EDGE('',*,*,#7657,.T.);
#7659=ORIENTED_EDGE('',*,*,#7617,.T.);
#7660=EDGE_LOOP('',(#7643,#7651,#7658,#7659));
#7661=FACE_BOUND('',#7660,.T.);
#7662=ADVANCED_FACE('',(#7661),#7642,.T.);
#7663=CARTESIAN_POINT('',(129.499873152,-136.741380601,-7.8));
#7664=CARTESIAN_POINT('',(129.499873152,-136.741380601,-8.));
#7665=CARTESIAN_POINT('',(129.499873152,-136.741380601,-8.3));
#7666=CARTESIAN_POINT('',(129.571588161,-136.830945547,-7.8));
#7667=CARTESIAN_POINT('',(129.571588161,-136.830945547,-8.));
#7668=CARTESIAN_POINT('',(129.571588161,-136.830945547,-8.3));
#7669=CARTESIAN_POINT('',(129.692548136,-136.889220515,-7.8));
#7670=CARTESIAN_POINT('',(129.692548136,-136.889220515,-8.));
#7671=CARTESIAN_POINT('',(129.692548136,-136.889220515,-8.3));
#7672=CARTESIAN_POINT('',(129.862753076,-136.916100506,-7.8));
#7673=CARTESIAN_POINT('',(129.862753076,-136.916100506,-8.));
#7674=CARTESIAN_POINT('',(129.862753076,-136.916100506,-8.3));
#7675=B_SPLINE_SURFACE_WITH_KNOTS('',3,1,((#7663,#7664,#7665),(#7666,#7667,#7668),(#7669,#7670,#7671),(#7672,#7673,#7674)),.UNSPECIFIED.,.F.,.F.,.U.,(4,4),(2,1,2),(0.000000354,1.),(1.,1.4,2.),.UNSPECIFIED.);
#7676=ORIENTED_EDGE('',*,*,#1513,.F.);
#7677=CARTESIAN_POINT('',(129.499873076,-136.741380506,-7.8));
#7678=VERTEX_POINT('',#7677);
#7679=CARTESIAN_POINT('',(129.499873076,-136.741380506,-7.8));
#7680=DIRECTION('',(0.,0.,-1.));
#7681=VECTOR('',#7680,0.5);
#7682=LINE('',#7679,#7681);
#7683=EDGE_CURVE('',#7678,#1492,#7682,.T.);
#7684=ORIENTED_EDGE('',*,*,#7683,.F.);
#7685=CARTESIAN_POINT('',(129.499873076,-136.741380506,-7.8));
#7686=CARTESIAN_POINT('',(129.543218199,-136.795514313,-7.8));
#7687=CARTESIAN_POINT('',(129.601183605,-136.833931318,-7.8));
#7688=CARTESIAN_POINT('',(129.664329743,-136.861376496,-7.8));
#7689=CARTESIAN_POINT('',(129.727475881,-136.888821675,-7.8));
#7690=CARTESIAN_POINT('',(129.794859584,-136.905378277,-7.8));
#7691=CARTESIAN_POINT('',(129.862753076,-136.916100506,-7.8));
#7692=B_SPLINE_CURVE_WITH_KNOTS('',3,(#7685,#7686,#7687,#7688,#7689,#7690,#7691),.UNSPECIFIED.,.F.,.F.,(4,3,4),(0.000646885,0.000854932,0.001062979),.UNSPECIFIED.);
#7693=EDGE_CURVE('',#7678,#7645,#7692,.T.);
#7694=ORIENTED_EDGE('',*,*,#7693,.T.);
#7695=ORIENTED_EDGE('',*,*,#7650,.T.);
#7696=EDGE_LOOP('',(#7676,#7684,#7694,#7695));
#7697=FACE_BOUND('',#7696,.T.);
#7698=ADVANCED_FACE('',(#7697),#7675,.T.);
#7699=CARTESIAN_POINT('',(129.378913076,-136.338180506,-7.8));
#7700=CARTESIAN_POINT('',(129.378913076,-136.338180506,-8.));
#7701=CARTESIAN_POINT('',(129.378913076,-136.338180506,-8.3));
#7702=CARTESIAN_POINT('',(129.378913076,-136.508385487,-7.8));
#7703=CARTESIAN_POINT('',(129.378913076,-136.508385487,-8.));
#7704=CARTESIAN_POINT('',(129.378913076,-136.508385487,-8.3));
#7705=CARTESIAN_POINT('',(129.419233066,-136.642785476,-7.8));
#7706=CARTESIAN_POINT('',(129.419233066,-136.642785476,-8.));
#7707=CARTESIAN_POINT('',(129.419233066,-136.642785476,-8.3));
#7708=CARTESIAN_POINT('',(129.499873048,-136.741380473,-7.8));
#7709=CARTESIAN_POINT('',(129.499873048,-136.741380473,-8.));
#7710=CARTESIAN_POINT('',(129.499873048,-136.741380473,-8.3));
#7711=B_SPLINE_SURFACE_WITH_KNOTS('',3,1,((#7699,#7700,#7701),(#7702,#7703,#7704),(#7705,#7706,#7707),(#7708,#7709,#7710)),.UNSPECIFIED.,.F.,.F.,.U.,(4,4),(2,1,2),(0.,0.999999887),(1.,1.4,2.),.UNSPECIFIED.);
#7712=ORIENTED_EDGE('',*,*,#1501,.F.);
#7713=CARTESIAN_POINT('',(129.378913076,-136.338180506,-7.8));
#7714=VERTEX_POINT('',#7713);
#7715=CARTESIAN_POINT('',(129.378913076,-136.338180506,-7.8));
#7716=DIRECTION('',(0.,0.,-1.));
#7717=VECTOR('',#7716,0.5);
#7718=LINE('',#7715,#7717);
#7719=EDGE_CURVE('',#7714,#1477,#7718,.T.);
#7720=ORIENTED_EDGE('',*,*,#7719,.F.);
#7721=CARTESIAN_POINT('',(129.378913076,-136.338180506,-7.8));
#7722=CARTESIAN_POINT('',(129.378913076,-136.409868101,-7.8));
#7723=CARTESIAN_POINT('',(129.385836023,-136.481320825,-7.8));
#7724=CARTESIAN_POINT('',(129.404556873,-136.550514351,-7.8));
#7725=CARTESIAN_POINT('',(129.423277723,-136.619707878,-7.8));
#7726=CARTESIAN_POINT('',(129.454525634,-136.685936173,-7.8));
#7727=CARTESIAN_POINT('',(129.499873076,-136.741380506,-7.8));
#7728=B_SPLINE_CURVE_WITH_KNOTS('',3,(#7721,#7722,#7723,#7724,#7725,#7726,#7727),.UNSPECIFIED.,.F.,.F.,(4,3,4),(0.00109256,0.001307623,0.001522686),.UNSPECIFIED.);
#7729=EDGE_CURVE('',#7714,#7678,#7728,.T.);
#7730=ORIENTED_EDGE('',*,*,#7729,.T.);
#7731=ORIENTED_EDGE('',*,*,#7683,.T.);
#7732=EDGE_LOOP('',(#7712,#7720,#7730,#7731));
#7733=FACE_BOUND('',#7732,.T.);
#7734=ADVANCED_FACE('',(#7733),#7711,.T.);
#7735=CARTESIAN_POINT('',(129.446113076,-135.961860506,-7.8));
#7736=CARTESIAN_POINT('',(129.446113076,-135.961860506,-8.));
#7737=CARTESIAN_POINT('',(129.446113076,-135.961860506,-8.3));
#7738=CARTESIAN_POINT('',(129.401278076,-136.024545506,-7.8));
#7739=CARTESIAN_POINT('',(129.401278076,-136.024545506,-8.));
#7740=CARTESIAN_POINT('',(129.401278076,-136.024545506,-8.3));
#7741=CARTESIAN_POINT('',(129.378913076,-136.150020506,-7.8));
#7742=CARTESIAN_POINT('',(129.378913076,-136.150020506,-8.));
#7743=CARTESIAN_POINT('',(129.378913076,-136.150020506,-8.3));
#7744=CARTESIAN_POINT('',(129.378913076,-136.338180506,-7.8));
#7745=CARTESIAN_POINT('',(129.378913076,-136.338180506,-8.));
#7746=CARTESIAN_POINT('',(129.378913076,-136.338180506,-8.3));
#7747=B_SPLINE_SURFACE_WITH_KNOTS('',3,1,((#7735,#7736,#7737),(#7738,#7739,#7740),(#7741,#7742,#7743),(#7744,#7745,#7746)),.UNSPECIFIED.,.F.,.F.,.U.,(4,4),(2,1,2),(0.,1.),(1.,1.4,2.),.UNSPECIFIED.);
#7748=ORIENTED_EDGE('',*,*,#1489,.F.);
#7749=ORIENTED_EDGE('',*,*,#7187,.F.);
#7750=CARTESIAN_POINT('',(129.446113076,-135.961860506,-7.8));
#7751=CARTESIAN_POINT('',(129.427406511,-135.988014649,-7.8));
#7752=CARTESIAN_POINT('',(129.416064462,-136.018835613,-7.8));
#7753=CARTESIAN_POINT('',(129.407513954,-136.049931728,-7.8));
#7754=CARTESIAN_POINT('',(129.398963446,-136.081027842,-7.8));
#7755=CARTESIAN_POINT('',(129.393397408,-136.113006043,-7.8));
#7756=CARTESIAN_POINT('',(129.389331127,-136.14500563,-7.8));
#7757=CARTESIAN_POINT('',(129.381198564,-136.209004803,-7.8));
#7758=CARTESIAN_POINT('',(129.378913076,-136.273595493,-7.8));
#7759=CARTESIAN_POINT('',(129.378913076,-136.338180506,-7.8));
#7760=B_SPLINE_CURVE_WITH_KNOTS('',3,(#7750,#7751,#7752,#7753,#7754,#7755,#7756,#7757,#7758,#7759),.UNSPECIFIED.,.F.,.F.,(4,3,3,4),(0.000924825,0.001021291,0.001117757,0.00131069),.UNSPECIFIED.);
#7761=EDGE_CURVE('',#7172,#7714,#7760,.T.);
#7762=ORIENTED_EDGE('',*,*,#7761,.T.);
#7763=ORIENTED_EDGE('',*,*,#7719,.T.);
#7764=EDGE_LOOP('',(#7748,#7749,#7762,#7763));
#7765=FACE_BOUND('',#7764,.T.);
#7766=ADVANCED_FACE('',(#7765),#7747,.T.);
#7767=CARTESIAN_POINT('',(296.141840353,-153.021334752,-7.8));
#7768=DIRECTION('',(0.,0.,-1.));
#7769=DIRECTION('',(-1.,0.,0.));
#7770=AXIS2_PLACEMENT_3D('',#7767,#7768,#7769);
#7771=PLANE('',#7770);
#7772=ORIENTED_EDGE('',*,*,#7181,.F.);
#7773=ORIENTED_EDGE('',*,*,#7219,.F.);
#7774=ORIENTED_EDGE('',*,*,#7243,.F.);
#7775=ORIENTED_EDGE('',*,*,#7282,.F.);
#7776=ORIENTED_EDGE('',*,*,#7318,.F.);
#7777=ORIENTED_EDGE('',*,*,#7342,.F.);
#7778=ORIENTED_EDGE('',*,*,#7378,.F.);
#7779=ORIENTED_EDGE('',*,*,#7414,.F.);
#7780=ORIENTED_EDGE('',*,*,#7450,.F.);
#7781=ORIENTED_EDGE('',*,*,#7486,.F.);
#7782=ORIENTED_EDGE('',*,*,#7510,.F.);
#7783=ORIENTED_EDGE('',*,*,#7549,.F.);
#7784=ORIENTED_EDGE('',*,*,#7591,.F.);
#7785=ORIENTED_EDGE('',*,*,#7624,.F.);
#7786=ORIENTED_EDGE('',*,*,#7657,.F.);
#7787=ORIENTED_EDGE('',*,*,#7693,.F.);
#7788=ORIENTED_EDGE('',*,*,#7729,.F.);
#7789=ORIENTED_EDGE('',*,*,#7761,.F.);
#7790=EDGE_LOOP('',(#7772,#7773,#7774,#7775,#7776,#7777,#7778,#7779,#7780,#7781,#7782,#7783,#7784,#7785,#7786,#7787,#7788,#7789));
#7791=FACE_BOUND('',#7790,.T.);
#7792=ADVANCED_FACE('',(#7791),#7771,.T.);
#7793=CARTESIAN_POINT('',(141.031078076,-127.467780506,-7.8));
#7794=CARTESIAN_POINT('',(141.031078076,-127.467780506,-8.));
#7795=CARTESIAN_POINT('',(141.031078076,-127.467780506,-8.3));
#7796=CARTESIAN_POINT('',(140.932483076,-127.611137006,-7.8));
#7797=CARTESIAN_POINT('',(140.932483076,-127.611137006,-8.));
#7798=CARTESIAN_POINT('',(140.932483076,-127.611137006,-8.3));
#7799=CARTESIAN_POINT('',(140.919043076,-127.785857006,-7.8));
#7800=CARTESIAN_POINT('',(140.919043076,-127.785857006,-8.));
#7801=CARTESIAN_POINT('',(140.919043076,-127.785857006,-8.3));
#7802=CARTESIAN_POINT('',(140.990758076,-127.991940506,-7.8));
#7803=CARTESIAN_POINT('',(140.990758076,-127.991940506,-8.));
#7804=CARTESIAN_POINT('',(140.990758076,-127.991940506,-8.3));
#7805=B_SPLINE_SURFACE_WITH_KNOTS('',3,1,((#7793,#7794,#7795),(#7796,#7797,#7798),(#7799,#7800,#7801),(#7802,#7803,#7804)),.UNSPECIFIED.,.F.,.F.,.U.,(4,4),(2,1,2),(0.,1.),(1.,1.4,2.),.UNSPECIFIED.);
#7806=ORIENTED_EDGE('',*,*,#1692,.F.);
#7807=CARTESIAN_POINT('',(141.031078076,-127.467780506,-7.8));
#7808=VERTEX_POINT('',#7807);
#7809=CARTESIAN_POINT('',(141.031078076,-127.467780506,-7.8));
#7810=DIRECTION('',(0.,0.,-1.));
#7811=VECTOR('',#7810,0.5);
#7812=LINE('',#7809,#7811);
#7813=EDGE_CURVE('',#7808,#1665,#7812,.T.);
#7814=ORIENTED_EDGE('',*,*,#7813,.F.);
#7815=CARTESIAN_POINT('',(140.990758076,-127.991940506,-7.8));
#7816=VERTEX_POINT('',#7815);
#7817=CARTESIAN_POINT('',(141.031078076,-127.467780506,-7.8));
#7818=CARTESIAN_POINT('',(141.005031349,-127.50565228,-7.8));
#7819=CARTESIAN_POINT('',(140.984406654,-127.546684671,-7.8));
#7820=CARTESIAN_POINT('',(140.970147918,-127.589822182,-7.8));
#7821=CARTESIAN_POINT('',(140.955889183,-127.632959693,-7.8));
#7822=CARTESIAN_POINT('',(140.947890119,-127.679059553,-7.8));
#7823=CARTESIAN_POINT('',(140.945955079,-127.724763081,-7.8));
#7824=CARTESIAN_POINT('',(140.942085,-127.816170137,-7.8));
#7825=CARTESIAN_POINT('',(140.960711046,-127.905595988,-7.8));
#7826=CARTESIAN_POINT('',(140.990758076,-127.991940506,-7.8));
#7827=B_SPLINE_CURVE_WITH_KNOTS('',3,(#7817,#7818,#7819,#7820,#7821,#7822,#7823,#7824,#7825,#7826),.UNSPECIFIED.,.F.,.F.,(4,3,3,4),(0.000621372,0.000759265,0.000897157,0.001172942),.UNSPECIFIED.);
#7828=EDGE_CURVE('',#7808,#7816,#7827,.T.);
#7829=ORIENTED_EDGE('',*,*,#7828,.T.);
#7830=CARTESIAN_POINT('',(140.990758076,-127.991940506,-7.8));
#7831=DIRECTION('',(0.,0.,-1.));
#7832=VECTOR('',#7831,0.5);
#7833=LINE('',#7830,#7832);
#7834=EDGE_CURVE('',#7816,#1677,#7833,.T.);
#7835=ORIENTED_EDGE('',*,*,#7834,.T.);
#7836=EDGE_LOOP('',(#7806,#7814,#7829,#7835));
#7837=FACE_BOUND('',#7836,.T.);
#7838=ADVANCED_FACE('',(#7837),#7805,.T.);
#7839=CARTESIAN_POINT('',(141.488038076,-127.252740506,-7.8));
#7840=CARTESIAN_POINT('',(141.488038076,-127.252740506,-8.));
#7841=CARTESIAN_POINT('',(141.488038076,-127.252740506,-8.3));
#7842=CARTESIAN_POINT('',(141.281923076,-127.252740506,-7.8));
#7843=CARTESIAN_POINT('',(141.281923076,-127.252740506,-8.));
#7844=CARTESIAN_POINT('',(141.281923076,-127.252740506,-8.3));
#7845=CARTESIAN_POINT('',(141.129673076,-127.324424006,-7.8));
#7846=CARTESIAN_POINT('',(141.129673076,-127.324424006,-8.));
#7847=CARTESIAN_POINT('',(141.129673076,-127.324424006,-8.3));
#7848=CARTESIAN_POINT('',(141.031078076,-127.467780506,-7.8));
#7849=CARTESIAN_POINT('',(141.031078076,-127.467780506,-8.));
#7850=CARTESIAN_POINT('',(141.031078076,-127.467780506,-8.3));
#7851=B_SPLINE_SURFACE_WITH_KNOTS('',3,1,((#7839,#7840,#7841),(#7842,#7843,#7844),(#7845,#7846,#7847),(#7848,#7849,#7850)),.UNSPECIFIED.,.F.,.F.,.U.,(4,4),(2,1,2),(0.,1.),(1.,1.4,2.),.UNSPECIFIED.);
#7852=ORIENTED_EDGE('',*,*,#1674,.F.);
#7853=CARTESIAN_POINT('',(141.488038076,-127.252740506,-7.8));
#7854=VERTEX_POINT('',#7853);
#7855=CARTESIAN_POINT('',(141.488038076,-127.252740506,-7.8));
#7856=DIRECTION('',(0.,0.,-1.));
#7857=VECTOR('',#7856,0.5);
#7858=LINE('',#7855,#7857);
#7859=EDGE_CURVE('',#7854,#1663,#7858,.T.);
#7860=ORIENTED_EDGE('',*,*,#7859,.F.);
#7861=CARTESIAN_POINT('',(141.488038076,-127.252740506,-7.8));
#7862=CARTESIAN_POINT('',(141.443915915,-127.252740506,-7.8));
#7863=CARTESIAN_POINT('',(141.400324839,-127.255985313,-7.8));
#7864=CARTESIAN_POINT('',(141.357443191,-127.263564571,-7.8));
#7865=CARTESIAN_POINT('',(141.314561543,-127.27114383,-7.8));
#7866=CARTESIAN_POINT('',(141.27182482,-127.283294803,-7.8));
#7867=CARTESIAN_POINT('',(141.231471114,-127.300949067,-7.8));
#7868=CARTESIAN_POINT('',(141.150763702,-127.336257594,-7.8));
#7869=CARTESIAN_POINT('',(141.081387723,-127.394630599,-7.8));
#7870=CARTESIAN_POINT('',(141.031078076,-127.467780506,-7.8));
#7871=B_SPLINE_CURVE_WITH_KNOTS('',3,(#7861,#7862,#7863,#7864,#7865,#7866,#7867,#7868,#7869,#7870),.UNSPECIFIED.,.F.,.F.,(4,3,3,4),(0.,0.000130628,0.000261257,0.000522513),.UNSPECIFIED.);
#7872=EDGE_CURVE('',#7854,#7808,#7871,.T.);
#7873=ORIENTED_EDGE('',*,*,#7872,.T.);
#7874=ORIENTED_EDGE('',*,*,#7813,.T.);
#7875=EDGE_LOOP('',(#7852,#7860,#7873,#7874));
#7876=FACE_BOUND('',#7875,.T.);
#7877=ADVANCED_FACE('',(#7876),#7851,.T.);
#7878=CARTESIAN_POINT('',(141.904678076,-127.387140506,-7.8));
#7879=CARTESIAN_POINT('',(141.904678076,-127.387140506,-8.));
#7880=CARTESIAN_POINT('',(141.904678076,-127.387140506,-8.3));
#7881=CARTESIAN_POINT('',(141.806083076,-127.297544006,-7.8));
#7882=CARTESIAN_POINT('',(141.806083076,-127.297544006,-8.));
#7883=CARTESIAN_POINT('',(141.806083076,-127.297544006,-8.3));
#7884=CARTESIAN_POINT('',(141.667273076,-127.252740506,-7.8));
#7885=CARTESIAN_POINT('',(141.667273076,-127.252740506,-8.));
#7886=CARTESIAN_POINT('',(141.667273076,-127.252740506,-8.3));
#7887=CARTESIAN_POINT('',(141.488038076,-127.252740506,-7.8));
#7888=CARTESIAN_POINT('',(141.488038076,-127.252740506,-8.));
#7889=CARTESIAN_POINT('',(141.488038076,-127.252740506,-8.3));
#7890=B_SPLINE_SURFACE_WITH_KNOTS('',3,1,((#7878,#7879,#7880),(#7881,#7882,#7883),(#7884,#7885,#7886),(#7887,#7888,#7889)),.UNSPECIFIED.,.F.,.F.,.U.,(4,4),(2,1,2),(0.,1.),(1.,1.4,2.),.UNSPECIFIED.);
#7891=ORIENTED_EDGE('',*,*,#1976,.F.);
#7892=CARTESIAN_POINT('',(141.904678076,-127.387140506,-7.8));
#7893=VERTEX_POINT('',#7892);
#7894=CARTESIAN_POINT('',(141.904678076,-127.387140506,-7.8));
#7895=DIRECTION('',(0.,0.,-1.));
#7896=VECTOR('',#7895,0.5);
#7897=LINE('',#7894,#7896);
#7898=EDGE_CURVE('',#7893,#1957,#7897,.T.);
#7899=ORIENTED_EDGE('',*,*,#7898,.F.);
#7900=CARTESIAN_POINT('',(141.904678076,-127.387140506,-7.8));
#7901=CARTESIAN_POINT('',(141.84950838,-127.337006,-7.8));
#7902=CARTESIAN_POINT('',(141.781392073,-127.301940603,-7.8));
#7903=CARTESIAN_POINT('',(141.709557098,-127.281127423,-7.8));
#7904=CARTESIAN_POINT('',(141.637722122,-127.260314244,-7.8));
#7905=CARTESIAN_POINT('',(141.562802119,-127.252740506,-7.8));
#7906=CARTESIAN_POINT('',(141.488038076,-127.252740506,-7.8));
#7907=B_SPLINE_CURVE_WITH_KNOTS('',3,(#7900,#7901,#7902,#7903,#7904,#7905,#7906),.UNSPECIFIED.,.F.,.F.,(4,3,4),(0.001237972,0.001462265,0.001686557),.UNSPECIFIED.);
#7908=EDGE_CURVE('',#7893,#7854,#7907,.T.);
#7909=ORIENTED_EDGE('',*,*,#7908,.T.);
#7910=ORIENTED_EDGE('',*,*,#7859,.T.);
#7911=EDGE_LOOP('',(#7891,#7899,#7909,#7910));
#7912=FACE_BOUND('',#7911,.T.);
#7913=ADVANCED_FACE('',(#7912),#7890,.T.);
#7914=CARTESIAN_POINT('',(142.146598076,-127.776900506,-7.8));
#7915=CARTESIAN_POINT('',(142.146598076,-127.776900506,-8.));
#7916=CARTESIAN_POINT('',(142.146598076,-127.776900506,-8.3));
#7917=CARTESIAN_POINT('',(142.083913076,-127.597697006,-7.8));
#7918=CARTESIAN_POINT('',(142.083913076,-127.597697006,-8.));
#7919=CARTESIAN_POINT('',(142.083913076,-127.597697006,-8.3));
#7920=CARTESIAN_POINT('',(142.003273076,-127.467780506,-7.8));
#7921=CARTESIAN_POINT('',(142.003273076,-127.467780506,-8.));
#7922=CARTESIAN_POINT('',(142.003273076,-127.467780506,-8.3));
#7923=CARTESIAN_POINT('',(141.904678076,-127.387140506,-7.8));
#7924=CARTESIAN_POINT('',(141.904678076,-127.387140506,-8.));
#7925=CARTESIAN_POINT('',(141.904678076,-127.387140506,-8.3));
#7926=B_SPLINE_SURFACE_WITH_KNOTS('',3,1,((#7914,#7915,#7916),(#7917,#7918,#7919),(#7920,#7921,#7922),(#7923,#7924,#7925)),.UNSPECIFIED.,.F.,.F.,.U.,(4,4),(2,1,2),(0.,1.),(1.,1.4,2.),.UNSPECIFIED.);
#7927=ORIENTED_EDGE('',*,*,#1966,.F.);
#7928=CARTESIAN_POINT('',(142.146598076,-127.776900506,-7.8));
#7929=VERTEX_POINT('',#7928);
#7930=CARTESIAN_POINT('',(142.146598076,-127.776900506,-7.8));
#7931=DIRECTION('',(0.,0.,-1.));
#7932=VECTOR('',#7931,0.5);
#7933=LINE('',#7930,#7932);
#7934=EDGE_CURVE('',#7929,#1949,#7933,.T.);
#7935=ORIENTED_EDGE('',*,*,#7934,.F.);
#7936=CARTESIAN_POINT('',(142.146598076,-127.776900506,-7.8));
#7937=CARTESIAN_POINT('',(142.12101914,-127.703775598,-7.8));
#7938=CARTESIAN_POINT('',(142.09040965,-127.632308776,-7.8));
#7939=CARTESIAN_POINT('',(142.0513693,-127.565436382,-7.8));
#7940=CARTESIAN_POINT('',(142.012328951,-127.498563988,-7.8));
#7941=CARTESIAN_POINT('',(141.96455359,-127.436112173,-7.8));
#7942=CARTESIAN_POINT('',(141.904678076,-127.387140506,-7.8));
#7943=B_SPLINE_CURVE_WITH_KNOTS('',3,(#7936,#7937,#7938,#7939,#7940,#7941,#7942),.UNSPECIFIED.,.F.,.F.,(4,3,4),(0.002278209,0.002510618,0.002743026),.UNSPECIFIED.);
#7944=EDGE_CURVE('',#7929,#7893,#7943,.T.);
#7945=ORIENTED_EDGE('',*,*,#7944,.T.);
#7946=ORIENTED_EDGE('',*,*,#7898,.T.);
#7947=EDGE_LOOP('',(#7927,#7935,#7945,#7946));
#7948=FACE_BOUND('',#7947,.T.);
#7949=ADVANCED_FACE('',(#7948),#7926,.T.);
#7950=CARTESIAN_POINT('',(143.403246647,-131.429228866,-7.3));
#7951=DIRECTION('',(-0.945594178,-0.325348505,0.));
#7952=DIRECTION('',(0.325348505,-0.945594178,0.));
#7953=AXIS2_PLACEMENT_3D('',#7950,#7951,#7952);
#7954=PLANE('',#7953);
#7955=ORIENTED_EDGE('',*,*,#1954,.F.);
#7956=CARTESIAN_POINT('',(144.659895218,-135.081557226,-7.8));
#7957=VERTEX_POINT('',#7956);
#7958=CARTESIAN_POINT('',(144.659895218,-135.081557226,-7.8));
#7959=DIRECTION('',(0.,0.,-1.));
#7960=VECTOR('',#7959,0.5);
#7961=LINE('',#7958,#7960);
#7962=EDGE_CURVE('',#7957,#1941,#7961,.T.);
#7963=ORIENTED_EDGE('',*,*,#7962,.F.);
#7964=CARTESIAN_POINT('',(144.659895218,-135.081557226,-7.8));
#7965=DIRECTION('',(-0.325348505,0.945594178,0.));
#7966=VECTOR('',#7965,7.724938337);
#7967=LINE('',#7964,#7966);
#7968=EDGE_CURVE('',#7957,#7929,#7967,.T.);
#7969=ORIENTED_EDGE('',*,*,#7968,.T.);
#7970=ORIENTED_EDGE('',*,*,#7934,.T.);
#7971=EDGE_LOOP('',(#7955,#7963,#7969,#7970));
#7972=FACE_BOUND('',#7971,.T.);
#7973=ADVANCED_FACE('',(#7972),#7954,.T.);
#7974=CARTESIAN_POINT('',(145.909806647,-131.449388866,-7.3));
#7975=DIRECTION('',(0.945578218,-0.325394889,0.));
#7976=DIRECTION('',(0.325394889,0.945578218,0.));
#7977=AXIS2_PLACEMENT_3D('',#7974,#7975,#7976);
#7978=PLANE('',#7977);
#7979=ORIENTED_EDGE('',*,*,#1946,.F.);
#7980=CARTESIAN_POINT('',(147.159718076,-127.817220506,-7.8));
#7981=VERTEX_POINT('',#7980);
#7982=CARTESIAN_POINT('',(147.159718076,-127.817220506,-7.8));
#7983=DIRECTION('',(0.,0.,-1.));
#7984=VECTOR('',#7983,0.5);
#7985=LINE('',#7982,#7984);
#7986=EDGE_CURVE('',#7981,#1929,#7985,.T.);
#7987=ORIENTED_EDGE('',*,*,#7986,.F.);
#7988=CARTESIAN_POINT('',(147.159718076,-127.817220506,-7.8));
#7989=DIRECTION('',(-0.325394889,-0.945578218,0.));
#7990=VECTOR('',#7989,7.682428151);
#7991=LINE('',#7988,#7990);
#7992=EDGE_CURVE('',#7981,#7957,#7991,.T.);
#7993=ORIENTED_EDGE('',*,*,#7992,.T.);
#7994=ORIENTED_EDGE('',*,*,#7962,.T.);
#7995=EDGE_LOOP('',(#7979,#7987,#7993,#7994));
#7996=FACE_BOUND('',#7995,.T.);
#7997=ADVANCED_FACE('',(#7996),#7978,.T.);
#7998=CARTESIAN_POINT('',(147.401638076,-127.387140506,-7.8));
#7999=CARTESIAN_POINT('',(147.401638076,-127.387140506,-8.));
#8000=CARTESIAN_POINT('',(147.401638076,-127.387140506,-8.3));
#8001=CARTESIAN_POINT('',(147.303074576,-127.476737006,-7.8));
#8002=CARTESIAN_POINT('',(147.303074576,-127.476737006,-8.));
#8003=CARTESIAN_POINT('',(147.303074576,-127.476737006,-8.3));
#8004=CARTESIAN_POINT('',(147.222434576,-127.620104006,-7.8));
#8005=CARTESIAN_POINT('',(147.222434576,-127.620104006,-8.));
#8006=CARTESIAN_POINT('',(147.222434576,-127.620104006,-8.3));
#8007=CARTESIAN_POINT('',(147.159718076,-127.817220506,-7.8));
#8008=CARTESIAN_POINT('',(147.159718076,-127.817220506,-8.));
#8009=CARTESIAN_POINT('',(147.159718076,-127.817220506,-8.3));
#8010=B_SPLINE_SURFACE_WITH_KNOTS('',3,1,((#7998,#7999,#8000),(#8001,#8002,#8003),(#8004,#8005,#8006),(#8007,#8008,#8009)),.UNSPECIFIED.,.F.,.F.,.U.,(4,4),(2,1,2),(0.,1.),(1.,1.4,2.),.UNSPECIFIED.);
#8011=ORIENTED_EDGE('',*,*,#1938,.F.);
#8012=CARTESIAN_POINT('',(147.401638076,-127.387140506,-7.8));
#8013=VERTEX_POINT('',#8012);
#8014=CARTESIAN_POINT('',(147.401638076,-127.387140506,-7.8));
#8015=DIRECTION('',(0.,0.,-1.));
#8016=VECTOR('',#8015,0.5);
#8017=LINE('',#8014,#8016);
#8018=EDGE_CURVE('',#8013,#1917,#8017,.T.);
#8019=ORIENTED_EDGE('',*,*,#8018,.F.);
#8020=CARTESIAN_POINT('',(147.401638076,-127.387140506,-7.8));
#8021=CARTESIAN_POINT('',(147.339690811,-127.443452002,-7.8));
#8022=CARTESIAN_POINT('',(147.292631352,-127.512786553,-7.8));
#8023=CARTESIAN_POINT('',(147.2538529,-127.586457994,-7.8));
#8024=CARTESIAN_POINT('',(147.215074449,-127.660129434,-7.8));
#8025=CARTESIAN_POINT('',(147.184972313,-127.737847024,-7.8));
#8026=CARTESIAN_POINT('',(147.159718076,-127.817220506,-7.8));
#8027=B_SPLINE_CURVE_WITH_KNOTS('',3,(#8020,#8021,#8022,#8023,#8024,#8025,#8026),.UNSPECIFIED.,.F.,.F.,(4,3,4),(0.001598403,0.001849552,0.002100701),.UNSPECIFIED.);
#8028=EDGE_CURVE('',#8013,#7981,#8027,.T.);
#8029=ORIENTED_EDGE('',*,*,#8028,.T.);
#8030=ORIENTED_EDGE('',*,*,#7986,.T.);
#8031=EDGE_LOOP('',(#8011,#8019,#8029,#8030));
#8032=FACE_BOUND('',#8031,.T.);
#8033=ADVANCED_FACE('',(#8032),#8010,.T.);
#8034=CARTESIAN_POINT('',(147.791398076,-127.252740506,-7.8));
#8035=CARTESIAN_POINT('',(147.791398076,-127.252740506,-8.));
#8036=CARTESIAN_POINT('',(147.791398076,-127.252740506,-8.3));
#8037=CARTESIAN_POINT('',(147.621161576,-127.252740506,-7.8));
#8038=CARTESIAN_POINT('',(147.621161576,-127.252740506,-8.));
#8039=CARTESIAN_POINT('',(147.621161576,-127.252740506,-8.3));
#8040=CARTESIAN_POINT('',(147.491234576,-127.297544006,-7.8));
#8041=CARTESIAN_POINT('',(147.491234576,-127.297544006,-8.));
#8042=CARTESIAN_POINT('',(147.491234576,-127.297544006,-8.3));
#8043=CARTESIAN_POINT('',(147.401638076,-127.387140506,-7.8));
#8044=CARTESIAN_POINT('',(147.401638076,-127.387140506,-8.));
#8045=CARTESIAN_POINT('',(147.401638076,-127.387140506,-8.3));
#8046=B_SPLINE_SURFACE_WITH_KNOTS('',3,1,((#8034,#8035,#8036),(#8037,#8038,#8039),(#8040,#8041,#8042),(#8043,#8044,#8045)),.UNSPECIFIED.,.F.,.F.,.U.,(4,4),(2,1,2),(0.,1.),(1.,1.4,2.),.UNSPECIFIED.);
#8047=ORIENTED_EDGE('',*,*,#1926,.F.);
#8048=CARTESIAN_POINT('',(147.791398076,-127.252740506,-7.8));
#8049=VERTEX_POINT('',#8048);
#8050=CARTESIAN_POINT('',(147.791398076,-127.252740506,-7.8));
#8051=DIRECTION('',(0.,0.,-1.));
#8052=VECTOR('',#8051,0.5);
#8053=LINE('',#8050,#8052);
#8054=EDGE_CURVE('',#8049,#1905,#8053,.T.);
#8055=ORIENTED_EDGE('',*,*,#8054,.F.);
#8056=CARTESIAN_POINT('',(147.791398076,-127.252740506,-7.8));
#8057=CARTESIAN_POINT('',(147.720733486,-127.252740506,-7.8));
#8058=CARTESIAN_POINT('',(147.649862768,-127.26023572,-7.8));
#8059=CARTESIAN_POINT('',(147.582358977,-127.281088977,-7.8));
#8060=CARTESIAN_POINT('',(147.514855187,-127.301942234,-7.8));
#8061=CARTESIAN_POINT('',(147.451560324,-127.337218258,-7.8));
#8062=CARTESIAN_POINT('',(147.401638076,-127.387140506,-7.8));
#8063=B_SPLINE_CURVE_WITH_KNOTS('',3,(#8056,#8057,#8058,#8059,#8060,#8061,#8062),.UNSPECIFIED.,.F.,.F.,(4,3,4),(0.001088558,0.001300552,0.001512545),.UNSPECIFIED.);
#8064=EDGE_CURVE('',#8049,#8013,#8063,.T.);
#8065=ORIENTED_EDGE('',*,*,#8064,.T.);
#8066=ORIENTED_EDGE('',*,*,#8018,.T.);
#8067=EDGE_LOOP('',(#8047,#8055,#8065,#8066));
#8068=FACE_BOUND('',#8067,.T.);
#8069=ADVANCED_FACE('',(#8068),#8046,.T.);
#8070=CARTESIAN_POINT('',(148.181158076,-127.387140506,-7.8));
#8071=CARTESIAN_POINT('',(148.181158076,-127.387140506,-8.));
#8072=CARTESIAN_POINT('',(148.181158076,-127.387140506,-8.3));
#8073=CARTESIAN_POINT('',(148.082594576,-127.297544006,-7.8));
#8074=CARTESIAN_POINT('',(148.082594576,-127.297544006,-8.));
#8075=CARTESIAN_POINT('',(148.082594576,-127.297544006,-8.3));
#8076=CARTESIAN_POINT('',(147.952678076,-127.252740506,-7.8));
#8077=CARTESIAN_POINT('',(147.952678076,-127.252740506,-8.));
#8078=CARTESIAN_POINT('',(147.952678076,-127.252740506,-8.3));
#8079=CARTESIAN_POINT('',(147.791398076,-127.252740506,-7.8));
#8080=CARTESIAN_POINT('',(147.791398076,-127.252740506,-8.));
#8081=CARTESIAN_POINT('',(147.791398076,-127.252740506,-8.3));
#8082=B_SPLINE_SURFACE_WITH_KNOTS('',3,1,((#8070,#8071,#8072),(#8073,#8074,#8075),(#8076,#8077,#8078),(#8079,#8080,#8081)),.UNSPECIFIED.,.F.,.F.,.U.,(4,4),(2,1,2),(0.,1.),(1.,1.4,2.),.UNSPECIFIED.);
#8083=ORIENTED_EDGE('',*,*,#1914,.F.);
#8084=CARTESIAN_POINT('',(148.181158076,-127.387140506,-7.8));
#8085=VERTEX_POINT('',#8084);
#8086=CARTESIAN_POINT('',(148.181158076,-127.387140506,-7.8));
#8087=DIRECTION('',(0.,0.,-1.));
#8088=VECTOR('',#8087,0.5);
#8089=LINE('',#8086,#8088);
#8090=EDGE_CURVE('',#8085,#1893,#8089,.T.);
#8091=ORIENTED_EDGE('',*,*,#8090,.F.);
#8092=CARTESIAN_POINT('',(148.181158076,-127.387140506,-7.8));
#8093=CARTESIAN_POINT('',(148.129004618,-127.339731807,-7.8));
#8094=CARTESIAN_POINT('',(148.066540919,-127.304530728,-7.8));
#8095=CARTESIAN_POINT('',(147.999459975,-127.282893183,-7.8));
#8096=CARTESIAN_POINT('',(147.932379032,-127.261255639,-7.8));
#8097=CARTESIAN_POINT('',(147.861840708,-127.252740506,-7.8));
#8098=CARTESIAN_POINT('',(147.791398076,-127.252740506,-7.8));
#8099=B_SPLINE_CURVE_WITH_KNOTS('',3,(#8092,#8093,#8094,#8095,#8096,#8097,#8098),.UNSPECIFIED.,.F.,.F.,(4,3,4),(0.001598403,0.001809845,0.002021288),.UNSPECIFIED.);
#8100=EDGE_CURVE('',#8085,#8049,#8099,.T.);
#8101=ORIENTED_EDGE('',*,*,#8100,.T.);
#8102=ORIENTED_EDGE('',*,*,#8054,.T.);
#8103=EDGE_LOOP('',(#8083,#8091,#8101,#8102));
#8104=FACE_BOUND('',#8103,.T.);
#8105=ADVANCED_FACE('',(#8104),#8082,.T.);
#8106=CARTESIAN_POINT('',(148.436518076,-127.803780506,-7.8));
#8107=CARTESIAN_POINT('',(148.436518076,-127.803780506,-8.));
#8108=CARTESIAN_POINT('',(148.436518076,-127.803780506,-8.3));
#8109=CARTESIAN_POINT('',(148.364834576,-127.615620506,-7.8));
#8110=CARTESIAN_POINT('',(148.364834576,-127.615620506,-8.));
#8111=CARTESIAN_POINT('',(148.364834576,-127.615620506,-8.3));
#8112=CARTESIAN_POINT('',(148.279721576,-127.476737006,-7.8));
#8113=CARTESIAN_POINT('',(148.279721576,-127.476737006,-8.));
#8114=CARTESIAN_POINT('',(148.279721576,-127.476737006,-8.3));
#8115=CARTESIAN_POINT('',(148.181158076,-127.387140506,-7.8));
#8116=CARTESIAN_POINT('',(148.181158076,-127.387140506,-8.));
#8117=CARTESIAN_POINT('',(148.181158076,-127.387140506,-8.3));
#8118=B_SPLINE_SURFACE_WITH_KNOTS('',3,1,((#8106,#8107,#8108),(#8109,#8110,#8111),(#8112,#8113,#8114),(#8115,#8116,#8117)),.UNSPECIFIED.,.F.,.F.,.U.,(4,4),(2,1,2),(0.,1.),(1.,1.4,2.),.UNSPECIFIED.);
#8119=ORIENTED_EDGE('',*,*,#1902,.F.);
#8120=CARTESIAN_POINT('',(148.436518076,-127.803780506,-7.8));
#8121=VERTEX_POINT('',#8120);
#8122=CARTESIAN_POINT('',(148.436518076,-127.803780506,-7.8));
#8123=DIRECTION('',(0.,0.,-1.));
#8124=VECTOR('',#8123,0.5);
#8125=LINE('',#8122,#8124);
#8126=EDGE_CURVE('',#8121,#1885,#8125,.T.);
#8127=ORIENTED_EDGE('',*,*,#8126,.F.);
#8128=CARTESIAN_POINT('',(148.436518076,-127.803780506,-7.8));
#8129=CARTESIAN_POINT('',(148.407238966,-127.726926596,-7.8));
#8130=CARTESIAN_POINT('',(148.373454254,-127.651736701,-7.8));
#8131=CARTESIAN_POINT('',(148.3321509,-127.580673449,-7.8));
#8132=CARTESIAN_POINT('',(148.290847547,-127.509610198,-7.8));
#8133=CARTESIAN_POINT('',(148.24192188,-127.442376209,-7.8));
#8134=CARTESIAN_POINT('',(148.181158076,-127.387140506,-7.8));
#8135=B_SPLINE_CURVE_WITH_KNOTS('',3,(#8128,#8129,#8130,#8131,#8132,#8133,#8134),.UNSPECIFIED.,.F.,.F.,(4,3,4),(0.002416226,0.002662953,0.00290968),.UNSPECIFIED.);
#8136=EDGE_CURVE('',#8121,#8085,#8135,.T.);
#8137=ORIENTED_EDGE('',*,*,#8136,.T.);
#8138=ORIENTED_EDGE('',*,*,#8090,.T.);
#8139=EDGE_LOOP('',(#8119,#8127,#8137,#8138));
#8140=FACE_BOUND('',#8139,.T.);
#8141=ADVANCED_FACE('',(#8140),#8118,.T.);
#8142=CARTESIAN_POINT('',(149.698186751,-131.405048375,-7.3));
#8143=DIRECTION('',(-0.943758222,-0.330636384,0.));
#8144=DIRECTION('',(0.330636384,-0.943758222,0.));
#8145=AXIS2_PLACEMENT_3D('',#8142,#8143,#8144);
#8146=PLANE('',#8145);
#8147=ORIENTED_EDGE('',*,*,#1890,.F.);
#8148=CARTESIAN_POINT('',(150.959855426,-135.006316244,-7.8));
#8149=VERTEX_POINT('',#8148);
#8150=CARTESIAN_POINT('',(150.959855426,-135.006316244,-7.8));
#8151=DIRECTION('',(0.,0.,-1.));
#8152=VECTOR('',#8151,0.5);
#8153=LINE('',#8150,#8152);
#8154=EDGE_CURVE('',#8149,#1877,#8153,.T.);
#8155=ORIENTED_EDGE('',*,*,#8154,.F.);
#8156=CARTESIAN_POINT('',(150.959855426,-135.006316244,-7.8));
#8157=DIRECTION('',(-0.330636384,0.943758222,0.));
#8158=VECTOR('',#8157,7.631759459);
#8159=LINE('',#8156,#8158);
#8160=EDGE_CURVE('',#8149,#8121,#8159,.T.);
#8161=ORIENTED_EDGE('',*,*,#8160,.T.);
#8162=ORIENTED_EDGE('',*,*,#8126,.T.);
#8163=EDGE_LOOP('',(#8147,#8155,#8161,#8162));
#8164=FACE_BOUND('',#8163,.T.);
#8165=ADVANCED_FACE('',(#8164),#8146,.T.);
#8166=CARTESIAN_POINT('',(152.191306751,-131.391608375,-7.3));
#8167=DIRECTION('',(0.946576986,-0.322477922,0.));
#8168=DIRECTION('',(0.322477922,0.946576986,0.));
#8169=AXIS2_PLACEMENT_3D('',#8166,#8167,#8168);
#8170=PLANE('',#8169);
#8171=ORIENTED_EDGE('',*,*,#1882,.F.);
#8172=CARTESIAN_POINT('',(153.422758076,-127.776900506,-7.8));
#8173=VERTEX_POINT('',#8172);
#8174=CARTESIAN_POINT('',(153.422758076,-127.776900506,-7.8));
#8175=DIRECTION('',(0.,0.,-1.));
#8176=VECTOR('',#8175,0.5);
#8177=LINE('',#8174,#8176);
#8178=EDGE_CURVE('',#8173,#1865,#8177,.T.);
#8179=ORIENTED_EDGE('',*,*,#8178,.F.);
#8180=CARTESIAN_POINT('',(153.422758076,-127.776900506,-7.8));
#8181=DIRECTION('',(-0.322477922,-0.946576986,0.));
#8182=VECTOR('',#8181,7.637430286);
#8183=LINE('',#8180,#8182);
#8184=EDGE_CURVE('',#8173,#8149,#8183,.T.);
#8185=ORIENTED_EDGE('',*,*,#8184,.T.);
#8186=ORIENTED_EDGE('',*,*,#8154,.T.);
#8187=EDGE_LOOP('',(#8171,#8179,#8185,#8186));
#8188=FACE_BOUND('',#8187,.T.);
#8189=ADVANCED_FACE('',(#8188),#8170,.T.);
#8190=CARTESIAN_POINT('',(153.664678076,-127.373700506,-7.8));
#8191=CARTESIAN_POINT('',(153.664678076,-127.373700506,-8.));
#8192=CARTESIAN_POINT('',(153.664678076,-127.373700506,-8.3));
#8193=CARTESIAN_POINT('',(153.566114576,-127.454340506,-7.8));
#8194=CARTESIAN_POINT('',(153.566114576,-127.454340506,-8.));
#8195=CARTESIAN_POINT('',(153.566114576,-127.454340506,-8.3));
#8196=CARTESIAN_POINT('',(153.485474576,-127.588740506,-7.8));
#8197=CARTESIAN_POINT('',(153.485474576,-127.588740506,-8.));
#8198=CARTESIAN_POINT('',(153.485474576,-127.588740506,-8.3));
#8199=CARTESIAN_POINT('',(153.422758076,-127.776900506,-7.8));
#8200=CARTESIAN_POINT('',(153.422758076,-127.776900506,-8.));
#8201=CARTESIAN_POINT('',(153.422758076,-127.776900506,-8.3));
#8202=B_SPLINE_SURFACE_WITH_KNOTS('',3,1,((#8190,#8191,#8192),(#8193,#8194,#8195),(#8196,#8197,#8198),(#8199,#8200,#8201)),.UNSPECIFIED.,.F.,.F.,.U.,(4,4),(2,1,2),(0.,1.),(1.,1.4,2.),.UNSPECIFIED.);
#8203=ORIENTED_EDGE('',*,*,#1874,.F.);
#8204=CARTESIAN_POINT('',(153.664678076,-127.373700506,-7.8));
#8205=VERTEX_POINT('',#8204);
#8206=CARTESIAN_POINT('',(153.664678076,-127.373700506,-7.8));
#8207=DIRECTION('',(0.,0.,-1.));
#8208=VECTOR('',#8207,0.5);
#8209=LINE('',#8206,#8208);
#8210=EDGE_CURVE('',#8205,#1853,#8209,.T.);
#8211=ORIENTED_EDGE('',*,*,#8210,.F.);
#8212=CARTESIAN_POINT('',(153.664678076,-127.373700506,-7.8));
#8213=CARTESIAN_POINT('',(153.602985619,-127.42417436,-7.8));
#8214=CARTESIAN_POINT('',(153.555700335,-127.488767457,-7.8));
#8215=CARTESIAN_POINT('',(153.516891793,-127.558073984,-7.8));
#8216=CARTESIAN_POINT('',(153.47808325,-127.627380512,-7.8));
#8217=CARTESIAN_POINT('',(153.447919238,-127.701412807,-7.8));
#8218=CARTESIAN_POINT('',(153.422758076,-127.776900506,-7.8));
#8219=B_SPLINE_CURVE_WITH_KNOTS('',3,(#8212,#8213,#8214,#8215,#8216,#8217,#8218),.UNSPECIFIED.,.F.,.F.,(4,3,4),(0.001528179,0.001767307,0.002006435),.UNSPECIFIED.);
#8220=EDGE_CURVE('',#8205,#8173,#8219,.T.);
#8221=ORIENTED_EDGE('',*,*,#8220,.T.);
#8222=ORIENTED_EDGE('',*,*,#8178,.T.);
#8223=EDGE_LOOP('',(#8203,#8211,#8221,#8222));
#8224=FACE_BOUND('',#8223,.T.);
#8225=ADVANCED_FACE('',(#8224),#8202,.T.);
#8226=CARTESIAN_POINT('',(154.067878076,-127.252740506,-7.8));
#8227=CARTESIAN_POINT('',(154.067878076,-127.252740506,-8.));
#8228=CARTESIAN_POINT('',(154.067878076,-127.252740506,-8.3));
#8229=CARTESIAN_POINT('',(153.897641595,-127.252740506,-7.8));
#8230=CARTESIAN_POINT('',(153.897641595,-127.252740506,-8.));
#8231=CARTESIAN_POINT('',(153.897641595,-127.252740506,-8.3));
#8232=CARTESIAN_POINT('',(153.763241606,-127.293060497,-7.8));
#8233=CARTESIAN_POINT('',(153.763241606,-127.293060497,-8.));
#8234=CARTESIAN_POINT('',(153.763241606,-127.293060497,-8.3));
#8235=CARTESIAN_POINT('',(153.664678109,-127.373700478,-7.8));
#8236=CARTESIAN_POINT('',(153.664678109,-127.373700478,-8.));
#8237=CARTESIAN_POINT('',(153.664678109,-127.373700478,-8.3));
#8238=B_SPLINE_SURFACE_WITH_KNOTS('',3,1,((#8226,#8227,#8228),(#8229,#8230,#8231),(#8232,#8233,#8234),(#8235,#8236,#8237)),.UNSPECIFIED.,.F.,.F.,.U.,(4,4),(2,1,2),(0.,0.999999886),(1.,1.4,2.),.UNSPECIFIED.);
#8239=ORIENTED_EDGE('',*,*,#1862,.F.);
#8240=CARTESIAN_POINT('',(154.067878076,-127.252740506,-7.8));
#8241=VERTEX_POINT('',#8240);
#8242=CARTESIAN_POINT('',(154.067878076,-127.252740506,-7.8));
#8243=DIRECTION('',(0.,0.,-1.));
#8244=VECTOR('',#8243,0.5);
#8245=LINE('',#8242,#8244);
#8246=EDGE_CURVE('',#8241,#1838,#8245,.T.);
#8247=ORIENTED_EDGE('',*,*,#8246,.F.);
#8248=CARTESIAN_POINT('',(154.067878076,-127.252740506,-7.8));
#8249=CARTESIAN_POINT('',(153.996190301,-127.252740506,-7.8));
#8250=CARTESIAN_POINT('',(153.924735559,-127.259660539,-7.8));
#8251=CARTESIAN_POINT('',(153.855541183,-127.278378776,-7.8));
#8252=CARTESIAN_POINT('',(153.786346808,-127.297097012,-7.8));
#8253=CARTESIAN_POINT('',(153.720116128,-127.32834371,-7.8));
#8254=CARTESIAN_POINT('',(153.664678076,-127.373700506,-7.8));
#8255=B_SPLINE_CURVE_WITH_KNOTS('',3,(#8248,#8249,#8250,#8251,#8252,#8253,#8254),.UNSPECIFIED.,.F.,.F.,(4,3,4),(0.001091791,0.001306855,0.001521918),.UNSPECIFIED.);
#8256=EDGE_CURVE('',#8241,#8205,#8255,.T.);
#8257=ORIENTED_EDGE('',*,*,#8256,.T.);
#8258=ORIENTED_EDGE('',*,*,#8210,.T.);
#8259=EDGE_LOOP('',(#8239,#8247,#8257,#8258));
#8260=FACE_BOUND('',#8259,.T.);
#8261=ADVANCED_FACE('',(#8260),#8238,.T.);
#8262=CARTESIAN_POINT('',(154.592038076,-127.467780506,-7.8));
#8263=CARTESIAN_POINT('',(154.592038076,-127.467780506,-8.));
#8264=CARTESIAN_POINT('',(154.592038076,-127.467780506,-8.3));
#8265=CARTESIAN_POINT('',(154.484518076,-127.324424006,-7.8));
#8266=CARTESIAN_POINT('',(154.484518076,-127.324424006,-8.));
#8267=CARTESIAN_POINT('',(154.484518076,-127.324424006,-8.3));
#8268=CARTESIAN_POINT('',(154.309798076,-127.252740506,-7.8));
#8269=CARTESIAN_POINT('',(154.309798076,-127.252740506,-8.));
#8270=CARTESIAN_POINT('',(154.309798076,-127.252740506,-8.3));
#8271=CARTESIAN_POINT('',(154.067878076,-127.252740506,-7.8));
#8272=CARTESIAN_POINT('',(154.067878076,-127.252740506,-8.));
#8273=CARTESIAN_POINT('',(154.067878076,-127.252740506,-8.3));
#8274=B_SPLINE_SURFACE_WITH_KNOTS('',3,1,((#8262,#8263,#8264),(#8265,#8266,#8267),(#8268,#8269,#8270),(#8271,#8272,#8273)),.UNSPECIFIED.,.F.,.F.,.U.,(4,4),(2,1,2),(0.,1.),(1.,1.4,2.),.UNSPECIFIED.);
#8275=ORIENTED_EDGE('',*,*,#1850,.F.);
#8276=CARTESIAN_POINT('',(154.592038076,-127.467780506,-7.8));
#8277=VERTEX_POINT('',#8276);
#8278=CARTESIAN_POINT('',(154.592038076,-127.467780506,-7.8));
#8279=DIRECTION('',(0.,0.,-1.));
#8280=VECTOR('',#8279,0.5);
#8281=LINE('',#8278,#8280);
#8282=EDGE_CURVE('',#8277,#1823,#8281,.T.);
#8283=ORIENTED_EDGE('',*,*,#8282,.F.);
#8284=CARTESIAN_POINT('',(154.592038076,-127.467780506,-7.8));
#8285=CARTESIAN_POINT('',(154.562466141,-127.428352223,-7.8));
#8286=CARTESIAN_POINT('',(154.526539415,-127.393257431,-7.8));
#8287=CARTESIAN_POINT('',(154.486907907,-127.3649261,-7.8));
#8288=CARTESIAN_POINT('',(154.447276398,-127.336594769,-7.8));
#8289=CARTESIAN_POINT('',(154.403150539,-127.314192468,-7.8));
#8290=CARTESIAN_POINT('',(154.356899972,-127.297454526,-7.8));
#8291=CARTESIAN_POINT('',(154.264398838,-127.263978644,-7.8));
#8292=CARTESIAN_POINT('',(154.166252162,-127.252740506,-7.8));
#8293=CARTESIAN_POINT('',(154.067878076,-127.252740506,-7.8));
#8294=B_SPLINE_CURVE_WITH_KNOTS('',3,(#8284,#8285,#8286,#8287,#8288,#8289,#8290,#8291,#8292,#8293),.UNSPECIFIED.,.F.,.F.,(4,3,3,4),(0.002150366,0.002298224,0.002446081,0.002741796),.UNSPECIFIED.);
#8295=EDGE_CURVE('',#8277,#8241,#8294,.T.);
#8296=ORIENTED_EDGE('',*,*,#8295,.T.);
#8297=ORIENTED_EDGE('',*,*,#8246,.T.);
#8298=EDGE_LOOP('',(#8275,#8283,#8296,#8297));
#8299=FACE_BOUND('',#8298,.T.);
#8300=ADVANCED_FACE('',(#8299),#8274,.T.);
#8301=CARTESIAN_POINT('',(154.618918076,-127.991940506,-7.8));
#8302=CARTESIAN_POINT('',(154.618918076,-127.991940506,-8.));
#8303=CARTESIAN_POINT('',(154.618918076,-127.991940506,-8.3));
#8304=CARTESIAN_POINT('',(154.699558076,-127.785857006,-7.8));
#8305=CARTESIAN_POINT('',(154.699558076,-127.785857006,-8.));
#8306=CARTESIAN_POINT('',(154.699558076,-127.785857006,-8.3));
#8307=CARTESIAN_POINT('',(154.690598426,-127.611137006,-7.8));
#8308=CARTESIAN_POINT('',(154.690598426,-127.611137006,-8.));
#8309=CARTESIAN_POINT('',(154.690598426,-127.611137006,-8.3));
#8310=CARTESIAN_POINT('',(154.592038076,-127.467780506,-7.8));
#8311=CARTESIAN_POINT('',(154.592038076,-127.467780506,-8.));
#8312=CARTESIAN_POINT('',(154.592038076,-127.467780506,-8.3));
#8313=B_SPLINE_SURFACE_WITH_KNOTS('',3,1,((#8301,#8302,#8303),(#8304,#8305,#8306),(#8307,#8308,#8309),(#8310,#8311,#8312)),.UNSPECIFIED.,.F.,.F.,.U.,(4,4),(2,1,2),(0.,1.),(1.,1.4,2.),.UNSPECIFIED.);
#8314=ORIENTED_EDGE('',*,*,#1835,.F.);
#8315=CARTESIAN_POINT('',(154.618918076,-127.991940506,-7.8));
#8316=VERTEX_POINT('',#8315);
#8317=CARTESIAN_POINT('',(154.618918076,-127.991940506,-7.8));
#8318=DIRECTION('',(0.,0.,-1.));
#8319=VECTOR('',#8318,0.5);
#8320=LINE('',#8317,#8319);
#8321=EDGE_CURVE('',#8316,#1815,#8320,.T.);
#8322=ORIENTED_EDGE('',*,*,#8321,.F.);
#8323=CARTESIAN_POINT('',(154.618918076,-127.991940506,-7.8));
#8324=CARTESIAN_POINT('',(154.652266637,-127.906714957,-7.8));
#8325=CARTESIAN_POINT('',(154.674477604,-127.817628157,-7.8));
#8326=CARTESIAN_POINT('',(154.673307313,-127.726056711,-7.8));
#8327=CARTESIAN_POINT('',(154.672722167,-127.680270989,-7.8));
#8328=CARTESIAN_POINT('',(154.665806563,-127.633896539,-7.8));
#8329=CARTESIAN_POINT('',(154.652200922,-127.590517882,-7.8));
#8330=CARTESIAN_POINT('',(154.638595281,-127.547139224,-7.8));
#8331=CARTESIAN_POINT('',(154.618077143,-127.505654454,-7.8));
#8332=CARTESIAN_POINT('',(154.592038076,-127.467780506,-7.8));
#8333=B_SPLINE_CURVE_WITH_KNOTS('',3,(#8323,#8324,#8325,#8326,#8327,#8328,#8329,#8330,#8331,#8332),.UNSPECIFIED.,.F.,.F.,(4,3,3,4),(0.000827539,0.001103308,0.001241193,0.001379078),.UNSPECIFIED.);
#8334=EDGE_CURVE('',#8316,#8277,#8333,.T.);
#8335=ORIENTED_EDGE('',*,*,#8334,.T.);
#8336=ORIENTED_EDGE('',*,*,#8282,.T.);
#8337=EDGE_LOOP('',(#8314,#8322,#8335,#8336));
#8338=FACE_BOUND('',#8337,.T.);
#8339=ADVANCED_FACE('',(#8338),#8313,.T.);
#8340=CARTESIAN_POINT('',(153.153958076,-132.171780506,-7.3));
#8341=DIRECTION('',(-0.943716346,0.33075589,0.));
#8342=DIRECTION('',(-0.33075589,-0.943716346,0.));
#8343=AXIS2_PLACEMENT_3D('',#8340,#8341,#8342);
#8344=PLANE('',#8343);
#8345=ORIENTED_EDGE('',*,*,#1820,.F.);
#8346=CARTESIAN_POINT('',(151.688998076,-136.351620506,-7.8));
#8347=VERTEX_POINT('',#8346);
#8348=CARTESIAN_POINT('',(151.688998076,-136.351620506,-7.8));
#8349=DIRECTION('',(0.,0.,-1.));
#8350=VECTOR('',#8349,0.5);
#8351=LINE('',#8348,#8350);
#8352=EDGE_CURVE('',#8347,#1803,#8351,.T.);
#8353=ORIENTED_EDGE('',*,*,#8352,.F.);
#8354=CARTESIAN_POINT('',(151.688998076,-136.351620506,-7.8));
#8355=DIRECTION('',(0.33075589,0.943716346,0.));
#8356=VECTOR('',#8355,8.858254958);
#8357=LINE('',#8354,#8356);
#8358=EDGE_CURVE('',#8347,#8316,#8357,.T.);
#8359=ORIENTED_EDGE('',*,*,#8358,.T.);
#8360=ORIENTED_EDGE('',*,*,#8321,.T.);
#8361=EDGE_LOOP('',(#8345,#8353,#8359,#8360));
#8362=FACE_BOUND('',#8361,.T.);
#8363=ADVANCED_FACE('',(#8362),#8344,.T.);
#8364=CARTESIAN_POINT('',(151.420198076,-136.781700506,-7.8));
#8365=CARTESIAN_POINT('',(151.420198076,-136.781700506,-8.));
#8366=CARTESIAN_POINT('',(151.420198076,-136.781700506,-8.3));
#8367=CARTESIAN_POINT('',(151.527718076,-136.692135506,-7.8));
#8368=CARTESIAN_POINT('',(151.527718076,-136.692135506,-8.));
#8369=CARTESIAN_POINT('',(151.527718076,-136.692135506,-8.3));
#8370=CARTESIAN_POINT('',(151.617314576,-136.548705506,-7.8));
#8371=CARTESIAN_POINT('',(151.617314576,-136.548705506,-8.));
#8372=CARTESIAN_POINT('',(151.617314576,-136.548705506,-8.3));
#8373=CARTESIAN_POINT('',(151.688998076,-136.351620506,-7.8));
#8374=CARTESIAN_POINT('',(151.688998076,-136.351620506,-8.));
#8375=CARTESIAN_POINT('',(151.688998076,-136.351620506,-8.3));
#8376=B_SPLINE_SURFACE_WITH_KNOTS('',3,1,((#8364,#8365,#8366),(#8367,#8368,#8369),(#8370,#8371,#8372),(#8373,#8374,#8375)),.UNSPECIFIED.,.F.,.F.,.U.,(4,4),(2,1,2),(0.,1.),(1.,1.4,2.),.UNSPECIFIED.);
#8377=ORIENTED_EDGE('',*,*,#1812,.F.);
#8378=CARTESIAN_POINT('',(151.420198076,-136.781700506,-7.8));
#8379=VERTEX_POINT('',#8378);
#8380=CARTESIAN_POINT('',(151.420198076,-136.781700506,-7.8));
#8381=DIRECTION('',(0.,0.,-1.));
#8382=VECTOR('',#8381,0.5);
#8383=LINE('',#8380,#8382);
#8384=EDGE_CURVE('',#8379,#1791,#8383,.T.);
#8385=ORIENTED_EDGE('',*,*,#8384,.F.);
#8386=CARTESIAN_POINT('',(151.420198076,-136.781700506,-7.8));
#8387=CARTESIAN_POINT('',(151.486242109,-136.72668531,-7.8));
#8388=CARTESIAN_POINT('',(151.538378357,-136.658005059,-7.8));
#8389=CARTESIAN_POINT('',(151.581817946,-136.584264009,-7.8));
#8390=CARTESIAN_POINT('',(151.625257534,-136.51052296,-7.8));
#8391=CARTESIAN_POINT('',(151.659732755,-136.432081918,-7.8));
#8392=CARTESIAN_POINT('',(151.688998076,-136.351620506,-7.8));
#8393=B_SPLINE_CURVE_WITH_KNOTS('',3,(#8386,#8387,#8388,#8389,#8390,#8391,#8392),.UNSPECIFIED.,.F.,.F.,(4,3,4),(0.001679247,0.001937116,0.002194985),.UNSPECIFIED.);
#8394=EDGE_CURVE('',#8379,#8347,#8393,.T.);
#8395=ORIENTED_EDGE('',*,*,#8394,.T.);
#8396=ORIENTED_EDGE('',*,*,#8352,.T.);
#8397=EDGE_LOOP('',(#8377,#8385,#8395,#8396));
#8398=FACE_BOUND('',#8397,.T.);
#8399=ADVANCED_FACE('',(#8398),#8376,.T.);
#8400=CARTESIAN_POINT('',(150.990118076,-136.916100506,-7.8));
#8401=CARTESIAN_POINT('',(150.990118076,-136.916100506,-8.));
#8402=CARTESIAN_POINT('',(150.990118076,-136.916100506,-8.3));
#8403=CARTESIAN_POINT('',(151.169321576,-136.916100506,-7.8));
#8404=CARTESIAN_POINT('',(151.169321576,-136.916100506,-8.));
#8405=CARTESIAN_POINT('',(151.169321576,-136.916100506,-8.3));
#8406=CARTESIAN_POINT('',(151.312678076,-136.871265506,-7.8));
#8407=CARTESIAN_POINT('',(151.312678076,-136.871265506,-8.));
#8408=CARTESIAN_POINT('',(151.312678076,-136.871265506,-8.3));
#8409=CARTESIAN_POINT('',(151.420198076,-136.781700506,-7.8));
#8410=CARTESIAN_POINT('',(151.420198076,-136.781700506,-8.));
#8411=CARTESIAN_POINT('',(151.420198076,-136.781700506,-8.3));
#8412=B_SPLINE_SURFACE_WITH_KNOTS('',3,1,((#8400,#8401,#8402),(#8403,#8404,#8405),(#8406,#8407,#8408),(#8409,#8410,#8411)),.UNSPECIFIED.,.F.,.F.,.U.,(4,4),(2,1,2),(0.,1.),(1.,1.4,2.),.UNSPECIFIED.);
#8413=ORIENTED_EDGE('',*,*,#1800,.F.);
#8414=CARTESIAN_POINT('',(150.990118076,-136.916100506,-7.8));
#8415=VERTEX_POINT('',#8414);
#8416=CARTESIAN_POINT('',(150.990118076,-136.916100506,-7.8));
#8417=DIRECTION('',(0.,0.,-1.));
#8418=VECTOR('',#8417,0.5);
#8419=LINE('',#8416,#8418);
#8420=EDGE_CURVE('',#8415,#1779,#8419,.T.);
#8421=ORIENTED_EDGE('',*,*,#8420,.F.);
#8422=CARTESIAN_POINT('',(150.990118076,-136.916100506,-7.8));
#8423=CARTESIAN_POINT('',(151.066866032,-136.916100506,-7.8));
#8424=CARTESIAN_POINT('',(151.14359305,-136.90802921,-7.8));
#8425=CARTESIAN_POINT('',(151.217413843,-136.88686778,-7.8));
#8426=CARTESIAN_POINT('',(151.291234636,-136.86570635,-7.8));
#8427=CARTESIAN_POINT('',(151.361274876,-136.830783991,-7.8));
#8428=CARTESIAN_POINT('',(151.420198076,-136.781700506,-7.8));
#8429=B_SPLINE_CURVE_WITH_KNOTS('',3,(#8422,#8423,#8424,#8425,#8426,#8427,#8428),.UNSPECIFIED.,.F.,.F.,(4,3,4),(0.002150442,0.002380686,0.00261093),.UNSPECIFIED.);
#8430=EDGE_CURVE('',#8415,#8379,#8429,.T.);
#8431=ORIENTED_EDGE('',*,*,#8430,.T.);
#8432=ORIENTED_EDGE('',*,*,#8384,.T.);
#8433=EDGE_LOOP('',(#8413,#8421,#8431,#8432));
#8434=FACE_BOUND('',#8433,.T.);
#8435=ADVANCED_FACE('',(#8434),#8412,.T.);
#8436=CARTESIAN_POINT('',(150.573478076,-136.781700506,-7.8));
#8437=CARTESIAN_POINT('',(150.573478076,-136.781700506,-8.));
#8438=CARTESIAN_POINT('',(150.573478076,-136.781700506,-8.3));
#8439=CARTESIAN_POINT('',(150.672041576,-136.871265506,-7.8));
#8440=CARTESIAN_POINT('',(150.672041576,-136.871265506,-8.));
#8441=CARTESIAN_POINT('',(150.672041576,-136.871265506,-8.3));
#8442=CARTESIAN_POINT('',(150.810914576,-136.916100506,-7.8));
#8443=CARTESIAN_POINT('',(150.810914576,-136.916100506,-8.));
#8444=CARTESIAN_POINT('',(150.810914576,-136.916100506,-8.3));
#8445=CARTESIAN_POINT('',(150.990118076,-136.916100506,-7.8));
#8446=CARTESIAN_POINT('',(150.990118076,-136.916100506,-8.));
#8447=CARTESIAN_POINT('',(150.990118076,-136.916100506,-8.3));
#8448=B_SPLINE_SURFACE_WITH_KNOTS('',3,1,((#8436,#8437,#8438),(#8439,#8440,#8441),(#8442,#8443,#8444),(#8445,#8446,#8447)),.UNSPECIFIED.,.F.,.F.,.U.,(4,4),(2,1,2),(0.,1.),(1.,1.4,2.),.UNSPECIFIED.);
#8449=ORIENTED_EDGE('',*,*,#1788,.F.);
#8450=CARTESIAN_POINT('',(150.573478076,-136.781700506,-7.8));
#8451=VERTEX_POINT('',#8450);
#8452=CARTESIAN_POINT('',(150.573478076,-136.781700506,-7.8));
#8453=DIRECTION('',(0.,0.,-1.));
#8454=VECTOR('',#8453,0.5);
#8455=LINE('',#8452,#8454);
#8456=EDGE_CURVE('',#8451,#1767,#8455,.T.);
#8457=ORIENTED_EDGE('',*,*,#8456,.F.);
#8458=CARTESIAN_POINT('',(150.573478076,-136.781700506,-7.8));
#8459=CARTESIAN_POINT('',(150.628650683,-136.831836049,-7.8));
#8460=CARTESIAN_POINT('',(150.696770676,-136.866889115,-7.8));
#8461=CARTESIAN_POINT('',(150.768604052,-136.887703701,-7.8));
#8462=CARTESIAN_POINT('',(150.840437427,-136.908518286,-7.8));
#8463=CARTESIAN_POINT('',(150.91535521,-136.916100506,-7.8));
#8464=CARTESIAN_POINT('',(150.990118076,-136.916100506,-7.8));
#8465=B_SPLINE_CURVE_WITH_KNOTS('',3,(#8458,#8459,#8460,#8461,#8462,#8463,#8464),.UNSPECIFIED.,.F.,.F.,(4,3,4),(0.00123744,0.001461728,0.001686017),.UNSPECIFIED.);
#8466=EDGE_CURVE('',#8451,#8415,#8465,.T.);
#8467=ORIENTED_EDGE('',*,*,#8466,.T.);
#8468=ORIENTED_EDGE('',*,*,#8420,.T.);
#8469=EDGE_LOOP('',(#8449,#8457,#8467,#8468));
#8470=FACE_BOUND('',#8469,.T.);
#8471=ADVANCED_FACE('',(#8470),#8448,.T.);
#8472=CARTESIAN_POINT('',(150.304678076,-136.365060506,-7.8));
#8473=CARTESIAN_POINT('',(150.304678076,-136.365060506,-8.));
#8474=CARTESIAN_POINT('',(150.304678076,-136.365060506,-8.3));
#8475=CARTESIAN_POINT('',(150.376361576,-136.553220506,-7.8));
#8476=CARTESIAN_POINT('',(150.376361576,-136.553220506,-8.));
#8477=CARTESIAN_POINT('',(150.376361576,-136.553220506,-8.3));
#8478=CARTESIAN_POINT('',(150.465958076,-136.692135506,-7.8));
#8479=CARTESIAN_POINT('',(150.465958076,-136.692135506,-8.));
#8480=CARTESIAN_POINT('',(150.465958076,-136.692135506,-8.3));
#8481=CARTESIAN_POINT('',(150.573478076,-136.781700506,-7.8));
#8482=CARTESIAN_POINT('',(150.573478076,-136.781700506,-8.));
#8483=CARTESIAN_POINT('',(150.573478076,-136.781700506,-8.3));
#8484=B_SPLINE_SURFACE_WITH_KNOTS('',3,1,((#8472,#8473,#8474),(#8475,#8476,#8477),(#8478,#8479,#8480),(#8481,#8482,#8483)),.UNSPECIFIED.,.F.,.F.,.U.,(4,4),(2,1,2),(0.,1.),(1.,1.4,2.),.UNSPECIFIED.);
#8485=ORIENTED_EDGE('',*,*,#1776,.F.);
#8486=CARTESIAN_POINT('',(150.304678076,-136.365060506,-7.8));
#8487=VERTEX_POINT('',#8486);
#8488=CARTESIAN_POINT('',(150.304678076,-136.365060506,-7.8));
#8489=DIRECTION('',(0.,0.,-1.));
#8490=VECTOR('',#8489,0.5);
#8491=LINE('',#8488,#8490);
#8492=EDGE_CURVE('',#8487,#1759,#8491,.T.);
#8493=ORIENTED_EDGE('',*,*,#8492,.F.);
#8494=CARTESIAN_POINT('',(150.304678076,-136.365060506,-7.8));
#8495=CARTESIAN_POINT('',(150.334458317,-136.443229823,-7.8));
#8496=CARTESIAN_POINT('',(150.369321525,-136.518892579,-7.8));
#8497=CARTESIAN_POINT('',(150.412985039,-136.590215642,-7.8));
#8498=CARTESIAN_POINT('',(150.456648553,-136.661538706,-7.8));
#8499=CARTESIAN_POINT('',(150.509221738,-136.728174475,-7.8));
#8500=CARTESIAN_POINT('',(150.573478076,-136.781700506,-7.8));
#8501=B_SPLINE_CURVE_WITH_KNOTS('',3,(#8494,#8495,#8496,#8497,#8498,#8499,#8500),.UNSPECIFIED.,.F.,.F.,(4,3,4),(0.002416226,0.002667176,0.002918126),.UNSPECIFIED.);
#8502=EDGE_CURVE('',#8487,#8451,#8501,.T.);
#8503=ORIENTED_EDGE('',*,*,#8502,.T.);
#8504=ORIENTED_EDGE('',*,*,#8456,.T.);
#8505=EDGE_LOOP('',(#8485,#8493,#8503,#8504));
#8506=FACE_BOUND('',#8505,.T.);
#8507=ADVANCED_FACE('',(#8506),#8484,.T.);
#8508=CARTESIAN_POINT('',(149.061601188,-132.807070028,-7.3));
#8509=DIRECTION('',(0.944041855,0.329825675,0.));
#8510=DIRECTION('',(-0.329825675,0.944041855,0.));
#8511=AXIS2_PLACEMENT_3D('',#8508,#8509,#8510);
#8512=PLANE('',#8511);
#8513=ORIENTED_EDGE('',*,*,#1764,.F.);
#8514=CARTESIAN_POINT('',(147.818524301,-129.24907955,-7.8));
#8515=VERTEX_POINT('',#8514);
#8516=CARTESIAN_POINT('',(147.818524301,-129.24907955,-7.8));
#8517=DIRECTION('',(0.,0.,-1.));
#8518=VECTOR('',#8517,0.5);
#8519=LINE('',#8516,#8518);
#8520=EDGE_CURVE('',#8515,#1751,#8519,.T.);
#8521=ORIENTED_EDGE('',*,*,#8520,.F.);
#8522=CARTESIAN_POINT('',(147.818524301,-129.24907955,-7.8));
#8523=DIRECTION('',(0.329825675,-0.944041855,0.));
#8524=VECTOR('',#8523,7.537781209);
#8525=LINE('',#8522,#8524);
#8526=EDGE_CURVE('',#8515,#8487,#8525,.T.);
#8527=ORIENTED_EDGE('',*,*,#8526,.T.);
#8528=ORIENTED_EDGE('',*,*,#8492,.T.);
#8529=EDGE_LOOP('',(#8513,#8521,#8527,#8528));
#8530=FACE_BOUND('',#8529,.T.);
#8531=ADVANCED_FACE('',(#8530),#8512,.T.);
#8532=CARTESIAN_POINT('',(146.581921188,-132.800350028,-7.3));
#8533=DIRECTION('',(-0.944382986,0.328847647,0.));
#8534=DIRECTION('',(-0.328847647,-0.944382986,0.));
#8535=AXIS2_PLACEMENT_3D('',#8532,#8533,#8534);
#8536=PLANE('',#8535);
#8537=ORIENTED_EDGE('',*,*,#1756,.F.);
#8538=CARTESIAN_POINT('',(145.345318076,-136.351620506,-7.8));
#8539=VERTEX_POINT('',#8538);
#8540=CARTESIAN_POINT('',(145.345318076,-136.351620506,-7.8));
#8541=DIRECTION('',(0.,0.,-1.));
#8542=VECTOR('',#8541,0.5);
#8543=LINE('',#8540,#8542);
#8544=EDGE_CURVE('',#8539,#1739,#8543,.T.);
#8545=ORIENTED_EDGE('',*,*,#8544,.F.);
#8546=CARTESIAN_POINT('',(145.345318076,-136.351620506,-7.8));
#8547=DIRECTION('',(0.328847647,0.944382986,0.));
#8548=VECTOR('',#8547,7.520826887);
#8549=LINE('',#8546,#8548);
#8550=EDGE_CURVE('',#8539,#8515,#8549,.T.);
#8551=ORIENTED_EDGE('',*,*,#8550,.T.);
#8552=ORIENTED_EDGE('',*,*,#8520,.T.);
#8553=EDGE_LOOP('',(#8537,#8545,#8551,#8552));
#8554=FACE_BOUND('',#8553,.T.);
#8555=ADVANCED_FACE('',(#8554),#8536,.T.);
#8556=CARTESIAN_POINT('',(145.076518076,-136.781700506,-7.8));
#8557=CARTESIAN_POINT('',(145.076518076,-136.781700506,-8.));
#8558=CARTESIAN_POINT('',(145.076518076,-136.781700506,-8.3));
#8559=CARTESIAN_POINT('',(145.184038076,-136.692135506,-7.8));
#8560=CARTESIAN_POINT('',(145.184038076,-136.692135506,-8.));
#8561=CARTESIAN_POINT('',(145.184038076,-136.692135506,-8.3));
#8562=CARTESIAN_POINT('',(145.273634576,-136.548705506,-7.8));
#8563=CARTESIAN_POINT('',(145.273634576,-136.548705506,-8.));
#8564=CARTESIAN_POINT('',(145.273634576,-136.548705506,-8.3));
#8565=CARTESIAN_POINT('',(145.345318076,-136.351620506,-7.8));
#8566=CARTESIAN_POINT('',(145.345318076,-136.351620506,-8.));
#8567=CARTESIAN_POINT('',(145.345318076,-136.351620506,-8.3));
#8568=B_SPLINE_SURFACE_WITH_KNOTS('',3,1,((#8556,#8557,#8558),(#8559,#8560,#8561),(#8562,#8563,#8564),(#8565,#8566,#8567)),.UNSPECIFIED.,.F.,.F.,.U.,(4,4),(2,1,2),(0.,1.),(1.,1.4,2.),.UNSPECIFIED.);
#8569=ORIENTED_EDGE('',*,*,#1748,.F.);
#8570=CARTESIAN_POINT('',(145.076518076,-136.781700506,-7.8));
#8571=VERTEX_POINT('',#8570);
#8572=CARTESIAN_POINT('',(145.076518076,-136.781700506,-7.8));
#8573=DIRECTION('',(0.,0.,-1.));
#8574=VECTOR('',#8573,0.5);
#8575=LINE('',#8572,#8574);
#8576=EDGE_CURVE('',#8571,#1727,#8575,.T.);
#8577=ORIENTED_EDGE('',*,*,#8576,.F.);
#8578=CARTESIAN_POINT('',(145.076518076,-136.781700506,-7.8));
#8579=CARTESIAN_POINT('',(145.142562109,-136.72668531,-7.8));
#8580=CARTESIAN_POINT('',(145.194698357,-136.658005059,-7.8));
#8581=CARTESIAN_POINT('',(145.238137946,-136.584264009,-7.8));
#8582=CARTESIAN_POINT('',(145.281577534,-136.51052296,-7.8));
#8583=CARTESIAN_POINT('',(145.316052755,-136.432081918,-7.8));
#8584=CARTESIAN_POINT('',(145.345318076,-136.351620506,-7.8));
#8585=B_SPLINE_CURVE_WITH_KNOTS('',3,(#8578,#8579,#8580,#8581,#8582,#8583,#8584),.UNSPECIFIED.,.F.,.F.,(4,3,4),(0.001679247,0.001937116,0.002194985),.UNSPECIFIED.);
#8586=EDGE_CURVE('',#8571,#8539,#8585,.T.);
#8587=ORIENTED_EDGE('',*,*,#8586,.T.);
#8588=ORIENTED_EDGE('',*,*,#8544,.T.);
#8589=EDGE_LOOP('',(#8569,#8577,#8587,#8588));
#8590=FACE_BOUND('',#8589,.T.);
#8591=ADVANCED_FACE('',(#8590),#8568,.T.);
#8592=CARTESIAN_POINT('',(144.632998076,-136.916100506,-7.8));
#8593=CARTESIAN_POINT('',(144.632998076,-136.916100506,-8.));
#8594=CARTESIAN_POINT('',(144.632998076,-136.916100506,-8.3));
#8595=CARTESIAN_POINT('',(144.821158055,-136.916100506,-7.8));
#8596=CARTESIAN_POINT('',(144.821158055,-136.916100506,-8.));
#8597=CARTESIAN_POINT('',(144.821158055,-136.916100506,-8.3));
#8598=CARTESIAN_POINT('',(144.968998043,-136.871265516,-7.8));
#8599=CARTESIAN_POINT('',(144.968998043,-136.871265516,-8.));
#8600=CARTESIAN_POINT('',(144.968998043,-136.871265516,-8.3));
#8601=CARTESIAN_POINT('',(145.07651804,-136.781700536,-7.8));
#8602=CARTESIAN_POINT('',(145.07651804,-136.781700536,-8.));
#8603=CARTESIAN_POINT('',(145.07651804,-136.781700536,-8.3));
#8604=B_SPLINE_SURFACE_WITH_KNOTS('',3,1,((#8592,#8593,#8594),(#8595,#8596,#8597),(#8598,#8599,#8600),(#8601,#8602,#8603)),.UNSPECIFIED.,.F.,.F.,.U.,(4,4),(2,1,2),(0.,0.999999889),(1.,1.4,2.),.UNSPECIFIED.);
#8605=ORIENTED_EDGE('',*,*,#1736,.F.);
#8606=CARTESIAN_POINT('',(144.632998076,-136.916100506,-7.8));
#8607=VERTEX_POINT('',#8606);
#8608=CARTESIAN_POINT('',(144.632998076,-136.916100506,-7.8));
#8609=DIRECTION('',(0.,0.,-1.));
#8610=VECTOR('',#8609,0.5);
#8611=LINE('',#8608,#8610);
#8612=EDGE_CURVE('',#8607,#1715,#8611,.T.);
#8613=ORIENTED_EDGE('',*,*,#8612,.F.);
#8614=CARTESIAN_POINT('',(144.632998076,-136.916100506,-7.8));
#8615=CARTESIAN_POINT('',(144.711950577,-136.916100506,-7.8));
#8616=CARTESIAN_POINT('',(144.790695679,-136.908465417,-7.8));
#8617=CARTESIAN_POINT('',(144.866863407,-136.887704107,-7.8));
#8618=CARTESIAN_POINT('',(144.943031135,-136.866942796,-7.8));
#8619=CARTESIAN_POINT('',(145.015875432,-136.832216302,-7.8));
#8620=CARTESIAN_POINT('',(145.076518076,-136.781700506,-7.8));
#8621=B_SPLINE_CURVE_WITH_KNOTS('',3,(#8614,#8615,#8616,#8617,#8618,#8619,#8620),.UNSPECIFIED.,.F.,.F.,(4,3,4),(0.001176463,0.00141332,0.001650178),.UNSPECIFIED.);
#8622=EDGE_CURVE('',#8607,#8571,#8621,.T.);
#8623=ORIENTED_EDGE('',*,*,#8622,.T.);
#8624=ORIENTED_EDGE('',*,*,#8576,.T.);
#8625=EDGE_LOOP('',(#8605,#8613,#8623,#8624));
#8626=FACE_BOUND('',#8625,.T.);
#8627=ADVANCED_FACE('',(#8626),#8604,.T.);
#8628=CARTESIAN_POINT('',(144.202918076,-136.781700506,-7.8));
#8629=CARTESIAN_POINT('',(144.202918076,-136.781700506,-8.));
#8630=CARTESIAN_POINT('',(144.202918076,-136.781700506,-8.3));
#8631=CARTESIAN_POINT('',(144.310438076,-136.871265506,-7.8));
#8632=CARTESIAN_POINT('',(144.310438076,-136.871265506,-8.));
#8633=CARTESIAN_POINT('',(144.310438076,-136.871265506,-8.3));
#8634=CARTESIAN_POINT('',(144.453763076,-136.916100506,-7.8));
#8635=CARTESIAN_POINT('',(144.453763076,-136.916100506,-8.));
#8636=CARTESIAN_POINT('',(144.453763076,-136.916100506,-8.3));
#8637=CARTESIAN_POINT('',(144.632998076,-136.916100506,-7.8));
#8638=CARTESIAN_POINT('',(144.632998076,-136.916100506,-8.));
#8639=CARTESIAN_POINT('',(144.632998076,-136.916100506,-8.3));
#8640=B_SPLINE_SURFACE_WITH_KNOTS('',3,1,((#8628,#8629,#8630),(#8631,#8632,#8633),(#8634,#8635,#8636),(#8637,#8638,#8639)),.UNSPECIFIED.,.F.,.F.,.U.,(4,4),(2,1,2),(0.,1.),(1.,1.4,2.),.UNSPECIFIED.);
#8641=ORIENTED_EDGE('',*,*,#1724,.F.);
#8642=CARTESIAN_POINT('',(144.202918076,-136.781700506,-7.8));
#8643=VERTEX_POINT('',#8642);
#8644=CARTESIAN_POINT('',(144.202918076,-136.781700506,-7.8));
#8645=DIRECTION('',(0.,0.,-1.));
#8646=VECTOR('',#8645,0.5);
#8647=LINE('',#8644,#8646);
#8648=EDGE_CURVE('',#8643,#1703,#8647,.T.);
#8649=ORIENTED_EDGE('',*,*,#8648,.F.);
#8650=CARTESIAN_POINT('',(144.202918076,-136.781700506,-7.8));
#8651=CARTESIAN_POINT('',(144.26189065,-136.830825121,-7.8));
#8652=CARTESIAN_POINT('',(144.332023119,-136.865772693,-7.8));
#8653=CARTESIAN_POINT('',(144.405871155,-136.886919754,-7.8));
#8654=CARTESIAN_POINT('',(144.47971919,-136.908066814,-7.8));
#8655=CARTESIAN_POINT('',(144.556195022,-136.916100506,-7.8));
#8656=CARTESIAN_POINT('',(144.632998076,-136.916100506,-7.8));
#8657=B_SPLINE_CURVE_WITH_KNOTS('',3,(#8650,#8651,#8652,#8653,#8654,#8655,#8656),.UNSPECIFIED.,.F.,.F.,(4,3,4),(0.001167052,0.001397461,0.00162787),.UNSPECIFIED.);
#8658=EDGE_CURVE('',#8643,#8607,#8657,.T.);
#8659=ORIENTED_EDGE('',*,*,#8658,.T.);
#8660=ORIENTED_EDGE('',*,*,#8612,.T.);
#8661=EDGE_LOOP('',(#8641,#8649,#8659,#8660));
#8662=FACE_BOUND('',#8661,.T.);
#8663=ADVANCED_FACE('',(#8662),#8640,.T.);
#8664=CARTESIAN_POINT('',(143.947558076,-136.365060506,-7.8));
#8665=CARTESIAN_POINT('',(143.947558076,-136.365060506,-8.));
#8666=CARTESIAN_POINT('',(143.947558076,-136.365060506,-8.3));
#8667=CARTESIAN_POINT('',(144.010243076,-136.553220506,-7.8));
#8668=CARTESIAN_POINT('',(144.010243076,-136.553220506,-8.));
#8669=CARTESIAN_POINT('',(144.010243076,-136.553220506,-8.3));
#8670=CARTESIAN_POINT('',(144.095398076,-136.692135506,-7.8));
#8671=CARTESIAN_POINT('',(144.095398076,-136.692135506,-8.));
#8672=CARTESIAN_POINT('',(144.095398076,-136.692135506,-8.3));
#8673=CARTESIAN_POINT('',(144.202918076,-136.781700506,-7.8));
#8674=CARTESIAN_POINT('',(144.202918076,-136.781700506,-8.));
#8675=CARTESIAN_POINT('',(144.202918076,-136.781700506,-8.3));
#8676=B_SPLINE_SURFACE_WITH_KNOTS('',3,1,((#8664,#8665,#8666),(#8667,#8668,#8669),(#8670,#8671,#8672),(#8673,#8674,#8675)),.UNSPECIFIED.,.F.,.F.,.U.,(4,4),(2,1,2),(0.,1.),(1.,1.4,2.),.UNSPECIFIED.);
#8677=ORIENTED_EDGE('',*,*,#1712,.F.);
#8678=CARTESIAN_POINT('',(143.947558076,-136.365060506,-7.8));
#8679=VERTEX_POINT('',#8678);
#8680=CARTESIAN_POINT('',(143.947558076,-136.365060506,-7.8));
#8681=DIRECTION('',(0.,0.,-1.));
#8682=VECTOR('',#8681,0.5);
#8683=LINE('',#8680,#8682);
#8684=EDGE_CURVE('',#8679,#1695,#8683,.T.);
#8685=ORIENTED_EDGE('',*,*,#8684,.F.);
#8686=CARTESIAN_POINT('',(143.947558076,-136.365060506,-7.8));
#8687=CARTESIAN_POINT('',(143.97365449,-136.443393462,-7.8));
#8688=CARTESIAN_POINT('',(144.005643394,-136.519856387,-7.8));
#8689=CARTESIAN_POINT('',(144.047041932,-136.5912579,-7.8));
#8690=CARTESIAN_POINT('',(144.088440471,-136.662659413,-7.8));
#8691=CARTESIAN_POINT('',(144.139584846,-136.728943431,-7.8));
#8692=CARTESIAN_POINT('',(144.202918076,-136.781700506,-7.8));
#8693=B_SPLINE_CURVE_WITH_KNOTS('',3,(#8686,#8687,#8688,#8689,#8690,#8691,#8692),.UNSPECIFIED.,.F.,.F.,(4,3,4),(0.002379924,0.002627621,0.002875317),.UNSPECIFIED.);
#8694=EDGE_CURVE('',#8679,#8643,#8693,.T.);
#8695=ORIENTED_EDGE('',*,*,#8694,.T.);
#8696=ORIENTED_EDGE('',*,*,#8648,.T.);
#8697=EDGE_LOOP('',(#8677,#8685,#8695,#8696));
#8698=FACE_BOUND('',#8697,.T.);
#8699=ADVANCED_FACE('',(#8698),#8676,.T.);
#8700=CARTESIAN_POINT('',(142.469158076,-132.178500506,-7.3));
#8701=DIRECTION('',(0.942934436,0.332978452,0.));
#8702=DIRECTION('',(-0.332978452,0.942934436,0.));
#8703=AXIS2_PLACEMENT_3D('',#8700,#8701,#8702);
#8704=PLANE('',#8703);
#8705=ORIENTED_EDGE('',*,*,#1700,.F.);
#8706=ORIENTED_EDGE('',*,*,#7834,.F.);
#8707=CARTESIAN_POINT('',(140.990758076,-127.991940506,-7.8));
#8708=DIRECTION('',(0.332978452,-0.942934436,0.));
#8709=VECTOR('',#8708,8.879853871);
#8710=LINE('',#8707,#8709);
#8711=EDGE_CURVE('',#7816,#8679,#8710,.T.);
#8712=ORIENTED_EDGE('',*,*,#8711,.T.);
#8713=ORIENTED_EDGE('',*,*,#8684,.T.);
#8714=EDGE_LOOP('',(#8705,#8706,#8712,#8713));
#8715=FACE_BOUND('',#8714,.T.);
#8716=ADVANCED_FACE('',(#8715),#8704,.T.);
#8717=CARTESIAN_POINT('',(296.141840353,-153.021334752,-7.8));
#8718=DIRECTION('',(0.,0.,-1.));
#8719=DIRECTION('',(-1.,0.,0.));
#8720=AXIS2_PLACEMENT_3D('',#8717,#8718,#8719);
#8721=PLANE('',#8720);
#8722=ORIENTED_EDGE('',*,*,#7828,.F.);
#8723=ORIENTED_EDGE('',*,*,#7872,.F.);
#8724=ORIENTED_EDGE('',*,*,#7908,.F.);
#8725=ORIENTED_EDGE('',*,*,#7944,.F.);
#8726=ORIENTED_EDGE('',*,*,#7968,.F.);
#8727=ORIENTED_EDGE('',*,*,#7992,.F.);
#8728=ORIENTED_EDGE('',*,*,#8028,.F.);
#8729=ORIENTED_EDGE('',*,*,#8064,.F.);
#8730=ORIENTED_EDGE('',*,*,#8100,.F.);
#8731=ORIENTED_EDGE('',*,*,#8136,.F.);
#8732=ORIENTED_EDGE('',*,*,#8160,.F.);
#8733=ORIENTED_EDGE('',*,*,#8184,.F.);
#8734=ORIENTED_EDGE('',*,*,#8220,.F.);
#8735=ORIENTED_EDGE('',*,*,#8256,.F.);
#8736=ORIENTED_EDGE('',*,*,#8295,.F.);
#8737=ORIENTED_EDGE('',*,*,#8334,.F.);
#8738=ORIENTED_EDGE('',*,*,#8358,.F.);
#8739=ORIENTED_EDGE('',*,*,#8394,.F.);
#8740=ORIENTED_EDGE('',*,*,#8430,.F.);
#8741=ORIENTED_EDGE('',*,*,#8466,.F.);
#8742=ORIENTED_EDGE('',*,*,#8502,.F.);
#8743=ORIENTED_EDGE('',*,*,#8526,.F.);
#8744=ORIENTED_EDGE('',*,*,#8550,.F.);
#8745=ORIENTED_EDGE('',*,*,#8586,.F.);
#8746=ORIENTED_EDGE('',*,*,#8622,.F.);
#8747=ORIENTED_EDGE('',*,*,#8658,.F.);
#8748=ORIENTED_EDGE('',*,*,#8694,.F.);
#8749=ORIENTED_EDGE('',*,*,#8711,.F.);
#8750=EDGE_LOOP('',(#8722,#8723,#8724,#8725,#8726,#8727,#8728,#8729,#8730,#8731,#8732,#8733,#8734,#8735,#8736,#8737,#8738,#8739,#8740,#8741,#8742,#8743,#8744,#8745,#8746,#8747,
#8748,#8749));
#8751=FACE_BOUND('',#8750,.T.);
#8752=ADVANCED_FACE('',(#8751),#8721,.T.);
#8753=CARTESIAN_POINT('',(211.345790715,-167.675376589,-7.6));
#8754=DIRECTION('',(0.,0.,1.));
#8755=DIRECTION('',(1.,0.,-0.));
#8756=AXIS2_PLACEMENT_3D('',#8753,#8754,#8755);
#8757=CYLINDRICAL_SURFACE('',#8756,0.4);
#8758=ORIENTED_EDGE('',*,*,#4323,.F.);
#8759=ORIENTED_EDGE('',*,*,#4283,.F.);
#8760=ORIENTED_EDGE('',*,*,#2051,.F.);
#8761=ORIENTED_EDGE('',*,*,#4190,.F.);
#8762=EDGE_LOOP('',(#8758,#8759,#8760,#8761));
#8763=FACE_BOUND('',#8762,.T.);
#8764=ADVANCED_FACE('',(#8763),#8757,.F.);
#8765=CARTESIAN_POINT('',(186.245794613,-167.575376589,-7.6));
#8766=DIRECTION('',(0.,0.,-1.));
#8767=DIRECTION('',(-1.,0.,0.));
#8768=AXIS2_PLACEMENT_3D('',#8765,#8766,#8767);
#8769=CYLINDRICAL_SURFACE('',#8768,0.5);
#8770=ORIENTED_EDGE('',*,*,#4315,.F.);
#8771=ORIENTED_EDGE('',*,*,#4252,.F.);
#8772=ORIENTED_EDGE('',*,*,#2068,.F.);
#8773=ORIENTED_EDGE('',*,*,#4276,.F.);
#8774=EDGE_LOOP('',(#8770,#8771,#8772,#8773));
#8775=FACE_BOUND('',#8774,.T.);
#8776=ADVANCED_FACE('',(#8775),#8769,.F.);
#8777=CARTESIAN_POINT('',(186.245794613,-123.575376589,-7.6));
#8778=DIRECTION('',(0.,0.,1.));
#8779=DIRECTION('',(1.,0.,-0.));
#8780=AXIS2_PLACEMENT_3D('',#8777,#8778,#8779);
#8781=CYLINDRICAL_SURFACE('',#8780,0.5);
#8782=ORIENTED_EDGE('',*,*,#4307,.F.);
#8783=ORIENTED_EDGE('',*,*,#4221,.F.);
#8784=ORIENTED_EDGE('',*,*,#2083,.F.);
#8785=ORIENTED_EDGE('',*,*,#4245,.F.);
#8786=EDGE_LOOP('',(#8782,#8783,#8784,#8785));
#8787=FACE_BOUND('',#8786,.T.);
#8788=ADVANCED_FACE('',(#8787),#8781,.F.);
#8789=CARTESIAN_POINT('',(211.245785773,-123.575376589,-7.6));
#8790=DIRECTION('',(0.,0.,-1.));
#8791=DIRECTION('',(-1.,0.,0.));
#8792=AXIS2_PLACEMENT_3D('',#8789,#8790,#8791);
#8793=CYLINDRICAL_SURFACE('',#8792,0.5);
#8794=ORIENTED_EDGE('',*,*,#4299,.F.);
#8795=ORIENTED_EDGE('',*,*,#4176,.F.);
#8796=ORIENTED_EDGE('',*,*,#2034,.F.);
#8797=ORIENTED_EDGE('',*,*,#4214,.F.);
#8798=EDGE_LOOP('',(#8794,#8795,#8796,#8797));
#8799=FACE_BOUND('',#8798,.T.);
#8800=ADVANCED_FACE('',(#8799),#8793,.F.);
#8801=CARTESIAN_POINT('',(80.887241,-107.700001,-7.3));
#8802=DIRECTION('',(0.,0.,1.));
#8803=DIRECTION('',(1.,0.,-0.));
#8804=AXIS2_PLACEMENT_3D('',#8801,#8802,#8803);
#8805=CYLINDRICAL_SURFACE('',#8804,2.6);
#8806=CARTESIAN_POINT('',(83.487241,-107.700001,-7.3));
#8807=VERTEX_POINT('',#8806);
#8808=CARTESIAN_POINT('',(83.487241,-107.700001,-6.8));
#8809=DIRECTION('',(-0.,-0.,-1.));
#8810=VECTOR('',#8809,0.5);
#8811=LINE('',#8808,#8810);
#8812=EDGE_CURVE('',#1998,#8807,#8811,.T.);
#8813=ORIENTED_EDGE('',*,*,#8812,.F.);
#8814=ORIENTED_EDGE('',*,*,#2006,.T.);
#8815=ORIENTED_EDGE('',*,*,#2013,.T.);
#8816=ORIENTED_EDGE('',*,*,#8812,.T.);
#8817=CARTESIAN_POINT('',(79.304175027,-109.7625,-7.3));
#8818=VERTEX_POINT('',#8817);
#8819=CARTESIAN_POINT('',(80.887241,-107.700001,-7.3));
#8820=DIRECTION('',(0.,0.,1.));
#8821=DIRECTION('',(-0.608871528,-0.793268846,0.));
#8822=AXIS2_PLACEMENT_3D('',#8819,#8820,#8821);
#8823=CIRCLE('',#8822,2.6);
#8824=EDGE_CURVE('',#8818,#8807,#8823,.T.);
#8825=ORIENTED_EDGE('',*,*,#8824,.F.);
#8826=CARTESIAN_POINT('',(80.887241,-107.700001,-7.3));
#8827=DIRECTION('',(0.,0.,1.));
#8828=DIRECTION('',(-0.608871528,-0.793268846,0.));
#8829=AXIS2_PLACEMENT_3D('',#8826,#8827,#8828);
#8830=CIRCLE('',#8829,2.6);
#8831=EDGE_CURVE('',#8807,#8818,#8830,.T.);
#8832=ORIENTED_EDGE('',*,*,#8831,.F.);
#8833=EDGE_LOOP('',(#8813,#8814,#8815,#8816,#8825,#8832));
#8834=FACE_BOUND('',#8833,.T.);
#8835=ADVANCED_FACE('',(#8834),#8805,.F.);
#8836=CARTESIAN_POINT('',(123.141840353,-153.021334752,-7.3));
#8837=DIRECTION('',(0.,0.,1.));
#8838=DIRECTION('',(1.,0.,0.));
#8839=AXIS2_PLACEMENT_3D('',#8836,#8837,#8838);
#8840=PLANE('',#8839);
#8841=ORIENTED_EDGE('',*,*,#8824,.T.);
#8842=ORIENTED_EDGE('',*,*,#8831,.T.);
#8843=EDGE_LOOP('',(#8841,#8842));
#8844=FACE_BOUND('',#8843,.T.);
#8845=ADVANCED_FACE('',(#8844),#8840,.T.);
#8846=CARTESIAN_POINT('',(142.83,-170.9025,-6.8));
#8847=DIRECTION('',(0.,0.,-1.));
#8848=DIRECTION('',(-1.,0.,0.));
#8849=AXIS2_PLACEMENT_3D('',#8846,#8847,#8848);
#8850=CYLINDRICAL_SURFACE('',#8849,0.75);
#8851=CARTESIAN_POINT('',(142.08,-170.9025,-8.3));
#8852=DIRECTION('',(-0.,-0.,1.));
#8853=VECTOR('',#8852,1.5);
#8854=LINE('',#8851,#8853);
#8855=EDGE_CURVE('',#61,#1987,#8854,.T.);
#8856=ORIENTED_EDGE('',*,*,#8855,.F.);
#8857=ORIENTED_EDGE('',*,*,#67,.T.);
#8858=ORIENTED_EDGE('',*,*,#8855,.T.);
#8859=ORIENTED_EDGE('',*,*,#1993,.F.);
#8860=EDGE_LOOP('',(#8856,#8857,#8858,#8859));
#8861=FACE_BOUND('',#8860,.T.);
#8862=ADVANCED_FACE('',(#8861),#8850,.F.);
#8863=CLOSED_SHELL('',(#1980,#2797,#2822,#2847,#2872,#2897,#2919,#2936,#2953,#2970,#2987,#3004,#3021,#3038,#3055,#3072,#3089,#3106,#3123,#3140,#3157,#3174,#3191,#3208,#3225,#3242,
#3259,#3276,#3293,#3310,#3327,#3369,#3386,#3403,#3420,#3437,#3454,#3471,#3488,#3505,#3522,#3539,#3556,#3573,#3590,#3607,#3624,#3641,#3658,#3675,#3692,
#3709,#3726,#3743,#3760,#3777,#3794,#3811,#3828,#3845,#3862,#3879,#3896,#3913,#3930,#3947,#3964,#3981,#3998,#4015,#4032,#4049,#4066,#4083,#4100,#4117,
#4134,#4151,#4163,#4194,#4225,#4256,#4287,#4327,#4352,#4361,#4386,#4395,#4420,#4429,#4454,#4466,#4491,#4503,#4528,#4540,#4565,#4577,#4610,#4632,#4644,
#4656,#4681,#4690,#4715,#4724,#4749,#4758,#4783,#4792,#4823,#4865,#4889,#4913,#4949,#4985,#5021,#5054,#5090,#5114,#5138,#5171,#5207,#5243,#5279,#5315,
#5339,#5363,#5405,#5429,#5453,#5489,#5525,#5561,#5594,#5627,#5651,#5675,#5708,#5741,#5777,#5813,#5849,#5889,#5920,#5957,#5988,#6019,#6047,#6064,#6114,
#6128,#6160,#6205,#6241,#6277,#6313,#6337,#6376,#6421,#6445,#6469,#6505,#6541,#6577,#6613,#6637,#6661,#6697,#6733,#6778,#6802,#6826,#6862,#6898,#6934,
#6970,#6994,#7018,#7057,#7093,#7110,#7148,#7191,#7224,#7248,#7287,#7323,#7347,#7383,#7419,#7455,#7491,#7515,#7554,#7596,#7629,#7662,#7698,#7734,#7766,
#7792,#7838,#7877,#7913,#7949,#7973,#7997,#8033,#8069,#8105,#8141,#8165,#8189,#8225,#8261,#8300,#8339,#8363,#8399,#8435,#8471,#8507,#8531,#8555,#8591,
#8627,#8663,#8699,#8716,#8752,#8764,#8776,#8788,#8800,#8835,#8845,#8862));
#8864=MANIFOLD_SOLID_BREP('L Bottom Plate',#8863);
#8865=COLOUR_RGB('',0.517647088,0.517647088,0.517647088);
#8866=FILL_AREA_STYLE_COLOUR('',#8865);
#8867=FILL_AREA_STYLE('',(#8866));
#8868=SURFACE_STYLE_FILL_AREA(#8867);
#8869=SURFACE_SIDE_STYLE('',(#8868));
#8870=SURFACE_STYLE_USAGE(.BOTH.,#8869);
#8871=PRESENTATION_STYLE_ASSIGNMENT((#8870));
#54=STYLED_ITEM('',(#8871),#8864);
#35=SHAPE_REPRESENTATION('Left',(#15),#33);
#36=ADVANCED_BREP_SHAPE_REPRESENTATION('Left',(#8864),#33);
#8879=SHAPE_REPRESENTATION_RELATIONSHIP('','',#35,#36);
#8880=CARTESIAN_POINT('',(0.,0.,0.));
#8881=DIRECTION('',(0.,0.,1.));
#8882=DIRECTION('',(1.,0.,0.));
#8883=AXIS2_PLACEMENT_3D('',#8880,#8881,#8882);
#8885=MAPPED_ITEM('',#8884,#8883);
#8884=REPRESENTATION_MAP(#8883,#35);
#8886=APPLICATION_CONTEXT('Managed model based 3d engineering');
#8887=APPLICATION_PROTOCOL_DEFINITION('international standard','ap242_managed_model_based_3d_engineering',2014,#8886);
#8888=PRODUCT_CONTEXT('',#8886,'mechanical');
#8889=PRODUCT_DEFINITION_CONTEXT('part definition',#8886,'design');
#43=PRODUCT('Left','Left','',(#8888));
#8890=PRODUCT_RELATED_PRODUCT_CATEGORY('part','',(#43));
#8891=PRODUCT_DEFINITION_FORMATION_WITH_SPECIFIED_SOURCE('','',#43,.NOT_KNOWN.);
#44=PRODUCT_DEFINITION('design','',#8891,#8889);
#42=PRODUCT_DEFINITION_SHAPE('','',#44);
#8892=SHAPE_DEFINITION_REPRESENTATION(#42,#35);
#34=DRAUGHTING_MODEL('',(#8885),#33);
#16=SHAPE_REPRESENTATION('root',(#15,#48),#10);
#8893=CARTESIAN_POINT('',(0.,0.,0.));
#8894=DIRECTION('',(0.,0.,1.));
#8895=DIRECTION('',(1.,0.,0.));
#8896=AXIS2_PLACEMENT_3D('',#8893,#8894,#8895);
#8898=MAPPED_ITEM('',#8897,#8896);
#8897=REPRESENTATION_MAP(#8896,#16);
#24=PRODUCT('root','root','',(#8888));
#8899=PRODUCT_RELATED_PRODUCT_CATEGORY('part','',(#24));
#8900=PRODUCT_DEFINITION_FORMATION_WITH_SPECIFIED_SOURCE('','',#24,.NOT_KNOWN.);
#25=PRODUCT_DEFINITION('design','',#8900,#8889);
#23=PRODUCT_DEFINITION_SHAPE('','',#25);
#8901=SHAPE_DEFINITION_REPRESENTATION(#23,#16);
#11=DRAUGHTING_MODEL('',(#8898),#10);
#8902=DESCRIPTIVE_REPRESENTATION_ITEM('KEY','/Users/will/Library/Containers/com.shapr3d.shapr/Data/tmp/3B61E0C1-BB0A-4B1F-B6A3-0DDDED346AE3.tmp');
#8903=PROPERTY_DEFINITION('KEY','',#25);
#8904=REPRESENTATION('',(#8902),#10);
#8905=PROPERTY_DEFINITION_REPRESENTATION(#8903,#8904);
#8906=GENERAL_PROPERTY('','KEY','');
#8907=GENERAL_PROPERTY_ASSOCIATION('','',#8906,#8903);
#1=MECHANICAL_DESIGN_GEOMETRIC_PRESENTATION_REPRESENTATION('',(#54),#10);
ENDSEC;
END-ISO-10303-21;
