ISO-10303-21;
HEADER;

/* File generated by Shapr3D Version 26.121.0.11316 */

FILE_DESCRIPTION(('HOOPS Exchange Step'),'2;1');

FILE_NAME('/Users/will/Library/Containers/com.shapr3d.shapr/Data/tmp/export/temp_export',
'2026-08-29T10:33:57-03:00',
('will'),
('Shapr3D Limited'),
'HOOPS Exchange 2026.3',
'Shapr3D',
'Authorized');

FILE_SCHEMA( ('AP242_MANAGED_MODEL_BASED_3D_ENGINEERING_MIM_LF {1 0 10303 442 1 1 4}') );

ENDSEC;

DATA;
#3=(NAMED_UNIT(*)PLANE_ANGLE_UNIT()SI_UNIT($,.RADIAN.));
#4=PLANE_ANGLE_MEASURE_WITH_UNIT(PLANE_ANGLE_MEASURE(0.0174532925),#3);
#5=(CONVERSION_BASED_UNIT('DEGREE',#4)NAMED_UNIT(#6)PLANE_ANGLE_UNIT());
#6=DIMENSIONAL_EXPONENTS(0.,0.,0.,0.,0.,0.,0.);
#7=(NAMED_UNIT(*)SI_UNIT($,.STERADIAN.)SOLID_ANGLE_UNIT());
#8=(LENGTH_UNIT()NAMED_UNIT(*)SI_UNIT(.MILLI.,.METRE.));
#9=UNCERTAINTY_MEASURE_WITH_UNIT(LENGTH_MEASURE(1.000000E-05),#8,'DISTANCE_ACCURACY_VALUE','Maximum Tolerance applied to model');
#10=(GEOMETRIC_REPRESENTATION_CONTEXT(3)GLOBAL_UNCERTAINTY_ASSIGNED_CONTEXT((#9))GLOBAL_UNIT_ASSIGNED_CONTEXT((#8,#5,#7))REPRESENTATION_CONTEXT('','root'));
#12=CARTESIAN_POINT('',(0.,0.,0.));
#13=DIRECTION('',(0.,0.,1.));
#14=DIRECTION('',(1.,0.,0.));
#15=AXIS2_PLACEMENT_3D('TS3D_PRODUCT_CSYS',#12,#13,#14);
#27=CARTESIAN_POINT('',(340.233368239,-162.337499,-8.));
#28=DIRECTION('',(0.,-1.,0.));
#29=DIRECTION('',(0.,0.,-1.));
#30=AXIS2_PLACEMENT_3D('',#27,#28,#29);
#31=PLANE('',#30);
#32=CARTESIAN_POINT('',(313.77950058,-162.337499,-6.8));
#33=VERTEX_POINT('',#32);
#34=CARTESIAN_POINT('',(366.687239,-162.337499,-6.8));
#35=VERTEX_POINT('',#34);
#36=CARTESIAN_POINT('',(313.77950058,-162.337499,-6.8));
#37=DIRECTION('',(1.,0.,-0.));
#38=VECTOR('',#37,52.90773842);
#39=LINE('',#36,#38);
#40=EDGE_CURVE('',#33,#35,#39,.T.);
#41=ORIENTED_EDGE('',*,*,#40,.T.);
#42=CARTESIAN_POINT('',(366.687239,-162.337499,-8.));
#43=VERTEX_POINT('',#42);
#44=CARTESIAN_POINT('',(366.687239,-162.337499,-8.));
#45=DIRECTION('',(0.,0.,1.));
#46=VECTOR('',#45,1.2);
#47=LINE('',#44,#46);
#48=EDGE_CURVE('',#43,#35,#47,.T.);
#49=ORIENTED_EDGE('',*,*,#48,.F.);
#50=CARTESIAN_POINT('',(313.779497478,-162.337499,-8.));
#51=VERTEX_POINT('',#50);
#52=CARTESIAN_POINT('',(313.779497478,-162.337499,-8.));
#53=DIRECTION('',(1.,0.,-0.));
#54=VECTOR('',#53,52.907741522);
#55=LINE('',#52,#54);
#56=EDGE_CURVE('',#51,#43,#55,.T.);
#57=ORIENTED_EDGE('',*,*,#56,.F.);
#58=CARTESIAN_POINT('',(313.779497478,-162.337499,-8.));
#59=DIRECTION('',(-0.,-0.,1.));
#60=VECTOR('',#59,1.2);
#61=LINE('',#58,#60);
#62=EDGE_CURVE('',#51,#33,#61,.T.);
#63=ORIENTED_EDGE('',*,*,#62,.T.);
#64=EDGE_LOOP('',(#41,#49,#57,#63));
#65=FACE_BOUND('',#64,.T.);
#66=ADVANCED_FACE('',(#65),#31,.F.);
#67=CARTESIAN_POINT('',(313.779528502,-164.112600527,-8.));
#68=DIRECTION('',(0.,0.,1.));
#69=DIRECTION('',(1.,0.,-0.));
#70=AXIS2_PLACEMENT_3D('',#67,#68,#69);
#71=CYLINDRICAL_SURFACE('',#70,1.775101528);
#72=CARTESIAN_POINT('',(312.419714096,-162.97159649,-8.));
#73=VERTEX_POINT('',#72);
#74=CARTESIAN_POINT('',(312.419712826,-162.971598003,-6.8));
#75=VERTEX_POINT('',#74);
#76=CARTESIAN_POINT('',(312.419714096,-162.97159649,-8.));
#77=DIRECTION('',(0.,0.,1.));
#78=VECTOR('',#77,1.2);
#79=LINE('',#76,#78);
#80=EDGE_CURVE('',#73,#75,#79,.T.);
#81=ORIENTED_EDGE('',*,*,#80,.T.);
#82=CARTESIAN_POINT('',(313.779528503,-164.112600527,-6.8));
#83=DIRECTION('',(0.,0.,1.));
#84=DIRECTION('',(1.,0.,-0.));
#85=AXIS2_PLACEMENT_3D('',#82,#83,#84);
#86=CIRCLE('',#85,1.775101528);
#87=EDGE_CURVE('',#33,#75,#86,.T.);
#88=ORIENTED_EDGE('',*,*,#87,.F.);
#89=ORIENTED_EDGE('',*,*,#62,.F.);
#90=CARTESIAN_POINT('',(313.779528502,-164.112600527,-8.));
#91=DIRECTION('',(0.,0.,1.));
#92=DIRECTION('',(-0.000017478,1.,0.));
#93=AXIS2_PLACEMENT_3D('',#90,#91,#92);
#94=CIRCLE('',#93,1.775101528);
#95=EDGE_CURVE('',#51,#73,#94,.T.);
#96=ORIENTED_EDGE('',*,*,#95,.T.);
#97=EDGE_LOOP('',(#81,#88,#89,#96));
#98=FACE_BOUND('',#97,.T.);
#99=ADVANCED_FACE('',(#98),#71,.T.);
#100=CARTESIAN_POINT('',(305.021802187,-171.788604712,-8.));
#101=DIRECTION('',(0.766063115,-0.642765357,0.));
#102=DIRECTION('',(0.642765357,0.766063115,0.));
#103=AXIS2_PLACEMENT_3D('',#100,#101,#102);
#104=PLANE('',#103);
#105=CARTESIAN_POINT('',(297.623890278,-180.605612933,-6.8));
#106=VERTEX_POINT('',#105);
#107=CARTESIAN_POINT('',(297.623890278,-180.605612933,-6.8));
#108=DIRECTION('',(0.642765357,0.766063115,0.));
#109=VECTOR('',#108,23.019010566);
#110=LINE('',#107,#109);
#111=EDGE_CURVE('',#106,#75,#110,.T.);
#112=ORIENTED_EDGE('',*,*,#111,.T.);
#113=ORIENTED_EDGE('',*,*,#80,.F.);
#114=CARTESIAN_POINT('',(297.623890278,-180.605612933,-8.));
#115=VERTEX_POINT('',#114);
#116=CARTESIAN_POINT('',(297.623890278,-180.605612933,-8.));
#117=DIRECTION('',(0.642765357,0.766063115,0.));
#118=VECTOR('',#117,23.019012542);
#119=LINE('',#116,#118);
#120=EDGE_CURVE('',#115,#73,#119,.T.);
#121=ORIENTED_EDGE('',*,*,#120,.F.);
#122=CARTESIAN_POINT('',(297.623890278,-180.605612933,-8.));
#123=DIRECTION('',(0.,0.,1.));
#124=VECTOR('',#123,1.2);
#125=LINE('',#122,#124);
#126=EDGE_CURVE('',#115,#106,#125,.T.);
#127=ORIENTED_EDGE('',*,*,#126,.T.);
#128=EDGE_LOOP('',(#112,#113,#121,#127));
#129=FACE_BOUND('',#128,.T.);
#130=ADVANCED_FACE('',(#129),#104,.F.);
#131=CARTESIAN_POINT('',(288.676969747,-182.240025557,-8.));
#132=DIRECTION('',(0.000926784,-0.999999571,0.));
#133=DIRECTION('',(0.999999571,0.000926784,0.));
#134=AXIS2_PLACEMENT_3D('',#131,#132,#133);
#135=PLANE('',#134);
#136=CARTESIAN_POINT('',(283.323913915,-182.244986683,-6.8));
#137=VERTEX_POINT('',#136);
#138=CARTESIAN_POINT('',(294.030025578,-182.23506443,-6.8));
#139=VERTEX_POINT('',#138);
#140=CARTESIAN_POINT('',(283.323913915,-182.244986683,-6.8));
#141=DIRECTION('',(0.999999571,0.000926784,0.));
#142=VECTOR('',#141,10.706116261);
#143=LINE('',#140,#142);
#144=EDGE_CURVE('',#137,#139,#143,.T.);
#145=ORIENTED_EDGE('',*,*,#144,.T.);
#146=CARTESIAN_POINT('',(294.030025578,-182.23506443,-8.));
#147=VERTEX_POINT('',#146);
#148=CARTESIAN_POINT('',(294.030025578,-182.23506443,-8.));
#149=DIRECTION('',(0.,0.,1.));
#150=VECTOR('',#149,1.2);
#151=LINE('',#148,#150);
#152=EDGE_CURVE('',#147,#139,#151,.T.);
#153=ORIENTED_EDGE('',*,*,#152,.F.);
#154=CARTESIAN_POINT('',(283.323913915,-182.244986683,-8.));
#155=VERTEX_POINT('',#154);
#156=CARTESIAN_POINT('',(283.323913915,-182.244986683,-8.));
#157=DIRECTION('',(0.999999571,0.000926784,0.));
#158=VECTOR('',#157,10.706116261);
#159=LINE('',#156,#158);
#160=EDGE_CURVE('',#155,#147,#159,.T.);
#161=ORIENTED_EDGE('',*,*,#160,.F.);
#162=CARTESIAN_POINT('',(283.323913915,-182.244986683,-8.));
#163=DIRECTION('',(0.,0.,1.));
#164=VECTOR('',#163,1.2);
#165=LINE('',#162,#164);
#166=EDGE_CURVE('',#155,#137,#165,.T.);
#167=ORIENTED_EDGE('',*,*,#166,.T.);
#168=EDGE_LOOP('',(#145,#153,#161,#167));
#169=FACE_BOUND('',#168,.T.);
#170=ADVANCED_FACE('',(#169),#135,.F.);
#171=CARTESIAN_POINT('',(284.643660485,-256.363949767,-8.));
#172=DIRECTION('',(0.,0.,1.));
#173=DIRECTION('',(1.,0.,-0.));
#174=AXIS2_PLACEMENT_3D('',#171,#172,#173);
#175=CYLINDRICAL_SURFACE('',#174,74.130711716);
#176=CARTESIAN_POINT('',(249.267270594,-191.218931094,-8.));
#177=VERTEX_POINT('',#176);
#178=CARTESIAN_POINT('',(249.267270594,-191.218931094,-6.8));
#179=VERTEX_POINT('',#178);
#180=CARTESIAN_POINT('',(249.267270594,-191.218931094,-8.));
#181=DIRECTION('',(0.,0.,1.));
#182=VECTOR('',#181,1.2);
#183=LINE('',#180,#182);
#184=EDGE_CURVE('',#177,#179,#183,.T.);
#185=ORIENTED_EDGE('',*,*,#184,.T.);
#186=CARTESIAN_POINT('',(284.643660485,-256.363949767,-6.8));
#187=DIRECTION('',(0.,0.,1.));
#188=DIRECTION('',(1.,0.,-0.));
#189=AXIS2_PLACEMENT_3D('',#186,#187,#188);
#190=CIRCLE('',#189,74.130711716);
#191=EDGE_CURVE('',#137,#179,#190,.T.);
#192=ORIENTED_EDGE('',*,*,#191,.F.);
#193=ORIENTED_EDGE('',*,*,#166,.F.);
#194=CARTESIAN_POINT('',(284.643660485,-256.363949767,-8.));
#195=DIRECTION('',(0.,0.,1.));
#196=DIRECTION('',(-0.017802966,0.999841515,0.));
#197=AXIS2_PLACEMENT_3D('',#194,#195,#196);
#198=CIRCLE('',#197,74.130711716);
#199=EDGE_CURVE('',#155,#177,#198,.T.);
#200=ORIENTED_EDGE('',*,*,#199,.T.);
#201=EDGE_LOOP('',(#185,#192,#193,#200));
#202=FACE_BOUND('',#201,.T.);
#203=ADVANCED_FACE('',(#202),#175,.T.);
#204=CARTESIAN_POINT('',(245.811373944,-193.148425347,-8.));
#205=DIRECTION('',(0.487485919,-0.873130849,0.));
#206=DIRECTION('',(0.873130849,0.487485919,0.));
#207=AXIS2_PLACEMENT_3D('',#204,#205,#206);
#208=PLANE('',#207);
#209=CARTESIAN_POINT('',(242.355473752,-195.077913219,-6.8));
#210=VERTEX_POINT('',#209);
#211=CARTESIAN_POINT('',(242.355477294,-195.077919599,-6.8));
#212=DIRECTION('',(0.873130849,0.487485919,0.));
#213=VECTOR('',#212,7.916102507);
#214=LINE('',#211,#213);
#215=EDGE_CURVE('',#210,#179,#214,.T.);
#216=ORIENTED_EDGE('',*,*,#215,.T.);
#217=ORIENTED_EDGE('',*,*,#184,.F.);
#218=CARTESIAN_POINT('',(242.355477294,-195.077919599,-8.));
#219=VERTEX_POINT('',#218);
#220=CARTESIAN_POINT('',(242.355477294,-195.077919599,-8.));
#221=DIRECTION('',(0.873130849,0.487485919,0.));
#222=VECTOR('',#221,7.916102507);
#223=LINE('',#220,#222);
#224=EDGE_CURVE('',#219,#177,#223,.T.);
#225=ORIENTED_EDGE('',*,*,#224,.F.);
#226=CARTESIAN_POINT('',(242.355477294,-195.077919599,-8.));
#227=DIRECTION('',(0.,0.,1.));
#228=VECTOR('',#227,1.2);
#229=LINE('',#226,#228);
#230=EDGE_CURVE('',#219,#210,#229,.T.);
#231=ORIENTED_EDGE('',*,*,#230,.T.);
#232=EDGE_LOOP('',(#216,#217,#225,#231));
#233=FACE_BOUND('',#232,.T.);
#234=ADVANCED_FACE('',(#233),#208,.F.);
#235=CARTESIAN_POINT('',(269.309166567,-97.94956083,-8.));
#236=DIRECTION('',(0.,0.,1.));
#237=DIRECTION('',(1.,0.,-0.));
#238=AXIS2_PLACEMENT_3D('',#235,#236,#237);
#239=CYLINDRICAL_SURFACE('',#238,1.733057607);
#240=CARTESIAN_POINT('',(270.805056578,-98.824661821,-8.));
#241=VERTEX_POINT('',#240);
#242=CARTESIAN_POINT('',(270.805056578,-98.824661821,-6.8));
#243=VERTEX_POINT('',#242);
#244=CARTESIAN_POINT('',(270.805056578,-98.824661821,-8.));
#245=DIRECTION('',(0.,0.,1.));
#246=VECTOR('',#245,1.2);
#247=LINE('',#244,#246);
#248=EDGE_CURVE('',#241,#243,#247,.T.);
#249=ORIENTED_EDGE('',*,*,#248,.T.);
#250=CARTESIAN_POINT('',(270.796288001,-98.839397976,-6.8));
#251=VERTEX_POINT('',#250);
#252=CARTESIAN_POINT('',(269.309166567,-97.94956083,-6.8));
#253=DIRECTION('',(-0.,-0.,-1.));
#254=DIRECTION('',(1.,0.,-0.));
#255=AXIS2_PLACEMENT_3D('',#252,#253,#254);
#256=CIRCLE('',#255,1.733057607);
#257=EDGE_CURVE('',#243,#251,#256,.T.);
#258=ORIENTED_EDGE('',*,*,#257,.T.);
#259=CARTESIAN_POINT('',(269.309132922,-99.682562912,-6.8));
#260=VERTEX_POINT('',#259);
#261=CARTESIAN_POINT('',(269.309166567,-97.94956083,-6.8));
#262=DIRECTION('',(0.,0.,1.));
#263=DIRECTION('',(1.,0.,-0.));
#264=AXIS2_PLACEMENT_3D('',#261,#262,#263);
#265=CIRCLE('',#264,1.733057607);
#266=EDGE_CURVE('',#260,#251,#265,.T.);
#267=ORIENTED_EDGE('',*,*,#266,.F.);
#268=CARTESIAN_POINT('',(269.289547813,-99.682507388,-6.8));
#269=VERTEX_POINT('',#268);
#270=CARTESIAN_POINT('',(269.309132923,-99.682507388,-6.8));
#271=DIRECTION('',(-1.,-0.,0.));
#272=VECTOR('',#271,0.01958511);
#273=LINE('',#270,#272);
#274=EDGE_CURVE('',#260,#269,#273,.T.);
#275=ORIENTED_EDGE('',*,*,#274,.T.);
#276=CARTESIAN_POINT('',(269.289547813,-99.682507388,-8.));
#277=VERTEX_POINT('',#276);
#278=CARTESIAN_POINT('',(269.289547813,-99.682507388,-8.));
#279=DIRECTION('',(0.,0.,1.));
#280=VECTOR('',#279,1.2);
#281=LINE('',#278,#280);
#282=EDGE_CURVE('',#277,#269,#281,.T.);
#283=ORIENTED_EDGE('',*,*,#282,.F.);
#284=CARTESIAN_POINT('',(269.309166567,-97.94956083,-8.));
#285=DIRECTION('',(0.,0.,1.));
#286=DIRECTION('',(-0.011320313,-0.999935923,0.));
#287=AXIS2_PLACEMENT_3D('',#284,#285,#286);
#288=CIRCLE('',#287,1.733057607);
#289=EDGE_CURVE('',#277,#241,#288,.T.);
#290=ORIENTED_EDGE('',*,*,#289,.T.);
#291=EDGE_LOOP('',(#249,#258,#267,#275,#283,#290));
#292=FACE_BOUND('',#291,.T.);
#293=ADVANCED_FACE('',(#292),#239,.T.);
#294=CARTESIAN_POINT('',(275.739727748,-99.502431525,-8.));
#295=DIRECTION('',(0.,0.,1.));
#296=DIRECTION('',(1.,0.,-0.));
#297=AXIS2_PLACEMENT_3D('',#294,#295,#296);
#298=CYLINDRICAL_SURFACE('',#297,4.58251765);
#299=CARTESIAN_POINT('',(275.76915915,-94.920008388,-8.));
#300=VERTEX_POINT('',#299);
#301=CARTESIAN_POINT('',(275.76915915,-94.920008388,-6.8));
#302=VERTEX_POINT('',#301);
#303=CARTESIAN_POINT('',(275.76915915,-94.920008388,-8.));
#304=DIRECTION('',(0.,0.,1.));
#305=VECTOR('',#304,1.2);
#306=LINE('',#303,#305);
#307=EDGE_CURVE('',#300,#302,#306,.T.);
#308=ORIENTED_EDGE('',*,*,#307,.T.);
#309=CARTESIAN_POINT('',(275.739781597,-94.919961132,-6.8));
#310=VERTEX_POINT('',#309);
#311=CARTESIAN_POINT('',(275.76915915,-94.920008388,-6.8));
#312=DIRECTION('',(-1.,-0.,0.));
#313=VECTOR('',#312,0.029377553);
#314=LINE('',#311,#313);
#315=EDGE_CURVE('',#302,#310,#314,.T.);
#316=ORIENTED_EDGE('',*,*,#315,.T.);
#317=CARTESIAN_POINT('',(271.807531769,-97.149376106,-6.8));
#318=VERTEX_POINT('',#317);
#319=CARTESIAN_POINT('',(275.739727748,-99.502431525,-6.8));
#320=DIRECTION('',(0.,0.,1.));
#321=DIRECTION('',(1.,0.,-0.));
#322=AXIS2_PLACEMENT_3D('',#319,#320,#321);
#323=CIRCLE('',#322,4.58251765);
#324=EDGE_CURVE('',#310,#318,#323,.T.);
#325=ORIENTED_EDGE('',*,*,#324,.T.);
#326=CARTESIAN_POINT('',(271.792488947,-97.17460553,-6.8));
#327=VERTEX_POINT('',#326);
#328=CARTESIAN_POINT('',(275.739727748,-99.502431525,-6.8));
#329=DIRECTION('',(0.,0.,1.));
#330=DIRECTION('',(1.,0.,-0.));
#331=AXIS2_PLACEMENT_3D('',#328,#329,#330);
#332=CIRCLE('',#331,4.58251765);
#333=EDGE_CURVE('',#318,#327,#332,.T.);
#334=ORIENTED_EDGE('',*,*,#333,.T.);
#335=CARTESIAN_POINT('',(271.792488947,-97.17460553,-8.));
#336=VERTEX_POINT('',#335);
#337=CARTESIAN_POINT('',(271.792488947,-97.17460553,-8.));
#338=DIRECTION('',(0.,0.,1.));
#339=VECTOR('',#338,1.2);
#340=LINE('',#337,#339);
#341=EDGE_CURVE('',#336,#327,#340,.T.);
#342=ORIENTED_EDGE('',*,*,#341,.F.);
#343=CARTESIAN_POINT('',(275.739727748,-99.502431525,-8.));
#344=DIRECTION('',(0.,-0.,1.));
#345=DIRECTION('',(0.00642254,0.999979375,0.));
#346=AXIS2_PLACEMENT_3D('',#343,#344,#345);
#347=CIRCLE('',#346,4.58251765);
#348=EDGE_CURVE('',#300,#336,#347,.T.);
#349=ORIENTED_EDGE('',*,*,#348,.F.);
#350=EDGE_LOOP('',(#308,#316,#325,#334,#342,#349));
#351=FACE_BOUND('',#350,.T.);
#352=ADVANCED_FACE('',(#351),#298,.F.);
#353=CARTESIAN_POINT('',(291.464930451,-92.958085337,-8.));
#354=DIRECTION('',(-0.715507056,0.698605506,0.));
#355=DIRECTION('',(-0.698605506,-0.715507056,0.));
#356=AXIS2_PLACEMENT_3D('',#353,#354,#355);
#357=PLANE('',#356);
#358=CARTESIAN_POINT('',(290.075267731,-94.381326787,-6.8));
#359=VERTEX_POINT('',#358);
#360=CARTESIAN_POINT('',(292.85457277,-91.53482303,-6.8));
#361=VERTEX_POINT('',#360);
#362=CARTESIAN_POINT('',(290.075288442,-94.381347326,-6.8));
#363=DIRECTION('',(0.698605506,0.715507056,-0.));
#364=VECTOR('',#363,3.978331552);
#365=LINE('',#362,#364);
#366=EDGE_CURVE('',#359,#361,#365,.T.);
#367=ORIENTED_EDGE('',*,*,#366,.F.);
#368=CARTESIAN_POINT('',(290.075288132,-94.381347644,-8.));
#369=VERTEX_POINT('',#368);
#370=CARTESIAN_POINT('',(290.075288132,-94.381347644,-8.));
#371=DIRECTION('',(0.,0.,1.));
#372=VECTOR('',#371,1.2);
#373=LINE('',#370,#372);
#374=EDGE_CURVE('',#369,#359,#373,.T.);
#375=ORIENTED_EDGE('',*,*,#374,.F.);
#376=CARTESIAN_POINT('',(292.85457277,-91.53482303,-8.));
#377=VERTEX_POINT('',#376);
#378=CARTESIAN_POINT('',(292.85457277,-91.53482303,-8.));
#379=DIRECTION('',(-0.698605506,-0.715507056,0.));
#380=VECTOR('',#379,3.978331997);
#381=LINE('',#378,#380);
#382=EDGE_CURVE('',#377,#369,#381,.T.);
#383=ORIENTED_EDGE('',*,*,#382,.F.);
#384=CARTESIAN_POINT('',(292.85457277,-91.53482303,-8.));
#385=DIRECTION('',(0.,0.,1.));
#386=VECTOR('',#385,1.2);
#387=LINE('',#384,#386);
#388=EDGE_CURVE('',#377,#361,#387,.T.);
#389=ORIENTED_EDGE('',*,*,#388,.T.);
#390=EDGE_LOOP('',(#367,#375,#383,#389));
#391=FACE_BOUND('',#390,.T.);
#392=ADVANCED_FACE('',(#391),#357,.F.);
#393=CARTESIAN_POINT('',(312.561139487,-92.895890916,-8.));
#394=DIRECTION('',(0.728329773,0.685226781,0.));
#395=DIRECTION('',(-0.685226781,0.728329773,0.));
#396=AXIS2_PLACEMENT_3D('',#393,#394,#395);
#397=PLANE('',#396);
#398=CARTESIAN_POINT('',(311.191163535,-91.440294187,-6.8));
#399=VERTEX_POINT('',#398);
#400=CARTESIAN_POINT('',(313.930982718,-94.351616764,-6.8));
#401=VERTEX_POINT('',#400);
#402=CARTESIAN_POINT('',(311.191435984,-91.440028609,-6.8));
#403=DIRECTION('',(0.685226781,-0.728329773,-0.));
#404=VECTOR('',#403,3.997810774);
#405=LINE('',#402,#404);
#406=EDGE_CURVE('',#399,#401,#405,.T.);
#407=ORIENTED_EDGE('',*,*,#406,.F.);
#408=CARTESIAN_POINT('',(311.191435984,-91.440028609,-8.));
#409=VERTEX_POINT('',#408);
#410=CARTESIAN_POINT('',(311.191435984,-91.440028609,-8.));
#411=DIRECTION('',(0.,0.,1.));
#412=VECTOR('',#411,1.2);
#413=LINE('',#410,#412);
#414=EDGE_CURVE('',#409,#399,#413,.T.);
#415=ORIENTED_EDGE('',*,*,#414,.F.);
#416=CARTESIAN_POINT('',(313.93084299,-94.351753224,-8.));
#417=VERTEX_POINT('',#416);
#418=CARTESIAN_POINT('',(313.93084299,-94.351753224,-8.));
#419=DIRECTION('',(-0.685226781,0.728329773,0.));
#420=VECTOR('',#419,3.997810774);
#421=LINE('',#418,#420);
#422=EDGE_CURVE('',#417,#409,#421,.T.);
#423=ORIENTED_EDGE('',*,*,#422,.F.);
#424=CARTESIAN_POINT('',(313.93084299,-94.351753224,-8.));
#425=DIRECTION('',(0.,0.,1.));
#426=VECTOR('',#425,1.2);
#427=LINE('',#424,#426);
#428=EDGE_CURVE('',#417,#401,#427,.T.);
#429=ORIENTED_EDGE('',*,*,#428,.T.);
#430=EDGE_LOOP('',(#407,#415,#423,#429));
#431=FACE_BOUND('',#430,.T.);
#432=ADVANCED_FACE('',(#431),#397,.F.);
#433=CARTESIAN_POINT('',(321.737865131,-94.920006369,-8.));
#434=DIRECTION('',(0.,1.,0.));
#435=DIRECTION('',(0.,0.,1.));
#436=AXIS2_PLACEMENT_3D('',#433,#434,#435);
#437=PLANE('',#436);
#438=CARTESIAN_POINT('',(328.23004985,-94.920006369,-8.));
#439=VERTEX_POINT('',#438);
#440=CARTESIAN_POINT('',(328.23004985,-94.920006369,-6.8));
#441=VERTEX_POINT('',#440);
#442=CARTESIAN_POINT('',(328.23004985,-94.920006369,-8.));
#443=DIRECTION('',(0.,0.,1.));
#444=VECTOR('',#443,1.2);
#445=LINE('',#442,#444);
#446=EDGE_CURVE('',#439,#441,#445,.T.);
#447=ORIENTED_EDGE('',*,*,#446,.T.);
#448=CARTESIAN_POINT('',(315.245687917,-94.919811439,-6.8));
#449=VERTEX_POINT('',#448);
#450=CARTESIAN_POINT('',(328.23004985,-94.920006369,-6.8));
#451=DIRECTION('',(-1.,-0.,0.));
#452=VECTOR('',#451,12.984361885);
#453=LINE('',#450,#452);
#454=EDGE_CURVE('',#441,#449,#453,.T.);
#455=ORIENTED_EDGE('',*,*,#454,.T.);
#456=CARTESIAN_POINT('',(315.245680412,-94.920006369,-8.));
#457=VERTEX_POINT('',#456);
#458=CARTESIAN_POINT('',(315.245680412,-94.920006369,-8.));
#459=DIRECTION('',(0.,0.,1.));
#460=VECTOR('',#459,1.2);
#461=LINE('',#458,#460);
#462=EDGE_CURVE('',#457,#449,#461,.T.);
#463=ORIENTED_EDGE('',*,*,#462,.F.);
#464=CARTESIAN_POINT('',(328.23004985,-94.920006369,-8.));
#465=DIRECTION('',(-1.,0.,0.));
#466=VECTOR('',#465,12.984369438);
#467=LINE('',#464,#466);
#468=EDGE_CURVE('',#439,#457,#467,.T.);
#469=ORIENTED_EDGE('',*,*,#468,.F.);
#470=EDGE_LOOP('',(#447,#455,#463,#469));
#471=FACE_BOUND('',#470,.T.);
#472=ADVANCED_FACE('',(#471),#437,.F.);
#473=CARTESIAN_POINT('',(328.259484102,-99.502423542,-8.));
#474=DIRECTION('',(0.,0.,1.));
#475=DIRECTION('',(1.,0.,-0.));
#476=AXIS2_PLACEMENT_3D('',#473,#474,#475);
#477=CYLINDRICAL_SURFACE('',#476,4.582511704);
#478=CARTESIAN_POINT('',(332.206715819,-97.174597239,-8.));
#479=VERTEX_POINT('',#478);
#480=CARTESIAN_POINT('',(332.206715819,-97.174597239,-6.8));
#481=VERTEX_POINT('',#480);
#482=CARTESIAN_POINT('',(332.206715819,-97.174597239,-8.));
#483=DIRECTION('',(0.,0.,1.));
#484=VECTOR('',#483,1.2);
#485=LINE('',#482,#484);
#486=EDGE_CURVE('',#479,#481,#485,.T.);
#487=ORIENTED_EDGE('',*,*,#486,.T.);
#488=CARTESIAN_POINT('',(332.191672048,-97.149366287,-6.8));
#489=VERTEX_POINT('',#488);
#490=CARTESIAN_POINT('',(328.259484102,-99.502423542,-6.8));
#491=DIRECTION('',(0.,0.,1.));
#492=DIRECTION('',(1.,0.,-0.));
#493=AXIS2_PLACEMENT_3D('',#490,#491,#492);
#494=CIRCLE('',#493,4.582511704);
#495=EDGE_CURVE('',#481,#489,#494,.T.);
#496=ORIENTED_EDGE('',*,*,#495,.T.);
#497=CARTESIAN_POINT('',(328.259430426,-94.919959104,-6.8));
#498=VERTEX_POINT('',#497);
#499=CARTESIAN_POINT('',(328.259484102,-99.502423542,-6.8));
#500=DIRECTION('',(0.,0.,1.));
#501=DIRECTION('',(1.,0.,-0.));
#502=AXIS2_PLACEMENT_3D('',#499,#500,#501);
#503=CIRCLE('',#502,4.582511704);
#504=EDGE_CURVE('',#489,#498,#503,.T.);
#505=ORIENTED_EDGE('',*,*,#504,.T.);
#506=CARTESIAN_POINT('',(328.259430426,-94.920006369,-6.8));
#507=DIRECTION('',(-1.,-0.,0.));
#508=VECTOR('',#507,0.029380576);
#509=LINE('',#506,#508);
#510=EDGE_CURVE('',#498,#441,#509,.T.);
#511=ORIENTED_EDGE('',*,*,#510,.T.);
#512=ORIENTED_EDGE('',*,*,#446,.F.);
#513=CARTESIAN_POINT('',(328.259484102,-99.502423542,-8.));
#514=DIRECTION('',(0.,-0.,1.));
#515=DIRECTION('',(0.861368606,0.507980438,0.));
#516=AXIS2_PLACEMENT_3D('',#513,#514,#515);
#517=CIRCLE('',#516,4.582511704);
#518=EDGE_CURVE('',#479,#439,#517,.T.);
#519=ORIENTED_EDGE('',*,*,#518,.F.);
#520=EDGE_LOOP('',(#487,#496,#505,#511,#512,#519));
#521=FACE_BOUND('',#520,.T.);
#522=ADVANCED_FACE('',(#521),#477,.F.);
#523=CARTESIAN_POINT('',(334.688556077,-97.952119639,-8.));
#524=DIRECTION('',(0.,0.,1.));
#525=DIRECTION('',(1.,0.,-0.));
#526=AXIS2_PLACEMENT_3D('',#523,#524,#525);
#527=CYLINDRICAL_SURFACE('',#526,1.730478788);
#528=CARTESIAN_POINT('',(334.707071603,-99.682499369,-8.));
#529=VERTEX_POINT('',#528);
#530=CARTESIAN_POINT('',(334.707071603,-99.682499369,-6.8));
#531=VERTEX_POINT('',#530);
#532=CARTESIAN_POINT('',(334.707071603,-99.682499369,-8.));
#533=DIRECTION('',(0.,0.,1.));
#534=VECTOR('',#533,1.2);
#535=LINE('',#532,#534);
#536=EDGE_CURVE('',#529,#531,#535,.T.);
#537=ORIENTED_EDGE('',*,*,#536,.T.);
#538=CARTESIAN_POINT('',(334.688612512,-99.682548898,-6.8));
#539=VERTEX_POINT('',#538);
#540=CARTESIAN_POINT('',(334.707071603,-99.682499369,-6.8));
#541=DIRECTION('',(-1.,-0.,0.));
#542=VECTOR('',#541,0.018459093);
#543=LINE('',#540,#542);
#544=EDGE_CURVE('',#531,#539,#543,.T.);
#545=ORIENTED_EDGE('',*,*,#544,.T.);
#546=CARTESIAN_POINT('',(333.203665478,-98.840649522,-6.8));
#547=VERTEX_POINT('',#546);
#548=CARTESIAN_POINT('',(334.688556077,-97.952119639,-6.8));
#549=DIRECTION('',(0.,0.,1.));
#550=DIRECTION('',(1.,0.,-0.));
#551=AXIS2_PLACEMENT_3D('',#548,#549,#550);
#552=CIRCLE('',#551,1.730478788);
#553=EDGE_CURVE('',#547,#539,#552,.T.);
#554=ORIENTED_EDGE('',*,*,#553,.F.);
#555=CARTESIAN_POINT('',(333.194229819,-98.824785595,-6.8));
#556=VERTEX_POINT('',#555);
#557=CARTESIAN_POINT('',(334.688556077,-97.952119639,-6.8));
#558=DIRECTION('',(-0.,-0.,-1.));
#559=DIRECTION('',(1.,0.,-0.));
#560=AXIS2_PLACEMENT_3D('',#557,#558,#559);
#561=CIRCLE('',#560,1.730478788);
#562=EDGE_CURVE('',#547,#556,#561,.T.);
#563=ORIENTED_EDGE('',*,*,#562,.T.);
#564=CARTESIAN_POINT('',(333.194229819,-98.824785595,-8.));
#565=VERTEX_POINT('',#564);
#566=CARTESIAN_POINT('',(333.194229819,-98.824785595,-8.));
#567=DIRECTION('',(0.,0.,1.));
#568=VECTOR('',#567,1.2);
#569=LINE('',#566,#568);
#570=EDGE_CURVE('',#565,#556,#569,.T.);
#571=ORIENTED_EDGE('',*,*,#570,.F.);
#572=CARTESIAN_POINT('',(334.688556077,-97.952119639,-8.));
#573=DIRECTION('',(0.,0.,1.));
#574=DIRECTION('',(-0.863533415,-0.504291623,0.));
#575=AXIS2_PLACEMENT_3D('',#572,#573,#574);
#576=CIRCLE('',#575,1.730478788);
#577=EDGE_CURVE('',#565,#529,#576,.T.);
#578=ORIENTED_EDGE('',*,*,#577,.T.);
#579=EDGE_LOOP('',(#537,#545,#554,#563,#571,#578));
#580=FACE_BOUND('',#579,.T.);
#581=ADVANCED_FACE('',(#580),#527,.T.);
#582=CARTESIAN_POINT('',(249.627872954,-97.682509431,-8.));
#583=DIRECTION('',(0.,1.,0.));
#584=DIRECTION('',(0.,0.,1.));
#585=AXIS2_PLACEMENT_3D('',#582,#583,#584);
#586=PLANE('',#585);
#587=CARTESIAN_POINT('',(255.75,-97.682509431,-4.485));
#588=VERTEX_POINT('',#587);
#589=CARTESIAN_POINT('',(256.35,-97.682509431,-3.885));
#590=VERTEX_POINT('',#589);
#591=CARTESIAN_POINT('',(255.75,-97.682509431,-3.885));
#592=DIRECTION('',(-0.,-1.,-0.));
#593=DIRECTION('',(0.,-0.,1.));
#594=AXIS2_PLACEMENT_3D('',#591,#592,#593);
#595=CIRCLE('',#594,0.6);
#596=EDGE_CURVE('',#588,#590,#595,.T.);
#597=ORIENTED_EDGE('',*,*,#596,.T.);
#598=CARTESIAN_POINT('',(256.35,-97.682509431,-3.534999997));
#599=VERTEX_POINT('',#598);
#600=CARTESIAN_POINT('',(256.35,-97.682509431,-3.885));
#601=DIRECTION('',(0.,0.,1.));
#602=VECTOR('',#601,0.350000003);
#603=LINE('',#600,#602);
#604=EDGE_CURVE('',#590,#599,#603,.T.);
#605=ORIENTED_EDGE('',*,*,#604,.T.);
#606=CARTESIAN_POINT('',(255.75,-97.682509431,-2.934999997));
#607=VERTEX_POINT('',#606);
#608=CARTESIAN_POINT('',(255.75,-97.682509431,-3.534999997));
#609=DIRECTION('',(-0.,-1.,-0.));
#610=DIRECTION('',(0.,-0.,1.));
#611=AXIS2_PLACEMENT_3D('',#608,#609,#610);
#612=CIRCLE('',#611,0.6);
#613=EDGE_CURVE('',#599,#607,#612,.T.);
#614=ORIENTED_EDGE('',*,*,#613,.T.);
#615=CARTESIAN_POINT('',(250.25,-97.682509431,-2.934999997));
#616=VERTEX_POINT('',#615);
#617=CARTESIAN_POINT('',(255.75,-97.682509431,-2.934999997));
#618=DIRECTION('',(-1.,0.,0.));
#619=VECTOR('',#618,5.5);
#620=LINE('',#617,#619);
#621=EDGE_CURVE('',#607,#616,#620,.T.);
#622=ORIENTED_EDGE('',*,*,#621,.T.);
#623=CARTESIAN_POINT('',(249.65,-97.682509431,-3.534999997));
#624=VERTEX_POINT('',#623);
#625=CARTESIAN_POINT('',(250.25,-97.682509431,-3.534999997));
#626=DIRECTION('',(-0.,-1.,-0.));
#627=DIRECTION('',(0.,-0.,1.));
#628=AXIS2_PLACEMENT_3D('',#625,#626,#627);
#629=CIRCLE('',#628,0.6);
#630=EDGE_CURVE('',#616,#624,#629,.T.);
#631=ORIENTED_EDGE('',*,*,#630,.T.);
#632=CARTESIAN_POINT('',(249.65,-97.682509431,-3.885));
#633=VERTEX_POINT('',#632);
#634=CARTESIAN_POINT('',(249.65,-97.682509431,-3.534999997));
#635=DIRECTION('',(0.,0.,-1.));
#636=VECTOR('',#635,0.350000003);
#637=LINE('',#634,#636);
#638=EDGE_CURVE('',#624,#633,#637,.T.);
#639=ORIENTED_EDGE('',*,*,#638,.T.);
#640=CARTESIAN_POINT('',(250.25,-97.682509431,-4.485));
#641=VERTEX_POINT('',#640);
#642=CARTESIAN_POINT('',(250.25,-97.682509431,-3.885));
#643=DIRECTION('',(-0.,-1.,-0.));
#644=DIRECTION('',(0.,-0.,1.));
#645=AXIS2_PLACEMENT_3D('',#642,#643,#644);
#646=CIRCLE('',#645,0.6);
#647=EDGE_CURVE('',#633,#641,#646,.T.);
#648=ORIENTED_EDGE('',*,*,#647,.T.);
#649=CARTESIAN_POINT('',(250.25,-97.682509431,-4.485));
#650=DIRECTION('',(1.,0.,-0.));
#651=VECTOR('',#650,5.5);
#652=LINE('',#649,#651);
#653=EDGE_CURVE('',#641,#588,#652,.T.);
#654=ORIENTED_EDGE('',*,*,#653,.T.);
#655=EDGE_LOOP('',(#597,#605,#614,#622,#631,#639,#648,#654));
#656=FACE_BOUND('',#655,.T.);
#657=CARTESIAN_POINT('',(241.618725947,-97.682509431,-3.985000015));
#658=VERTEX_POINT('',#657);
#659=CARTESIAN_POINT('',(235.178725947,-97.682509431,-3.985000015));
#660=VERTEX_POINT('',#659);
#661=CARTESIAN_POINT('',(241.618725947,-97.682509431,-3.985000015));
#662=DIRECTION('',(-1.,0.,0.));
#663=VECTOR('',#662,6.44);
#664=LINE('',#661,#663);
#665=EDGE_CURVE('',#658,#660,#664,.T.);
#666=ORIENTED_EDGE('',*,*,#665,.T.);
#667=CARTESIAN_POINT('',(233.828725947,-97.682509431,-5.335000015));
#668=VERTEX_POINT('',#667);
#669=CARTESIAN_POINT('',(235.178725947,-97.682509431,-5.335000015));
#670=DIRECTION('',(-0.,-1.,-0.));
#671=DIRECTION('',(0.,-0.,1.));
#672=AXIS2_PLACEMENT_3D('',#669,#670,#671);
#673=CIRCLE('',#672,1.35);
#674=EDGE_CURVE('',#660,#668,#673,.T.);
#675=ORIENTED_EDGE('',*,*,#674,.T.);
#676=CARTESIAN_POINT('',(233.828725947,-97.682509431,-6.045000015));
#677=VERTEX_POINT('',#676);
#678=CARTESIAN_POINT('',(233.828725947,-97.682509431,-5.335000015));
#679=DIRECTION('',(0.,0.,-1.));
#680=VECTOR('',#679,0.71);
#681=LINE('',#678,#680);
#682=EDGE_CURVE('',#668,#677,#681,.T.);
#683=ORIENTED_EDGE('',*,*,#682,.T.);
#684=CARTESIAN_POINT('',(235.178725947,-97.682509431,-7.395000015));
#685=VERTEX_POINT('',#684);
#686=CARTESIAN_POINT('',(235.178725947,-97.682509431,-6.045000015));
#687=DIRECTION('',(-0.,-1.,-0.));
#688=DIRECTION('',(0.,-0.,1.));
#689=AXIS2_PLACEMENT_3D('',#686,#687,#688);
#690=CIRCLE('',#689,1.35);
#691=EDGE_CURVE('',#677,#685,#690,.T.);
#692=ORIENTED_EDGE('',*,*,#691,.T.);
#693=CARTESIAN_POINT('',(241.618725947,-97.682509431,-7.395000015));
#694=VERTEX_POINT('',#693);
#695=CARTESIAN_POINT('',(235.178725947,-97.682509431,-7.395000015));
#696=DIRECTION('',(1.,0.,-0.));
#697=VECTOR('',#696,6.44);
#698=LINE('',#695,#697);
#699=EDGE_CURVE('',#685,#694,#698,.T.);
#700=ORIENTED_EDGE('',*,*,#699,.T.);
#701=CARTESIAN_POINT('',(242.968725947,-97.682509431,-6.045000015));
#702=VERTEX_POINT('',#701);
#703=CARTESIAN_POINT('',(241.618725947,-97.682509431,-6.045000015));
#704=DIRECTION('',(-0.,-1.,-0.));
#705=DIRECTION('',(0.,-0.,1.));
#706=AXIS2_PLACEMENT_3D('',#703,#704,#705);
#707=CIRCLE('',#706,1.35);
#708=EDGE_CURVE('',#694,#702,#707,.T.);
#709=ORIENTED_EDGE('',*,*,#708,.T.);
#710=CARTESIAN_POINT('',(242.968725947,-97.682509431,-5.335000015));
#711=VERTEX_POINT('',#710);
#712=CARTESIAN_POINT('',(242.968725947,-97.682509431,-6.045000015));
#713=DIRECTION('',(0.,0.,1.));
#714=VECTOR('',#713,0.71);
#715=LINE('',#712,#714);
#716=EDGE_CURVE('',#702,#711,#715,.T.);
#717=ORIENTED_EDGE('',*,*,#716,.T.);
#718=CARTESIAN_POINT('',(241.618725947,-97.682509431,-5.335000015));
#719=DIRECTION('',(-0.,-1.,-0.));
#720=DIRECTION('',(0.,-0.,1.));
#721=AXIS2_PLACEMENT_3D('',#718,#719,#720);
#722=CIRCLE('',#721,1.35);
#723=EDGE_CURVE('',#711,#658,#722,.T.);
#724=ORIENTED_EDGE('',*,*,#723,.T.);
#725=EDGE_LOOP('',(#666,#675,#683,#692,#700,#709,#717,#724));
#726=FACE_BOUND('',#725,.T.);
#727=CARTESIAN_POINT('',(231.577706569,-97.682509431,-8.));
#728=VERTEX_POINT('',#727);
#729=CARTESIAN_POINT('',(231.577706569,-97.682509431,-0.5));
#730=VERTEX_POINT('',#729);
#731=CARTESIAN_POINT('',(231.577706569,-97.682509431,-8.));
#732=DIRECTION('',(0.,0.,1.));
#733=VECTOR('',#732,7.5);
#734=LINE('',#731,#733);
#735=EDGE_CURVE('',#728,#730,#734,.T.);
#736=ORIENTED_EDGE('',*,*,#735,.T.);
#737=CARTESIAN_POINT('',(267.67803934,-97.682509431,-0.5));
#738=VERTEX_POINT('',#737);
#739=CARTESIAN_POINT('',(231.577706569,-97.682509431,-0.5));
#740=DIRECTION('',(1.,-0.,-0.));
#741=VECTOR('',#740,36.100332771);
#742=LINE('',#739,#741);
#743=EDGE_CURVE('',#730,#738,#742,.T.);
#744=ORIENTED_EDGE('',*,*,#743,.T.);
#745=CARTESIAN_POINT('',(267.67803934,-97.682509431,-8.));
#746=VERTEX_POINT('',#745);
#747=CARTESIAN_POINT('',(267.67803934,-97.682509431,-8.));
#748=DIRECTION('',(0.,0.,1.));
#749=VECTOR('',#748,7.5);
#750=LINE('',#747,#749);
#751=EDGE_CURVE('',#746,#738,#750,.T.);
#752=ORIENTED_EDGE('',*,*,#751,.F.);
#753=CARTESIAN_POINT('',(267.67803934,-97.682509431,-8.));
#754=DIRECTION('',(-1.,0.,0.));
#755=VECTOR('',#754,36.100332771);
#756=LINE('',#753,#755);
#757=EDGE_CURVE('',#746,#728,#756,.T.);
#758=ORIENTED_EDGE('',*,*,#757,.T.);
#759=EDGE_LOOP('',(#736,#744,#752,#758));
#760=FACE_BOUND('',#759,.T.);
#761=ADVANCED_FACE('',(#656,#726,#760),#586,.T.);
#762=CARTESIAN_POINT('',(250.46501346,-99.682507388,-8.));
#763=DIRECTION('',(-0.,1.,0.));
#764=DIRECTION('',(-1.,-0.,0.));
#765=AXIS2_PLACEMENT_3D('',#762,#763,#764);
#766=PLANE('',#765);
#767=ORIENTED_EDGE('',*,*,#282,.T.);
#768=CARTESIAN_POINT('',(265.637468182,-99.682507388,-6.8));
#769=VERTEX_POINT('',#768);
#770=CARTESIAN_POINT('',(269.289547813,-99.682507388,-6.8));
#771=DIRECTION('',(-1.,-0.,0.));
#772=VECTOR('',#771,3.652079631);
#773=LINE('',#770,#772);
#774=EDGE_CURVE('',#269,#769,#773,.T.);
#775=ORIENTED_EDGE('',*,*,#774,.T.);
#776=CARTESIAN_POINT('',(264.637468182,-99.682507388,-5.8));
#777=VERTEX_POINT('',#776);
#778=CARTESIAN_POINT('',(265.637468182,-99.682507388,-5.8));
#779=DIRECTION('',(-0.,1.,0.));
#780=DIRECTION('',(-1.,-0.,0.));
#781=AXIS2_PLACEMENT_3D('',#778,#779,#780);
#782=CIRCLE('',#781,1.);
#783=EDGE_CURVE('',#769,#777,#782,.T.);
#784=ORIENTED_EDGE('',*,*,#783,.T.);
#785=CARTESIAN_POINT('',(264.637468182,-99.682507388,-2.2));
#786=VERTEX_POINT('',#785);
#787=CARTESIAN_POINT('',(264.637468182,-99.682507388,-2.2));
#788=DIRECTION('',(0.,0.,-1.));
#789=VECTOR('',#788,3.6);
#790=LINE('',#787,#789);
#791=EDGE_CURVE('',#786,#777,#790,.T.);
#792=ORIENTED_EDGE('',*,*,#791,.F.);
#793=CARTESIAN_POINT('',(263.637468182,-99.682507388,-1.2));
#794=VERTEX_POINT('',#793);
#795=CARTESIAN_POINT('',(263.637468182,-99.682507388,-2.2));
#796=DIRECTION('',(0.,-1.,-0.));
#797=DIRECTION('',(-1.,-0.,0.));
#798=AXIS2_PLACEMENT_3D('',#795,#796,#797);
#799=CIRCLE('',#798,1.);
#800=EDGE_CURVE('',#786,#794,#799,.T.);
#801=ORIENTED_EDGE('',*,*,#800,.T.);
#802=CARTESIAN_POINT('',(232.637468182,-99.682507388,-1.2));
#803=VERTEX_POINT('',#802);
#804=CARTESIAN_POINT('',(232.637468182,-99.682507388,-1.2));
#805=DIRECTION('',(1.,0.,0.));
#806=VECTOR('',#805,31.);
#807=LINE('',#804,#806);
#808=EDGE_CURVE('',#803,#794,#807,.T.);
#809=ORIENTED_EDGE('',*,*,#808,.F.);
#810=CARTESIAN_POINT('',(231.640479108,-99.682507388,-2.121922453));
#811=VERTEX_POINT('',#810);
#812=CARTESIAN_POINT('',(232.637468182,-99.682507388,-1.2));
#813=CARTESIAN_POINT('',(232.438842075,-99.682507388,-1.2));
#814=CARTESIAN_POINT('',(232.254784749,-99.682507388,-1.276120467));
#815=CARTESIAN_POINT('',(232.071480123,-99.682507388,-1.351929642));
#816=CARTESIAN_POINT('',(231.930361401,-99.682507388,-1.492893219));
#817=CARTESIAN_POINT('',(231.790020923,-99.682507388,-1.633079407));
#818=CARTESIAN_POINT('',(231.713588649,-99.682507388,-1.817316568));
#819=CARTESIAN_POINT('',(231.652607306,-99.682507388,-1.964309835));
#820=CARTESIAN_POINT('',(231.640479107,-99.682507388,-2.121387059));
#821=B_SPLINE_CURVE_WITH_KNOTS('',2,(#812,#813,#814,#815,#816,#817,#818,#819,#820),.UNSPECIFIED.,.F.,.F.,(3,2,2,2,3),(0.,0.25,0.5,0.75,0.950279063),.UNSPECIFIED.);
#822=EDGE_CURVE('',#803,#811,#821,.T.);
#823=ORIENTED_EDGE('',*,*,#822,.T.);
#824=CARTESIAN_POINT('',(231.640479108,-99.682507388,-8.));
#825=VERTEX_POINT('',#824);
#826=CARTESIAN_POINT('',(231.640479108,-99.682507388,-8.));
#827=DIRECTION('',(0.,0.,1.));
#828=VECTOR('',#827,5.878077547);
#829=LINE('',#826,#828);
#830=EDGE_CURVE('',#825,#811,#829,.T.);
#831=ORIENTED_EDGE('',*,*,#830,.F.);
#832=CARTESIAN_POINT('',(269.289547813,-99.682507388,-8.));
#833=DIRECTION('',(-1.,-0.,0.));
#834=VECTOR('',#833,37.649068705);
#835=LINE('',#832,#834);
#836=EDGE_CURVE('',#277,#825,#835,.T.);
#837=ORIENTED_EDGE('',*,*,#836,.F.);
#838=EDGE_LOOP('',(#767,#775,#784,#792,#801,#809,#823,#831,#837));
#839=FACE_BOUND('',#838,.T.);
#840=CARTESIAN_POINT('',(233.928725947,-99.682507388,-5.335000015));
#841=VERTEX_POINT('',#840);
#842=CARTESIAN_POINT('',(233.928725947,-99.682509431,-6.045000015));
#843=VERTEX_POINT('',#842);
#844=CARTESIAN_POINT('',(233.928725947,-99.682509431,-5.335000015));
#845=DIRECTION('',(0.,0.,-1.));
#846=VECTOR('',#845,0.71);
#847=LINE('',#844,#846);
#848=EDGE_CURVE('',#841,#843,#847,.T.);
#849=ORIENTED_EDGE('',*,*,#848,.F.);
#850=CARTESIAN_POINT('',(235.178725947,-99.682509431,-4.085000015));
#851=VERTEX_POINT('',#850);
#852=CARTESIAN_POINT('',(235.178725947,-99.682509431,-5.335000015));
#853=DIRECTION('',(0.,1.,0.));
#854=DIRECTION('',(-1.,0.,0.));
#855=AXIS2_PLACEMENT_3D('',#852,#853,#854);
#856=CIRCLE('',#855,1.25);
#857=EDGE_CURVE('',#841,#851,#856,.T.);
#858=ORIENTED_EDGE('',*,*,#857,.T.);
#859=CARTESIAN_POINT('',(241.618725947,-99.682509431,-4.085000015));
#860=VERTEX_POINT('',#859);
#861=CARTESIAN_POINT('',(241.618725947,-99.682509431,-4.085000015));
#862=DIRECTION('',(-1.,0.,0.));
#863=VECTOR('',#862,6.44);
#864=LINE('',#861,#863);
#865=EDGE_CURVE('',#860,#851,#864,.T.);
#866=ORIENTED_EDGE('',*,*,#865,.F.);
#867=CARTESIAN_POINT('',(242.868725947,-99.682509431,-5.335000015));
#868=VERTEX_POINT('',#867);
#869=CARTESIAN_POINT('',(241.618725947,-99.682509431,-5.335000015));
#870=DIRECTION('',(0.,1.,0.));
#871=DIRECTION('',(0.,-0.,1.));
#872=AXIS2_PLACEMENT_3D('',#869,#870,#871);
#873=CIRCLE('',#872,1.25);
#874=EDGE_CURVE('',#860,#868,#873,.T.);
#875=ORIENTED_EDGE('',*,*,#874,.T.);
#876=CARTESIAN_POINT('',(242.868725947,-99.682509431,-6.045000015));
#877=VERTEX_POINT('',#876);
#878=CARTESIAN_POINT('',(242.868725947,-99.682509431,-6.045000015));
#879=DIRECTION('',(0.,0.,1.));
#880=VECTOR('',#879,0.71);
#881=LINE('',#878,#880);
#882=EDGE_CURVE('',#877,#868,#881,.T.);
#883=ORIENTED_EDGE('',*,*,#882,.F.);
#884=CARTESIAN_POINT('',(241.618725947,-99.682509431,-7.295000015));
#885=VERTEX_POINT('',#884);
#886=CARTESIAN_POINT('',(241.618725947,-99.682509431,-6.045000015));
#887=DIRECTION('',(-0.,1.,0.));
#888=DIRECTION('',(1.,0.,0.));
#889=AXIS2_PLACEMENT_3D('',#886,#887,#888);
#890=CIRCLE('',#889,1.25);
#891=EDGE_CURVE('',#877,#885,#890,.T.);
#892=ORIENTED_EDGE('',*,*,#891,.T.);
#893=CARTESIAN_POINT('',(235.178725947,-99.682509431,-7.295000015));
#894=VERTEX_POINT('',#893);
#895=CARTESIAN_POINT('',(235.178725947,-99.682509431,-7.295000015));
#896=DIRECTION('',(1.,0.,-0.));
#897=VECTOR('',#896,6.44);
#898=LINE('',#895,#897);
#899=EDGE_CURVE('',#894,#885,#898,.T.);
#900=ORIENTED_EDGE('',*,*,#899,.F.);
#901=CARTESIAN_POINT('',(235.178725947,-99.682509431,-6.045000015));
#902=DIRECTION('',(0.,1.,0.));
#903=DIRECTION('',(0.,0.,-1.));
#904=AXIS2_PLACEMENT_3D('',#901,#902,#903);
#905=CIRCLE('',#904,1.25);
#906=EDGE_CURVE('',#894,#843,#905,.T.);
#907=ORIENTED_EDGE('',*,*,#906,.T.);
#908=EDGE_LOOP('',(#849,#858,#866,#875,#883,#892,#900,#907));
#909=FACE_BOUND('',#908,.T.);
#910=CARTESIAN_POINT('',(249.75,-99.682509431,-3.534999997));
#911=VERTEX_POINT('',#910);
#912=CARTESIAN_POINT('',(249.75,-99.682509431,-3.885));
#913=VERTEX_POINT('',#912);
#914=CARTESIAN_POINT('',(249.75,-99.682509431,-3.534999997));
#915=DIRECTION('',(0.,0.,-1.));
#916=VECTOR('',#915,0.350000003);
#917=LINE('',#914,#916);
#918=EDGE_CURVE('',#911,#913,#917,.T.);
#919=ORIENTED_EDGE('',*,*,#918,.F.);
#920=CARTESIAN_POINT('',(250.25,-99.682509431,-3.034999997));
#921=VERTEX_POINT('',#920);
#922=CARTESIAN_POINT('',(250.25,-99.682507388,-3.534999997));
#923=DIRECTION('',(-0.,1.,0.));
#924=DIRECTION('',(-1.,-0.,0.));
#925=AXIS2_PLACEMENT_3D('',#922,#923,#924);
#926=CIRCLE('',#925,0.5);
#927=EDGE_CURVE('',#911,#921,#926,.T.);
#928=ORIENTED_EDGE('',*,*,#927,.T.);
#929=CARTESIAN_POINT('',(255.75,-99.682509431,-3.034999997));
#930=VERTEX_POINT('',#929);
#931=CARTESIAN_POINT('',(250.25,-99.682509431,-3.034999997));
#932=DIRECTION('',(1.,0.,-0.));
#933=VECTOR('',#932,5.5);
#934=LINE('',#931,#933);
#935=EDGE_CURVE('',#921,#930,#934,.T.);
#936=ORIENTED_EDGE('',*,*,#935,.T.);
#937=CARTESIAN_POINT('',(256.25,-99.682509431,-3.534999997));
#938=VERTEX_POINT('',#937);
#939=CARTESIAN_POINT('',(255.75,-99.682507388,-3.534999997));
#940=DIRECTION('',(-0.,1.,0.));
#941=DIRECTION('',(-1.,-0.,0.));
#942=AXIS2_PLACEMENT_3D('',#939,#940,#941);
#943=CIRCLE('',#942,0.5);
#944=EDGE_CURVE('',#930,#938,#943,.T.);
#945=ORIENTED_EDGE('',*,*,#944,.T.);
#946=CARTESIAN_POINT('',(256.25,-99.682509431,-3.885));
#947=VERTEX_POINT('',#946);
#948=CARTESIAN_POINT('',(256.25,-99.682509431,-3.534999997));
#949=DIRECTION('',(0.,0.,-1.));
#950=VECTOR('',#949,0.350000003);
#951=LINE('',#948,#950);
#952=EDGE_CURVE('',#938,#947,#951,.T.);
#953=ORIENTED_EDGE('',*,*,#952,.T.);
#954=CARTESIAN_POINT('',(255.75,-99.682509431,-4.385));
#955=VERTEX_POINT('',#954);
#956=CARTESIAN_POINT('',(255.75,-99.682507388,-3.885));
#957=DIRECTION('',(-0.,1.,0.));
#958=DIRECTION('',(-1.,-0.,0.));
#959=AXIS2_PLACEMENT_3D('',#956,#957,#958);
#960=CIRCLE('',#959,0.5);
#961=EDGE_CURVE('',#947,#955,#960,.T.);
#962=ORIENTED_EDGE('',*,*,#961,.T.);
#963=CARTESIAN_POINT('',(250.25,-99.682509431,-4.385));
#964=VERTEX_POINT('',#963);
#965=CARTESIAN_POINT('',(250.25,-99.682509431,-4.385));
#966=DIRECTION('',(1.,0.,-0.));
#967=VECTOR('',#966,5.5);
#968=LINE('',#965,#967);
#969=EDGE_CURVE('',#964,#955,#968,.T.);
#970=ORIENTED_EDGE('',*,*,#969,.F.);
#971=CARTESIAN_POINT('',(250.25,-99.682507388,-3.885));
#972=DIRECTION('',(-0.,1.,0.));
#973=DIRECTION('',(-1.,-0.,0.));
#974=AXIS2_PLACEMENT_3D('',#971,#972,#973);
#975=CIRCLE('',#974,0.5);
#976=EDGE_CURVE('',#964,#913,#975,.T.);
#977=ORIENTED_EDGE('',*,*,#976,.T.);
#978=EDGE_LOOP('',(#919,#928,#936,#945,#953,#962,#970,#977));
#979=FACE_BOUND('',#978,.T.);
#980=ADVANCED_FACE('',(#839,#909,#979),#766,.F.);
#981=CARTESIAN_POINT('',(359.282733215,-97.667501278,-8.));
#982=DIRECTION('',(0.,1.,0.));
#983=DIRECTION('',(0.,0.,1.));
#984=AXIS2_PLACEMENT_3D('',#981,#982,#983);
#985=PLANE('',#984);
#986=CARTESIAN_POINT('',(351.878232009,-97.667501278,-8.));
#987=VERTEX_POINT('',#986);
#988=CARTESIAN_POINT('',(351.878232009,-97.667501278,-0.5));
#989=VERTEX_POINT('',#988);
#990=CARTESIAN_POINT('',(351.878232009,-97.667501278,-8.));
#991=DIRECTION('',(0.,0.,1.));
#992=VECTOR('',#991,7.5);
#993=LINE('',#990,#992);
#994=EDGE_CURVE('',#987,#989,#993,.T.);
#995=ORIENTED_EDGE('',*,*,#994,.T.);
#996=CARTESIAN_POINT('',(366.687234421,-97.667501278,-0.5));
#997=VERTEX_POINT('',#996);
#998=CARTESIAN_POINT('',(351.878232009,-97.667501278,-0.5));
#999=DIRECTION('',(1.,-0.,-0.));
#1000=VECTOR('',#999,14.809002413);
#1001=LINE('',#998,#1000);
#1002=EDGE_CURVE('',#989,#997,#1001,.T.);
#1003=ORIENTED_EDGE('',*,*,#1002,.T.);
#1004=CARTESIAN_POINT('',(366.687234421,-97.667501278,-8.));
#1005=VERTEX_POINT('',#1004);
#1006=CARTESIAN_POINT('',(366.687234421,-97.667501278,-8.));
#1007=DIRECTION('',(0.,0.,1.));
#1008=VECTOR('',#1007,7.5);
#1009=LINE('',#1006,#1008);
#1010=EDGE_CURVE('',#1005,#997,#1009,.T.);
#1011=ORIENTED_EDGE('',*,*,#1010,.F.);
#1012=CARTESIAN_POINT('',(366.687234421,-97.667501278,-8.));
#1013=DIRECTION('',(-1.,0.,0.));
#1014=VECTOR('',#1013,14.809002413);
#1015=LINE('',#1012,#1014);
#1016=EDGE_CURVE('',#1005,#987,#1015,.T.);
#1017=ORIENTED_EDGE('',*,*,#1016,.T.);
#1018=EDGE_LOOP('',(#995,#1003,#1011,#1017));
#1019=FACE_BOUND('',#1018,.T.);
#1020=ADVANCED_FACE('',(#1019),#985,.T.);
#1021=CARTESIAN_POINT('',(350.537109722,-97.674559818,-8.));
#1022=DIRECTION('',(-0.005263087,0.99998615,0.));
#1023=DIRECTION('',(-0.99998615,-0.005263087,0.));
#1024=AXIS2_PLACEMENT_3D('',#1021,#1022,#1023);
#1025=PLANE('',#1024);
#1026=CARTESIAN_POINT('',(349.028233009,-97.682501278,-8.));
#1027=VERTEX_POINT('',#1026);
#1028=CARTESIAN_POINT('',(351.878232009,-97.667501278,-8.));
#1029=DIRECTION('',(-0.99998615,-0.005263087,0.));
#1030=VECTOR('',#1029,2.850038473);
#1031=LINE('',#1028,#1030);
#1032=EDGE_CURVE('',#987,#1027,#1031,.T.);
#1033=ORIENTED_EDGE('',*,*,#1032,.T.);
#1034=CARTESIAN_POINT('',(349.028233009,-97.682501278,-0.5));
#1035=VERTEX_POINT('',#1034);
#1036=CARTESIAN_POINT('',(349.028233009,-97.682501278,-8.));
#1037=DIRECTION('',(0.,0.,1.));
#1038=VECTOR('',#1037,7.5);
#1039=LINE('',#1036,#1038);
#1040=EDGE_CURVE('',#1027,#1035,#1039,.T.);
#1041=ORIENTED_EDGE('',*,*,#1040,.T.);
#1042=CARTESIAN_POINT('',(349.028233009,-97.682501278,-0.5));
#1043=DIRECTION('',(0.99998615,0.005263087,-0.));
#1044=VECTOR('',#1043,2.850038473);
#1045=LINE('',#1042,#1044);
#1046=EDGE_CURVE('',#1035,#989,#1045,.T.);
#1047=ORIENTED_EDGE('',*,*,#1046,.T.);
#1048=ORIENTED_EDGE('',*,*,#994,.F.);
#1049=EDGE_LOOP('',(#1033,#1041,#1047,#1048));
#1050=FACE_BOUND('',#1049,.T.);
#1051=ADVANCED_FACE('',(#1050),#1025,.T.);
#1052=CARTESIAN_POINT('',(342.523270176,-97.682501278,-8.));
#1053=DIRECTION('',(0.,1.,0.));
#1054=DIRECTION('',(0.,0.,1.));
#1055=AXIS2_PLACEMENT_3D('',#1052,#1053,#1054);
#1056=PLANE('',#1055);
#1057=CARTESIAN_POINT('',(336.186511404,-97.682501278,-8.));
#1058=VERTEX_POINT('',#1057);
#1059=CARTESIAN_POINT('',(336.186511404,-97.682501278,-0.5));
#1060=VERTEX_POINT('',#1059);
#1061=CARTESIAN_POINT('',(336.186511404,-97.682501278,-8.));
#1062=DIRECTION('',(0.,0.,1.));
#1063=VECTOR('',#1062,7.5);
#1064=LINE('',#1061,#1063);
#1065=EDGE_CURVE('',#1058,#1060,#1064,.T.);
#1066=ORIENTED_EDGE('',*,*,#1065,.T.);
#1067=CARTESIAN_POINT('',(336.186511404,-97.682501278,-0.5));
#1068=DIRECTION('',(1.,-0.,-0.));
#1069=VECTOR('',#1068,12.841721605);
#1070=LINE('',#1067,#1069);
#1071=EDGE_CURVE('',#1060,#1035,#1070,.T.);
#1072=ORIENTED_EDGE('',*,*,#1071,.T.);
#1073=ORIENTED_EDGE('',*,*,#1040,.F.);
#1074=CARTESIAN_POINT('',(349.028233009,-97.682501278,-8.));
#1075=DIRECTION('',(-1.,0.,0.));
#1076=VECTOR('',#1075,12.841721605);
#1077=LINE('',#1074,#1076);
#1078=EDGE_CURVE('',#1027,#1058,#1077,.T.);
#1079=ORIENTED_EDGE('',*,*,#1078,.T.);
#1080=EDGE_LOOP('',(#1066,#1072,#1073,#1079));
#1081=FACE_BOUND('',#1080,.T.);
#1082=ADVANCED_FACE('',(#1081),#1056,.T.);
#1083=CARTESIAN_POINT('',(336.186511404,-95.182501278,-8.));
#1084=DIRECTION('',(0.,0.,1.));
#1085=DIRECTION('',(1.,0.,-0.));
#1086=AXIS2_PLACEMENT_3D('',#1083,#1084,#1085);
#1087=CYLINDRICAL_SURFACE('',#1086,2.5);
#1088=CARTESIAN_POINT('',(333.942659016,-96.284829025,-8.));
#1089=VERTEX_POINT('',#1088);
#1090=CARTESIAN_POINT('',(333.942659016,-96.284829025,-0.5));
#1091=VERTEX_POINT('',#1090);
#1092=CARTESIAN_POINT('',(333.942659016,-96.284829025,-8.));
#1093=DIRECTION('',(0.,0.,1.));
#1094=VECTOR('',#1093,7.5);
#1095=LINE('',#1092,#1094);
#1096=EDGE_CURVE('',#1089,#1091,#1095,.T.);
#1097=ORIENTED_EDGE('',*,*,#1096,.T.);
#1098=CARTESIAN_POINT('',(336.186511404,-95.182501278,-0.5));
#1099=DIRECTION('',(0.,0.,1.));
#1100=DIRECTION('',(1.,0.,-0.));
#1101=AXIS2_PLACEMENT_3D('',#1098,#1099,#1100);
#1102=CIRCLE('',#1101,2.5);
#1103=EDGE_CURVE('',#1091,#1060,#1102,.T.);
#1104=ORIENTED_EDGE('',*,*,#1103,.T.);
#1105=ORIENTED_EDGE('',*,*,#1065,.F.);
#1106=CARTESIAN_POINT('',(336.186511404,-95.182501278,-8.));
#1107=DIRECTION('',(0.,0.,1.));
#1108=DIRECTION('',(-0.897540955,-0.440931099,0.));
#1109=AXIS2_PLACEMENT_3D('',#1106,#1107,#1108);
#1110=CIRCLE('',#1109,2.5);
#1111=EDGE_CURVE('',#1089,#1058,#1110,.T.);
#1112=ORIENTED_EDGE('',*,*,#1111,.F.);
#1113=EDGE_LOOP('',(#1097,#1104,#1105,#1112));
#1114=FACE_BOUND('',#1113,.T.);
#1115=ADVANCED_FACE('',(#1114),#1087,.F.);
#1116=CARTESIAN_POINT('',(328.200129819,-99.502408668,-8.));
#1117=DIRECTION('',(0.,0.,1.));
#1118=DIRECTION('',(1.,0.,-0.));
#1119=AXIS2_PLACEMENT_3D('',#1116,#1117,#1118);
#1120=CYLINDRICAL_SURFACE('',#1119,6.582511704);
#1121=CARTESIAN_POINT('',(328.161848828,-92.920008278,-8.));
#1122=VERTEX_POINT('',#1121);
#1123=CARTESIAN_POINT('',(328.161848828,-92.920008278,-0.5));
#1124=VERTEX_POINT('',#1123);
#1125=CARTESIAN_POINT('',(328.161848828,-92.920008278,-8.));
#1126=DIRECTION('',(0.,0.,1.));
#1127=VECTOR('',#1126,7.5);
#1128=LINE('',#1125,#1127);
#1129=EDGE_CURVE('',#1122,#1124,#1128,.T.);
#1130=ORIENTED_EDGE('',*,*,#1129,.T.);
#1131=CARTESIAN_POINT('',(328.200129819,-99.502408668,-0.5));
#1132=DIRECTION('',(-0.,-0.,-1.));
#1133=DIRECTION('',(1.,0.,-0.));
#1134=AXIS2_PLACEMENT_3D('',#1131,#1132,#1133);
#1135=CIRCLE('',#1134,6.582511704);
#1136=EDGE_CURVE('',#1124,#1091,#1135,.T.);
#1137=ORIENTED_EDGE('',*,*,#1136,.T.);
#1138=ORIENTED_EDGE('',*,*,#1096,.F.);
#1139=CARTESIAN_POINT('',(328.200129819,-99.502408668,-8.));
#1140=DIRECTION('',(0.,-0.,1.));
#1141=DIRECTION('',(0.872391794,0.48880728,0.));
#1142=AXIS2_PLACEMENT_3D('',#1139,#1140,#1141);
#1143=CIRCLE('',#1142,6.582511704);
#1144=EDGE_CURVE('',#1089,#1122,#1143,.T.);
#1145=ORIENTED_EDGE('',*,*,#1144,.T.);
#1146=EDGE_LOOP('',(#1130,#1137,#1138,#1145));
#1147=FACE_BOUND('',#1146,.T.);
#1148=ADVANCED_FACE('',(#1147),#1120,.T.);
#1149=CARTESIAN_POINT('',(322.25489511,-92.920008278,-8.));
#1150=DIRECTION('',(0.,1.,0.));
#1151=DIRECTION('',(0.,0.,1.));
#1152=AXIS2_PLACEMENT_3D('',#1149,#1150,#1151);
#1153=PLANE('',#1152);
#1154=CARTESIAN_POINT('',(316.347941392,-92.920008278,-8.));
#1155=VERTEX_POINT('',#1154);
#1156=CARTESIAN_POINT('',(316.347941392,-92.920008278,-0.5));
#1157=VERTEX_POINT('',#1156);
#1158=CARTESIAN_POINT('',(316.347941392,-92.920008278,-8.));
#1159=DIRECTION('',(0.,0.,1.));
#1160=VECTOR('',#1159,7.5);
#1161=LINE('',#1158,#1160);
#1162=EDGE_CURVE('',#1155,#1157,#1161,.T.);
#1163=ORIENTED_EDGE('',*,*,#1162,.T.);
#1164=CARTESIAN_POINT('',(316.347941392,-92.920008278,-0.5));
#1165=DIRECTION('',(1.,-0.,-0.));
#1166=VECTOR('',#1165,11.813907436);
#1167=LINE('',#1164,#1166);
#1168=EDGE_CURVE('',#1157,#1124,#1167,.T.);
#1169=ORIENTED_EDGE('',*,*,#1168,.T.);
#1170=ORIENTED_EDGE('',*,*,#1129,.F.);
#1171=CARTESIAN_POINT('',(328.161848828,-92.920008278,-8.));
#1172=DIRECTION('',(-1.,0.,0.));
#1173=VECTOR('',#1172,11.813907436);
#1174=LINE('',#1171,#1173);
#1175=EDGE_CURVE('',#1122,#1155,#1174,.T.);
#1176=ORIENTED_EDGE('',*,*,#1175,.T.);
#1177=EDGE_LOOP('',(#1163,#1169,#1170,#1176));
#1178=FACE_BOUND('',#1177,.T.);
#1179=ADVANCED_FACE('',(#1178),#1153,.T.);
#1180=CARTESIAN_POINT('',(316.347941392,-90.420008278,-8.));
#1181=DIRECTION('',(0.,0.,1.));
#1182=DIRECTION('',(1.,0.,-0.));
#1183=AXIS2_PLACEMENT_3D('',#1180,#1181,#1182);
#1184=CYLINDRICAL_SURFACE('',#1183,2.5);
#1185=CARTESIAN_POINT('',(314.527116958,-92.13307523,-8.));
#1186=VERTEX_POINT('',#1185);
#1187=CARTESIAN_POINT('',(314.527116958,-92.13307523,-0.5));
#1188=VERTEX_POINT('',#1187);
#1189=CARTESIAN_POINT('',(314.527116958,-92.13307523,-8.));
#1190=DIRECTION('',(0.,0.,1.));
#1191=VECTOR('',#1190,7.5);
#1192=LINE('',#1189,#1191);
#1193=EDGE_CURVE('',#1186,#1188,#1192,.T.);
#1194=ORIENTED_EDGE('',*,*,#1193,.T.);
#1195=CARTESIAN_POINT('',(316.347941392,-90.420008278,-0.5));
#1196=DIRECTION('',(0.,0.,1.));
#1197=DIRECTION('',(1.,0.,-0.));
#1198=AXIS2_PLACEMENT_3D('',#1195,#1196,#1197);
#1199=CIRCLE('',#1198,2.5);
#1200=EDGE_CURVE('',#1188,#1157,#1199,.T.);
#1201=ORIENTED_EDGE('',*,*,#1200,.T.);
#1202=ORIENTED_EDGE('',*,*,#1162,.F.);
#1203=CARTESIAN_POINT('',(316.347941392,-90.420008278,-8.));
#1204=DIRECTION('',(0.,0.,1.));
#1205=DIRECTION('',(-0.728329773,-0.685226781,0.));
#1206=AXIS2_PLACEMENT_3D('',#1203,#1204,#1205);
#1207=CIRCLE('',#1206,2.5);
#1208=EDGE_CURVE('',#1186,#1155,#1207,.T.);
#1209=ORIENTED_EDGE('',*,*,#1208,.F.);
#1210=EDGE_LOOP('',(#1194,#1201,#1202,#1209));
#1211=FACE_BOUND('',#1210,.T.);
#1212=ADVANCED_FACE('',(#1211),#1184,.F.);
#1213=CARTESIAN_POINT('',(313.550857199,-91.095405557,-8.));
#1214=DIRECTION('',(0.728329773,0.685226781,0.));
#1215=DIRECTION('',(-0.685226781,0.728329773,0.));
#1216=AXIS2_PLACEMENT_3D('',#1213,#1214,#1215);
#1217=PLANE('',#1216);
#1218=CARTESIAN_POINT('',(312.574597439,-90.057735884,-8.));
#1219=VERTEX_POINT('',#1218);
#1220=CARTESIAN_POINT('',(312.574597439,-90.057735884,-0.5));
#1221=VERTEX_POINT('',#1220);
#1222=CARTESIAN_POINT('',(312.574597439,-90.057735884,-8.));
#1223=DIRECTION('',(0.,0.,1.));
#1224=VECTOR('',#1223,7.5);
#1225=LINE('',#1222,#1224);
#1226=EDGE_CURVE('',#1219,#1221,#1225,.T.);
#1227=ORIENTED_EDGE('',*,*,#1226,.T.);
#1228=CARTESIAN_POINT('',(312.574597439,-90.057735884,-0.5));
#1229=DIRECTION('',(0.685226781,-0.728329773,-0.));
#1230=VECTOR('',#1229,2.8494501);
#1231=LINE('',#1228,#1230);
#1232=EDGE_CURVE('',#1221,#1188,#1231,.T.);
#1233=ORIENTED_EDGE('',*,*,#1232,.T.);
#1234=ORIENTED_EDGE('',*,*,#1193,.F.);
#1235=CARTESIAN_POINT('',(314.527116958,-92.13307523,-8.));
#1236=DIRECTION('',(-0.685226781,0.728329773,0.));
#1237=VECTOR('',#1236,2.8494501);
#1238=LINE('',#1235,#1237);
#1239=EDGE_CURVE('',#1186,#1219,#1238,.T.);
#1240=ORIENTED_EDGE('',*,*,#1239,.T.);
#1241=EDGE_LOOP('',(#1227,#1233,#1234,#1240));
#1242=FACE_BOUND('',#1241,.T.);
#1243=ADVANCED_FACE('',(#1242),#1217,.T.);
#1244=CARTESIAN_POINT('',(307.701955817,-94.781356994,-8.));
#1245=DIRECTION('',(0.,0.,1.));
#1246=DIRECTION('',(1.,0.,-0.));
#1247=AXIS2_PLACEMENT_3D('',#1244,#1245,#1246);
#1248=CYLINDRICAL_SURFACE('',#1247,6.786400576);
#1249=CARTESIAN_POINT('',(307.71862362,-87.994976887,-8.));
#1250=VERTEX_POINT('',#1249);
#1251=CARTESIAN_POINT('',(307.71862362,-87.994976887,-0.5));
#1252=VERTEX_POINT('',#1251);
#1253=CARTESIAN_POINT('',(307.71862362,-87.994976887,-8.));
#1254=DIRECTION('',(0.,0.,1.));
#1255=VECTOR('',#1254,7.5);
#1256=LINE('',#1253,#1255);
#1257=EDGE_CURVE('',#1250,#1252,#1256,.T.);
#1258=ORIENTED_EDGE('',*,*,#1257,.T.);
#1259=CARTESIAN_POINT('',(307.701955817,-94.781356994,-0.5));
#1260=DIRECTION('',(-0.,-0.,-1.));
#1261=DIRECTION('',(1.,0.,-0.));
#1262=AXIS2_PLACEMENT_3D('',#1259,#1260,#1261);
#1263=CIRCLE('',#1262,6.786400576);
#1264=EDGE_CURVE('',#1252,#1221,#1263,.T.);
#1265=ORIENTED_EDGE('',*,*,#1264,.T.);
#1266=ORIENTED_EDGE('',*,*,#1226,.F.);
#1267=CARTESIAN_POINT('',(307.701955817,-94.781356994,-8.));
#1268=DIRECTION('',(0.,-0.,1.));
#1269=DIRECTION('',(0.718000885,0.696042189,0.));
#1270=AXIS2_PLACEMENT_3D('',#1267,#1268,#1269);
#1271=CIRCLE('',#1270,6.786400576);
#1272=EDGE_CURVE('',#1219,#1250,#1271,.T.);
#1273=ORIENTED_EDGE('',*,*,#1272,.T.);
#1274=EDGE_LOOP('',(#1258,#1265,#1266,#1273));
#1275=FACE_BOUND('',#1274,.T.);
#1276=ADVANCED_FACE('',(#1275),#1248,.T.);
#1277=CARTESIAN_POINT('',(301.868708269,-88.068100785,-8.));
#1278=DIRECTION('',(-0.012499016,0.999921884,0.));
#1279=DIRECTION('',(-0.999921884,-0.012499016,0.));
#1280=AXIS2_PLACEMENT_3D('',#1277,#1278,#1279);
#1281=PLANE('',#1280);
#1282=CARTESIAN_POINT('',(296.018792918,-88.141224683,-8.));
#1283=VERTEX_POINT('',#1282);
#1284=CARTESIAN_POINT('',(296.018792918,-88.141224683,-0.5));
#1285=VERTEX_POINT('',#1284);
#1286=CARTESIAN_POINT('',(296.018792918,-88.141224683,-8.));
#1287=DIRECTION('',(0.,0.,1.));
#1288=VECTOR('',#1287,7.5);
#1289=LINE('',#1286,#1288);
#1290=EDGE_CURVE('',#1283,#1285,#1289,.T.);
#1291=ORIENTED_EDGE('',*,*,#1290,.T.);
#1292=CARTESIAN_POINT('',(296.018792918,-88.141224683,-0.5));
#1293=DIRECTION('',(0.999921884,0.012499016,-0.));
#1294=VECTOR('',#1293,11.700744714);
#1295=LINE('',#1292,#1294);
#1296=EDGE_CURVE('',#1285,#1252,#1295,.T.);
#1297=ORIENTED_EDGE('',*,*,#1296,.T.);
#1298=ORIENTED_EDGE('',*,*,#1257,.F.);
#1299=CARTESIAN_POINT('',(307.71862362,-87.994976887,-8.));
#1300=DIRECTION('',(-0.999921884,-0.012499016,0.));
#1301=VECTOR('',#1300,11.700744714);
#1302=LINE('',#1299,#1301);
#1303=EDGE_CURVE('',#1250,#1283,#1302,.T.);
#1304=ORIENTED_EDGE('',*,*,#1303,.T.);
#1305=EDGE_LOOP('',(#1291,#1297,#1298,#1304));
#1306=FACE_BOUND('',#1305,.T.);
#1307=ADVANCED_FACE('',(#1306),#1281,.T.);
#1308=CARTESIAN_POINT('',(296.100717413,-94.76364952,-8.));
#1309=DIRECTION('',(0.,0.,1.));
#1310=DIRECTION('',(1.,0.,-0.));
#1311=AXIS2_PLACEMENT_3D('',#1308,#1309,#1310);
#1312=CYLINDRICAL_SURFACE('',#1311,6.622931552);
#1313=CARTESIAN_POINT('',(291.360696274,-90.138130959,-8.));
#1314=VERTEX_POINT('',#1313);
#1315=CARTESIAN_POINT('',(291.360696274,-90.138130959,-0.5));
#1316=VERTEX_POINT('',#1315);
#1317=CARTESIAN_POINT('',(291.360696274,-90.138130959,-8.));
#1318=DIRECTION('',(0.,0.,1.));
#1319=VECTOR('',#1318,7.5);
#1320=LINE('',#1317,#1319);
#1321=EDGE_CURVE('',#1314,#1316,#1320,.T.);
#1322=ORIENTED_EDGE('',*,*,#1321,.T.);
#1323=CARTESIAN_POINT('',(296.100717413,-94.76364952,-0.5));
#1324=DIRECTION('',(-0.,-0.,-1.));
#1325=DIRECTION('',(1.,0.,-0.));
#1326=AXIS2_PLACEMENT_3D('',#1323,#1324,#1325);
#1327=CIRCLE('',#1326,6.622931552);
#1328=EDGE_CURVE('',#1316,#1285,#1327,.T.);
#1329=ORIENTED_EDGE('',*,*,#1328,.T.);
#1330=ORIENTED_EDGE('',*,*,#1290,.F.);
#1331=CARTESIAN_POINT('',(296.100717413,-94.76364952,-8.));
#1332=DIRECTION('',(0.,0.,1.));
#1333=DIRECTION('',(-0.012369824,0.999923491,0.));
#1334=AXIS2_PLACEMENT_3D('',#1331,#1332,#1333);
#1335=CIRCLE('',#1334,6.622931552);
#1336=EDGE_CURVE('',#1283,#1314,#1335,.T.);
#1337=ORIENTED_EDGE('',*,*,#1336,.T.);
#1338=EDGE_LOOP('',(#1322,#1329,#1330,#1337));
#1339=FACE_BOUND('',#1338,.T.);
#1340=ADVANCED_FACE('',(#1339),#1312,.T.);
#1341=CARTESIAN_POINT('',(290.370456784,-91.152327578,-8.));
#1342=DIRECTION('',(-0.715507056,0.698605506,0.));
#1343=DIRECTION('',(-0.698605506,-0.715507056,0.));
#1344=AXIS2_PLACEMENT_3D('',#1341,#1342,#1343);
#1345=PLANE('',#1344);
#1346=CARTESIAN_POINT('',(289.380217295,-92.166524196,-8.));
#1347=VERTEX_POINT('',#1346);
#1348=CARTESIAN_POINT('',(289.380217295,-92.166524196,-0.5));
#1349=VERTEX_POINT('',#1348);
#1350=CARTESIAN_POINT('',(289.380217295,-92.166524196,-8.));
#1351=DIRECTION('',(0.,0.,1.));
#1352=VECTOR('',#1351,7.5);
#1353=LINE('',#1350,#1352);
#1354=EDGE_CURVE('',#1347,#1349,#1353,.T.);
#1355=ORIENTED_EDGE('',*,*,#1354,.T.);
#1356=CARTESIAN_POINT('',(289.380217295,-92.166524196,-0.5));
#1357=DIRECTION('',(0.698605506,0.715507056,-0.));
#1358=VECTOR('',#1357,2.834903193);
#1359=LINE('',#1356,#1358);
#1360=EDGE_CURVE('',#1349,#1316,#1359,.T.);
#1361=ORIENTED_EDGE('',*,*,#1360,.T.);
#1362=ORIENTED_EDGE('',*,*,#1321,.F.);
#1363=CARTESIAN_POINT('',(291.360696274,-90.138130959,-8.));
#1364=DIRECTION('',(-0.698605506,-0.715507056,0.));
#1365=VECTOR('',#1364,2.834903193);
#1366=LINE('',#1363,#1365);
#1367=EDGE_CURVE('',#1314,#1347,#1366,.T.);
#1368=ORIENTED_EDGE('',*,*,#1367,.T.);
#1369=EDGE_LOOP('',(#1355,#1361,#1362,#1368));
#1370=FACE_BOUND('',#1369,.T.);
#1371=ADVANCED_FACE('',(#1370),#1345,.T.);
#1372=CARTESIAN_POINT('',(287.591449655,-90.420010431,-8.));
#1373=DIRECTION('',(0.,0.,1.));
#1374=DIRECTION('',(1.,0.,-0.));
#1375=AXIS2_PLACEMENT_3D('',#1372,#1373,#1374);
#1376=CYLINDRICAL_SURFACE('',#1375,2.5);
#1377=CARTESIAN_POINT('',(287.591449655,-92.920010431,-8.));
#1378=VERTEX_POINT('',#1377);
#1379=CARTESIAN_POINT('',(287.591449655,-92.920010431,-0.5));
#1380=VERTEX_POINT('',#1379);
#1381=CARTESIAN_POINT('',(287.591449655,-92.920010431,-8.));
#1382=DIRECTION('',(0.,0.,1.));
#1383=VECTOR('',#1382,7.5);
#1384=LINE('',#1381,#1383);
#1385=EDGE_CURVE('',#1378,#1380,#1384,.T.);
#1386=ORIENTED_EDGE('',*,*,#1385,.T.);
#1387=CARTESIAN_POINT('',(287.591449655,-90.420010431,-0.5));
#1388=DIRECTION('',(0.,0.,1.));
#1389=DIRECTION('',(1.,0.,-0.));
#1390=AXIS2_PLACEMENT_3D('',#1387,#1388,#1389);
#1391=CIRCLE('',#1390,2.5);
#1392=EDGE_CURVE('',#1380,#1349,#1391,.T.);
#1393=ORIENTED_EDGE('',*,*,#1392,.T.);
#1394=ORIENTED_EDGE('',*,*,#1354,.F.);
#1395=CARTESIAN_POINT('',(287.591449655,-90.420010431,-8.));
#1396=DIRECTION('',(0.,0.,1.));
#1397=DIRECTION('',(-0.,-1.,0.));
#1398=AXIS2_PLACEMENT_3D('',#1395,#1396,#1397);
#1399=CIRCLE('',#1398,2.5);
#1400=EDGE_CURVE('',#1378,#1347,#1399,.T.);
#1401=ORIENTED_EDGE('',*,*,#1400,.F.);
#1402=EDGE_LOOP('',(#1386,#1393,#1394,#1401));
#1403=FACE_BOUND('',#1402,.T.);
#1404=ADVANCED_FACE('',(#1403),#1376,.F.);
#1405=CARTESIAN_POINT('',(281.652046889,-92.920010431,-8.));
#1406=DIRECTION('',(0.,1.,0.));
#1407=DIRECTION('',(0.,0.,1.));
#1408=AXIS2_PLACEMENT_3D('',#1405,#1406,#1407);
#1409=PLANE('',#1408);
#1410=CARTESIAN_POINT('',(275.712644123,-92.920010431,-8.));
#1411=VERTEX_POINT('',#1410);
#1412=CARTESIAN_POINT('',(275.712644123,-92.920010431,-0.5));
#1413=VERTEX_POINT('',#1412);
#1414=CARTESIAN_POINT('',(275.712644123,-92.920010431,-8.));
#1415=DIRECTION('',(0.,0.,1.));
#1416=VECTOR('',#1415,7.5);
#1417=LINE('',#1414,#1416);
#1418=EDGE_CURVE('',#1411,#1413,#1417,.T.);
#1419=ORIENTED_EDGE('',*,*,#1418,.T.);
#1420=CARTESIAN_POINT('',(275.712644123,-92.920010431,-0.5));
#1421=DIRECTION('',(1.,-0.,-0.));
#1422=VECTOR('',#1421,11.878805532);
#1423=LINE('',#1420,#1422);
#1424=EDGE_CURVE('',#1413,#1380,#1423,.T.);
#1425=ORIENTED_EDGE('',*,*,#1424,.T.);
#1426=ORIENTED_EDGE('',*,*,#1385,.F.);
#1427=CARTESIAN_POINT('',(287.591449655,-92.920010431,-8.));
#1428=DIRECTION('',(-1.,0.,0.));
#1429=VECTOR('',#1428,11.878805532);
#1430=LINE('',#1427,#1429);
#1431=EDGE_CURVE('',#1378,#1411,#1430,.T.);
#1432=ORIENTED_EDGE('',*,*,#1431,.T.);
#1433=EDGE_LOOP('',(#1419,#1425,#1426,#1432));
#1434=FACE_BOUND('',#1433,.T.);
#1435=ADVANCED_FACE('',(#1434),#1409,.T.);
#1436=CARTESIAN_POINT('',(275.677370053,-99.502433568,-8.));
#1437=DIRECTION('',(0.,0.,1.));
#1438=DIRECTION('',(1.,0.,-0.));
#1439=AXIS2_PLACEMENT_3D('',#1436,#1437,#1438);
#1440=CYLINDRICAL_SURFACE('',#1439,6.58251765);
#1441=CARTESIAN_POINT('',(270.010953067,-96.152619072,-8.));
#1442=VERTEX_POINT('',#1441);
#1443=CARTESIAN_POINT('',(270.010953067,-96.152619072,-0.5));
#1444=VERTEX_POINT('',#1443);
#1445=CARTESIAN_POINT('',(270.010953067,-96.152619072,-8.));
#1446=DIRECTION('',(0.,0.,1.));
#1447=VECTOR('',#1446,7.5);
#1448=LINE('',#1445,#1447);
#1449=EDGE_CURVE('',#1442,#1444,#1448,.T.);
#1450=ORIENTED_EDGE('',*,*,#1449,.T.);
#1451=CARTESIAN_POINT('',(275.677370053,-99.502433568,-0.5));
#1452=DIRECTION('',(-0.,-0.,-1.));
#1453=DIRECTION('',(1.,0.,-0.));
#1454=AXIS2_PLACEMENT_3D('',#1451,#1452,#1453);
#1455=CIRCLE('',#1454,6.58251765);
#1456=EDGE_CURVE('',#1444,#1413,#1455,.T.);
#1457=ORIENTED_EDGE('',*,*,#1456,.T.);
#1458=ORIENTED_EDGE('',*,*,#1418,.F.);
#1459=CARTESIAN_POINT('',(275.677370053,-99.502433568,-8.));
#1460=DIRECTION('',(0.,-0.,1.));
#1461=DIRECTION('',(0.005358751,0.999985642,0.));
#1462=AXIS2_PLACEMENT_3D('',#1459,#1460,#1461);
#1463=CIRCLE('',#1462,6.58251765);
#1464=EDGE_CURVE('',#1411,#1442,#1463,.T.);
#1465=ORIENTED_EDGE('',*,*,#1464,.T.);
#1466=EDGE_LOOP('',(#1450,#1457,#1458,#1465));
#1467=FACE_BOUND('',#1466,.T.);
#1468=ADVANCED_FACE('',(#1467),#1440,.T.);
#1469=CARTESIAN_POINT('',(269.917107683,-96.309440108,-8.));
#1470=DIRECTION('',(-0.858089183,0.513500685,0.));
#1471=DIRECTION('',(-0.513500685,-0.858089183,0.));
#1472=AXIS2_PLACEMENT_3D('',#1469,#1470,#1471);
#1473=PLANE('',#1472);
#1474=CARTESIAN_POINT('',(269.823262299,-96.466261143,-8.));
#1475=VERTEX_POINT('',#1474);
#1476=CARTESIAN_POINT('',(269.823262299,-96.466261143,-0.5));
#1477=VERTEX_POINT('',#1476);
#1478=CARTESIAN_POINT('',(269.823262299,-96.466261143,-8.));
#1479=DIRECTION('',(0.,0.,1.));
#1480=VECTOR('',#1479,7.5);
#1481=LINE('',#1478,#1480);
#1482=EDGE_CURVE('',#1475,#1477,#1481,.T.);
#1483=ORIENTED_EDGE('',*,*,#1482,.T.);
#1484=CARTESIAN_POINT('',(269.823262299,-96.466261143,-0.5));
#1485=DIRECTION('',(0.513500685,0.858089183,-0.));
#1486=VECTOR('',#1485,0.365512206);
#1487=LINE('',#1484,#1486);
#1488=EDGE_CURVE('',#1477,#1444,#1487,.T.);
#1489=ORIENTED_EDGE('',*,*,#1488,.T.);
#1490=ORIENTED_EDGE('',*,*,#1449,.F.);
#1491=CARTESIAN_POINT('',(270.010953067,-96.152619072,-8.));
#1492=DIRECTION('',(-0.513500685,-0.858089183,0.));
#1493=VECTOR('',#1492,0.365512206);
#1494=LINE('',#1491,#1493);
#1495=EDGE_CURVE('',#1442,#1475,#1494,.T.);
#1496=ORIENTED_EDGE('',*,*,#1495,.T.);
#1497=EDGE_LOOP('',(#1483,#1489,#1490,#1496));
#1498=FACE_BOUND('',#1497,.T.);
#1499=ADVANCED_FACE('',(#1498),#1473,.T.);
#1500=CARTESIAN_POINT('',(267.67803934,-95.182509431,-8.));
#1501=DIRECTION('',(0.,0.,1.));
#1502=DIRECTION('',(1.,0.,-0.));
#1503=AXIS2_PLACEMENT_3D('',#1500,#1501,#1502);
#1504=CYLINDRICAL_SURFACE('',#1503,2.5);
#1505=ORIENTED_EDGE('',*,*,#751,.T.);
#1506=CARTESIAN_POINT('',(267.67803934,-95.182509431,-0.5));
#1507=DIRECTION('',(0.,0.,1.));
#1508=DIRECTION('',(1.,0.,-0.));
#1509=AXIS2_PLACEMENT_3D('',#1506,#1507,#1508);
#1510=CIRCLE('',#1509,2.5);
#1511=EDGE_CURVE('',#738,#1477,#1510,.T.);
#1512=ORIENTED_EDGE('',*,*,#1511,.T.);
#1513=ORIENTED_EDGE('',*,*,#1482,.F.);
#1514=CARTESIAN_POINT('',(267.67803934,-95.182509431,-8.));
#1515=DIRECTION('',(0.,0.,1.));
#1516=DIRECTION('',(-0.,-1.,0.));
#1517=AXIS2_PLACEMENT_3D('',#1514,#1515,#1516);
#1518=CIRCLE('',#1517,2.5);
#1519=EDGE_CURVE('',#746,#1475,#1518,.T.);
#1520=ORIENTED_EDGE('',*,*,#1519,.F.);
#1521=EDGE_LOOP('',(#1505,#1512,#1513,#1520));
#1522=FACE_BOUND('',#1521,.T.);
#1523=ADVANCED_FACE('',(#1522),#1504,.F.);
#1524=CARTESIAN_POINT('',(231.575109569,-104.312607,-8.));
#1525=DIRECTION('',(0.,0.,1.));
#1526=DIRECTION('',(1.,0.,-0.));
#1527=AXIS2_PLACEMENT_3D('',#1524,#1525,#1526);
#1528=CYLINDRICAL_SURFACE('',#1527,6.630098077);
#1529=CARTESIAN_POINT('',(224.945012,-104.31001,-8.));
#1530=VERTEX_POINT('',#1529);
#1531=CARTESIAN_POINT('',(224.945012,-104.31001,-0.5));
#1532=VERTEX_POINT('',#1531);
#1533=CARTESIAN_POINT('',(224.945012,-104.31001,-8.));
#1534=DIRECTION('',(0.,0.,1.));
#1535=VECTOR('',#1534,7.5);
#1536=LINE('',#1533,#1535);
#1537=EDGE_CURVE('',#1530,#1532,#1536,.T.);
#1538=ORIENTED_EDGE('',*,*,#1537,.T.);
#1539=CARTESIAN_POINT('',(231.575109569,-104.312607,-0.5));
#1540=DIRECTION('',(-0.,-0.,-1.));
#1541=DIRECTION('',(1.,0.,-0.));
#1542=AXIS2_PLACEMENT_3D('',#1539,#1540,#1541);
#1543=CIRCLE('',#1542,6.630098077);
#1544=EDGE_CURVE('',#1532,#730,#1543,.T.);
#1545=ORIENTED_EDGE('',*,*,#1544,.T.);
#1546=ORIENTED_EDGE('',*,*,#735,.F.);
#1547=CARTESIAN_POINT('',(231.575109569,-104.312607,-8.));
#1548=DIRECTION('',(0.,-0.,1.));
#1549=DIRECTION('',(0.000391699,0.999999923,0.));
#1550=AXIS2_PLACEMENT_3D('',#1547,#1548,#1549);
#1551=CIRCLE('',#1550,6.630098077);
#1552=EDGE_CURVE('',#728,#1530,#1551,.T.);
#1553=ORIENTED_EDGE('',*,*,#1552,.T.);
#1554=EDGE_LOOP('',(#1538,#1545,#1546,#1553));
#1555=FACE_BOUND('',#1554,.T.);
#1556=ADVANCED_FACE('',(#1555),#1528,.T.);
#1557=CARTESIAN_POINT('',(224.945012,-113.698755,-8.));
#1558=DIRECTION('',(-1.,0.,0.));
#1559=DIRECTION('',(0.,0.,1.));
#1560=AXIS2_PLACEMENT_3D('',#1557,#1558,#1559);
#1561=PLANE('',#1560);
#1562=CARTESIAN_POINT('',(224.945012,-123.0875,-8.));
#1563=VERTEX_POINT('',#1562);
#1564=CARTESIAN_POINT('',(224.945012,-123.0875,-0.5));
#1565=VERTEX_POINT('',#1564);
#1566=CARTESIAN_POINT('',(224.945012,-123.0875,-8.));
#1567=DIRECTION('',(0.,0.,1.));
#1568=VECTOR('',#1567,7.5);
#1569=LINE('',#1566,#1568);
#1570=EDGE_CURVE('',#1563,#1565,#1569,.T.);
#1571=ORIENTED_EDGE('',*,*,#1570,.T.);
#1572=CARTESIAN_POINT('',(224.945012,-123.0875,-0.5));
#1573=DIRECTION('',(-0.,1.,-0.));
#1574=VECTOR('',#1573,18.77749);
#1575=LINE('',#1572,#1574);
#1576=EDGE_CURVE('',#1565,#1532,#1575,.T.);
#1577=ORIENTED_EDGE('',*,*,#1576,.T.);
#1578=ORIENTED_EDGE('',*,*,#1537,.F.);
#1579=CARTESIAN_POINT('',(224.945012,-104.31001,-8.));
#1580=DIRECTION('',(0.,-1.,0.));
#1581=VECTOR('',#1580,18.77749);
#1582=LINE('',#1579,#1581);
#1583=EDGE_CURVE('',#1530,#1563,#1582,.T.);
#1584=ORIENTED_EDGE('',*,*,#1583,.T.);
#1585=EDGE_LOOP('',(#1571,#1577,#1578,#1584));
#1586=FACE_BOUND('',#1585,.T.);
#1587=ADVANCED_FACE('',(#1586),#1561,.T.);
#1588=CARTESIAN_POINT('',(224.945006,-145.662499535,-8.));
#1589=DIRECTION('',(-1.,0.000000266,0.));
#1590=DIRECTION('',(-0.000000266,-1.,0.));
#1591=AXIS2_PLACEMENT_3D('',#1588,#1589,#1590);
#1592=PLANE('',#1591);
#1593=CARTESIAN_POINT('',(224.945,-168.23749907,-8.));
#1594=VERTEX_POINT('',#1593);
#1595=CARTESIAN_POINT('',(224.945,-168.23749907,-0.5));
#1596=VERTEX_POINT('',#1595);
#1597=CARTESIAN_POINT('',(224.945,-168.23749907,-8.));
#1598=DIRECTION('',(0.,0.,1.));
#1599=VECTOR('',#1598,7.5);
#1600=LINE('',#1597,#1599);
#1601=EDGE_CURVE('',#1594,#1596,#1600,.T.);
#1602=ORIENTED_EDGE('',*,*,#1601,.T.);
#1603=CARTESIAN_POINT('',(224.945,-168.23749907,-0.5));
#1604=DIRECTION('',(0.000000266,1.,-0.));
#1605=VECTOR('',#1604,45.14999907);
#1606=LINE('',#1603,#1605);
#1607=EDGE_CURVE('',#1596,#1565,#1606,.T.);
#1608=ORIENTED_EDGE('',*,*,#1607,.T.);
#1609=ORIENTED_EDGE('',*,*,#1570,.F.);
#1610=CARTESIAN_POINT('',(224.945012,-123.0875,-8.));
#1611=DIRECTION('',(-0.000000266,-1.,0.));
#1612=VECTOR('',#1611,45.14999907);
#1613=LINE('',#1610,#1612);
#1614=EDGE_CURVE('',#1563,#1594,#1613,.T.);
#1615=ORIENTED_EDGE('',*,*,#1614,.T.);
#1616=EDGE_LOOP('',(#1602,#1608,#1609,#1615));
#1617=FACE_BOUND('',#1616,.T.);
#1618=ADVANCED_FACE('',(#1617),#1592,.T.);
#1619=CARTESIAN_POINT('',(224.945,-171.981429934,-8.));
#1620=DIRECTION('',(-1.,0.,0.));
#1621=DIRECTION('',(0.,0.,1.));
#1622=AXIS2_PLACEMENT_3D('',#1619,#1620,#1621);
#1623=PLANE('',#1622);
#1624=CARTESIAN_POINT('',(224.945,-175.725360799,-8.));
#1625=VERTEX_POINT('',#1624);
#1626=CARTESIAN_POINT('',(224.945,-175.725360799,-0.5));
#1627=VERTEX_POINT('',#1626);
#1628=CARTESIAN_POINT('',(224.945,-175.725360799,-8.));
#1629=DIRECTION('',(0.,0.,1.));
#1630=VECTOR('',#1629,7.5);
#1631=LINE('',#1628,#1630);
#1632=EDGE_CURVE('',#1625,#1627,#1631,.T.);
#1633=ORIENTED_EDGE('',*,*,#1632,.T.);
#1634=CARTESIAN_POINT('',(224.945,-175.725360799,-0.5));
#1635=DIRECTION('',(-0.,1.,-0.));
#1636=VECTOR('',#1635,7.487861729);
#1637=LINE('',#1634,#1636);
#1638=EDGE_CURVE('',#1627,#1596,#1637,.T.);
#1639=ORIENTED_EDGE('',*,*,#1638,.T.);
#1640=ORIENTED_EDGE('',*,*,#1601,.F.);
#1641=CARTESIAN_POINT('',(224.945,-168.23749907,-8.));
#1642=DIRECTION('',(0.,-1.,0.));
#1643=VECTOR('',#1642,7.487861729);
#1644=LINE('',#1641,#1643);
#1645=EDGE_CURVE('',#1594,#1625,#1644,.T.);
#1646=ORIENTED_EDGE('',*,*,#1645,.T.);
#1647=EDGE_LOOP('',(#1633,#1639,#1640,#1646));
#1648=FACE_BOUND('',#1647,.T.);
#1649=ADVANCED_FACE('',(#1648),#1623,.T.);
#1650=CARTESIAN_POINT('',(231.693028641,-175.591164173,-8.));
#1651=DIRECTION('',(0.,0.,1.));
#1652=DIRECTION('',(1.,0.,-0.));
#1653=AXIS2_PLACEMENT_3D('',#1650,#1651,#1652);
#1654=CYLINDRICAL_SURFACE('',#1653,6.749362879);
#1655=CARTESIAN_POINT('',(225.775771888,-178.837696445,-8.));
#1656=VERTEX_POINT('',#1655);
#1657=CARTESIAN_POINT('',(225.775771888,-178.837696445,-0.5));
#1658=VERTEX_POINT('',#1657);
#1659=CARTESIAN_POINT('',(225.775771888,-178.837696445,-8.));
#1660=DIRECTION('',(0.,0.,1.));
#1661=VECTOR('',#1660,7.5);
#1662=LINE('',#1659,#1661);
#1663=EDGE_CURVE('',#1656,#1658,#1662,.T.);
#1664=ORIENTED_EDGE('',*,*,#1663,.T.);
#1665=CARTESIAN_POINT('',(231.693028641,-175.591164173,-0.5));
#1666=DIRECTION('',(-0.,-0.,-1.));
#1667=DIRECTION('',(1.,0.,-0.));
#1668=AXIS2_PLACEMENT_3D('',#1665,#1666,#1667);
#1669=CIRCLE('',#1668,6.749362879);
#1670=EDGE_CURVE('',#1658,#1627,#1669,.T.);
#1671=ORIENTED_EDGE('',*,*,#1670,.T.);
#1672=ORIENTED_EDGE('',*,*,#1632,.F.);
#1673=CARTESIAN_POINT('',(231.693028641,-175.591164173,-8.));
#1674=DIRECTION('',(0.,0.,1.));
#1675=DIRECTION('',(-0.999802316,-0.019882858,0.));
#1676=AXIS2_PLACEMENT_3D('',#1673,#1674,#1675);
#1677=CIRCLE('',#1676,6.749362879);
#1678=EDGE_CURVE('',#1625,#1656,#1677,.T.);
#1679=ORIENTED_EDGE('',*,*,#1678,.T.);
#1680=EDGE_LOOP('',(#1664,#1671,#1672,#1679));
#1681=FACE_BOUND('',#1680,.T.);
#1682=ADVANCED_FACE('',(#1681),#1654,.T.);
#1683=CARTESIAN_POINT('',(230.046222982,-186.541793604,-8.));
#1684=DIRECTION('',(-0.874619692,-0.484809647,0.));
#1685=DIRECTION('',(0.484809647,-0.874619692,0.));
#1686=AXIS2_PLACEMENT_3D('',#1683,#1684,#1685);
#1687=PLANE('',#1686);
#1688=CARTESIAN_POINT('',(234.316674076,-194.245890764,-8.));
#1689=VERTEX_POINT('',#1688);
#1690=CARTESIAN_POINT('',(234.316674076,-194.245890764,-0.5));
#1691=VERTEX_POINT('',#1690);
#1692=CARTESIAN_POINT('',(234.316674076,-194.245890764,-8.));
#1693=DIRECTION('',(0.,0.,1.));
#1694=VECTOR('',#1693,7.5);
#1695=LINE('',#1692,#1694);
#1696=EDGE_CURVE('',#1689,#1691,#1695,.T.);
#1697=ORIENTED_EDGE('',*,*,#1696,.T.);
#1698=CARTESIAN_POINT('',(234.316674076,-194.245890764,-0.5));
#1699=DIRECTION('',(-0.484809647,0.874619692,-0.));
#1700=VECTOR('',#1699,17.617021949);
#1701=LINE('',#1698,#1700);
#1702=EDGE_CURVE('',#1691,#1658,#1701,.T.);
#1703=ORIENTED_EDGE('',*,*,#1702,.T.);
#1704=ORIENTED_EDGE('',*,*,#1663,.F.);
#1705=CARTESIAN_POINT('',(225.775771888,-178.837696445,-8.));
#1706=DIRECTION('',(0.484809647,-0.874619692,0.));
#1707=VECTOR('',#1706,17.617021949);
#1708=LINE('',#1705,#1707);
#1709=EDGE_CURVE('',#1656,#1689,#1708,.T.);
#1710=ORIENTED_EDGE('',*,*,#1709,.T.);
#1711=EDGE_LOOP('',(#1697,#1703,#1704,#1710));
#1712=FACE_BOUND('',#1711,.T.);
#1713=ADVANCED_FACE('',(#1712),#1687,.T.);
#1714=CARTESIAN_POINT('',(240.111028524,-191.034027416,-8.));
#1715=DIRECTION('',(0.,0.,1.));
#1716=DIRECTION('',(1.,0.,-0.));
#1717=AXIS2_PLACEMENT_3D('',#1714,#1715,#1716);
#1718=CYLINDRICAL_SURFACE('',#1717,6.62499884);
#1719=CARTESIAN_POINT('',(243.328566294,-196.825232846,-8.));
#1720=VERTEX_POINT('',#1719);
#1721=CARTESIAN_POINT('',(243.328566294,-196.825232846,-0.5));
#1722=VERTEX_POINT('',#1721);
#1723=CARTESIAN_POINT('',(243.328566294,-196.825232846,-8.));
#1724=DIRECTION('',(0.,0.,1.));
#1725=VECTOR('',#1724,7.5);
#1726=LINE('',#1723,#1725);
#1727=EDGE_CURVE('',#1720,#1722,#1726,.T.);
#1728=ORIENTED_EDGE('',*,*,#1727,.T.);
#1729=CARTESIAN_POINT('',(240.111028524,-191.034027416,-0.5));
#1730=DIRECTION('',(-0.,-0.,-1.));
#1731=DIRECTION('',(1.,0.,-0.));
#1732=AXIS2_PLACEMENT_3D('',#1729,#1730,#1731);
#1733=CIRCLE('',#1732,6.62499884);
#1734=EDGE_CURVE('',#1722,#1691,#1733,.T.);
#1735=ORIENTED_EDGE('',*,*,#1734,.T.);
#1736=ORIENTED_EDGE('',*,*,#1696,.F.);
#1737=CARTESIAN_POINT('',(240.111028524,-191.034027416,-8.));
#1738=DIRECTION('',(0.,0.,1.));
#1739=DIRECTION('',(-0.874619692,-0.484809647,0.));
#1740=AXIS2_PLACEMENT_3D('',#1737,#1738,#1739);
#1741=CIRCLE('',#1740,6.62499884);
#1742=EDGE_CURVE('',#1689,#1720,#1741,.T.);
#1743=ORIENTED_EDGE('',*,*,#1742,.T.);
#1744=EDGE_LOOP('',(#1728,#1735,#1736,#1743));
#1745=FACE_BOUND('',#1744,.T.);
#1746=ADVANCED_FACE('',(#1745),#1718,.T.);
#1747=CARTESIAN_POINT('',(246.714236137,-194.934658046,-8.));
#1748=DIRECTION('',(0.48754284,-0.873099066,0.));
#1749=DIRECTION('',(0.873099066,0.48754284,0.));
#1750=AXIS2_PLACEMENT_3D('',#1747,#1748,#1749);
#1751=PLANE('',#1750);
#1752=CARTESIAN_POINT('',(250.099905979,-193.044083247,-8.));
#1753=VERTEX_POINT('',#1752);
#1754=CARTESIAN_POINT('',(250.099905979,-193.044083247,-0.5));
#1755=VERTEX_POINT('',#1754);
#1756=CARTESIAN_POINT('',(250.099905979,-193.044083247,-8.));
#1757=DIRECTION('',(0.,0.,1.));
#1758=VECTOR('',#1757,7.5);
#1759=LINE('',#1756,#1758);
#1760=EDGE_CURVE('',#1753,#1755,#1759,.T.);
#1761=ORIENTED_EDGE('',*,*,#1760,.T.);
#1762=CARTESIAN_POINT('',(250.099905979,-193.044083247,-0.5));
#1763=DIRECTION('',(-0.873099066,-0.48754284,-0.));
#1764=VECTOR('',#1763,7.755522769);
#1765=LINE('',#1762,#1764);
#1766=EDGE_CURVE('',#1755,#1722,#1765,.T.);
#1767=ORIENTED_EDGE('',*,*,#1766,.T.);
#1768=ORIENTED_EDGE('',*,*,#1727,.F.);
#1769=CARTESIAN_POINT('',(243.328566294,-196.825232846,-8.));
#1770=DIRECTION('',(0.873099066,0.48754284,0.));
#1771=VECTOR('',#1770,7.755522769);
#1772=LINE('',#1769,#1771);
#1773=EDGE_CURVE('',#1720,#1753,#1772,.T.);
#1774=ORIENTED_EDGE('',*,*,#1773,.T.);
#1775=EDGE_LOOP('',(#1761,#1767,#1768,#1774));
#1776=FACE_BOUND('',#1775,.T.);
#1777=ADVANCED_FACE('',(#1776),#1751,.T.);
#1778=CARTESIAN_POINT('',(283.21153906,-250.939928723,-8.));
#1779=DIRECTION('',(0.,0.,1.));
#1780=DIRECTION('',(1.,0.,-0.));
#1781=AXIS2_PLACEMENT_3D('',#1778,#1779,#1780);
#1782=CYLINDRICAL_SURFACE('',#1781,66.6956458);
#1783=CARTESIAN_POINT('',(283.48394639,-184.244839227,-8.));
#1784=VERTEX_POINT('',#1783);
#1785=CARTESIAN_POINT('',(283.48394639,-184.244839227,-0.5));
#1786=VERTEX_POINT('',#1785);
#1787=CARTESIAN_POINT('',(283.48394639,-184.244839227,-8.));
#1788=DIRECTION('',(0.,0.,1.));
#1789=VECTOR('',#1788,7.5);
#1790=LINE('',#1787,#1789);
#1791=EDGE_CURVE('',#1784,#1786,#1790,.T.);
#1792=ORIENTED_EDGE('',*,*,#1791,.T.);
#1793=CARTESIAN_POINT('',(283.21153906,-250.939928723,-0.5));
#1794=DIRECTION('',(0.,0.,1.));
#1795=DIRECTION('',(1.,0.,-0.));
#1796=AXIS2_PLACEMENT_3D('',#1793,#1794,#1795);
#1797=CIRCLE('',#1796,66.6956458);
#1798=EDGE_CURVE('',#1786,#1755,#1797,.T.);
#1799=ORIENTED_EDGE('',*,*,#1798,.T.);
#1800=ORIENTED_EDGE('',*,*,#1760,.F.);
#1801=CARTESIAN_POINT('',(283.21153906,-250.939928723,-8.));
#1802=DIRECTION('',(0.,-0.,1.));
#1803=DIRECTION('',(0.004084335,0.999991659,0.));
#1804=AXIS2_PLACEMENT_3D('',#1801,#1802,#1803);
#1805=CIRCLE('',#1804,66.6956458);
#1806=EDGE_CURVE('',#1784,#1753,#1805,.T.);
#1807=ORIENTED_EDGE('',*,*,#1806,.F.);
#1808=EDGE_LOOP('',(#1792,#1799,#1800,#1807));
#1809=FACE_BOUND('',#1808,.T.);
#1810=ADVANCED_FACE('',(#1809),#1782,.F.);
#1811=CARTESIAN_POINT('',(288.710383036,-184.239995449,-8.));
#1812=DIRECTION('',(0.000926784,-0.999999571,0.));
#1813=DIRECTION('',(0.999999571,0.000926784,0.));
#1814=AXIS2_PLACEMENT_3D('',#1811,#1812,#1813);
#1815=PLANE('',#1814);
#1816=CARTESIAN_POINT('',(294.165056901,-184.234940145,-0.5));
#1817=VERTEX_POINT('',#1816);
#1818=CARTESIAN_POINT('',(294.165056901,-184.234940145,-8.));
#1819=VERTEX_POINT('',#1818);
#1820=CARTESIAN_POINT('',(294.165056901,-184.234940145,-0.5));
#1821=DIRECTION('',(-0.,-0.,-1.));
#1822=VECTOR('',#1821,7.5);
#1823=LINE('',#1820,#1822);
#1824=EDGE_CURVE('',#1817,#1819,#1823,.T.);
#1825=ORIENTED_EDGE('',*,*,#1824,.F.);
#1826=CARTESIAN_POINT('',(294.165056901,-184.234940145,-0.5));
#1827=DIRECTION('',(-0.999999571,-0.000926784,-0.));
#1828=VECTOR('',#1827,10.681115099);
#1829=LINE('',#1826,#1828);
#1830=EDGE_CURVE('',#1817,#1786,#1829,.T.);
#1831=ORIENTED_EDGE('',*,*,#1830,.T.);
#1832=ORIENTED_EDGE('',*,*,#1791,.F.);
#1833=CARTESIAN_POINT('',(283.48394639,-184.244839227,-8.));
#1834=DIRECTION('',(0.999999571,0.000926784,0.));
#1835=VECTOR('',#1834,10.681115099);
#1836=LINE('',#1833,#1835);
#1837=EDGE_CURVE('',#1784,#1819,#1836,.T.);
#1838=ORIENTED_EDGE('',*,*,#1837,.T.);
#1839=EDGE_LOOP('',(#1825,#1831,#1832,#1838));
#1840=FACE_BOUND('',#1839,.T.);
#1841=ADVANCED_FACE('',(#1840),#1815,.T.);
#1842=CARTESIAN_POINT('',(293.949409188,-177.287070342,-8.));
#1843=DIRECTION('',(0.,0.,1.));
#1844=DIRECTION('',(1.,0.,-0.));
#1845=AXIS2_PLACEMENT_3D('',#1842,#1843,#1844);
#1846=CYLINDRICAL_SURFACE('',#1845,6.951215629);
#1847=CARTESIAN_POINT('',(299.13457409,-181.916699233,-8.));
#1848=VERTEX_POINT('',#1847);
#1849=CARTESIAN_POINT('',(299.13457409,-181.916699233,-0.5));
#1850=VERTEX_POINT('',#1849);
#1851=CARTESIAN_POINT('',(299.13457409,-181.916699233,-8.));
#1852=DIRECTION('',(0.,0.,1.));
#1853=VECTOR('',#1852,7.5);
#1854=LINE('',#1851,#1853);
#1855=EDGE_CURVE('',#1848,#1850,#1854,.T.);
#1856=ORIENTED_EDGE('',*,*,#1855,.T.);
#1857=CARTESIAN_POINT('',(293.949409188,-177.287070342,-0.5));
#1858=DIRECTION('',(-0.,-0.,-1.));
#1859=DIRECTION('',(1.,0.,-0.));
#1860=AXIS2_PLACEMENT_3D('',#1857,#1858,#1859);
#1861=CIRCLE('',#1860,6.951215629);
#1862=EDGE_CURVE('',#1850,#1817,#1861,.T.);
#1863=ORIENTED_EDGE('',*,*,#1862,.T.);
#1864=ORIENTED_EDGE('',*,*,#1824,.T.);
#1865=CARTESIAN_POINT('',(293.949409188,-177.287070342,-8.));
#1866=DIRECTION('',(0.,0.,1.));
#1867=DIRECTION('',(0.002923126,-0.999995728,0.));
#1868=AXIS2_PLACEMENT_3D('',#1865,#1866,#1867);
#1869=CIRCLE('',#1868,6.951215629);
#1870=EDGE_CURVE('',#1819,#1848,#1869,.T.);
#1871=ORIENTED_EDGE('',*,*,#1870,.T.);
#1872=EDGE_LOOP('',(#1856,#1863,#1864,#1871));
#1873=FACE_BOUND('',#1872,.T.);
#1874=ADVANCED_FACE('',(#1873),#1846,.T.);
#1875=CARTESIAN_POINT('',(306.134817007,-173.57364242,-8.));
#1876=DIRECTION('',(0.766063115,-0.642765357,0.));
#1877=DIRECTION('',(0.642765357,0.766063115,0.));
#1878=AXIS2_PLACEMENT_3D('',#1875,#1876,#1877);
#1879=PLANE('',#1878);
#1880=CARTESIAN_POINT('',(313.135059924,-165.230585607,-8.));
#1881=VERTEX_POINT('',#1880);
#1882=CARTESIAN_POINT('',(313.135059924,-165.230585607,-0.5));
#1883=VERTEX_POINT('',#1882);
#1884=CARTESIAN_POINT('',(313.135059924,-165.230585607,-8.));
#1885=DIRECTION('',(0.,0.,1.));
#1886=VECTOR('',#1885,7.5);
#1887=LINE('',#1884,#1886);
#1888=EDGE_CURVE('',#1881,#1883,#1887,.T.);
#1889=ORIENTED_EDGE('',*,*,#1888,.T.);
#1890=CARTESIAN_POINT('',(313.135059924,-165.230585607,-0.5));
#1891=DIRECTION('',(-0.642765357,-0.766063115,-0.));
#1892=VECTOR('',#1891,21.781643454);
#1893=LINE('',#1890,#1892);
#1894=EDGE_CURVE('',#1883,#1850,#1893,.T.);
#1895=ORIENTED_EDGE('',*,*,#1894,.T.);
#1896=ORIENTED_EDGE('',*,*,#1855,.F.);
#1897=CARTESIAN_POINT('',(299.13457409,-181.916699233,-8.));
#1898=DIRECTION('',(0.642765357,0.766063115,0.));
#1899=VECTOR('',#1898,21.781643454);
#1900=LINE('',#1897,#1899);
#1901=EDGE_CURVE('',#1848,#1881,#1900,.T.);
#1902=ORIENTED_EDGE('',*,*,#1901,.T.);
#1903=EDGE_LOOP('',(#1889,#1895,#1896,#1902));
#1904=FACE_BOUND('',#1903,.T.);
#1905=ADVANCED_FACE('',(#1904),#1879,.T.);
#1906=CARTESIAN_POINT('',(315.050217711,-166.837499,-8.));
#1907=DIRECTION('',(0.,0.,1.));
#1908=DIRECTION('',(1.,0.,-0.));
#1909=AXIS2_PLACEMENT_3D('',#1906,#1907,#1908);
#1910=CYLINDRICAL_SURFACE('',#1909,2.5);
#1911=CARTESIAN_POINT('',(315.050217711,-164.337499,-8.));
#1912=VERTEX_POINT('',#1911);
#1913=CARTESIAN_POINT('',(315.050217711,-164.337499,-0.5));
#1914=VERTEX_POINT('',#1913);
#1915=CARTESIAN_POINT('',(315.050217711,-164.337499,-8.));
#1916=DIRECTION('',(0.,0.,1.));
#1917=VECTOR('',#1916,7.5);
#1918=LINE('',#1915,#1917);
#1919=EDGE_CURVE('',#1912,#1914,#1918,.T.);
#1920=ORIENTED_EDGE('',*,*,#1919,.T.);
#1921=CARTESIAN_POINT('',(315.050217711,-166.837499,-0.5));
#1922=DIRECTION('',(0.,0.,1.));
#1923=DIRECTION('',(1.,0.,-0.));
#1924=AXIS2_PLACEMENT_3D('',#1921,#1922,#1923);
#1925=CIRCLE('',#1924,2.5);
#1926=EDGE_CURVE('',#1914,#1883,#1925,.T.);
#1927=ORIENTED_EDGE('',*,*,#1926,.T.);
#1928=ORIENTED_EDGE('',*,*,#1888,.F.);
#1929=CARTESIAN_POINT('',(315.050217711,-166.837499,-8.));
#1930=DIRECTION('',(0.,-0.,1.));
#1931=DIRECTION('',(0.,1.,0.));
#1932=AXIS2_PLACEMENT_3D('',#1929,#1930,#1931);
#1933=CIRCLE('',#1932,2.5);
#1934=EDGE_CURVE('',#1912,#1881,#1933,.T.);
#1935=ORIENTED_EDGE('',*,*,#1934,.F.);
#1936=EDGE_LOOP('',(#1920,#1927,#1928,#1935));
#1937=FACE_BOUND('',#1936,.T.);
#1938=ADVANCED_FACE('',(#1937),#1910,.F.);
#1939=CARTESIAN_POINT('',(340.868728355,-164.337499,-8.));
#1940=DIRECTION('',(0.,-1.,0.));
#1941=DIRECTION('',(0.,0.,-1.));
#1942=AXIS2_PLACEMENT_3D('',#1939,#1940,#1941);
#1943=PLANE('',#1942);
#1944=CARTESIAN_POINT('',(366.687239,-164.337499,-8.));
#1945=VERTEX_POINT('',#1944);
#1946=CARTESIAN_POINT('',(366.687239,-164.337499,-0.5));
#1947=VERTEX_POINT('',#1946);
#1948=CARTESIAN_POINT('',(366.687239,-164.337499,-8.));
#1949=DIRECTION('',(0.,0.,1.));
#1950=VECTOR('',#1949,7.5);
#1951=LINE('',#1948,#1950);
#1952=EDGE_CURVE('',#1945,#1947,#1951,.T.);
#1953=ORIENTED_EDGE('',*,*,#1952,.T.);
#1954=CARTESIAN_POINT('',(366.687239,-164.337499,-0.5));
#1955=DIRECTION('',(-1.,-0.,0.));
#1956=VECTOR('',#1955,51.637021289);
#1957=LINE('',#1954,#1956);
#1958=EDGE_CURVE('',#1947,#1914,#1957,.T.);
#1959=ORIENTED_EDGE('',*,*,#1958,.T.);
#1960=ORIENTED_EDGE('',*,*,#1919,.F.);
#1961=CARTESIAN_POINT('',(315.050217711,-164.337499,-8.));
#1962=DIRECTION('',(1.,0.,-0.));
#1963=VECTOR('',#1962,51.637021289);
#1964=LINE('',#1961,#1963);
#1965=EDGE_CURVE('',#1912,#1945,#1964,.T.);
#1966=ORIENTED_EDGE('',*,*,#1965,.T.);
#1967=EDGE_LOOP('',(#1953,#1959,#1960,#1966));
#1968=FACE_BOUND('',#1967,.T.);
#1969=ADVANCED_FACE('',(#1968),#1943,.T.);
#1970=CARTESIAN_POINT('',(366.687239,-157.7125,-8.));
#1971=DIRECTION('',(0.,0.,1.));
#1972=DIRECTION('',(1.,0.,-0.));
#1973=AXIS2_PLACEMENT_3D('',#1970,#1971,#1972);
#1974=CYLINDRICAL_SURFACE('',#1973,6.624999);
#1975=CARTESIAN_POINT('',(373.312238,-157.7125,-8.));
#1976=VERTEX_POINT('',#1975);
#1977=CARTESIAN_POINT('',(373.312238,-157.7125,-0.5));
#1978=VERTEX_POINT('',#1977);
#1979=CARTESIAN_POINT('',(373.312238,-157.7125,-8.));
#1980=DIRECTION('',(0.,0.,1.));
#1981=VECTOR('',#1980,7.5);
#1982=LINE('',#1979,#1981);
#1983=EDGE_CURVE('',#1976,#1978,#1982,.T.);
#1984=ORIENTED_EDGE('',*,*,#1983,.T.);
#1985=CARTESIAN_POINT('',(366.687239,-157.7125,-0.5));
#1986=DIRECTION('',(-0.,-0.,-1.));
#1987=DIRECTION('',(1.,0.,-0.));
#1988=AXIS2_PLACEMENT_3D('',#1985,#1986,#1987);
#1989=CIRCLE('',#1988,6.624999);
#1990=EDGE_CURVE('',#1978,#1947,#1989,.T.);
#1991=ORIENTED_EDGE('',*,*,#1990,.T.);
#1992=ORIENTED_EDGE('',*,*,#1952,.F.);
#1993=CARTESIAN_POINT('',(366.687239,-157.7125,-8.));
#1994=DIRECTION('',(0.,0.,1.));
#1995=DIRECTION('',(0.,-1.,0.));
#1996=AXIS2_PLACEMENT_3D('',#1993,#1994,#1995);
#1997=CIRCLE('',#1996,6.624999);
#1998=EDGE_CURVE('',#1945,#1976,#1997,.T.);
#1999=ORIENTED_EDGE('',*,*,#1998,.T.);
#2000=EDGE_LOOP('',(#1984,#1991,#1992,#1999));
#2001=FACE_BOUND('',#2000,.T.);
#2002=ADVANCED_FACE('',(#2001),#1974,.T.);
#2003=CARTESIAN_POINT('',(373.312238,-131.0025,-8.));
#2004=DIRECTION('',(1.,0.,0.));
#2005=DIRECTION('',(0.,0.,-1.));
#2006=AXIS2_PLACEMENT_3D('',#2003,#2004,#2005);
#2007=PLANE('',#2006);
#2008=CARTESIAN_POINT('',(373.312238,-104.2925,-8.));
#2009=VERTEX_POINT('',#2008);
#2010=CARTESIAN_POINT('',(373.312238,-104.2925,-0.5));
#2011=VERTEX_POINT('',#2010);
#2012=CARTESIAN_POINT('',(373.312238,-104.2925,-8.));
#2013=DIRECTION('',(0.,0.,1.));
#2014=VECTOR('',#2013,7.5);
#2015=LINE('',#2012,#2014);
#2016=EDGE_CURVE('',#2009,#2011,#2015,.T.);
#2017=ORIENTED_EDGE('',*,*,#2016,.T.);
#2018=CARTESIAN_POINT('',(373.312238,-104.2925,-0.5));
#2019=DIRECTION('',(-0.,-1.,-0.));
#2020=VECTOR('',#2019,53.42);
#2021=LINE('',#2018,#2020);
#2022=EDGE_CURVE('',#2011,#1978,#2021,.T.);
#2023=ORIENTED_EDGE('',*,*,#2022,.T.);
#2024=ORIENTED_EDGE('',*,*,#1983,.F.);
#2025=CARTESIAN_POINT('',(373.312238,-157.7125,-8.));
#2026=DIRECTION('',(0.,1.,0.));
#2027=VECTOR('',#2026,53.42);
#2028=LINE('',#2025,#2027);
#2029=EDGE_CURVE('',#1976,#2009,#2028,.T.);
#2030=ORIENTED_EDGE('',*,*,#2029,.T.);
#2031=EDGE_LOOP('',(#2017,#2023,#2024,#2030));
#2032=FACE_BOUND('',#2031,.T.);
#2033=ADVANCED_FACE('',(#2032),#2007,.T.);
#2034=CARTESIAN_POINT('',(349.131749134,-99.678655135,-8.));
#2035=DIRECTION('',(0.095520814,0.995427433,0.));
#2036=DIRECTION('',(-0.995427433,0.095520814,0.));
#2037=AXIS2_PLACEMENT_3D('',#2034,#2035,#2036);
#2038=PLANE('',#2037);
#2039=CARTESIAN_POINT('',(349.167857239,-99.682120055,-8.));
#2040=VERTEX_POINT('',#2039);
#2041=CARTESIAN_POINT('',(349.167857239,-99.682120055,-6.8));
#2042=VERTEX_POINT('',#2041);
#2043=CARTESIAN_POINT('',(349.167857239,-99.682120055,-8.));
#2044=DIRECTION('',(0.,0.,1.));
#2045=VECTOR('',#2044,1.2);
#2046=LINE('',#2043,#2045);
#2047=EDGE_CURVE('',#2040,#2042,#2046,.T.);
#2048=ORIENTED_EDGE('',*,*,#2047,.T.);
#2049=CARTESIAN_POINT('',(349.095641029,-99.675190216,-6.8));
#2050=VERTEX_POINT('',#2049);
#2051=CARTESIAN_POINT('',(349.167857239,-99.682120055,-6.8));
#2052=DIRECTION('',(-0.995427433,0.095520814,0.));
#2053=VECTOR('',#2052,0.072547941);
#2054=LINE('',#2051,#2053);
#2055=EDGE_CURVE('',#2042,#2050,#2054,.T.);
#2056=ORIENTED_EDGE('',*,*,#2055,.T.);
#2057=CARTESIAN_POINT('',(349.095641029,-99.675190216,-8.));
#2058=VERTEX_POINT('',#2057);
#2059=CARTESIAN_POINT('',(349.095641029,-99.675190216,-8.));
#2060=DIRECTION('',(0.,0.,1.));
#2061=VECTOR('',#2060,1.2);
#2062=LINE('',#2059,#2061);
#2063=EDGE_CURVE('',#2058,#2050,#2062,.T.);
#2064=ORIENTED_EDGE('',*,*,#2063,.F.);
#2065=CARTESIAN_POINT('',(349.167857239,-99.682120055,-8.));
#2066=DIRECTION('',(-0.995427433,0.095520814,0.));
#2067=VECTOR('',#2066,0.072547941);
#2068=LINE('',#2065,#2067);
#2069=EDGE_CURVE('',#2040,#2058,#2068,.T.);
#2070=ORIENTED_EDGE('',*,*,#2069,.F.);
#2071=EDGE_LOOP('',(#2048,#2056,#2064,#2070));
#2072=FACE_BOUND('',#2071,.T.);
#2073=ADVANCED_FACE('',(#2072),#2038,.F.);
#2074=CARTESIAN_POINT('',(350.556855076,-99.674809537,-8.));
#2075=DIRECTION('',(-0.005263087,0.99998615,0.));
#2076=DIRECTION('',(-0.99998615,-0.005263087,0.));
#2077=AXIS2_PLACEMENT_3D('',#2074,#2075,#2076);
#2078=PLANE('',#2077);
#2079=CARTESIAN_POINT('',(351.945852913,-99.66749902,-8.));
#2080=VERTEX_POINT('',#2079);
#2081=CARTESIAN_POINT('',(351.945852913,-99.66749902,-6.8));
#2082=VERTEX_POINT('',#2081);
#2083=CARTESIAN_POINT('',(351.945852913,-99.66749902,-8.));
#2084=DIRECTION('',(0.,0.,1.));
#2085=VECTOR('',#2084,1.2);
#2086=LINE('',#2083,#2085);
#2087=EDGE_CURVE('',#2080,#2082,#2086,.T.);
#2088=ORIENTED_EDGE('',*,*,#2087,.T.);
#2089=CARTESIAN_POINT('',(351.945852913,-99.66749902,-6.8));
#2090=DIRECTION('',(-0.99998615,-0.005263087,0.));
#2091=VECTOR('',#2090,2.77803415);
#2092=LINE('',#2089,#2091);
#2093=EDGE_CURVE('',#2082,#2042,#2092,.T.);
#2094=ORIENTED_EDGE('',*,*,#2093,.T.);
#2095=ORIENTED_EDGE('',*,*,#2047,.F.);
#2096=CARTESIAN_POINT('',(351.945852913,-99.66749902,-8.));
#2097=DIRECTION('',(-0.99998615,-0.005263087,0.));
#2098=VECTOR('',#2097,2.77803415);
#2099=LINE('',#2096,#2098);
#2100=EDGE_CURVE('',#2080,#2040,#2099,.T.);
#2101=ORIENTED_EDGE('',*,*,#2100,.F.);
#2102=EDGE_LOOP('',(#2088,#2094,#2095,#2101));
#2103=FACE_BOUND('',#2102,.T.);
#2104=ADVANCED_FACE('',(#2103),#2078,.F.);
#2105=CARTESIAN_POINT('',(359.354475869,-99.66749902,-8.));
#2106=DIRECTION('',(0.,1.,0.));
#2107=DIRECTION('',(0.,0.,1.));
#2108=AXIS2_PLACEMENT_3D('',#2105,#2106,#2107);
#2109=PLANE('',#2108);
#2110=CARTESIAN_POINT('',(366.763093771,-99.667808947,-6.8));
#2111=VERTEX_POINT('',#2110);
#2112=CARTESIAN_POINT('',(366.763098825,-99.66749902,-6.8));
#2113=DIRECTION('',(-1.,-0.,0.));
#2114=VECTOR('',#2113,14.817245912);
#2115=LINE('',#2112,#2114);
#2116=EDGE_CURVE('',#2111,#2082,#2115,.T.);
#2117=ORIENTED_EDGE('',*,*,#2116,.T.);
#2118=ORIENTED_EDGE('',*,*,#2087,.F.);
#2119=CARTESIAN_POINT('',(366.763098825,-99.66749902,-8.));
#2120=VERTEX_POINT('',#2119);
#2121=CARTESIAN_POINT('',(366.763098825,-99.66749902,-8.));
#2122=DIRECTION('',(-1.,0.,0.));
#2123=VECTOR('',#2122,14.817245912);
#2124=LINE('',#2121,#2123);
#2125=EDGE_CURVE('',#2120,#2080,#2124,.T.);
#2126=ORIENTED_EDGE('',*,*,#2125,.F.);
#2127=CARTESIAN_POINT('',(366.763098825,-99.66749902,-8.));
#2128=DIRECTION('',(0.,0.,1.));
#2129=VECTOR('',#2128,1.2);
#2130=LINE('',#2127,#2129);
#2131=EDGE_CURVE('',#2120,#2111,#2130,.T.);
#2132=ORIENTED_EDGE('',*,*,#2131,.T.);
#2133=EDGE_LOOP('',(#2117,#2118,#2126,#2132));
#2134=FACE_BOUND('',#2133,.T.);
#2135=ADVANCED_FACE('',(#2134),#2109,.F.);
#2136=CARTESIAN_POINT('',(366.687238072,-104.291876831,-8.));
#2137=DIRECTION('',(0.,0.,1.));
#2138=DIRECTION('',(1.,0.,-0.));
#2139=AXIS2_PLACEMENT_3D('',#2136,#2137,#2138);
#2140=CYLINDRICAL_SURFACE('',#2139,4.625);
#2141=CARTESIAN_POINT('',(371.312238,-104.292691846,-8.));
#2142=VERTEX_POINT('',#2141);
#2143=CARTESIAN_POINT('',(371.312238,-104.292595656,-6.8));
#2144=VERTEX_POINT('',#2143);
#2145=CARTESIAN_POINT('',(371.312238,-104.292691846,-8.));
#2146=DIRECTION('',(0.,0.,1.));
#2147=VECTOR('',#2146,1.2);
#2148=LINE('',#2145,#2147);
#2149=EDGE_CURVE('',#2142,#2144,#2148,.T.);
#2150=ORIENTED_EDGE('',*,*,#2149,.T.);
#2151=CARTESIAN_POINT('',(371.31223803,-104.292499465,-6.8));
#2152=CARTESIAN_POINT('',(371.312258194,-104.142714227,-6.8));
#2153=CARTESIAN_POINT('',(371.304996224,-103.992928231,-6.8));
#2154=CARTESIAN_POINT('',(371.290486345,-103.843847443,-6.8));
#2155=CARTESIAN_POINT('',(371.275976466,-103.694766655,-6.8));
#2156=CARTESIAN_POINT('',(371.254218723,-103.546391518,-6.8));
#2157=CARTESIAN_POINT('',(371.225315661,-103.399421347,-6.8));
#2158=CARTESIAN_POINT('',(371.1964126,-103.252451177,-6.8));
#2159=CARTESIAN_POINT('',(371.160364307,-103.10688641,-6.8));
#2160=CARTESIAN_POINT('',(371.117340684,-102.963413117,-6.8));
#2161=CARTESIAN_POINT('',(371.074317062,-102.819939824,-6.8));
#2162=CARTESIAN_POINT('',(371.024318237,-102.678558431,-6.8));
#2163=CARTESIAN_POINT('',(370.967579862,-102.539935291,-6.8));
#2164=CARTESIAN_POINT('',(370.910841487,-102.401312152,-6.8));
#2165=CARTESIAN_POINT('',(370.847363731,-102.265447678,-6.8));
#2166=CARTESIAN_POINT('',(370.777445775,-102.132982221,-6.8));
#2167=CARTESIAN_POINT('',(370.70752782,-102.000516763,-6.8));
#2168=CARTESIAN_POINT('',(370.631169871,-101.871450716,-6.8));
#2169=CARTESIAN_POINT('',(370.548731818,-101.746392388,-6.8));
#2170=CARTESIAN_POINT('',(370.466293765,-101.621334061,-6.8));
#2171=CARTESIAN_POINT('',(370.377775851,-101.500283824,-6.8));
#2172=CARTESIAN_POINT('',(370.283595277,-101.383812208,-6.8));
#2173=CARTESIAN_POINT('',(370.189414703,-101.267340592,-6.8));
#2174=CARTESIAN_POINT('',(370.089571747,-101.155447942,-6.8));
#2175=CARTESIAN_POINT('',(369.984536987,-101.048661627,-6.8));
#2176=CARTESIAN_POINT('',(369.879502227,-100.941875312,-6.8));
#2177=CARTESIAN_POINT('',(369.769275974,-100.840195648,-6.8));
#2178=CARTESIAN_POINT('',(369.654377742,-100.74410187,-6.8));
#2179=CARTESIAN_POINT('',(369.53947951,-100.648008091,-6.8));
#2180=CARTESIAN_POINT('',(369.419909641,-100.557500483,-6.8));
#2181=CARTESIAN_POINT('',(369.296231687,-100.473005622,-6.8));
#2182=CARTESIAN_POINT('',(369.172553733,-100.38851076,-6.8));
#2183=CARTESIAN_POINT('',(369.044768061,-100.310028897,-6.8));
#2184=CARTESIAN_POINT('',(368.913476946,-100.23792993,-6.8));
#2185=CARTESIAN_POINT('',(368.782185831,-100.165830963,-6.8));
#2186=CARTESIAN_POINT('',(368.647389662,-100.100115106,-6.8));
#2187=CARTESIAN_POINT('',(368.509723757,-100.041092089,-6.8));
#2188=CARTESIAN_POINT('',(368.372057853,-99.982069072,-6.8));
#2189=CARTESIAN_POINT('',(368.23152262,-99.92973907,-6.8));
#2190=CARTESIAN_POINT('',(368.088780424,-99.884348722,-6.8));
#2191=CARTESIAN_POINT('',(367.946038229,-99.838958375,-6.8));
#2192=CARTESIAN_POINT('',(367.801089495,-99.800507817,-6.8));
#2193=CARTESIAN_POINT('',(367.65461739,-99.769178273,-6.8));
#2194=CARTESIAN_POINT('',(367.508145285,-99.737848728,-6.8));
#2195=CARTESIAN_POINT('',(367.360150244,-99.71364029,-6.8));
#2196=CARTESIAN_POINT('',(367.21132979,-99.696667057,-6.8));
#2197=CARTESIAN_POINT('',(367.062509337,-99.679693824,-6.8));
#2198=CARTESIAN_POINT('',(366.912863914,-99.669955846,-6.8));
#2199=CARTESIAN_POINT('',(366.763098825,-99.66749902,-6.8));
#2200=B_SPLINE_CURVE_WITH_KNOTS('',3,(#2151,#2152,#2153,#2154,#2155,#2156,#2157,#2158,#2159,#2160,#2161,#2162,#2163,#2164,#2165,#2166,#2167,#2168,#2169,#2170,#2171,#2172,#2173,#2174,#2175,#2176,
#2177,#2178,#2179,#2180,#2181,#2182,#2183,#2184,#2185,#2186,#2187,#2188,#2189,#2190,#2191,#2192,#2193,#2194,#2195,#2196,#2197,#2198,#2199),.UNSPECIFIED.,.F.,.F.,(4,3,3,3,3,3,3,3,3,3,3,3,3,3,3,3,4),(0.,0.0625,0.125,0.1875,0.25,0.3125,0.375,0.4375,0.5,0.5625,0.625,0.6875,0.75,0.8125,0.875,0.9375,1.),.UNSPECIFIED.);
#2201=EDGE_CURVE('',#2144,#2111,#2200,.T.);
#2202=ORIENTED_EDGE('',*,*,#2201,.T.);
#2203=ORIENTED_EDGE('',*,*,#2131,.F.);
#2204=CARTESIAN_POINT('',(366.687238072,-104.291876831,-8.));
#2205=DIRECTION('',(0.,0.,1.));
#2206=DIRECTION('',(0.999999984,-0.000176219,0.));
#2207=AXIS2_PLACEMENT_3D('',#2204,#2205,#2206);
#2208=CIRCLE('',#2207,4.625);
#2209=EDGE_CURVE('',#2142,#2120,#2208,.T.);
#2210=ORIENTED_EDGE('',*,*,#2209,.F.);
#2211=EDGE_LOOP('',(#2150,#2202,#2203,#2210));
#2212=FACE_BOUND('',#2211,.T.);
#2213=ADVANCED_FACE('',(#2212),#2140,.F.);
#2214=CARTESIAN_POINT('',(371.312238,-131.002595923,-8.));
#2215=DIRECTION('',(1.,0.,0.));
#2216=DIRECTION('',(0.,0.,-1.));
#2217=AXIS2_PLACEMENT_3D('',#2214,#2215,#2216);
#2218=PLANE('',#2217);
#2219=CARTESIAN_POINT('',(371.312238,-157.7125,-8.));
#2220=VERTEX_POINT('',#2219);
#2221=CARTESIAN_POINT('',(371.312238,-157.7125,-6.8));
#2222=VERTEX_POINT('',#2221);
#2223=CARTESIAN_POINT('',(371.312238,-157.7125,-8.));
#2224=DIRECTION('',(0.,0.,1.));
#2225=VECTOR('',#2224,1.2);
#2226=LINE('',#2223,#2225);
#2227=EDGE_CURVE('',#2220,#2222,#2226,.T.);
#2228=ORIENTED_EDGE('',*,*,#2227,.T.);
#2229=CARTESIAN_POINT('',(371.312238,-157.712500716,-6.8));
#2230=DIRECTION('',(0.,1.,0.));
#2231=VECTOR('',#2230,53.42000125);
#2232=LINE('',#2229,#2231);
#2233=EDGE_CURVE('',#2222,#2144,#2232,.T.);
#2234=ORIENTED_EDGE('',*,*,#2233,.T.);
#2235=ORIENTED_EDGE('',*,*,#2149,.F.);
#2236=CARTESIAN_POINT('',(371.312238,-157.7125,-8.));
#2237=DIRECTION('',(0.,1.,0.));
#2238=VECTOR('',#2237,53.419808154);
#2239=LINE('',#2236,#2238);
#2240=EDGE_CURVE('',#2220,#2142,#2239,.T.);
#2241=ORIENTED_EDGE('',*,*,#2240,.F.);
#2242=EDGE_LOOP('',(#2228,#2234,#2235,#2241));
#2243=FACE_BOUND('',#2242,.T.);
#2244=ADVANCED_FACE('',(#2243),#2218,.F.);
#2245=CARTESIAN_POINT('',(366.687239,-157.7125,-8.));
#2246=DIRECTION('',(0.,0.,1.));
#2247=DIRECTION('',(1.,0.,-0.));
#2248=AXIS2_PLACEMENT_3D('',#2245,#2246,#2247);
#2249=CYLINDRICAL_SURFACE('',#2248,4.624999);
#2250=ORIENTED_EDGE('',*,*,#48,.T.);
#2251=CARTESIAN_POINT('',(366.687239,-157.7125,-6.8));
#2252=DIRECTION('',(0.,0.,1.));
#2253=DIRECTION('',(1.,0.,-0.));
#2254=AXIS2_PLACEMENT_3D('',#2251,#2252,#2253);
#2255=CIRCLE('',#2254,4.624999);
#2256=EDGE_CURVE('',#35,#2222,#2255,.T.);
#2257=ORIENTED_EDGE('',*,*,#2256,.T.);
#2258=ORIENTED_EDGE('',*,*,#2227,.F.);
#2259=CARTESIAN_POINT('',(366.687239,-157.7125,-8.));
#2260=DIRECTION('',(0.,0.,1.));
#2261=DIRECTION('',(0.,-1.,0.));
#2262=AXIS2_PLACEMENT_3D('',#2259,#2260,#2261);
#2263=CIRCLE('',#2262,4.624999);
#2264=EDGE_CURVE('',#43,#2220,#2263,.T.);
#2265=ORIENTED_EDGE('',*,*,#2264,.F.);
#2266=EDGE_LOOP('',(#2250,#2257,#2258,#2265));
#2267=FACE_BOUND('',#2266,.T.);
#2268=ADVANCED_FACE('',(#2267),#2249,.F.);
#2269=CARTESIAN_POINT('',(293.949409188,-177.287070342,-8.));
#2270=DIRECTION('',(0.,0.,1.));
#2271=DIRECTION('',(1.,0.,-0.));
#2272=AXIS2_PLACEMENT_3D('',#2269,#2270,#2271);
#2273=CYLINDRICAL_SURFACE('',#2272,4.951215629);
#2274=CARTESIAN_POINT('',(294.052742671,-182.237207552,-8.));
#2275=VERTEX_POINT('',#2274);
#2276=CARTESIAN_POINT('',(294.052742671,-182.237207552,-6.8));
#2277=VERTEX_POINT('',#2276);
#2278=CARTESIAN_POINT('',(294.052742671,-182.237207552,-8.));
#2279=DIRECTION('',(0.,0.,1.));
#2280=VECTOR('',#2279,1.2);
#2281=LINE('',#2278,#2280);
#2282=EDGE_CURVE('',#2275,#2277,#2281,.T.);
#2283=ORIENTED_EDGE('',*,*,#2282,.T.);
#2284=CARTESIAN_POINT('',(293.949409188,-177.287070342,-6.8));
#2285=DIRECTION('',(0.,0.,1.));
#2286=DIRECTION('',(1.,0.,-0.));
#2287=AXIS2_PLACEMENT_3D('',#2284,#2285,#2286);
#2288=CIRCLE('',#2287,4.951215629);
#2289=EDGE_CURVE('',#2277,#106,#2288,.T.);
#2290=ORIENTED_EDGE('',*,*,#2289,.T.);
#2291=ORIENTED_EDGE('',*,*,#126,.F.);
#2292=CARTESIAN_POINT('',(293.949409188,-177.287070342,-8.));
#2293=DIRECTION('',(0.,0.,1.));
#2294=DIRECTION('',(0.020870326,-0.999782191,0.));
#2295=AXIS2_PLACEMENT_3D('',#2292,#2293,#2294);
#2296=CIRCLE('',#2295,4.951215629);
#2297=EDGE_CURVE('',#2275,#115,#2296,.T.);
#2298=ORIENTED_EDGE('',*,*,#2297,.F.);
#2299=EDGE_LOOP('',(#2283,#2290,#2291,#2298));
#2300=FACE_BOUND('',#2299,.T.);
#2301=ADVANCED_FACE('',(#2300),#2273,.F.);
#2302=CARTESIAN_POINT('',(294.041384124,-182.236135991,-8.));
#2303=DIRECTION('',(-0.093922595,-0.995579503,0.));
#2304=DIRECTION('',(0.995579503,-0.093922595,0.));
#2305=AXIS2_PLACEMENT_3D('',#2302,#2303,#2304);
#2306=PLANE('',#2305);
#2307=ORIENTED_EDGE('',*,*,#152,.T.);
#2308=CARTESIAN_POINT('',(294.030025578,-182.23506443,-6.8));
#2309=DIRECTION('',(0.995579503,-0.093922595,0.));
#2310=VECTOR('',#2309,0.022817959);
#2311=LINE('',#2308,#2310);
#2312=EDGE_CURVE('',#139,#2277,#2311,.T.);
#2313=ORIENTED_EDGE('',*,*,#2312,.T.);
#2314=ORIENTED_EDGE('',*,*,#2282,.F.);
#2315=CARTESIAN_POINT('',(294.030025578,-182.23506443,-8.));
#2316=DIRECTION('',(0.995579503,-0.093922595,0.));
#2317=VECTOR('',#2316,0.022817959);
#2318=LINE('',#2315,#2317);
#2319=EDGE_CURVE('',#147,#2275,#2318,.T.);
#2320=ORIENTED_EDGE('',*,*,#2319,.F.);
#2321=EDGE_LOOP('',(#2307,#2313,#2314,#2320));
#2322=FACE_BOUND('',#2321,.T.);
#2323=ADVANCED_FACE('',(#2322),#2306,.F.);
#2324=CARTESIAN_POINT('',(240.111028524,-191.034027416,-8.));
#2325=DIRECTION('',(0.,0.,1.));
#2326=DIRECTION('',(1.,0.,-0.));
#2327=AXIS2_PLACEMENT_3D('',#2324,#2325,#2326);
#2328=CYLINDRICAL_SURFACE('',#2327,4.62499884);
#2329=CARTESIAN_POINT('',(236.065913461,-193.27627147,-8.));
#2330=VERTEX_POINT('',#2329);
#2331=CARTESIAN_POINT('',(236.06590998,-193.276265189,-6.8));
#2332=VERTEX_POINT('',#2331);
#2333=CARTESIAN_POINT('',(236.065913461,-193.27627147,-8.));
#2334=DIRECTION('',(0.,0.,1.));
#2335=VECTOR('',#2334,1.2);
#2336=LINE('',#2333,#2335);
#2337=EDGE_CURVE('',#2330,#2332,#2336,.T.);
#2338=ORIENTED_EDGE('',*,*,#2337,.T.);
#2339=CARTESIAN_POINT('',(240.111028524,-191.034027416,-6.8));
#2340=DIRECTION('',(0.,0.,1.));
#2341=DIRECTION('',(1.,0.,-0.));
#2342=AXIS2_PLACEMENT_3D('',#2339,#2340,#2341);
#2343=CIRCLE('',#2342,4.62499884);
#2344=EDGE_CURVE('',#2332,#210,#2343,.T.);
#2345=ORIENTED_EDGE('',*,*,#2344,.T.);
#2346=ORIENTED_EDGE('',*,*,#230,.F.);
#2347=CARTESIAN_POINT('',(240.111028524,-191.034027416,-8.));
#2348=DIRECTION('',(0.,0.,1.));
#2349=DIRECTION('',(-0.874619692,-0.484809647,0.));
#2350=AXIS2_PLACEMENT_3D('',#2347,#2348,#2349);
#2351=CIRCLE('',#2350,4.62499884);
#2352=EDGE_CURVE('',#2330,#219,#2351,.T.);
#2353=ORIENTED_EDGE('',*,*,#2352,.F.);
#2354=EDGE_LOOP('',(#2338,#2345,#2346,#2353));
#2355=FACE_BOUND('',#2354,.T.);
#2356=ADVANCED_FACE('',(#2355),#2328,.F.);
#2357=CARTESIAN_POINT('',(231.796605427,-185.574236445,-8.));
#2358=DIRECTION('',(-0.874619692,-0.484809647,0.));
#2359=DIRECTION('',(0.484809647,-0.874619692,0.));
#2360=AXIS2_PLACEMENT_3D('',#2357,#2358,#2359);
#2361=PLANE('',#2360);
#2362=CARTESIAN_POINT('',(227.527297393,-177.87220142,-8.));
#2363=VERTEX_POINT('',#2362);
#2364=CARTESIAN_POINT('',(227.527297393,-177.87220142,-6.8));
#2365=VERTEX_POINT('',#2364);
#2366=CARTESIAN_POINT('',(227.527297393,-177.87220142,-8.));
#2367=DIRECTION('',(0.,0.,1.));
#2368=VECTOR('',#2367,1.2);
#2369=LINE('',#2366,#2368);
#2370=EDGE_CURVE('',#2363,#2365,#2369,.T.);
#2371=ORIENTED_EDGE('',*,*,#2370,.T.);
#2372=CARTESIAN_POINT('',(227.527297393,-177.87220142,-6.8));
#2373=DIRECTION('',(0.484809647,-0.874619692,0.));
#2374=VECTOR('',#2373,17.612292086);
#2375=LINE('',#2372,#2374);
#2376=EDGE_CURVE('',#2365,#2332,#2375,.T.);
#2377=ORIENTED_EDGE('',*,*,#2376,.T.);
#2378=ORIENTED_EDGE('',*,*,#2337,.F.);
#2379=CARTESIAN_POINT('',(227.527297393,-177.87220142,-8.));
#2380=DIRECTION('',(0.484809647,-0.874619692,0.));
#2381=VECTOR('',#2380,17.612306449);
#2382=LINE('',#2379,#2381);
#2383=EDGE_CURVE('',#2363,#2330,#2382,.T.);
#2384=ORIENTED_EDGE('',*,*,#2383,.F.);
#2385=EDGE_LOOP('',(#2371,#2377,#2378,#2384));
#2386=FACE_BOUND('',#2385,.T.);
#2387=ADVANCED_FACE('',(#2386),#2361,.F.);
#2388=CARTESIAN_POINT('',(231.693028641,-175.591164173,-8.));
#2389=DIRECTION('',(0.,0.,1.));
#2390=DIRECTION('',(1.,0.,-0.));
#2391=AXIS2_PLACEMENT_3D('',#2388,#2389,#2390);
#2392=CYLINDRICAL_SURFACE('',#2391,4.749362879);
#2393=CARTESIAN_POINT('',(226.945,-175.703733182,-8.));
#2394=VERTEX_POINT('',#2393);
#2395=CARTESIAN_POINT('',(226.945,-175.703733182,-6.8));
#2396=VERTEX_POINT('',#2395);
#2397=CARTESIAN_POINT('',(226.945,-175.703733182,-8.));
#2398=DIRECTION('',(0.,0.,1.));
#2399=VECTOR('',#2398,1.2);
#2400=LINE('',#2397,#2399);
#2401=EDGE_CURVE('',#2394,#2396,#2400,.T.);
#2402=ORIENTED_EDGE('',*,*,#2401,.T.);
#2403=CARTESIAN_POINT('',(231.693028641,-175.591164173,-6.8));
#2404=DIRECTION('',(0.,0.,1.));
#2405=DIRECTION('',(1.,0.,-0.));
#2406=AXIS2_PLACEMENT_3D('',#2403,#2404,#2405);
#2407=CIRCLE('',#2406,4.749362879);
#2408=EDGE_CURVE('',#2396,#2365,#2407,.T.);
#2409=ORIENTED_EDGE('',*,*,#2408,.T.);
#2410=ORIENTED_EDGE('',*,*,#2370,.F.);
#2411=CARTESIAN_POINT('',(231.693028641,-175.591164173,-8.));
#2412=DIRECTION('',(0.,0.,1.));
#2413=DIRECTION('',(-0.99971907,-0.023701918,0.));
#2414=AXIS2_PLACEMENT_3D('',#2411,#2412,#2413);
#2415=CIRCLE('',#2414,4.749362879);
#2416=EDGE_CURVE('',#2394,#2363,#2415,.T.);
#2417=ORIENTED_EDGE('',*,*,#2416,.F.);
#2418=EDGE_LOOP('',(#2402,#2409,#2410,#2417));
#2419=FACE_BOUND('',#2418,.T.);
#2420=ADVANCED_FACE('',(#2419),#2392,.F.);
#2421=CARTESIAN_POINT('',(226.945,-171.970098568,-8.));
#2422=DIRECTION('',(-1.,0.,0.));
#2423=DIRECTION('',(0.,0.,1.));
#2424=AXIS2_PLACEMENT_3D('',#2421,#2422,#2423);
#2425=PLANE('',#2424);
#2426=CARTESIAN_POINT('',(226.945,-168.236463953,-8.));
#2427=VERTEX_POINT('',#2426);
#2428=CARTESIAN_POINT('',(226.945,-168.236463953,-6.8));
#2429=VERTEX_POINT('',#2428);
#2430=CARTESIAN_POINT('',(226.945,-168.236463953,-8.));
#2431=DIRECTION('',(0.,0.,1.));
#2432=VECTOR('',#2431,1.2);
#2433=LINE('',#2430,#2432);
#2434=EDGE_CURVE('',#2427,#2429,#2433,.T.);
#2435=ORIENTED_EDGE('',*,*,#2434,.T.);
#2436=CARTESIAN_POINT('',(226.945,-168.236463953,-6.8));
#2437=DIRECTION('',(0.,-1.,0.));
#2438=VECTOR('',#2437,7.467269229);
#2439=LINE('',#2436,#2438);
#2440=EDGE_CURVE('',#2429,#2396,#2439,.T.);
#2441=ORIENTED_EDGE('',*,*,#2440,.T.);
#2442=ORIENTED_EDGE('',*,*,#2401,.F.);
#2443=CARTESIAN_POINT('',(226.945,-168.236463953,-8.));
#2444=DIRECTION('',(0.,-1.,0.));
#2445=VECTOR('',#2444,7.467269229);
#2446=LINE('',#2443,#2445);
#2447=EDGE_CURVE('',#2427,#2394,#2446,.T.);
#2448=ORIENTED_EDGE('',*,*,#2447,.F.);
#2449=EDGE_LOOP('',(#2435,#2441,#2442,#2448));
#2450=FACE_BOUND('',#2449,.T.);
#2451=ADVANCED_FACE('',(#2450),#2425,.F.);
#2452=CARTESIAN_POINT('',(226.976184999,-145.661481589,-8.));
#2453=DIRECTION('',(-0.999999046,0.001381395,0.));
#2454=DIRECTION('',(-0.001381395,-0.999999046,0.));
#2455=AXIS2_PLACEMENT_3D('',#2452,#2453,#2454);
#2456=PLANE('',#2455);
#2457=CARTESIAN_POINT('',(226.972941278,-148.009627923,-5.8));
#2458=VERTEX_POINT('',#2457);
#2459=CARTESIAN_POINT('',(226.971559882,-149.009627921,-6.8));
#2460=VERTEX_POINT('',#2459);
#2461=CARTESIAN_POINT('',(226.971559882,-149.009627921,-5.8));
#2462=DIRECTION('',(-0.999999046,0.001381395,0.));
#2463=DIRECTION('',(-0.001381395,-0.999999046,0.));
#2464=AXIS2_PLACEMENT_3D('',#2461,#2462,#2463);
#2465=ELLIPSE('',#2464,1.000000952,1.);
#2466=EDGE_CURVE('',#2458,#2460,#2465,.T.);
#2467=ORIENTED_EDGE('',*,*,#2466,.T.);
#2468=CARTESIAN_POINT('',(226.971559882,-149.009627921,-6.8));
#2469=DIRECTION('',(-0.001381395,-0.999999046,0.));
#2470=VECTOR('',#2469,19.226854377);
#2471=LINE('',#2468,#2470);
#2472=EDGE_CURVE('',#2460,#2429,#2471,.T.);
#2473=ORIENTED_EDGE('',*,*,#2472,.T.);
#2474=ORIENTED_EDGE('',*,*,#2434,.F.);
#2475=CARTESIAN_POINT('',(227.007369998,-123.086499225,-8.));
#2476=VERTEX_POINT('',#2475);
#2477=CARTESIAN_POINT('',(227.007369998,-123.086499225,-8.));
#2478=DIRECTION('',(-0.001381395,-0.999999046,0.));
#2479=VECTOR('',#2478,45.150007807);
#2480=LINE('',#2477,#2479);
#2481=EDGE_CURVE('',#2476,#2427,#2480,.T.);
#2482=ORIENTED_EDGE('',*,*,#2481,.F.);
#2483=CARTESIAN_POINT('',(227.007369998,-123.086499225,-6.8));
#2484=VERTEX_POINT('',#2483);
#2485=CARTESIAN_POINT('',(227.007369998,-123.086499225,-8.));
#2486=DIRECTION('',(0.,0.,1.));
#2487=VECTOR('',#2486,1.2);
#2488=LINE('',#2485,#2487);
#2489=EDGE_CURVE('',#2476,#2484,#2488,.T.);
#2490=ORIENTED_EDGE('',*,*,#2489,.T.);
#2491=CARTESIAN_POINT('',(226.99642497,-131.009661865,-6.8));
#2492=VERTEX_POINT('',#2491);
#2493=CARTESIAN_POINT('',(227.007369998,-123.086499225,-6.8));
#2494=DIRECTION('',(-0.001381395,-0.999999046,0.));
#2495=VECTOR('',#2494,7.9231702);
#2496=LINE('',#2493,#2495);
#2497=EDGE_CURVE('',#2484,#2492,#2496,.T.);
#2498=ORIENTED_EDGE('',*,*,#2497,.T.);
#2499=CARTESIAN_POINT('',(226.995043529,-132.009661865,-5.8));
#2500=VERTEX_POINT('',#2499);
#2501=CARTESIAN_POINT('',(226.99642497,-131.009661865,-5.8));
#2502=DIRECTION('',(-0.999999046,0.001381395,0.));
#2503=DIRECTION('',(-0.001381395,-0.999999046,0.));
#2504=AXIS2_PLACEMENT_3D('',#2501,#2502,#2503);
#2505=ELLIPSE('',#2504,1.000000954,1.);
#2506=EDGE_CURVE('',#2492,#2500,#2505,.T.);
#2507=ORIENTED_EDGE('',*,*,#2506,.T.);
#2508=CARTESIAN_POINT('',(226.995043529,-132.009661865,-2.2));
#2509=VERTEX_POINT('',#2508);
#2510=CARTESIAN_POINT('',(226.995043529,-132.009661865,-2.2));
#2511=DIRECTION('',(0.,0.,-1.));
#2512=VECTOR('',#2511,3.6);
#2513=LINE('',#2510,#2512);
#2514=EDGE_CURVE('',#2509,#2500,#2513,.T.);
#2515=ORIENTED_EDGE('',*,*,#2514,.F.);
#2516=CARTESIAN_POINT('',(226.993662177,-133.009661865,-1.2));
#2517=VERTEX_POINT('',#2516);
#2518=CARTESIAN_POINT('',(226.993662177,-133.009661865,-2.2));
#2519=DIRECTION('',(0.999999046,-0.001381395,-0.));
#2520=DIRECTION('',(-0.001381395,-0.999999046,0.));
#2521=AXIS2_PLACEMENT_3D('',#2518,#2519,#2520);
#2522=ELLIPSE('',#2521,1.000000954,1.);
#2523=EDGE_CURVE('',#2509,#2517,#2522,.T.);
#2524=ORIENTED_EDGE('',*,*,#2523,.T.);
#2525=CARTESIAN_POINT('',(226.974322675,-147.009627926,-1.2));
#2526=VERTEX_POINT('',#2525);
#2527=CARTESIAN_POINT('',(226.993662177,-133.009661865,-1.2));
#2528=DIRECTION('',(-0.001381395,-0.999999046,0.));
#2529=VECTOR('',#2528,13.999979418);
#2530=LINE('',#2527,#2529);
#2531=EDGE_CURVE('',#2517,#2526,#2530,.T.);
#2532=ORIENTED_EDGE('',*,*,#2531,.T.);
#2533=CARTESIAN_POINT('',(226.972941278,-148.009627923,-2.2));
#2534=VERTEX_POINT('',#2533);
#2535=CARTESIAN_POINT('',(226.974322675,-147.009627926,-2.2));
#2536=DIRECTION('',(0.999999046,-0.001381395,-0.));
#2537=DIRECTION('',(-0.001381395,-0.999999046,0.));
#2538=AXIS2_PLACEMENT_3D('',#2535,#2536,#2537);
#2539=ELLIPSE('',#2538,1.000000952,1.);
#2540=EDGE_CURVE('',#2526,#2534,#2539,.T.);
#2541=ORIENTED_EDGE('',*,*,#2540,.T.);
#2542=CARTESIAN_POINT('',(226.972941278,-148.009627923,-2.2));
#2543=DIRECTION('',(0.,0.,-1.));
#2544=VECTOR('',#2543,3.6);
#2545=LINE('',#2542,#2544);
#2546=EDGE_CURVE('',#2534,#2458,#2545,.T.);
#2547=ORIENTED_EDGE('',*,*,#2546,.T.);
#2548=EDGE_LOOP('',(#2467,#2473,#2474,#2482,#2490,#2498,#2507,#2515,#2524,#2532,#2541,#2547));
#2549=FACE_BOUND('',#2548,.T.);
#2550=ADVANCED_FACE('',(#2549),#2456,.F.);
#2551=CARTESIAN_POINT('',(227.007370082,-113.698045929,-8.));
#2552=DIRECTION('',(-1.,0.000000009,0.));
#2553=DIRECTION('',(-0.000000009,-1.,0.));
#2554=AXIS2_PLACEMENT_3D('',#2551,#2552,#2553);
#2555=PLANE('',#2554);
#2556=CARTESIAN_POINT('',(227.007370166,-104.309592634,-6.8));
#2557=VERTEX_POINT('',#2556);
#2558=CARTESIAN_POINT('',(227.007370166,-104.312605424,-6.8));
#2559=VERTEX_POINT('',#2558);
#2560=CARTESIAN_POINT('',(231.637468244,-104.312605466,-6.8));
#2561=DIRECTION('',(0.,0.,1.));
#2562=DIRECTION('',(1.,0.,-0.));
#2563=AXIS2_PLACEMENT_3D('',#2560,#2561,#2562);
#2564=CIRCLE('',#2563,4.630098077);
#2565=EDGE_CURVE('',#2557,#2559,#2564,.T.);
#2566=ORIENTED_EDGE('',*,*,#2565,.T.);
#2567=CARTESIAN_POINT('',(227.007370166,-104.312605424,-6.8));
#2568=DIRECTION('',(-0.000000009,-1.,0.));
#2569=VECTOR('',#2568,18.773893801);
#2570=LINE('',#2567,#2569);
#2571=EDGE_CURVE('',#2559,#2484,#2570,.T.);
#2572=ORIENTED_EDGE('',*,*,#2571,.T.);
#2573=ORIENTED_EDGE('',*,*,#2489,.F.);
#2574=CARTESIAN_POINT('',(227.007370166,-104.309592634,-8.));
#2575=VERTEX_POINT('',#2574);
#2576=CARTESIAN_POINT('',(227.007370166,-104.309592634,-8.));
#2577=DIRECTION('',(-0.000000009,-1.,0.));
#2578=VECTOR('',#2577,18.776906591);
#2579=LINE('',#2576,#2578);
#2580=EDGE_CURVE('',#2575,#2476,#2579,.T.);
#2581=ORIENTED_EDGE('',*,*,#2580,.F.);
#2582=CARTESIAN_POINT('',(227.007370166,-104.309592634,-8.));
#2583=DIRECTION('',(0.,0.,1.));
#2584=VECTOR('',#2583,1.2);
#2585=LINE('',#2582,#2584);
#2586=EDGE_CURVE('',#2575,#2557,#2585,.T.);
#2587=ORIENTED_EDGE('',*,*,#2586,.T.);
#2588=EDGE_LOOP('',(#2566,#2572,#2573,#2581,#2587));
#2589=FACE_BOUND('',#2588,.T.);
#2590=ADVANCED_FACE('',(#2589),#2555,.F.);
#2591=CARTESIAN_POINT('',(231.637467264,-104.312604486,-8.));
#2592=DIRECTION('',(0.,0.,1.));
#2593=DIRECTION('',(1.,0.,-0.));
#2594=AXIS2_PLACEMENT_3D('',#2591,#2592,#2593);
#2595=CYLINDRICAL_SURFACE('',#2594,4.630098077);
#2596=CARTESIAN_POINT('',(231.637468182,-99.682506409,-5.8));
#2597=VERTEX_POINT('',#2596);
#2598=CARTESIAN_POINT('',(230.637468212,-99.791784859,-6.8));
#2599=VERTEX_POINT('',#2598);
#2600=CARTESIAN_POINT('',(231.637468182,-99.682507388,-5.8));
#2601=CARTESIAN_POINT('',(231.637468182,-99.682507388,-5.866344147));
#2602=CARTESIAN_POINT('',(231.630931274,-99.68249429,-5.93157553));
#2603=CARTESIAN_POINT('',(231.618124117,-99.682547797,-5.995739461));
#2604=CARTESIAN_POINT('',(231.60531696,-99.682601305,-6.059903391));
#2605=CARTESIAN_POINT('',(231.585923385,-99.682725176,-6.123671738));
#2606=CARTESIAN_POINT('',(231.560625407,-99.683145088,-6.184422604));
#2607=CARTESIAN_POINT('',(231.535327429,-99.683565,-6.245173469));
#2608=CARTESIAN_POINT('',(231.504368039,-99.684276198,-6.302783686));
#2609=CARTESIAN_POINT('',(231.467796282,-99.685617284,-6.35727484));
#2610=CARTESIAN_POINT('',(231.431224525,-99.68695837,-6.411765995));
#2611=CARTESIAN_POINT('',(231.388674007,-99.688962687,-6.46330248));
#2612=CARTESIAN_POINT('',(231.342261292,-99.691927911,-6.509412909));
#2613=CARTESIAN_POINT('',(231.249435861,-99.69785836,-6.601633769));
#2614=CARTESIAN_POINT('',(231.137307249,-99.708006668,-6.6757913));
#2615=CARTESIAN_POINT('',(231.017226286,-99.724238859,-6.725085829));
#2616=CARTESIAN_POINT('',(230.897145323,-99.740471049,-6.774380359));
#2617=CARTESIAN_POINT('',(230.767014515,-99.763130563,-6.8));
#2618=CARTESIAN_POINT('',(230.637468212,-99.791786055,-6.8));
#2619=B_SPLINE_CURVE_WITH_KNOTS('',3,(#2600,#2601,#2602,#2603,#2604,#2605,#2606,#2607,#2608,#2609,#2610,#2611,#2612,#2613,#2614,#2615,#2616,#2617,#2618),.UNSPECIFIED.,.F.,.F.,(4,3,3,3,3,3,4),(0.,0.00019621,0.000392419,0.000588629,0.000784839,0.001177258,0.001569678),.UNSPECIFIED.);
#2620=EDGE_CURVE('',#2597,#2599,#2619,.T.);
#2621=ORIENTED_EDGE('',*,*,#2620,.T.);
#2622=CARTESIAN_POINT('',(231.637468244,-104.312605466,-6.8));
#2623=DIRECTION('',(0.,0.,1.));
#2624=DIRECTION('',(1.,0.,-0.));
#2625=AXIS2_PLACEMENT_3D('',#2622,#2623,#2624);
#2626=CIRCLE('',#2625,4.630098077);
#2627=EDGE_CURVE('',#2599,#2557,#2626,.T.);
#2628=ORIENTED_EDGE('',*,*,#2627,.T.);
#2629=ORIENTED_EDGE('',*,*,#2586,.F.);
#2630=CARTESIAN_POINT('',(231.637467264,-104.312604486,-8.));
#2631=DIRECTION('',(0.,-0.,1.));
#2632=DIRECTION('',(0.000650492,0.999999788,0.));
#2633=AXIS2_PLACEMENT_3D('',#2630,#2631,#2632);
#2634=CIRCLE('',#2633,4.630098077);
#2635=EDGE_CURVE('',#825,#2575,#2634,.T.);
#2636=ORIENTED_EDGE('',*,*,#2635,.F.);
#2637=ORIENTED_EDGE('',*,*,#830,.T.);
#2638=CARTESIAN_POINT('',(231.637468182,-99.682506409,-2.2));
#2639=VERTEX_POINT('',#2638);
#2640=CARTESIAN_POINT('',(231.640479107,-99.682507388,-2.121387059));
#2641=CARTESIAN_POINT('',(231.639475466,-99.682506735,-2.147591373));
#2642=CARTESIAN_POINT('',(231.638471824,-99.682506409,-2.173795686));
#2643=CARTESIAN_POINT('',(231.637468182,-99.682506409,-2.2));
#2644=B_SPLINE_CURVE_WITH_KNOTS('',3,(#2640,#2641,#2642,#2643),.UNSPECIFIED.,.F.,.F.,(4,4),(0.,1.),.UNSPECIFIED.);
#2645=EDGE_CURVE('',#811,#2639,#2644,.T.);
#2646=ORIENTED_EDGE('',*,*,#2645,.T.);
#2647=CARTESIAN_POINT('',(231.637468244,-99.682507388,-5.8));
#2648=DIRECTION('',(0.,0.,1.));
#2649=VECTOR('',#2648,3.6);
#2650=LINE('',#2647,#2649);
#2651=EDGE_CURVE('',#2597,#2639,#2650,.T.);
#2652=ORIENTED_EDGE('',*,*,#2651,.F.);
#2653=EDGE_LOOP('',(#2621,#2628,#2629,#2636,#2637,#2646,#2652));
#2654=FACE_BOUND('',#2653,.T.);
#2655=ADVANCED_FACE('',(#2654),#2595,.F.);
#2656=CARTESIAN_POINT('',(271.298772763,-97.999633675,-8.));
#2657=DIRECTION('',(-0.858089183,0.513500685,0.));
#2658=DIRECTION('',(-0.513500685,-0.858089183,0.));
#2659=AXIS2_PLACEMENT_3D('',#2656,#2657,#2658);
#2660=PLANE('',#2659);
#2661=ORIENTED_EDGE('',*,*,#341,.T.);
#2662=CARTESIAN_POINT('',(271.792488947,-97.17460553,-6.8));
#2663=DIRECTION('',(-0.513500685,-0.858089183,0.));
#2664=VECTOR('',#2663,1.922942653);
#2665=LINE('',#2662,#2664);
#2666=EDGE_CURVE('',#327,#243,#2665,.T.);
#2667=ORIENTED_EDGE('',*,*,#2666,.T.);
#2668=ORIENTED_EDGE('',*,*,#248,.F.);
#2669=CARTESIAN_POINT('',(271.792488947,-97.17460553,-8.));
#2670=DIRECTION('',(-0.513500685,-0.858089183,0.));
#2671=VECTOR('',#2670,1.922942653);
#2672=LINE('',#2669,#2671);
#2673=EDGE_CURVE('',#336,#241,#2672,.T.);
#2674=ORIENTED_EDGE('',*,*,#2673,.F.);
#2675=EDGE_LOOP('',(#2661,#2667,#2668,#2674));
#2676=FACE_BOUND('',#2675,.T.);
#2677=ADVANCED_FACE('',(#2676),#2660,.F.);
#2678=CARTESIAN_POINT('',(282.282837199,-94.920008388,-8.));
#2679=DIRECTION('',(0.,1.,0.));
#2680=DIRECTION('',(0.,0.,1.));
#2681=AXIS2_PLACEMENT_3D('',#2678,#2679,#2680);
#2682=PLANE('',#2681);
#2683=CARTESIAN_POINT('',(288.796515036,-94.919979167,-6.8));
#2684=VERTEX_POINT('',#2683);
#2685=CARTESIAN_POINT('',(275.76915915,-94.920008388,-6.8));
#2686=DIRECTION('',(1.,0.,-0.));
#2687=VECTOR('',#2686,13.027355651);
#2688=LINE('',#2685,#2687);
#2689=EDGE_CURVE('',#302,#2684,#2688,.T.);
#2690=ORIENTED_EDGE('',*,*,#2689,.F.);
#2691=ORIENTED_EDGE('',*,*,#307,.F.);
#2692=CARTESIAN_POINT('',(288.796515248,-94.920008388,-8.));
#2693=VERTEX_POINT('',#2692);
#2694=CARTESIAN_POINT('',(288.796515248,-94.920008388,-8.));
#2695=DIRECTION('',(-1.,0.,0.));
#2696=VECTOR('',#2695,13.027356098);
#2697=LINE('',#2694,#2696);
#2698=EDGE_CURVE('',#2693,#300,#2697,.T.);
#2699=ORIENTED_EDGE('',*,*,#2698,.F.);
#2700=CARTESIAN_POINT('',(288.796515248,-94.920008388,-8.));
#2701=DIRECTION('',(0.,0.,1.));
#2702=VECTOR('',#2701,1.2);
#2703=LINE('',#2700,#2702);
#2704=EDGE_CURVE('',#2693,#2684,#2703,.T.);
#2705=ORIENTED_EDGE('',*,*,#2704,.T.);
#2706=EDGE_LOOP('',(#2690,#2691,#2699,#2705));
#2707=FACE_BOUND('',#2706,.T.);
#2708=ADVANCED_FACE('',(#2707),#2682,.F.);
#2709=CARTESIAN_POINT('',(288.781811788,-93.097877967,-8.));
#2710=DIRECTION('',(0.,0.,1.));
#2711=DIRECTION('',(1.,0.,-0.));
#2712=AXIS2_PLACEMENT_3D('',#2709,#2710,#2711);
#2713=CYLINDRICAL_SURFACE('',#2712,1.822189744);
#2714=CARTESIAN_POINT('',(288.781811788,-93.097877967,-6.8));
#2715=DIRECTION('',(0.,0.,1.));
#2716=DIRECTION('',(1.,0.,-0.));
#2717=AXIS2_PLACEMENT_3D('',#2714,#2715,#2716);
#2718=CIRCLE('',#2717,1.822189744);
#2719=EDGE_CURVE('',#2684,#359,#2718,.T.);
#2720=ORIENTED_EDGE('',*,*,#2719,.F.);
#2721=ORIENTED_EDGE('',*,*,#2704,.F.);
#2722=CARTESIAN_POINT('',(288.781811788,-93.097877967,-8.));
#2723=DIRECTION('',(0.,0.,1.));
#2724=DIRECTION('',(0.008069116,-0.999967444,0.));
#2725=AXIS2_PLACEMENT_3D('',#2722,#2723,#2724);
#2726=CIRCLE('',#2725,1.822189744);
#2727=EDGE_CURVE('',#2693,#369,#2726,.T.);
#2728=ORIENTED_EDGE('',*,*,#2727,.T.);
#2729=ORIENTED_EDGE('',*,*,#374,.T.);
#2730=EDGE_LOOP('',(#2720,#2721,#2728,#2729));
#2731=FACE_BOUND('',#2730,.T.);
#2732=ADVANCED_FACE('',(#2731),#2713,.T.);
#2733=CARTESIAN_POINT('',(296.163075193,-94.763647561,-8.));
#2734=DIRECTION('',(0.,0.,1.));
#2735=DIRECTION('',(1.,0.,-0.));
#2736=AXIS2_PLACEMENT_3D('',#2733,#2734,#2735);
#2737=CYLINDRICAL_SURFACE('',#2736,4.622931552);
#2738=CARTESIAN_POINT('',(296.106285724,-90.141064831,-8.));
#2739=VERTEX_POINT('',#2738);
#2740=CARTESIAN_POINT('',(296.106285724,-90.141064831,-6.8));
#2741=VERTEX_POINT('',#2740);
#2742=CARTESIAN_POINT('',(296.106285724,-90.141064831,-8.));
#2743=DIRECTION('',(0.,0.,1.));
#2744=VECTOR('',#2743,1.2);
#2745=LINE('',#2742,#2744);
#2746=EDGE_CURVE('',#2739,#2741,#2745,.T.);
#2747=ORIENTED_EDGE('',*,*,#2746,.T.);
#2748=CARTESIAN_POINT('',(296.16307527,-94.763647666,-6.8));
#2749=DIRECTION('',(0.,0.,1.));
#2750=DIRECTION('',(1.,0.,-0.));
#2751=AXIS2_PLACEMENT_3D('',#2748,#2749,#2750);
#2752=CIRCLE('',#2751,4.622931552);
#2753=EDGE_CURVE('',#2741,#361,#2752,.T.);
#2754=ORIENTED_EDGE('',*,*,#2753,.T.);
#2755=ORIENTED_EDGE('',*,*,#388,.F.);
#2756=CARTESIAN_POINT('',(296.163075193,-94.763647561,-8.));
#2757=DIRECTION('',(0.,0.,1.));
#2758=DIRECTION('',(-0.012284298,0.999924545,0.));
#2759=AXIS2_PLACEMENT_3D('',#2756,#2757,#2758);
#2760=CIRCLE('',#2759,4.622931552);
#2761=EDGE_CURVE('',#2739,#377,#2760,.T.);
#2762=ORIENTED_EDGE('',*,*,#2761,.F.);
#2763=EDGE_LOOP('',(#2747,#2754,#2755,#2762));
#2764=FACE_BOUND('',#2763,.T.);
#2765=ADVANCED_FACE('',(#2764),#2737,.F.);
#2766=CARTESIAN_POINT('',(301.948004274,-90.068043393,-8.));
#2767=DIRECTION('',(-0.012499016,0.999921884,0.));
#2768=DIRECTION('',(-0.999921884,-0.012499016,0.));
#2769=AXIS2_PLACEMENT_3D('',#2766,#2767,#2768);
#2770=PLANE('',#2769);
#2771=CARTESIAN_POINT('',(307.789717397,-89.995402793,-6.8));
#2772=VERTEX_POINT('',#2771);
#2773=CARTESIAN_POINT('',(307.789722825,-89.995021954,-6.8));
#2774=DIRECTION('',(-0.999921884,-0.012499016,0.));
#2775=VECTOR('',#2774,11.684349833);
#2776=LINE('',#2773,#2775);
#2777=EDGE_CURVE('',#2772,#2741,#2776,.T.);
#2778=ORIENTED_EDGE('',*,*,#2777,.T.);
#2779=ORIENTED_EDGE('',*,*,#2746,.F.);
#2780=CARTESIAN_POINT('',(307.789722825,-89.995021954,-8.));
#2781=VERTEX_POINT('',#2780);
#2782=CARTESIAN_POINT('',(307.789722825,-89.995021954,-8.));
#2783=DIRECTION('',(-0.999921884,-0.012499016,0.));
#2784=VECTOR('',#2783,11.684349833);
#2785=LINE('',#2782,#2784);
#2786=EDGE_CURVE('',#2781,#2739,#2785,.T.);
#2787=ORIENTED_EDGE('',*,*,#2786,.F.);
#2788=CARTESIAN_POINT('',(307.789722825,-89.995021954,-8.));
#2789=DIRECTION('',(0.,0.,1.));
#2790=VECTOR('',#2789,1.2);
#2791=LINE('',#2788,#2790);
#2792=EDGE_CURVE('',#2781,#2772,#2791,.T.);
#2793=ORIENTED_EDGE('',*,*,#2792,.T.);
#2794=EDGE_LOOP('',(#2778,#2779,#2787,#2793));
#2795=FACE_BOUND('',#2794,.T.);
#2796=ADVANCED_FACE('',(#2795),#2770,.F.);
#2797=CARTESIAN_POINT('',(307.764313598,-94.781355086,-8.));
#2798=DIRECTION('',(0.,0.,1.));
#2799=DIRECTION('',(1.,0.,-0.));
#2800=AXIS2_PLACEMENT_3D('',#2797,#2798,#2799);
#2801=CYLINDRICAL_SURFACE('',#2800,4.786400576);
#2802=ORIENTED_EDGE('',*,*,#414,.T.);
#2803=CARTESIAN_POINT('',(307.764313598,-94.781355086,-6.8));
#2804=DIRECTION('',(0.,0.,1.));
#2805=DIRECTION('',(1.,0.,-0.));
#2806=AXIS2_PLACEMENT_3D('',#2803,#2804,#2805);
#2807=CIRCLE('',#2806,4.786400576);
#2808=EDGE_CURVE('',#399,#2772,#2807,.T.);
#2809=ORIENTED_EDGE('',*,*,#2808,.T.);
#2810=ORIENTED_EDGE('',*,*,#2792,.F.);
#2811=CARTESIAN_POINT('',(307.764313598,-94.781355086,-8.));
#2812=DIRECTION('',(0.,-0.,1.));
#2813=DIRECTION('',(0.716012446,0.698087514,0.));
#2814=AXIS2_PLACEMENT_3D('',#2811,#2812,#2813);
#2815=CIRCLE('',#2814,4.786400576);
#2816=EDGE_CURVE('',#409,#2781,#2815,.T.);
#2817=ORIENTED_EDGE('',*,*,#2816,.F.);
#2818=EDGE_LOOP('',(#2802,#2809,#2810,#2817));
#2819=FACE_BOUND('',#2818,.T.);
#2820=ADVANCED_FACE('',(#2819),#2801,.F.);
#2821=CARTESIAN_POINT('',(315.284339409,-93.025278914,-8.));
#2822=DIRECTION('',(0.,0.,1.));
#2823=DIRECTION('',(1.,0.,-0.));
#2824=AXIS2_PLACEMENT_3D('',#2821,#2822,#2823);
#2825=CYLINDRICAL_SURFACE('',#2824,1.895121804);
#2826=CARTESIAN_POINT('',(315.284339409,-93.025278914,-6.8));
#2827=DIRECTION('',(0.,0.,1.));
#2828=DIRECTION('',(1.,0.,-0.));
#2829=AXIS2_PLACEMENT_3D('',#2826,#2827,#2828);
#2830=CIRCLE('',#2829,1.895121804);
#2831=EDGE_CURVE('',#401,#449,#2830,.T.);
#2832=ORIENTED_EDGE('',*,*,#2831,.F.);
#2833=ORIENTED_EDGE('',*,*,#428,.F.);
#2834=CARTESIAN_POINT('',(315.284339409,-93.025278914,-8.));
#2835=DIRECTION('',(0.,0.,1.));
#2836=DIRECTION('',(-0.714200225,-0.699941454,0.));
#2837=AXIS2_PLACEMENT_3D('',#2834,#2835,#2836);
#2838=CIRCLE('',#2837,1.895121804);
#2839=EDGE_CURVE('',#417,#457,#2838,.T.);
#2840=ORIENTED_EDGE('',*,*,#2839,.T.);
#2841=ORIENTED_EDGE('',*,*,#462,.T.);
#2842=EDGE_LOOP('',(#2832,#2833,#2840,#2841));
#2843=FACE_BOUND('',#2842,.T.);
#2844=ADVANCED_FACE('',(#2843),#2825,.T.);
#2845=CARTESIAN_POINT('',(332.700472819,-97.999691417,-8.));
#2846=DIRECTION('',(0.858088588,0.51350168,0.));
#2847=DIRECTION('',(-0.51350168,0.858088588,0.));
#2848=AXIS2_PLACEMENT_3D('',#2845,#2846,#2847);
#2849=PLANE('',#2848);
#2850=ORIENTED_EDGE('',*,*,#570,.T.);
#2851=CARTESIAN_POINT('',(333.194229819,-98.824785595,-6.8));
#2852=DIRECTION('',(-0.51350168,0.858088588,0.));
#2853=VECTOR('',#2852,1.923097893);
#2854=LINE('',#2851,#2853);
#2855=EDGE_CURVE('',#556,#481,#2854,.T.);
#2856=ORIENTED_EDGE('',*,*,#2855,.T.);
#2857=ORIENTED_EDGE('',*,*,#486,.F.);
#2858=CARTESIAN_POINT('',(333.194229819,-98.824785595,-8.));
#2859=DIRECTION('',(-0.51350168,0.858088588,0.));
#2860=VECTOR('',#2859,1.923097893);
#2861=LINE('',#2858,#2860);
#2862=EDGE_CURVE('',#565,#479,#2861,.T.);
#2863=ORIENTED_EDGE('',*,*,#2862,.F.);
#2864=EDGE_LOOP('',(#2850,#2856,#2857,#2863));
#2865=FACE_BOUND('',#2864,.T.);
#2866=ADVANCED_FACE('',(#2865),#2849,.F.);
#2867=CARTESIAN_POINT('',(341.865358737,-99.682499369,-8.));
#2868=DIRECTION('',(0.,1.,0.));
#2869=DIRECTION('',(0.,0.,1.));
#2870=AXIS2_PLACEMENT_3D('',#2867,#2868,#2869);
#2871=PLANE('',#2870);
#2872=CARTESIAN_POINT('',(349.02364587,-99.682499369,-8.));
#2873=VERTEX_POINT('',#2872);
#2874=CARTESIAN_POINT('',(349.02364587,-99.682499369,-6.8));
#2875=VERTEX_POINT('',#2874);
#2876=CARTESIAN_POINT('',(349.02364587,-99.682499369,-8.));
#2877=DIRECTION('',(0.,0.,1.));
#2878=VECTOR('',#2877,1.2);
#2879=LINE('',#2876,#2878);
#2880=EDGE_CURVE('',#2873,#2875,#2879,.T.);
#2881=ORIENTED_EDGE('',*,*,#2880,.T.);
#2882=CARTESIAN_POINT('',(349.02364587,-99.682499369,-6.8));
#2883=DIRECTION('',(-1.,-0.,0.));
#2884=VECTOR('',#2883,14.316574266);
#2885=LINE('',#2882,#2884);
#2886=EDGE_CURVE('',#2875,#531,#2885,.T.);
#2887=ORIENTED_EDGE('',*,*,#2886,.T.);
#2888=ORIENTED_EDGE('',*,*,#536,.F.);
#2889=CARTESIAN_POINT('',(349.02364587,-99.682499369,-8.));
#2890=DIRECTION('',(-1.,0.,0.));
#2891=VECTOR('',#2890,14.316574266);
#2892=LINE('',#2889,#2891);
#2893=EDGE_CURVE('',#2873,#529,#2892,.T.);
#2894=ORIENTED_EDGE('',*,*,#2893,.F.);
#2895=EDGE_LOOP('',(#2881,#2887,#2888,#2894));
#2896=FACE_BOUND('',#2895,.T.);
#2897=ADVANCED_FACE('',(#2896),#2871,.F.);
#2898=CARTESIAN_POINT('',(349.059643449,-99.678844793,-8.));
#2899=DIRECTION('',(-0.10100366,0.994886054,0.));
#2900=DIRECTION('',(-0.994886054,-0.10100366,0.));
#2901=AXIS2_PLACEMENT_3D('',#2898,#2899,#2900);
#2902=PLANE('',#2901);
#2903=ORIENTED_EDGE('',*,*,#2063,.T.);
#2904=CARTESIAN_POINT('',(349.095641029,-99.675190216,-6.8));
#2905=DIRECTION('',(-0.994886054,-0.10100366,0.));
#2906=VECTOR('',#2905,0.072365231);
#2907=LINE('',#2904,#2906);
#2908=EDGE_CURVE('',#2050,#2875,#2907,.T.);
#2909=ORIENTED_EDGE('',*,*,#2908,.T.);
#2910=ORIENTED_EDGE('',*,*,#2880,.F.);
#2911=CARTESIAN_POINT('',(349.095641029,-99.675190216,-8.));
#2912=DIRECTION('',(-0.994886054,-0.10100366,0.));
#2913=VECTOR('',#2912,0.072365231);
#2914=LINE('',#2911,#2913);
#2915=EDGE_CURVE('',#2058,#2873,#2914,.T.);
#2916=ORIENTED_EDGE('',*,*,#2915,.F.);
#2917=EDGE_LOOP('',(#2903,#2909,#2910,#2916));
#2918=FACE_BOUND('',#2917,.T.);
#2919=ADVANCED_FACE('',(#2918),#2902,.F.);
#2920=CARTESIAN_POINT('',(366.687238,-104.292501278,-8.));
#2921=DIRECTION('',(0.,0.,1.));
#2922=DIRECTION('',(1.,0.,-0.));
#2923=AXIS2_PLACEMENT_3D('',#2920,#2921,#2922);
#2924=CYLINDRICAL_SURFACE('',#2923,6.625);
#2925=ORIENTED_EDGE('',*,*,#1010,.T.);
#2926=CARTESIAN_POINT('',(366.687238,-104.292501278,-0.5));
#2927=DIRECTION('',(-0.,-0.,-1.));
#2928=DIRECTION('',(1.,0.,-0.));
#2929=AXIS2_PLACEMENT_3D('',#2926,#2927,#2928);
#2930=CIRCLE('',#2929,6.625);
#2931=EDGE_CURVE('',#997,#2011,#2930,.T.);
#2932=ORIENTED_EDGE('',*,*,#2931,.T.);
#2933=ORIENTED_EDGE('',*,*,#2016,.F.);
#2934=CARTESIAN_POINT('',(366.687238,-104.292501278,-8.));
#2935=DIRECTION('',(0.,-0.,1.));
#2936=DIRECTION('',(1.,0.000000193,0.));
#2937=AXIS2_PLACEMENT_3D('',#2934,#2935,#2936);
#2938=CIRCLE('',#2937,6.625);
#2939=EDGE_CURVE('',#2009,#1005,#2938,.T.);
#2940=ORIENTED_EDGE('',*,*,#2939,.T.);
#2941=EDGE_LOOP('',(#2925,#2932,#2933,#2940));
#2942=FACE_BOUND('',#2941,.T.);
#2943=ADVANCED_FACE('',(#2942),#2924,.T.);
#2944=CARTESIAN_POINT('',(0.,0.,-8.));
#2945=DIRECTION('',(0.,0.,1.));
#2946=DIRECTION('',(1.,0.,0.));
#2947=AXIS2_PLACEMENT_3D('',#2944,#2945,#2946);
#2948=PLANE('',#2947);
#2949=ORIENTED_EDGE('',*,*,#2069,.T.);
#2950=ORIENTED_EDGE('',*,*,#2915,.T.);
#2951=ORIENTED_EDGE('',*,*,#2893,.T.);
#2952=ORIENTED_EDGE('',*,*,#577,.F.);
#2953=ORIENTED_EDGE('',*,*,#2862,.T.);
#2954=ORIENTED_EDGE('',*,*,#518,.T.);
#2955=ORIENTED_EDGE('',*,*,#468,.T.);
#2956=ORIENTED_EDGE('',*,*,#2839,.F.);
#2957=ORIENTED_EDGE('',*,*,#422,.T.);
#2958=ORIENTED_EDGE('',*,*,#2816,.T.);
#2959=ORIENTED_EDGE('',*,*,#2786,.T.);
#2960=ORIENTED_EDGE('',*,*,#2761,.T.);
#2961=ORIENTED_EDGE('',*,*,#382,.T.);
#2962=ORIENTED_EDGE('',*,*,#2727,.F.);
#2963=ORIENTED_EDGE('',*,*,#2698,.T.);
#2964=ORIENTED_EDGE('',*,*,#348,.T.);
#2965=ORIENTED_EDGE('',*,*,#2673,.T.);
#2966=ORIENTED_EDGE('',*,*,#289,.F.);
#2967=ORIENTED_EDGE('',*,*,#836,.T.);
#2968=ORIENTED_EDGE('',*,*,#2635,.T.);
#2969=ORIENTED_EDGE('',*,*,#2580,.T.);
#2970=ORIENTED_EDGE('',*,*,#2481,.T.);
#2971=ORIENTED_EDGE('',*,*,#2447,.T.);
#2972=ORIENTED_EDGE('',*,*,#2416,.T.);
#2973=ORIENTED_EDGE('',*,*,#2383,.T.);
#2974=ORIENTED_EDGE('',*,*,#2352,.T.);
#2975=ORIENTED_EDGE('',*,*,#224,.T.);
#2976=ORIENTED_EDGE('',*,*,#199,.F.);
#2977=ORIENTED_EDGE('',*,*,#160,.T.);
#2978=ORIENTED_EDGE('',*,*,#2319,.T.);
#2979=ORIENTED_EDGE('',*,*,#2297,.T.);
#2980=ORIENTED_EDGE('',*,*,#120,.T.);
#2981=ORIENTED_EDGE('',*,*,#95,.F.);
#2982=ORIENTED_EDGE('',*,*,#56,.T.);
#2983=ORIENTED_EDGE('',*,*,#2264,.T.);
#2984=ORIENTED_EDGE('',*,*,#2240,.T.);
#2985=ORIENTED_EDGE('',*,*,#2209,.T.);
#2986=ORIENTED_EDGE('',*,*,#2125,.T.);
#2987=ORIENTED_EDGE('',*,*,#2100,.T.);
#2988=EDGE_LOOP('',(#2949,#2950,#2951,#2952,#2953,#2954,#2955,#2956,#2957,#2958,#2959,#2960,#2961,#2962,#2963,#2964,#2965,#2966,#2967,#2968,#2969,#2970,#2971,#2972,#2973,#2974,
#2975,#2976,#2977,#2978,#2979,#2980,#2981,#2982,#2983,#2984,#2985,#2986,#2987));
#2989=FACE_BOUND('',#2988,.T.);
#2990=ORIENTED_EDGE('',*,*,#1016,.F.);
#2991=ORIENTED_EDGE('',*,*,#2939,.F.);
#2992=ORIENTED_EDGE('',*,*,#2029,.F.);
#2993=ORIENTED_EDGE('',*,*,#1998,.F.);
#2994=ORIENTED_EDGE('',*,*,#1965,.F.);
#2995=ORIENTED_EDGE('',*,*,#1934,.T.);
#2996=ORIENTED_EDGE('',*,*,#1901,.F.);
#2997=ORIENTED_EDGE('',*,*,#1870,.F.);
#2998=ORIENTED_EDGE('',*,*,#1837,.F.);
#2999=ORIENTED_EDGE('',*,*,#1806,.T.);
#3000=ORIENTED_EDGE('',*,*,#1773,.F.);
#3001=ORIENTED_EDGE('',*,*,#1742,.F.);
#3002=ORIENTED_EDGE('',*,*,#1709,.F.);
#3003=ORIENTED_EDGE('',*,*,#1678,.F.);
#3004=ORIENTED_EDGE('',*,*,#1645,.F.);
#3005=ORIENTED_EDGE('',*,*,#1614,.F.);
#3006=ORIENTED_EDGE('',*,*,#1583,.F.);
#3007=ORIENTED_EDGE('',*,*,#1552,.F.);
#3008=ORIENTED_EDGE('',*,*,#757,.F.);
#3009=ORIENTED_EDGE('',*,*,#1519,.T.);
#3010=ORIENTED_EDGE('',*,*,#1495,.F.);
#3011=ORIENTED_EDGE('',*,*,#1464,.F.);
#3012=ORIENTED_EDGE('',*,*,#1431,.F.);
#3013=ORIENTED_EDGE('',*,*,#1400,.T.);
#3014=ORIENTED_EDGE('',*,*,#1367,.F.);
#3015=ORIENTED_EDGE('',*,*,#1336,.F.);
#3016=ORIENTED_EDGE('',*,*,#1303,.F.);
#3017=ORIENTED_EDGE('',*,*,#1272,.F.);
#3018=ORIENTED_EDGE('',*,*,#1239,.F.);
#3019=ORIENTED_EDGE('',*,*,#1208,.T.);
#3020=ORIENTED_EDGE('',*,*,#1175,.F.);
#3021=ORIENTED_EDGE('',*,*,#1144,.F.);
#3022=ORIENTED_EDGE('',*,*,#1111,.T.);
#3023=ORIENTED_EDGE('',*,*,#1078,.F.);
#3024=ORIENTED_EDGE('',*,*,#1032,.F.);
#3025=EDGE_LOOP('',(#2990,#2991,#2992,#2993,#2994,#2995,#2996,#2997,#2998,#2999,#3000,#3001,#3002,#3003,#3004,#3005,#3006,#3007,#3008,#3009,#3010,#3011,#3012,#3013,#3014,#3015,
#3016,#3017,#3018,#3019,#3020,#3021,#3022,#3023,#3024));
#3026=FACE_BOUND('',#3025,.T.);
#3027=ADVANCED_FACE('',(#2989,#3026),#2948,.F.);
#3028=CARTESIAN_POINT('',(0.,0.,0.));
#3029=DIRECTION('',(0.,0.,1.));
#3030=DIRECTION('',(1.,0.,0.));
#3031=AXIS2_PLACEMENT_3D('',#3028,#3029,#3030);
#3032=PLANE('',#3031);
#3033=CARTESIAN_POINT('',(315.050217711,-163.837499,0.));
#3034=VERTEX_POINT('',#3033);
#3035=CARTESIAN_POINT('',(366.687239,-163.837499,0.));
#3036=VERTEX_POINT('',#3035);
#3037=CARTESIAN_POINT('',(315.050217711,-163.837499,0.));
#3038=DIRECTION('',(1.,0.,-0.));
#3039=VECTOR('',#3038,51.637021289);
#3040=LINE('',#3037,#3039);
#3041=EDGE_CURVE('',#3034,#3036,#3040,.T.);
#3042=ORIENTED_EDGE('',*,*,#3041,.T.);
#3043=CARTESIAN_POINT('',(372.812238,-157.7125,0.));
#3044=VERTEX_POINT('',#3043);
#3045=CARTESIAN_POINT('',(366.687239,-157.7125,0.));
#3046=DIRECTION('',(0.,0.,1.));
#3047=DIRECTION('',(1.,0.,-0.));
#3048=AXIS2_PLACEMENT_3D('',#3045,#3046,#3047);
#3049=CIRCLE('',#3048,6.124999);
#3050=EDGE_CURVE('',#3036,#3044,#3049,.T.);
#3051=ORIENTED_EDGE('',*,*,#3050,.T.);
#3052=CARTESIAN_POINT('',(372.812238,-104.292500096,0.));
#3053=VERTEX_POINT('',#3052);
#3054=CARTESIAN_POINT('',(372.812238,-157.7125,0.));
#3055=DIRECTION('',(0.,1.,0.));
#3056=VECTOR('',#3055,53.419999904);
#3057=LINE('',#3054,#3056);
#3058=EDGE_CURVE('',#3044,#3053,#3057,.T.);
#3059=ORIENTED_EDGE('',*,*,#3058,.T.);
#3060=CARTESIAN_POINT('',(366.687234421,-98.167501278,0.));
#3061=VERTEX_POINT('',#3060);
#3062=CARTESIAN_POINT('',(366.687238,-104.292501278,0.));
#3063=DIRECTION('',(0.,0.,1.));
#3064=DIRECTION('',(1.,0.,-0.));
#3065=AXIS2_PLACEMENT_3D('',#3062,#3063,#3064);
#3066=CIRCLE('',#3065,6.125);
#3067=EDGE_CURVE('',#3053,#3061,#3066,.T.);
#3068=ORIENTED_EDGE('',*,*,#3067,.T.);
#3069=CARTESIAN_POINT('',(351.880863552,-98.167501278,0.));
#3070=VERTEX_POINT('',#3069);
#3071=CARTESIAN_POINT('',(366.687234421,-98.167501278,0.));
#3072=DIRECTION('',(-1.,0.,0.));
#3073=VECTOR('',#3072,14.806370869);
#3074=LINE('',#3071,#3073);
#3075=EDGE_CURVE('',#3061,#3070,#3074,.T.);
#3076=ORIENTED_EDGE('',*,*,#3075,.T.);
#3077=CARTESIAN_POINT('',(349.029548789,-98.182501278,0.));
#3078=VERTEX_POINT('',#3077);
#3079=CARTESIAN_POINT('',(351.880863516,-98.167494353,0.));
#3080=DIRECTION('',(-0.99998615,-0.005263087,0.));
#3081=VECTOR('',#3080,2.851354218);
#3082=LINE('',#3079,#3081);
#3083=EDGE_CURVE('',#3070,#3078,#3082,.T.);
#3084=ORIENTED_EDGE('',*,*,#3083,.T.);
#3085=CARTESIAN_POINT('',(336.186511404,-98.182501278,0.));
#3086=VERTEX_POINT('',#3085);
#3087=CARTESIAN_POINT('',(349.029548789,-98.182501278,0.));
#3088=DIRECTION('',(-1.,0.,0.));
#3089=VECTOR('',#3088,12.843037386);
#3090=LINE('',#3087,#3089);
#3091=EDGE_CURVE('',#3078,#3086,#3090,.T.);
#3092=ORIENTED_EDGE('',*,*,#3091,.T.);
#3093=CARTESIAN_POINT('',(333.500272019,-96.518210067,0.));
#3094=VERTEX_POINT('',#3093);
#3095=CARTESIAN_POINT('',(336.186511404,-95.182501278,0.));
#3096=DIRECTION('',(-0.,-0.,-1.));
#3097=DIRECTION('',(1.,0.,-0.));
#3098=AXIS2_PLACEMENT_3D('',#3095,#3096,#3097);
#3099=CIRCLE('',#3098,3.);
#3100=EDGE_CURVE('',#3086,#3094,#3099,.T.);
#3101=ORIENTED_EDGE('',*,*,#3100,.T.);
#3102=CARTESIAN_POINT('',(328.161848885,-93.420017428,0.));
#3103=VERTEX_POINT('',#3102);
#3104=CARTESIAN_POINT('',(328.200129819,-99.502408668,0.));
#3105=DIRECTION('',(0.,0.,1.));
#3106=DIRECTION('',(1.,0.,-0.));
#3107=AXIS2_PLACEMENT_3D('',#3104,#3105,#3106);
#3108=CIRCLE('',#3107,6.082511704);
#3109=EDGE_CURVE('',#3094,#3103,#3108,.T.);
#3110=ORIENTED_EDGE('',*,*,#3109,.T.);
#3111=CARTESIAN_POINT('',(316.347941392,-93.420008278,0.));
#3112=VERTEX_POINT('',#3111);
#3113=CARTESIAN_POINT('',(328.161848885,-93.420008278,0.));
#3114=DIRECTION('',(-1.,0.,0.));
#3115=VECTOR('',#3114,11.813907493);
#3116=LINE('',#3113,#3115);
#3117=EDGE_CURVE('',#3103,#3112,#3116,.T.);
#3118=ORIENTED_EDGE('',*,*,#3117,.T.);
#3119=CARTESIAN_POINT('',(314.162952072,-92.47568862,0.));
#3120=VERTEX_POINT('',#3119);
#3121=CARTESIAN_POINT('',(316.347941392,-90.420008278,0.));
#3122=DIRECTION('',(-0.,-0.,-1.));
#3123=DIRECTION('',(1.,0.,-0.));
#3124=AXIS2_PLACEMENT_3D('',#3121,#3122,#3123);
#3125=CIRCLE('',#3124,3.);
#3126=EDGE_CURVE('',#3112,#3120,#3125,.T.);
#3127=ORIENTED_EDGE('',*,*,#3126,.T.);
#3128=CARTESIAN_POINT('',(312.213043571,-90.403124534,0.));
#3129=VERTEX_POINT('',#3128);
#3130=CARTESIAN_POINT('',(314.162952072,-92.47568862,0.));
#3131=DIRECTION('',(-0.685226781,0.728329773,0.));
#3132=VECTOR('',#3131,2.845639655);
#3133=LINE('',#3130,#3132);
#3134=EDGE_CURVE('',#3120,#3129,#3133,.T.);
#3135=ORIENTED_EDGE('',*,*,#3134,.T.);
#3136=CARTESIAN_POINT('',(307.721062973,-88.494985456,0.));
#3137=VERTEX_POINT('',#3136);
#3138=CARTESIAN_POINT('',(307.701955817,-94.781356994,0.));
#3139=DIRECTION('',(0.,0.,1.));
#3140=DIRECTION('',(1.,0.,-0.));
#3141=AXIS2_PLACEMENT_3D('',#3138,#3139,#3140);
#3142=CIRCLE('',#3141,6.286400576);
#3143=EDGE_CURVE('',#3129,#3137,#3142,.T.);
#3144=ORIENTED_EDGE('',*,*,#3143,.T.);
#3145=CARTESIAN_POINT('',(296.02497783,-88.641186432,0.));
#3146=VERTEX_POINT('',#3145);
#3147=CARTESIAN_POINT('',(307.721062973,-88.494985456,0.));
#3148=DIRECTION('',(-0.999921884,-0.012499016,0.));
#3149=VECTOR('',#3148,11.696998862);
#3150=LINE('',#3147,#3149);
#3151=EDGE_CURVE('',#3137,#3146,#3150,.T.);
#3152=ORIENTED_EDGE('',*,*,#3151,.T.);
#3153=CARTESIAN_POINT('',(291.718449817,-90.487433726,0.));
#3154=VERTEX_POINT('',#3153);
#3155=CARTESIAN_POINT('',(296.100717413,-94.76364952,0.));
#3156=DIRECTION('',(0.,0.,1.));
#3157=DIRECTION('',(1.,0.,-0.));
#3158=AXIS2_PLACEMENT_3D('',#3155,#3156,#3157);
#3159=CIRCLE('',#3158,6.122931552);
#3160=EDGE_CURVE('',#3146,#3154,#3159,.T.);
#3161=ORIENTED_EDGE('',*,*,#3160,.T.);
#3162=CARTESIAN_POINT('',(289.737970822,-92.515826949,0.));
#3163=VERTEX_POINT('',#3162);
#3164=CARTESIAN_POINT('',(291.718449802,-90.487433712,0.));
#3165=DIRECTION('',(-0.698605506,-0.715507056,0.));
#3166=VECTOR('',#3165,2.834903193);
#3167=LINE('',#3164,#3166);
#3168=EDGE_CURVE('',#3154,#3163,#3167,.T.);
#3169=ORIENTED_EDGE('',*,*,#3168,.T.);
#3170=CARTESIAN_POINT('',(287.591449655,-93.420010431,0.));
#3171=VERTEX_POINT('',#3170);
#3172=CARTESIAN_POINT('',(287.591449655,-90.420010431,0.));
#3173=DIRECTION('',(-0.,-0.,-1.));
#3174=DIRECTION('',(1.,0.,-0.));
#3175=AXIS2_PLACEMENT_3D('',#3172,#3173,#3174);
#3176=CIRCLE('',#3175,3.);
#3177=EDGE_CURVE('',#3163,#3171,#3176,.T.);
#3178=ORIENTED_EDGE('',*,*,#3177,.T.);
#3179=CARTESIAN_POINT('',(275.709964748,-93.420010431,0.));
#3180=VERTEX_POINT('',#3179);
#3181=CARTESIAN_POINT('',(287.591449655,-93.420010431,0.));
#3182=DIRECTION('',(-1.,0.,0.));
#3183=VECTOR('',#3182,11.881484907);
#3184=LINE('',#3181,#3183);
#3185=EDGE_CURVE('',#3171,#3180,#3184,.T.);
#3186=ORIENTED_EDGE('',*,*,#3185,.T.);
#3187=CARTESIAN_POINT('',(270.440004346,-96.409373364,0.));
#3188=VERTEX_POINT('',#3187);
#3189=CARTESIAN_POINT('',(275.677370053,-99.502433568,0.));
#3190=DIRECTION('',(0.,0.,1.));
#3191=DIRECTION('',(1.,0.,-0.));
#3192=AXIS2_PLACEMENT_3D('',#3189,#3190,#3191);
#3193=CIRCLE('',#3192,6.08251765);
#3194=EDGE_CURVE('',#3180,#3188,#3193,.T.);
#3195=ORIENTED_EDGE('',*,*,#3194,.T.);
#3196=CARTESIAN_POINT('',(270.25230689,-96.723011485,0.));
#3197=VERTEX_POINT('',#3196);
#3198=CARTESIAN_POINT('',(270.439997682,-96.409369376,0.));
#3199=DIRECTION('',(-0.513500685,-0.858089183,0.));
#3200=VECTOR('',#3199,0.365512251);
#3201=LINE('',#3198,#3200);
#3202=EDGE_CURVE('',#3188,#3197,#3201,.T.);
#3203=ORIENTED_EDGE('',*,*,#3202,.T.);
#3204=CARTESIAN_POINT('',(267.67803934,-98.182509431,0.));
#3205=VERTEX_POINT('',#3204);
#3206=CARTESIAN_POINT('',(267.67803934,-95.182509431,0.));
#3207=DIRECTION('',(-0.,-0.,-1.));
#3208=DIRECTION('',(1.,0.,-0.));
#3209=AXIS2_PLACEMENT_3D('',#3206,#3207,#3208);
#3210=CIRCLE('',#3209,3.);
#3211=EDGE_CURVE('',#3197,#3205,#3210,.T.);
#3212=ORIENTED_EDGE('',*,*,#3211,.T.);
#3213=CARTESIAN_POINT('',(231.57751072,-98.182509431,0.));
#3214=VERTEX_POINT('',#3213);
#3215=CARTESIAN_POINT('',(267.67803934,-98.182509431,0.));
#3216=DIRECTION('',(-1.,0.,0.));
#3217=VECTOR('',#3216,36.10052862);
#3218=LINE('',#3215,#3217);
#3219=EDGE_CURVE('',#3205,#3214,#3218,.T.);
#3220=ORIENTED_EDGE('',*,*,#3219,.T.);
#3221=CARTESIAN_POINT('',(225.445012041,-104.31001,0.));
#3222=VERTEX_POINT('',#3221);
#3223=CARTESIAN_POINT('',(231.575109569,-104.312607,0.));
#3224=DIRECTION('',(0.,0.,1.));
#3225=DIRECTION('',(1.,0.,-0.));
#3226=AXIS2_PLACEMENT_3D('',#3223,#3224,#3225);
#3227=CIRCLE('',#3226,6.130098077);
#3228=EDGE_CURVE('',#3214,#3222,#3227,.T.);
#3229=ORIENTED_EDGE('',*,*,#3228,.T.);
#3230=CARTESIAN_POINT('',(225.445012,-123.087500133,0.));
#3231=VERTEX_POINT('',#3230);
#3232=CARTESIAN_POINT('',(225.445012,-104.31001,0.));
#3233=DIRECTION('',(0.,-1.,0.));
#3234=VECTOR('',#3233,18.777490133);
#3235=LINE('',#3232,#3234);
#3236=EDGE_CURVE('',#3222,#3231,#3235,.T.);
#3237=ORIENTED_EDGE('',*,*,#3236,.T.);
#3238=CARTESIAN_POINT('',(225.445,-168.23749907,0.));
#3239=VERTEX_POINT('',#3238);
#3240=CARTESIAN_POINT('',(225.445012,-123.087500133,0.));
#3241=DIRECTION('',(-0.000000266,-1.,0.));
#3242=VECTOR('',#3241,45.149998937);
#3243=LINE('',#3240,#3242);
#3244=EDGE_CURVE('',#3231,#3239,#3243,.T.);
#3245=ORIENTED_EDGE('',*,*,#3244,.T.);
#3246=CARTESIAN_POINT('',(225.445,-175.720293938,0.));
#3247=VERTEX_POINT('',#3246);
#3248=CARTESIAN_POINT('',(225.445,-168.23749907,0.));
#3249=DIRECTION('',(0.,-1.,0.));
#3250=VECTOR('',#3249,7.482794868);
#3251=LINE('',#3248,#3250);
#3252=EDGE_CURVE('',#3239,#3247,#3251,.T.);
#3253=ORIENTED_EDGE('',*,*,#3252,.T.);
#3254=CARTESIAN_POINT('',(226.213086185,-178.595289182,0.));
#3255=VERTEX_POINT('',#3254);
#3256=CARTESIAN_POINT('',(231.693028641,-175.591164173,0.));
#3257=DIRECTION('',(0.,0.,1.));
#3258=DIRECTION('',(1.,0.,-0.));
#3259=AXIS2_PLACEMENT_3D('',#3256,#3257,#3258);
#3260=CIRCLE('',#3259,6.249362879);
#3261=EDGE_CURVE('',#3247,#3255,#3260,.T.);
#3262=ORIENTED_EDGE('',*,*,#3261,.T.);
#3263=CARTESIAN_POINT('',(234.753983923,-194.00348594,0.));
#3264=VERTEX_POINT('',#3263);
#3265=CARTESIAN_POINT('',(226.213081746,-178.595291643,0.));
#3266=DIRECTION('',(0.484809647,-0.874619692,0.));
#3267=VECTOR('',#3266,17.617021925);
#3268=LINE('',#3265,#3267);
#3269=EDGE_CURVE('',#3255,#3264,#3268,.T.);
#3270=ORIENTED_EDGE('',*,*,#3269,.T.);
#3271=CARTESIAN_POINT('',(243.084794268,-196.388682222,0.));
#3272=VERTEX_POINT('',#3271);
#3273=CARTESIAN_POINT('',(240.111028524,-191.034027416,0.));
#3274=DIRECTION('',(0.,0.,1.));
#3275=DIRECTION('',(1.,0.,-0.));
#3276=AXIS2_PLACEMENT_3D('',#3273,#3274,#3275);
#3277=CIRCLE('',#3276,6.12499884);
#3278=EDGE_CURVE('',#3264,#3272,#3277,.T.);
#3279=ORIENTED_EDGE('',*,*,#3278,.T.);
#3280=CARTESIAN_POINT('',(249.85390332,-192.608779649,0.));
#3281=VERTEX_POINT('',#3280);
#3282=CARTESIAN_POINT('',(243.084794877,-196.388683311,0.));
#3283=DIRECTION('',(0.873099066,0.48754284,0.));
#3284=VECTOR('',#3283,7.752967227);
#3285=LINE('',#3282,#3284);
#3286=EDGE_CURVE('',#3272,#3281,#3285,.T.);
#3287=ORIENTED_EDGE('',*,*,#3286,.T.);
#3288=CARTESIAN_POINT('',(283.483483023,-183.74483321,0.));
#3289=VERTEX_POINT('',#3288);
#3290=CARTESIAN_POINT('',(283.21153906,-250.939928723,0.));
#3291=DIRECTION('',(-0.,-0.,-1.));
#3292=DIRECTION('',(1.,0.,-0.));
#3293=AXIS2_PLACEMENT_3D('',#3290,#3291,#3292);
#3294=CIRCLE('',#3293,67.1956458);
#3295=EDGE_CURVE('',#3281,#3289,#3294,.T.);
#3296=ORIENTED_EDGE('',*,*,#3295,.T.);
#3297=CARTESIAN_POINT('',(294.156927176,-183.734947464,0.));
#3298=VERTEX_POINT('',#3297);
#3299=CARTESIAN_POINT('',(283.483483029,-183.744839441,0.));
#3300=DIRECTION('',(0.999999571,0.000926784,0.));
#3301=VECTOR('',#3300,10.673448731);
#3302=LINE('',#3299,#3301);
#3303=EDGE_CURVE('',#3289,#3298,#3302,.T.);
#3304=ORIENTED_EDGE('',*,*,#3303,.T.);
#3305=CARTESIAN_POINT('',(298.756577058,-181.589316286,0.));
#3306=VERTEX_POINT('',#3305);
#3307=CARTESIAN_POINT('',(293.949409188,-177.287070342,0.));
#3308=DIRECTION('',(0.,0.,1.));
#3309=DIRECTION('',(1.,0.,-0.));
#3310=AXIS2_PLACEMENT_3D('',#3307,#3308,#3309);
#3311=CIRCLE('',#3310,6.451215629);
#3312=EDGE_CURVE('',#3298,#3306,#3311,.T.);
#3313=ORIENTED_EDGE('',*,*,#3312,.T.);
#3314=CARTESIAN_POINT('',(312.752028367,-164.909202928,0.));
#3315=VERTEX_POINT('',#3314);
#3316=CARTESIAN_POINT('',(298.756577058,-181.589316286,0.));
#3317=DIRECTION('',(0.642765357,0.766063115,0.));
#3318=VECTOR('',#3317,21.773810851);
#3319=LINE('',#3316,#3318);
#3320=EDGE_CURVE('',#3306,#3315,#3319,.T.);
#3321=ORIENTED_EDGE('',*,*,#3320,.T.);
#3322=CARTESIAN_POINT('',(315.050217711,-166.837499,0.));
#3323=DIRECTION('',(-0.,-0.,-1.));
#3324=DIRECTION('',(1.,0.,-0.));
#3325=AXIS2_PLACEMENT_3D('',#3322,#3323,#3324);
#3326=CIRCLE('',#3325,3.);
#3327=EDGE_CURVE('',#3315,#3034,#3326,.T.);
#3328=ORIENTED_EDGE('',*,*,#3327,.T.);
#3329=EDGE_LOOP('',(#3042,#3051,#3059,#3068,#3076,#3084,#3092,#3101,#3110,#3118,#3127,#3135,#3144,#3152,#3161,#3169,#3178,#3186,#3195,#3203,#3212,#3220,#3229,#3237,#3245,#3253,
#3262,#3270,#3279,#3287,#3296,#3304,#3313,#3321,#3328));
#3330=FACE_BOUND('',#3329,.T.);
#3331=CARTESIAN_POINT('',(347.087241,-118.324929852,0.));
#3332=VERTEX_POINT('',#3331);
#3333=CARTESIAN_POINT('',(346.390236133,-118.9575,0.));
#3334=VERTEX_POINT('',#3333);
#3335=CARTESIAN_POINT('',(346.852213144,-118.766248226,0.));
#3336=DIRECTION('',(0.,0.,-1.));
#3337=DIRECTION('',(-1.,0.,0.));
#3338=AXIS2_PLACEMENT_3D('',#3335,#3336,#3337);
#3339=CIRCLE('',#3338,0.5);
#3340=EDGE_CURVE('',#3332,#3334,#3339,.T.);
#3341=ORIENTED_EDGE('',*,*,#3340,.T.);
#3342=CARTESIAN_POINT('',(333.490093381,-118.9575,0.));
#3343=VERTEX_POINT('',#3342);
#3344=CARTESIAN_POINT('',(346.390236133,-118.9575,0.));
#3345=DIRECTION('',(-1.,0.,0.));
#3346=VECTOR('',#3345,12.900142752);
#3347=LINE('',#3344,#3346);
#3348=EDGE_CURVE('',#3334,#3343,#3347,.T.);
#3349=ORIENTED_EDGE('',*,*,#3348,.T.);
#3350=CARTESIAN_POINT('',(332.491047,-118.926634,0.));
#3351=VERTEX_POINT('',#3350);
#3352=CARTESIAN_POINT('',(332.991047,-118.926634,0.));
#3353=DIRECTION('',(0.,0.,-1.));
#3354=DIRECTION('',(-1.,0.,0.));
#3355=AXIS2_PLACEMENT_3D('',#3352,#3353,#3354);
#3356=CIRCLE('',#3355,0.5);
#3357=EDGE_CURVE('',#3343,#3351,#3356,.T.);
#3358=ORIENTED_EDGE('',*,*,#3357,.T.);
#3359=CARTESIAN_POINT('',(332.987241,-118.426648486,0.));
#3360=VERTEX_POINT('',#3359);
#3361=CARTESIAN_POINT('',(332.991047,-118.926634,0.));
#3362=DIRECTION('',(0.,0.,-1.));
#3363=DIRECTION('',(-1.,0.,0.));
#3364=AXIS2_PLACEMENT_3D('',#3361,#3362,#3363);
#3365=CIRCLE('',#3364,0.5);
#3366=EDGE_CURVE('',#3351,#3360,#3365,.T.);
#3367=ORIENTED_EDGE('',*,*,#3366,.T.);
#3368=CARTESIAN_POINT('',(332.987241,-105.388351514,0.));
#3369=VERTEX_POINT('',#3368);
#3370=CARTESIAN_POINT('',(332.987241,-118.426648486,0.));
#3371=DIRECTION('',(0.,1.,0.));
#3372=VECTOR('',#3371,13.038296972);
#3373=LINE('',#3370,#3372);
#3374=EDGE_CURVE('',#3360,#3369,#3373,.T.);
#3375=ORIENTED_EDGE('',*,*,#3374,.T.);
#3376=CARTESIAN_POINT('',(332.491047,-104.888366,0.));
#3377=VERTEX_POINT('',#3376);
#3378=CARTESIAN_POINT('',(332.991047,-104.888366,0.));
#3379=DIRECTION('',(0.,0.,-1.));
#3380=DIRECTION('',(-1.,0.,0.));
#3381=AXIS2_PLACEMENT_3D('',#3378,#3379,#3380);
#3382=CIRCLE('',#3381,0.5);
#3383=EDGE_CURVE('',#3369,#3377,#3382,.T.);
#3384=ORIENTED_EDGE('',*,*,#3383,.T.);
#3385=CARTESIAN_POINT('',(333.490093381,-104.8575,0.));
#3386=VERTEX_POINT('',#3385);
#3387=CARTESIAN_POINT('',(332.991047,-104.888366,0.));
#3388=DIRECTION('',(0.,0.,-1.));
#3389=DIRECTION('',(-1.,0.,0.));
#3390=AXIS2_PLACEMENT_3D('',#3387,#3388,#3389);
#3391=CIRCLE('',#3390,0.5);
#3392=EDGE_CURVE('',#3377,#3386,#3391,.T.);
#3393=ORIENTED_EDGE('',*,*,#3392,.T.);
#3394=CARTESIAN_POINT('',(346.589747281,-104.8575,0.));
#3395=VERTEX_POINT('',#3394);
#3396=CARTESIAN_POINT('',(333.490093381,-104.8575,0.));
#3397=DIRECTION('',(1.,0.,-0.));
#3398=VECTOR('',#3397,13.099653901);
#3399=LINE('',#3396,#3398);
#3400=EDGE_CURVE('',#3386,#3395,#3399,.T.);
#3401=ORIENTED_EDGE('',*,*,#3400,.T.);
#3402=CARTESIAN_POINT('',(347.087241,-105.4075,0.));
#3403=VERTEX_POINT('',#3402);
#3404=CARTESIAN_POINT('',(347.087241,-104.9075,0.));
#3405=DIRECTION('',(0.,0.,-1.));
#3406=DIRECTION('',(-1.,0.,0.));
#3407=AXIS2_PLACEMENT_3D('',#3404,#3405,#3406);
#3408=CIRCLE('',#3407,0.5);
#3409=EDGE_CURVE('',#3395,#3403,#3408,.T.);
#3410=ORIENTED_EDGE('',*,*,#3409,.T.);
#3411=CARTESIAN_POINT('',(347.087241,-105.4075,0.));
#3412=DIRECTION('',(0.,-1.,0.));
#3413=VECTOR('',#3412,12.917429852);
#3414=LINE('',#3411,#3413);
#3415=EDGE_CURVE('',#3403,#3332,#3414,.T.);
#3416=ORIENTED_EDGE('',*,*,#3415,.T.);
#3417=EDGE_LOOP('',(#3341,#3349,#3358,#3367,#3375,#3384,#3393,#3401,#3410,#3416));
#3418=FACE_BOUND('',#3417,.T.);
#3419=CARTESIAN_POINT('',(333.484734719,-157.0575,0.));
#3420=VERTEX_POINT('',#3419);
#3421=CARTESIAN_POINT('',(332.487241,-157.0075,0.));
#3422=VERTEX_POINT('',#3421);
#3423=CARTESIAN_POINT('',(332.987241,-157.0075,0.));
#3424=DIRECTION('',(0.,0.,-1.));
#3425=DIRECTION('',(-1.,0.,0.));
#3426=AXIS2_PLACEMENT_3D('',#3423,#3424,#3425);
#3427=CIRCLE('',#3426,0.5);
#3428=EDGE_CURVE('',#3420,#3422,#3427,.T.);
#3429=ORIENTED_EDGE('',*,*,#3428,.T.);
#3430=CARTESIAN_POINT('',(332.987241,-156.5075,0.));
#3431=VERTEX_POINT('',#3430);
#3432=CARTESIAN_POINT('',(332.987241,-157.0075,0.));
#3433=DIRECTION('',(0.,0.,-1.));
#3434=DIRECTION('',(-1.,0.,0.));
#3435=AXIS2_PLACEMENT_3D('',#3432,#3433,#3434);
#3436=CIRCLE('',#3435,0.5);
#3437=EDGE_CURVE('',#3422,#3431,#3436,.T.);
#3438=ORIENTED_EDGE('',*,*,#3437,.T.);
#3439=CARTESIAN_POINT('',(332.987241,-143.5075,0.));
#3440=VERTEX_POINT('',#3439);
#3441=CARTESIAN_POINT('',(332.987241,-156.5075,0.));
#3442=DIRECTION('',(0.,1.,0.));
#3443=VECTOR('',#3442,13.);
#3444=LINE('',#3441,#3443);
#3445=EDGE_CURVE('',#3431,#3440,#3444,.T.);
#3446=ORIENTED_EDGE('',*,*,#3445,.T.);
#3447=CARTESIAN_POINT('',(332.487241,-143.0075,0.));
#3448=VERTEX_POINT('',#3447);
#3449=CARTESIAN_POINT('',(332.987241,-143.0075,0.));
#3450=DIRECTION('',(0.,0.,-1.));
#3451=DIRECTION('',(-1.,0.,0.));
#3452=AXIS2_PLACEMENT_3D('',#3449,#3450,#3451);
#3453=CIRCLE('',#3452,0.5);
#3454=EDGE_CURVE('',#3440,#3448,#3453,.T.);
#3455=ORIENTED_EDGE('',*,*,#3454,.T.);
#3456=CARTESIAN_POINT('',(333.484734719,-142.9575,0.));
#3457=VERTEX_POINT('',#3456);
#3458=CARTESIAN_POINT('',(332.987241,-143.0075,0.));
#3459=DIRECTION('',(0.,0.,-1.));
#3460=DIRECTION('',(-1.,0.,0.));
#3461=AXIS2_PLACEMENT_3D('',#3458,#3459,#3460);
#3462=CIRCLE('',#3461,0.5);
#3463=EDGE_CURVE('',#3448,#3457,#3462,.T.);
#3464=ORIENTED_EDGE('',*,*,#3463,.T.);
#3465=CARTESIAN_POINT('',(346.589747281,-142.9575,0.));
#3466=VERTEX_POINT('',#3465);
#3467=CARTESIAN_POINT('',(333.484734719,-142.9575,0.));
#3468=DIRECTION('',(1.,0.,-0.));
#3469=VECTOR('',#3468,13.105012563);
#3470=LINE('',#3467,#3469);
#3471=EDGE_CURVE('',#3457,#3466,#3470,.T.);
#3472=ORIENTED_EDGE('',*,*,#3471,.T.);
#3473=CARTESIAN_POINT('',(347.087241,-143.5075,0.));
#3474=VERTEX_POINT('',#3473);
#3475=CARTESIAN_POINT('',(347.087241,-143.0075,0.));
#3476=DIRECTION('',(0.,0.,-1.));
#3477=DIRECTION('',(-1.,0.,0.));
#3478=AXIS2_PLACEMENT_3D('',#3475,#3476,#3477);
#3479=CIRCLE('',#3478,0.5);
#3480=EDGE_CURVE('',#3466,#3474,#3479,.T.);
#3481=ORIENTED_EDGE('',*,*,#3480,.T.);
#3482=CARTESIAN_POINT('',(347.087241,-156.560006281,0.));
#3483=VERTEX_POINT('',#3482);
#3484=CARTESIAN_POINT('',(347.087241,-143.5075,0.));
#3485=DIRECTION('',(0.,-1.,0.));
#3486=VECTOR('',#3485,13.052506281);
#3487=LINE('',#3484,#3486);
#3488=EDGE_CURVE('',#3474,#3483,#3487,.T.);
#3489=ORIENTED_EDGE('',*,*,#3488,.T.);
#3490=CARTESIAN_POINT('',(346.537241,-157.0575,0.));
#3491=VERTEX_POINT('',#3490);
#3492=CARTESIAN_POINT('',(347.037241,-157.0575,0.));
#3493=DIRECTION('',(0.,0.,-1.));
#3494=DIRECTION('',(-1.,0.,0.));
#3495=AXIS2_PLACEMENT_3D('',#3492,#3493,#3494);
#3496=CIRCLE('',#3495,0.5);
#3497=EDGE_CURVE('',#3483,#3491,#3496,.T.);
#3498=ORIENTED_EDGE('',*,*,#3497,.T.);
#3499=CARTESIAN_POINT('',(346.537241,-157.0575,0.));
#3500=DIRECTION('',(-1.,0.,0.));
#3501=VECTOR('',#3500,13.052506281);
#3502=LINE('',#3499,#3501);
#3503=EDGE_CURVE('',#3491,#3420,#3502,.T.);
#3504=ORIENTED_EDGE('',*,*,#3503,.T.);
#3505=EDGE_LOOP('',(#3429,#3438,#3446,#3455,#3464,#3472,#3481,#3489,#3498,#3504));
#3506=FACE_BOUND('',#3505,.T.);
#3507=CARTESIAN_POINT('',(352.037241,-114.879993719,0.));
#3508=VERTEX_POINT('',#3507);
#3509=CARTESIAN_POINT('',(351.587241,-114.3825,0.));
#3510=VERTEX_POINT('',#3509);
#3511=CARTESIAN_POINT('',(352.087241,-114.3825,0.));
#3512=DIRECTION('',(0.,0.,-1.));
#3513=DIRECTION('',(-1.,0.,0.));
#3514=AXIS2_PLACEMENT_3D('',#3511,#3512,#3513);
#3515=CIRCLE('',#3514,0.5);
#3516=EDGE_CURVE('',#3508,#3510,#3515,.T.);
#3517=ORIENTED_EDGE('',*,*,#3516,.T.);
#3518=CARTESIAN_POINT('',(352.587241,-114.3825,0.));
#3519=VERTEX_POINT('',#3518);
#3520=CARTESIAN_POINT('',(352.087241,-114.3825,0.));
#3521=DIRECTION('',(0.,0.,-1.));
#3522=DIRECTION('',(-1.,0.,0.));
#3523=AXIS2_PLACEMENT_3D('',#3520,#3521,#3522);
#3524=CIRCLE('',#3523,0.5);
#3525=EDGE_CURVE('',#3510,#3519,#3524,.T.);
#3526=ORIENTED_EDGE('',*,*,#3525,.T.);
#3527=CARTESIAN_POINT('',(365.634388619,-114.3825,0.));
#3528=VERTEX_POINT('',#3527);
#3529=CARTESIAN_POINT('',(352.587241,-114.3825,0.));
#3530=DIRECTION('',(1.,0.,-0.));
#3531=VECTOR('',#3530,13.047147619);
#3532=LINE('',#3529,#3531);
#3533=EDGE_CURVE('',#3519,#3528,#3532,.T.);
#3534=ORIENTED_EDGE('',*,*,#3533,.T.);
#3535=CARTESIAN_POINT('',(366.137241,-114.913351514,0.));
#3536=VERTEX_POINT('',#3535);
#3537=CARTESIAN_POINT('',(366.133435,-114.413366,0.));
#3538=DIRECTION('',(0.,0.,-1.));
#3539=DIRECTION('',(-1.,0.,0.));
#3540=AXIS2_PLACEMENT_3D('',#3537,#3538,#3539);
#3541=CIRCLE('',#3540,0.5);
#3542=EDGE_CURVE('',#3528,#3536,#3541,.T.);
#3543=ORIENTED_EDGE('',*,*,#3542,.T.);
#3544=CARTESIAN_POINT('',(366.137241,-127.985006281,0.));
#3545=VERTEX_POINT('',#3544);
#3546=CARTESIAN_POINT('',(366.137241,-114.913351514,0.));
#3547=DIRECTION('',(0.,-1.,0.));
#3548=VECTOR('',#3547,13.071654767);
#3549=LINE('',#3546,#3548);
#3550=EDGE_CURVE('',#3536,#3545,#3549,.T.);
#3551=ORIENTED_EDGE('',*,*,#3550,.T.);
#3552=CARTESIAN_POINT('',(365.587241,-128.4825,0.));
#3553=VERTEX_POINT('',#3552);
#3554=CARTESIAN_POINT('',(366.087241,-128.4825,0.));
#3555=DIRECTION('',(0.,0.,-1.));
#3556=DIRECTION('',(-1.,0.,0.));
#3557=AXIS2_PLACEMENT_3D('',#3554,#3555,#3556);
#3558=CIRCLE('',#3557,0.5);
#3559=EDGE_CURVE('',#3545,#3553,#3558,.T.);
#3560=ORIENTED_EDGE('',*,*,#3559,.T.);
#3561=CARTESIAN_POINT('',(352.534734719,-128.4825,0.));
#3562=VERTEX_POINT('',#3561);
#3563=CARTESIAN_POINT('',(365.587241,-128.4825,0.));
#3564=DIRECTION('',(-1.,0.,0.));
#3565=VECTOR('',#3564,13.052506281);
#3566=LINE('',#3563,#3565);
#3567=EDGE_CURVE('',#3553,#3562,#3566,.T.);
#3568=ORIENTED_EDGE('',*,*,#3567,.T.);
#3569=CARTESIAN_POINT('',(351.537241,-128.4325,0.));
#3570=VERTEX_POINT('',#3569);
#3571=CARTESIAN_POINT('',(352.037241,-128.4325,0.));
#3572=DIRECTION('',(0.,0.,-1.));
#3573=DIRECTION('',(-1.,0.,0.));
#3574=AXIS2_PLACEMENT_3D('',#3571,#3572,#3573);
#3575=CIRCLE('',#3574,0.5);
#3576=EDGE_CURVE('',#3562,#3570,#3575,.T.);
#3577=ORIENTED_EDGE('',*,*,#3576,.T.);
#3578=CARTESIAN_POINT('',(352.037241,-127.9325,0.));
#3579=VERTEX_POINT('',#3578);
#3580=CARTESIAN_POINT('',(352.037241,-128.4325,0.));
#3581=DIRECTION('',(0.,0.,-1.));
#3582=DIRECTION('',(-1.,0.,0.));
#3583=AXIS2_PLACEMENT_3D('',#3580,#3581,#3582);
#3584=CIRCLE('',#3583,0.5);
#3585=EDGE_CURVE('',#3570,#3579,#3584,.T.);
#3586=ORIENTED_EDGE('',*,*,#3585,.T.);
#3587=CARTESIAN_POINT('',(352.037241,-127.9325,0.));
#3588=DIRECTION('',(0.,1.,0.));
#3589=VECTOR('',#3588,13.052506281);
#3590=LINE('',#3587,#3589);
#3591=EDGE_CURVE('',#3579,#3508,#3590,.T.);
#3592=ORIENTED_EDGE('',*,*,#3591,.T.);
#3593=EDGE_LOOP('',(#3517,#3526,#3534,#3543,#3551,#3560,#3568,#3577,#3586,#3592));
#3594=FACE_BOUND('',#3593,.T.);
#3595=CARTESIAN_POINT('',(352.037241,-133.935352381,0.));
#3596=VERTEX_POINT('',#3595);
#3597=CARTESIAN_POINT('',(351.568107,-133.436306,0.));
#3598=VERTEX_POINT('',#3597);
#3599=CARTESIAN_POINT('',(352.068107,-133.436306,0.));
#3600=DIRECTION('',(0.,0.,-1.));
#3601=DIRECTION('',(-1.,0.,0.));
#3602=AXIS2_PLACEMENT_3D('',#3599,#3600,#3601);
#3603=CIRCLE('',#3602,0.5);
#3604=EDGE_CURVE('',#3596,#3598,#3603,.T.);
#3605=ORIENTED_EDGE('',*,*,#3604,.T.);
#3606=CARTESIAN_POINT('',(352.568092514,-133.4325,0.));
#3607=VERTEX_POINT('',#3606);
#3608=CARTESIAN_POINT('',(352.068107,-133.436306,0.));
#3609=DIRECTION('',(0.,0.,-1.));
#3610=DIRECTION('',(-1.,0.,0.));
#3611=AXIS2_PLACEMENT_3D('',#3608,#3609,#3610);
#3612=CIRCLE('',#3611,0.5);
#3613=EDGE_CURVE('',#3598,#3607,#3612,.T.);
#3614=ORIENTED_EDGE('',*,*,#3613,.T.);
#3615=CARTESIAN_POINT('',(365.587241,-133.4325,0.));
#3616=VERTEX_POINT('',#3615);
#3617=CARTESIAN_POINT('',(352.568092514,-133.4325,0.));
#3618=DIRECTION('',(1.,0.,-0.));
#3619=VECTOR('',#3618,13.019148486);
#3620=LINE('',#3617,#3619);
#3621=EDGE_CURVE('',#3607,#3616,#3620,.T.);
#3622=ORIENTED_EDGE('',*,*,#3621,.T.);
#3623=CARTESIAN_POINT('',(366.137241,-133.929993719,0.));
#3624=VERTEX_POINT('',#3623);
#3625=CARTESIAN_POINT('',(366.087241,-133.4325,0.));
#3626=DIRECTION('',(0.,0.,-1.));
#3627=DIRECTION('',(-1.,0.,0.));
#3628=AXIS2_PLACEMENT_3D('',#3625,#3626,#3627);
#3629=CIRCLE('',#3628,0.5);
#3630=EDGE_CURVE('',#3616,#3624,#3629,.T.);
#3631=ORIENTED_EDGE('',*,*,#3630,.T.);
#3632=CARTESIAN_POINT('',(366.137241,-146.9825,0.));
#3633=VERTEX_POINT('',#3632);
#3634=CARTESIAN_POINT('',(366.137241,-133.929993719,0.));
#3635=DIRECTION('',(0.,-1.,0.));
#3636=VECTOR('',#3635,13.052506281);
#3637=LINE('',#3634,#3636);
#3638=EDGE_CURVE('',#3624,#3633,#3637,.T.);
#3639=ORIENTED_EDGE('',*,*,#3638,.T.);
#3640=CARTESIAN_POINT('',(365.639747281,-147.5325,0.));
#3641=VERTEX_POINT('',#3640);
#3642=CARTESIAN_POINT('',(366.137241,-147.4825,0.));
#3643=DIRECTION('',(0.,0.,-1.));
#3644=DIRECTION('',(-1.,0.,0.));
#3645=AXIS2_PLACEMENT_3D('',#3642,#3643,#3644);
#3646=CIRCLE('',#3645,0.5);
#3647=EDGE_CURVE('',#3633,#3641,#3646,.T.);
#3648=ORIENTED_EDGE('',*,*,#3647,.T.);
#3649=CARTESIAN_POINT('',(352.534734719,-147.5325,0.));
#3650=VERTEX_POINT('',#3649);
#3651=CARTESIAN_POINT('',(365.639747281,-147.5325,0.));
#3652=DIRECTION('',(-1.,0.,0.));
#3653=VECTOR('',#3652,13.105012563);
#3654=LINE('',#3651,#3653);
#3655=EDGE_CURVE('',#3641,#3650,#3654,.T.);
#3656=ORIENTED_EDGE('',*,*,#3655,.T.);
#3657=CARTESIAN_POINT('',(351.537241,-147.4825,0.));
#3658=VERTEX_POINT('',#3657);
#3659=CARTESIAN_POINT('',(352.037241,-147.4825,0.));
#3660=DIRECTION('',(0.,0.,-1.));
#3661=DIRECTION('',(-1.,0.,0.));
#3662=AXIS2_PLACEMENT_3D('',#3659,#3660,#3661);
#3663=CIRCLE('',#3662,0.5);
#3664=EDGE_CURVE('',#3650,#3658,#3663,.T.);
#3665=ORIENTED_EDGE('',*,*,#3664,.T.);
#3666=CARTESIAN_POINT('',(352.037241,-146.9825,0.));
#3667=VERTEX_POINT('',#3666);
#3668=CARTESIAN_POINT('',(352.037241,-147.4825,0.));
#3669=DIRECTION('',(0.,0.,-1.));
#3670=DIRECTION('',(-1.,0.,0.));
#3671=AXIS2_PLACEMENT_3D('',#3668,#3669,#3670);
#3672=CIRCLE('',#3671,0.5);
#3673=EDGE_CURVE('',#3658,#3667,#3672,.T.);
#3674=ORIENTED_EDGE('',*,*,#3673,.T.);
#3675=CARTESIAN_POINT('',(352.037241,-146.9825,0.));
#3676=DIRECTION('',(0.,1.,0.));
#3677=VECTOR('',#3676,13.047147619);
#3678=LINE('',#3675,#3677);
#3679=EDGE_CURVE('',#3667,#3596,#3678,.T.);
#3680=ORIENTED_EDGE('',*,*,#3679,.T.);
#3681=EDGE_LOOP('',(#3605,#3614,#3622,#3631,#3639,#3648,#3656,#3665,#3674,#3680));
#3682=FACE_BOUND('',#3681,.T.);
#3683=CARTESIAN_POINT('',(328.037241,-151.745,0.));
#3684=VERTEX_POINT('',#3683);
#3685=CARTESIAN_POINT('',(327.539747281,-152.295,0.));
#3686=VERTEX_POINT('',#3685);
#3687=CARTESIAN_POINT('',(328.037241,-152.245,0.));
#3688=DIRECTION('',(0.,0.,-1.));
#3689=DIRECTION('',(-1.,0.,0.));
#3690=AXIS2_PLACEMENT_3D('',#3687,#3688,#3689);
#3691=CIRCLE('',#3690,0.5);
#3692=EDGE_CURVE('',#3684,#3686,#3691,.T.);
#3693=ORIENTED_EDGE('',*,*,#3692,.T.);
#3694=CARTESIAN_POINT('',(314.487241,-152.295,0.));
#3695=VERTEX_POINT('',#3694);
#3696=CARTESIAN_POINT('',(327.539747281,-152.295,0.));
#3697=DIRECTION('',(-1.,0.,0.));
#3698=VECTOR('',#3697,13.052506281);
#3699=LINE('',#3696,#3698);
#3700=EDGE_CURVE('',#3686,#3695,#3699,.T.);
#3701=ORIENTED_EDGE('',*,*,#3700,.T.);
#3702=CARTESIAN_POINT('',(313.487241,-152.295,0.));
#3703=VERTEX_POINT('',#3702);
#3704=CARTESIAN_POINT('',(313.987241,-152.295,0.));
#3705=DIRECTION('',(0.,0.,-1.));
#3706=DIRECTION('',(-1.,0.,0.));
#3707=AXIS2_PLACEMENT_3D('',#3704,#3705,#3706);
#3708=CIRCLE('',#3707,0.5);
#3709=EDGE_CURVE('',#3695,#3703,#3708,.T.);
#3710=ORIENTED_EDGE('',*,*,#3709,.T.);
#3711=CARTESIAN_POINT('',(313.937241,-151.797506281,0.));
#3712=VERTEX_POINT('',#3711);
#3713=CARTESIAN_POINT('',(313.987241,-152.295,0.));
#3714=DIRECTION('',(0.,0.,-1.));
#3715=DIRECTION('',(-1.,0.,0.));
#3716=AXIS2_PLACEMENT_3D('',#3713,#3714,#3715);
#3717=CIRCLE('',#3716,0.5);
#3718=EDGE_CURVE('',#3703,#3712,#3717,.T.);
#3719=ORIENTED_EDGE('',*,*,#3718,.T.);
#3720=CARTESIAN_POINT('',(313.937241,-138.745,0.));
#3721=VERTEX_POINT('',#3720);
#3722=CARTESIAN_POINT('',(313.937241,-151.797506281,0.));
#3723=DIRECTION('',(0.,1.,0.));
#3724=VECTOR('',#3723,13.052506281);
#3725=LINE('',#3722,#3724);
#3726=EDGE_CURVE('',#3712,#3721,#3725,.T.);
#3727=ORIENTED_EDGE('',*,*,#3726,.T.);
#3728=CARTESIAN_POINT('',(313.437241,-138.245,0.));
#3729=VERTEX_POINT('',#3728);
#3730=CARTESIAN_POINT('',(313.937241,-138.245,0.));
#3731=DIRECTION('',(0.,0.,-1.));
#3732=DIRECTION('',(-1.,0.,0.));
#3733=AXIS2_PLACEMENT_3D('',#3730,#3731,#3732);
#3734=CIRCLE('',#3733,0.5);
#3735=EDGE_CURVE('',#3721,#3729,#3734,.T.);
#3736=ORIENTED_EDGE('',*,*,#3735,.T.);
#3737=CARTESIAN_POINT('',(314.434734719,-138.195,0.));
#3738=VERTEX_POINT('',#3737);
#3739=CARTESIAN_POINT('',(313.937241,-138.245,0.));
#3740=DIRECTION('',(0.,0.,-1.));
#3741=DIRECTION('',(-1.,0.,0.));
#3742=AXIS2_PLACEMENT_3D('',#3739,#3740,#3741);
#3743=CIRCLE('',#3742,0.5);
#3744=EDGE_CURVE('',#3729,#3738,#3743,.T.);
#3745=ORIENTED_EDGE('',*,*,#3744,.T.);
#3746=CARTESIAN_POINT('',(327.487241,-138.195,0.));
#3747=VERTEX_POINT('',#3746);
#3748=CARTESIAN_POINT('',(314.434734719,-138.195,0.));
#3749=DIRECTION('',(1.,0.,-0.));
#3750=VECTOR('',#3749,13.052506281);
#3751=LINE('',#3748,#3750);
#3752=EDGE_CURVE('',#3738,#3747,#3751,.T.);
#3753=ORIENTED_EDGE('',*,*,#3752,.T.);
#3754=CARTESIAN_POINT('',(328.037241,-138.692493719,0.));
#3755=VERTEX_POINT('',#3754);
#3756=CARTESIAN_POINT('',(327.987241,-138.195,0.));
#3757=DIRECTION('',(0.,0.,-1.));
#3758=DIRECTION('',(-1.,0.,0.));
#3759=AXIS2_PLACEMENT_3D('',#3756,#3757,#3758);
#3760=CIRCLE('',#3759,0.5);
#3761=EDGE_CURVE('',#3747,#3755,#3760,.T.);
#3762=ORIENTED_EDGE('',*,*,#3761,.T.);
#3763=CARTESIAN_POINT('',(328.037241,-138.692493719,0.));
#3764=DIRECTION('',(0.,-1.,0.));
#3765=VECTOR('',#3764,13.052506281);
#3766=LINE('',#3763,#3765);
#3767=EDGE_CURVE('',#3755,#3684,#3766,.T.);
#3768=ORIENTED_EDGE('',*,*,#3767,.T.);
#3769=EDGE_LOOP('',(#3693,#3701,#3710,#3719,#3727,#3736,#3745,#3753,#3762,#3768));
#3770=FACE_BOUND('',#3769,.T.);
#3771=CARTESIAN_POINT('',(346.537241,-123.9075,0.));
#3772=VERTEX_POINT('',#3771);
#3773=CARTESIAN_POINT('',(347.087241,-124.404993719,0.));
#3774=VERTEX_POINT('',#3773);
#3775=CARTESIAN_POINT('',(347.037241,-123.9075,0.));
#3776=DIRECTION('',(0.,0.,-1.));
#3777=DIRECTION('',(-1.,0.,0.));
#3778=AXIS2_PLACEMENT_3D('',#3775,#3776,#3777);
#3779=CIRCLE('',#3778,0.5);
#3780=EDGE_CURVE('',#3772,#3774,#3779,.T.);
#3781=ORIENTED_EDGE('',*,*,#3780,.T.);
#3782=CARTESIAN_POINT('',(347.087241,-137.9575,0.));
#3783=VERTEX_POINT('',#3782);
#3784=CARTESIAN_POINT('',(347.087241,-124.404993719,0.));
#3785=DIRECTION('',(0.,-1.,0.));
#3786=VECTOR('',#3785,13.552506281);
#3787=LINE('',#3784,#3786);
#3788=EDGE_CURVE('',#3774,#3783,#3787,.T.);
#3789=ORIENTED_EDGE('',*,*,#3788,.T.);
#3790=CARTESIAN_POINT('',(347.083435,-137.976634,0.));
#3791=VERTEX_POINT('',#3790);
#3792=CARTESIAN_POINT('',(347.087241,-137.9575,0.));
#3793=DIRECTION('',(-0.195090853,-0.980785175,0.));
#3794=VECTOR('',#3793,0.019508859);
#3795=LINE('',#3792,#3794);
#3796=EDGE_CURVE('',#3783,#3791,#3795,.T.);
#3797=ORIENTED_EDGE('',*,*,#3796,.T.);
#3798=CARTESIAN_POINT('',(347.056375,-138.003694,0.));
#3799=VERTEX_POINT('',#3798);
#3800=CARTESIAN_POINT('',(347.083435,-137.976634,0.));
#3801=DIRECTION('',(-0.707106781,-0.707106781,0.));
#3802=VECTOR('',#3801,0.038268619);
#3803=LINE('',#3800,#3802);
#3804=EDGE_CURVE('',#3791,#3799,#3803,.T.);
#3805=ORIENTED_EDGE('',*,*,#3804,.T.);
#3806=CARTESIAN_POINT('',(347.037241,-138.0075,0.));
#3807=VERTEX_POINT('',#3806);
#3808=CARTESIAN_POINT('',(347.056375,-138.003694,0.));
#3809=DIRECTION('',(-0.980785175,-0.195090853,0.));
#3810=VECTOR('',#3809,0.019508859);
#3811=LINE('',#3808,#3810);
#3812=EDGE_CURVE('',#3799,#3807,#3811,.T.);
#3813=ORIENTED_EDGE('',*,*,#3812,.T.);
#3814=CARTESIAN_POINT('',(333.484734719,-138.0075,0.));
#3815=VERTEX_POINT('',#3814);
#3816=CARTESIAN_POINT('',(347.037241,-138.0075,0.));
#3817=DIRECTION('',(-1.,0.,0.));
#3818=VECTOR('',#3817,13.552506281);
#3819=LINE('',#3816,#3818);
#3820=EDGE_CURVE('',#3807,#3815,#3819,.T.);
#3821=ORIENTED_EDGE('',*,*,#3820,.T.);
#3822=CARTESIAN_POINT('',(332.487241,-137.9575,0.));
#3823=VERTEX_POINT('',#3822);
#3824=CARTESIAN_POINT('',(332.987241,-137.9575,0.));
#3825=DIRECTION('',(0.,0.,-1.));
#3826=DIRECTION('',(-1.,0.,0.));
#3827=AXIS2_PLACEMENT_3D('',#3824,#3825,#3826);
#3828=CIRCLE('',#3827,0.5);
#3829=EDGE_CURVE('',#3815,#3823,#3828,.T.);
#3830=ORIENTED_EDGE('',*,*,#3829,.T.);
#3831=CARTESIAN_POINT('',(332.987241,-137.4575,0.));
#3832=VERTEX_POINT('',#3831);
#3833=CARTESIAN_POINT('',(332.987241,-137.9575,0.));
#3834=DIRECTION('',(0.,0.,-1.));
#3835=DIRECTION('',(-1.,0.,0.));
#3836=AXIS2_PLACEMENT_3D('',#3833,#3834,#3835);
#3837=CIRCLE('',#3836,0.5);
#3838=EDGE_CURVE('',#3823,#3832,#3837,.T.);
#3839=ORIENTED_EDGE('',*,*,#3838,.T.);
#3840=CARTESIAN_POINT('',(332.987241,-124.410352381,0.));
#3841=VERTEX_POINT('',#3840);
#3842=CARTESIAN_POINT('',(332.987241,-137.4575,0.));
#3843=DIRECTION('',(0.,1.,0.));
#3844=VECTOR('',#3843,13.047147619);
#3845=LINE('',#3842,#3844);
#3846=EDGE_CURVE('',#3832,#3841,#3845,.T.);
#3847=ORIENTED_EDGE('',*,*,#3846,.T.);
#3848=CARTESIAN_POINT('',(332.518107,-123.911306,0.));
#3849=VERTEX_POINT('',#3848);
#3850=CARTESIAN_POINT('',(333.018107,-123.911306,0.));
#3851=DIRECTION('',(0.,0.,-1.));
#3852=DIRECTION('',(-1.,0.,0.));
#3853=AXIS2_PLACEMENT_3D('',#3850,#3851,#3852);
#3854=CIRCLE('',#3853,0.5);
#3855=EDGE_CURVE('',#3841,#3849,#3854,.T.);
#3856=ORIENTED_EDGE('',*,*,#3855,.T.);
#3857=CARTESIAN_POINT('',(333.518092514,-123.9075,0.));
#3858=VERTEX_POINT('',#3857);
#3859=CARTESIAN_POINT('',(333.018107,-123.911306,0.));
#3860=DIRECTION('',(0.,0.,-1.));
#3861=DIRECTION('',(-1.,0.,0.));
#3862=AXIS2_PLACEMENT_3D('',#3859,#3860,#3861);
#3863=CIRCLE('',#3862,0.5);
#3864=EDGE_CURVE('',#3849,#3858,#3863,.T.);
#3865=ORIENTED_EDGE('',*,*,#3864,.T.);
#3866=CARTESIAN_POINT('',(333.518092514,-123.9075,0.));
#3867=DIRECTION('',(1.,0.,-0.));
#3868=VECTOR('',#3867,13.019148486);
#3869=LINE('',#3866,#3868);
#3870=EDGE_CURVE('',#3858,#3772,#3869,.T.);
#3871=ORIENTED_EDGE('',*,*,#3870,.T.);
#3872=EDGE_LOOP('',(#3781,#3789,#3797,#3805,#3813,#3821,#3830,#3839,#3847,#3856,#3865,#3871));
#3873=FACE_BOUND('',#3872,.T.);
#3874=CARTESIAN_POINT('',(308.987241,-127.9325,0.));
#3875=VERTEX_POINT('',#3874);
#3876=CARTESIAN_POINT('',(308.489747281,-128.4825,0.));
#3877=VERTEX_POINT('',#3876);
#3878=CARTESIAN_POINT('',(308.987241,-128.4325,0.));
#3879=DIRECTION('',(0.,0.,-1.));
#3880=DIRECTION('',(-1.,0.,0.));
#3881=AXIS2_PLACEMENT_3D('',#3878,#3879,#3880);
#3882=CIRCLE('',#3881,0.5);
#3883=EDGE_CURVE('',#3875,#3877,#3882,.T.);
#3884=ORIENTED_EDGE('',*,*,#3883,.T.);
#3885=CARTESIAN_POINT('',(295.437241,-128.4825,0.));
#3886=VERTEX_POINT('',#3885);
#3887=CARTESIAN_POINT('',(308.489747281,-128.4825,0.));
#3888=DIRECTION('',(-1.,0.,0.));
#3889=VECTOR('',#3888,13.052506281);
#3890=LINE('',#3887,#3889);
#3891=EDGE_CURVE('',#3877,#3886,#3890,.T.);
#3892=ORIENTED_EDGE('',*,*,#3891,.T.);
#3893=CARTESIAN_POINT('',(294.437241,-128.4825,0.));
#3894=VERTEX_POINT('',#3893);
#3895=CARTESIAN_POINT('',(294.937241,-128.4825,0.));
#3896=DIRECTION('',(0.,0.,-1.));
#3897=DIRECTION('',(-1.,0.,0.));
#3898=AXIS2_PLACEMENT_3D('',#3895,#3896,#3897);
#3899=CIRCLE('',#3898,0.5);
#3900=EDGE_CURVE('',#3886,#3894,#3899,.T.);
#3901=ORIENTED_EDGE('',*,*,#3900,.T.);
#3902=CARTESIAN_POINT('',(294.887241,-127.985006281,0.));
#3903=VERTEX_POINT('',#3902);
#3904=CARTESIAN_POINT('',(294.937241,-128.4825,0.));
#3905=DIRECTION('',(0.,0.,-1.));
#3906=DIRECTION('',(-1.,0.,0.));
#3907=AXIS2_PLACEMENT_3D('',#3904,#3905,#3906);
#3908=CIRCLE('',#3907,0.5);
#3909=EDGE_CURVE('',#3894,#3903,#3908,.T.);
#3910=ORIENTED_EDGE('',*,*,#3909,.T.);
#3911=CARTESIAN_POINT('',(294.887241,-114.9325,0.));
#3912=VERTEX_POINT('',#3911);
#3913=CARTESIAN_POINT('',(294.887241,-127.985006281,0.));
#3914=DIRECTION('',(0.,1.,0.));
#3915=VECTOR('',#3914,13.052506281);
#3916=LINE('',#3913,#3915);
#3917=EDGE_CURVE('',#3903,#3912,#3916,.T.);
#3918=ORIENTED_EDGE('',*,*,#3917,.T.);
#3919=CARTESIAN_POINT('',(294.387241,-114.4325,0.));
#3920=VERTEX_POINT('',#3919);
#3921=CARTESIAN_POINT('',(294.887241,-114.4325,0.));
#3922=DIRECTION('',(0.,0.,1.));
#3923=DIRECTION('',(1.,0.,-0.));
#3924=AXIS2_PLACEMENT_3D('',#3921,#3922,#3923);
#3925=CIRCLE('',#3924,0.5);
#3926=EDGE_CURVE('',#3920,#3912,#3925,.T.);
#3927=ORIENTED_EDGE('',*,*,#3926,.F.);
#3928=CARTESIAN_POINT('',(295.384734719,-114.3825,0.));
#3929=VERTEX_POINT('',#3928);
#3930=CARTESIAN_POINT('',(294.887241,-114.4325,0.));
#3931=DIRECTION('',(0.,0.,1.));
#3932=DIRECTION('',(1.,0.,-0.));
#3933=AXIS2_PLACEMENT_3D('',#3930,#3931,#3932);
#3934=CIRCLE('',#3933,0.5);
#3935=EDGE_CURVE('',#3929,#3920,#3934,.T.);
#3936=ORIENTED_EDGE('',*,*,#3935,.F.);
#3937=CARTESIAN_POINT('',(308.437241,-114.3825,0.));
#3938=VERTEX_POINT('',#3937);
#3939=CARTESIAN_POINT('',(295.384734719,-114.3825,0.));
#3940=DIRECTION('',(1.,0.,-0.));
#3941=VECTOR('',#3940,13.052506281);
#3942=LINE('',#3939,#3941);
#3943=EDGE_CURVE('',#3929,#3938,#3942,.T.);
#3944=ORIENTED_EDGE('',*,*,#3943,.T.);
#3945=CARTESIAN_POINT('',(308.987241,-114.879993719,0.));
#3946=VERTEX_POINT('',#3945);
#3947=CARTESIAN_POINT('',(308.937241,-114.3825,0.));
#3948=DIRECTION('',(0.,0.,-1.));
#3949=DIRECTION('',(-1.,0.,0.));
#3950=AXIS2_PLACEMENT_3D('',#3947,#3948,#3949);
#3951=CIRCLE('',#3950,0.5);
#3952=EDGE_CURVE('',#3938,#3946,#3951,.T.);
#3953=ORIENTED_EDGE('',*,*,#3952,.T.);
#3954=CARTESIAN_POINT('',(308.987241,-114.879993719,0.));
#3955=DIRECTION('',(0.,-1.,0.));
#3956=VECTOR('',#3955,13.052506281);
#3957=LINE('',#3954,#3956);
#3958=EDGE_CURVE('',#3946,#3875,#3957,.T.);
#3959=ORIENTED_EDGE('',*,*,#3958,.T.);
#3960=EDGE_LOOP('',(#3884,#3892,#3901,#3910,#3918,#3927,#3936,#3944,#3953,#3959));
#3961=FACE_BOUND('',#3960,.T.);
#3962=CARTESIAN_POINT('',(328.037241,-113.697506281,0.));
#3963=VERTEX_POINT('',#3962);
#3964=CARTESIAN_POINT('',(327.487241,-114.195,0.));
#3965=VERTEX_POINT('',#3964);
#3966=CARTESIAN_POINT('',(327.987241,-114.195,0.));
#3967=DIRECTION('',(0.,0.,-1.));
#3968=DIRECTION('',(-1.,0.,0.));
#3969=AXIS2_PLACEMENT_3D('',#3966,#3967,#3968);
#3970=CIRCLE('',#3969,0.5);
#3971=EDGE_CURVE('',#3963,#3965,#3970,.T.);
#3972=ORIENTED_EDGE('',*,*,#3971,.T.);
#3973=CARTESIAN_POINT('',(314.468092514,-114.195,0.));
#3974=VERTEX_POINT('',#3973);
#3975=CARTESIAN_POINT('',(327.487241,-114.195,0.));
#3976=DIRECTION('',(-1.,0.,0.));
#3977=VECTOR('',#3976,13.019148486);
#3978=LINE('',#3975,#3977);
#3979=EDGE_CURVE('',#3965,#3974,#3978,.T.);
#3980=ORIENTED_EDGE('',*,*,#3979,.T.);
#3981=CARTESIAN_POINT('',(313.468107,-114.191194,0.));
#3982=VERTEX_POINT('',#3981);
#3983=CARTESIAN_POINT('',(313.968107,-114.191194,0.));
#3984=DIRECTION('',(0.,0.,-1.));
#3985=DIRECTION('',(-1.,0.,0.));
#3986=AXIS2_PLACEMENT_3D('',#3983,#3984,#3985);
#3987=CIRCLE('',#3986,0.5);
#3988=EDGE_CURVE('',#3974,#3982,#3987,.T.);
#3989=ORIENTED_EDGE('',*,*,#3988,.T.);
#3990=CARTESIAN_POINT('',(313.937241,-113.692147619,0.));
#3991=VERTEX_POINT('',#3990);
#3992=CARTESIAN_POINT('',(313.968107,-114.191194,0.));
#3993=DIRECTION('',(0.,0.,-1.));
#3994=DIRECTION('',(-1.,0.,0.));
#3995=AXIS2_PLACEMENT_3D('',#3992,#3993,#3994);
#3996=CIRCLE('',#3995,0.5);
#3997=EDGE_CURVE('',#3982,#3991,#3996,.T.);
#3998=ORIENTED_EDGE('',*,*,#3997,.T.);
#3999=CARTESIAN_POINT('',(313.937241,-100.592493719,0.));
#4000=VERTEX_POINT('',#3999);
#4001=CARTESIAN_POINT('',(313.937241,-113.692147619,0.));
#4002=DIRECTION('',(0.,1.,0.));
#4003=VECTOR('',#4002,13.099653901);
#4004=LINE('',#4001,#4003);
#4005=EDGE_CURVE('',#3991,#4000,#4004,.T.);
#4006=ORIENTED_EDGE('',*,*,#4005,.T.);
#4007=CARTESIAN_POINT('',(313.487241,-100.095,0.));
#4008=VERTEX_POINT('',#4007);
#4009=CARTESIAN_POINT('',(313.987241,-100.095,0.));
#4010=DIRECTION('',(0.,0.,-1.));
#4011=DIRECTION('',(-1.,0.,0.));
#4012=AXIS2_PLACEMENT_3D('',#4009,#4010,#4011);
#4013=CIRCLE('',#4012,0.5);
#4014=EDGE_CURVE('',#4000,#4008,#4013,.T.);
#4015=ORIENTED_EDGE('',*,*,#4014,.T.);
#4016=CARTESIAN_POINT('',(314.487241,-100.095,0.));
#4017=VERTEX_POINT('',#4016);
#4018=CARTESIAN_POINT('',(313.987241,-100.095,0.));
#4019=DIRECTION('',(0.,0.,-1.));
#4020=DIRECTION('',(-1.,0.,0.));
#4021=AXIS2_PLACEMENT_3D('',#4018,#4019,#4020);
#4022=CIRCLE('',#4021,0.5);
#4023=EDGE_CURVE('',#4008,#4017,#4022,.T.);
#4024=ORIENTED_EDGE('',*,*,#4023,.T.);
#4025=CARTESIAN_POINT('',(327.487241,-100.095,0.));
#4026=VERTEX_POINT('',#4025);
#4027=CARTESIAN_POINT('',(314.487241,-100.095,0.));
#4028=DIRECTION('',(1.,0.,-0.));
#4029=VECTOR('',#4028,13.);
#4030=LINE('',#4027,#4029);
#4031=EDGE_CURVE('',#4017,#4026,#4030,.T.);
#4032=ORIENTED_EDGE('',*,*,#4031,.T.);
#4033=CARTESIAN_POINT('',(328.037241,-100.592493719,0.));
#4034=VERTEX_POINT('',#4033);
#4035=CARTESIAN_POINT('',(327.987241,-100.095,0.));
#4036=DIRECTION('',(0.,0.,-1.));
#4037=DIRECTION('',(-1.,0.,0.));
#4038=AXIS2_PLACEMENT_3D('',#4035,#4036,#4037);
#4039=CIRCLE('',#4038,0.5);
#4040=EDGE_CURVE('',#4026,#4034,#4039,.T.);
#4041=ORIENTED_EDGE('',*,*,#4040,.T.);
#4042=CARTESIAN_POINT('',(328.037241,-100.592493719,0.));
#4043=DIRECTION('',(0.,-1.,0.));
#4044=VECTOR('',#4043,13.105012563);
#4045=LINE('',#4042,#4044);
#4046=EDGE_CURVE('',#4034,#3963,#4045,.T.);
#4047=ORIENTED_EDGE('',*,*,#4046,.T.);
#4048=EDGE_LOOP('',(#3972,#3980,#3989,#3998,#4006,#4015,#4024,#4032,#4041,#4047));
#4049=FACE_BOUND('',#4048,.T.);
#4050=CARTESIAN_POINT('',(308.987241,-108.8825,0.));
#4051=VERTEX_POINT('',#4050);
#4052=CARTESIAN_POINT('',(308.489747281,-109.4325,0.));
#4053=VERTEX_POINT('',#4052);
#4054=CARTESIAN_POINT('',(308.987241,-109.3825,0.));
#4055=DIRECTION('',(0.,0.,-1.));
#4056=DIRECTION('',(-1.,0.,0.));
#4057=AXIS2_PLACEMENT_3D('',#4054,#4055,#4056);
#4058=CIRCLE('',#4057,0.5);
#4059=EDGE_CURVE('',#4051,#4053,#4058,.T.);
#4060=ORIENTED_EDGE('',*,*,#4059,.T.);
#4061=CARTESIAN_POINT('',(295.384734719,-109.4325,0.));
#4062=VERTEX_POINT('',#4061);
#4063=CARTESIAN_POINT('',(308.489747281,-109.4325,0.));
#4064=DIRECTION('',(-1.,0.,0.));
#4065=VECTOR('',#4064,13.105012563);
#4066=LINE('',#4063,#4065);
#4067=EDGE_CURVE('',#4053,#4062,#4066,.T.);
#4068=ORIENTED_EDGE('',*,*,#4067,.T.);
#4069=CARTESIAN_POINT('',(294.387241,-109.3825,0.));
#4070=VERTEX_POINT('',#4069);
#4071=CARTESIAN_POINT('',(294.887241,-109.3825,0.));
#4072=DIRECTION('',(0.,0.,1.));
#4073=DIRECTION('',(1.,0.,-0.));
#4074=AXIS2_PLACEMENT_3D('',#4071,#4072,#4073);
#4075=CIRCLE('',#4074,0.5);
#4076=EDGE_CURVE('',#4070,#4062,#4075,.T.);
#4077=ORIENTED_EDGE('',*,*,#4076,.F.);
#4078=CARTESIAN_POINT('',(294.887241,-108.8825,0.));
#4079=VERTEX_POINT('',#4078);
#4080=CARTESIAN_POINT('',(294.887241,-109.3825,0.));
#4081=DIRECTION('',(0.,0.,1.));
#4082=DIRECTION('',(1.,0.,-0.));
#4083=AXIS2_PLACEMENT_3D('',#4080,#4081,#4082);
#4084=CIRCLE('',#4083,0.5);
#4085=EDGE_CURVE('',#4079,#4070,#4084,.T.);
#4086=ORIENTED_EDGE('',*,*,#4085,.F.);
#4087=CARTESIAN_POINT('',(294.887241,-95.8825,0.));
#4088=VERTEX_POINT('',#4087);
#4089=CARTESIAN_POINT('',(294.887241,-108.8825,0.));
#4090=DIRECTION('',(0.,1.,0.));
#4091=VECTOR('',#4090,13.);
#4092=LINE('',#4089,#4091);
#4093=EDGE_CURVE('',#4079,#4088,#4092,.T.);
#4094=ORIENTED_EDGE('',*,*,#4093,.T.);
#4095=CARTESIAN_POINT('',(294.387241,-95.3825,0.));
#4096=VERTEX_POINT('',#4095);
#4097=CARTESIAN_POINT('',(294.887241,-95.3825,0.));
#4098=DIRECTION('',(0.,0.,-1.));
#4099=DIRECTION('',(-1.,0.,0.));
#4100=AXIS2_PLACEMENT_3D('',#4097,#4098,#4099);
#4101=CIRCLE('',#4100,0.5);
#4102=EDGE_CURVE('',#4088,#4096,#4101,.T.);
#4103=ORIENTED_EDGE('',*,*,#4102,.T.);
#4104=CARTESIAN_POINT('',(295.384734719,-95.3325,0.));
#4105=VERTEX_POINT('',#4104);
#4106=CARTESIAN_POINT('',(294.887241,-95.3825,0.));
#4107=DIRECTION('',(0.,0.,-1.));
#4108=DIRECTION('',(-1.,0.,0.));
#4109=AXIS2_PLACEMENT_3D('',#4106,#4107,#4108);
#4110=CIRCLE('',#4109,0.5);
#4111=EDGE_CURVE('',#4096,#4105,#4110,.T.);
#4112=ORIENTED_EDGE('',*,*,#4111,.T.);
#4113=CARTESIAN_POINT('',(308.437241,-95.3325,0.));
#4114=VERTEX_POINT('',#4113);
#4115=CARTESIAN_POINT('',(295.384734719,-95.3325,0.));
#4116=DIRECTION('',(1.,0.,-0.));
#4117=VECTOR('',#4116,13.052506281);
#4118=LINE('',#4115,#4117);
#4119=EDGE_CURVE('',#4105,#4114,#4118,.T.);
#4120=ORIENTED_EDGE('',*,*,#4119,.T.);
#4121=CARTESIAN_POINT('',(308.987241,-95.829993719,0.));
#4122=VERTEX_POINT('',#4121);
#4123=CARTESIAN_POINT('',(308.937241,-95.3325,0.));
#4124=DIRECTION('',(0.,0.,-1.));
#4125=DIRECTION('',(-1.,0.,0.));
#4126=AXIS2_PLACEMENT_3D('',#4123,#4124,#4125);
#4127=CIRCLE('',#4126,0.5);
#4128=EDGE_CURVE('',#4114,#4122,#4127,.T.);
#4129=ORIENTED_EDGE('',*,*,#4128,.T.);
#4130=CARTESIAN_POINT('',(308.987241,-95.829993719,0.));
#4131=DIRECTION('',(0.,-1.,0.));
#4132=VECTOR('',#4131,13.052506281);
#4133=LINE('',#4130,#4132);
#4134=EDGE_CURVE('',#4122,#4051,#4133,.T.);
#4135=ORIENTED_EDGE('',*,*,#4134,.T.);
#4136=EDGE_LOOP('',(#4060,#4068,#4077,#4086,#4094,#4103,#4112,#4120,#4129,#4135));
#4137=FACE_BOUND('',#4136,.T.);
#4138=CARTESIAN_POINT('',(308.456389486,-133.4325,0.));
#4139=VERTEX_POINT('',#4138);
#4140=CARTESIAN_POINT('',(308.987241,-133.935352381,0.));
#4141=VERTEX_POINT('',#4140);
#4142=CARTESIAN_POINT('',(308.956375,-133.436306,0.));
#4143=DIRECTION('',(0.,0.,-1.));
#4144=DIRECTION('',(-1.,0.,0.));
#4145=AXIS2_PLACEMENT_3D('',#4142,#4143,#4144);
#4146=CIRCLE('',#4145,0.5);
#4147=EDGE_CURVE('',#4139,#4141,#4146,.T.);
#4148=ORIENTED_EDGE('',*,*,#4147,.T.);
#4149=CARTESIAN_POINT('',(308.987241,-146.9825,0.));
#4150=VERTEX_POINT('',#4149);
#4151=CARTESIAN_POINT('',(308.987241,-133.935352381,0.));
#4152=DIRECTION('',(0.,-1.,0.));
#4153=VECTOR('',#4152,13.047147619);
#4154=LINE('',#4151,#4153);
#4155=EDGE_CURVE('',#4141,#4150,#4154,.T.);
#4156=ORIENTED_EDGE('',*,*,#4155,.T.);
#4157=CARTESIAN_POINT('',(308.489747281,-147.5325,0.));
#4158=VERTEX_POINT('',#4157);
#4159=CARTESIAN_POINT('',(308.987241,-147.4825,0.));
#4160=DIRECTION('',(0.,0.,-1.));
#4161=DIRECTION('',(-1.,0.,0.));
#4162=AXIS2_PLACEMENT_3D('',#4159,#4160,#4161);
#4163=CIRCLE('',#4162,0.5);
#4164=EDGE_CURVE('',#4150,#4158,#4163,.T.);
#4165=ORIENTED_EDGE('',*,*,#4164,.T.);
#4166=CARTESIAN_POINT('',(295.384734719,-147.5325,0.));
#4167=VERTEX_POINT('',#4166);
#4168=CARTESIAN_POINT('',(308.489747281,-147.5325,0.));
#4169=DIRECTION('',(-1.,0.,0.));
#4170=VECTOR('',#4169,13.105012563);
#4171=LINE('',#4168,#4170);
#4172=EDGE_CURVE('',#4158,#4167,#4171,.T.);
#4173=ORIENTED_EDGE('',*,*,#4172,.T.);
#4174=CARTESIAN_POINT('',(294.387241,-147.4825,0.));
#4175=VERTEX_POINT('',#4174);
#4176=CARTESIAN_POINT('',(294.887241,-147.4825,0.));
#4177=DIRECTION('',(0.,0.,-1.));
#4178=DIRECTION('',(-1.,0.,0.));
#4179=AXIS2_PLACEMENT_3D('',#4176,#4177,#4178);
#4180=CIRCLE('',#4179,0.5);
#4181=EDGE_CURVE('',#4167,#4175,#4180,.T.);
#4182=ORIENTED_EDGE('',*,*,#4181,.T.);
#4183=CARTESIAN_POINT('',(294.887241,-146.9825,0.));
#4184=VERTEX_POINT('',#4183);
#4185=CARTESIAN_POINT('',(294.887241,-147.4825,0.));
#4186=DIRECTION('',(0.,0.,-1.));
#4187=DIRECTION('',(-1.,0.,0.));
#4188=AXIS2_PLACEMENT_3D('',#4185,#4186,#4187);
#4189=CIRCLE('',#4188,0.5);
#4190=EDGE_CURVE('',#4175,#4184,#4189,.T.);
#4191=ORIENTED_EDGE('',*,*,#4190,.T.);
#4192=CARTESIAN_POINT('',(294.887241,-133.9825,0.));
#4193=VERTEX_POINT('',#4192);
#4194=CARTESIAN_POINT('',(294.887241,-146.9825,0.));
#4195=DIRECTION('',(0.,1.,0.));
#4196=VECTOR('',#4195,13.);
#4197=LINE('',#4194,#4196);
#4198=EDGE_CURVE('',#4184,#4193,#4197,.T.);
#4199=ORIENTED_EDGE('',*,*,#4198,.T.);
#4200=CARTESIAN_POINT('',(294.387241,-133.4825,0.));
#4201=VERTEX_POINT('',#4200);
#4202=CARTESIAN_POINT('',(294.887241,-133.4825,0.));
#4203=DIRECTION('',(0.,0.,-1.));
#4204=DIRECTION('',(-1.,0.,0.));
#4205=AXIS2_PLACEMENT_3D('',#4202,#4203,#4204);
#4206=CIRCLE('',#4205,0.5);
#4207=EDGE_CURVE('',#4193,#4201,#4206,.T.);
#4208=ORIENTED_EDGE('',*,*,#4207,.T.);
#4209=CARTESIAN_POINT('',(295.384734719,-133.4325,0.));
#4210=VERTEX_POINT('',#4209);
#4211=CARTESIAN_POINT('',(294.887241,-133.4825,0.));
#4212=DIRECTION('',(0.,0.,-1.));
#4213=DIRECTION('',(-1.,0.,0.));
#4214=AXIS2_PLACEMENT_3D('',#4211,#4212,#4213);
#4215=CIRCLE('',#4214,0.5);
#4216=EDGE_CURVE('',#4201,#4210,#4215,.T.);
#4217=ORIENTED_EDGE('',*,*,#4216,.T.);
#4218=CARTESIAN_POINT('',(295.384734719,-133.4325,0.));
#4219=DIRECTION('',(1.,0.,-0.));
#4220=VECTOR('',#4219,13.071654767);
#4221=LINE('',#4218,#4220);
#4222=EDGE_CURVE('',#4210,#4139,#4221,.T.);
#4223=ORIENTED_EDGE('',*,*,#4222,.T.);
#4224=EDGE_LOOP('',(#4148,#4156,#4165,#4173,#4182,#4191,#4199,#4208,#4217,#4223));
#4225=FACE_BOUND('',#4224,.T.);
#4226=CARTESIAN_POINT('',(327.539747281,-119.145,0.));
#4227=VERTEX_POINT('',#4226);
#4228=CARTESIAN_POINT('',(328.037241,-119.695,0.));
#4229=VERTEX_POINT('',#4228);
#4230=CARTESIAN_POINT('',(328.037241,-119.195,0.));
#4231=DIRECTION('',(0.,0.,-1.));
#4232=DIRECTION('',(-1.,0.,0.));
#4233=AXIS2_PLACEMENT_3D('',#4230,#4231,#4232);
#4234=CIRCLE('',#4233,0.5);
#4235=EDGE_CURVE('',#4227,#4229,#4234,.T.);
#4236=ORIENTED_EDGE('',*,*,#4235,.T.);
#4237=CARTESIAN_POINT('',(328.037241,-132.747506281,0.));
#4238=VERTEX_POINT('',#4237);
#4239=CARTESIAN_POINT('',(328.037241,-119.695,0.));
#4240=DIRECTION('',(0.,-1.,0.));
#4241=VECTOR('',#4240,13.052506281);
#4242=LINE('',#4239,#4241);
#4243=EDGE_CURVE('',#4229,#4238,#4242,.T.);
#4244=ORIENTED_EDGE('',*,*,#4243,.T.);
#4245=CARTESIAN_POINT('',(327.487241,-133.245,0.));
#4246=VERTEX_POINT('',#4245);
#4247=CARTESIAN_POINT('',(327.987241,-133.245,0.));
#4248=DIRECTION('',(0.,0.,-1.));
#4249=DIRECTION('',(-1.,0.,0.));
#4250=AXIS2_PLACEMENT_3D('',#4247,#4248,#4249);
#4251=CIRCLE('',#4250,0.5);
#4252=EDGE_CURVE('',#4238,#4246,#4251,.T.);
#4253=ORIENTED_EDGE('',*,*,#4252,.T.);
#4254=CARTESIAN_POINT('',(314.468092514,-133.245,0.));
#4255=VERTEX_POINT('',#4254);
#4256=CARTESIAN_POINT('',(327.487241,-133.245,0.));
#4257=DIRECTION('',(-1.,0.,0.));
#4258=VECTOR('',#4257,13.019148486);
#4259=LINE('',#4256,#4258);
#4260=EDGE_CURVE('',#4246,#4255,#4259,.T.);
#4261=ORIENTED_EDGE('',*,*,#4260,.T.);
#4262=CARTESIAN_POINT('',(313.468107,-133.241194,0.));
#4263=VERTEX_POINT('',#4262);
#4264=CARTESIAN_POINT('',(313.968107,-133.241194,0.));
#4265=DIRECTION('',(0.,0.,-1.));
#4266=DIRECTION('',(-1.,0.,0.));
#4267=AXIS2_PLACEMENT_3D('',#4264,#4265,#4266);
#4268=CIRCLE('',#4267,0.5);
#4269=EDGE_CURVE('',#4255,#4263,#4268,.T.);
#4270=ORIENTED_EDGE('',*,*,#4269,.T.);
#4271=CARTESIAN_POINT('',(313.937241,-132.742147619,0.));
#4272=VERTEX_POINT('',#4271);
#4273=CARTESIAN_POINT('',(313.968107,-133.241194,0.));
#4274=DIRECTION('',(0.,0.,-1.));
#4275=DIRECTION('',(-1.,0.,0.));
#4276=AXIS2_PLACEMENT_3D('',#4273,#4274,#4275);
#4277=CIRCLE('',#4276,0.5);
#4278=EDGE_CURVE('',#4263,#4272,#4277,.T.);
#4279=ORIENTED_EDGE('',*,*,#4278,.T.);
#4280=CARTESIAN_POINT('',(313.937241,-119.675851514,0.));
#4281=VERTEX_POINT('',#4280);
#4282=CARTESIAN_POINT('',(313.937241,-132.742147619,0.));
#4283=DIRECTION('',(0.,1.,0.));
#4284=VECTOR('',#4283,13.066296105);
#4285=LINE('',#4282,#4284);
#4286=EDGE_CURVE('',#4272,#4281,#4285,.T.);
#4287=ORIENTED_EDGE('',*,*,#4286,.T.);
#4288=CARTESIAN_POINT('',(313.441047,-119.175866,0.));
#4289=VERTEX_POINT('',#4288);
#4290=CARTESIAN_POINT('',(313.941047,-119.175866,0.));
#4291=DIRECTION('',(0.,0.,-1.));
#4292=DIRECTION('',(-1.,0.,0.));
#4293=AXIS2_PLACEMENT_3D('',#4290,#4291,#4292);
#4294=CIRCLE('',#4293,0.5);
#4295=EDGE_CURVE('',#4281,#4289,#4294,.T.);
#4296=ORIENTED_EDGE('',*,*,#4295,.T.);
#4297=CARTESIAN_POINT('',(314.440093381,-119.145,0.));
#4298=VERTEX_POINT('',#4297);
#4299=CARTESIAN_POINT('',(313.941047,-119.175866,0.));
#4300=DIRECTION('',(0.,0.,-1.));
#4301=DIRECTION('',(-1.,0.,0.));
#4302=AXIS2_PLACEMENT_3D('',#4299,#4300,#4301);
#4303=CIRCLE('',#4302,0.5);
#4304=EDGE_CURVE('',#4289,#4298,#4303,.T.);
#4305=ORIENTED_EDGE('',*,*,#4304,.T.);
#4306=CARTESIAN_POINT('',(314.440093381,-119.145,0.));
#4307=DIRECTION('',(1.,0.,-0.));
#4308=VECTOR('',#4307,13.099653901);
#4309=LINE('',#4306,#4308);
#4310=EDGE_CURVE('',#4298,#4227,#4309,.T.);
#4311=ORIENTED_EDGE('',*,*,#4310,.T.);
#4312=EDGE_LOOP('',(#4236,#4244,#4253,#4261,#4270,#4279,#4287,#4296,#4305,#4311));
#4313=FACE_BOUND('',#4312,.T.);
#4314=CARTESIAN_POINT('',(270.887241,-105.388351514,0.));
#4315=VERTEX_POINT('',#4314);
#4316=CARTESIAN_POINT('',(270.384388619,-104.8575,0.));
#4317=VERTEX_POINT('',#4316);
#4318=CARTESIAN_POINT('',(270.883435,-104.888366,0.));
#4319=DIRECTION('',(0.,0.,1.));
#4320=DIRECTION('',(1.,0.,-0.));
#4321=AXIS2_PLACEMENT_3D('',#4318,#4319,#4320);
#4322=CIRCLE('',#4321,0.5);
#4323=EDGE_CURVE('',#4315,#4317,#4322,.T.);
#4324=ORIENTED_EDGE('',*,*,#4323,.F.);
#4325=CARTESIAN_POINT('',(270.887241,-118.460006281,0.));
#4326=VERTEX_POINT('',#4325);
#4327=CARTESIAN_POINT('',(270.887241,-105.388351514,0.));
#4328=DIRECTION('',(0.,-1.,0.));
#4329=VECTOR('',#4328,13.071654767);
#4330=LINE('',#4327,#4329);
#4331=EDGE_CURVE('',#4315,#4326,#4330,.T.);
#4332=ORIENTED_EDGE('',*,*,#4331,.T.);
#4333=CARTESIAN_POINT('',(270.337241,-118.9575,0.));
#4334=VERTEX_POINT('',#4333);
#4335=CARTESIAN_POINT('',(270.837241,-118.9575,0.));
#4336=DIRECTION('',(0.,0.,1.));
#4337=DIRECTION('',(1.,0.,-0.));
#4338=AXIS2_PLACEMENT_3D('',#4335,#4336,#4337);
#4339=CIRCLE('',#4338,0.5);
#4340=EDGE_CURVE('',#4334,#4326,#4339,.T.);
#4341=ORIENTED_EDGE('',*,*,#4340,.F.);
#4342=CARTESIAN_POINT('',(257.290093381,-118.9575,0.));
#4343=VERTEX_POINT('',#4342);
#4344=CARTESIAN_POINT('',(270.337241,-118.9575,0.));
#4345=DIRECTION('',(-1.,0.,0.));
#4346=VECTOR('',#4345,13.047147619);
#4347=LINE('',#4344,#4346);
#4348=EDGE_CURVE('',#4334,#4343,#4347,.T.);
#4349=ORIENTED_EDGE('',*,*,#4348,.T.);
#4350=CARTESIAN_POINT('',(256.291047,-118.926634,0.));
#4351=VERTEX_POINT('',#4350);
#4352=CARTESIAN_POINT('',(256.791047,-118.926634,0.));
#4353=DIRECTION('',(0.,0.,1.));
#4354=DIRECTION('',(1.,0.,-0.));
#4355=AXIS2_PLACEMENT_3D('',#4352,#4353,#4354);
#4356=CIRCLE('',#4355,0.5);
#4357=EDGE_CURVE('',#4351,#4343,#4356,.T.);
#4358=ORIENTED_EDGE('',*,*,#4357,.F.);
#4359=CARTESIAN_POINT('',(256.787241,-118.426648486,0.));
#4360=VERTEX_POINT('',#4359);
#4361=CARTESIAN_POINT('',(256.791047,-118.926634,0.));
#4362=DIRECTION('',(0.,0.,1.));
#4363=DIRECTION('',(1.,0.,-0.));
#4364=AXIS2_PLACEMENT_3D('',#4361,#4362,#4363);
#4365=CIRCLE('',#4364,0.5);
#4366=EDGE_CURVE('',#4360,#4351,#4365,.T.);
#4367=ORIENTED_EDGE('',*,*,#4366,.F.);
#4368=CARTESIAN_POINT('',(256.787241,-105.4075,0.));
#4369=VERTEX_POINT('',#4368);
#4370=CARTESIAN_POINT('',(256.787241,-118.426648486,0.));
#4371=DIRECTION('',(0.,1.,0.));
#4372=VECTOR('',#4371,13.019148486);
#4373=LINE('',#4370,#4372);
#4374=EDGE_CURVE('',#4360,#4369,#4373,.T.);
#4375=ORIENTED_EDGE('',*,*,#4374,.T.);
#4376=CARTESIAN_POINT('',(256.287241,-104.9075,0.));
#4377=VERTEX_POINT('',#4376);
#4378=CARTESIAN_POINT('',(256.787241,-104.9075,0.));
#4379=DIRECTION('',(0.,0.,1.));
#4380=DIRECTION('',(1.,0.,-0.));
#4381=AXIS2_PLACEMENT_3D('',#4378,#4379,#4380);
#4382=CIRCLE('',#4381,0.5);
#4383=EDGE_CURVE('',#4377,#4369,#4382,.T.);
#4384=ORIENTED_EDGE('',*,*,#4383,.F.);
#4385=CARTESIAN_POINT('',(257.284734719,-104.8575,0.));
#4386=VERTEX_POINT('',#4385);
#4387=CARTESIAN_POINT('',(256.787241,-104.9075,0.));
#4388=DIRECTION('',(0.,0.,1.));
#4389=DIRECTION('',(1.,0.,-0.));
#4390=AXIS2_PLACEMENT_3D('',#4387,#4388,#4389);
#4391=CIRCLE('',#4390,0.5);
#4392=EDGE_CURVE('',#4386,#4377,#4391,.T.);
#4393=ORIENTED_EDGE('',*,*,#4392,.F.);
#4394=CARTESIAN_POINT('',(257.284734719,-104.8575,0.));
#4395=DIRECTION('',(1.,0.,-0.));
#4396=VECTOR('',#4395,13.099653901);
#4397=LINE('',#4394,#4396);
#4398=EDGE_CURVE('',#4386,#4317,#4397,.T.);
#4399=ORIENTED_EDGE('',*,*,#4398,.T.);
#4400=EDGE_LOOP('',(#4324,#4332,#4341,#4349,#4358,#4367,#4375,#4384,#4393,#4399));
#4401=FACE_BOUND('',#4400,.T.);
#4402=CARTESIAN_POINT('',(275.341047,-119.175866,0.));
#4403=VERTEX_POINT('',#4402);
#4404=CARTESIAN_POINT('',(275.837241,-119.675851514,0.));
#4405=VERTEX_POINT('',#4404);
#4406=CARTESIAN_POINT('',(275.841047,-119.175866,0.));
#4407=DIRECTION('',(0.,0.,1.));
#4408=DIRECTION('',(1.,0.,-0.));
#4409=AXIS2_PLACEMENT_3D('',#4406,#4407,#4408);
#4410=CIRCLE('',#4409,0.5);
#4411=EDGE_CURVE('',#4403,#4405,#4410,.T.);
#4412=ORIENTED_EDGE('',*,*,#4411,.F.);
#4413=CARTESIAN_POINT('',(276.340093381,-119.145,0.));
#4414=VERTEX_POINT('',#4413);
#4415=CARTESIAN_POINT('',(275.841047,-119.175866,0.));
#4416=DIRECTION('',(0.,0.,1.));
#4417=DIRECTION('',(1.,0.,-0.));
#4418=AXIS2_PLACEMENT_3D('',#4415,#4416,#4417);
#4419=CIRCLE('',#4418,0.5);
#4420=EDGE_CURVE('',#4414,#4403,#4419,.T.);
#4421=ORIENTED_EDGE('',*,*,#4420,.F.);
#4422=CARTESIAN_POINT('',(289.439747281,-119.145,0.));
#4423=VERTEX_POINT('',#4422);
#4424=CARTESIAN_POINT('',(276.340093381,-119.145,0.));
#4425=DIRECTION('',(1.,0.,-0.));
#4426=VECTOR('',#4425,13.099653901);
#4427=LINE('',#4424,#4426);
#4428=EDGE_CURVE('',#4414,#4423,#4427,.T.);
#4429=ORIENTED_EDGE('',*,*,#4428,.T.);
#4430=CARTESIAN_POINT('',(289.937241,-119.695,0.));
#4431=VERTEX_POINT('',#4430);
#4432=CARTESIAN_POINT('',(289.937241,-119.195,0.));
#4433=DIRECTION('',(0.,0.,1.));
#4434=DIRECTION('',(1.,0.,-0.));
#4435=AXIS2_PLACEMENT_3D('',#4432,#4433,#4434);
#4436=CIRCLE('',#4435,0.5);
#4437=EDGE_CURVE('',#4431,#4423,#4436,.T.);
#4438=ORIENTED_EDGE('',*,*,#4437,.F.);
#4439=CARTESIAN_POINT('',(289.937241,-132.747506281,0.));
#4440=VERTEX_POINT('',#4439);
#4441=CARTESIAN_POINT('',(289.937241,-119.695,0.));
#4442=DIRECTION('',(0.,-1.,0.));
#4443=VECTOR('',#4442,13.052506281);
#4444=LINE('',#4441,#4443);
#4445=EDGE_CURVE('',#4431,#4440,#4444,.T.);
#4446=ORIENTED_EDGE('',*,*,#4445,.T.);
#4447=CARTESIAN_POINT('',(289.387241,-133.245,0.));
#4448=VERTEX_POINT('',#4447);
#4449=CARTESIAN_POINT('',(289.887241,-133.245,0.));
#4450=DIRECTION('',(0.,0.,1.));
#4451=DIRECTION('',(1.,0.,-0.));
#4452=AXIS2_PLACEMENT_3D('',#4449,#4450,#4451);
#4453=CIRCLE('',#4452,0.5);
#4454=EDGE_CURVE('',#4448,#4440,#4453,.T.);
#4455=ORIENTED_EDGE('',*,*,#4454,.F.);
#4456=CARTESIAN_POINT('',(276.334734719,-133.245,0.));
#4457=VERTEX_POINT('',#4456);
#4458=CARTESIAN_POINT('',(289.387241,-133.245,0.));
#4459=DIRECTION('',(-1.,0.,0.));
#4460=VECTOR('',#4459,13.052506281);
#4461=LINE('',#4458,#4460);
#4462=EDGE_CURVE('',#4448,#4457,#4461,.T.);
#4463=ORIENTED_EDGE('',*,*,#4462,.T.);
#4464=CARTESIAN_POINT('',(275.337241,-133.195,0.));
#4465=VERTEX_POINT('',#4464);
#4466=CARTESIAN_POINT('',(275.837241,-133.195,0.));
#4467=DIRECTION('',(0.,0.,1.));
#4468=DIRECTION('',(1.,0.,-0.));
#4469=AXIS2_PLACEMENT_3D('',#4466,#4467,#4468);
#4470=CIRCLE('',#4469,0.5);
#4471=EDGE_CURVE('',#4465,#4457,#4470,.T.);
#4472=ORIENTED_EDGE('',*,*,#4471,.F.);
#4473=CARTESIAN_POINT('',(275.837241,-132.695,0.));
#4474=VERTEX_POINT('',#4473);
#4475=CARTESIAN_POINT('',(275.837241,-133.195,0.));
#4476=DIRECTION('',(0.,0.,1.));
#4477=DIRECTION('',(1.,0.,-0.));
#4478=AXIS2_PLACEMENT_3D('',#4475,#4476,#4477);
#4479=CIRCLE('',#4478,0.5);
#4480=EDGE_CURVE('',#4474,#4465,#4479,.T.);
#4481=ORIENTED_EDGE('',*,*,#4480,.F.);
#4482=CARTESIAN_POINT('',(275.837241,-132.695,0.));
#4483=DIRECTION('',(0.,1.,0.));
#4484=VECTOR('',#4483,13.019148486);
#4485=LINE('',#4482,#4484);
#4486=EDGE_CURVE('',#4474,#4405,#4485,.T.);
#4487=ORIENTED_EDGE('',*,*,#4486,.T.);
#4488=EDGE_LOOP('',(#4412,#4421,#4429,#4438,#4446,#4455,#4463,#4472,#4481,#4487));
#4489=FACE_BOUND('',#4488,.T.);
#4490=CARTESIAN_POINT('',(289.937241,-138.692493719,0.));
#4491=VERTEX_POINT('',#4490);
#4492=CARTESIAN_POINT('',(289.387241,-138.195,0.));
#4493=VERTEX_POINT('',#4492);
#4494=CARTESIAN_POINT('',(289.887241,-138.195,0.));
#4495=DIRECTION('',(0.,0.,1.));
#4496=DIRECTION('',(1.,0.,-0.));
#4497=AXIS2_PLACEMENT_3D('',#4494,#4495,#4496);
#4498=CIRCLE('',#4497,0.5);
#4499=EDGE_CURVE('',#4491,#4493,#4498,.T.);
#4500=ORIENTED_EDGE('',*,*,#4499,.F.);
#4501=CARTESIAN_POINT('',(289.937241,-151.797506281,0.));
#4502=VERTEX_POINT('',#4501);
#4503=CARTESIAN_POINT('',(289.937241,-138.692493719,0.));
#4504=DIRECTION('',(0.,-1.,0.));
#4505=VECTOR('',#4504,13.105012563);
#4506=LINE('',#4503,#4505);
#4507=EDGE_CURVE('',#4491,#4502,#4506,.T.);
#4508=ORIENTED_EDGE('',*,*,#4507,.T.);
#4509=CARTESIAN_POINT('',(289.387241,-152.295,0.));
#4510=VERTEX_POINT('',#4509);
#4511=CARTESIAN_POINT('',(289.887241,-152.295,0.));
#4512=DIRECTION('',(0.,0.,1.));
#4513=DIRECTION('',(1.,0.,-0.));
#4514=AXIS2_PLACEMENT_3D('',#4511,#4512,#4513);
#4515=CIRCLE('',#4514,0.5);
#4516=EDGE_CURVE('',#4510,#4502,#4515,.T.);
#4517=ORIENTED_EDGE('',*,*,#4516,.F.);
#4518=CARTESIAN_POINT('',(276.368092514,-152.295,0.));
#4519=VERTEX_POINT('',#4518);
#4520=CARTESIAN_POINT('',(289.387241,-152.295,0.));
#4521=DIRECTION('',(-1.,0.,0.));
#4522=VECTOR('',#4521,13.019148486);
#4523=LINE('',#4520,#4522);
#4524=EDGE_CURVE('',#4510,#4519,#4523,.T.);
#4525=ORIENTED_EDGE('',*,*,#4524,.T.);
#4526=CARTESIAN_POINT('',(275.368107,-152.291194,0.));
#4527=VERTEX_POINT('',#4526);
#4528=CARTESIAN_POINT('',(275.868107,-152.291194,0.));
#4529=DIRECTION('',(0.,0.,1.));
#4530=DIRECTION('',(1.,0.,-0.));
#4531=AXIS2_PLACEMENT_3D('',#4528,#4529,#4530);
#4532=CIRCLE('',#4531,0.5);
#4533=EDGE_CURVE('',#4527,#4519,#4532,.T.);
#4534=ORIENTED_EDGE('',*,*,#4533,.F.);
#4535=CARTESIAN_POINT('',(275.837241,-151.792147619,0.));
#4536=VERTEX_POINT('',#4535);
#4537=CARTESIAN_POINT('',(275.868107,-152.291194,0.));
#4538=DIRECTION('',(0.,0.,1.));
#4539=DIRECTION('',(1.,0.,-0.));
#4540=AXIS2_PLACEMENT_3D('',#4537,#4538,#4539);
#4541=CIRCLE('',#4540,0.5);
#4542=EDGE_CURVE('',#4536,#4527,#4541,.T.);
#4543=ORIENTED_EDGE('',*,*,#4542,.F.);
#4544=CARTESIAN_POINT('',(275.837241,-138.725851514,0.));
#4545=VERTEX_POINT('',#4544);
#4546=CARTESIAN_POINT('',(275.837241,-151.792147619,0.));
#4547=DIRECTION('',(0.,1.,0.));
#4548=VECTOR('',#4547,13.066296105);
#4549=LINE('',#4546,#4548);
#4550=EDGE_CURVE('',#4536,#4545,#4549,.T.);
#4551=ORIENTED_EDGE('',*,*,#4550,.T.);
#4552=CARTESIAN_POINT('',(275.341047,-138.225866,0.));
#4553=VERTEX_POINT('',#4552);
#4554=CARTESIAN_POINT('',(275.841047,-138.225866,0.));
#4555=DIRECTION('',(0.,0.,1.));
#4556=DIRECTION('',(1.,0.,-0.));
#4557=AXIS2_PLACEMENT_3D('',#4554,#4555,#4556);
#4558=CIRCLE('',#4557,0.5);
#4559=EDGE_CURVE('',#4553,#4545,#4558,.T.);
#4560=ORIENTED_EDGE('',*,*,#4559,.F.);
#4561=CARTESIAN_POINT('',(276.340093381,-138.195,0.));
#4562=VERTEX_POINT('',#4561);
#4563=CARTESIAN_POINT('',(275.841047,-138.225866,0.));
#4564=DIRECTION('',(0.,0.,1.));
#4565=DIRECTION('',(1.,0.,-0.));
#4566=AXIS2_PLACEMENT_3D('',#4563,#4564,#4565);
#4567=CIRCLE('',#4566,0.5);
#4568=EDGE_CURVE('',#4562,#4553,#4567,.T.);
#4569=ORIENTED_EDGE('',*,*,#4568,.F.);
#4570=CARTESIAN_POINT('',(276.340093381,-138.195,0.));
#4571=DIRECTION('',(1.,0.,-0.));
#4572=VECTOR('',#4571,13.047147619);
#4573=LINE('',#4570,#4572);
#4574=EDGE_CURVE('',#4562,#4493,#4573,.T.);
#4575=ORIENTED_EDGE('',*,*,#4574,.T.);
#4576=EDGE_LOOP('',(#4500,#4508,#4517,#4525,#4534,#4543,#4551,#4560,#4569,#4575));
#4577=FACE_BOUND('',#4576,.T.);
#4578=CARTESIAN_POINT('',(289.439747281,-114.195,0.));
#4579=VERTEX_POINT('',#4578);
#4580=CARTESIAN_POINT('',(289.937241,-113.645,0.));
#4581=VERTEX_POINT('',#4580);
#4582=CARTESIAN_POINT('',(289.937241,-114.145,0.));
#4583=DIRECTION('',(0.,0.,1.));
#4584=DIRECTION('',(1.,0.,-0.));
#4585=AXIS2_PLACEMENT_3D('',#4582,#4583,#4584);
#4586=CIRCLE('',#4585,0.5);
#4587=EDGE_CURVE('',#4579,#4581,#4586,.T.);
#4588=ORIENTED_EDGE('',*,*,#4587,.F.);
#4589=CARTESIAN_POINT('',(276.334734719,-114.195,0.));
#4590=VERTEX_POINT('',#4589);
#4591=CARTESIAN_POINT('',(289.439747281,-114.195,0.));
#4592=DIRECTION('',(-1.,0.,0.));
#4593=VECTOR('',#4592,13.105012563);
#4594=LINE('',#4591,#4593);
#4595=EDGE_CURVE('',#4579,#4590,#4594,.T.);
#4596=ORIENTED_EDGE('',*,*,#4595,.T.);
#4597=CARTESIAN_POINT('',(275.337241,-114.145,0.));
#4598=VERTEX_POINT('',#4597);
#4599=CARTESIAN_POINT('',(275.837241,-114.145,0.));
#4600=DIRECTION('',(0.,0.,1.));
#4601=DIRECTION('',(1.,0.,-0.));
#4602=AXIS2_PLACEMENT_3D('',#4599,#4600,#4601);
#4603=CIRCLE('',#4602,0.5);
#4604=EDGE_CURVE('',#4598,#4590,#4603,.T.);
#4605=ORIENTED_EDGE('',*,*,#4604,.F.);
#4606=CARTESIAN_POINT('',(275.837241,-113.645,0.));
#4607=VERTEX_POINT('',#4606);
#4608=CARTESIAN_POINT('',(275.837241,-114.145,0.));
#4609=DIRECTION('',(0.,0.,1.));
#4610=DIRECTION('',(1.,0.,-0.));
#4611=AXIS2_PLACEMENT_3D('',#4608,#4609,#4610);
#4612=CIRCLE('',#4611,0.5);
#4613=EDGE_CURVE('',#4607,#4598,#4612,.T.);
#4614=ORIENTED_EDGE('',*,*,#4613,.F.);
#4615=CARTESIAN_POINT('',(275.837241,-100.592493719,0.));
#4616=VERTEX_POINT('',#4615);
#4617=CARTESIAN_POINT('',(275.837241,-113.645,0.));
#4618=DIRECTION('',(0.,1.,0.));
#4619=VECTOR('',#4618,13.052506281);
#4620=LINE('',#4617,#4619);
#4621=EDGE_CURVE('',#4607,#4616,#4620,.T.);
#4622=ORIENTED_EDGE('',*,*,#4621,.T.);
#4623=CARTESIAN_POINT('',(275.387241,-100.095,0.));
#4624=VERTEX_POINT('',#4623);
#4625=CARTESIAN_POINT('',(275.887241,-100.095,0.));
#4626=DIRECTION('',(0.,0.,1.));
#4627=DIRECTION('',(1.,0.,-0.));
#4628=AXIS2_PLACEMENT_3D('',#4625,#4626,#4627);
#4629=CIRCLE('',#4628,0.5);
#4630=EDGE_CURVE('',#4624,#4616,#4629,.T.);
#4631=ORIENTED_EDGE('',*,*,#4630,.F.);
#4632=CARTESIAN_POINT('',(276.387241,-100.095,0.));
#4633=VERTEX_POINT('',#4632);
#4634=CARTESIAN_POINT('',(275.887241,-100.095,0.));
#4635=DIRECTION('',(0.,0.,1.));
#4636=DIRECTION('',(1.,0.,-0.));
#4637=AXIS2_PLACEMENT_3D('',#4634,#4635,#4636);
#4638=CIRCLE('',#4637,0.5);
#4639=EDGE_CURVE('',#4633,#4624,#4638,.T.);
#4640=ORIENTED_EDGE('',*,*,#4639,.F.);
#4641=CARTESIAN_POINT('',(289.357268333,-100.095,0.));
#4642=VERTEX_POINT('',#4641);
#4643=CARTESIAN_POINT('',(276.387241,-100.095,0.));
#4644=DIRECTION('',(1.,0.,-0.));
#4645=VECTOR('',#4644,12.970027333);
#4646=LINE('',#4643,#4645);
#4647=EDGE_CURVE('',#4633,#4642,#4646,.T.);
#4648=ORIENTED_EDGE('',*,*,#4647,.T.);
#4649=CARTESIAN_POINT('',(289.937241,-100.588562937,0.));
#4650=VERTEX_POINT('',#4649);
#4651=CARTESIAN_POINT('',(289.857268333,-100.095,0.));
#4652=DIRECTION('',(0.,0.,1.));
#4653=DIRECTION('',(1.,0.,-0.));
#4654=AXIS2_PLACEMENT_3D('',#4651,#4652,#4653);
#4655=CIRCLE('',#4654,0.5);
#4656=EDGE_CURVE('',#4650,#4642,#4655,.T.);
#4657=ORIENTED_EDGE('',*,*,#4656,.F.);
#4658=CARTESIAN_POINT('',(289.937241,-100.588562937,0.));
#4659=DIRECTION('',(0.,-1.,0.));
#4660=VECTOR('',#4659,13.056437063);
#4661=LINE('',#4658,#4660);
#4662=EDGE_CURVE('',#4650,#4581,#4661,.T.);
#4663=ORIENTED_EDGE('',*,*,#4662,.T.);
#4664=EDGE_LOOP('',(#4588,#4596,#4605,#4614,#4622,#4631,#4640,#4648,#4657,#4663));
#4665=FACE_BOUND('',#4664,.T.);
#4666=CARTESIAN_POINT('',(256.291047,-123.938366,0.));
#4667=VERTEX_POINT('',#4666);
#4668=CARTESIAN_POINT('',(256.787241,-124.438351514,0.));
#4669=VERTEX_POINT('',#4668);
#4670=CARTESIAN_POINT('',(256.791047,-123.938366,0.));
#4671=DIRECTION('',(0.,0.,1.));
#4672=DIRECTION('',(1.,0.,-0.));
#4673=AXIS2_PLACEMENT_3D('',#4670,#4671,#4672);
#4674=CIRCLE('',#4673,0.5);
#4675=EDGE_CURVE('',#4667,#4669,#4674,.T.);
#4676=ORIENTED_EDGE('',*,*,#4675,.F.);
#4677=CARTESIAN_POINT('',(257.290093381,-123.9075,0.));
#4678=VERTEX_POINT('',#4677);
#4679=CARTESIAN_POINT('',(256.791047,-123.938366,0.));
#4680=DIRECTION('',(0.,0.,1.));
#4681=DIRECTION('',(1.,0.,-0.));
#4682=AXIS2_PLACEMENT_3D('',#4679,#4680,#4681);
#4683=CIRCLE('',#4682,0.5);
#4684=EDGE_CURVE('',#4678,#4667,#4683,.T.);
#4685=ORIENTED_EDGE('',*,*,#4684,.F.);
#4686=CARTESIAN_POINT('',(270.389747281,-123.9075,0.));
#4687=VERTEX_POINT('',#4686);
#4688=CARTESIAN_POINT('',(257.290093381,-123.9075,0.));
#4689=DIRECTION('',(1.,0.,-0.));
#4690=VECTOR('',#4689,13.099653901);
#4691=LINE('',#4688,#4690);
#4692=EDGE_CURVE('',#4678,#4687,#4691,.T.);
#4693=ORIENTED_EDGE('',*,*,#4692,.T.);
#4694=CARTESIAN_POINT('',(270.887241,-124.4575,0.));
#4695=VERTEX_POINT('',#4694);
#4696=CARTESIAN_POINT('',(270.887241,-123.9575,0.));
#4697=DIRECTION('',(0.,0.,1.));
#4698=DIRECTION('',(1.,0.,-0.));
#4699=AXIS2_PLACEMENT_3D('',#4696,#4697,#4698);
#4700=CIRCLE('',#4699,0.5);
#4701=EDGE_CURVE('',#4695,#4687,#4700,.T.);
#4702=ORIENTED_EDGE('',*,*,#4701,.F.);
#4703=CARTESIAN_POINT('',(270.887241,-137.4575,0.));
#4704=VERTEX_POINT('',#4703);
#4705=CARTESIAN_POINT('',(270.887241,-124.4575,0.));
#4706=DIRECTION('',(0.,-1.,0.));
#4707=VECTOR('',#4706,13.);
#4708=LINE('',#4705,#4707);
#4709=EDGE_CURVE('',#4695,#4704,#4708,.T.);
#4710=ORIENTED_EDGE('',*,*,#4709,.T.);
#4711=CARTESIAN_POINT('',(270.389747281,-138.0075,0.));
#4712=VERTEX_POINT('',#4711);
#4713=CARTESIAN_POINT('',(270.887241,-137.9575,0.));
#4714=DIRECTION('',(0.,0.,1.));
#4715=DIRECTION('',(1.,0.,-0.));
#4716=AXIS2_PLACEMENT_3D('',#4713,#4714,#4715);
#4717=CIRCLE('',#4716,0.5);
#4718=EDGE_CURVE('',#4712,#4704,#4717,.T.);
#4719=ORIENTED_EDGE('',*,*,#4718,.F.);
#4720=CARTESIAN_POINT('',(257.337241,-138.0075,0.));
#4721=VERTEX_POINT('',#4720);
#4722=CARTESIAN_POINT('',(270.389747281,-138.0075,0.));
#4723=DIRECTION('',(-1.,0.,0.));
#4724=VECTOR('',#4723,13.052506281);
#4725=LINE('',#4722,#4724);
#4726=EDGE_CURVE('',#4712,#4721,#4725,.T.);
#4727=ORIENTED_EDGE('',*,*,#4726,.T.);
#4728=CARTESIAN_POINT('',(256.337241,-138.0075,0.));
#4729=VERTEX_POINT('',#4728);
#4730=CARTESIAN_POINT('',(256.837241,-138.0075,0.));
#4731=DIRECTION('',(0.,0.,1.));
#4732=DIRECTION('',(1.,0.,-0.));
#4733=AXIS2_PLACEMENT_3D('',#4730,#4731,#4732);
#4734=CIRCLE('',#4733,0.5);
#4735=EDGE_CURVE('',#4729,#4721,#4734,.T.);
#4736=ORIENTED_EDGE('',*,*,#4735,.F.);
#4737=CARTESIAN_POINT('',(256.787241,-137.510006281,0.));
#4738=VERTEX_POINT('',#4737);
#4739=CARTESIAN_POINT('',(256.837241,-138.0075,0.));
#4740=DIRECTION('',(0.,0.,1.));
#4741=DIRECTION('',(1.,0.,-0.));
#4742=AXIS2_PLACEMENT_3D('',#4739,#4740,#4741);
#4743=CIRCLE('',#4742,0.5);
#4744=EDGE_CURVE('',#4738,#4729,#4743,.T.);
#4745=ORIENTED_EDGE('',*,*,#4744,.F.);
#4746=CARTESIAN_POINT('',(256.787241,-137.510006281,0.));
#4747=DIRECTION('',(0.,1.,0.));
#4748=VECTOR('',#4747,13.071654767);
#4749=LINE('',#4746,#4748);
#4750=EDGE_CURVE('',#4738,#4669,#4749,.T.);
#4751=ORIENTED_EDGE('',*,*,#4750,.T.);
#4752=EDGE_LOOP('',(#4676,#4685,#4693,#4702,#4710,#4719,#4727,#4736,#4745,#4751));
#4753=FACE_BOUND('',#4752,.T.);
#4754=CARTESIAN_POINT('',(270.887241,-143.5075,0.));
#4755=VERTEX_POINT('',#4754);
#4756=CARTESIAN_POINT('',(270.389747281,-142.9575,0.));
#4757=VERTEX_POINT('',#4756);
#4758=CARTESIAN_POINT('',(270.887241,-143.0075,0.));
#4759=DIRECTION('',(0.,0.,1.));
#4760=DIRECTION('',(1.,0.,-0.));
#4761=AXIS2_PLACEMENT_3D('',#4758,#4759,#4760);
#4762=CIRCLE('',#4761,0.5);
#4763=EDGE_CURVE('',#4755,#4757,#4762,.T.);
#4764=ORIENTED_EDGE('',*,*,#4763,.F.);
#4765=CARTESIAN_POINT('',(270.887241,-156.560006281,0.));
#4766=VERTEX_POINT('',#4765);
#4767=CARTESIAN_POINT('',(270.887241,-143.5075,0.));
#4768=DIRECTION('',(0.,-1.,0.));
#4769=VECTOR('',#4768,13.052506281);
#4770=LINE('',#4767,#4769);
#4771=EDGE_CURVE('',#4755,#4766,#4770,.T.);
#4772=ORIENTED_EDGE('',*,*,#4771,.T.);
#4773=CARTESIAN_POINT('',(270.337241,-157.0575,0.));
#4774=VERTEX_POINT('',#4773);
#4775=CARTESIAN_POINT('',(270.837241,-157.0575,0.));
#4776=DIRECTION('',(0.,0.,1.));
#4777=DIRECTION('',(1.,0.,-0.));
#4778=AXIS2_PLACEMENT_3D('',#4775,#4776,#4777);
#4779=CIRCLE('',#4778,0.5);
#4780=EDGE_CURVE('',#4774,#4766,#4779,.T.);
#4781=ORIENTED_EDGE('',*,*,#4780,.F.);
#4782=CARTESIAN_POINT('',(257.290093381,-157.0575,0.));
#4783=VERTEX_POINT('',#4782);
#4784=CARTESIAN_POINT('',(270.337241,-157.0575,0.));
#4785=DIRECTION('',(-1.,0.,0.));
#4786=VECTOR('',#4785,13.047147619);
#4787=LINE('',#4784,#4786);
#4788=EDGE_CURVE('',#4774,#4783,#4787,.T.);
#4789=ORIENTED_EDGE('',*,*,#4788,.T.);
#4790=CARTESIAN_POINT('',(256.291047,-157.026634,0.));
#4791=VERTEX_POINT('',#4790);
#4792=CARTESIAN_POINT('',(256.791047,-157.026634,0.));
#4793=DIRECTION('',(0.,0.,1.));
#4794=DIRECTION('',(1.,0.,-0.));
#4795=AXIS2_PLACEMENT_3D('',#4792,#4793,#4794);
#4796=CIRCLE('',#4795,0.5);
#4797=EDGE_CURVE('',#4791,#4783,#4796,.T.);
#4798=ORIENTED_EDGE('',*,*,#4797,.F.);
#4799=CARTESIAN_POINT('',(256.787241,-156.526648486,0.));
#4800=VERTEX_POINT('',#4799);
#4801=CARTESIAN_POINT('',(256.791047,-157.026634,0.));
#4802=DIRECTION('',(0.,0.,1.));
#4803=DIRECTION('',(1.,0.,-0.));
#4804=AXIS2_PLACEMENT_3D('',#4801,#4802,#4803);
#4805=CIRCLE('',#4804,0.5);
#4806=EDGE_CURVE('',#4800,#4791,#4805,.T.);
#4807=ORIENTED_EDGE('',*,*,#4806,.F.);
#4808=CARTESIAN_POINT('',(256.787241,-143.454993719,0.));
#4809=VERTEX_POINT('',#4808);
#4810=CARTESIAN_POINT('',(256.787241,-156.526648486,0.));
#4811=DIRECTION('',(0.,1.,0.));
#4812=VECTOR('',#4811,13.071654767);
#4813=LINE('',#4810,#4812);
#4814=EDGE_CURVE('',#4800,#4809,#4813,.T.);
#4815=ORIENTED_EDGE('',*,*,#4814,.T.);
#4816=CARTESIAN_POINT('',(256.337241,-142.9575,0.));
#4817=VERTEX_POINT('',#4816);
#4818=CARTESIAN_POINT('',(256.837241,-142.9575,0.));
#4819=DIRECTION('',(0.,0.,1.));
#4820=DIRECTION('',(1.,0.,-0.));
#4821=AXIS2_PLACEMENT_3D('',#4818,#4819,#4820);
#4822=CIRCLE('',#4821,0.5);
#4823=EDGE_CURVE('',#4817,#4809,#4822,.T.);
#4824=ORIENTED_EDGE('',*,*,#4823,.F.);
#4825=CARTESIAN_POINT('',(257.337241,-142.9575,0.));
#4826=VERTEX_POINT('',#4825);
#4827=CARTESIAN_POINT('',(256.837241,-142.9575,0.));
#4828=DIRECTION('',(0.,0.,1.));
#4829=DIRECTION('',(1.,0.,-0.));
#4830=AXIS2_PLACEMENT_3D('',#4827,#4828,#4829);
#4831=CIRCLE('',#4830,0.5);
#4832=EDGE_CURVE('',#4826,#4817,#4831,.T.);
#4833=ORIENTED_EDGE('',*,*,#4832,.F.);
#4834=CARTESIAN_POINT('',(257.337241,-142.9575,0.));
#4835=DIRECTION('',(1.,0.,-0.));
#4836=VECTOR('',#4835,13.052506281);
#4837=LINE('',#4834,#4836);
#4838=EDGE_CURVE('',#4826,#4757,#4837,.T.);
#4839=ORIENTED_EDGE('',*,*,#4838,.T.);
#4840=EDGE_LOOP('',(#4764,#4772,#4781,#4789,#4798,#4807,#4815,#4824,#4833,#4839));
#4841=FACE_BOUND('',#4840,.T.);
#4842=CARTESIAN_POINT('',(277.242241,-163.01,0.));
#4843=VERTEX_POINT('',#4842);
#4844=CARTESIAN_POINT('',(277.742241,-163.51,0.));
#4845=VERTEX_POINT('',#4844);
#4846=CARTESIAN_POINT('',(277.742241,-163.01,0.));
#4847=DIRECTION('',(0.,0.,1.));
#4848=DIRECTION('',(1.,0.,-0.));
#4849=AXIS2_PLACEMENT_3D('',#4846,#4847,#4848);
#4850=CIRCLE('',#4849,0.5);
#4851=EDGE_CURVE('',#4843,#4845,#4850,.T.);
#4852=ORIENTED_EDGE('',*,*,#4851,.F.);
#4853=CARTESIAN_POINT('',(278.239734719,-162.96,0.));
#4854=VERTEX_POINT('',#4853);
#4855=CARTESIAN_POINT('',(277.742241,-163.01,0.));
#4856=DIRECTION('',(0.,0.,1.));
#4857=DIRECTION('',(1.,0.,-0.));
#4858=AXIS2_PLACEMENT_3D('',#4855,#4856,#4857);
#4859=CIRCLE('',#4858,0.5);
#4860=EDGE_CURVE('',#4854,#4843,#4859,.T.);
#4861=ORIENTED_EDGE('',*,*,#4860,.F.);
#4862=CARTESIAN_POINT('',(291.292241,-162.96,0.));
#4863=VERTEX_POINT('',#4862);
#4864=CARTESIAN_POINT('',(278.239734719,-162.96,0.));
#4865=DIRECTION('',(1.,0.,-0.));
#4866=VECTOR('',#4865,13.052506281);
#4867=LINE('',#4864,#4866);
#4868=EDGE_CURVE('',#4854,#4863,#4867,.T.);
#4869=ORIENTED_EDGE('',*,*,#4868,.T.);
#4870=CARTESIAN_POINT('',(291.842241,-163.457493719,0.));
#4871=VERTEX_POINT('',#4870);
#4872=CARTESIAN_POINT('',(291.792241,-162.96,0.));
#4873=DIRECTION('',(0.,0.,1.));
#4874=DIRECTION('',(1.,0.,-0.));
#4875=AXIS2_PLACEMENT_3D('',#4872,#4873,#4874);
#4876=CIRCLE('',#4875,0.5);
#4877=EDGE_CURVE('',#4871,#4863,#4876,.T.);
#4878=ORIENTED_EDGE('',*,*,#4877,.F.);
#4879=CARTESIAN_POINT('',(291.842241,-176.562506281,0.));
#4880=VERTEX_POINT('',#4879);
#4881=CARTESIAN_POINT('',(291.842241,-163.457493719,0.));
#4882=DIRECTION('',(0.,-1.,0.));
#4883=VECTOR('',#4882,13.105012563);
#4884=LINE('',#4881,#4883);
#4885=EDGE_CURVE('',#4871,#4880,#4884,.T.);
#4886=ORIENTED_EDGE('',*,*,#4885,.T.);
#4887=CARTESIAN_POINT('',(291.292241,-177.06,0.));
#4888=VERTEX_POINT('',#4887);
#4889=CARTESIAN_POINT('',(291.792241,-177.06,0.));
#4890=DIRECTION('',(0.,0.,1.));
#4891=DIRECTION('',(1.,0.,-0.));
#4892=AXIS2_PLACEMENT_3D('',#4889,#4890,#4891);
#4893=CIRCLE('',#4892,0.5);
#4894=EDGE_CURVE('',#4888,#4880,#4893,.T.);
#4895=ORIENTED_EDGE('',*,*,#4894,.F.);
#4896=CARTESIAN_POINT('',(278.245093381,-177.06,0.));
#4897=VERTEX_POINT('',#4896);
#4898=CARTESIAN_POINT('',(291.292241,-177.06,0.));
#4899=DIRECTION('',(-1.,0.,0.));
#4900=VECTOR('',#4899,13.047147619);
#4901=LINE('',#4898,#4900);
#4902=EDGE_CURVE('',#4888,#4897,#4901,.T.);
#4903=ORIENTED_EDGE('',*,*,#4902,.T.);
#4904=CARTESIAN_POINT('',(277.246047,-177.029134,0.));
#4905=VERTEX_POINT('',#4904);
#4906=CARTESIAN_POINT('',(277.746047,-177.029134,0.));
#4907=DIRECTION('',(0.,0.,1.));
#4908=DIRECTION('',(1.,0.,-0.));
#4909=AXIS2_PLACEMENT_3D('',#4906,#4907,#4908);
#4910=CIRCLE('',#4909,0.5);
#4911=EDGE_CURVE('',#4905,#4897,#4910,.T.);
#4912=ORIENTED_EDGE('',*,*,#4911,.F.);
#4913=CARTESIAN_POINT('',(277.742241,-176.529148486,0.));
#4914=VERTEX_POINT('',#4913);
#4915=CARTESIAN_POINT('',(277.746047,-177.029134,0.));
#4916=DIRECTION('',(0.,0.,1.));
#4917=DIRECTION('',(1.,0.,-0.));
#4918=AXIS2_PLACEMENT_3D('',#4915,#4916,#4917);
#4919=CIRCLE('',#4918,0.5);
#4920=EDGE_CURVE('',#4914,#4905,#4919,.T.);
#4921=ORIENTED_EDGE('',*,*,#4920,.F.);
#4922=CARTESIAN_POINT('',(277.742241,-176.529148486,0.));
#4923=DIRECTION('',(0.,1.,0.));
#4924=VECTOR('',#4923,13.019148486);
#4925=LINE('',#4922,#4924);
#4926=EDGE_CURVE('',#4914,#4845,#4925,.T.);
#4927=ORIENTED_EDGE('',*,*,#4926,.T.);
#4928=EDGE_LOOP('',(#4852,#4861,#4869,#4878,#4886,#4895,#4903,#4912,#4921,#4927));
#4929=FACE_BOUND('',#4928,.T.);
#4930=CARTESIAN_POINT('',(267.679047,-164.08849,0.));
#4931=VERTEX_POINT('',#4930);
#4932=CARTESIAN_POINT('',(267.696084092,-164.21789954,0.));
#4933=VERTEX_POINT('',#4932);
#4934=CARTESIAN_POINT('',(268.179047,-164.08849,0.));
#4935=DIRECTION('',(0.,0.,1.));
#4936=DIRECTION('',(1.,0.,-0.));
#4937=AXIS2_PLACEMENT_3D('',#4934,#4935,#4936);
#4938=CIRCLE('',#4937,0.5);
#4939=EDGE_CURVE('',#4931,#4933,#4938,.T.);
#4940=ORIENTED_EDGE('',*,*,#4939,.F.);
#4941=CARTESIAN_POINT('',(268.356102201,-164.556091813,0.));
#4942=VERTEX_POINT('',#4941);
#4943=CARTESIAN_POINT('',(268.179047,-164.08849,0.));
#4944=DIRECTION('',(0.,0.,1.));
#4945=DIRECTION('',(1.,0.,-0.));
#4946=AXIS2_PLACEMENT_3D('',#4943,#4944,#4945);
#4947=CIRCLE('',#4946,0.5);
#4948=EDGE_CURVE('',#4942,#4931,#4947,.T.);
#4949=ORIENTED_EDGE('',*,*,#4948,.F.);
#4950=CARTESIAN_POINT('',(271.73433946,-177.163843092,0.));
#4951=VERTEX_POINT('',#4950);
#4952=CARTESIAN_POINT('',(268.356102201,-164.556091813,0.));
#4953=DIRECTION('',(0.25881908,-0.965925817,0.));
#4954=VECTOR('',#4953,13.052504713);
#4955=LINE('',#4952,#4954);
#4956=EDGE_CURVE('',#4942,#4951,#4955,.T.);
#4957=ORIENTED_EDGE('',*,*,#4956,.T.);
#4958=CARTESIAN_POINT('',(271.396148378,-177.823864346,0.));
#4959=VERTEX_POINT('',#4958);
#4960=CARTESIAN_POINT('',(271.863749,-177.646806,0.));
#4961=DIRECTION('',(0.,0.,1.));
#4962=DIRECTION('',(1.,0.,-0.));
#4963=AXIS2_PLACEMENT_3D('',#4960,#4961,#4962);
#4964=CIRCLE('',#4963,0.5);
#4965=EDGE_CURVE('',#4959,#4951,#4964,.T.);
#4966=ORIENTED_EDGE('',*,*,#4965,.F.);
#4967=CARTESIAN_POINT('',(258.737681063,-181.215690928,0.));
#4968=VERTEX_POINT('',#4967);
#4969=CARTESIAN_POINT('',(271.396148378,-177.823864346,0.));
#4970=DIRECTION('',(-0.965925817,-0.25881908,0.));
#4971=VECTOR('',#4970,13.105009818);
#4972=LINE('',#4969,#4971);
#4973=EDGE_CURVE('',#4959,#4968,#4972,.T.);
#4974=ORIENTED_EDGE('',*,*,#4973,.T.);
#4975=CARTESIAN_POINT('',(257.744198,-181.296155,0.));
#4976=VERTEX_POINT('',#4975);
#4977=CARTESIAN_POINT('',(258.244198,-181.296155,0.));
#4978=DIRECTION('',(0.,0.,1.));
#4979=DIRECTION('',(1.,0.,-0.));
#4980=AXIS2_PLACEMENT_3D('',#4977,#4978,#4979);
#4981=CIRCLE('',#4980,0.5);
#4982=EDGE_CURVE('',#4976,#4968,#4981,.T.);
#4983=ORIENTED_EDGE('',*,*,#4982,.F.);
#4984=CARTESIAN_POINT('',(258.11478846,-180.813192092,0.));
#4985=VERTEX_POINT('',#4984);
#4986=CARTESIAN_POINT('',(258.244198,-181.296155,0.));
#4987=DIRECTION('',(0.,0.,1.));
#4988=DIRECTION('',(1.,0.,-0.));
#4989=AXIS2_PLACEMENT_3D('',#4986,#4987,#4988);
#4990=CIRCLE('',#4989,0.5);
#4991=EDGE_CURVE('',#4985,#4976,#4990,.T.);
#4992=ORIENTED_EDGE('',*,*,#4991,.F.);
#4993=CARTESIAN_POINT('',(254.75014054,-168.256156908,0.));
#4994=VERTEX_POINT('',#4993);
#4995=CARTESIAN_POINT('',(258.11478846,-180.813192092,0.));
#4996=DIRECTION('',(-0.25881908,0.965925817,0.));
#4997=VECTOR('',#4996,12.999999547);
#4998=LINE('',#4995,#4997);
#4999=EDGE_CURVE('',#4985,#4994,#4998,.T.);
#5000=ORIENTED_EDGE('',*,*,#4999,.T.);
#5001=CARTESIAN_POINT('',(254.120731,-167.773194,0.));
#5002=VERTEX_POINT('',#5001);
#5003=CARTESIAN_POINT('',(254.620731,-167.773194,0.));
#5004=DIRECTION('',(0.,0.,1.));
#5005=DIRECTION('',(1.,0.,-0.));
#5006=AXIS2_PLACEMENT_3D('',#5003,#5004,#5005);
#5007=CIRCLE('',#5006,0.5);
#5008=EDGE_CURVE('',#5002,#4994,#5007,.T.);
#5009=ORIENTED_EDGE('',*,*,#5008,.F.);
#5010=CARTESIAN_POINT('',(255.088332126,-167.596136983,0.));
#5011=VERTEX_POINT('',#5010);
#5012=CARTESIAN_POINT('',(254.620731,-167.773194,0.));
#5013=DIRECTION('',(0.,0.,1.));
#5014=DIRECTION('',(1.,0.,-0.));
#5015=AXIS2_PLACEMENT_3D('',#5012,#5013,#5014);
#5016=CIRCLE('',#5015,0.5);
#5017=EDGE_CURVE('',#5011,#5002,#5016,.T.);
#5018=ORIENTED_EDGE('',*,*,#5017,.F.);
#5019=CARTESIAN_POINT('',(255.088332126,-167.596136983,0.));
#5020=DIRECTION('',(0.965925817,0.25881908,0.));
#5021=VECTOR('',#5020,13.052505424);
#5022=LINE('',#5019,#5021);
#5023=EDGE_CURVE('',#5011,#4933,#5022,.T.);
#5024=ORIENTED_EDGE('',*,*,#5023,.T.);
#5025=EDGE_LOOP('',(#4940,#4949,#4957,#4966,#4974,#4983,#4992,#5000,#5009,#5018,#5024));
#5026=FACE_BOUND('',#5025,.T.);
#5027=CARTESIAN_POINT('',(245.278018,-171.142629,0.));
#5028=VERTEX_POINT('',#5027);
#5029=CARTESIAN_POINT('',(245.340708135,-171.38503379,0.));
#5030=VERTEX_POINT('',#5029);
#5031=CARTESIAN_POINT('',(245.778018,-171.142629,0.));
#5032=DIRECTION('',(0.,0.,1.));
#5033=DIRECTION('',(1.,0.,-0.));
#5034=AXIS2_PLACEMENT_3D('',#5031,#5032,#5033);
#5035=CIRCLE('',#5034,0.5);
#5036=EDGE_CURVE('',#5028,#5030,#5035,.T.);
#5037=ORIENTED_EDGE('',*,*,#5036,.F.);
#5038=CARTESIAN_POINT('',(246.062938174,-171.553506712,0.));
#5039=VERTEX_POINT('',#5038);
#5040=CARTESIAN_POINT('',(245.778018,-171.142629,0.));
#5041=DIRECTION('',(0.,0.,1.));
#5042=DIRECTION('',(1.,0.,-0.));
#5043=AXIS2_PLACEMENT_3D('',#5040,#5041,#5042);
#5044=CIRCLE('',#5043,0.5);
#5045=EDGE_CURVE('',#5039,#5028,#5044,.T.);
#5046=ORIENTED_EDGE('',*,*,#5045,.F.);
#5047=CARTESIAN_POINT('',(252.39091821,-182.969486135,0.));
#5048=VERTEX_POINT('',#5047);
#5049=CARTESIAN_POINT('',(246.062938174,-171.553506712,0.));
#5050=DIRECTION('',(0.48480958,-0.87461973,0.));
#5051=VECTOR('',#5050,13.052506178);
#5052=LINE('',#5049,#5051);
#5053=EDGE_CURVE('',#5039,#5048,#5052,.T.);
#5054=ORIENTED_EDGE('',*,*,#5053,.T.);
#5055=CARTESIAN_POINT('',(252.222445556,-183.691716561,0.));
#5056=VERTEX_POINT('',#5055);
#5057=CARTESIAN_POINT('',(252.633323,-183.406796,0.));
#5058=DIRECTION('',(0.,0.,1.));
#5059=DIRECTION('',(1.,0.,-0.));
#5060=AXIS2_PLACEMENT_3D('',#5057,#5058,#5059);
#5061=CIRCLE('',#5060,0.5);
#5062=EDGE_CURVE('',#5056,#5048,#5061,.T.);
#5063=ORIENTED_EDGE('',*,*,#5062,.F.);
#5064=CARTESIAN_POINT('',(240.760543041,-190.045151662,0.));
#5065=VERTEX_POINT('',#5064);
#5066=CARTESIAN_POINT('',(252.222445556,-183.691716561,0.));
#5067=DIRECTION('',(-0.874619746,-0.48480955,0.));
#5068=VECTOR('',#5067,13.10501228);
#5069=LINE('',#5066,#5068);
#5070=EDGE_CURVE('',#5056,#5065,#5069,.T.);
#5071=ORIENTED_EDGE('',*,*,#5070,.T.);
#5072=CARTESIAN_POINT('',(239.801185,-190.242611,0.));
#5073=VERTEX_POINT('',#5072);
#5074=CARTESIAN_POINT('',(240.301185,-190.242611,0.));
#5075=DIRECTION('',(0.,0.,1.));
#5076=DIRECTION('',(1.,0.,-0.));
#5077=AXIS2_PLACEMENT_3D('',#5074,#5075,#5076);
#5078=CIRCLE('',#5077,0.5);
#5079=EDGE_CURVE('',#5073,#5065,#5078,.T.);
#5080=ORIENTED_EDGE('',*,*,#5079,.F.);
#5081=CARTESIAN_POINT('',(240.058780225,-189.805301127,0.));
#5082=VERTEX_POINT('',#5081);
#5083=CARTESIAN_POINT('',(240.301185,-190.242611,0.));
#5084=DIRECTION('',(0.,0.,1.));
#5085=DIRECTION('',(1.,0.,-0.));
#5086=AXIS2_PLACEMENT_3D('',#5083,#5084,#5085);
#5087=CIRCLE('',#5086,0.5);
#5088=EDGE_CURVE('',#5082,#5073,#5087,.T.);
#5089=ORIENTED_EDGE('',*,*,#5088,.F.);
#5090=CARTESIAN_POINT('',(233.730800531,-178.389321388,0.));
#5091=VERTEX_POINT('',#5090);
#5092=CARTESIAN_POINT('',(240.058780225,-189.805301127,0.));
#5093=DIRECTION('',(-0.48480955,0.874619746,0.));
#5094=VECTOR('',#5093,13.052506289);
#5095=LINE('',#5092,#5094);
#5096=EDGE_CURVE('',#5082,#5091,#5095,.T.);
#5097=ORIENTED_EDGE('',*,*,#5096,.T.);
#5098=CARTESIAN_POINT('',(233.033342,-177.929963,0.));
#5099=VERTEX_POINT('',#5098);
#5100=CARTESIAN_POINT('',(233.533342,-177.929963,0.));
#5101=DIRECTION('',(0.,0.,1.));
#5102=DIRECTION('',(1.,0.,-0.));
#5103=AXIS2_PLACEMENT_3D('',#5100,#5101,#5102);
#5104=CIRCLE('',#5103,0.5);
#5105=EDGE_CURVE('',#5099,#5091,#5104,.T.);
#5106=ORIENTED_EDGE('',*,*,#5105,.F.);
#5107=CARTESIAN_POINT('',(233.970651865,-177.68755821,0.));
#5108=VERTEX_POINT('',#5107);
#5109=CARTESIAN_POINT('',(233.533342,-177.929963,0.));
#5110=DIRECTION('',(0.,0.,1.));
#5111=DIRECTION('',(1.,0.,-0.));
#5112=AXIS2_PLACEMENT_3D('',#5109,#5110,#5111);
#5113=CIRCLE('',#5112,0.5);
#5114=EDGE_CURVE('',#5108,#5099,#5113,.T.);
#5115=ORIENTED_EDGE('',*,*,#5114,.F.);
#5116=CARTESIAN_POINT('',(233.970651865,-177.68755821,0.));
#5117=DIRECTION('',(0.87461973,0.48480958,0.));
#5118=VECTOR('',#5117,12.999999756);
#5119=LINE('',#5116,#5118);
#5120=EDGE_CURVE('',#5108,#5030,#5119,.T.);
#5121=ORIENTED_EDGE('',*,*,#5120,.T.);
#5122=EDGE_LOOP('',(#5037,#5046,#5054,#5063,#5071,#5080,#5089,#5097,#5106,#5115,#5121));
#5123=FACE_BOUND('',#5122,.T.);
#5124=CARTESIAN_POINT('',(367.819985,-106.242506,0.));
#5125=VERTEX_POINT('',#5124);
#5126=CARTESIAN_POINT('',(350.6,-106.242506,0.));
#5127=VERTEX_POINT('',#5126);
#5128=CARTESIAN_POINT('',(367.819985,-106.242506,0.));
#5129=DIRECTION('',(-1.,0.,0.));
#5130=VECTOR('',#5129,17.219985);
#5131=LINE('',#5128,#5130);
#5132=EDGE_CURVE('',#5125,#5127,#5131,.T.);
#5133=ORIENTED_EDGE('',*,*,#5132,.F.);
#5134=CARTESIAN_POINT('',(368.319985,-106.742506,0.));
#5135=VERTEX_POINT('',#5134);
#5136=CARTESIAN_POINT('',(367.819985,-106.742506,0.));
#5137=DIRECTION('',(0.,0.,1.));
#5138=DIRECTION('',(1.,0.,-0.));
#5139=AXIS2_PLACEMENT_3D('',#5136,#5137,#5138);
#5140=CIRCLE('',#5139,0.5);
#5141=EDGE_CURVE('',#5135,#5125,#5140,.T.);
#5142=ORIENTED_EDGE('',*,*,#5141,.F.);
#5143=CARTESIAN_POINT('',(368.319985,-109.262501,0.));
#5144=VERTEX_POINT('',#5143);
#5145=CARTESIAN_POINT('',(368.319985,-106.742506,0.));
#5146=DIRECTION('',(0.,-1.,0.));
#5147=VECTOR('',#5146,2.519995);
#5148=LINE('',#5145,#5147);
#5149=EDGE_CURVE('',#5135,#5144,#5148,.T.);
#5150=ORIENTED_EDGE('',*,*,#5149,.T.);
#5151=CARTESIAN_POINT('',(367.819985,-109.762501,0.));
#5152=VERTEX_POINT('',#5151);
#5153=CARTESIAN_POINT('',(367.819985,-109.262501,0.));
#5154=DIRECTION('',(0.,0.,1.));
#5155=DIRECTION('',(1.,0.,-0.));
#5156=AXIS2_PLACEMENT_3D('',#5153,#5154,#5155);
#5157=CIRCLE('',#5156,0.5);
#5158=EDGE_CURVE('',#5152,#5144,#5157,.T.);
#5159=ORIENTED_EDGE('',*,*,#5158,.F.);
#5160=CARTESIAN_POINT('',(350.6,-109.762501,0.));
#5161=VERTEX_POINT('',#5160);
#5162=CARTESIAN_POINT('',(350.6,-109.762501,0.));
#5163=DIRECTION('',(1.,0.,0.));
#5164=VECTOR('',#5163,17.219985);
#5165=LINE('',#5162,#5164);
#5166=EDGE_CURVE('',#5161,#5152,#5165,.T.);
#5167=ORIENTED_EDGE('',*,*,#5166,.F.);
#5168=CARTESIAN_POINT('',(350.1,-109.262501,0.));
#5169=VERTEX_POINT('',#5168);
#5170=CARTESIAN_POINT('',(350.6,-109.262501,0.));
#5171=DIRECTION('',(0.,0.,1.));
#5172=DIRECTION('',(1.,0.,-0.));
#5173=AXIS2_PLACEMENT_3D('',#5170,#5171,#5172);
#5174=CIRCLE('',#5173,0.5);
#5175=EDGE_CURVE('',#5169,#5161,#5174,.T.);
#5176=ORIENTED_EDGE('',*,*,#5175,.F.);
#5177=CARTESIAN_POINT('',(350.1,-106.742506,0.));
#5178=VERTEX_POINT('',#5177);
#5179=CARTESIAN_POINT('',(350.1,-106.742506,0.));
#5180=DIRECTION('',(0.,-1.,0.));
#5181=VECTOR('',#5180,2.519995);
#5182=LINE('',#5179,#5181);
#5183=EDGE_CURVE('',#5178,#5169,#5182,.T.);
#5184=ORIENTED_EDGE('',*,*,#5183,.F.);
#5185=CARTESIAN_POINT('',(350.6,-106.742506,0.));
#5186=DIRECTION('',(0.,0.,1.));
#5187=DIRECTION('',(1.,0.,-0.));
#5188=AXIS2_PLACEMENT_3D('',#5185,#5186,#5187);
#5189=CIRCLE('',#5188,0.5);
#5190=EDGE_CURVE('',#5127,#5178,#5189,.T.);
#5191=ORIENTED_EDGE('',*,*,#5190,.F.);
#5192=EDGE_LOOP('',(#5133,#5142,#5150,#5159,#5167,#5176,#5184,#5191));
#5193=FACE_BOUND('',#5192,.T.);
#5194=ADVANCED_FACE('',(#3330,#3418,#3506,#3594,#3682,#3770,#3873,#3961,#4049,#4137,#4225,#4313,#4401,#4489,#4577,#4665,#4753,#4841,#4929,#5026,#5123,#5193),#3032,.T.);
#5195=CARTESIAN_POINT('',(275.677370053,-99.502433568,-0.5));
#5196=DIRECTION('',(0.,0.,1.));
#5197=DIRECTION('',(1.,0.,-0.));
#5198=AXIS2_PLACEMENT_3D('',#5195,#5196,#5197);
#5199=TOROIDAL_SURFACE('',#5198,6.08251765,0.5);
#5200=CARTESIAN_POINT('',(275.709964748,-93.420003252,-0.5));
#5201=DIRECTION('',(0.999985642,-0.005358751,0.));
#5202=DIRECTION('',(0.005358751,0.999985642,0.));
#5203=AXIS2_PLACEMENT_3D('',#5200,#5201,#5202);
#5204=CIRCLE('',#5203,0.5);
#5205=EDGE_CURVE('',#1413,#3180,#5204,.T.);
#5206=ORIENTED_EDGE('',*,*,#5205,.F.);
#5207=ORIENTED_EDGE('',*,*,#1456,.F.);
#5208=CARTESIAN_POINT('',(270.440004346,-96.409373364,-0.5));
#5209=DIRECTION('',(-0.513500607,-0.85808923,0.));
#5210=DIRECTION('',(0.85808923,-0.513500607,0.));
#5211=AXIS2_PLACEMENT_3D('',#5208,#5209,#5210);
#5212=CIRCLE('',#5211,0.5);
#5213=EDGE_CURVE('',#3188,#1444,#5212,.T.);
#5214=ORIENTED_EDGE('',*,*,#5213,.F.);
#5215=ORIENTED_EDGE('',*,*,#3194,.F.);
#5216=EDGE_LOOP('',(#5206,#5207,#5214,#5215));
#5217=FACE_BOUND('',#5216,.T.);
#5218=ADVANCED_FACE('',(#5217),#5199,.T.);
#5219=CARTESIAN_POINT('',(241.610381398,-144.58531662,-0.5));
#5220=DIRECTION('',(-0.513500685,-0.858089183,0.));
#5221=DIRECTION('',(0.858089183,-0.513500685,0.));
#5222=AXIS2_PLACEMENT_3D('',#5219,#5220,#5221);
#5223=CYLINDRICAL_SURFACE('',#5222,0.5);
#5224=ORIENTED_EDGE('',*,*,#5213,.T.);
#5225=ORIENTED_EDGE('',*,*,#1488,.F.);
#5226=CARTESIAN_POINT('',(270.25230689,-96.723011485,-0.5));
#5227=DIRECTION('',(-0.513500685,-0.858089183,0.));
#5228=DIRECTION('',(0.858089183,-0.513500685,0.));
#5229=AXIS2_PLACEMENT_3D('',#5226,#5227,#5228);
#5230=CIRCLE('',#5229,0.5);
#5231=EDGE_CURVE('',#3197,#1477,#5230,.T.);
#5232=ORIENTED_EDGE('',*,*,#5231,.F.);
#5233=ORIENTED_EDGE('',*,*,#3202,.F.);
#5234=EDGE_LOOP('',(#5224,#5225,#5232,#5233));
#5235=FACE_BOUND('',#5234,.T.);
#5236=ADVANCED_FACE('',(#5235),#5223,.T.);
#5237=CARTESIAN_POINT('',(0.,-93.420010431,-0.5));
#5238=DIRECTION('',(-1.,0.,0.));
#5239=DIRECTION('',(0.,0.,1.));
#5240=AXIS2_PLACEMENT_3D('',#5237,#5238,#5239);
#5241=CYLINDRICAL_SURFACE('',#5240,0.5);
#5242=ORIENTED_EDGE('',*,*,#5205,.T.);
#5243=ORIENTED_EDGE('',*,*,#3185,.F.);
#5244=CARTESIAN_POINT('',(287.591449655,-93.420010431,-0.5));
#5245=DIRECTION('',(1.,0.,0.));
#5246=DIRECTION('',(0.,0.,-1.));
#5247=AXIS2_PLACEMENT_3D('',#5244,#5245,#5246);
#5248=CIRCLE('',#5247,0.5);
#5249=EDGE_CURVE('',#1380,#3171,#5248,.T.);
#5250=ORIENTED_EDGE('',*,*,#5249,.F.);
#5251=ORIENTED_EDGE('',*,*,#1424,.F.);
#5252=EDGE_LOOP('',(#5242,#5243,#5250,#5251));
#5253=FACE_BOUND('',#5252,.T.);
#5254=ADVANCED_FACE('',(#5253),#5241,.T.);
#5255=CARTESIAN_POINT('',(267.67803934,-95.182509431,-0.5));
#5256=DIRECTION('',(0.,0.,1.));
#5257=DIRECTION('',(1.,0.,-0.));
#5258=AXIS2_PLACEMENT_3D('',#5255,#5256,#5257);
#5259=TOROIDAL_SURFACE('',#5258,3.,0.5);
#5260=ORIENTED_EDGE('',*,*,#5231,.T.);
#5261=ORIENTED_EDGE('',*,*,#1511,.F.);
#5262=CARTESIAN_POINT('',(267.67803934,-98.182509431,-0.5));
#5263=DIRECTION('',(-1.,0.,0.));
#5264=DIRECTION('',(0.,0.,1.));
#5265=AXIS2_PLACEMENT_3D('',#5262,#5263,#5264);
#5266=CIRCLE('',#5265,0.5);
#5267=EDGE_CURVE('',#3205,#738,#5266,.T.);
#5268=ORIENTED_EDGE('',*,*,#5267,.F.);
#5269=ORIENTED_EDGE('',*,*,#3211,.F.);
#5270=EDGE_LOOP('',(#5260,#5261,#5268,#5269));
#5271=FACE_BOUND('',#5270,.T.);
#5272=ADVANCED_FACE('',(#5271),#5259,.T.);
#5273=CARTESIAN_POINT('',(287.591449655,-90.420010431,-0.5));
#5274=DIRECTION('',(0.,0.,1.));
#5275=DIRECTION('',(1.,0.,-0.));
#5276=AXIS2_PLACEMENT_3D('',#5273,#5274,#5275);
#5277=TOROIDAL_SURFACE('',#5276,3.,0.5);
#5278=ORIENTED_EDGE('',*,*,#5249,.T.);
#5279=ORIENTED_EDGE('',*,*,#3177,.F.);
#5280=CARTESIAN_POINT('',(289.737970822,-92.515826949,-0.5));
#5281=DIRECTION('',(0.698605506,0.715507056,0.));
#5282=DIRECTION('',(-0.715507056,0.698605506,0.));
#5283=AXIS2_PLACEMENT_3D('',#5280,#5281,#5282);
#5284=CIRCLE('',#5283,0.5);
#5285=EDGE_CURVE('',#1349,#3163,#5284,.T.);
#5286=ORIENTED_EDGE('',*,*,#5285,.F.);
#5287=ORIENTED_EDGE('',*,*,#1392,.F.);
#5288=EDGE_LOOP('',(#5278,#5279,#5286,#5287));
#5289=FACE_BOUND('',#5288,.T.);
#5290=ADVANCED_FACE('',(#5289),#5277,.T.);
#5291=CARTESIAN_POINT('',(0.,-98.182509431,-0.5));
#5292=DIRECTION('',(-1.,0.,0.));
#5293=DIRECTION('',(0.,0.,1.));
#5294=AXIS2_PLACEMENT_3D('',#5291,#5292,#5293);
#5295=CYLINDRICAL_SURFACE('',#5294,0.5);
#5296=ORIENTED_EDGE('',*,*,#5267,.T.);
#5297=ORIENTED_EDGE('',*,*,#743,.F.);
#5298=CARTESIAN_POINT('',(231.57751072,-98.182509431,-0.5));
#5299=DIRECTION('',(-0.999999923,0.000391699,0.));
#5300=DIRECTION('',(-0.000391699,-0.999999923,0.));
#5301=AXIS2_PLACEMENT_3D('',#5298,#5299,#5300);
#5302=CIRCLE('',#5301,0.5);
#5303=EDGE_CURVE('',#3214,#730,#5302,.T.);
#5304=ORIENTED_EDGE('',*,*,#5303,.F.);
#5305=ORIENTED_EDGE('',*,*,#3219,.F.);
#5306=EDGE_LOOP('',(#5296,#5297,#5304,#5305));
#5307=FACE_BOUND('',#5306,.T.);
#5308=ADVANCED_FACE('',(#5307),#5295,.T.);
#5309=CARTESIAN_POINT('',(194.576154004,-189.97991904,-0.5));
#5310=DIRECTION('',(-0.698605506,-0.715507056,0.));
#5311=DIRECTION('',(0.715507056,-0.698605506,0.));
#5312=AXIS2_PLACEMENT_3D('',#5309,#5310,#5311);
#5313=CYLINDRICAL_SURFACE('',#5312,0.5);
#5314=ORIENTED_EDGE('',*,*,#5285,.T.);
#5315=ORIENTED_EDGE('',*,*,#3168,.F.);
#5316=CARTESIAN_POINT('',(291.718449802,-90.487433712,-0.5));
#5317=DIRECTION('',(0.698605506,0.715507056,-0.));
#5318=DIRECTION('',(-0.715507056,0.698605506,0.));
#5319=AXIS2_PLACEMENT_3D('',#5316,#5317,#5318);
#5320=CIRCLE('',#5319,0.5);
#5321=EDGE_CURVE('',#1316,#3154,#5320,.T.);
#5322=ORIENTED_EDGE('',*,*,#5321,.F.);
#5323=ORIENTED_EDGE('',*,*,#1360,.F.);
#5324=EDGE_LOOP('',(#5314,#5315,#5322,#5323));
#5325=FACE_BOUND('',#5324,.T.);
#5326=ADVANCED_FACE('',(#5325),#5313,.T.);
#5327=CARTESIAN_POINT('',(231.575109569,-104.312607,-0.5));
#5328=DIRECTION('',(0.,0.,1.));
#5329=DIRECTION('',(1.,0.,-0.));
#5330=AXIS2_PLACEMENT_3D('',#5327,#5328,#5329);
#5331=TOROIDAL_SURFACE('',#5330,6.130098077,0.5);
#5332=ORIENTED_EDGE('',*,*,#5303,.T.);
#5333=ORIENTED_EDGE('',*,*,#1544,.F.);
#5334=CARTESIAN_POINT('',(225.445012041,-104.31001,-0.5));
#5335=DIRECTION('',(-0.,-1.,0.));
#5336=DIRECTION('',(1.,-0.,0.));
#5337=AXIS2_PLACEMENT_3D('',#5334,#5335,#5336);
#5338=CIRCLE('',#5337,0.5);
#5339=EDGE_CURVE('',#3222,#1532,#5338,.T.);
#5340=ORIENTED_EDGE('',*,*,#5339,.F.);
#5341=ORIENTED_EDGE('',*,*,#3228,.F.);
#5342=EDGE_LOOP('',(#5332,#5333,#5340,#5341));
#5343=FACE_BOUND('',#5342,.T.);
#5344=ADVANCED_FACE('',(#5343),#5331,.T.);
#5345=CARTESIAN_POINT('',(296.100717413,-94.76364952,-0.5));
#5346=DIRECTION('',(0.,0.,1.));
#5347=DIRECTION('',(1.,0.,-0.));
#5348=AXIS2_PLACEMENT_3D('',#5345,#5346,#5347);
#5349=TOROIDAL_SURFACE('',#5348,6.122931552,0.5);
#5350=ORIENTED_EDGE('',*,*,#5321,.T.);
#5351=ORIENTED_EDGE('',*,*,#3160,.F.);
#5352=CARTESIAN_POINT('',(296.02497783,-88.641186428,-0.5));
#5353=DIRECTION('',(0.999923491,0.012369824,0.));
#5354=DIRECTION('',(-0.012369824,0.999923491,0.));
#5355=AXIS2_PLACEMENT_3D('',#5352,#5353,#5354);
#5356=CIRCLE('',#5355,0.5);
#5357=EDGE_CURVE('',#1285,#3146,#5356,.T.);
#5358=ORIENTED_EDGE('',*,*,#5357,.F.);
#5359=ORIENTED_EDGE('',*,*,#1328,.F.);
#5360=EDGE_LOOP('',(#5350,#5351,#5358,#5359));
#5361=FACE_BOUND('',#5360,.T.);
#5362=ADVANCED_FACE('',(#5361),#5349,.T.);
#5363=CARTESIAN_POINT('',(225.445012,0.,-0.5));
#5364=DIRECTION('',(0.,-1.,0.));
#5365=DIRECTION('',(0.,0.,-1.));
#5366=AXIS2_PLACEMENT_3D('',#5363,#5364,#5365);
#5367=CYLINDRICAL_SURFACE('',#5366,0.5);
#5368=ORIENTED_EDGE('',*,*,#5339,.T.);
#5369=ORIENTED_EDGE('',*,*,#1576,.F.);
#5370=CARTESIAN_POINT('',(225.445012,-123.087500133,-0.5));
#5371=DIRECTION('',(-0.000000266,-1.,0.));
#5372=DIRECTION('',(1.,-0.000000266,0.));
#5373=AXIS2_PLACEMENT_3D('',#5370,#5371,#5372);
#5374=CIRCLE('',#5373,0.5);
#5375=EDGE_CURVE('',#3231,#1565,#5374,.T.);
#5376=ORIENTED_EDGE('',*,*,#5375,.F.);
#5377=ORIENTED_EDGE('',*,*,#3236,.F.);
#5378=EDGE_LOOP('',(#5368,#5369,#5376,#5377));
#5379=FACE_BOUND('',#5378,.T.);
#5380=ADVANCED_FACE('',(#5379),#5367,.T.);
#5381=CARTESIAN_POINT('',(1.154087687,-92.327070348,-0.5));
#5382=DIRECTION('',(-0.999921884,-0.012499016,0.));
#5383=DIRECTION('',(0.012499016,-0.999921884,0.));
#5384=AXIS2_PLACEMENT_3D('',#5381,#5382,#5383);
#5385=CYLINDRICAL_SURFACE('',#5384,0.5);
#5386=ORIENTED_EDGE('',*,*,#5357,.T.);
#5387=ORIENTED_EDGE('',*,*,#3151,.F.);
#5388=CARTESIAN_POINT('',(307.71862362,-87.994976887,-0.5));
#5389=CARTESIAN_POINT('',(307.71862362,-87.994976887,-0.433996815));
#5390=CARTESIAN_POINT('',(307.718688929,-88.007956943,-0.369233094));
#5391=CARTESIAN_POINT('',(307.718814207,-88.033009298,-0.308726888));
#5392=CARTESIAN_POINT('',(307.718939485,-88.058061654,-0.248220682));
#5393=CARTESIAN_POINT('',(307.719124421,-88.095139256,-0.192792046));
#5394=CARTESIAN_POINT('',(307.71935194,-88.141197727,-0.146674845));
#5395=CARTESIAN_POINT('',(307.719806979,-88.233314669,-0.054440443));
#5396=CARTESIAN_POINT('',(307.720439765,-88.362980663,0.));
#5397=CARTESIAN_POINT('',(307.721062973,-88.494985456,-0.));
#5398=B_SPLINE_CURVE_WITH_KNOTS('',3,(#5388,#5389,#5390,#5391,#5392,#5393,#5394,#5395,#5396,#5397),.UNSPECIFIED.,.F.,.F.,(4,3,3,4),(0.,0.000195199,0.000390398,0.000780796),.UNSPECIFIED.);
#5399=EDGE_CURVE('',#1252,#3137,#5398,.T.);
#5400=ORIENTED_EDGE('',*,*,#5399,.F.);
#5401=ORIENTED_EDGE('',*,*,#1296,.F.);
#5402=EDGE_LOOP('',(#5386,#5387,#5400,#5401));
#5403=FACE_BOUND('',#5402,.T.);
#5404=ADVANCED_FACE('',(#5403),#5385,.T.);
#5405=CARTESIAN_POINT('',(225.445044714,-0.000059919,-0.5));
#5406=DIRECTION('',(-0.000000266,-1.,0.));
#5407=DIRECTION('',(1.,-0.000000266,0.));
#5408=AXIS2_PLACEMENT_3D('',#5405,#5406,#5407);
#5409=CYLINDRICAL_SURFACE('',#5408,0.5);
#5410=ORIENTED_EDGE('',*,*,#5375,.T.);
#5411=ORIENTED_EDGE('',*,*,#1607,.F.);
#5412=CARTESIAN_POINT('',(225.445,-168.23749907,-0.5));
#5413=DIRECTION('',(0.,-1.,0.));
#5414=DIRECTION('',(0.,0.,-1.));
#5415=AXIS2_PLACEMENT_3D('',#5412,#5413,#5414);
#5416=CIRCLE('',#5415,0.5);
#5417=EDGE_CURVE('',#3239,#1596,#5416,.T.);
#5418=ORIENTED_EDGE('',*,*,#5417,.F.);
#5419=ORIENTED_EDGE('',*,*,#3244,.F.);
#5420=EDGE_LOOP('',(#5410,#5411,#5418,#5419));
#5421=FACE_BOUND('',#5420,.T.);
#5422=ADVANCED_FACE('',(#5421),#5409,.T.);
#5423=CARTESIAN_POINT('',(307.701955817,-94.781356994,-0.5));
#5424=DIRECTION('',(0.,0.,1.));
#5425=DIRECTION('',(1.,0.,-0.));
#5426=AXIS2_PLACEMENT_3D('',#5423,#5424,#5425);
#5427=TOROIDAL_SURFACE('',#5426,6.286400576,0.5);
#5428=ORIENTED_EDGE('',*,*,#5399,.T.);
#5429=ORIENTED_EDGE('',*,*,#3143,.F.);
#5430=CARTESIAN_POINT('',(312.574597439,-90.057735884,-0.5));
#5431=CARTESIAN_POINT('',(312.574597439,-90.057735884,-0.433996815));
#5432=CARTESIAN_POINT('',(312.565210243,-90.06670063,-0.369233094));
#5433=CARTESIAN_POINT('',(312.547092879,-90.084003732,-0.308726888));
#5434=CARTESIAN_POINT('',(312.528975515,-90.101306834,-0.248220682));
#5435=CARTESIAN_POINT('',(312.502162063,-90.126915847,-0.192792046));
#5436=CARTESIAN_POINT('',(312.468855441,-90.15872942,-0.146674845));
#5437=CARTESIAN_POINT('',(312.402242197,-90.222356566,-0.054440443));
#5438=CARTESIAN_POINT('',(312.308484827,-90.311929029,0.));
#5439=CARTESIAN_POINT('',(312.213043571,-90.403124534,-0.));
#5440=B_SPLINE_CURVE_WITH_KNOTS('',3,(#5430,#5431,#5432,#5433,#5434,#5435,#5436,#5437,#5438,#5439),.UNSPECIFIED.,.F.,.F.,(4,3,3,4),(0.,0.000195199,0.000390398,0.000780796),.UNSPECIFIED.);
#5441=EDGE_CURVE('',#1221,#3129,#5440,.T.);
#5442=ORIENTED_EDGE('',*,*,#5441,.F.);
#5443=ORIENTED_EDGE('',*,*,#1264,.F.);
#5444=EDGE_LOOP('',(#5428,#5429,#5442,#5443));
#5445=FACE_BOUND('',#5444,.T.);
#5446=ADVANCED_FACE('',(#5445),#5427,.T.);
#5447=CARTESIAN_POINT('',(225.445,0.,-0.5));
#5448=DIRECTION('',(0.,-1.,0.));
#5449=DIRECTION('',(0.,0.,-1.));
#5450=AXIS2_PLACEMENT_3D('',#5447,#5448,#5449);
#5451=CYLINDRICAL_SURFACE('',#5450,0.5);
#5452=ORIENTED_EDGE('',*,*,#5417,.T.);
#5453=ORIENTED_EDGE('',*,*,#1638,.F.);
#5454=CARTESIAN_POINT('',(225.445,-175.720293938,-0.));
#5455=CARTESIAN_POINT('',(225.31299547,-175.721653547,-0.));
#5456=CARTESIAN_POINT('',(225.18334918,-175.722972984,-0.054430465));
#5457=CARTESIAN_POINT('',(225.091228608,-175.723898971,-0.146664745));
#5458=CARTESIAN_POINT('',(225.045168322,-175.724361965,-0.192781886));
#5459=CARTESIAN_POINT('',(225.008088558,-175.724732307,-0.248211811));
#5460=CARTESIAN_POINT('',(224.983034783,-175.724982107,-0.308719738));
#5461=CARTESIAN_POINT('',(224.957981009,-175.725231907,-0.369227665));
#5462=CARTESIAN_POINT('',(224.945,-175.725360799,-0.43399414));
#5463=CARTESIAN_POINT('',(224.945,-175.725360799,-0.5));
#5464=B_SPLINE_CURVE_WITH_KNOTS('',3,(#5454,#5455,#5456,#5457,#5458,#5459,#5460,#5461,#5462,#5463),.UNSPECIFIED.,.F.,.F.,(4,3,3,4),(0.,0.000390414,0.000585621,0.000780828),.UNSPECIFIED.);
#5465=EDGE_CURVE('',#3247,#1627,#5464,.T.);
#5466=ORIENTED_EDGE('',*,*,#5465,.F.);
#5467=ORIENTED_EDGE('',*,*,#3252,.F.);
#5468=EDGE_LOOP('',(#5452,#5453,#5466,#5467));
#5469=FACE_BOUND('',#5468,.T.);
#5470=ADVANCED_FACE('',(#5469),#5451,.T.);
#5471=CARTESIAN_POINT('',(120.500277046,113.368998402,-0.5));
#5472=DIRECTION('',(-0.685226781,0.728329773,0.));
#5473=DIRECTION('',(-0.728329773,-0.685226781,0.));
#5474=AXIS2_PLACEMENT_3D('',#5471,#5472,#5473);
#5475=CYLINDRICAL_SURFACE('',#5474,0.5);
#5476=ORIENTED_EDGE('',*,*,#5441,.T.);
#5477=ORIENTED_EDGE('',*,*,#3134,.F.);
#5478=CARTESIAN_POINT('',(314.162952072,-92.47568862,-0.5));
#5479=DIRECTION('',(0.685226781,-0.728329773,0.));
#5480=DIRECTION('',(0.728329773,0.685226781,0.));
#5481=AXIS2_PLACEMENT_3D('',#5478,#5479,#5480);
#5482=CIRCLE('',#5481,0.5);
#5483=EDGE_CURVE('',#1188,#3120,#5482,.T.);
#5484=ORIENTED_EDGE('',*,*,#5483,.F.);
#5485=ORIENTED_EDGE('',*,*,#1232,.F.);
#5486=EDGE_LOOP('',(#5476,#5477,#5484,#5485));
#5487=FACE_BOUND('',#5486,.T.);
#5488=ADVANCED_FACE('',(#5487),#5475,.T.);
#5489=CARTESIAN_POINT('',(231.693028641,-175.591164173,-0.5));
#5490=DIRECTION('',(0.,0.,1.));
#5491=DIRECTION('',(1.,0.,-0.));
#5492=AXIS2_PLACEMENT_3D('',#5489,#5490,#5491);
#5493=TOROIDAL_SURFACE('',#5492,6.249362879,0.5);
#5494=ORIENTED_EDGE('',*,*,#5465,.T.);
#5495=ORIENTED_EDGE('',*,*,#1670,.F.);
#5496=CARTESIAN_POINT('',(226.213086185,-178.595289182,-0.5));
#5497=DIRECTION('',(0.484809605,-0.874619715,0.));
#5498=DIRECTION('',(0.874619715,0.484809605,0.));
#5499=AXIS2_PLACEMENT_3D('',#5496,#5497,#5498);
#5500=CIRCLE('',#5499,0.5);
#5501=EDGE_CURVE('',#3255,#1658,#5500,.T.);
#5502=ORIENTED_EDGE('',*,*,#5501,.F.);
#5503=ORIENTED_EDGE('',*,*,#3261,.F.);
#5504=EDGE_LOOP('',(#5494,#5495,#5502,#5503));
#5505=FACE_BOUND('',#5504,.T.);
#5506=ADVANCED_FACE('',(#5505),#5493,.T.);
#5507=CARTESIAN_POINT('',(316.347941392,-90.420008278,-0.5));
#5508=DIRECTION('',(0.,0.,1.));
#5509=DIRECTION('',(1.,0.,-0.));
#5510=AXIS2_PLACEMENT_3D('',#5507,#5508,#5509);
#5511=TOROIDAL_SURFACE('',#5510,3.,0.5);
#5512=ORIENTED_EDGE('',*,*,#5483,.T.);
#5513=ORIENTED_EDGE('',*,*,#3126,.F.);
#5514=CARTESIAN_POINT('',(316.347941392,-93.420008278,-0.5));
#5515=DIRECTION('',(1.,0.,0.));
#5516=DIRECTION('',(0.,0.,-1.));
#5517=AXIS2_PLACEMENT_3D('',#5514,#5515,#5516);
#5518=CIRCLE('',#5517,0.5);
#5519=EDGE_CURVE('',#1157,#3112,#5518,.T.);
#5520=ORIENTED_EDGE('',*,*,#5519,.F.);
#5521=ORIENTED_EDGE('',*,*,#1200,.F.);
#5522=EDGE_LOOP('',(#5512,#5513,#5520,#5521));
#5523=FACE_BOUND('',#5522,.T.);
#5524=ADVANCED_FACE('',(#5523),#5511,.T.);
#5525=CARTESIAN_POINT('',(97.315168572,53.942682642,-0.5));
#5526=DIRECTION('',(0.484809647,-0.874619692,0.));
#5527=DIRECTION('',(0.874619692,0.484809647,0.));
#5528=AXIS2_PLACEMENT_3D('',#5525,#5526,#5527);
#5529=CYLINDRICAL_SURFACE('',#5528,0.5);
#5530=ORIENTED_EDGE('',*,*,#5501,.T.);
#5531=ORIENTED_EDGE('',*,*,#1702,.F.);
#5532=CARTESIAN_POINT('',(234.753983923,-194.00348594,-0.5));
#5533=DIRECTION('',(0.484809647,-0.874619692,0.));
#5534=DIRECTION('',(0.874619692,0.484809647,0.));
#5535=AXIS2_PLACEMENT_3D('',#5532,#5533,#5534);
#5536=CIRCLE('',#5535,0.5);
#5537=EDGE_CURVE('',#3264,#1691,#5536,.T.);
#5538=ORIENTED_EDGE('',*,*,#5537,.F.);
#5539=ORIENTED_EDGE('',*,*,#3269,.F.);
#5540=EDGE_LOOP('',(#5530,#5531,#5538,#5539));
#5541=FACE_BOUND('',#5540,.T.);
#5542=ADVANCED_FACE('',(#5541),#5529,.T.);
#5543=CARTESIAN_POINT('',(0.,-93.420008278,-0.5));
#5544=DIRECTION('',(-1.,0.,0.));
#5545=DIRECTION('',(0.,0.,1.));
#5546=AXIS2_PLACEMENT_3D('',#5543,#5544,#5545);
#5547=CYLINDRICAL_SURFACE('',#5546,0.5);
#5548=ORIENTED_EDGE('',*,*,#5519,.T.);
#5549=ORIENTED_EDGE('',*,*,#3117,.F.);
#5550=CARTESIAN_POINT('',(328.161848828,-93.420008278,-0.5));
#5551=DIRECTION('',(1.,0.,0.));
#5552=DIRECTION('',(0.,0.,-1.));
#5553=AXIS2_PLACEMENT_3D('',#5550,#5551,#5552);
#5554=CIRCLE('',#5553,0.5);
#5555=EDGE_CURVE('',#1124,#3103,#5554,.T.);
#5556=ORIENTED_EDGE('',*,*,#5555,.F.);
#5557=ORIENTED_EDGE('',*,*,#1168,.F.);
#5558=EDGE_LOOP('',(#5548,#5549,#5556,#5557));
#5559=FACE_BOUND('',#5558,.T.);
#5560=ADVANCED_FACE('',(#5559),#5547,.T.);
#5561=CARTESIAN_POINT('',(240.111028524,-191.034027416,-0.5));
#5562=DIRECTION('',(0.,0.,1.));
#5563=DIRECTION('',(1.,0.,-0.));
#5564=AXIS2_PLACEMENT_3D('',#5561,#5562,#5563);
#5565=TOROIDAL_SURFACE('',#5564,6.12499884,0.5);
#5566=ORIENTED_EDGE('',*,*,#5537,.T.);
#5567=ORIENTED_EDGE('',*,*,#1734,.F.);
#5568=CARTESIAN_POINT('',(243.084794268,-196.388682222,-0.5));
#5569=DIRECTION('',(0.873099069,0.487542835,0.));
#5570=DIRECTION('',(-0.487542835,0.873099069,0.));
#5571=AXIS2_PLACEMENT_3D('',#5568,#5569,#5570);
#5572=CIRCLE('',#5571,0.5);
#5573=EDGE_CURVE('',#3272,#1722,#5572,.T.);
#5574=ORIENTED_EDGE('',*,*,#5573,.F.);
#5575=ORIENTED_EDGE('',*,*,#3278,.F.);
#5576=EDGE_LOOP('',(#5566,#5567,#5574,#5575));
#5577=FACE_BOUND('',#5576,.T.);
#5578=ADVANCED_FACE('',(#5577),#5565,.T.);
#5579=CARTESIAN_POINT('',(328.200129819,-99.502408668,-0.5));
#5580=DIRECTION('',(0.,0.,1.));
#5581=DIRECTION('',(1.,0.,-0.));
#5582=AXIS2_PLACEMENT_3D('',#5579,#5580,#5581);
#5583=TOROIDAL_SURFACE('',#5582,6.082511704,0.5);
#5584=ORIENTED_EDGE('',*,*,#5555,.T.);
#5585=ORIENTED_EDGE('',*,*,#3109,.F.);
#5586=CARTESIAN_POINT('',(333.942659016,-96.284829025,-0.5));
#5587=CARTESIAN_POINT('',(333.942659016,-96.284829025,-0.433978107));
#5588=CARTESIAN_POINT('',(333.931155667,-96.290869777,-0.369195047));
#5589=CARTESIAN_POINT('',(333.908962387,-96.302535803,-0.308678682));
#5590=CARTESIAN_POINT('',(333.886769107,-96.31420183,-0.248162317));
#5591=CARTESIAN_POINT('',(333.853926043,-96.331473384,-0.192727184));
#5592=CARTESIAN_POINT('',(333.813148822,-96.352948866,-0.146613361));
#5593=CARTESIAN_POINT('',(333.731594381,-96.395899829,-0.054385717));
#5594=CARTESIAN_POINT('',(333.616961139,-96.456413032,-0.));
#5595=CARTESIAN_POINT('',(333.500272019,-96.518210067,-0.));
#5596=B_SPLINE_CURVE_WITH_KNOTS('',3,(#5586,#5587,#5588,#5589,#5590,#5591,#5592,#5593,#5594,#5595),.UNSPECIFIED.,.F.,.F.,(4,3,3,4),(0.,0.000195254,0.000390508,0.000781016),.UNSPECIFIED.);
#5597=EDGE_CURVE('',#1091,#3094,#5596,.T.);
#5598=ORIENTED_EDGE('',*,*,#5597,.F.);
#5599=ORIENTED_EDGE('',*,*,#1136,.F.);
#5600=EDGE_LOOP('',(#5584,#5585,#5598,#5599));
#5601=FACE_BOUND('',#5600,.T.);
#5602=ADVANCED_FACE('',(#5601),#5583,.T.);
#5603=CARTESIAN_POINT('',(141.378173676,-253.182164046,-0.5));
#5604=DIRECTION('',(0.873099066,0.48754284,0.));
#5605=DIRECTION('',(-0.48754284,0.873099066,0.));
#5606=AXIS2_PLACEMENT_3D('',#5603,#5604,#5605);
#5607=CYLINDRICAL_SURFACE('',#5606,0.5);
#5608=ORIENTED_EDGE('',*,*,#5573,.T.);
#5609=ORIENTED_EDGE('',*,*,#1766,.F.);
#5610=CARTESIAN_POINT('',(249.85390332,-192.608779649,-0.));
#5611=CARTESIAN_POINT('',(249.91884412,-192.723700602,0.));
#5612=CARTESIAN_POINT('',(249.982662346,-192.836622455,-0.054428057));
#5613=CARTESIAN_POINT('',(250.027970441,-192.916794766,-0.14668625));
#5614=CARTESIAN_POINT('',(250.050624488,-192.956880922,-0.192815346));
#5615=CARTESIAN_POINT('',(250.068870543,-192.989166898,-0.248230499));
#5616=CARTESIAN_POINT('',(250.081195428,-193.010975464,-0.308734746));
#5617=CARTESIAN_POINT('',(250.093520313,-193.03278403,-0.369238993));
#5618=CARTESIAN_POINT('',(250.099905979,-193.044083247,-0.433999724));
#5619=CARTESIAN_POINT('',(250.099905979,-193.044083247,-0.5));
#5620=B_SPLINE_CURVE_WITH_KNOTS('',3,(#5610,#5611,#5612,#5613,#5614,#5615,#5616,#5617,#5618,#5619),.UNSPECIFIED.,.F.,.F.,(4,3,3,4),(0.,0.000390381,0.000585571,0.000780762),.UNSPECIFIED.);
#5621=EDGE_CURVE('',#3281,#1755,#5620,.T.);
#5622=ORIENTED_EDGE('',*,*,#5621,.F.);
#5623=ORIENTED_EDGE('',*,*,#3286,.F.);
#5624=EDGE_LOOP('',(#5608,#5609,#5622,#5623));
#5625=FACE_BOUND('',#5624,.T.);
#5626=ADVANCED_FACE('',(#5625),#5607,.T.);
#5627=CARTESIAN_POINT('',(336.186511404,-95.182501278,-0.5));
#5628=DIRECTION('',(0.,0.,1.));
#5629=DIRECTION('',(1.,0.,-0.));
#5630=AXIS2_PLACEMENT_3D('',#5627,#5628,#5629);
#5631=TOROIDAL_SURFACE('',#5630,3.,0.5);
#5632=ORIENTED_EDGE('',*,*,#5597,.T.);
#5633=ORIENTED_EDGE('',*,*,#3100,.F.);
#5634=CARTESIAN_POINT('',(336.186511404,-98.182501278,-0.5));
#5635=DIRECTION('',(1.,0.,0.));
#5636=DIRECTION('',(0.,0.,-1.));
#5637=AXIS2_PLACEMENT_3D('',#5634,#5635,#5636);
#5638=CIRCLE('',#5637,0.5);
#5639=EDGE_CURVE('',#1060,#3086,#5638,.T.);
#5640=ORIENTED_EDGE('',*,*,#5639,.F.);
#5641=ORIENTED_EDGE('',*,*,#1103,.F.);
#5642=EDGE_LOOP('',(#5632,#5633,#5640,#5641));
#5643=FACE_BOUND('',#5642,.T.);
#5644=ADVANCED_FACE('',(#5643),#5631,.T.);
#5645=CARTESIAN_POINT('',(283.21153906,-250.939928723,-0.5));
#5646=DIRECTION('',(0.,0.,1.));
#5647=DIRECTION('',(1.,0.,-0.));
#5648=AXIS2_PLACEMENT_3D('',#5645,#5646,#5647);
#5649=TOROIDAL_SURFACE('',#5648,67.1956458,0.5);
#5650=ORIENTED_EDGE('',*,*,#5621,.T.);
#5651=ORIENTED_EDGE('',*,*,#1798,.F.);
#5652=CARTESIAN_POINT('',(283.483483023,-183.74483321,-0.5));
#5653=DIRECTION('',(0.999999571,0.000926722,0.));
#5654=DIRECTION('',(-0.000926722,0.999999571,0.));
#5655=AXIS2_PLACEMENT_3D('',#5652,#5653,#5654);
#5656=CIRCLE('',#5655,0.5);
#5657=EDGE_CURVE('',#3289,#1786,#5656,.T.);
#5658=ORIENTED_EDGE('',*,*,#5657,.F.);
#5659=ORIENTED_EDGE('',*,*,#3295,.F.);
#5660=EDGE_LOOP('',(#5650,#5651,#5658,#5659));
#5661=FACE_BOUND('',#5660,.T.);
#5662=ADVANCED_FACE('',(#5661),#5649,.T.);
#5663=CARTESIAN_POINT('',(0.,-98.182501278,-0.5));
#5664=DIRECTION('',(-1.,0.,0.));
#5665=DIRECTION('',(0.,0.,1.));
#5666=AXIS2_PLACEMENT_3D('',#5663,#5664,#5665);
#5667=CYLINDRICAL_SURFACE('',#5666,0.5);
#5668=ORIENTED_EDGE('',*,*,#5639,.T.);
#5669=ORIENTED_EDGE('',*,*,#3091,.F.);
#5670=CARTESIAN_POINT('',(349.029548789,-98.182501278,-0.5));
#5671=DIRECTION('',(-0.999996537,-0.002631553,0.));
#5672=DIRECTION('',(0.002631553,-0.999996537,0.));
#5673=AXIS2_PLACEMENT_3D('',#5670,#5671,#5672);
#5674=ELLIPSE('',#5673,0.500001731,0.5);
#5675=EDGE_CURVE('',#3078,#1035,#5674,.T.);
#5676=ORIENTED_EDGE('',*,*,#5675,.T.);
#5677=ORIENTED_EDGE('',*,*,#1071,.F.);
#5678=EDGE_LOOP('',(#5668,#5669,#5676,#5677));
#5679=FACE_BOUND('',#5678,.T.);
#5680=ADVANCED_FACE('',(#5679),#5667,.T.);
#5681=CARTESIAN_POINT('',(0.170535118,-184.007409341,-0.5));
#5682=DIRECTION('',(0.999999571,0.000926784,0.));
#5683=DIRECTION('',(-0.000926784,0.999999571,0.));
#5684=AXIS2_PLACEMENT_3D('',#5681,#5682,#5683);
#5685=CYLINDRICAL_SURFACE('',#5684,0.5);
#5686=ORIENTED_EDGE('',*,*,#5657,.T.);
#5687=ORIENTED_EDGE('',*,*,#1830,.F.);
#5688=CARTESIAN_POINT('',(294.156927176,-183.734947464,-0.));
#5689=CARTESIAN_POINT('',(294.15910735,-183.866951018,0.));
#5690=CARTESIAN_POINT('',(294.161221479,-183.996567779,-0.054413292));
#5691=CARTESIAN_POINT('',(294.162708389,-184.08869546,-0.146646534));
#5692=CARTESIAN_POINT('',(294.163451845,-184.134759301,-0.192763155));
#5693=CARTESIAN_POINT('',(294.164046874,-184.17184356,-0.248195235));
#5694=CARTESIAN_POINT('',(294.164448287,-184.196900316,-0.308706231));
#5695=CARTESIAN_POINT('',(294.164849699,-184.221957072,-0.369217227));
#5696=CARTESIAN_POINT('',(294.165056901,-184.234940145,-0.433989006));
#5697=CARTESIAN_POINT('',(294.165056901,-184.234940145,-0.5));
#5698=B_SPLINE_CURVE_WITH_KNOTS('',3,(#5688,#5689,#5690,#5691,#5692,#5693,#5694,#5695,#5696,#5697),.UNSPECIFIED.,.F.,.F.,(4,3,3,4),(0.,0.000390444,0.000585666,0.000780888),.UNSPECIFIED.);
#5699=EDGE_CURVE('',#3298,#1817,#5698,.T.);
#5700=ORIENTED_EDGE('',*,*,#5699,.F.);
#5701=ORIENTED_EDGE('',*,*,#3303,.F.);
#5702=EDGE_LOOP('',(#5686,#5687,#5700,#5701));
#5703=FACE_BOUND('',#5702,.T.);
#5704=ADVANCED_FACE('',(#5703),#5685,.T.);
#5705=CARTESIAN_POINT('',(293.949409188,-177.287070342,-0.5));
#5706=DIRECTION('',(0.,0.,1.));
#5707=DIRECTION('',(1.,0.,-0.));
#5708=AXIS2_PLACEMENT_3D('',#5705,#5706,#5707);
#5709=TOROIDAL_SURFACE('',#5708,6.451215629,0.5);
#5710=ORIENTED_EDGE('',*,*,#5699,.T.);
#5711=ORIENTED_EDGE('',*,*,#1862,.F.);
#5712=CARTESIAN_POINT('',(298.756577058,-181.589316286,-0.));
#5713=CARTESIAN_POINT('',(298.856346662,-181.675779475,-0.));
#5714=CARTESIAN_POINT('',(298.954335645,-181.7606495,-0.054412294));
#5715=CARTESIAN_POINT('',(299.023992255,-181.820964096,-0.146645437));
#5716=CARTESIAN_POINT('',(299.058820561,-181.851121394,-0.192762008));
#5717=CARTESIAN_POINT('',(299.086861896,-181.875397231,-0.248194211));
#5718=CARTESIAN_POINT('',(299.105809026,-181.891799213,-0.30870539));
#5719=CARTESIAN_POINT('',(299.124756155,-181.908201195,-0.369216569));
#5720=CARTESIAN_POINT('',(299.13457409,-181.916699233,-0.433988682));
#5721=CARTESIAN_POINT('',(299.13457409,-181.916699233,-0.5));
#5722=B_SPLINE_CURVE_WITH_KNOTS('',3,(#5712,#5713,#5714,#5715,#5716,#5717,#5718,#5719,#5720,#5721),.UNSPECIFIED.,.F.,.F.,(4,3,3,4),(0.,0.000390446,0.000585669,0.000780892),.UNSPECIFIED.);
#5723=EDGE_CURVE('',#3306,#1850,#5722,.T.);
#5724=ORIENTED_EDGE('',*,*,#5723,.F.);
#5725=ORIENTED_EDGE('',*,*,#3312,.F.);
#5726=EDGE_LOOP('',(#5710,#5711,#5724,#5725));
#5727=FACE_BOUND('',#5726,.T.);
#5728=ADVANCED_FACE('',(#5727),#5709,.T.);
#5729=CARTESIAN_POINT('',(0.526404022,-100.016728999,-0.5));
#5730=DIRECTION('',(-0.99998615,-0.005263087,0.));
#5731=DIRECTION('',(0.005263087,-0.99998615,0.));
#5732=AXIS2_PLACEMENT_3D('',#5729,#5730,#5731);
#5733=CYLINDRICAL_SURFACE('',#5732,0.5);
#5734=ORIENTED_EDGE('',*,*,#1046,.F.);
#5735=ORIENTED_EDGE('',*,*,#5675,.F.);
#5736=ORIENTED_EDGE('',*,*,#3083,.F.);
#5737=CARTESIAN_POINT('',(351.880863552,-98.167494353,-0.5));
#5738=DIRECTION('',(0.99998615,0.005263087,0.));
#5739=DIRECTION('',(-0.005263087,0.99998615,0.));
#5740=AXIS2_PLACEMENT_3D('',#5737,#5738,#5739);
#5741=CIRCLE('',#5740,0.5);
#5742=EDGE_CURVE('',#989,#3070,#5741,.T.);
#5743=ORIENTED_EDGE('',*,*,#5742,.F.);
#5744=EDGE_LOOP('',(#5734,#5735,#5736,#5743));
#5745=FACE_BOUND('',#5744,.T.);
#5746=ADVANCED_FACE('',(#5745),#5733,.T.);
#5747=CARTESIAN_POINT('',(264.740469732,-222.130525976,-0.5));
#5748=DIRECTION('',(0.642765357,0.766063115,0.));
#5749=DIRECTION('',(-0.766063115,0.642765357,0.));
#5750=AXIS2_PLACEMENT_3D('',#5747,#5748,#5749);
#5751=CYLINDRICAL_SURFACE('',#5750,0.5);
#5752=ORIENTED_EDGE('',*,*,#5723,.T.);
#5753=ORIENTED_EDGE('',*,*,#1894,.F.);
#5754=CARTESIAN_POINT('',(312.752028367,-164.909202928,-0.5));
#5755=DIRECTION('',(0.642765357,0.766063115,0.));
#5756=DIRECTION('',(-0.766063115,0.642765357,0.));
#5757=AXIS2_PLACEMENT_3D('',#5754,#5755,#5756);
#5758=CIRCLE('',#5757,0.5);
#5759=EDGE_CURVE('',#3315,#1883,#5758,.T.);
#5760=ORIENTED_EDGE('',*,*,#5759,.F.);
#5761=ORIENTED_EDGE('',*,*,#3320,.F.);
#5762=EDGE_LOOP('',(#5752,#5753,#5760,#5761));
#5763=FACE_BOUND('',#5762,.T.);
#5764=ADVANCED_FACE('',(#5763),#5751,.T.);
#5765=CARTESIAN_POINT('',(0.,-98.167501278,-0.5));
#5766=DIRECTION('',(-1.,0.,0.));
#5767=DIRECTION('',(0.,0.,1.));
#5768=AXIS2_PLACEMENT_3D('',#5765,#5766,#5767);
#5769=CYLINDRICAL_SURFACE('',#5768,0.5);
#5770=ORIENTED_EDGE('',*,*,#5742,.T.);
#5771=ORIENTED_EDGE('',*,*,#3075,.F.);
#5772=CARTESIAN_POINT('',(366.687234421,-98.167501278,-0.5));
#5773=DIRECTION('',(1.,0.,0.));
#5774=DIRECTION('',(0.,0.,-1.));
#5775=AXIS2_PLACEMENT_3D('',#5772,#5773,#5774);
#5776=CIRCLE('',#5775,0.5);
#5777=EDGE_CURVE('',#997,#3061,#5776,.T.);
#5778=ORIENTED_EDGE('',*,*,#5777,.F.);
#5779=ORIENTED_EDGE('',*,*,#1002,.F.);
#5780=EDGE_LOOP('',(#5770,#5771,#5778,#5779));
#5781=FACE_BOUND('',#5780,.T.);
#5782=ADVANCED_FACE('',(#5781),#5769,.T.);
#5783=CARTESIAN_POINT('',(315.050217711,-166.837499,-0.5));
#5784=DIRECTION('',(0.,0.,1.));
#5785=DIRECTION('',(1.,0.,-0.));
#5786=AXIS2_PLACEMENT_3D('',#5783,#5784,#5785);
#5787=TOROIDAL_SURFACE('',#5786,3.,0.5);
#5788=ORIENTED_EDGE('',*,*,#5759,.T.);
#5789=ORIENTED_EDGE('',*,*,#1926,.F.);
#5790=CARTESIAN_POINT('',(315.050217711,-163.837499,-0.5));
#5791=DIRECTION('',(1.,0.,0.));
#5792=DIRECTION('',(0.,0.,-1.));
#5793=AXIS2_PLACEMENT_3D('',#5790,#5791,#5792);
#5794=CIRCLE('',#5793,0.5);
#5795=EDGE_CURVE('',#3034,#1914,#5794,.T.);
#5796=ORIENTED_EDGE('',*,*,#5795,.F.);
#5797=ORIENTED_EDGE('',*,*,#3327,.F.);
#5798=EDGE_LOOP('',(#5788,#5789,#5796,#5797));
#5799=FACE_BOUND('',#5798,.T.);
#5800=ADVANCED_FACE('',(#5799),#5787,.T.);
#5801=CARTESIAN_POINT('',(366.687238,-104.292501278,-0.5));
#5802=DIRECTION('',(0.,0.,1.));
#5803=DIRECTION('',(1.,0.,-0.));
#5804=AXIS2_PLACEMENT_3D('',#5801,#5802,#5803);
#5805=TOROIDAL_SURFACE('',#5804,6.125,0.5);
#5806=ORIENTED_EDGE('',*,*,#5777,.T.);
#5807=ORIENTED_EDGE('',*,*,#3067,.F.);
#5808=CARTESIAN_POINT('',(372.812238,-104.292500096,-0.5));
#5809=DIRECTION('',(0.000000193,-1.,0.));
#5810=DIRECTION('',(1.,0.000000193,0.));
#5811=AXIS2_PLACEMENT_3D('',#5808,#5809,#5810);
#5812=CIRCLE('',#5811,0.5);
#5813=EDGE_CURVE('',#2011,#3053,#5812,.T.);
#5814=ORIENTED_EDGE('',*,*,#5813,.F.);
#5815=ORIENTED_EDGE('',*,*,#2931,.F.);
#5816=EDGE_LOOP('',(#5806,#5807,#5814,#5815));
#5817=FACE_BOUND('',#5816,.T.);
#5818=ADVANCED_FACE('',(#5817),#5805,.T.);
#5819=CARTESIAN_POINT('',(0.,-163.837499,-0.5));
#5820=DIRECTION('',(1.,0.,0.));
#5821=DIRECTION('',(0.,0.,-1.));
#5822=AXIS2_PLACEMENT_3D('',#5819,#5820,#5821);
#5823=CYLINDRICAL_SURFACE('',#5822,0.5);
#5824=ORIENTED_EDGE('',*,*,#5795,.T.);
#5825=ORIENTED_EDGE('',*,*,#1958,.F.);
#5826=CARTESIAN_POINT('',(366.687239,-163.837499,-0.5));
#5827=DIRECTION('',(1.,0.,0.));
#5828=DIRECTION('',(-0.,1.,0.));
#5829=AXIS2_PLACEMENT_3D('',#5826,#5827,#5828);
#5830=CIRCLE('',#5829,0.5);
#5831=EDGE_CURVE('',#3036,#1947,#5830,.T.);
#5832=ORIENTED_EDGE('',*,*,#5831,.F.);
#5833=ORIENTED_EDGE('',*,*,#3041,.F.);
#5834=EDGE_LOOP('',(#5824,#5825,#5832,#5833));
#5835=FACE_BOUND('',#5834,.T.);
#5836=ADVANCED_FACE('',(#5835),#5823,.T.);
#5837=CARTESIAN_POINT('',(372.812238,0.,-0.5));
#5838=DIRECTION('',(0.,1.,0.));
#5839=DIRECTION('',(0.,-0.,1.));
#5840=AXIS2_PLACEMENT_3D('',#5837,#5838,#5839);
#5841=CYLINDRICAL_SURFACE('',#5840,0.5);
#5842=ORIENTED_EDGE('',*,*,#5813,.T.);
#5843=ORIENTED_EDGE('',*,*,#3058,.F.);
#5844=CARTESIAN_POINT('',(372.812238,-157.7125,-0.5));
#5845=DIRECTION('',(0.,-1.,0.));
#5846=DIRECTION('',(0.,0.,-1.));
#5847=AXIS2_PLACEMENT_3D('',#5844,#5845,#5846);
#5848=CIRCLE('',#5847,0.5);
#5849=EDGE_CURVE('',#1978,#3044,#5848,.T.);
#5850=ORIENTED_EDGE('',*,*,#5849,.F.);
#5851=ORIENTED_EDGE('',*,*,#2022,.F.);
#5852=EDGE_LOOP('',(#5842,#5843,#5850,#5851));
#5853=FACE_BOUND('',#5852,.T.);
#5854=ADVANCED_FACE('',(#5853),#5841,.T.);
#5855=CARTESIAN_POINT('',(366.687239,-157.7125,-0.5));
#5856=DIRECTION('',(0.,0.,1.));
#5857=DIRECTION('',(1.,0.,-0.));
#5858=AXIS2_PLACEMENT_3D('',#5855,#5856,#5857);
#5859=TOROIDAL_SURFACE('',#5858,6.124999,0.5);
#5860=ORIENTED_EDGE('',*,*,#5831,.T.);
#5861=ORIENTED_EDGE('',*,*,#1990,.F.);
#5862=ORIENTED_EDGE('',*,*,#5849,.T.);
#5863=ORIENTED_EDGE('',*,*,#3050,.F.);
#5864=EDGE_LOOP('',(#5860,#5861,#5862,#5863));
#5865=FACE_BOUND('',#5864,.T.);
#5866=ADVANCED_FACE('',(#5865),#5859,.T.);
#5867=CARTESIAN_POINT('',(238.398725947,-99.682509431,-4.085000015));
#5868=DIRECTION('',(0.,0.,-1.));
#5869=DIRECTION('',(-1.,0.,0.));
#5870=AXIS2_PLACEMENT_3D('',#5867,#5868,#5869);
#5871=PLANE('',#5870);
#5872=CARTESIAN_POINT('',(235.178725947,-97.782509431,-4.085000015));
#5873=VERTEX_POINT('',#5872);
#5874=CARTESIAN_POINT('',(235.178725947,-99.682509431,-4.085000015));
#5875=DIRECTION('',(0.,1.,0.));
#5876=VECTOR('',#5875,1.9);
#5877=LINE('',#5874,#5876);
#5878=EDGE_CURVE('',#851,#5873,#5877,.T.);
#5879=ORIENTED_EDGE('',*,*,#5878,.T.);
#5880=CARTESIAN_POINT('',(241.618725947,-97.782509431,-4.085000015));
#5881=VERTEX_POINT('',#5880);
#5882=CARTESIAN_POINT('',(235.178725947,-97.782509431,-4.085000015));
#5883=DIRECTION('',(1.,0.,-0.));
#5884=VECTOR('',#5883,6.44);
#5885=LINE('',#5882,#5884);
#5886=EDGE_CURVE('',#5873,#5881,#5885,.T.);
#5887=ORIENTED_EDGE('',*,*,#5886,.T.);
#5888=CARTESIAN_POINT('',(241.618725947,-99.682509431,-4.085000015));
#5889=DIRECTION('',(0.,1.,0.));
#5890=VECTOR('',#5889,1.9);
#5891=LINE('',#5888,#5890);
#5892=EDGE_CURVE('',#860,#5881,#5891,.T.);
#5893=ORIENTED_EDGE('',*,*,#5892,.F.);
#5894=ORIENTED_EDGE('',*,*,#865,.T.);
#5895=EDGE_LOOP('',(#5879,#5887,#5893,#5894));
#5896=FACE_BOUND('',#5895,.T.);
#5897=ADVANCED_FACE('',(#5896),#5871,.T.);
#5898=CARTESIAN_POINT('',(241.618725947,-99.682509431,-5.335000015));
#5899=DIRECTION('',(0.,1.,0.));
#5900=DIRECTION('',(0.,-0.,1.));
#5901=AXIS2_PLACEMENT_3D('',#5898,#5899,#5900);
#5902=CYLINDRICAL_SURFACE('',#5901,1.25);
#5903=ORIENTED_EDGE('',*,*,#5892,.T.);
#5904=CARTESIAN_POINT('',(242.868725947,-97.782509431,-5.335000015));
#5905=VERTEX_POINT('',#5904);
#5906=CARTESIAN_POINT('',(241.618725947,-97.782509431,-5.335000015));
#5907=DIRECTION('',(0.,1.,0.));
#5908=DIRECTION('',(0.,-0.,1.));
#5909=AXIS2_PLACEMENT_3D('',#5906,#5907,#5908);
#5910=CIRCLE('',#5909,1.25);
#5911=EDGE_CURVE('',#5881,#5905,#5910,.T.);
#5912=ORIENTED_EDGE('',*,*,#5911,.T.);
#5913=CARTESIAN_POINT('',(242.868725947,-99.682509431,-5.335000015));
#5914=DIRECTION('',(0.,1.,0.));
#5915=VECTOR('',#5914,1.9);
#5916=LINE('',#5913,#5915);
#5917=EDGE_CURVE('',#868,#5905,#5916,.T.);
#5918=ORIENTED_EDGE('',*,*,#5917,.F.);
#5919=ORIENTED_EDGE('',*,*,#874,.F.);
#5920=EDGE_LOOP('',(#5903,#5912,#5918,#5919));
#5921=FACE_BOUND('',#5920,.T.);
#5922=ADVANCED_FACE('',(#5921),#5902,.F.);
#5923=CARTESIAN_POINT('',(242.868725947,-99.682509431,-5.690000015));
#5924=DIRECTION('',(-1.,0.,0.));
#5925=DIRECTION('',(0.,0.,1.));
#5926=AXIS2_PLACEMENT_3D('',#5923,#5924,#5925);
#5927=PLANE('',#5926);
#5928=ORIENTED_EDGE('',*,*,#5917,.T.);
#5929=CARTESIAN_POINT('',(242.868725947,-97.782509431,-6.045000015));
#5930=VERTEX_POINT('',#5929);
#5931=CARTESIAN_POINT('',(242.868725947,-97.782509431,-5.335000015));
#5932=DIRECTION('',(0.,0.,-1.));
#5933=VECTOR('',#5932,0.71);
#5934=LINE('',#5931,#5933);
#5935=EDGE_CURVE('',#5905,#5930,#5934,.T.);
#5936=ORIENTED_EDGE('',*,*,#5935,.T.);
#5937=CARTESIAN_POINT('',(242.868725947,-99.682509431,-6.045000015));
#5938=DIRECTION('',(0.,1.,0.));
#5939=VECTOR('',#5938,1.9);
#5940=LINE('',#5937,#5939);
#5941=EDGE_CURVE('',#877,#5930,#5940,.T.);
#5942=ORIENTED_EDGE('',*,*,#5941,.F.);
#5943=ORIENTED_EDGE('',*,*,#882,.T.);
#5944=EDGE_LOOP('',(#5928,#5936,#5942,#5943));
#5945=FACE_BOUND('',#5944,.T.);
#5946=ADVANCED_FACE('',(#5945),#5927,.T.);
#5947=CARTESIAN_POINT('',(241.618725947,-99.682509431,-6.045000015));
#5948=DIRECTION('',(0.,1.,0.));
#5949=DIRECTION('',(0.,-0.,1.));
#5950=AXIS2_PLACEMENT_3D('',#5947,#5948,#5949);
#5951=CYLINDRICAL_SURFACE('',#5950,1.25);
#5952=ORIENTED_EDGE('',*,*,#5941,.T.);
#5953=CARTESIAN_POINT('',(241.618725947,-97.782509431,-7.295000015));
#5954=VERTEX_POINT('',#5953);
#5955=CARTESIAN_POINT('',(241.618725947,-97.782509431,-6.045000015));
#5956=DIRECTION('',(0.,1.,0.));
#5957=DIRECTION('',(0.,-0.,1.));
#5958=AXIS2_PLACEMENT_3D('',#5955,#5956,#5957);
#5959=CIRCLE('',#5958,1.25);
#5960=EDGE_CURVE('',#5930,#5954,#5959,.T.);
#5961=ORIENTED_EDGE('',*,*,#5960,.T.);
#5962=CARTESIAN_POINT('',(241.618725947,-99.682509431,-7.295000015));
#5963=DIRECTION('',(0.,1.,0.));
#5964=VECTOR('',#5963,1.9);
#5965=LINE('',#5962,#5964);
#5966=EDGE_CURVE('',#885,#5954,#5965,.T.);
#5967=ORIENTED_EDGE('',*,*,#5966,.F.);
#5968=ORIENTED_EDGE('',*,*,#891,.F.);
#5969=EDGE_LOOP('',(#5952,#5961,#5967,#5968));
#5970=FACE_BOUND('',#5969,.T.);
#5971=ADVANCED_FACE('',(#5970),#5951,.F.);
#5972=CARTESIAN_POINT('',(238.398725947,-99.682509431,-7.295000015));
#5973=DIRECTION('',(0.,0.,1.));
#5974=DIRECTION('',(1.,0.,0.));
#5975=AXIS2_PLACEMENT_3D('',#5972,#5973,#5974);
#5976=PLANE('',#5975);
#5977=ORIENTED_EDGE('',*,*,#5966,.T.);
#5978=CARTESIAN_POINT('',(235.178725947,-97.782509431,-7.295000015));
#5979=VERTEX_POINT('',#5978);
#5980=CARTESIAN_POINT('',(241.618725947,-97.782509431,-7.295000015));
#5981=DIRECTION('',(-1.,0.,0.));
#5982=VECTOR('',#5981,6.44);
#5983=LINE('',#5980,#5982);
#5984=EDGE_CURVE('',#5954,#5979,#5983,.T.);
#5985=ORIENTED_EDGE('',*,*,#5984,.T.);
#5986=CARTESIAN_POINT('',(235.178725947,-99.682509431,-7.295000015));
#5987=DIRECTION('',(0.,1.,0.));
#5988=VECTOR('',#5987,1.9);
#5989=LINE('',#5986,#5988);
#5990=EDGE_CURVE('',#894,#5979,#5989,.T.);
#5991=ORIENTED_EDGE('',*,*,#5990,.F.);
#5992=ORIENTED_EDGE('',*,*,#899,.T.);
#5993=EDGE_LOOP('',(#5977,#5985,#5991,#5992));
#5994=FACE_BOUND('',#5993,.T.);
#5995=ADVANCED_FACE('',(#5994),#5976,.T.);
#5996=CARTESIAN_POINT('',(235.178725947,-99.682509431,-6.045000015));
#5997=DIRECTION('',(0.,1.,0.));
#5998=DIRECTION('',(0.,-0.,1.));
#5999=AXIS2_PLACEMENT_3D('',#5996,#5997,#5998);
#6000=CYLINDRICAL_SURFACE('',#5999,1.25);
#6001=ORIENTED_EDGE('',*,*,#5990,.T.);
#6002=CARTESIAN_POINT('',(233.928725947,-97.782509431,-6.045000015));
#6003=VERTEX_POINT('',#6002);
#6004=CARTESIAN_POINT('',(235.178725947,-97.782509431,-6.045000015));
#6005=DIRECTION('',(0.,1.,0.));
#6006=DIRECTION('',(0.,-0.,1.));
#6007=AXIS2_PLACEMENT_3D('',#6004,#6005,#6006);
#6008=CIRCLE('',#6007,1.25);
#6009=EDGE_CURVE('',#5979,#6003,#6008,.T.);
#6010=ORIENTED_EDGE('',*,*,#6009,.T.);
#6011=CARTESIAN_POINT('',(233.928725947,-99.682509431,-6.045000015));
#6012=DIRECTION('',(0.,1.,0.));
#6013=VECTOR('',#6012,1.9);
#6014=LINE('',#6011,#6013);
#6015=EDGE_CURVE('',#843,#6003,#6014,.T.);
#6016=ORIENTED_EDGE('',*,*,#6015,.F.);
#6017=ORIENTED_EDGE('',*,*,#906,.F.);
#6018=EDGE_LOOP('',(#6001,#6010,#6016,#6017));
#6019=FACE_BOUND('',#6018,.T.);
#6020=ADVANCED_FACE('',(#6019),#6000,.F.);
#6021=CARTESIAN_POINT('',(233.928725947,-99.682509431,-5.690000015));
#6022=DIRECTION('',(1.,0.,0.));
#6023=DIRECTION('',(0.,0.,-1.));
#6024=AXIS2_PLACEMENT_3D('',#6021,#6022,#6023);
#6025=PLANE('',#6024);
#6026=ORIENTED_EDGE('',*,*,#6015,.T.);
#6027=CARTESIAN_POINT('',(233.928725947,-97.782509431,-5.335000015));
#6028=VERTEX_POINT('',#6027);
#6029=CARTESIAN_POINT('',(233.928725947,-97.782509431,-6.045000015));
#6030=DIRECTION('',(0.,0.,1.));
#6031=VECTOR('',#6030,0.71);
#6032=LINE('',#6029,#6031);
#6033=EDGE_CURVE('',#6003,#6028,#6032,.T.);
#6034=ORIENTED_EDGE('',*,*,#6033,.T.);
#6035=CARTESIAN_POINT('',(233.928725947,-99.682507388,-5.335000015));
#6036=DIRECTION('',(0.,1.,0.));
#6037=VECTOR('',#6036,1.899997957);
#6038=LINE('',#6035,#6037);
#6039=EDGE_CURVE('',#841,#6028,#6038,.T.);
#6040=ORIENTED_EDGE('',*,*,#6039,.F.);
#6041=ORIENTED_EDGE('',*,*,#848,.T.);
#6042=EDGE_LOOP('',(#6026,#6034,#6040,#6041));
#6043=FACE_BOUND('',#6042,.T.);
#6044=ADVANCED_FACE('',(#6043),#6025,.T.);
#6045=CARTESIAN_POINT('',(235.178725947,-99.682509431,-5.335000015));
#6046=DIRECTION('',(0.,1.,0.));
#6047=DIRECTION('',(0.,-0.,1.));
#6048=AXIS2_PLACEMENT_3D('',#6045,#6046,#6047);
#6049=CYLINDRICAL_SURFACE('',#6048,1.25);
#6050=ORIENTED_EDGE('',*,*,#6039,.T.);
#6051=CARTESIAN_POINT('',(235.178725947,-97.782509431,-5.335000015));
#6052=DIRECTION('',(0.,1.,0.));
#6053=DIRECTION('',(0.,-0.,1.));
#6054=AXIS2_PLACEMENT_3D('',#6051,#6052,#6053);
#6055=CIRCLE('',#6054,1.25);
#6056=EDGE_CURVE('',#6028,#5873,#6055,.T.);
#6057=ORIENTED_EDGE('',*,*,#6056,.T.);
#6058=ORIENTED_EDGE('',*,*,#5878,.F.);
#6059=ORIENTED_EDGE('',*,*,#857,.F.);
#6060=EDGE_LOOP('',(#6050,#6057,#6058,#6059));
#6061=FACE_BOUND('',#6060,.T.);
#6062=ADVANCED_FACE('',(#6061),#6049,.F.);
#6063=CARTESIAN_POINT('',(249.75,-99.682509431,-3.709999997));
#6064=DIRECTION('',(1.,0.,0.));
#6065=DIRECTION('',(0.,0.,-1.));
#6066=AXIS2_PLACEMENT_3D('',#6063,#6064,#6065);
#6067=PLANE('',#6066);
#6068=CARTESIAN_POINT('',(249.75,-97.782509431,-3.885));
#6069=VERTEX_POINT('',#6068);
#6070=CARTESIAN_POINT('',(249.75,-99.682509431,-3.885));
#6071=DIRECTION('',(0.,1.,0.));
#6072=VECTOR('',#6071,1.9);
#6073=LINE('',#6070,#6072);
#6074=EDGE_CURVE('',#913,#6069,#6073,.T.);
#6075=ORIENTED_EDGE('',*,*,#6074,.T.);
#6076=CARTESIAN_POINT('',(249.75,-97.782509431,-3.534999997));
#6077=VERTEX_POINT('',#6076);
#6078=CARTESIAN_POINT('',(249.75,-97.782509431,-3.885));
#6079=DIRECTION('',(0.,0.,1.));
#6080=VECTOR('',#6079,0.350000003);
#6081=LINE('',#6078,#6080);
#6082=EDGE_CURVE('',#6069,#6077,#6081,.T.);
#6083=ORIENTED_EDGE('',*,*,#6082,.T.);
#6084=CARTESIAN_POINT('',(249.75,-97.782509431,-3.534999997));
#6085=DIRECTION('',(-0.,-1.,-0.));
#6086=VECTOR('',#6085,1.9);
#6087=LINE('',#6084,#6086);
#6088=EDGE_CURVE('',#6077,#911,#6087,.T.);
#6089=ORIENTED_EDGE('',*,*,#6088,.T.);
#6090=ORIENTED_EDGE('',*,*,#918,.T.);
#6091=EDGE_LOOP('',(#6075,#6083,#6089,#6090));
#6092=FACE_BOUND('',#6091,.T.);
#6093=ADVANCED_FACE('',(#6092),#6067,.T.);
#6094=CARTESIAN_POINT('',(253.,-99.682509431,-3.034999997));
#6095=DIRECTION('',(0.,0.,1.));
#6096=DIRECTION('',(1.,0.,0.));
#6097=AXIS2_PLACEMENT_3D('',#6094,#6095,#6096);
#6098=PLANE('',#6097);
#6099=CARTESIAN_POINT('',(250.25,-97.782509431,-3.034999997));
#6100=VERTEX_POINT('',#6099);
#6101=CARTESIAN_POINT('',(250.25,-99.682509431,-3.034999997));
#6102=DIRECTION('',(0.,1.,0.));
#6103=VECTOR('',#6102,1.9);
#6104=LINE('',#6101,#6103);
#6105=EDGE_CURVE('',#921,#6100,#6104,.T.);
#6106=ORIENTED_EDGE('',*,*,#6105,.T.);
#6107=CARTESIAN_POINT('',(255.75,-97.782509431,-3.034999997));
#6108=VERTEX_POINT('',#6107);
#6109=CARTESIAN_POINT('',(250.25,-97.782509431,-3.034999997));
#6110=DIRECTION('',(1.,0.,-0.));
#6111=VECTOR('',#6110,5.5);
#6112=LINE('',#6109,#6111);
#6113=EDGE_CURVE('',#6100,#6108,#6112,.T.);
#6114=ORIENTED_EDGE('',*,*,#6113,.T.);
#6115=CARTESIAN_POINT('',(255.75,-97.782509431,-3.034999997));
#6116=DIRECTION('',(-0.,-1.,-0.));
#6117=VECTOR('',#6116,1.9);
#6118=LINE('',#6115,#6117);
#6119=EDGE_CURVE('',#6108,#930,#6118,.T.);
#6120=ORIENTED_EDGE('',*,*,#6119,.T.);
#6121=ORIENTED_EDGE('',*,*,#935,.F.);
#6122=EDGE_LOOP('',(#6106,#6114,#6120,#6121));
#6123=FACE_BOUND('',#6122,.T.);
#6124=ADVANCED_FACE('',(#6123),#6098,.F.);
#6125=CARTESIAN_POINT('',(256.25,-99.682509431,-3.709999998));
#6126=DIRECTION('',(1.,0.,0.));
#6127=DIRECTION('',(0.,0.,-1.));
#6128=AXIS2_PLACEMENT_3D('',#6125,#6126,#6127);
#6129=PLANE('',#6128);
#6130=CARTESIAN_POINT('',(256.25,-97.782509431,-3.534999997));
#6131=VERTEX_POINT('',#6130);
#6132=CARTESIAN_POINT('',(256.25,-99.682509431,-3.534999997));
#6133=DIRECTION('',(0.,1.,0.));
#6134=VECTOR('',#6133,1.9);
#6135=LINE('',#6132,#6134);
#6136=EDGE_CURVE('',#938,#6131,#6135,.T.);
#6137=ORIENTED_EDGE('',*,*,#6136,.T.);
#6138=CARTESIAN_POINT('',(256.25,-97.782509431,-3.885));
#6139=VERTEX_POINT('',#6138);
#6140=CARTESIAN_POINT('',(256.25,-97.782509431,-3.534999997));
#6141=DIRECTION('',(0.,0.,-1.));
#6142=VECTOR('',#6141,0.350000003);
#6143=LINE('',#6140,#6142);
#6144=EDGE_CURVE('',#6131,#6139,#6143,.T.);
#6145=ORIENTED_EDGE('',*,*,#6144,.T.);
#6146=CARTESIAN_POINT('',(256.25,-97.782509431,-3.885));
#6147=DIRECTION('',(-0.,-1.,-0.));
#6148=VECTOR('',#6147,1.9);
#6149=LINE('',#6146,#6148);
#6150=EDGE_CURVE('',#6139,#947,#6149,.T.);
#6151=ORIENTED_EDGE('',*,*,#6150,.T.);
#6152=ORIENTED_EDGE('',*,*,#952,.F.);
#6153=EDGE_LOOP('',(#6137,#6145,#6151,#6152));
#6154=FACE_BOUND('',#6153,.T.);
#6155=ADVANCED_FACE('',(#6154),#6129,.F.);
#6156=CARTESIAN_POINT('',(255.475,-99.682509431,-4.385));
#6157=DIRECTION('',(0.,0.,1.));
#6158=DIRECTION('',(1.,0.,0.));
#6159=AXIS2_PLACEMENT_3D('',#6156,#6157,#6158);
#6160=PLANE('',#6159);
#6161=CARTESIAN_POINT('',(255.75,-97.782509431,-4.385));
#6162=VERTEX_POINT('',#6161);
#6163=CARTESIAN_POINT('',(255.75,-99.682509431,-4.385));
#6164=DIRECTION('',(0.,1.,0.));
#6165=VECTOR('',#6164,1.9);
#6166=LINE('',#6163,#6165);
#6167=EDGE_CURVE('',#955,#6162,#6166,.T.);
#6168=ORIENTED_EDGE('',*,*,#6167,.T.);
#6169=CARTESIAN_POINT('',(250.25,-97.782509431,-4.385));
#6170=VERTEX_POINT('',#6169);
#6171=CARTESIAN_POINT('',(255.75,-97.782509431,-4.385));
#6172=DIRECTION('',(-1.,0.,0.));
#6173=VECTOR('',#6172,5.5);
#6174=LINE('',#6171,#6173);
#6175=EDGE_CURVE('',#6162,#6170,#6174,.T.);
#6176=ORIENTED_EDGE('',*,*,#6175,.T.);
#6177=CARTESIAN_POINT('',(250.25,-97.782509431,-4.385));
#6178=DIRECTION('',(-0.,-1.,-0.));
#6179=VECTOR('',#6178,1.9);
#6180=LINE('',#6177,#6179);
#6181=EDGE_CURVE('',#6170,#964,#6180,.T.);
#6182=ORIENTED_EDGE('',*,*,#6181,.T.);
#6183=ORIENTED_EDGE('',*,*,#969,.T.);
#6184=EDGE_LOOP('',(#6168,#6176,#6182,#6183));
#6185=FACE_BOUND('',#6184,.T.);
#6186=ADVANCED_FACE('',(#6185),#6160,.T.);
#6187=CARTESIAN_POINT('',(255.75,-99.682509431,-3.534999997));
#6188=DIRECTION('',(0.,-1.,0.));
#6189=DIRECTION('',(0.,0.,-1.));
#6190=AXIS2_PLACEMENT_3D('',#6187,#6188,#6189);
#6191=CYLINDRICAL_SURFACE('',#6190,0.5);
#6192=ORIENTED_EDGE('',*,*,#6119,.F.);
#6193=CARTESIAN_POINT('',(255.75,-97.782509431,-3.534999997));
#6194=DIRECTION('',(0.,1.,0.));
#6195=DIRECTION('',(0.,-0.,1.));
#6196=AXIS2_PLACEMENT_3D('',#6193,#6194,#6195);
#6197=CIRCLE('',#6196,0.5);
#6198=EDGE_CURVE('',#6108,#6131,#6197,.T.);
#6199=ORIENTED_EDGE('',*,*,#6198,.T.);
#6200=ORIENTED_EDGE('',*,*,#6136,.F.);
#6201=ORIENTED_EDGE('',*,*,#944,.F.);
#6202=EDGE_LOOP('',(#6192,#6199,#6200,#6201));
#6203=FACE_BOUND('',#6202,.T.);
#6204=ADVANCED_FACE('',(#6203),#6191,.F.);
#6205=CARTESIAN_POINT('',(250.25,-99.682509431,-3.534999997));
#6206=DIRECTION('',(0.,1.,0.));
#6207=DIRECTION('',(0.,-0.,1.));
#6208=AXIS2_PLACEMENT_3D('',#6205,#6206,#6207);
#6209=CYLINDRICAL_SURFACE('',#6208,0.5);
#6210=ORIENTED_EDGE('',*,*,#6088,.F.);
#6211=CARTESIAN_POINT('',(250.25,-97.782509431,-3.534999997));
#6212=DIRECTION('',(0.,1.,0.));
#6213=DIRECTION('',(0.,-0.,1.));
#6214=AXIS2_PLACEMENT_3D('',#6211,#6212,#6213);
#6215=CIRCLE('',#6214,0.5);
#6216=EDGE_CURVE('',#6077,#6100,#6215,.T.);
#6217=ORIENTED_EDGE('',*,*,#6216,.T.);
#6218=ORIENTED_EDGE('',*,*,#6105,.F.);
#6219=ORIENTED_EDGE('',*,*,#927,.F.);
#6220=EDGE_LOOP('',(#6210,#6217,#6218,#6219));
#6221=FACE_BOUND('',#6220,.T.);
#6222=ADVANCED_FACE('',(#6221),#6209,.F.);
#6223=CARTESIAN_POINT('',(255.75,-99.682509431,-3.885));
#6224=DIRECTION('',(0.,1.,0.));
#6225=DIRECTION('',(0.,-0.,1.));
#6226=AXIS2_PLACEMENT_3D('',#6223,#6224,#6225);
#6227=CYLINDRICAL_SURFACE('',#6226,0.5);
#6228=ORIENTED_EDGE('',*,*,#6150,.F.);
#6229=CARTESIAN_POINT('',(255.75,-97.782509431,-3.885));
#6230=DIRECTION('',(0.,1.,0.));
#6231=DIRECTION('',(0.,-0.,1.));
#6232=AXIS2_PLACEMENT_3D('',#6229,#6230,#6231);
#6233=CIRCLE('',#6232,0.5);
#6234=EDGE_CURVE('',#6139,#6162,#6233,.T.);
#6235=ORIENTED_EDGE('',*,*,#6234,.T.);
#6236=ORIENTED_EDGE('',*,*,#6167,.F.);
#6237=ORIENTED_EDGE('',*,*,#961,.F.);
#6238=EDGE_LOOP('',(#6228,#6235,#6236,#6237));
#6239=FACE_BOUND('',#6238,.T.);
#6240=ADVANCED_FACE('',(#6239),#6227,.F.);
#6241=CARTESIAN_POINT('',(250.25,-99.682509431,-3.885));
#6242=DIRECTION('',(0.,-1.,0.));
#6243=DIRECTION('',(0.,0.,-1.));
#6244=AXIS2_PLACEMENT_3D('',#6241,#6242,#6243);
#6245=CYLINDRICAL_SURFACE('',#6244,0.5);
#6246=ORIENTED_EDGE('',*,*,#6181,.F.);
#6247=CARTESIAN_POINT('',(250.25,-97.782509431,-3.885));
#6248=DIRECTION('',(0.,1.,0.));
#6249=DIRECTION('',(0.,-0.,1.));
#6250=AXIS2_PLACEMENT_3D('',#6247,#6248,#6249);
#6251=CIRCLE('',#6250,0.5);
#6252=EDGE_CURVE('',#6170,#6069,#6251,.T.);
#6253=ORIENTED_EDGE('',*,*,#6252,.T.);
#6254=ORIENTED_EDGE('',*,*,#6074,.F.);
#6255=ORIENTED_EDGE('',*,*,#976,.F.);
#6256=EDGE_LOOP('',(#6246,#6253,#6254,#6255));
#6257=FACE_BOUND('',#6256,.T.);
#6258=ADVANCED_FACE('',(#6257),#6245,.F.);
#6259=CARTESIAN_POINT('',(241.618725947,-97.782509431,-6.045000015));
#6260=DIRECTION('',(0.,1.,0.));
#6261=DIRECTION('',(0.,-0.,1.));
#6262=AXIS2_PLACEMENT_3D('',#6259,#6260,#6261);
#6263=CONICAL_SURFACE('',#6262,1.25,45.);
#6264=CARTESIAN_POINT('',(242.968725947,-97.682509431,-6.045000015));
#6265=DIRECTION('',(-0.707106781,-0.707106781,0.));
#6266=VECTOR('',#6265,0.141421356);
#6267=LINE('',#6264,#6266);
#6268=EDGE_CURVE('',#702,#5930,#6267,.T.);
#6269=ORIENTED_EDGE('',*,*,#6268,.F.);
#6270=ORIENTED_EDGE('',*,*,#708,.F.);
#6271=CARTESIAN_POINT('',(241.618725947,-97.782509431,-7.295000015));
#6272=DIRECTION('',(0.,0.707106781,-0.707106781));
#6273=VECTOR('',#6272,0.141421356);
#6274=LINE('',#6271,#6273);
#6275=EDGE_CURVE('',#5954,#694,#6274,.T.);
#6276=ORIENTED_EDGE('',*,*,#6275,.F.);
#6277=ORIENTED_EDGE('',*,*,#5960,.F.);
#6278=EDGE_LOOP('',(#6269,#6270,#6276,#6277));
#6279=FACE_BOUND('',#6278,.T.);
#6280=ADVANCED_FACE('',(#6279),#6263,.F.);
#6281=CARTESIAN_POINT('',(249.627872954,-97.682509431,-7.395000015));
#6282=DIRECTION('',(0.,-0.707106781,-0.707106781));
#6283=DIRECTION('',(1.,0.,0.));
#6284=AXIS2_PLACEMENT_3D('',#6281,#6282,#6283);
#6285=PLANE('',#6284);
#6286=ORIENTED_EDGE('',*,*,#6275,.T.);
#6287=ORIENTED_EDGE('',*,*,#699,.F.);
#6288=CARTESIAN_POINT('',(235.178725947,-97.782509431,-7.295000015));
#6289=DIRECTION('',(0.,0.707106781,-0.707106781));
#6290=VECTOR('',#6289,0.141421356);
#6291=LINE('',#6288,#6290);
#6292=EDGE_CURVE('',#5979,#685,#6291,.T.);
#6293=ORIENTED_EDGE('',*,*,#6292,.F.);
#6294=ORIENTED_EDGE('',*,*,#5984,.F.);
#6295=EDGE_LOOP('',(#6286,#6287,#6293,#6294));
#6296=FACE_BOUND('',#6295,.T.);
#6297=ADVANCED_FACE('',(#6296),#6285,.F.);
#6298=CARTESIAN_POINT('',(242.968725947,-97.682509431,-8.));
#6299=DIRECTION('',(0.707106781,-0.707106781,0.));
#6300=DIRECTION('',(0.,0.,1.));
#6301=AXIS2_PLACEMENT_3D('',#6298,#6299,#6300);
#6302=PLANE('',#6301);
#6303=ORIENTED_EDGE('',*,*,#6268,.T.);
#6304=ORIENTED_EDGE('',*,*,#5935,.F.);
#6305=CARTESIAN_POINT('',(242.968725947,-97.682509431,-5.335000015));
#6306=DIRECTION('',(-0.707106781,-0.707106781,0.));
#6307=VECTOR('',#6306,0.141421356);
#6308=LINE('',#6305,#6307);
#6309=EDGE_CURVE('',#711,#5905,#6308,.T.);
#6310=ORIENTED_EDGE('',*,*,#6309,.F.);
#6311=ORIENTED_EDGE('',*,*,#716,.F.);
#6312=EDGE_LOOP('',(#6303,#6304,#6310,#6311));
#6313=FACE_BOUND('',#6312,.T.);
#6314=ADVANCED_FACE('',(#6313),#6302,.F.);
#6315=CARTESIAN_POINT('',(235.178725947,-97.782509431,-6.045000015));
#6316=DIRECTION('',(0.,1.,0.));
#6317=DIRECTION('',(0.,-0.,1.));
#6318=AXIS2_PLACEMENT_3D('',#6315,#6316,#6317);
#6319=CONICAL_SURFACE('',#6318,1.25,45.);
#6320=ORIENTED_EDGE('',*,*,#6292,.T.);
#6321=ORIENTED_EDGE('',*,*,#691,.F.);
#6322=CARTESIAN_POINT('',(233.928725947,-97.782509431,-6.045000015));
#6323=DIRECTION('',(-0.707106781,0.707106781,0.));
#6324=VECTOR('',#6323,0.141421356);
#6325=LINE('',#6322,#6324);
#6326=EDGE_CURVE('',#6003,#677,#6325,.T.);
#6327=ORIENTED_EDGE('',*,*,#6326,.F.);
#6328=ORIENTED_EDGE('',*,*,#6009,.F.);
#6329=EDGE_LOOP('',(#6320,#6321,#6327,#6328));
#6330=FACE_BOUND('',#6329,.T.);
#6331=ADVANCED_FACE('',(#6330),#6319,.F.);
#6332=CARTESIAN_POINT('',(241.618725947,-97.782509431,-5.335000015));
#6333=DIRECTION('',(0.,1.,0.));
#6334=DIRECTION('',(0.,-0.,1.));
#6335=AXIS2_PLACEMENT_3D('',#6332,#6333,#6334);
#6336=CONICAL_SURFACE('',#6335,1.25,45.);
#6337=ORIENTED_EDGE('',*,*,#6309,.T.);
#6338=ORIENTED_EDGE('',*,*,#5911,.F.);
#6339=CARTESIAN_POINT('',(241.618725947,-97.682509431,-3.985000015));
#6340=DIRECTION('',(0.,-0.707106781,-0.707106781));
#6341=VECTOR('',#6340,0.141421356);
#6342=LINE('',#6339,#6341);
#6343=EDGE_CURVE('',#658,#5881,#6342,.T.);
#6344=ORIENTED_EDGE('',*,*,#6343,.F.);
#6345=ORIENTED_EDGE('',*,*,#723,.F.);
#6346=EDGE_LOOP('',(#6337,#6338,#6344,#6345));
#6347=FACE_BOUND('',#6346,.T.);
#6348=ADVANCED_FACE('',(#6347),#6336,.F.);
#6349=CARTESIAN_POINT('',(233.828725947,-97.682509431,-8.));
#6350=DIRECTION('',(-0.707106781,-0.707106781,0.));
#6351=DIRECTION('',(0.,0.,-1.));
#6352=AXIS2_PLACEMENT_3D('',#6349,#6350,#6351);
#6353=PLANE('',#6352);
#6354=ORIENTED_EDGE('',*,*,#6326,.T.);
#6355=ORIENTED_EDGE('',*,*,#682,.F.);
#6356=CARTESIAN_POINT('',(233.928725947,-97.782509431,-5.335000015));
#6357=DIRECTION('',(-0.707106781,0.707106781,0.));
#6358=VECTOR('',#6357,0.141421356);
#6359=LINE('',#6356,#6358);
#6360=EDGE_CURVE('',#6028,#668,#6359,.T.);
#6361=ORIENTED_EDGE('',*,*,#6360,.F.);
#6362=ORIENTED_EDGE('',*,*,#6033,.F.);
#6363=EDGE_LOOP('',(#6354,#6355,#6361,#6362));
#6364=FACE_BOUND('',#6363,.T.);
#6365=ADVANCED_FACE('',(#6364),#6353,.F.);
#6366=CARTESIAN_POINT('',(249.627872954,-97.682509431,-3.985000015));
#6367=DIRECTION('',(0.,-0.707106781,0.707106781));
#6368=DIRECTION('',(-1.,0.,0.));
#6369=AXIS2_PLACEMENT_3D('',#6366,#6367,#6368);
#6370=PLANE('',#6369);
#6371=ORIENTED_EDGE('',*,*,#6343,.T.);
#6372=ORIENTED_EDGE('',*,*,#5886,.F.);
#6373=CARTESIAN_POINT('',(235.178725947,-97.682509431,-3.985000015));
#6374=DIRECTION('',(0.,-0.707106781,-0.707106781));
#6375=VECTOR('',#6374,0.141421356);
#6376=LINE('',#6373,#6375);
#6377=EDGE_CURVE('',#660,#5873,#6376,.T.);
#6378=ORIENTED_EDGE('',*,*,#6377,.F.);
#6379=ORIENTED_EDGE('',*,*,#665,.F.);
#6380=EDGE_LOOP('',(#6371,#6372,#6378,#6379));
#6381=FACE_BOUND('',#6380,.T.);
#6382=ADVANCED_FACE('',(#6381),#6370,.F.);
#6383=CARTESIAN_POINT('',(235.178725947,-97.782509431,-5.335000015));
#6384=DIRECTION('',(0.,1.,0.));
#6385=DIRECTION('',(0.,-0.,1.));
#6386=AXIS2_PLACEMENT_3D('',#6383,#6384,#6385);
#6387=CONICAL_SURFACE('',#6386,1.25,45.);
#6388=ORIENTED_EDGE('',*,*,#6360,.T.);
#6389=ORIENTED_EDGE('',*,*,#674,.F.);
#6390=ORIENTED_EDGE('',*,*,#6377,.T.);
#6391=ORIENTED_EDGE('',*,*,#6056,.F.);
#6392=EDGE_LOOP('',(#6388,#6389,#6390,#6391));
#6393=FACE_BOUND('',#6392,.T.);
#6394=ADVANCED_FACE('',(#6393),#6387,.F.);
#6395=CARTESIAN_POINT('',(249.65,-97.682509431,-8.));
#6396=DIRECTION('',(-0.707106781,-0.707106781,0.));
#6397=DIRECTION('',(0.,0.,-1.));
#6398=AXIS2_PLACEMENT_3D('',#6395,#6396,#6397);
#6399=PLANE('',#6398);
#6400=CARTESIAN_POINT('',(249.65,-97.682509431,-3.885));
#6401=DIRECTION('',(0.707106781,-0.707106781,0.));
#6402=VECTOR('',#6401,0.141421356);
#6403=LINE('',#6400,#6402);
#6404=EDGE_CURVE('',#633,#6069,#6403,.T.);
#6405=ORIENTED_EDGE('',*,*,#6404,.F.);
#6406=ORIENTED_EDGE('',*,*,#638,.F.);
#6407=CARTESIAN_POINT('',(249.75,-97.782509431,-3.534999997));
#6408=DIRECTION('',(-0.707106781,0.707106781,0.));
#6409=VECTOR('',#6408,0.141421356);
#6410=LINE('',#6407,#6409);
#6411=EDGE_CURVE('',#6077,#624,#6410,.T.);
#6412=ORIENTED_EDGE('',*,*,#6411,.F.);
#6413=ORIENTED_EDGE('',*,*,#6082,.F.);
#6414=EDGE_LOOP('',(#6405,#6406,#6412,#6413));
#6415=FACE_BOUND('',#6414,.T.);
#6416=ADVANCED_FACE('',(#6415),#6399,.F.);
#6417=CARTESIAN_POINT('',(250.25,-97.682509431,-3.534999997));
#6418=DIRECTION('',(0.,1.,0.));
#6419=DIRECTION('',(0.,-0.,1.));
#6420=AXIS2_PLACEMENT_3D('',#6417,#6418,#6419);
#6421=CONICAL_SURFACE('',#6420,0.6,45.);
#6422=ORIENTED_EDGE('',*,*,#6411,.T.);
#6423=ORIENTED_EDGE('',*,*,#630,.F.);
#6424=CARTESIAN_POINT('',(250.25,-97.782509431,-3.034999997));
#6425=DIRECTION('',(0.,0.707106781,0.707106781));
#6426=VECTOR('',#6425,0.141421356);
#6427=LINE('',#6424,#6426);
#6428=EDGE_CURVE('',#6100,#616,#6427,.T.);
#6429=ORIENTED_EDGE('',*,*,#6428,.F.);
#6430=ORIENTED_EDGE('',*,*,#6216,.F.);
#6431=EDGE_LOOP('',(#6422,#6423,#6429,#6430));
#6432=FACE_BOUND('',#6431,.T.);
#6433=ADVANCED_FACE('',(#6432),#6421,.F.);
#6434=CARTESIAN_POINT('',(250.25,-97.682509431,-3.885));
#6435=DIRECTION('',(0.,1.,0.));
#6436=DIRECTION('',(0.,-0.,1.));
#6437=AXIS2_PLACEMENT_3D('',#6434,#6435,#6436);
#6438=CONICAL_SURFACE('',#6437,0.6,45.);
#6439=ORIENTED_EDGE('',*,*,#6404,.T.);
#6440=ORIENTED_EDGE('',*,*,#6252,.F.);
#6441=CARTESIAN_POINT('',(250.25,-97.682509431,-4.485));
#6442=DIRECTION('',(0.,-0.707106781,0.707106781));
#6443=VECTOR('',#6442,0.141421356);
#6444=LINE('',#6441,#6443);
#6445=EDGE_CURVE('',#641,#6170,#6444,.T.);
#6446=ORIENTED_EDGE('',*,*,#6445,.F.);
#6447=ORIENTED_EDGE('',*,*,#647,.F.);
#6448=EDGE_LOOP('',(#6439,#6440,#6446,#6447));
#6449=FACE_BOUND('',#6448,.T.);
#6450=ADVANCED_FACE('',(#6449),#6438,.F.);
#6451=CARTESIAN_POINT('',(253.,-97.782509431,-3.034999997));
#6452=DIRECTION('',(0.,0.707106781,-0.707106781));
#6453=DIRECTION('',(-1.,0.,0.));
#6454=AXIS2_PLACEMENT_3D('',#6451,#6452,#6453);
#6455=PLANE('',#6454);
#6456=ORIENTED_EDGE('',*,*,#6428,.T.);
#6457=ORIENTED_EDGE('',*,*,#621,.F.);
#6458=CARTESIAN_POINT('',(255.75,-97.782509431,-3.034999997));
#6459=DIRECTION('',(0.,0.707106781,0.707106781));
#6460=VECTOR('',#6459,0.141421356);
#6461=LINE('',#6458,#6460);
#6462=EDGE_CURVE('',#6108,#607,#6461,.T.);
#6463=ORIENTED_EDGE('',*,*,#6462,.F.);
#6464=ORIENTED_EDGE('',*,*,#6113,.F.);
#6465=EDGE_LOOP('',(#6456,#6457,#6463,#6464));
#6466=FACE_BOUND('',#6465,.T.);
#6467=ADVANCED_FACE('',(#6466),#6455,.T.);
#6468=CARTESIAN_POINT('',(249.627872954,-97.682509431,-4.485));
#6469=DIRECTION('',(0.,-0.707106781,-0.707106781));
#6470=DIRECTION('',(1.,0.,0.));
#6471=AXIS2_PLACEMENT_3D('',#6468,#6469,#6470);
#6472=PLANE('',#6471);
#6473=ORIENTED_EDGE('',*,*,#6445,.T.);
#6474=ORIENTED_EDGE('',*,*,#6175,.F.);
#6475=CARTESIAN_POINT('',(255.75,-97.682509431,-4.485));
#6476=DIRECTION('',(0.,-0.707106781,0.707106781));
#6477=VECTOR('',#6476,0.141421356);
#6478=LINE('',#6475,#6477);
#6479=EDGE_CURVE('',#588,#6162,#6478,.T.);
#6480=ORIENTED_EDGE('',*,*,#6479,.F.);
#6481=ORIENTED_EDGE('',*,*,#653,.F.);
#6482=EDGE_LOOP('',(#6473,#6474,#6480,#6481));
#6483=FACE_BOUND('',#6482,.T.);
#6484=ADVANCED_FACE('',(#6483),#6472,.F.);
#6485=CARTESIAN_POINT('',(255.75,-97.682509431,-3.534999997));
#6486=DIRECTION('',(0.,1.,0.));
#6487=DIRECTION('',(0.,-0.,1.));
#6488=AXIS2_PLACEMENT_3D('',#6485,#6486,#6487);
#6489=CONICAL_SURFACE('',#6488,0.6,45.);
#6490=ORIENTED_EDGE('',*,*,#6462,.T.);
#6491=ORIENTED_EDGE('',*,*,#613,.F.);
#6492=CARTESIAN_POINT('',(256.25,-97.782509431,-3.534999997));
#6493=DIRECTION('',(0.707106781,0.707106781,0.));
#6494=VECTOR('',#6493,0.141421356);
#6495=LINE('',#6492,#6494);
#6496=EDGE_CURVE('',#6131,#599,#6495,.T.);
#6497=ORIENTED_EDGE('',*,*,#6496,.F.);
#6498=ORIENTED_EDGE('',*,*,#6198,.F.);
#6499=EDGE_LOOP('',(#6490,#6491,#6497,#6498));
#6500=FACE_BOUND('',#6499,.T.);
#6501=ADVANCED_FACE('',(#6500),#6489,.F.);
#6502=CARTESIAN_POINT('',(255.75,-97.682509431,-3.885));
#6503=DIRECTION('',(0.,1.,0.));
#6504=DIRECTION('',(0.,-0.,1.));
#6505=AXIS2_PLACEMENT_3D('',#6502,#6503,#6504);
#6506=CONICAL_SURFACE('',#6505,0.6,45.);
#6507=ORIENTED_EDGE('',*,*,#6479,.T.);
#6508=ORIENTED_EDGE('',*,*,#6234,.F.);
#6509=CARTESIAN_POINT('',(256.35,-97.682509431,-3.885));
#6510=DIRECTION('',(-0.707106781,-0.707106781,0.));
#6511=VECTOR('',#6510,0.141421356);
#6512=LINE('',#6509,#6511);
#6513=EDGE_CURVE('',#590,#6139,#6512,.T.);
#6514=ORIENTED_EDGE('',*,*,#6513,.F.);
#6515=ORIENTED_EDGE('',*,*,#596,.F.);
#6516=EDGE_LOOP('',(#6507,#6508,#6514,#6515));
#6517=FACE_BOUND('',#6516,.T.);
#6518=ADVANCED_FACE('',(#6517),#6506,.F.);
#6519=CARTESIAN_POINT('',(256.25,-97.782509431,-3.709999998));
#6520=DIRECTION('',(-0.707106781,0.707106781,0.));
#6521=DIRECTION('',(0.,0.,1.));
#6522=AXIS2_PLACEMENT_3D('',#6519,#6520,#6521);
#6523=PLANE('',#6522);
#6524=ORIENTED_EDGE('',*,*,#6496,.T.);
#6525=ORIENTED_EDGE('',*,*,#604,.F.);
#6526=ORIENTED_EDGE('',*,*,#6513,.T.);
#6527=ORIENTED_EDGE('',*,*,#6144,.F.);
#6528=EDGE_LOOP('',(#6524,#6525,#6526,#6527));
#6529=FACE_BOUND('',#6528,.T.);
#6530=ADVANCED_FACE('',(#6529),#6523,.T.);
#6531=CARTESIAN_POINT('',(227.976184999,-145.662172288,-6.5));
#6532=DIRECTION('',(0.999999046,-0.001381395,0.));
#6533=DIRECTION('',(0.001381395,0.999999046,0.));
#6534=AXIS2_PLACEMENT_3D('',#6531,#6532,#6533);
#6535=PLANE('',#6534);
#6536=CARTESIAN_POINT('',(227.945,-168.23715465,-1.2));
#6537=VERTEX_POINT('',#6536);
#6538=CARTESIAN_POINT('',(227.974323626,-147.009629555,-1.2));
#6539=VERTEX_POINT('',#6538);
#6540=CARTESIAN_POINT('',(227.945,-168.23715465,-1.2));
#6541=DIRECTION('',(0.001381395,0.999999046,0.));
#6542=VECTOR('',#6541,21.227545349);
#6543=LINE('',#6540,#6542);
#6544=EDGE_CURVE('',#6537,#6539,#6543,.T.);
#6545=ORIENTED_EDGE('',*,*,#6544,.F.);
#6546=CARTESIAN_POINT('',(227.945,-168.23715465,-6.8));
#6547=VERTEX_POINT('',#6546);
#6548=CARTESIAN_POINT('',(227.945,-168.23715465,-6.8));
#6549=DIRECTION('',(0.,0.,1.));
#6550=VECTOR('',#6549,5.6);
#6551=LINE('',#6548,#6550);
#6552=EDGE_CURVE('',#6547,#6537,#6551,.T.);
#6553=ORIENTED_EDGE('',*,*,#6552,.F.);
#6554=CARTESIAN_POINT('',(227.971560834,-149.00962955,-6.8));
#6555=VERTEX_POINT('',#6554);
#6556=CARTESIAN_POINT('',(227.945,-168.23715465,-6.8));
#6557=DIRECTION('',(0.001381395,0.999999046,0.));
#6558=VECTOR('',#6557,19.227543446);
#6559=LINE('',#6556,#6558);
#6560=EDGE_CURVE('',#6547,#6555,#6559,.T.);
#6561=ORIENTED_EDGE('',*,*,#6560,.T.);
#6562=CARTESIAN_POINT('',(227.97294223,-148.009629552,-5.8));
#6563=VERTEX_POINT('',#6562);
#6564=CARTESIAN_POINT('',(227.971560834,-149.00962955,-5.8));
#6565=DIRECTION('',(0.999999046,-0.001381395,0.));
#6566=DIRECTION('',(-0.001381395,-0.999999046,0.));
#6567=AXIS2_PLACEMENT_3D('',#6564,#6565,#6566);
#6568=ELLIPSE('',#6567,1.000000952,1.);
#6569=EDGE_CURVE('',#6555,#6563,#6568,.T.);
#6570=ORIENTED_EDGE('',*,*,#6569,.T.);
#6571=CARTESIAN_POINT('',(227.97294223,-148.009629552,-2.2));
#6572=VERTEX_POINT('',#6571);
#6573=CARTESIAN_POINT('',(227.97294223,-148.009629552,-2.2));
#6574=DIRECTION('',(0.,0.,-1.));
#6575=VECTOR('',#6574,3.6);
#6576=LINE('',#6573,#6575);
#6577=EDGE_CURVE('',#6572,#6563,#6576,.T.);
#6578=ORIENTED_EDGE('',*,*,#6577,.F.);
#6579=CARTESIAN_POINT('',(227.974323626,-147.009629555,-2.2));
#6580=DIRECTION('',(-0.999999046,0.001381395,-0.));
#6581=DIRECTION('',(-0.001381395,-0.999999046,0.));
#6582=AXIS2_PLACEMENT_3D('',#6579,#6580,#6581);
#6583=ELLIPSE('',#6582,1.000000952,1.);
#6584=EDGE_CURVE('',#6572,#6539,#6583,.T.);
#6585=ORIENTED_EDGE('',*,*,#6584,.T.);
#6586=EDGE_LOOP('',(#6545,#6553,#6561,#6570,#6578,#6585));
#6587=FACE_BOUND('',#6586,.T.);
#6588=ADVANCED_FACE('',(#6587),#6535,.T.);
#6589=CARTESIAN_POINT('',(250.462503953,-100.682507658,-6.5));
#6590=DIRECTION('',(0.,-1.,0.));
#6591=DIRECTION('',(0.,0.,-1.));
#6592=AXIS2_PLACEMENT_3D('',#6589,#6590,#6591);
#6593=PLANE('',#6592);
#6594=CARTESIAN_POINT('',(231.640478837,-100.682507658,-1.2));
#6595=VERTEX_POINT('',#6594);
#6596=CARTESIAN_POINT('',(232.637468455,-100.682507658,-1.2));
#6597=VERTEX_POINT('',#6596);
#6598=CARTESIAN_POINT('',(231.640478837,-100.682507658,-1.2));
#6599=DIRECTION('',(1.,0.,-0.));
#6600=VECTOR('',#6599,0.996989618);
#6601=LINE('',#6598,#6600);
#6602=EDGE_CURVE('',#6595,#6597,#6601,.T.);
#6603=ORIENTED_EDGE('',*,*,#6602,.F.);
#6604=CARTESIAN_POINT('',(231.637468244,-100.682506409,-1.2));
#6605=VERTEX_POINT('',#6604);
#6606=CARTESIAN_POINT('',(231.637466994,-104.312604486,-1.2));
#6607=DIRECTION('',(0.,-0.,1.));
#6608=DIRECTION('',(0.000829686,0.999999656,0.));
#6609=AXIS2_PLACEMENT_3D('',#6606,#6607,#6608);
#6610=CIRCLE('',#6609,3.630098077);
#6611=EDGE_CURVE('',#6595,#6605,#6610,.T.);
#6612=ORIENTED_EDGE('',*,*,#6611,.T.);
#6613=CARTESIAN_POINT('',(231.637468244,-100.682507658,-2.2));
#6614=VERTEX_POINT('',#6613);
#6615=CARTESIAN_POINT('',(231.637468244,-100.682507658,-2.2));
#6616=DIRECTION('',(-0.,-0.,1.));
#6617=VECTOR('',#6616,1.);
#6618=LINE('',#6615,#6617);
#6619=EDGE_CURVE('',#6614,#6605,#6618,.T.);
#6620=ORIENTED_EDGE('',*,*,#6619,.F.);
#6621=CARTESIAN_POINT('',(232.637468455,-100.682507658,-2.2));
#6622=DIRECTION('',(-0.,1.,-0.));
#6623=DIRECTION('',(0.,0.,-1.));
#6624=AXIS2_PLACEMENT_3D('',#6621,#6622,#6623);
#6625=CIRCLE('',#6624,1.);
#6626=EDGE_CURVE('',#6614,#6597,#6625,.T.);
#6627=ORIENTED_EDGE('',*,*,#6626,.T.);
#6628=EDGE_LOOP('',(#6603,#6612,#6620,#6627));
#6629=FACE_BOUND('',#6628,.T.);
#6630=ADVANCED_FACE('',(#6629),#6593,.T.);
#6631=CARTESIAN_POINT('',(304.261925445,-171.138466287,-6.5));
#6632=DIRECTION('',(-0.766063115,0.642765357,0.));
#6633=DIRECTION('',(-0.642765357,-0.766063115,0.));
#6634=AXIS2_PLACEMENT_3D('',#6631,#6632,#6633);
#6635=PLANE('',#6634);
#6636=CARTESIAN_POINT('',(296.870199909,-179.948101442,-6.8));
#6637=VERTEX_POINT('',#6636);
#6638=CARTESIAN_POINT('',(296.870199909,-179.948101442,-1.2));
#6639=VERTEX_POINT('',#6638);
#6640=CARTESIAN_POINT('',(296.870199909,-179.948101442,-6.8));
#6641=DIRECTION('',(0.,0.,1.));
#6642=VECTOR('',#6641,5.6);
#6643=LINE('',#6640,#6642);
#6644=EDGE_CURVE('',#6637,#6639,#6643,.T.);
#6645=ORIENTED_EDGE('',*,*,#6644,.T.);
#6646=CARTESIAN_POINT('',(311.653626853,-162.32885989,-1.2));
#6647=VERTEX_POINT('',#6646);
#6648=CARTESIAN_POINT('',(311.653626853,-162.32885989,-1.2));
#6649=DIRECTION('',(-0.642765357,-0.766063115,0.));
#6650=VECTOR('',#6649,22.999725761);
#6651=LINE('',#6648,#6650);
#6652=EDGE_CURVE('',#6647,#6639,#6651,.T.);
#6653=ORIENTED_EDGE('',*,*,#6652,.F.);
#6654=CARTESIAN_POINT('',(311.653625583,-162.328861403,-6.8));
#6655=VERTEX_POINT('',#6654);
#6656=CARTESIAN_POINT('',(311.653625583,-162.328861403,-6.8));
#6657=DIRECTION('',(0.,0.,1.));
#6658=VECTOR('',#6657,5.6);
#6659=LINE('',#6656,#6658);
#6660=EDGE_CURVE('',#6655,#6647,#6659,.T.);
#6661=ORIENTED_EDGE('',*,*,#6660,.F.);
#6662=CARTESIAN_POINT('',(311.653625583,-162.328861403,-6.8));
#6663=DIRECTION('',(-0.642765357,-0.766063115,0.));
#6664=VECTOR('',#6663,22.999723785);
#6665=LINE('',#6662,#6664);
#6666=EDGE_CURVE('',#6655,#6637,#6665,.T.);
#6667=ORIENTED_EDGE('',*,*,#6666,.T.);
#6668=EDGE_LOOP('',(#6645,#6653,#6661,#6667));
#6669=FACE_BOUND('',#6668,.T.);
#6670=ADVANCED_FACE('',(#6669),#6635,.T.);
#6671=CARTESIAN_POINT('',(288.695602585,-181.240007859,-6.5));
#6672=DIRECTION('',(-0.000926784,0.999999571,0.));
#6673=DIRECTION('',(-0.999999571,-0.000926784,0.));
#6674=AXIS2_PLACEMENT_3D('',#6671,#6672,#6673);
#6675=PLANE('',#6674);
#6676=CARTESIAN_POINT('',(283.314576644,-181.244994907,-6.8));
#6677=VERTEX_POINT('',#6676);
#6678=CARTESIAN_POINT('',(283.314576644,-181.244994907,-1.2));
#6679=VERTEX_POINT('',#6678);
#6680=CARTESIAN_POINT('',(283.314576644,-181.244994907,-6.8));
#6681=DIRECTION('',(0.,0.,1.));
#6682=VECTOR('',#6681,5.6);
#6683=LINE('',#6680,#6682);
#6684=EDGE_CURVE('',#6677,#6679,#6683,.T.);
#6685=ORIENTED_EDGE('',*,*,#6684,.T.);
#6686=CARTESIAN_POINT('',(294.076628526,-181.23502081,-1.2));
#6687=VERTEX_POINT('',#6686);
#6688=CARTESIAN_POINT('',(294.076628526,-181.23502081,-1.2));
#6689=DIRECTION('',(-0.999999571,-0.000926784,0.));
#6690=VECTOR('',#6689,10.762056504);
#6691=LINE('',#6688,#6690);
#6692=EDGE_CURVE('',#6687,#6679,#6691,.T.);
#6693=ORIENTED_EDGE('',*,*,#6692,.F.);
#6694=CARTESIAN_POINT('',(294.076628526,-181.23502081,-6.8));
#6695=VERTEX_POINT('',#6694);
#6696=CARTESIAN_POINT('',(294.076628526,-181.23502081,-6.8));
#6697=DIRECTION('',(0.,0.,1.));
#6698=VECTOR('',#6697,5.6);
#6699=LINE('',#6696,#6698);
#6700=EDGE_CURVE('',#6695,#6687,#6699,.T.);
#6701=ORIENTED_EDGE('',*,*,#6700,.F.);
#6702=CARTESIAN_POINT('',(294.076628526,-181.23502081,-6.8));
#6703=DIRECTION('',(-0.999999571,-0.000926784,0.));
#6704=VECTOR('',#6703,10.762056504);
#6705=LINE('',#6702,#6704);
#6706=EDGE_CURVE('',#6695,#6677,#6705,.T.);
#6707=ORIENTED_EDGE('',*,*,#6706,.T.);
#6708=EDGE_LOOP('',(#6685,#6693,#6701,#6707));
#6709=FACE_BOUND('',#6708,.T.);
#6710=ADVANCED_FACE('',(#6709),#6675,.T.);
#6711=CARTESIAN_POINT('',(284.643660485,-256.363949767,-6.5));
#6712=DIRECTION('',(0.,0.,1.));
#6713=DIRECTION('',(1.,0.,-0.));
#6714=AXIS2_PLACEMENT_3D('',#6711,#6712,#6713);
#6715=CYLINDRICAL_SURFACE('',#6714,75.130711716);
#6716=CARTESIAN_POINT('',(248.784885724,-190.342952231,-6.8));
#6717=VERTEX_POINT('',#6716);
#6718=CARTESIAN_POINT('',(248.784885724,-190.342952231,-1.2));
#6719=VERTEX_POINT('',#6718);
#6720=CARTESIAN_POINT('',(248.784885724,-190.342952231,-6.8));
#6721=DIRECTION('',(0.,0.,1.));
#6722=VECTOR('',#6721,5.6);
#6723=LINE('',#6720,#6722);
#6724=EDGE_CURVE('',#6717,#6719,#6723,.T.);
#6725=ORIENTED_EDGE('',*,*,#6724,.T.);
#6726=CARTESIAN_POINT('',(284.643660485,-256.363949767,-1.2));
#6727=DIRECTION('',(0.,0.,1.));
#6728=DIRECTION('',(-0.017690287,0.999843515,0.));
#6729=AXIS2_PLACEMENT_3D('',#6726,#6727,#6728);
#6730=CIRCLE('',#6729,75.130711716);
#6731=EDGE_CURVE('',#6679,#6719,#6730,.T.);
#6732=ORIENTED_EDGE('',*,*,#6731,.F.);
#6733=ORIENTED_EDGE('',*,*,#6684,.F.);
#6734=CARTESIAN_POINT('',(284.643660485,-256.363949767,-6.8));
#6735=DIRECTION('',(0.,0.,1.));
#6736=DIRECTION('',(1.,0.,-0.));
#6737=AXIS2_PLACEMENT_3D('',#6734,#6735,#6736);
#6738=CIRCLE('',#6737,75.130711716);
#6739=EDGE_CURVE('',#6677,#6717,#6738,.T.);
#6740=ORIENTED_EDGE('',*,*,#6739,.T.);
#6741=EDGE_LOOP('',(#6725,#6732,#6733,#6740));
#6742=FACE_BOUND('',#6741,.T.);
#6743=ADVANCED_FACE('',(#6742),#6715,.T.);
#6744=CARTESIAN_POINT('',(245.327021485,-192.273545026,-6.5));
#6745=DIRECTION('',(-0.487485919,0.873130849,0.));
#6746=DIRECTION('',(-0.873130849,-0.487485919,0.));
#6747=AXIS2_PLACEMENT_3D('',#6744,#6745,#6746);
#6748=PLANE('',#6747);
#6749=CARTESIAN_POINT('',(241.878156924,-194.199113127,-6.8));
#6750=VERTEX_POINT('',#6749);
#6751=CARTESIAN_POINT('',(241.878157309,-194.199112912,-1.2));
#6752=VERTEX_POINT('',#6751);
#6753=CARTESIAN_POINT('',(241.878157309,-194.199112912,-6.8));
#6754=DIRECTION('',(0.,0.,1.));
#6755=VECTOR('',#6754,5.6);
#6756=LINE('',#6753,#6755);
#6757=EDGE_CURVE('',#6750,#6752,#6756,.T.);
#6758=ORIENTED_EDGE('',*,*,#6757,.T.);
#6759=CARTESIAN_POINT('',(248.784885724,-190.342952231,-1.2));
#6760=DIRECTION('',(-0.873130849,-0.487485919,0.));
#6761=VECTOR('',#6760,7.910301676);
#6762=LINE('',#6759,#6761);
#6763=EDGE_CURVE('',#6719,#6752,#6762,.T.);
#6764=ORIENTED_EDGE('',*,*,#6763,.F.);
#6765=ORIENTED_EDGE('',*,*,#6724,.F.);
#6766=CARTESIAN_POINT('',(248.784885724,-190.342952231,-6.8));
#6767=DIRECTION('',(-0.873130849,-0.487485919,0.));
#6768=VECTOR('',#6767,7.910302117);
#6769=LINE('',#6766,#6768);
#6770=EDGE_CURVE('',#6717,#6750,#6769,.T.);
#6771=ORIENTED_EDGE('',*,*,#6770,.T.);
#6772=EDGE_LOOP('',(#6758,#6764,#6765,#6771));
#6773=FACE_BOUND('',#6772,.T.);
#6774=ADVANCED_FACE('',(#6773),#6748,.T.);
#6775=CARTESIAN_POINT('',(240.111021419,-191.034014599,-6.5));
#6776=DIRECTION('',(0.,0.,-1.));
#6777=DIRECTION('',(-1.,0.,0.));
#6778=AXIS2_PLACEMENT_3D('',#6775,#6776,#6777);
#6779=CYLINDRICAL_SURFACE('',#6778,3.62499884);
#6780=CARTESIAN_POINT('',(236.940526049,-192.791449006,-6.8));
#6781=VERTEX_POINT('',#6780);
#6782=CARTESIAN_POINT('',(236.940529655,-192.791455511,-1.2));
#6783=VERTEX_POINT('',#6782);
#6784=CARTESIAN_POINT('',(236.940526049,-192.791449006,-6.8));
#6785=DIRECTION('',(-0.,-0.,1.));
#6786=VECTOR('',#6785,5.6);
#6787=LINE('',#6784,#6786);
#6788=EDGE_CURVE('',#6781,#6783,#6787,.T.);
#6789=ORIENTED_EDGE('',*,*,#6788,.T.);
#6790=CARTESIAN_POINT('',(241.869153693,-194.204131414,-1.2));
#6791=VERTEX_POINT('',#6790);
#6792=CARTESIAN_POINT('',(240.111021419,-191.034014599,-1.2));
#6793=DIRECTION('',(-0.,-0.,1.));
#6794=DIRECTION('',(-1.,0.,0.));
#6795=AXIS2_PLACEMENT_3D('',#6792,#6793,#6794);
#6796=CIRCLE('',#6795,3.62499884);
#6797=EDGE_CURVE('',#6783,#6791,#6796,.T.);
#6798=ORIENTED_EDGE('',*,*,#6797,.T.);
#6799=CARTESIAN_POINT('',(240.111021419,-191.034014599,-1.2));
#6800=DIRECTION('',(0.,0.,-1.));
#6801=DIRECTION('',(-1.,0.,0.));
#6802=AXIS2_PLACEMENT_3D('',#6799,#6800,#6801);
#6803=CIRCLE('',#6802,3.62499884);
#6804=EDGE_CURVE('',#6752,#6791,#6803,.T.);
#6805=ORIENTED_EDGE('',*,*,#6804,.F.);
#6806=ORIENTED_EDGE('',*,*,#6757,.F.);
#6807=CARTESIAN_POINT('',(240.111021419,-191.034014599,-6.8));
#6808=DIRECTION('',(0.,0.,1.));
#6809=DIRECTION('',(1.,0.,-0.));
#6810=AXIS2_PLACEMENT_3D('',#6807,#6808,#6809);
#6811=CIRCLE('',#6810,3.62499884);
#6812=EDGE_CURVE('',#6781,#6750,#6811,.T.);
#6813=ORIENTED_EDGE('',*,*,#6812,.F.);
#6814=EDGE_LOOP('',(#6789,#6798,#6805,#6806,#6813));
#6815=FACE_BOUND('',#6814,.T.);
#6816=ADVANCED_FACE('',(#6815),#6779,.F.);
#6817=CARTESIAN_POINT('',(231.637468244,-104.312605735,-6.5));
#6818=DIRECTION('',(0.,0.,-1.));
#6819=DIRECTION('',(-1.,0.,0.));
#6820=AXIS2_PLACEMENT_3D('',#6817,#6818,#6819);
#6821=CYLINDRICAL_SURFACE('',#6820,3.630098077);
#6822=ORIENTED_EDGE('',*,*,#6619,.T.);
#6823=CARTESIAN_POINT('',(228.007370166,-104.309592643,-1.2));
#6824=VERTEX_POINT('',#6823);
#6825=CARTESIAN_POINT('',(231.637466994,-104.312604486,-1.2));
#6826=DIRECTION('',(0.,-0.,1.));
#6827=DIRECTION('',(0.000829686,0.999999656,0.));
#6828=AXIS2_PLACEMENT_3D('',#6825,#6826,#6827);
#6829=CIRCLE('',#6828,3.630098077);
#6830=EDGE_CURVE('',#6605,#6824,#6829,.T.);
#6831=ORIENTED_EDGE('',*,*,#6830,.T.);
#6832=CARTESIAN_POINT('',(228.007370166,-104.312605703,-1.2));
#6833=VERTEX_POINT('',#6832);
#6834=CARTESIAN_POINT('',(228.007370166,-104.312605703,-1.2));
#6835=DIRECTION('',(0.000000009,1.,0.));
#6836=VECTOR('',#6835,0.00301306);
#6837=LINE('',#6834,#6836);
#6838=EDGE_CURVE('',#6833,#6824,#6837,.T.);
#6839=ORIENTED_EDGE('',*,*,#6838,.F.);
#6840=CARTESIAN_POINT('',(228.007370166,-104.312605436,-6.8));
#6841=VERTEX_POINT('',#6840);
#6842=CARTESIAN_POINT('',(228.007370166,-104.312605703,-6.8));
#6843=DIRECTION('',(0.,0.,1.));
#6844=VECTOR('',#6843,5.6);
#6845=LINE('',#6842,#6844);
#6846=EDGE_CURVE('',#6841,#6833,#6845,.T.);
#6847=ORIENTED_EDGE('',*,*,#6846,.F.);
#6848=CARTESIAN_POINT('',(230.637468493,-100.822962122,-6.8));
#6849=VERTEX_POINT('',#6848);
#6850=CARTESIAN_POINT('',(231.637468244,-104.312605735,-6.8));
#6851=DIRECTION('',(0.,0.,1.));
#6852=DIRECTION('',(1.,0.,-0.));
#6853=AXIS2_PLACEMENT_3D('',#6850,#6851,#6852);
#6854=CIRCLE('',#6853,3.630098077);
#6855=EDGE_CURVE('',#6849,#6841,#6854,.T.);
#6856=ORIENTED_EDGE('',*,*,#6855,.F.);
#6857=CARTESIAN_POINT('',(231.637468244,-100.682507658,-5.8));
#6858=VERTEX_POINT('',#6857);
#6859=CARTESIAN_POINT('',(230.637468493,-100.822962122,-6.8));
#6860=CARTESIAN_POINT('',(230.701419533,-100.804636175,-6.8));
#6861=CARTESIAN_POINT('',(230.764853523,-100.788358877,-6.793918919));
#6862=CARTESIAN_POINT('',(230.827728829,-100.773971235,-6.78173367));
#6863=CARTESIAN_POINT('',(230.890604135,-100.759583592,-6.769548422));
#6864=CARTESIAN_POINT('',(230.953616577,-100.746976537,-6.75094361));
#6865=CARTESIAN_POINT('',(231.0139648,-100.736454801,-6.726418109));
#6866=CARTESIAN_POINT('',(231.074313023,-100.725933064,-6.701892609));
#6867=CARTESIAN_POINT('',(231.131900403,-100.717462429,-6.671679749));
#6868=CARTESIAN_POINT('',(231.186629234,-100.710612365,-6.635716727));
#6869=CARTESIAN_POINT('',(231.241358064,-100.703762302,-6.599753705));
#6870=CARTESIAN_POINT('',(231.293353641,-100.698551158,-6.557704719));
#6871=CARTESIAN_POINT('',(231.340028281,-100.694713874,-6.511624688));
#6872=CARTESIAN_POINT('',(231.433377561,-100.687039307,-6.419464625));
#6873=CARTESIAN_POINT('',(231.509092202,-100.684423656,-6.307447495));
#6874=CARTESIAN_POINT('',(231.559810395,-100.683338411,-6.186374619));
#6875=CARTESIAN_POINT('',(231.585169491,-100.682795789,-6.125838181));
#6876=CARTESIAN_POINT('',(231.604770736,-100.682631425,-6.062130185));
#6877=CARTESIAN_POINT('',(231.617830867,-100.682560774,-5.997204313));
#6878=CARTESIAN_POINT('',(231.630890999,-100.682490123,-5.932278441));
#6879=CARTESIAN_POINT('',(231.637468455,-100.682507658,-5.866547574));
#6880=CARTESIAN_POINT('',(231.637468455,-100.682507658,-5.8));
#6881=B_SPLINE_CURVE_WITH_KNOTS('',3,(#6859,#6860,#6861,#6862,#6863,#6864,#6865,#6866,#6867,#6868,#6869,#6870,#6871,#6872,#6873,#6874,#6875,#6876,#6877,#6878,#6879,#6880),.UNSPECIFIED.,.F.,.F.,(4,3,3,3,3,3,3,4),(0.,0.000196843,0.000393686,0.000590529,0.000787373,0.001181059,0.001377902,0.001574745),.UNSPECIFIED.);
#6882=EDGE_CURVE('',#6849,#6858,#6881,.T.);
#6883=ORIENTED_EDGE('',*,*,#6882,.T.);
#6884=CARTESIAN_POINT('',(231.637468244,-100.682507658,-5.8));
#6885=DIRECTION('',(-0.,-0.,1.));
#6886=VECTOR('',#6885,3.6);
#6887=LINE('',#6884,#6886);
#6888=EDGE_CURVE('',#6858,#6614,#6887,.T.);
#6889=ORIENTED_EDGE('',*,*,#6888,.T.);
#6890=EDGE_LOOP('',(#6822,#6831,#6839,#6847,#6856,#6883,#6889));
#6891=FACE_BOUND('',#6890,.T.);
#6892=ADVANCED_FACE('',(#6891),#6821,.F.);
#6893=CARTESIAN_POINT('',(272.158868075,-98.509781822,-6.5));
#6894=DIRECTION('',(-0.858089183,0.513500685,0.));
#6895=DIRECTION('',(-0.513500685,-0.858089183,0.));
#6896=AXIS2_PLACEMENT_3D('',#6893,#6894,#6895);
#6897=PLANE('',#6896);
#6898=CARTESIAN_POINT('',(272.665661388,-97.662901042,-1.2));
#6899=VERTEX_POINT('',#6898);
#6900=CARTESIAN_POINT('',(271.654340153,-99.352877004,-1.2));
#6901=VERTEX_POINT('',#6900);
#6902=CARTESIAN_POINT('',(272.665661388,-97.662901042,-1.2));
#6903=DIRECTION('',(-0.513500685,-0.858089183,0.));
#6904=VECTOR('',#6903,1.96946424);
#6905=LINE('',#6902,#6904);
#6906=EDGE_CURVE('',#6899,#6901,#6905,.T.);
#6907=ORIENTED_EDGE('',*,*,#6906,.T.);
#6908=CARTESIAN_POINT('',(271.654340284,-99.352876784,-6.8));
#6909=VERTEX_POINT('',#6908);
#6910=CARTESIAN_POINT('',(271.654340153,-99.352877004,-6.8));
#6911=DIRECTION('',(-0.,-0.,1.));
#6912=VECTOR('',#6911,5.6);
#6913=LINE('',#6910,#6912);
#6914=EDGE_CURVE('',#6909,#6901,#6913,.T.);
#6915=ORIENTED_EDGE('',*,*,#6914,.F.);
#6916=CARTESIAN_POINT('',(272.665661232,-97.662901303,-6.8));
#6917=VERTEX_POINT('',#6916);
#6918=CARTESIAN_POINT('',(272.665661232,-97.662901303,-6.8));
#6919=DIRECTION('',(-0.513500685,-0.858089183,0.));
#6920=VECTOR('',#6919,1.96946368);
#6921=LINE('',#6918,#6920);
#6922=EDGE_CURVE('',#6917,#6909,#6921,.T.);
#6923=ORIENTED_EDGE('',*,*,#6922,.F.);
#6924=CARTESIAN_POINT('',(272.665661388,-97.662901042,-6.8));
#6925=DIRECTION('',(0.,0.,1.));
#6926=VECTOR('',#6925,5.6);
#6927=LINE('',#6924,#6926);
#6928=EDGE_CURVE('',#6917,#6899,#6927,.T.);
#6929=ORIENTED_EDGE('',*,*,#6928,.T.);
#6930=EDGE_LOOP('',(#6907,#6915,#6923,#6929));
#6931=FACE_BOUND('',#6930,.T.);
#6932=ADVANCED_FACE('',(#6931),#6897,.F.);
#6933=CARTESIAN_POINT('',(282.282930134,-95.920008658,-6.5));
#6934=DIRECTION('',(0.,-1.,0.));
#6935=DIRECTION('',(0.,0.,-1.));
#6936=AXIS2_PLACEMENT_3D('',#6933,#6934,#6935);
#6937=PLANE('',#6936);
#6938=CARTESIAN_POINT('',(288.781786837,-95.920008658,-6.8));
#6939=VERTEX_POINT('',#6938);
#6940=CARTESIAN_POINT('',(288.781786547,-95.920008658,-1.2));
#6941=VERTEX_POINT('',#6940);
#6942=CARTESIAN_POINT('',(288.781786547,-95.920008658,-6.8));
#6943=DIRECTION('',(0.,0.,1.));
#6944=VECTOR('',#6943,5.6);
#6945=LINE('',#6942,#6944);
#6946=EDGE_CURVE('',#6939,#6941,#6945,.T.);
#6947=ORIENTED_EDGE('',*,*,#6946,.T.);
#6948=CARTESIAN_POINT('',(275.739781034,-95.920008658,-1.2));
#6949=VERTEX_POINT('',#6948);
#6950=CARTESIAN_POINT('',(275.739781034,-95.920008658,-1.2));
#6951=DIRECTION('',(1.,0.,-0.));
#6952=VECTOR('',#6951,13.042005513);
#6953=LINE('',#6950,#6952);
#6954=EDGE_CURVE('',#6949,#6941,#6953,.T.);
#6955=ORIENTED_EDGE('',*,*,#6954,.F.);
#6956=CARTESIAN_POINT('',(275.739781231,-95.920008658,-6.8));
#6957=VERTEX_POINT('',#6956);
#6958=CARTESIAN_POINT('',(275.739781034,-95.920008658,-6.8));
#6959=DIRECTION('',(-0.,-0.,1.));
#6960=VECTOR('',#6959,5.6);
#6961=LINE('',#6958,#6960);
#6962=EDGE_CURVE('',#6957,#6949,#6961,.T.);
#6963=ORIENTED_EDGE('',*,*,#6962,.F.);
#6964=CARTESIAN_POINT('',(275.739781231,-95.920008658,-6.8));
#6965=DIRECTION('',(1.,0.,-0.));
#6966=VECTOR('',#6965,13.042005606);
#6967=LINE('',#6964,#6966);
#6968=EDGE_CURVE('',#6957,#6939,#6967,.T.);
#6969=ORIENTED_EDGE('',*,*,#6968,.T.);
#6970=EDGE_LOOP('',(#6947,#6955,#6963,#6969));
#6971=FACE_BOUND('',#6970,.T.);
#6972=ADVANCED_FACE('',(#6971),#6937,.T.);
#6973=CARTESIAN_POINT('',(292.179264043,-93.65789269,-6.5));
#6974=DIRECTION('',(0.715507056,-0.698605506,0.));
#6975=DIRECTION('',(0.698605506,0.715507056,0.));
#6976=AXIS2_PLACEMENT_3D('',#6973,#6974,#6975);
#6977=PLANE('',#6976);
#6978=CARTESIAN_POINT('',(293.570841927,-92.23264799,-6.8));
#6979=VERTEX_POINT('',#6978);
#6980=CARTESIAN_POINT('',(293.57084199,-92.232647925,-1.2));
#6981=VERTEX_POINT('',#6980);
#6982=CARTESIAN_POINT('',(293.57084199,-92.232647925,-6.8));
#6983=DIRECTION('',(0.,0.,1.));
#6984=VECTOR('',#6983,5.6);
#6985=LINE('',#6982,#6984);
#6986=EDGE_CURVE('',#6979,#6981,#6985,.T.);
#6987=ORIENTED_EDGE('',*,*,#6986,.T.);
#6988=CARTESIAN_POINT('',(290.801083221,-95.069416208,-1.2));
#6989=VERTEX_POINT('',#6988);
#6990=CARTESIAN_POINT('',(290.801083221,-95.069416208,-1.2));
#6991=DIRECTION('',(0.698605506,0.715507056,0.));
#6992=VECTOR('',#6991,3.964696448);
#6993=LINE('',#6990,#6992);
#6994=EDGE_CURVE('',#6989,#6981,#6993,.T.);
#6995=ORIENTED_EDGE('',*,*,#6994,.F.);
#6996=CARTESIAN_POINT('',(290.801083156,-95.069416275,-6.8));
#6997=VERTEX_POINT('',#6996);
#6998=CARTESIAN_POINT('',(290.801083221,-95.069416208,-6.8));
#6999=DIRECTION('',(-0.,-0.,1.));
#7000=VECTOR('',#6999,5.6);
#7001=LINE('',#6998,#7000);
#7002=EDGE_CURVE('',#6997,#6989,#7001,.T.);
#7003=ORIENTED_EDGE('',*,*,#7002,.F.);
#7004=CARTESIAN_POINT('',(290.801083156,-95.069416275,-6.8));
#7005=DIRECTION('',(0.698605506,0.715507056,0.));
#7006=VECTOR('',#7005,3.964696451);
#7007=LINE('',#7004,#7006);
#7008=EDGE_CURVE('',#6997,#6979,#7007,.T.);
#7009=ORIENTED_EDGE('',*,*,#7008,.T.);
#7010=EDGE_LOOP('',(#6987,#6995,#7003,#7009));
#7011=FACE_BOUND('',#7010,.T.);
#7012=ADVANCED_FACE('',(#7011),#6977,.T.);
#7013=CARTESIAN_POINT('',(301.955790714,-91.0680245,-6.5));
#7014=DIRECTION('',(0.012499016,-0.999921884,0.));
#7015=DIRECTION('',(0.999921884,0.012499016,0.));
#7016=AXIS2_PLACEMENT_3D('',#7013,#7014,#7015);
#7017=PLANE('',#7016);
#7018=CARTESIAN_POINT('',(307.716663289,-90.996013636,-6.8));
#7019=VERTEX_POINT('',#7018);
#7020=CARTESIAN_POINT('',(307.716662943,-90.99601364,-1.2));
#7021=VERTEX_POINT('',#7020);
#7022=CARTESIAN_POINT('',(307.716662943,-90.99601364,-6.8));
#7023=DIRECTION('',(0.,0.,1.));
#7024=VECTOR('',#7023,5.6);
#7025=LINE('',#7022,#7024);
#7026=EDGE_CURVE('',#7019,#7021,#7025,.T.);
#7027=ORIENTED_EDGE('',*,*,#7026,.T.);
#7028=CARTESIAN_POINT('',(296.117791872,-91.140999441,-1.2));
#7029=VERTEX_POINT('',#7028);
#7030=CARTESIAN_POINT('',(296.117791872,-91.140999441,-1.2));
#7031=DIRECTION('',(0.999921884,0.012499016,0.));
#7032=VECTOR('',#7031,11.599777197);
#7033=LINE('',#7030,#7032);
#7034=EDGE_CURVE('',#7029,#7021,#7033,.T.);
#7035=ORIENTED_EDGE('',*,*,#7034,.F.);
#7036=CARTESIAN_POINT('',(296.117791872,-91.140999441,-6.8));
#7037=VERTEX_POINT('',#7036);
#7038=CARTESIAN_POINT('',(296.117791872,-91.140999441,-6.8));
#7039=DIRECTION('',(-0.,-0.,1.));
#7040=VECTOR('',#7039,5.6);
#7041=LINE('',#7038,#7040);
#7042=EDGE_CURVE('',#7037,#7029,#7041,.T.);
#7043=ORIENTED_EDGE('',*,*,#7042,.F.);
#7044=CARTESIAN_POINT('',(296.117791872,-91.140999441,-6.8));
#7045=DIRECTION('',(0.999921884,0.012499016,0.));
#7046=VECTOR('',#7045,11.599777543);
#7047=LINE('',#7044,#7046);
#7048=EDGE_CURVE('',#7037,#7019,#7047,.T.);
#7049=ORIENTED_EDGE('',*,*,#7048,.T.);
#7050=EDGE_LOOP('',(#7027,#7035,#7043,#7049));
#7051=FACE_BOUND('',#7050,.T.);
#7052=ADVANCED_FACE('',(#7051),#7017,.T.);
#7053=CARTESIAN_POINT('',(307.763989225,-94.782118439,-6.5));
#7054=DIRECTION('',(0.,0.,-1.));
#7055=DIRECTION('',(-1.,0.,0.));
#7056=AXIS2_PLACEMENT_3D('',#7053,#7054,#7055);
#7057=CYLINDRICAL_SURFACE('',#7056,3.786400576);
#7058=CARTESIAN_POINT('',(310.469291051,-92.132388293,-1.2));
#7059=VERTEX_POINT('',#7058);
#7060=CARTESIAN_POINT('',(310.521737499,-92.187575361,-1.2));
#7061=VERTEX_POINT('',#7060);
#7062=CARTESIAN_POINT('',(307.763989225,-94.782118439,-1.2));
#7063=DIRECTION('',(0.,0.,-1.));
#7064=DIRECTION('',(-1.,0.,0.));
#7065=AXIS2_PLACEMENT_3D('',#7062,#7063,#7064);
#7066=CIRCLE('',#7065,3.786400576);
#7067=EDGE_CURVE('',#7059,#7061,#7066,.T.);
#7068=ORIENTED_EDGE('',*,*,#7067,.F.);
#7069=CARTESIAN_POINT('',(307.792794028,-90.995444686,-1.2));
#7070=VERTEX_POINT('',#7069);
#7071=CARTESIAN_POINT('',(307.763989225,-94.782118439,-1.2));
#7072=DIRECTION('',(-0.,-0.,1.));
#7073=DIRECTION('',(-1.,0.,0.));
#7074=AXIS2_PLACEMENT_3D('',#7071,#7072,#7073);
#7075=CIRCLE('',#7074,3.786400576);
#7076=EDGE_CURVE('',#7059,#7070,#7075,.T.);
#7077=ORIENTED_EDGE('',*,*,#7076,.T.);
#7078=CARTESIAN_POINT('',(307.763989225,-94.782118439,-1.2));
#7079=DIRECTION('',(0.,0.,-1.));
#7080=DIRECTION('',(-1.,0.,0.));
#7081=AXIS2_PLACEMENT_3D('',#7078,#7079,#7080);
#7082=CIRCLE('',#7081,3.786400576);
#7083=EDGE_CURVE('',#7021,#7070,#7082,.T.);
#7084=ORIENTED_EDGE('',*,*,#7083,.F.);
#7085=ORIENTED_EDGE('',*,*,#7026,.F.);
#7086=CARTESIAN_POINT('',(310.521737394,-92.187575249,-6.8));
#7087=VERTEX_POINT('',#7086);
#7088=CARTESIAN_POINT('',(307.763989225,-94.782118439,-6.8));
#7089=DIRECTION('',(0.,0.,1.));
#7090=DIRECTION('',(1.,0.,-0.));
#7091=AXIS2_PLACEMENT_3D('',#7088,#7089,#7090);
#7092=CIRCLE('',#7091,3.786400576);
#7093=EDGE_CURVE('',#7087,#7019,#7092,.T.);
#7094=ORIENTED_EDGE('',*,*,#7093,.F.);
#7095=CARTESIAN_POINT('',(310.521737499,-92.187575361,-6.8));
#7096=DIRECTION('',(-0.,-0.,1.));
#7097=VECTOR('',#7096,5.6);
#7098=LINE('',#7095,#7097);
#7099=EDGE_CURVE('',#7087,#7061,#7098,.T.);
#7100=ORIENTED_EDGE('',*,*,#7099,.T.);
#7101=EDGE_LOOP('',(#7068,#7077,#7084,#7085,#7094,#7100));
#7102=FACE_BOUND('',#7101,.T.);
#7103=ADVANCED_FACE('',(#7102),#7057,.F.);
#7104=CARTESIAN_POINT('',(311.8391647,-93.587873017,-6.5));
#7105=DIRECTION('',(-0.728329773,-0.685226781,0.));
#7106=DIRECTION('',(0.685226781,-0.728329773,0.));
#7107=AXIS2_PLACEMENT_3D('',#7104,#7105,#7106);
#7108=PLANE('',#7107);
#7109=CARTESIAN_POINT('',(313.175906376,-95.008700091,-6.8));
#7110=VERTEX_POINT('',#7109);
#7111=CARTESIAN_POINT('',(313.175906176,-95.008699878,-1.2));
#7112=VERTEX_POINT('',#7111);
#7113=CARTESIAN_POINT('',(313.175906176,-95.008699878,-6.8));
#7114=DIRECTION('',(0.,0.,1.));
#7115=VECTOR('',#7114,5.6);
#7116=LINE('',#7113,#7115);
#7117=EDGE_CURVE('',#7110,#7112,#7116,.T.);
#7118=ORIENTED_EDGE('',*,*,#7117,.T.);
#7119=CARTESIAN_POINT('',(310.521737499,-92.187575361,-1.2));
#7120=DIRECTION('',(0.685226781,-0.728329773,0.));
#7121=VECTOR('',#7120,3.873416438);
#7122=LINE('',#7119,#7121);
#7123=EDGE_CURVE('',#7061,#7112,#7122,.T.);
#7124=ORIENTED_EDGE('',*,*,#7123,.F.);
#7125=ORIENTED_EDGE('',*,*,#7099,.F.);
#7126=CARTESIAN_POINT('',(310.521737394,-92.187575249,-6.8));
#7127=DIRECTION('',(0.685226781,-0.728329773,0.));
#7128=VECTOR('',#7127,3.873416885);
#7129=LINE('',#7126,#7128);
#7130=EDGE_CURVE('',#7087,#7110,#7129,.T.);
#7131=ORIENTED_EDGE('',*,*,#7130,.T.);
#7132=EDGE_LOOP('',(#7118,#7124,#7125,#7131));
#7133=FACE_BOUND('',#7132,.T.);
#7134=ADVANCED_FACE('',(#7133),#7108,.T.);
#7135=CARTESIAN_POINT('',(321.735007406,-95.920006688,-6.5));
#7136=DIRECTION('',(0.,-1.,0.));
#7137=DIRECTION('',(0.,0.,-1.));
#7138=AXIS2_PLACEMENT_3D('',#7135,#7136,#7137);
#7139=PLANE('',#7138);
#7140=CARTESIAN_POINT('',(328.259430297,-95.920006688,-1.2));
#7141=VERTEX_POINT('',#7140);
#7142=CARTESIAN_POINT('',(315.284509583,-95.920006688,-1.2));
#7143=VERTEX_POINT('',#7142);
#7144=CARTESIAN_POINT('',(328.259430297,-95.920006688,-1.2));
#7145=DIRECTION('',(-1.,-0.,0.));
#7146=VECTOR('',#7145,12.974920714);
#7147=LINE('',#7144,#7146);
#7148=EDGE_CURVE('',#7141,#7143,#7147,.T.);
#7149=ORIENTED_EDGE('',*,*,#7148,.T.);
#7150=CARTESIAN_POINT('',(315.284509366,-95.920006688,-6.8));
#7151=VERTEX_POINT('',#7150);
#7152=CARTESIAN_POINT('',(315.284509583,-95.920006688,-6.8));
#7153=DIRECTION('',(-0.,-0.,1.));
#7154=VECTOR('',#7153,5.6);
#7155=LINE('',#7152,#7154);
#7156=EDGE_CURVE('',#7151,#7143,#7155,.T.);
#7157=ORIENTED_EDGE('',*,*,#7156,.F.);
#7158=CARTESIAN_POINT('',(328.259430129,-95.920006688,-6.8));
#7159=VERTEX_POINT('',#7158);
#7160=CARTESIAN_POINT('',(315.284509366,-95.920006688,-6.8));
#7161=DIRECTION('',(1.,0.,-0.));
#7162=VECTOR('',#7161,12.974920763);
#7163=LINE('',#7160,#7162);
#7164=EDGE_CURVE('',#7151,#7159,#7163,.T.);
#7165=ORIENTED_EDGE('',*,*,#7164,.T.);
#7166=CARTESIAN_POINT('',(328.259430297,-95.920006688,-6.8));
#7167=DIRECTION('',(0.,0.,1.));
#7168=VECTOR('',#7167,5.6);
#7169=LINE('',#7166,#7168);
#7170=EDGE_CURVE('',#7159,#7141,#7169,.T.);
#7171=ORIENTED_EDGE('',*,*,#7170,.T.);
#7172=EDGE_LOOP('',(#7149,#7157,#7165,#7171));
#7173=FACE_BOUND('',#7172,.T.);
#7174=ADVANCED_FACE('',(#7173),#7139,.T.);
#7175=CARTESIAN_POINT('',(331.84029128,-98.509696401,-6.5));
#7176=DIRECTION('',(-0.858088588,-0.51350168,0.));
#7177=DIRECTION('',(0.51350168,-0.858088588,0.));
#7178=AXIS2_PLACEMENT_3D('',#7175,#7176,#7177);
#7179=PLANE('',#7178);
#7180=CARTESIAN_POINT('',(332.345619221,-99.354126236,-6.8));
#7181=VERTEX_POINT('',#7180);
#7182=CARTESIAN_POINT('',(332.345619287,-99.354126346,-1.2));
#7183=VERTEX_POINT('',#7182);
#7184=CARTESIAN_POINT('',(332.345619287,-99.354126346,-6.8));
#7185=DIRECTION('',(0.,0.,1.));
#7186=VECTOR('',#7185,5.6);
#7187=LINE('',#7184,#7186);
#7188=EDGE_CURVE('',#7181,#7183,#7187,.T.);
#7189=ORIENTED_EDGE('',*,*,#7188,.T.);
#7190=CARTESIAN_POINT('',(331.333542706,-97.662892612,-1.2));
#7191=VERTEX_POINT('',#7190);
#7192=CARTESIAN_POINT('',(331.333542706,-97.662892612,-1.2));
#7193=DIRECTION('',(0.51350168,-0.858088588,0.));
#7194=VECTOR('',#7193,1.970931391);
#7195=LINE('',#7192,#7194);
#7196=EDGE_CURVE('',#7191,#7183,#7195,.T.);
#7197=ORIENTED_EDGE('',*,*,#7196,.F.);
#7198=CARTESIAN_POINT('',(331.33354292,-97.66289297,-6.8));
#7199=VERTEX_POINT('',#7198);
#7200=CARTESIAN_POINT('',(331.333542706,-97.662892612,-6.8));
#7201=DIRECTION('',(-0.,-0.,1.));
#7202=VECTOR('',#7201,5.6);
#7203=LINE('',#7200,#7202);
#7204=EDGE_CURVE('',#7199,#7191,#7203,.T.);
#7205=ORIENTED_EDGE('',*,*,#7204,.F.);
#7206=CARTESIAN_POINT('',(331.33354292,-97.66289297,-6.8));
#7207=DIRECTION('',(0.51350168,-0.858088588,0.));
#7208=VECTOR('',#7207,1.970930846);
#7209=LINE('',#7206,#7208);
#7210=EDGE_CURVE('',#7199,#7181,#7209,.T.);
#7211=ORIENTED_EDGE('',*,*,#7210,.T.);
#7212=EDGE_LOOP('',(#7189,#7197,#7205,#7211));
#7213=FACE_BOUND('',#7212,.T.);
#7214=ADVANCED_FACE('',(#7213),#7179,.T.);
#7215=CARTESIAN_POINT('',(366.687238,-104.292499338,-6.5));
#7216=DIRECTION('',(0.,0.,-1.));
#7217=DIRECTION('',(-1.,0.,0.));
#7218=AXIS2_PLACEMENT_3D('',#7215,#7216,#7217);
#7219=CYLINDRICAL_SURFACE('',#7218,3.625);
#7220=CARTESIAN_POINT('',(370.312238,-104.292499338,-6.8));
#7221=VERTEX_POINT('',#7220);
#7222=CARTESIAN_POINT('',(370.312238,-104.292595592,-1.2));
#7223=VERTEX_POINT('',#7222);
#7224=CARTESIAN_POINT('',(370.312238,-104.292499338,-6.8));
#7225=DIRECTION('',(-0.,-0.,1.));
#7226=VECTOR('',#7225,5.6);
#7227=LINE('',#7224,#7226);
#7228=EDGE_CURVE('',#7221,#7223,#7227,.T.);
#7229=ORIENTED_EDGE('',*,*,#7228,.T.);
#7230=CARTESIAN_POINT('',(366.75439218,-100.667810324,-1.2));
#7231=VERTEX_POINT('',#7230);
#7232=CARTESIAN_POINT('',(366.687238,-104.292499338,-1.2));
#7233=DIRECTION('',(-0.,-0.,1.));
#7234=DIRECTION('',(-1.,0.,0.));
#7235=AXIS2_PLACEMENT_3D('',#7232,#7233,#7234);
#7236=CIRCLE('',#7235,3.625);
#7237=EDGE_CURVE('',#7223,#7231,#7236,.T.);
#7238=ORIENTED_EDGE('',*,*,#7237,.T.);
#7239=CARTESIAN_POINT('',(366.687238,-100.667499338,-1.2));
#7240=VERTEX_POINT('',#7239);
#7241=CARTESIAN_POINT('',(366.687238,-104.292499338,-1.2));
#7242=DIRECTION('',(0.,0.,-1.));
#7243=DIRECTION('',(-1.,0.,0.));
#7244=AXIS2_PLACEMENT_3D('',#7241,#7242,#7243);
#7245=CIRCLE('',#7244,3.625);
#7246=EDGE_CURVE('',#7240,#7231,#7245,.T.);
#7247=ORIENTED_EDGE('',*,*,#7246,.F.);
#7248=CARTESIAN_POINT('',(366.687238198,-100.667499338,-6.8));
#7249=VERTEX_POINT('',#7248);
#7250=CARTESIAN_POINT('',(366.687238,-100.667499338,-6.8));
#7251=DIRECTION('',(0.,0.,1.));
#7252=VECTOR('',#7251,5.6);
#7253=LINE('',#7250,#7252);
#7254=EDGE_CURVE('',#7249,#7240,#7253,.T.);
#7255=ORIENTED_EDGE('',*,*,#7254,.F.);
#7256=CARTESIAN_POINT('',(366.687238,-104.292499338,-6.8));
#7257=DIRECTION('',(0.,0.,1.));
#7258=DIRECTION('',(1.,0.,-0.));
#7259=AXIS2_PLACEMENT_3D('',#7256,#7257,#7258);
#7260=CIRCLE('',#7259,3.625);
#7261=EDGE_CURVE('',#7221,#7249,#7260,.T.);
#7262=ORIENTED_EDGE('',*,*,#7261,.F.);
#7263=EDGE_LOOP('',(#7229,#7238,#7247,#7255,#7262));
#7264=FACE_BOUND('',#7263,.T.);
#7265=ADVANCED_FACE('',(#7264),#7219,.F.);
#7266=CARTESIAN_POINT('',(340.2333595,-161.337499,-6.5));
#7267=DIRECTION('',(0.,1.,0.));
#7268=DIRECTION('',(0.,0.,1.));
#7269=AXIS2_PLACEMENT_3D('',#7266,#7267,#7268);
#7270=PLANE('',#7269);
#7271=CARTESIAN_POINT('',(313.779528478,-161.337499,-6.8));
#7272=VERTEX_POINT('',#7271);
#7273=CARTESIAN_POINT('',(313.77952603,-161.337499,-1.2));
#7274=VERTEX_POINT('',#7273);
#7275=CARTESIAN_POINT('',(313.779528453,-161.337499,-6.8));
#7276=DIRECTION('',(0.,0.,1.));
#7277=VECTOR('',#7276,5.6);
#7278=LINE('',#7275,#7277);
#7279=EDGE_CURVE('',#7272,#7274,#7278,.T.);
#7280=ORIENTED_EDGE('',*,*,#7279,.T.);
#7281=CARTESIAN_POINT('',(366.687239,-161.337499,-1.2));
#7282=VERTEX_POINT('',#7281);
#7283=CARTESIAN_POINT('',(366.687239,-161.337499,-1.2));
#7284=DIRECTION('',(-1.,0.,0.));
#7285=VECTOR('',#7284,52.90771297);
#7286=LINE('',#7283,#7285);
#7287=EDGE_CURVE('',#7282,#7274,#7286,.T.);
#7288=ORIENTED_EDGE('',*,*,#7287,.F.);
#7289=CARTESIAN_POINT('',(366.687239,-161.337499,-6.8));
#7290=VERTEX_POINT('',#7289);
#7291=CARTESIAN_POINT('',(366.687239,-161.337499,-6.8));
#7292=DIRECTION('',(0.,0.,1.));
#7293=VECTOR('',#7292,5.6);
#7294=LINE('',#7291,#7293);
#7295=EDGE_CURVE('',#7290,#7282,#7294,.T.);
#7296=ORIENTED_EDGE('',*,*,#7295,.F.);
#7297=CARTESIAN_POINT('',(366.687239,-161.337499,-6.8));
#7298=DIRECTION('',(-1.,0.,0.));
#7299=VECTOR('',#7298,52.907710522);
#7300=LINE('',#7297,#7299);
#7301=EDGE_CURVE('',#7290,#7272,#7300,.T.);
#7302=ORIENTED_EDGE('',*,*,#7301,.T.);
#7303=EDGE_LOOP('',(#7280,#7288,#7296,#7302));
#7304=FACE_BOUND('',#7303,.T.);
#7305=ADVANCED_FACE('',(#7304),#7270,.T.);
#7306=CARTESIAN_POINT('',(313.779528502,-164.112600528,-6.5));
#7307=DIRECTION('',(0.,0.,1.));
#7308=DIRECTION('',(1.,0.,-0.));
#7309=AXIS2_PLACEMENT_3D('',#7306,#7307,#7308);
#7310=CYLINDRICAL_SURFACE('',#7309,2.775101528);
#7311=ORIENTED_EDGE('',*,*,#6660,.T.);
#7312=CARTESIAN_POINT('',(313.779528502,-164.112600527,-1.2));
#7313=DIRECTION('',(0.,0.,1.));
#7314=DIRECTION('',(-0.000017478,1.,0.));
#7315=AXIS2_PLACEMENT_3D('',#7312,#7313,#7314);
#7316=CIRCLE('',#7315,2.775101528);
#7317=EDGE_CURVE('',#7274,#6647,#7316,.T.);
#7318=ORIENTED_EDGE('',*,*,#7317,.F.);
#7319=ORIENTED_EDGE('',*,*,#7279,.F.);
#7320=CARTESIAN_POINT('',(313.779528502,-164.112600528,-6.8));
#7321=DIRECTION('',(0.,0.,1.));
#7322=DIRECTION('',(1.,0.,-0.));
#7323=AXIS2_PLACEMENT_3D('',#7320,#7321,#7322);
#7324=CIRCLE('',#7323,2.775101528);
#7325=EDGE_CURVE('',#7272,#6655,#7324,.T.);
#7326=ORIENTED_EDGE('',*,*,#7325,.T.);
#7327=EDGE_LOOP('',(#7311,#7318,#7319,#7326));
#7328=FACE_BOUND('',#7327,.T.);
#7329=ADVANCED_FACE('',(#7328),#7310,.T.);
#7330=CARTESIAN_POINT('',(0.,0.,-6.8));
#7331=DIRECTION('',(0.,0.,1.));
#7332=DIRECTION('',(1.,0.,0.));
#7333=AXIS2_PLACEMENT_3D('',#7330,#7331,#7332);
#7334=PLANE('',#7333);
#7335=ORIENTED_EDGE('',*,*,#2472,.F.);
#7336=CARTESIAN_POINT('',(226.971559882,-149.009627921,-6.8));
#7337=DIRECTION('',(1.,-0.000001629,-0.));
#7338=VECTOR('',#7337,1.000000952);
#7339=LINE('',#7336,#7338);
#7340=EDGE_CURVE('',#2460,#6555,#7339,.T.);
#7341=ORIENTED_EDGE('',*,*,#7340,.T.);
#7342=ORIENTED_EDGE('',*,*,#6560,.F.);
#7343=CARTESIAN_POINT('',(227.945,-175.691180699,-6.8));
#7344=VERTEX_POINT('',#7343);
#7345=CARTESIAN_POINT('',(227.945,-175.691180699,-6.8));
#7346=DIRECTION('',(0.,1.,0.));
#7347=VECTOR('',#7346,7.454026049);
#7348=LINE('',#7345,#7347);
#7349=EDGE_CURVE('',#7344,#6547,#7348,.T.);
#7350=ORIENTED_EDGE('',*,*,#7349,.F.);
#7351=CARTESIAN_POINT('',(228.403243904,-177.389785418,-6.8));
#7352=VERTEX_POINT('',#7351);
#7353=CARTESIAN_POINT('',(231.693028641,-175.591164173,-6.8));
#7354=DIRECTION('',(0.,0.,1.));
#7355=DIRECTION('',(1.,0.,-0.));
#7356=AXIS2_PLACEMENT_3D('',#7353,#7354,#7355);
#7357=CIRCLE('',#7356,3.749362879);
#7358=EDGE_CURVE('',#7344,#7352,#7357,.T.);
#7359=ORIENTED_EDGE('',*,*,#7358,.T.);
#7360=CARTESIAN_POINT('',(236.940526049,-192.791449006,-6.8));
#7361=DIRECTION('',(-0.484809647,0.874619692,0.));
#7362=VECTOR('',#7361,17.609555011);
#7363=LINE('',#7360,#7362);
#7364=EDGE_CURVE('',#6781,#7352,#7363,.T.);
#7365=ORIENTED_EDGE('',*,*,#7364,.F.);
#7366=ORIENTED_EDGE('',*,*,#6812,.T.);
#7367=ORIENTED_EDGE('',*,*,#6770,.F.);
#7368=ORIENTED_EDGE('',*,*,#6739,.F.);
#7369=ORIENTED_EDGE('',*,*,#6706,.F.);
#7370=CARTESIAN_POINT('',(294.086150673,-181.235919126,-6.8));
#7371=VERTEX_POINT('',#7370);
#7372=CARTESIAN_POINT('',(294.076628526,-181.23502081,-6.8));
#7373=DIRECTION('',(0.995579503,-0.093922595,0.));
#7374=VECTOR('',#7373,0.009564426);
#7375=LINE('',#7372,#7374);
#7376=EDGE_CURVE('',#6695,#7371,#7375,.T.);
#7377=ORIENTED_EDGE('',*,*,#7376,.T.);
#7378=CARTESIAN_POINT('',(293.949409188,-177.287070342,-6.8));
#7379=DIRECTION('',(0.,0.,1.));
#7380=DIRECTION('',(1.,0.,-0.));
#7381=AXIS2_PLACEMENT_3D('',#7378,#7379,#7380);
#7382=CIRCLE('',#7381,3.951215629);
#7383=EDGE_CURVE('',#7371,#6637,#7382,.T.);
#7384=ORIENTED_EDGE('',*,*,#7383,.T.);
#7385=ORIENTED_EDGE('',*,*,#6666,.F.);
#7386=ORIENTED_EDGE('',*,*,#7325,.F.);
#7387=ORIENTED_EDGE('',*,*,#7301,.F.);
#7388=CARTESIAN_POINT('',(370.312238,-157.7125,-6.8));
#7389=VERTEX_POINT('',#7388);
#7390=CARTESIAN_POINT('',(366.687239,-157.7125,-6.8));
#7391=DIRECTION('',(0.,0.,1.));
#7392=DIRECTION('',(1.,0.,-0.));
#7393=AXIS2_PLACEMENT_3D('',#7390,#7391,#7392);
#7394=CIRCLE('',#7393,3.624999);
#7395=EDGE_CURVE('',#7290,#7389,#7394,.T.);
#7396=ORIENTED_EDGE('',*,*,#7395,.T.);
#7397=CARTESIAN_POINT('',(370.312238,-104.292499338,-6.8));
#7398=DIRECTION('',(0.,-1.,0.));
#7399=VECTOR('',#7398,53.420000662);
#7400=LINE('',#7397,#7399);
#7401=EDGE_CURVE('',#7221,#7389,#7400,.T.);
#7402=ORIENTED_EDGE('',*,*,#7401,.F.);
#7403=ORIENTED_EDGE('',*,*,#7261,.T.);
#7404=CARTESIAN_POINT('',(351.948484225,-100.667499338,-6.8));
#7405=VERTEX_POINT('',#7404);
#7406=CARTESIAN_POINT('',(351.948484225,-100.667499338,-6.8));
#7407=DIRECTION('',(1.,0.,-0.));
#7408=VECTOR('',#7407,14.738753973);
#7409=LINE('',#7406,#7408);
#7410=EDGE_CURVE('',#7405,#7249,#7409,.T.);
#7411=ORIENTED_EDGE('',*,*,#7410,.F.);
#7412=CARTESIAN_POINT('',(349.122613001,-100.68237235,-6.8));
#7413=VERTEX_POINT('',#7412);
#7414=CARTESIAN_POINT('',(349.122613001,-100.68237235,-6.8));
#7415=DIRECTION('',(0.99998615,0.005263087,0.));
#7416=VECTOR('',#7415,2.825910364);
#7417=LINE('',#7414,#7416);
#7418=EDGE_CURVE('',#7413,#7405,#7417,.T.);
#7419=ORIENTED_EDGE('',*,*,#7418,.F.);
#7420=CARTESIAN_POINT('',(349.09840893,-100.680049737,-6.8));
#7421=VERTEX_POINT('',#7420);
#7422=CARTESIAN_POINT('',(349.09840893,-100.680049737,-6.8));
#7423=DIRECTION('',(0.995427433,-0.095520814,0.));
#7424=VECTOR('',#7423,0.024315253);
#7425=LINE('',#7422,#7424);
#7426=EDGE_CURVE('',#7421,#7413,#7425,.T.);
#7427=ORIENTED_EDGE('',*,*,#7426,.F.);
#7428=CARTESIAN_POINT('',(349.074276913,-100.682499688,-6.8));
#7429=VERTEX_POINT('',#7428);
#7430=CARTESIAN_POINT('',(349.074276913,-100.682499688,-6.8));
#7431=DIRECTION('',(0.994886054,0.10100366,0.));
#7432=VECTOR('',#7431,0.024256062);
#7433=LINE('',#7430,#7432);
#7434=EDGE_CURVE('',#7429,#7421,#7433,.T.);
#7435=ORIENTED_EDGE('',*,*,#7434,.F.);
#7436=CARTESIAN_POINT('',(334.688612193,-100.682499688,-6.8));
#7437=VERTEX_POINT('',#7436);
#7438=CARTESIAN_POINT('',(334.688612193,-100.682499688,-6.8));
#7439=DIRECTION('',(1.,0.,-0.));
#7440=VECTOR('',#7439,14.38566472);
#7441=LINE('',#7438,#7440);
#7442=EDGE_CURVE('',#7437,#7429,#7441,.T.);
#7443=ORIENTED_EDGE('',*,*,#7442,.F.);
#7444=CARTESIAN_POINT('',(334.688611974,-97.9520209,-6.8));
#7445=DIRECTION('',(0.,0.,1.));
#7446=DIRECTION('',(1.,0.,-0.));
#7447=AXIS2_PLACEMENT_3D('',#7444,#7445,#7446);
#7448=CIRCLE('',#7447,2.730478788);
#7449=EDGE_CURVE('',#7181,#7437,#7448,.T.);
#7450=ORIENTED_EDGE('',*,*,#7449,.F.);
#7451=ORIENTED_EDGE('',*,*,#7210,.F.);
#7452=CARTESIAN_POINT('',(328.259430297,-99.502518393,-6.8));
#7453=DIRECTION('',(0.,0.,1.));
#7454=DIRECTION('',(1.,0.,-0.));
#7455=AXIS2_PLACEMENT_3D('',#7452,#7453,#7454);
#7456=CIRCLE('',#7455,3.582511704);
#7457=EDGE_CURVE('',#7199,#7159,#7456,.T.);
#7458=ORIENTED_EDGE('',*,*,#7457,.T.);
#7459=ORIENTED_EDGE('',*,*,#7164,.F.);
#7460=CARTESIAN_POINT('',(315.284509583,-93.024884885,-6.8));
#7461=DIRECTION('',(0.,0.,1.));
#7462=DIRECTION('',(1.,0.,-0.));
#7463=AXIS2_PLACEMENT_3D('',#7460,#7461,#7462);
#7464=CIRCLE('',#7463,2.895121804);
#7465=EDGE_CURVE('',#7110,#7151,#7464,.T.);
#7466=ORIENTED_EDGE('',*,*,#7465,.F.);
#7467=ORIENTED_EDGE('',*,*,#7130,.F.);
#7468=ORIENTED_EDGE('',*,*,#7093,.T.);
#7469=ORIENTED_EDGE('',*,*,#7048,.F.);
#7470=CARTESIAN_POINT('',(296.163074952,-94.763647986,-6.8));
#7471=DIRECTION('',(0.,0.,1.));
#7472=DIRECTION('',(1.,0.,-0.));
#7473=AXIS2_PLACEMENT_3D('',#7470,#7471,#7472);
#7474=CIRCLE('',#7473,3.622931552);
#7475=EDGE_CURVE('',#7037,#6979,#7474,.T.);
#7476=ORIENTED_EDGE('',*,*,#7475,.T.);
#7477=ORIENTED_EDGE('',*,*,#7008,.F.);
#7478=CARTESIAN_POINT('',(288.781786547,-93.097818914,-6.8));
#7479=DIRECTION('',(0.,0.,1.));
#7480=DIRECTION('',(1.,0.,-0.));
#7481=AXIS2_PLACEMENT_3D('',#7478,#7479,#7480);
#7482=CIRCLE('',#7481,2.822189744);
#7483=EDGE_CURVE('',#6939,#6997,#7482,.T.);
#7484=ORIENTED_EDGE('',*,*,#7483,.F.);
#7485=ORIENTED_EDGE('',*,*,#6968,.F.);
#7486=CARTESIAN_POINT('',(275.739781034,-99.502526308,-6.8));
#7487=DIRECTION('',(0.,0.,1.));
#7488=DIRECTION('',(1.,0.,-0.));
#7489=AXIS2_PLACEMENT_3D('',#7486,#7487,#7488);
#7490=CIRCLE('',#7489,3.58251765);
#7491=EDGE_CURVE('',#6957,#6917,#7490,.T.);
#7492=ORIENTED_EDGE('',*,*,#7491,.T.);
#7493=ORIENTED_EDGE('',*,*,#6922,.T.);
#7494=CARTESIAN_POINT('',(269.309132771,-100.682507658,-6.8));
#7495=VERTEX_POINT('',#7494);
#7496=CARTESIAN_POINT('',(269.309132982,-97.949450051,-6.8));
#7497=DIRECTION('',(0.,0.,1.));
#7498=DIRECTION('',(1.,0.,-0.));
#7499=AXIS2_PLACEMENT_3D('',#7496,#7497,#7498);
#7500=CIRCLE('',#7499,2.733057607);
#7501=EDGE_CURVE('',#7495,#6909,#7500,.T.);
#7502=ORIENTED_EDGE('',*,*,#7501,.F.);
#7503=CARTESIAN_POINT('',(265.637468182,-100.682507658,-6.8));
#7504=VERTEX_POINT('',#7503);
#7505=CARTESIAN_POINT('',(265.637468182,-100.682507658,-6.8));
#7506=DIRECTION('',(1.,0.,-0.));
#7507=VECTOR('',#7506,3.671664589);
#7508=LINE('',#7505,#7507);
#7509=EDGE_CURVE('',#7504,#7495,#7508,.T.);
#7510=ORIENTED_EDGE('',*,*,#7509,.F.);
#7511=CARTESIAN_POINT('',(265.637468182,-100.682507658,-6.8));
#7512=DIRECTION('',(-0.,1.,-0.));
#7513=VECTOR('',#7512,1.00000027);
#7514=LINE('',#7511,#7513);
#7515=EDGE_CURVE('',#7504,#769,#7514,.T.);
#7516=ORIENTED_EDGE('',*,*,#7515,.T.);
#7517=ORIENTED_EDGE('',*,*,#774,.F.);
#7518=ORIENTED_EDGE('',*,*,#274,.F.);
#7519=ORIENTED_EDGE('',*,*,#266,.T.);
#7520=ORIENTED_EDGE('',*,*,#257,.F.);
#7521=ORIENTED_EDGE('',*,*,#2666,.F.);
#7522=ORIENTED_EDGE('',*,*,#333,.F.);
#7523=ORIENTED_EDGE('',*,*,#324,.F.);
#7524=ORIENTED_EDGE('',*,*,#315,.F.);
#7525=ORIENTED_EDGE('',*,*,#2689,.T.);
#7526=ORIENTED_EDGE('',*,*,#2719,.T.);
#7527=ORIENTED_EDGE('',*,*,#366,.T.);
#7528=ORIENTED_EDGE('',*,*,#2753,.F.);
#7529=ORIENTED_EDGE('',*,*,#2777,.F.);
#7530=ORIENTED_EDGE('',*,*,#2808,.F.);
#7531=ORIENTED_EDGE('',*,*,#406,.T.);
#7532=ORIENTED_EDGE('',*,*,#2831,.T.);
#7533=ORIENTED_EDGE('',*,*,#454,.F.);
#7534=ORIENTED_EDGE('',*,*,#510,.F.);
#7535=ORIENTED_EDGE('',*,*,#504,.F.);
#7536=ORIENTED_EDGE('',*,*,#495,.F.);
#7537=ORIENTED_EDGE('',*,*,#2855,.F.);
#7538=ORIENTED_EDGE('',*,*,#562,.F.);
#7539=ORIENTED_EDGE('',*,*,#553,.T.);
#7540=ORIENTED_EDGE('',*,*,#544,.F.);
#7541=ORIENTED_EDGE('',*,*,#2886,.F.);
#7542=ORIENTED_EDGE('',*,*,#2908,.F.);
#7543=ORIENTED_EDGE('',*,*,#2055,.F.);
#7544=ORIENTED_EDGE('',*,*,#2093,.F.);
#7545=ORIENTED_EDGE('',*,*,#2116,.F.);
#7546=ORIENTED_EDGE('',*,*,#2201,.F.);
#7547=ORIENTED_EDGE('',*,*,#2233,.F.);
#7548=ORIENTED_EDGE('',*,*,#2256,.F.);
#7549=ORIENTED_EDGE('',*,*,#40,.F.);
#7550=ORIENTED_EDGE('',*,*,#87,.T.);
#7551=ORIENTED_EDGE('',*,*,#111,.F.);
#7552=ORIENTED_EDGE('',*,*,#2289,.F.);
#7553=ORIENTED_EDGE('',*,*,#2312,.F.);
#7554=ORIENTED_EDGE('',*,*,#144,.F.);
#7555=ORIENTED_EDGE('',*,*,#191,.T.);
#7556=ORIENTED_EDGE('',*,*,#215,.F.);
#7557=ORIENTED_EDGE('',*,*,#2344,.F.);
#7558=ORIENTED_EDGE('',*,*,#2376,.F.);
#7559=ORIENTED_EDGE('',*,*,#2408,.F.);
#7560=ORIENTED_EDGE('',*,*,#2440,.F.);
#7561=EDGE_LOOP('',(#7335,#7341,#7342,#7350,#7359,#7365,#7366,#7367,#7368,#7369,#7377,#7384,#7385,#7386,#7387,#7396,#7402,#7403,#7411,#7419,#7427,#7435,#7443,#7450,#7451,#7458,
#7459,#7466,#7467,#7468,#7469,#7476,#7477,#7484,#7485,#7492,#7493,#7502,#7510,#7516,#7517,#7518,#7519,#7520,#7521,#7522,#7523,#7524,#7525,#7526,#7527,
#7528,#7529,#7530,#7531,#7532,#7533,#7534,#7535,#7536,#7537,#7538,#7539,#7540,#7541,#7542,#7543,#7544,#7545,#7546,#7547,#7548,#7549,#7550,#7551,#7552,
#7553,#7554,#7555,#7556,#7557,#7558,#7559,#7560));
#7562=FACE_BOUND('',#7561,.T.);
#7563=ADVANCED_FACE('',(#7562),#7334,.F.);
#7564=CARTESIAN_POINT('',(0.,0.,-6.8));
#7565=DIRECTION('',(0.,0.,1.));
#7566=DIRECTION('',(1.,0.,0.));
#7567=AXIS2_PLACEMENT_3D('',#7564,#7565,#7566);
#7568=PLANE('',#7567);
#7569=CARTESIAN_POINT('',(227.996422107,-131.012424761,-6.8));
#7570=VERTEX_POINT('',#7569);
#7571=CARTESIAN_POINT('',(228.007369998,-123.087189926,-6.8));
#7572=VERTEX_POINT('',#7571);
#7573=CARTESIAN_POINT('',(227.996422107,-131.012424761,-6.8));
#7574=DIRECTION('',(0.001381395,0.999999046,0.));
#7575=VECTOR('',#7574,7.925242396);
#7576=LINE('',#7573,#7575);
#7577=EDGE_CURVE('',#7570,#7572,#7576,.T.);
#7578=ORIENTED_EDGE('',*,*,#7577,.F.);
#7579=CARTESIAN_POINT('',(227.996422107,-131.012424761,-6.8));
#7580=DIRECTION('',(-0.999996183,0.002762893,-0.));
#7581=VECTOR('',#7580,1.000000954);
#7582=LINE('',#7579,#7581);
#7583=EDGE_CURVE('',#7570,#2492,#7582,.T.);
#7584=ORIENTED_EDGE('',*,*,#7583,.T.);
#7585=ORIENTED_EDGE('',*,*,#2497,.F.);
#7586=ORIENTED_EDGE('',*,*,#2571,.F.);
#7587=ORIENTED_EDGE('',*,*,#2565,.F.);
#7588=ORIENTED_EDGE('',*,*,#2627,.F.);
#7589=CARTESIAN_POINT('',(230.637468212,-99.791784859,-6.8));
#7590=DIRECTION('',(0.000000273,-1.,-0.));
#7591=VECTOR('',#7590,1.031177263);
#7592=LINE('',#7589,#7591);
#7593=EDGE_CURVE('',#2599,#6849,#7592,.T.);
#7594=ORIENTED_EDGE('',*,*,#7593,.T.);
#7595=ORIENTED_EDGE('',*,*,#6855,.T.);
#7596=CARTESIAN_POINT('',(228.007369998,-123.087189926,-6.8));
#7597=DIRECTION('',(0.000000009,1.,0.));
#7598=VECTOR('',#7597,18.774584491);
#7599=LINE('',#7596,#7598);
#7600=EDGE_CURVE('',#7572,#6841,#7599,.T.);
#7601=ORIENTED_EDGE('',*,*,#7600,.F.);
#7602=EDGE_LOOP('',(#7578,#7584,#7585,#7586,#7587,#7588,#7594,#7595,#7601));
#7603=FACE_BOUND('',#7602,.T.);
#7604=ADVANCED_FACE('',(#7603),#7568,.F.);
#7605=CARTESIAN_POINT('',(227.976184999,-145.662172288,-6.5));
#7606=DIRECTION('',(0.999999046,-0.001381395,0.));
#7607=DIRECTION('',(0.001381395,0.999999046,0.));
#7608=AXIS2_PLACEMENT_3D('',#7605,#7606,#7607);
#7609=PLANE('',#7608);
#7610=CARTESIAN_POINT('',(227.993659315,-133.012424761,-1.2));
#7611=VERTEX_POINT('',#7610);
#7612=CARTESIAN_POINT('',(228.007369998,-123.087189926,-1.2));
#7613=VERTEX_POINT('',#7612);
#7614=CARTESIAN_POINT('',(227.993659315,-133.012424761,-1.2));
#7615=DIRECTION('',(0.001381395,0.999999046,0.));
#7616=VECTOR('',#7615,9.925244305);
#7617=LINE('',#7614,#7616);
#7618=EDGE_CURVE('',#7611,#7613,#7617,.T.);
#7619=ORIENTED_EDGE('',*,*,#7618,.F.);
#7620=CARTESIAN_POINT('',(227.995040711,-132.012424761,-2.2));
#7621=VERTEX_POINT('',#7620);
#7622=CARTESIAN_POINT('',(227.993659315,-133.012424761,-2.2));
#7623=DIRECTION('',(-0.999999046,0.001381395,-0.));
#7624=DIRECTION('',(-0.001381395,-0.999999046,0.));
#7625=AXIS2_PLACEMENT_3D('',#7622,#7623,#7624);
#7626=ELLIPSE('',#7625,1.000000954,1.);
#7627=EDGE_CURVE('',#7611,#7621,#7626,.T.);
#7628=ORIENTED_EDGE('',*,*,#7627,.T.);
#7629=CARTESIAN_POINT('',(227.995040711,-132.012424761,-5.8));
#7630=VERTEX_POINT('',#7629);
#7631=CARTESIAN_POINT('',(227.995040711,-132.012424761,-2.2));
#7632=DIRECTION('',(0.,0.,-1.));
#7633=VECTOR('',#7632,3.6);
#7634=LINE('',#7631,#7633);
#7635=EDGE_CURVE('',#7621,#7630,#7634,.T.);
#7636=ORIENTED_EDGE('',*,*,#7635,.T.);
#7637=CARTESIAN_POINT('',(227.996422107,-131.012424761,-5.8));
#7638=DIRECTION('',(0.999999046,-0.001381395,0.));
#7639=DIRECTION('',(-0.001381395,-0.999999046,0.));
#7640=AXIS2_PLACEMENT_3D('',#7637,#7638,#7639);
#7641=ELLIPSE('',#7640,1.000000954,1.);
#7642=EDGE_CURVE('',#7630,#7570,#7641,.T.);
#7643=ORIENTED_EDGE('',*,*,#7642,.T.);
#7644=ORIENTED_EDGE('',*,*,#7577,.T.);
#7645=CARTESIAN_POINT('',(228.007369998,-123.087189926,-6.8));
#7646=DIRECTION('',(0.,0.,1.));
#7647=VECTOR('',#7646,5.6);
#7648=LINE('',#7645,#7647);
#7649=EDGE_CURVE('',#7572,#7613,#7648,.T.);
#7650=ORIENTED_EDGE('',*,*,#7649,.T.);
#7651=EDGE_LOOP('',(#7619,#7628,#7636,#7643,#7644,#7650));
#7652=FACE_BOUND('',#7651,.T.);
#7653=ADVANCED_FACE('',(#7652),#7609,.T.);
#7654=CARTESIAN_POINT('',(250.462503953,-100.682507658,-6.5));
#7655=DIRECTION('',(0.,-1.,0.));
#7656=DIRECTION('',(0.,0.,-1.));
#7657=AXIS2_PLACEMENT_3D('',#7654,#7655,#7656);
#7658=PLANE('',#7657);
#7659=CARTESIAN_POINT('',(269.309132982,-100.682507658,-1.2));
#7660=VERTEX_POINT('',#7659);
#7661=CARTESIAN_POINT('',(269.309132982,-100.682507658,-6.8));
#7662=DIRECTION('',(0.,0.,1.));
#7663=VECTOR('',#7662,5.6);
#7664=LINE('',#7661,#7663);
#7665=EDGE_CURVE('',#7495,#7660,#7664,.T.);
#7666=ORIENTED_EDGE('',*,*,#7665,.T.);
#7667=CARTESIAN_POINT('',(263.637468182,-100.682507658,-1.2));
#7668=VERTEX_POINT('',#7667);
#7669=CARTESIAN_POINT('',(263.637468182,-100.682507658,-1.2));
#7670=DIRECTION('',(1.,0.,-0.));
#7671=VECTOR('',#7670,5.6716648);
#7672=LINE('',#7669,#7671);
#7673=EDGE_CURVE('',#7668,#7660,#7672,.T.);
#7674=ORIENTED_EDGE('',*,*,#7673,.F.);
#7675=CARTESIAN_POINT('',(264.637468182,-100.682507658,-2.2));
#7676=VERTEX_POINT('',#7675);
#7677=CARTESIAN_POINT('',(263.637468182,-100.682507658,-2.2));
#7678=DIRECTION('',(-0.,1.,-0.));
#7679=DIRECTION('',(0.,0.,-1.));
#7680=AXIS2_PLACEMENT_3D('',#7677,#7678,#7679);
#7681=CIRCLE('',#7680,1.);
#7682=EDGE_CURVE('',#7668,#7676,#7681,.T.);
#7683=ORIENTED_EDGE('',*,*,#7682,.T.);
#7684=CARTESIAN_POINT('',(264.637468182,-100.682507658,-5.8));
#7685=VERTEX_POINT('',#7684);
#7686=CARTESIAN_POINT('',(264.637468182,-100.682507658,-2.2));
#7687=DIRECTION('',(0.,0.,-1.));
#7688=VECTOR('',#7687,3.6);
#7689=LINE('',#7686,#7688);
#7690=EDGE_CURVE('',#7676,#7685,#7689,.T.);
#7691=ORIENTED_EDGE('',*,*,#7690,.T.);
#7692=CARTESIAN_POINT('',(265.637468182,-100.682507658,-5.8));
#7693=DIRECTION('',(0.,-1.,0.));
#7694=DIRECTION('',(0.,0.,-1.));
#7695=AXIS2_PLACEMENT_3D('',#7692,#7693,#7694);
#7696=CIRCLE('',#7695,1.);
#7697=EDGE_CURVE('',#7685,#7504,#7696,.T.);
#7698=ORIENTED_EDGE('',*,*,#7697,.T.);
#7699=ORIENTED_EDGE('',*,*,#7509,.T.);
#7700=EDGE_LOOP('',(#7666,#7674,#7683,#7691,#7698,#7699));
#7701=FACE_BOUND('',#7700,.T.);
#7702=ADVANCED_FACE('',(#7701),#7658,.T.);
#7703=CARTESIAN_POINT('',(293.949409188,-177.287070342,-6.5));
#7704=DIRECTION('',(0.,0.,1.));
#7705=DIRECTION('',(1.,0.,-0.));
#7706=AXIS2_PLACEMENT_3D('',#7703,#7704,#7705);
#7707=CYLINDRICAL_SURFACE('',#7706,3.951215629);
#7708=CARTESIAN_POINT('',(294.086150673,-181.235919126,-1.2));
#7709=VERTEX_POINT('',#7708);
#7710=CARTESIAN_POINT('',(294.086150673,-181.235919126,-6.8));
#7711=DIRECTION('',(0.,0.,1.));
#7712=VECTOR('',#7711,5.6);
#7713=LINE('',#7710,#7712);
#7714=EDGE_CURVE('',#7371,#7709,#7713,.T.);
#7715=ORIENTED_EDGE('',*,*,#7714,.T.);
#7716=CARTESIAN_POINT('',(293.949409188,-177.287070342,-1.2));
#7717=DIRECTION('',(0.,0.,1.));
#7718=DIRECTION('',(0.034607447,-0.999400983,0.));
#7719=AXIS2_PLACEMENT_3D('',#7716,#7717,#7718);
#7720=CIRCLE('',#7719,3.951215629);
#7721=EDGE_CURVE('',#7709,#6639,#7720,.T.);
#7722=ORIENTED_EDGE('',*,*,#7721,.T.);
#7723=ORIENTED_EDGE('',*,*,#6644,.F.);
#7724=ORIENTED_EDGE('',*,*,#7383,.F.);
#7725=EDGE_LOOP('',(#7715,#7722,#7723,#7724));
#7726=FACE_BOUND('',#7725,.T.);
#7727=ADVANCED_FACE('',(#7726),#7707,.F.);
#7728=CARTESIAN_POINT('',(294.081389599,-181.235469968,-6.5));
#7729=DIRECTION('',(-0.093922595,-0.995579503,0.));
#7730=DIRECTION('',(0.995579503,-0.093922595,0.));
#7731=AXIS2_PLACEMENT_3D('',#7728,#7729,#7730);
#7732=PLANE('',#7731);
#7733=ORIENTED_EDGE('',*,*,#6700,.T.);
#7734=CARTESIAN_POINT('',(294.076628526,-181.23502081,-1.2));
#7735=DIRECTION('',(0.995579503,-0.093922595,0.));
#7736=VECTOR('',#7735,0.009564426);
#7737=LINE('',#7734,#7736);
#7738=EDGE_CURVE('',#6687,#7709,#7737,.T.);
#7739=ORIENTED_EDGE('',*,*,#7738,.T.);
#7740=ORIENTED_EDGE('',*,*,#7714,.F.);
#7741=ORIENTED_EDGE('',*,*,#7376,.F.);
#7742=EDGE_LOOP('',(#7733,#7739,#7740,#7741));
#7743=FACE_BOUND('',#7742,.T.);
#7744=ADVANCED_FACE('',(#7743),#7732,.F.);
#7745=CARTESIAN_POINT('',(232.671888529,-185.090623621,-6.5));
#7746=DIRECTION('',(0.874619692,0.484809647,0.));
#7747=DIRECTION('',(-0.484809647,0.874619692,0.));
#7748=AXIS2_PLACEMENT_3D('',#7745,#7746,#7747);
#7749=PLANE('',#7748);
#7750=CARTESIAN_POINT('',(228.403243904,-177.389785418,-1.2));
#7751=VERTEX_POINT('',#7750);
#7752=CARTESIAN_POINT('',(236.940533154,-192.791461823,-1.2));
#7753=DIRECTION('',(-0.484809647,0.874619692,0.));
#7754=VECTOR('',#7753,17.609569666);
#7755=LINE('',#7752,#7754);
#7756=EDGE_CURVE('',#6783,#7751,#7755,.T.);
#7757=ORIENTED_EDGE('',*,*,#7756,.F.);
#7758=ORIENTED_EDGE('',*,*,#6788,.F.);
#7759=ORIENTED_EDGE('',*,*,#7364,.T.);
#7760=CARTESIAN_POINT('',(228.403243904,-177.389785418,-6.8));
#7761=DIRECTION('',(0.,0.,1.));
#7762=VECTOR('',#7761,5.6);
#7763=LINE('',#7760,#7762);
#7764=EDGE_CURVE('',#7352,#7751,#7763,.T.);
#7765=ORIENTED_EDGE('',*,*,#7764,.T.);
#7766=EDGE_LOOP('',(#7757,#7758,#7759,#7765));
#7767=FACE_BOUND('',#7766,.T.);
#7768=ADVANCED_FACE('',(#7767),#7749,.T.);
#7769=CARTESIAN_POINT('',(231.693028641,-175.591164173,-6.5));
#7770=DIRECTION('',(0.,0.,1.));
#7771=DIRECTION('',(1.,0.,-0.));
#7772=AXIS2_PLACEMENT_3D('',#7769,#7770,#7771);
#7773=CYLINDRICAL_SURFACE('',#7772,3.749362879);
#7774=CARTESIAN_POINT('',(227.945,-175.691180699,-1.2));
#7775=VERTEX_POINT('',#7774);
#7776=CARTESIAN_POINT('',(227.945,-175.691180699,-6.8));
#7777=DIRECTION('',(0.,0.,1.));
#7778=VECTOR('',#7777,5.6);
#7779=LINE('',#7776,#7778);
#7780=EDGE_CURVE('',#7344,#7775,#7779,.T.);
#7781=ORIENTED_EDGE('',*,*,#7780,.T.);
#7782=CARTESIAN_POINT('',(231.693028641,-175.591164173,-1.2));
#7783=DIRECTION('',(0.,0.,1.));
#7784=DIRECTION('',(-0.999644143,-0.026675606,0.));
#7785=AXIS2_PLACEMENT_3D('',#7782,#7783,#7784);
#7786=CIRCLE('',#7785,3.749362879);
#7787=EDGE_CURVE('',#7775,#7751,#7786,.T.);
#7788=ORIENTED_EDGE('',*,*,#7787,.T.);
#7789=ORIENTED_EDGE('',*,*,#7764,.F.);
#7790=ORIENTED_EDGE('',*,*,#7358,.F.);
#7791=EDGE_LOOP('',(#7781,#7788,#7789,#7790));
#7792=FACE_BOUND('',#7791,.T.);
#7793=ADVANCED_FACE('',(#7792),#7773,.F.);
#7794=CARTESIAN_POINT('',(227.945,-171.964167675,-6.5));
#7795=DIRECTION('',(1.,0.,0.));
#7796=DIRECTION('',(0.,0.,-1.));
#7797=AXIS2_PLACEMENT_3D('',#7794,#7795,#7796);
#7798=PLANE('',#7797);
#7799=CARTESIAN_POINT('',(227.945,-175.691180699,-1.2));
#7800=DIRECTION('',(0.,1.,0.));
#7801=VECTOR('',#7800,7.454026049);
#7802=LINE('',#7799,#7801);
#7803=EDGE_CURVE('',#7775,#6537,#7802,.T.);
#7804=ORIENTED_EDGE('',*,*,#7803,.F.);
#7805=ORIENTED_EDGE('',*,*,#7780,.F.);
#7806=ORIENTED_EDGE('',*,*,#7349,.T.);
#7807=ORIENTED_EDGE('',*,*,#6552,.T.);
#7808=EDGE_LOOP('',(#7804,#7805,#7806,#7807));
#7809=FACE_BOUND('',#7808,.T.);
#7810=ADVANCED_FACE('',(#7809),#7798,.T.);
#7811=CARTESIAN_POINT('',(228.007370082,-113.698391285,-6.5));
#7812=DIRECTION('',(1.,-0.000000009,0.));
#7813=DIRECTION('',(0.000000009,1.,0.));
#7814=AXIS2_PLACEMENT_3D('',#7811,#7812,#7813);
#7815=PLANE('',#7814);
#7816=CARTESIAN_POINT('',(228.007369998,-123.087189926,-1.2));
#7817=DIRECTION('',(0.000000009,1.,0.));
#7818=VECTOR('',#7817,18.774584224);
#7819=LINE('',#7816,#7818);
#7820=EDGE_CURVE('',#7613,#6833,#7819,.T.);
#7821=ORIENTED_EDGE('',*,*,#7820,.F.);
#7822=ORIENTED_EDGE('',*,*,#7649,.F.);
#7823=ORIENTED_EDGE('',*,*,#7600,.T.);
#7824=ORIENTED_EDGE('',*,*,#6846,.T.);
#7825=EDGE_LOOP('',(#7821,#7822,#7823,#7824));
#7826=FACE_BOUND('',#7825,.T.);
#7827=ADVANCED_FACE('',(#7826),#7815,.T.);
#7828=CARTESIAN_POINT('',(269.309132982,-97.949450051,-6.5));
#7829=DIRECTION('',(0.,0.,-1.));
#7830=DIRECTION('',(-1.,0.,0.));
#7831=AXIS2_PLACEMENT_3D('',#7828,#7829,#7830);
#7832=CYLINDRICAL_SURFACE('',#7831,2.733057607);
#7833=CARTESIAN_POINT('',(269.309132982,-97.949450051,-1.2));
#7834=DIRECTION('',(-0.,-0.,1.));
#7835=DIRECTION('',(-1.,0.,0.));
#7836=AXIS2_PLACEMENT_3D('',#7833,#7834,#7835);
#7837=CIRCLE('',#7836,2.733057607);
#7838=EDGE_CURVE('',#7660,#6901,#7837,.T.);
#7839=ORIENTED_EDGE('',*,*,#7838,.F.);
#7840=ORIENTED_EDGE('',*,*,#7665,.F.);
#7841=ORIENTED_EDGE('',*,*,#7501,.T.);
#7842=ORIENTED_EDGE('',*,*,#6914,.T.);
#7843=EDGE_LOOP('',(#7839,#7840,#7841,#7842));
#7844=FACE_BOUND('',#7843,.T.);
#7845=ADVANCED_FACE('',(#7844),#7832,.T.);
#7846=CARTESIAN_POINT('',(275.739781034,-99.502526308,-6.5));
#7847=DIRECTION('',(0.,0.,1.));
#7848=DIRECTION('',(1.,0.,-0.));
#7849=AXIS2_PLACEMENT_3D('',#7846,#7847,#7848);
#7850=CYLINDRICAL_SURFACE('',#7849,3.58251765);
#7851=ORIENTED_EDGE('',*,*,#6962,.T.);
#7852=CARTESIAN_POINT('',(275.739781034,-99.502526308,-1.2));
#7853=DIRECTION('',(0.,0.,1.));
#7854=DIRECTION('',(1.,0.,-0.));
#7855=AXIS2_PLACEMENT_3D('',#7852,#7853,#7854);
#7856=CIRCLE('',#7855,3.58251765);
#7857=EDGE_CURVE('',#6949,#6899,#7856,.T.);
#7858=ORIENTED_EDGE('',*,*,#7857,.T.);
#7859=ORIENTED_EDGE('',*,*,#6928,.F.);
#7860=ORIENTED_EDGE('',*,*,#7491,.F.);
#7861=EDGE_LOOP('',(#7851,#7858,#7859,#7860));
#7862=FACE_BOUND('',#7861,.T.);
#7863=ADVANCED_FACE('',(#7862),#7850,.F.);
#7864=CARTESIAN_POINT('',(288.781786547,-93.097818914,-6.5));
#7865=DIRECTION('',(0.,0.,1.));
#7866=DIRECTION('',(1.,0.,-0.));
#7867=AXIS2_PLACEMENT_3D('',#7864,#7865,#7866);
#7868=CYLINDRICAL_SURFACE('',#7867,2.822189744);
#7869=CARTESIAN_POINT('',(290.788262479,-95.082504563,-1.2));
#7870=VERTEX_POINT('',#7869);
#7871=CARTESIAN_POINT('',(288.781786547,-93.097818914,-1.2));
#7872=DIRECTION('',(0.,0.,1.));
#7873=DIRECTION('',(1.,0.,-0.));
#7874=AXIS2_PLACEMENT_3D('',#7871,#7872,#7873);
#7875=CIRCLE('',#7874,2.822189744);
#7876=EDGE_CURVE('',#7870,#6989,#7875,.T.);
#7877=ORIENTED_EDGE('',*,*,#7876,.F.);
#7878=CARTESIAN_POINT('',(288.800109893,-95.919978917,-1.2));
#7879=VERTEX_POINT('',#7878);
#7880=CARTESIAN_POINT('',(288.781786547,-93.097818914,-1.2));
#7881=DIRECTION('',(0.,0.,1.));
#7882=DIRECTION('',(1.,0.,-0.));
#7883=AXIS2_PLACEMENT_3D('',#7880,#7881,#7882);
#7884=CIRCLE('',#7883,2.822189744);
#7885=EDGE_CURVE('',#7879,#7870,#7884,.T.);
#7886=ORIENTED_EDGE('',*,*,#7885,.F.);
#7887=CARTESIAN_POINT('',(288.781786547,-93.097818914,-1.2));
#7888=DIRECTION('',(-0.,-0.,1.));
#7889=DIRECTION('',(-1.,0.,0.));
#7890=AXIS2_PLACEMENT_3D('',#7887,#7888,#7889);
#7891=CIRCLE('',#7890,2.822189744);
#7892=EDGE_CURVE('',#6941,#7879,#7891,.T.);
#7893=ORIENTED_EDGE('',*,*,#7892,.F.);
#7894=ORIENTED_EDGE('',*,*,#6946,.F.);
#7895=ORIENTED_EDGE('',*,*,#7483,.T.);
#7896=ORIENTED_EDGE('',*,*,#7002,.T.);
#7897=EDGE_LOOP('',(#7877,#7886,#7893,#7894,#7895,#7896));
#7898=FACE_BOUND('',#7897,.T.);
#7899=ADVANCED_FACE('',(#7898),#7868,.T.);
#7900=CARTESIAN_POINT('',(296.163074952,-94.763647986,-6.5));
#7901=DIRECTION('',(0.,0.,-1.));
#7902=DIRECTION('',(-1.,0.,0.));
#7903=AXIS2_PLACEMENT_3D('',#7900,#7901,#7902);
#7904=CYLINDRICAL_SURFACE('',#7903,3.622931552);
#7905=ORIENTED_EDGE('',*,*,#7042,.T.);
#7906=CARTESIAN_POINT('',(296.163074943,-94.76364785,-1.2));
#7907=DIRECTION('',(0.,0.,1.));
#7908=DIRECTION('',(-0.012225032,0.999925272,0.));
#7909=AXIS2_PLACEMENT_3D('',#7906,#7907,#7908);
#7910=CIRCLE('',#7909,3.622931552);
#7911=EDGE_CURVE('',#7029,#6981,#7910,.T.);
#7912=ORIENTED_EDGE('',*,*,#7911,.T.);
#7913=ORIENTED_EDGE('',*,*,#6986,.F.);
#7914=ORIENTED_EDGE('',*,*,#7475,.F.);
#7915=EDGE_LOOP('',(#7905,#7912,#7913,#7914));
#7916=FACE_BOUND('',#7915,.T.);
#7917=ADVANCED_FACE('',(#7916),#7904,.F.);
#7918=CARTESIAN_POINT('',(315.284509583,-93.024884885,-6.5));
#7919=DIRECTION('',(0.,0.,1.));
#7920=DIRECTION('',(1.,0.,-0.));
#7921=AXIS2_PLACEMENT_3D('',#7918,#7919,#7920);
#7922=CYLINDRICAL_SURFACE('',#7921,2.895121804);
#7923=CARTESIAN_POINT('',(315.236559467,-95.91980816,-1.2));
#7924=VERTEX_POINT('',#7923);
#7925=CARTESIAN_POINT('',(315.236556178,-95.920006688,-1.2));
#7926=DIRECTION('',(1.,-0.,-0.));
#7927=VECTOR('',#7926,0.047953404);
#7928=LINE('',#7925,#7927);
#7929=EDGE_CURVE('',#7924,#7143,#7928,.T.);
#7930=ORIENTED_EDGE('',*,*,#7929,.F.);
#7931=CARTESIAN_POINT('',(313.208907263,-95.043487119,-1.2));
#7932=VERTEX_POINT('',#7931);
#7933=CARTESIAN_POINT('',(315.284509583,-93.024884885,-1.2));
#7934=DIRECTION('',(0.,0.,1.));
#7935=DIRECTION('',(1.,0.,-0.));
#7936=AXIS2_PLACEMENT_3D('',#7933,#7934,#7935);
#7937=CIRCLE('',#7936,2.895121804);
#7938=EDGE_CURVE('',#7932,#7924,#7937,.T.);
#7939=ORIENTED_EDGE('',*,*,#7938,.F.);
#7940=CARTESIAN_POINT('',(315.284509583,-93.024884885,-1.2));
#7941=DIRECTION('',(-0.,-0.,1.));
#7942=DIRECTION('',(-1.,0.,0.));
#7943=AXIS2_PLACEMENT_3D('',#7940,#7941,#7942);
#7944=CIRCLE('',#7943,2.895121804);
#7945=EDGE_CURVE('',#7112,#7932,#7944,.T.);
#7946=ORIENTED_EDGE('',*,*,#7945,.F.);
#7947=ORIENTED_EDGE('',*,*,#7117,.F.);
#7948=ORIENTED_EDGE('',*,*,#7465,.T.);
#7949=ORIENTED_EDGE('',*,*,#7156,.T.);
#7950=EDGE_LOOP('',(#7930,#7939,#7946,#7947,#7948,#7949));
#7951=FACE_BOUND('',#7950,.T.);
#7952=ADVANCED_FACE('',(#7951),#7922,.T.);
#7953=CARTESIAN_POINT('',(328.259430297,-99.502518393,-6.5));
#7954=DIRECTION('',(0.,0.,-1.));
#7955=DIRECTION('',(-1.,0.,0.));
#7956=AXIS2_PLACEMENT_3D('',#7953,#7954,#7955);
#7957=CYLINDRICAL_SURFACE('',#7956,3.582511704);
#7958=ORIENTED_EDGE('',*,*,#7204,.T.);
#7959=CARTESIAN_POINT('',(328.259430297,-99.502518393,-1.2));
#7960=DIRECTION('',(-0.,-0.,1.));
#7961=DIRECTION('',(-1.,0.,0.));
#7962=AXIS2_PLACEMENT_3D('',#7959,#7960,#7961);
#7963=CIRCLE('',#7962,3.582511704);
#7964=EDGE_CURVE('',#7191,#7141,#7963,.T.);
#7965=ORIENTED_EDGE('',*,*,#7964,.T.);
#7966=ORIENTED_EDGE('',*,*,#7170,.F.);
#7967=ORIENTED_EDGE('',*,*,#7457,.F.);
#7968=EDGE_LOOP('',(#7958,#7965,#7966,#7967));
#7969=FACE_BOUND('',#7968,.T.);
#7970=ADVANCED_FACE('',(#7969),#7957,.F.);
#7971=CARTESIAN_POINT('',(334.688611974,-97.9520209,-6.5));
#7972=DIRECTION('',(0.,0.,1.));
#7973=DIRECTION('',(1.,0.,-0.));
#7974=AXIS2_PLACEMENT_3D('',#7971,#7972,#7973);
#7975=CYLINDRICAL_SURFACE('',#7974,2.730478788);
#7976=CARTESIAN_POINT('',(334.688611974,-100.682499688,-1.2));
#7977=VERTEX_POINT('',#7976);
#7978=CARTESIAN_POINT('',(334.688611974,-97.9520209,-1.2));
#7979=DIRECTION('',(0.,0.,1.));
#7980=DIRECTION('',(1.,0.,-0.));
#7981=AXIS2_PLACEMENT_3D('',#7978,#7979,#7980);
#7982=CIRCLE('',#7981,2.730478788);
#7983=EDGE_CURVE('',#7183,#7977,#7982,.T.);
#7984=ORIENTED_EDGE('',*,*,#7983,.F.);
#7985=ORIENTED_EDGE('',*,*,#7188,.F.);
#7986=ORIENTED_EDGE('',*,*,#7449,.T.);
#7987=CARTESIAN_POINT('',(334.688611974,-100.682499688,-6.8));
#7988=DIRECTION('',(-0.,-0.,1.));
#7989=VECTOR('',#7988,5.6);
#7990=LINE('',#7987,#7989);
#7991=EDGE_CURVE('',#7437,#7977,#7990,.T.);
#7992=ORIENTED_EDGE('',*,*,#7991,.T.);
#7993=EDGE_LOOP('',(#7984,#7985,#7986,#7992));
#7994=FACE_BOUND('',#7993,.T.);
#7995=ADVANCED_FACE('',(#7994),#7975,.T.);
#7996=CARTESIAN_POINT('',(341.89304543,-100.682499688,-6.5));
#7997=DIRECTION('',(0.,-1.,0.));
#7998=DIRECTION('',(0.,0.,-1.));
#7999=AXIS2_PLACEMENT_3D('',#7996,#7997,#7998);
#8000=PLANE('',#7999);
#8001=CARTESIAN_POINT('',(349.074276913,-100.682499688,-1.2));
#8002=VERTEX_POINT('',#8001);
#8003=CARTESIAN_POINT('',(334.688611974,-100.682499688,-1.2));
#8004=DIRECTION('',(1.,0.,-0.));
#8005=VECTOR('',#8004,14.385664939);
#8006=LINE('',#8003,#8005);
#8007=EDGE_CURVE('',#7977,#8002,#8006,.T.);
#8008=ORIENTED_EDGE('',*,*,#8007,.F.);
#8009=ORIENTED_EDGE('',*,*,#7991,.F.);
#8010=ORIENTED_EDGE('',*,*,#7442,.T.);
#8011=CARTESIAN_POINT('',(349.074276913,-100.682499688,-6.8));
#8012=DIRECTION('',(0.,0.,1.));
#8013=VECTOR('',#8012,5.6);
#8014=LINE('',#8011,#8013);
#8015=EDGE_CURVE('',#7429,#8002,#8014,.T.);
#8016=ORIENTED_EDGE('',*,*,#8015,.T.);
#8017=EDGE_LOOP('',(#8008,#8009,#8010,#8016));
#8018=FACE_BOUND('',#8017,.T.);
#8019=ADVANCED_FACE('',(#8018),#8000,.T.);
#8020=CARTESIAN_POINT('',(349.086342922,-100.681274713,-6.5));
#8021=DIRECTION('',(0.10100366,-0.994886054,0.));
#8022=DIRECTION('',(0.994886054,0.10100366,0.));
#8023=AXIS2_PLACEMENT_3D('',#8020,#8021,#8022);
#8024=PLANE('',#8023);
#8025=CARTESIAN_POINT('',(349.09840893,-100.680049737,-1.2));
#8026=VERTEX_POINT('',#8025);
#8027=CARTESIAN_POINT('',(349.074276913,-100.682499688,-1.2));
#8028=DIRECTION('',(0.994886054,0.10100366,0.));
#8029=VECTOR('',#8028,0.024256062);
#8030=LINE('',#8027,#8029);
#8031=EDGE_CURVE('',#8002,#8026,#8030,.T.);
#8032=ORIENTED_EDGE('',*,*,#8031,.F.);
#8033=ORIENTED_EDGE('',*,*,#8015,.F.);
#8034=ORIENTED_EDGE('',*,*,#7434,.T.);
#8035=CARTESIAN_POINT('',(349.09840893,-100.680049737,-6.8));
#8036=DIRECTION('',(0.,0.,1.));
#8037=VECTOR('',#8036,5.6);
#8038=LINE('',#8035,#8037);
#8039=EDGE_CURVE('',#7421,#8026,#8038,.T.);
#8040=ORIENTED_EDGE('',*,*,#8039,.T.);
#8041=EDGE_LOOP('',(#8032,#8033,#8034,#8040));
#8042=FACE_BOUND('',#8041,.T.);
#8043=ADVANCED_FACE('',(#8042),#8024,.T.);
#8044=CARTESIAN_POINT('',(349.110510966,-100.681211044,-6.5));
#8045=DIRECTION('',(-0.095520814,-0.995427433,0.));
#8046=DIRECTION('',(0.995427433,-0.095520814,0.));
#8047=AXIS2_PLACEMENT_3D('',#8044,#8045,#8046);
#8048=PLANE('',#8047);
#8049=CARTESIAN_POINT('',(349.122613001,-100.68237235,-1.2));
#8050=VERTEX_POINT('',#8049);
#8051=CARTESIAN_POINT('',(349.09840893,-100.680049737,-1.2));
#8052=DIRECTION('',(0.995427433,-0.095520814,0.));
#8053=VECTOR('',#8052,0.024315253);
#8054=LINE('',#8051,#8053);
#8055=EDGE_CURVE('',#8026,#8050,#8054,.T.);
#8056=ORIENTED_EDGE('',*,*,#8055,.F.);
#8057=ORIENTED_EDGE('',*,*,#8039,.F.);
#8058=ORIENTED_EDGE('',*,*,#7426,.T.);
#8059=CARTESIAN_POINT('',(349.122613001,-100.68237235,-6.8));
#8060=DIRECTION('',(0.,0.,1.));
#8061=VECTOR('',#8060,5.6);
#8062=LINE('',#8059,#8061);
#8063=EDGE_CURVE('',#7413,#8050,#8062,.T.);
#8064=ORIENTED_EDGE('',*,*,#8063,.T.);
#8065=EDGE_LOOP('',(#8056,#8057,#8058,#8064));
#8066=FACE_BOUND('',#8065,.T.);
#8067=ADVANCED_FACE('',(#8066),#8048,.T.);
#8068=CARTESIAN_POINT('',(350.535548613,-100.674935844,-6.5));
#8069=DIRECTION('',(0.005263087,-0.99998615,0.));
#8070=DIRECTION('',(0.99998615,0.005263087,0.));
#8071=AXIS2_PLACEMENT_3D('',#8068,#8069,#8070);
#8072=PLANE('',#8071);
#8073=CARTESIAN_POINT('',(351.948484225,-100.667499338,-1.2));
#8074=VERTEX_POINT('',#8073);
#8075=CARTESIAN_POINT('',(349.122613001,-100.68237235,-1.2));
#8076=DIRECTION('',(0.99998615,0.005263087,0.));
#8077=VECTOR('',#8076,2.825910364);
#8078=LINE('',#8075,#8077);
#8079=EDGE_CURVE('',#8050,#8074,#8078,.T.);
#8080=ORIENTED_EDGE('',*,*,#8079,.F.);
#8081=ORIENTED_EDGE('',*,*,#8063,.F.);
#8082=ORIENTED_EDGE('',*,*,#7418,.T.);
#8083=CARTESIAN_POINT('',(351.948484225,-100.667499338,-6.8));
#8084=DIRECTION('',(0.,0.,1.));
#8085=VECTOR('',#8084,5.6);
#8086=LINE('',#8083,#8085);
#8087=EDGE_CURVE('',#7405,#8074,#8086,.T.);
#8088=ORIENTED_EDGE('',*,*,#8087,.T.);
#8089=EDGE_LOOP('',(#8080,#8081,#8082,#8088));
#8090=FACE_BOUND('',#8089,.T.);
#8091=ADVANCED_FACE('',(#8090),#8072,.T.);
#8092=CARTESIAN_POINT('',(359.351441083,-100.667499338,-6.5));
#8093=DIRECTION('',(0.,-1.,0.));
#8094=DIRECTION('',(0.,0.,-1.));
#8095=AXIS2_PLACEMENT_3D('',#8092,#8093,#8094);
#8096=PLANE('',#8095);
#8097=CARTESIAN_POINT('',(351.948484225,-100.667499338,-1.2));
#8098=DIRECTION('',(1.,0.,-0.));
#8099=VECTOR('',#8098,14.738753775);
#8100=LINE('',#8097,#8099);
#8101=EDGE_CURVE('',#8074,#7240,#8100,.T.);
#8102=ORIENTED_EDGE('',*,*,#8101,.F.);
#8103=ORIENTED_EDGE('',*,*,#8087,.F.);
#8104=ORIENTED_EDGE('',*,*,#7410,.T.);
#8105=ORIENTED_EDGE('',*,*,#7254,.T.);
#8106=EDGE_LOOP('',(#8102,#8103,#8104,#8105));
#8107=FACE_BOUND('',#8106,.T.);
#8108=ADVANCED_FACE('',(#8107),#8096,.T.);
#8109=CARTESIAN_POINT('',(370.312238,-131.002595923,-6.5));
#8110=DIRECTION('',(-1.,0.,0.));
#8111=DIRECTION('',(0.,0.,1.));
#8112=AXIS2_PLACEMENT_3D('',#8109,#8110,#8111);
#8113=PLANE('',#8112);
#8114=CARTESIAN_POINT('',(370.312238,-157.7125,-1.2));
#8115=VERTEX_POINT('',#8114);
#8116=CARTESIAN_POINT('',(370.312238,-104.292691847,-1.2));
#8117=DIRECTION('',(0.,-1.,0.));
#8118=VECTOR('',#8117,53.419808154);
#8119=LINE('',#8116,#8118);
#8120=EDGE_CURVE('',#7223,#8115,#8119,.T.);
#8121=ORIENTED_EDGE('',*,*,#8120,.F.);
#8122=ORIENTED_EDGE('',*,*,#7228,.F.);
#8123=ORIENTED_EDGE('',*,*,#7401,.T.);
#8124=CARTESIAN_POINT('',(370.312238,-157.7125,-6.8));
#8125=DIRECTION('',(0.,0.,1.));
#8126=VECTOR('',#8125,5.6);
#8127=LINE('',#8124,#8126);
#8128=EDGE_CURVE('',#7389,#8115,#8127,.T.);
#8129=ORIENTED_EDGE('',*,*,#8128,.T.);
#8130=EDGE_LOOP('',(#8121,#8122,#8123,#8129));
#8131=FACE_BOUND('',#8130,.T.);
#8132=ADVANCED_FACE('',(#8131),#8113,.T.);
#8133=CARTESIAN_POINT('',(366.687239,-157.7125,-6.5));
#8134=DIRECTION('',(0.,0.,1.));
#8135=DIRECTION('',(1.,0.,-0.));
#8136=AXIS2_PLACEMENT_3D('',#8133,#8134,#8135);
#8137=CYLINDRICAL_SURFACE('',#8136,3.624999);
#8138=ORIENTED_EDGE('',*,*,#7295,.T.);
#8139=CARTESIAN_POINT('',(366.687239,-157.7125,-1.2));
#8140=DIRECTION('',(0.,0.,1.));
#8141=DIRECTION('',(0.,-1.,0.));
#8142=AXIS2_PLACEMENT_3D('',#8139,#8140,#8141);
#8143=CIRCLE('',#8142,3.624999);
#8144=EDGE_CURVE('',#7282,#8115,#8143,.T.);
#8145=ORIENTED_EDGE('',*,*,#8144,.T.);
#8146=ORIENTED_EDGE('',*,*,#8128,.F.);
#8147=ORIENTED_EDGE('',*,*,#7395,.F.);
#8148=EDGE_LOOP('',(#8138,#8145,#8146,#8147));
#8149=FACE_BOUND('',#8148,.T.);
#8150=ADVANCED_FACE('',(#8149),#8137,.F.);
#8151=CARTESIAN_POINT('',(231.637468318,-100.182507523,-1.2));
#8152=DIRECTION('',(-1.,-0.000000273,0.));
#8153=DIRECTION('',(0.000000273,-1.,0.));
#8154=AXIS2_PLACEMENT_3D('',#8151,#8152,#8153);
#8155=PLANE('',#8154);
#8156=ORIENTED_EDGE('',*,*,#6888,.F.);
#8157=CARTESIAN_POINT('',(231.637468455,-100.682507658,-5.8));
#8158=DIRECTION('',(-0.000000273,1.,0.));
#8159=VECTOR('',#8158,1.000001249);
#8160=LINE('',#8157,#8159);
#8161=EDGE_CURVE('',#6858,#2597,#8160,.T.);
#8162=ORIENTED_EDGE('',*,*,#8161,.T.);
#8163=ORIENTED_EDGE('',*,*,#2651,.T.);
#8164=CARTESIAN_POINT('',(231.637468182,-99.682507388,-2.2));
#8165=DIRECTION('',(0.000000273,-1.,-0.));
#8166=VECTOR('',#8165,1.00000027);
#8167=LINE('',#8164,#8166);
#8168=EDGE_CURVE('',#2639,#6614,#8167,.T.);
#8169=ORIENTED_EDGE('',*,*,#8168,.T.);
#8170=EDGE_LOOP('',(#8156,#8162,#8163,#8169));
#8171=FACE_BOUND('',#8170,.T.);
#8172=ADVANCED_FACE('',(#8171),#8155,.F.);
#8173=CARTESIAN_POINT('',(264.637468182,-100.182507523,-1.2));
#8174=DIRECTION('',(1.,0.,0.));
#8175=DIRECTION('',(0.,0.,-1.));
#8176=AXIS2_PLACEMENT_3D('',#8173,#8174,#8175);
#8177=PLANE('',#8176);
#8178=ORIENTED_EDGE('',*,*,#791,.T.);
#8179=CARTESIAN_POINT('',(264.637468182,-99.682507388,-5.8));
#8180=DIRECTION('',(0.,-1.,0.));
#8181=VECTOR('',#8180,1.00000027);
#8182=LINE('',#8179,#8181);
#8183=EDGE_CURVE('',#777,#7685,#8182,.T.);
#8184=ORIENTED_EDGE('',*,*,#8183,.T.);
#8185=ORIENTED_EDGE('',*,*,#7690,.F.);
#8186=CARTESIAN_POINT('',(264.637468182,-100.682507658,-2.2));
#8187=DIRECTION('',(-0.,1.,-0.));
#8188=VECTOR('',#8187,1.00000027);
#8189=LINE('',#8186,#8188);
#8190=EDGE_CURVE('',#7676,#786,#8189,.T.);
#8191=ORIENTED_EDGE('',*,*,#8190,.T.);
#8192=EDGE_LOOP('',(#8178,#8184,#8185,#8191));
#8193=FACE_BOUND('',#8192,.T.);
#8194=ADVANCED_FACE('',(#8193),#8177,.F.);
#8195=CARTESIAN_POINT('',(0.,0.,-1.2));
#8196=DIRECTION('',(0.,0.,-1.));
#8197=DIRECTION('',(-1.,0.,0.));
#8198=AXIS2_PLACEMENT_3D('',#8195,#8196,#8197);
#8199=PLANE('',#8198);
#8200=ORIENTED_EDGE('',*,*,#808,.T.);
#8201=CARTESIAN_POINT('',(263.637468182,-99.682507388,-1.2));
#8202=DIRECTION('',(0.,-1.,0.));
#8203=VECTOR('',#8202,1.00000027);
#8204=LINE('',#8201,#8203);
#8205=EDGE_CURVE('',#794,#7668,#8204,.T.);
#8206=ORIENTED_EDGE('',*,*,#8205,.T.);
#8207=ORIENTED_EDGE('',*,*,#7673,.T.);
#8208=ORIENTED_EDGE('',*,*,#7838,.T.);
#8209=ORIENTED_EDGE('',*,*,#6906,.F.);
#8210=ORIENTED_EDGE('',*,*,#7857,.F.);
#8211=ORIENTED_EDGE('',*,*,#6954,.T.);
#8212=ORIENTED_EDGE('',*,*,#7892,.T.);
#8213=ORIENTED_EDGE('',*,*,#7885,.T.);
#8214=ORIENTED_EDGE('',*,*,#7876,.T.);
#8215=ORIENTED_EDGE('',*,*,#6994,.T.);
#8216=ORIENTED_EDGE('',*,*,#7911,.F.);
#8217=ORIENTED_EDGE('',*,*,#7034,.T.);
#8218=ORIENTED_EDGE('',*,*,#7083,.T.);
#8219=ORIENTED_EDGE('',*,*,#7076,.F.);
#8220=ORIENTED_EDGE('',*,*,#7067,.T.);
#8221=ORIENTED_EDGE('',*,*,#7123,.T.);
#8222=ORIENTED_EDGE('',*,*,#7945,.T.);
#8223=ORIENTED_EDGE('',*,*,#7938,.T.);
#8224=ORIENTED_EDGE('',*,*,#7929,.T.);
#8225=ORIENTED_EDGE('',*,*,#7148,.F.);
#8226=ORIENTED_EDGE('',*,*,#7964,.F.);
#8227=ORIENTED_EDGE('',*,*,#7196,.T.);
#8228=ORIENTED_EDGE('',*,*,#7983,.T.);
#8229=ORIENTED_EDGE('',*,*,#8007,.T.);
#8230=ORIENTED_EDGE('',*,*,#8031,.T.);
#8231=ORIENTED_EDGE('',*,*,#8055,.T.);
#8232=ORIENTED_EDGE('',*,*,#8079,.T.);
#8233=ORIENTED_EDGE('',*,*,#8101,.T.);
#8234=ORIENTED_EDGE('',*,*,#7246,.T.);
#8235=ORIENTED_EDGE('',*,*,#7237,.F.);
#8236=ORIENTED_EDGE('',*,*,#8120,.T.);
#8237=ORIENTED_EDGE('',*,*,#8144,.F.);
#8238=ORIENTED_EDGE('',*,*,#7287,.T.);
#8239=ORIENTED_EDGE('',*,*,#7317,.T.);
#8240=ORIENTED_EDGE('',*,*,#6652,.T.);
#8241=ORIENTED_EDGE('',*,*,#7721,.F.);
#8242=ORIENTED_EDGE('',*,*,#7738,.F.);
#8243=ORIENTED_EDGE('',*,*,#6692,.T.);
#8244=ORIENTED_EDGE('',*,*,#6731,.T.);
#8245=ORIENTED_EDGE('',*,*,#6763,.T.);
#8246=ORIENTED_EDGE('',*,*,#6804,.T.);
#8247=ORIENTED_EDGE('',*,*,#6797,.F.);
#8248=ORIENTED_EDGE('',*,*,#7756,.T.);
#8249=ORIENTED_EDGE('',*,*,#7787,.F.);
#8250=ORIENTED_EDGE('',*,*,#7803,.T.);
#8251=ORIENTED_EDGE('',*,*,#6544,.T.);
#8252=CARTESIAN_POINT('',(227.974323626,-147.009629555,-1.2));
#8253=DIRECTION('',(-1.,0.000001629,0.));
#8254=VECTOR('',#8253,1.000000952);
#8255=LINE('',#8252,#8254);
#8256=EDGE_CURVE('',#6539,#2526,#8255,.T.);
#8257=ORIENTED_EDGE('',*,*,#8256,.T.);
#8258=ORIENTED_EDGE('',*,*,#2531,.F.);
#8259=CARTESIAN_POINT('',(226.993662177,-133.009661865,-1.2));
#8260=DIRECTION('',(0.999996183,-0.002762893,0.));
#8261=VECTOR('',#8260,1.000000954);
#8262=LINE('',#8259,#8261);
#8263=EDGE_CURVE('',#2517,#7611,#8262,.T.);
#8264=ORIENTED_EDGE('',*,*,#8263,.T.);
#8265=ORIENTED_EDGE('',*,*,#7618,.T.);
#8266=ORIENTED_EDGE('',*,*,#7820,.T.);
#8267=ORIENTED_EDGE('',*,*,#6838,.T.);
#8268=ORIENTED_EDGE('',*,*,#6830,.F.);
#8269=ORIENTED_EDGE('',*,*,#6611,.F.);
#8270=ORIENTED_EDGE('',*,*,#6602,.T.);
#8271=CARTESIAN_POINT('',(232.637468455,-100.682507658,-1.2));
#8272=DIRECTION('',(-0.000000273,1.,0.));
#8273=VECTOR('',#8272,1.00000027);
#8274=LINE('',#8271,#8273);
#8275=EDGE_CURVE('',#6597,#803,#8274,.T.);
#8276=ORIENTED_EDGE('',*,*,#8275,.T.);
#8277=EDGE_LOOP('',(#8200,#8206,#8207,#8208,#8209,#8210,#8211,#8212,#8213,#8214,#8215,#8216,#8217,#8218,#8219,#8220,#8221,#8222,#8223,#8224,#8225,#8226,#8227,#8228,#8229,#8230,
#8231,#8232,#8233,#8234,#8235,#8236,#8237,#8238,#8239,#8240,#8241,#8242,#8243,#8244,#8245,#8246,#8247,#8248,#8249,#8250,#8251,#8257,#8258,#8264,#8265,
#8266,#8267,#8268,#8269,#8270,#8276));
#8278=FACE_BOUND('',#8277,.T.);
#8279=CARTESIAN_POINT('',(246.062938174,-171.553506712,-1.2));
#8280=VERTEX_POINT('',#8279);
#8281=CARTESIAN_POINT('',(252.39091821,-182.969486135,-1.2));
#8282=VERTEX_POINT('',#8281);
#8283=CARTESIAN_POINT('',(246.062938174,-171.553506712,-1.2));
#8284=DIRECTION('',(0.48480958,-0.87461973,0.));
#8285=VECTOR('',#8284,13.052506178);
#8286=LINE('',#8283,#8285);
#8287=EDGE_CURVE('',#8280,#8282,#8286,.T.);
#8288=ORIENTED_EDGE('',*,*,#8287,.F.);
#8289=CARTESIAN_POINT('',(245.278018,-171.142629,-1.2));
#8290=VERTEX_POINT('',#8289);
#8291=CARTESIAN_POINT('',(245.778018,-171.142629,-1.2));
#8292=DIRECTION('',(0.,0.,-1.));
#8293=DIRECTION('',(-1.,0.,0.));
#8294=AXIS2_PLACEMENT_3D('',#8291,#8292,#8293);
#8295=CIRCLE('',#8294,0.5);
#8296=EDGE_CURVE('',#8290,#8280,#8295,.T.);
#8297=ORIENTED_EDGE('',*,*,#8296,.F.);
#8298=CARTESIAN_POINT('',(245.340708135,-171.38503379,-1.2));
#8299=VERTEX_POINT('',#8298);
#8300=CARTESIAN_POINT('',(245.778018,-171.142629,-1.2));
#8301=DIRECTION('',(0.,0.,-1.));
#8302=DIRECTION('',(-1.,0.,0.));
#8303=AXIS2_PLACEMENT_3D('',#8300,#8301,#8302);
#8304=CIRCLE('',#8303,0.5);
#8305=EDGE_CURVE('',#8299,#8290,#8304,.T.);
#8306=ORIENTED_EDGE('',*,*,#8305,.F.);
#8307=CARTESIAN_POINT('',(233.970651865,-177.68755821,-1.2));
#8308=VERTEX_POINT('',#8307);
#8309=CARTESIAN_POINT('',(233.970651865,-177.68755821,-1.2));
#8310=DIRECTION('',(0.87461973,0.48480958,0.));
#8311=VECTOR('',#8310,12.999999756);
#8312=LINE('',#8309,#8311);
#8313=EDGE_CURVE('',#8308,#8299,#8312,.T.);
#8314=ORIENTED_EDGE('',*,*,#8313,.F.);
#8315=CARTESIAN_POINT('',(233.033342,-177.929963,-1.2));
#8316=VERTEX_POINT('',#8315);
#8317=CARTESIAN_POINT('',(233.533342,-177.929963,-1.2));
#8318=DIRECTION('',(0.,0.,-1.));
#8319=DIRECTION('',(-1.,0.,0.));
#8320=AXIS2_PLACEMENT_3D('',#8317,#8318,#8319);
#8321=CIRCLE('',#8320,0.5);
#8322=EDGE_CURVE('',#8316,#8308,#8321,.T.);
#8323=ORIENTED_EDGE('',*,*,#8322,.F.);
#8324=CARTESIAN_POINT('',(233.730800531,-178.389321388,-1.2));
#8325=VERTEX_POINT('',#8324);
#8326=CARTESIAN_POINT('',(233.533342,-177.929963,-1.2));
#8327=DIRECTION('',(0.,0.,-1.));
#8328=DIRECTION('',(-1.,0.,0.));
#8329=AXIS2_PLACEMENT_3D('',#8326,#8327,#8328);
#8330=CIRCLE('',#8329,0.5);
#8331=EDGE_CURVE('',#8325,#8316,#8330,.T.);
#8332=ORIENTED_EDGE('',*,*,#8331,.F.);
#8333=CARTESIAN_POINT('',(240.058780225,-189.805301127,-1.2));
#8334=VERTEX_POINT('',#8333);
#8335=CARTESIAN_POINT('',(240.058780225,-189.805301127,-1.2));
#8336=DIRECTION('',(-0.48480955,0.874619746,0.));
#8337=VECTOR('',#8336,13.052506289);
#8338=LINE('',#8335,#8337);
#8339=EDGE_CURVE('',#8334,#8325,#8338,.T.);
#8340=ORIENTED_EDGE('',*,*,#8339,.F.);
#8341=CARTESIAN_POINT('',(239.801185,-190.242611,-1.2));
#8342=VERTEX_POINT('',#8341);
#8343=CARTESIAN_POINT('',(240.301185,-190.242611,-1.2));
#8344=DIRECTION('',(0.,0.,-1.));
#8345=DIRECTION('',(-1.,0.,0.));
#8346=AXIS2_PLACEMENT_3D('',#8343,#8344,#8345);
#8347=CIRCLE('',#8346,0.5);
#8348=EDGE_CURVE('',#8342,#8334,#8347,.T.);
#8349=ORIENTED_EDGE('',*,*,#8348,.F.);
#8350=CARTESIAN_POINT('',(240.760543041,-190.045151662,-1.2));
#8351=VERTEX_POINT('',#8350);
#8352=CARTESIAN_POINT('',(240.301185,-190.242611,-1.2));
#8353=DIRECTION('',(0.,0.,-1.));
#8354=DIRECTION('',(-1.,0.,0.));
#8355=AXIS2_PLACEMENT_3D('',#8352,#8353,#8354);
#8356=CIRCLE('',#8355,0.5);
#8357=EDGE_CURVE('',#8351,#8342,#8356,.T.);
#8358=ORIENTED_EDGE('',*,*,#8357,.F.);
#8359=CARTESIAN_POINT('',(252.222445556,-183.691716561,-1.2));
#8360=VERTEX_POINT('',#8359);
#8361=CARTESIAN_POINT('',(252.222445556,-183.691716561,-1.2));
#8362=DIRECTION('',(-0.874619746,-0.48480955,0.));
#8363=VECTOR('',#8362,13.10501228);
#8364=LINE('',#8361,#8363);
#8365=EDGE_CURVE('',#8360,#8351,#8364,.T.);
#8366=ORIENTED_EDGE('',*,*,#8365,.F.);
#8367=CARTESIAN_POINT('',(252.633323,-183.406796,-1.2));
#8368=DIRECTION('',(0.,0.,-1.));
#8369=DIRECTION('',(-1.,0.,0.));
#8370=AXIS2_PLACEMENT_3D('',#8367,#8368,#8369);
#8371=CIRCLE('',#8370,0.5);
#8372=EDGE_CURVE('',#8282,#8360,#8371,.T.);
#8373=ORIENTED_EDGE('',*,*,#8372,.F.);
#8374=EDGE_LOOP('',(#8288,#8297,#8306,#8314,#8323,#8332,#8340,#8349,#8358,#8366,#8373));
#8375=FACE_BOUND('',#8374,.T.);
#8376=CARTESIAN_POINT('',(278.239734719,-162.96,-1.2));
#8377=VERTEX_POINT('',#8376);
#8378=CARTESIAN_POINT('',(291.292241,-162.96,-1.2));
#8379=VERTEX_POINT('',#8378);
#8380=CARTESIAN_POINT('',(278.239734719,-162.96,-1.2));
#8381=DIRECTION('',(1.,0.,-0.));
#8382=VECTOR('',#8381,13.052506281);
#8383=LINE('',#8380,#8382);
#8384=EDGE_CURVE('',#8377,#8379,#8383,.T.);
#8385=ORIENTED_EDGE('',*,*,#8384,.F.);
#8386=CARTESIAN_POINT('',(277.242241,-163.01,-1.2));
#8387=VERTEX_POINT('',#8386);
#8388=CARTESIAN_POINT('',(277.742241,-163.01,-1.2));
#8389=DIRECTION('',(0.,0.,-1.));
#8390=DIRECTION('',(-1.,0.,0.));
#8391=AXIS2_PLACEMENT_3D('',#8388,#8389,#8390);
#8392=CIRCLE('',#8391,0.5);
#8393=EDGE_CURVE('',#8387,#8377,#8392,.T.);
#8394=ORIENTED_EDGE('',*,*,#8393,.F.);
#8395=CARTESIAN_POINT('',(277.742241,-163.51,-1.2));
#8396=VERTEX_POINT('',#8395);
#8397=CARTESIAN_POINT('',(277.742241,-163.01,-1.2));
#8398=DIRECTION('',(0.,0.,-1.));
#8399=DIRECTION('',(-1.,0.,0.));
#8400=AXIS2_PLACEMENT_3D('',#8397,#8398,#8399);
#8401=CIRCLE('',#8400,0.5);
#8402=EDGE_CURVE('',#8396,#8387,#8401,.T.);
#8403=ORIENTED_EDGE('',*,*,#8402,.F.);
#8404=CARTESIAN_POINT('',(277.742241,-176.529148486,-1.2));
#8405=VERTEX_POINT('',#8404);
#8406=CARTESIAN_POINT('',(277.742241,-176.529148486,-1.2));
#8407=DIRECTION('',(0.,1.,0.));
#8408=VECTOR('',#8407,13.019148486);
#8409=LINE('',#8406,#8408);
#8410=EDGE_CURVE('',#8405,#8396,#8409,.T.);
#8411=ORIENTED_EDGE('',*,*,#8410,.F.);
#8412=CARTESIAN_POINT('',(277.246047,-177.029134,-1.2));
#8413=VERTEX_POINT('',#8412);
#8414=CARTESIAN_POINT('',(277.746047,-177.029134,-1.2));
#8415=DIRECTION('',(0.,0.,-1.));
#8416=DIRECTION('',(-1.,0.,0.));
#8417=AXIS2_PLACEMENT_3D('',#8414,#8415,#8416);
#8418=CIRCLE('',#8417,0.5);
#8419=EDGE_CURVE('',#8413,#8405,#8418,.T.);
#8420=ORIENTED_EDGE('',*,*,#8419,.F.);
#8421=CARTESIAN_POINT('',(278.245093381,-177.06,-1.2));
#8422=VERTEX_POINT('',#8421);
#8423=CARTESIAN_POINT('',(277.746047,-177.029134,-1.2));
#8424=DIRECTION('',(0.,0.,-1.));
#8425=DIRECTION('',(-1.,0.,0.));
#8426=AXIS2_PLACEMENT_3D('',#8423,#8424,#8425);
#8427=CIRCLE('',#8426,0.5);
#8428=EDGE_CURVE('',#8422,#8413,#8427,.T.);
#8429=ORIENTED_EDGE('',*,*,#8428,.F.);
#8430=CARTESIAN_POINT('',(291.292241,-177.06,-1.2));
#8431=VERTEX_POINT('',#8430);
#8432=CARTESIAN_POINT('',(291.292241,-177.06,-1.2));
#8433=DIRECTION('',(-1.,0.,0.));
#8434=VECTOR('',#8433,13.047147619);
#8435=LINE('',#8432,#8434);
#8436=EDGE_CURVE('',#8431,#8422,#8435,.T.);
#8437=ORIENTED_EDGE('',*,*,#8436,.F.);
#8438=CARTESIAN_POINT('',(291.842241,-176.562506281,-1.2));
#8439=VERTEX_POINT('',#8438);
#8440=CARTESIAN_POINT('',(291.792241,-177.06,-1.2));
#8441=DIRECTION('',(0.,0.,-1.));
#8442=DIRECTION('',(-1.,0.,0.));
#8443=AXIS2_PLACEMENT_3D('',#8440,#8441,#8442);
#8444=CIRCLE('',#8443,0.5);
#8445=EDGE_CURVE('',#8439,#8431,#8444,.T.);
#8446=ORIENTED_EDGE('',*,*,#8445,.F.);
#8447=CARTESIAN_POINT('',(291.842241,-163.457493719,-1.2));
#8448=VERTEX_POINT('',#8447);
#8449=CARTESIAN_POINT('',(291.842241,-163.457493719,-1.2));
#8450=DIRECTION('',(0.,-1.,0.));
#8451=VECTOR('',#8450,13.105012563);
#8452=LINE('',#8449,#8451);
#8453=EDGE_CURVE('',#8448,#8439,#8452,.T.);
#8454=ORIENTED_EDGE('',*,*,#8453,.F.);
#8455=CARTESIAN_POINT('',(291.792241,-162.96,-1.2));
#8456=DIRECTION('',(0.,0.,-1.));
#8457=DIRECTION('',(-1.,0.,0.));
#8458=AXIS2_PLACEMENT_3D('',#8455,#8456,#8457);
#8459=CIRCLE('',#8458,0.5);
#8460=EDGE_CURVE('',#8379,#8448,#8459,.T.);
#8461=ORIENTED_EDGE('',*,*,#8460,.F.);
#8462=EDGE_LOOP('',(#8385,#8394,#8403,#8411,#8420,#8429,#8437,#8446,#8454,#8461));
#8463=FACE_BOUND('',#8462,.T.);
#8464=CARTESIAN_POINT('',(308.987241,-133.935352381,-1.2));
#8465=VERTEX_POINT('',#8464);
#8466=CARTESIAN_POINT('',(308.987241,-146.9825,-1.2));
#8467=VERTEX_POINT('',#8466);
#8468=CARTESIAN_POINT('',(308.987241,-133.935352381,-1.2));
#8469=DIRECTION('',(0.,-1.,0.));
#8470=VECTOR('',#8469,13.047147619);
#8471=LINE('',#8468,#8470);
#8472=EDGE_CURVE('',#8465,#8467,#8471,.T.);
#8473=ORIENTED_EDGE('',*,*,#8472,.F.);
#8474=CARTESIAN_POINT('',(308.456389486,-133.4325,-1.2));
#8475=VERTEX_POINT('',#8474);
#8476=CARTESIAN_POINT('',(308.956375,-133.436306,-1.2));
#8477=DIRECTION('',(0.,0.,-1.));
#8478=DIRECTION('',(-1.,0.,0.));
#8479=AXIS2_PLACEMENT_3D('',#8476,#8477,#8478);
#8480=CIRCLE('',#8479,0.5);
#8481=EDGE_CURVE('',#8475,#8465,#8480,.T.);
#8482=ORIENTED_EDGE('',*,*,#8481,.F.);
#8483=CARTESIAN_POINT('',(295.384734719,-133.4325,-1.2));
#8484=VERTEX_POINT('',#8483);
#8485=CARTESIAN_POINT('',(295.384734719,-133.4325,-1.2));
#8486=DIRECTION('',(1.,0.,-0.));
#8487=VECTOR('',#8486,13.071654767);
#8488=LINE('',#8485,#8487);
#8489=EDGE_CURVE('',#8484,#8475,#8488,.T.);
#8490=ORIENTED_EDGE('',*,*,#8489,.F.);
#8491=CARTESIAN_POINT('',(294.387241,-133.4825,-1.2));
#8492=VERTEX_POINT('',#8491);
#8493=CARTESIAN_POINT('',(294.887241,-133.4825,-1.2));
#8494=DIRECTION('',(0.,0.,-1.));
#8495=DIRECTION('',(-1.,0.,0.));
#8496=AXIS2_PLACEMENT_3D('',#8493,#8494,#8495);
#8497=CIRCLE('',#8496,0.5);
#8498=EDGE_CURVE('',#8492,#8484,#8497,.T.);
#8499=ORIENTED_EDGE('',*,*,#8498,.F.);
#8500=CARTESIAN_POINT('',(294.887241,-133.9825,-1.2));
#8501=VERTEX_POINT('',#8500);
#8502=CARTESIAN_POINT('',(294.887241,-133.4825,-1.2));
#8503=DIRECTION('',(0.,0.,-1.));
#8504=DIRECTION('',(-1.,0.,0.));
#8505=AXIS2_PLACEMENT_3D('',#8502,#8503,#8504);
#8506=CIRCLE('',#8505,0.5);
#8507=EDGE_CURVE('',#8501,#8492,#8506,.T.);
#8508=ORIENTED_EDGE('',*,*,#8507,.F.);
#8509=CARTESIAN_POINT('',(294.887241,-146.9825,-1.2));
#8510=VERTEX_POINT('',#8509);
#8511=CARTESIAN_POINT('',(294.887241,-146.9825,-1.2));
#8512=DIRECTION('',(0.,1.,0.));
#8513=VECTOR('',#8512,13.);
#8514=LINE('',#8511,#8513);
#8515=EDGE_CURVE('',#8510,#8501,#8514,.T.);
#8516=ORIENTED_EDGE('',*,*,#8515,.F.);
#8517=CARTESIAN_POINT('',(294.387241,-147.4825,-1.2));
#8518=VERTEX_POINT('',#8517);
#8519=CARTESIAN_POINT('',(294.887241,-147.4825,-1.2));
#8520=DIRECTION('',(0.,0.,-1.));
#8521=DIRECTION('',(-1.,0.,0.));
#8522=AXIS2_PLACEMENT_3D('',#8519,#8520,#8521);
#8523=CIRCLE('',#8522,0.5);
#8524=EDGE_CURVE('',#8518,#8510,#8523,.T.);
#8525=ORIENTED_EDGE('',*,*,#8524,.F.);
#8526=CARTESIAN_POINT('',(295.384734719,-147.5325,-1.2));
#8527=VERTEX_POINT('',#8526);
#8528=CARTESIAN_POINT('',(294.887241,-147.4825,-1.2));
#8529=DIRECTION('',(0.,0.,-1.));
#8530=DIRECTION('',(-1.,0.,0.));
#8531=AXIS2_PLACEMENT_3D('',#8528,#8529,#8530);
#8532=CIRCLE('',#8531,0.5);
#8533=EDGE_CURVE('',#8527,#8518,#8532,.T.);
#8534=ORIENTED_EDGE('',*,*,#8533,.F.);
#8535=CARTESIAN_POINT('',(308.489747281,-147.5325,-1.2));
#8536=VERTEX_POINT('',#8535);
#8537=CARTESIAN_POINT('',(308.489747281,-147.5325,-1.2));
#8538=DIRECTION('',(-1.,0.,0.));
#8539=VECTOR('',#8538,13.105012563);
#8540=LINE('',#8537,#8539);
#8541=EDGE_CURVE('',#8536,#8527,#8540,.T.);
#8542=ORIENTED_EDGE('',*,*,#8541,.F.);
#8543=CARTESIAN_POINT('',(308.987241,-147.4825,-1.2));
#8544=DIRECTION('',(0.,0.,-1.));
#8545=DIRECTION('',(-1.,0.,0.));
#8546=AXIS2_PLACEMENT_3D('',#8543,#8544,#8545);
#8547=CIRCLE('',#8546,0.5);
#8548=EDGE_CURVE('',#8467,#8536,#8547,.T.);
#8549=ORIENTED_EDGE('',*,*,#8548,.F.);
#8550=EDGE_LOOP('',(#8473,#8482,#8490,#8499,#8508,#8516,#8525,#8534,#8542,#8549));
#8551=FACE_BOUND('',#8550,.T.);
#8552=CARTESIAN_POINT('',(289.937241,-138.692493719,-1.2));
#8553=VERTEX_POINT('',#8552);
#8554=CARTESIAN_POINT('',(289.937241,-151.797506281,-1.2));
#8555=VERTEX_POINT('',#8554);
#8556=CARTESIAN_POINT('',(289.937241,-138.692493719,-1.2));
#8557=DIRECTION('',(0.,-1.,0.));
#8558=VECTOR('',#8557,13.105012563);
#8559=LINE('',#8556,#8558);
#8560=EDGE_CURVE('',#8553,#8555,#8559,.T.);
#8561=ORIENTED_EDGE('',*,*,#8560,.F.);
#8562=CARTESIAN_POINT('',(289.387241,-138.195,-1.2));
#8563=VERTEX_POINT('',#8562);
#8564=CARTESIAN_POINT('',(289.887241,-138.195,-1.2));
#8565=DIRECTION('',(0.,0.,-1.));
#8566=DIRECTION('',(-1.,0.,0.));
#8567=AXIS2_PLACEMENT_3D('',#8564,#8565,#8566);
#8568=CIRCLE('',#8567,0.5);
#8569=EDGE_CURVE('',#8563,#8553,#8568,.T.);
#8570=ORIENTED_EDGE('',*,*,#8569,.F.);
#8571=CARTESIAN_POINT('',(276.340093381,-138.195,-1.2));
#8572=VERTEX_POINT('',#8571);
#8573=CARTESIAN_POINT('',(276.340093381,-138.195,-1.2));
#8574=DIRECTION('',(1.,0.,-0.));
#8575=VECTOR('',#8574,13.047147619);
#8576=LINE('',#8573,#8575);
#8577=EDGE_CURVE('',#8572,#8563,#8576,.T.);
#8578=ORIENTED_EDGE('',*,*,#8577,.F.);
#8579=CARTESIAN_POINT('',(275.341047,-138.225866,-1.2));
#8580=VERTEX_POINT('',#8579);
#8581=CARTESIAN_POINT('',(275.841047,-138.225866,-1.2));
#8582=DIRECTION('',(0.,0.,-1.));
#8583=DIRECTION('',(-1.,0.,0.));
#8584=AXIS2_PLACEMENT_3D('',#8581,#8582,#8583);
#8585=CIRCLE('',#8584,0.5);
#8586=EDGE_CURVE('',#8580,#8572,#8585,.T.);
#8587=ORIENTED_EDGE('',*,*,#8586,.F.);
#8588=CARTESIAN_POINT('',(275.837241,-138.725851514,-1.2));
#8589=VERTEX_POINT('',#8588);
#8590=CARTESIAN_POINT('',(275.841047,-138.225866,-1.2));
#8591=DIRECTION('',(0.,0.,-1.));
#8592=DIRECTION('',(-1.,0.,0.));
#8593=AXIS2_PLACEMENT_3D('',#8590,#8591,#8592);
#8594=CIRCLE('',#8593,0.5);
#8595=EDGE_CURVE('',#8589,#8580,#8594,.T.);
#8596=ORIENTED_EDGE('',*,*,#8595,.F.);
#8597=CARTESIAN_POINT('',(275.837241,-151.792147619,-1.2));
#8598=VERTEX_POINT('',#8597);
#8599=CARTESIAN_POINT('',(275.837241,-151.792147619,-1.2));
#8600=DIRECTION('',(0.,1.,0.));
#8601=VECTOR('',#8600,13.066296105);
#8602=LINE('',#8599,#8601);
#8603=EDGE_CURVE('',#8598,#8589,#8602,.T.);
#8604=ORIENTED_EDGE('',*,*,#8603,.F.);
#8605=CARTESIAN_POINT('',(275.368107,-152.291194,-1.2));
#8606=VERTEX_POINT('',#8605);
#8607=CARTESIAN_POINT('',(275.868107,-152.291194,-1.2));
#8608=DIRECTION('',(0.,0.,-1.));
#8609=DIRECTION('',(-1.,0.,0.));
#8610=AXIS2_PLACEMENT_3D('',#8607,#8608,#8609);
#8611=CIRCLE('',#8610,0.5);
#8612=EDGE_CURVE('',#8606,#8598,#8611,.T.);
#8613=ORIENTED_EDGE('',*,*,#8612,.F.);
#8614=CARTESIAN_POINT('',(276.368092514,-152.295,-1.2));
#8615=VERTEX_POINT('',#8614);
#8616=CARTESIAN_POINT('',(275.868107,-152.291194,-1.2));
#8617=DIRECTION('',(0.,0.,-1.));
#8618=DIRECTION('',(-1.,0.,0.));
#8619=AXIS2_PLACEMENT_3D('',#8616,#8617,#8618);
#8620=CIRCLE('',#8619,0.5);
#8621=EDGE_CURVE('',#8615,#8606,#8620,.T.);
#8622=ORIENTED_EDGE('',*,*,#8621,.F.);
#8623=CARTESIAN_POINT('',(289.387241,-152.295,-1.2));
#8624=VERTEX_POINT('',#8623);
#8625=CARTESIAN_POINT('',(289.387241,-152.295,-1.2));
#8626=DIRECTION('',(-1.,0.,0.));
#8627=VECTOR('',#8626,13.019148486);
#8628=LINE('',#8625,#8627);
#8629=EDGE_CURVE('',#8624,#8615,#8628,.T.);
#8630=ORIENTED_EDGE('',*,*,#8629,.F.);
#8631=CARTESIAN_POINT('',(289.887241,-152.295,-1.2));
#8632=DIRECTION('',(0.,0.,-1.));
#8633=DIRECTION('',(-1.,0.,0.));
#8634=AXIS2_PLACEMENT_3D('',#8631,#8632,#8633);
#8635=CIRCLE('',#8634,0.5);
#8636=EDGE_CURVE('',#8555,#8624,#8635,.T.);
#8637=ORIENTED_EDGE('',*,*,#8636,.F.);
#8638=EDGE_LOOP('',(#8561,#8570,#8578,#8587,#8596,#8604,#8613,#8622,#8630,#8637));
#8639=FACE_BOUND('',#8638,.T.);
#8640=CARTESIAN_POINT('',(270.887241,-143.5075,-1.2));
#8641=VERTEX_POINT('',#8640);
#8642=CARTESIAN_POINT('',(270.887241,-156.560006281,-1.2));
#8643=VERTEX_POINT('',#8642);
#8644=CARTESIAN_POINT('',(270.887241,-143.5075,-1.2));
#8645=DIRECTION('',(0.,-1.,0.));
#8646=VECTOR('',#8645,13.052506281);
#8647=LINE('',#8644,#8646);
#8648=EDGE_CURVE('',#8641,#8643,#8647,.T.);
#8649=ORIENTED_EDGE('',*,*,#8648,.F.);
#8650=CARTESIAN_POINT('',(270.389747281,-142.9575,-1.2));
#8651=VERTEX_POINT('',#8650);
#8652=CARTESIAN_POINT('',(270.887241,-143.0075,-1.2));
#8653=DIRECTION('',(0.,0.,-1.));
#8654=DIRECTION('',(-1.,0.,0.));
#8655=AXIS2_PLACEMENT_3D('',#8652,#8653,#8654);
#8656=CIRCLE('',#8655,0.5);
#8657=EDGE_CURVE('',#8651,#8641,#8656,.T.);
#8658=ORIENTED_EDGE('',*,*,#8657,.F.);
#8659=CARTESIAN_POINT('',(257.337241,-142.9575,-1.2));
#8660=VERTEX_POINT('',#8659);
#8661=CARTESIAN_POINT('',(257.337241,-142.9575,-1.2));
#8662=DIRECTION('',(1.,0.,-0.));
#8663=VECTOR('',#8662,13.052506281);
#8664=LINE('',#8661,#8663);
#8665=EDGE_CURVE('',#8660,#8651,#8664,.T.);
#8666=ORIENTED_EDGE('',*,*,#8665,.F.);
#8667=CARTESIAN_POINT('',(256.337241,-142.9575,-1.2));
#8668=VERTEX_POINT('',#8667);
#8669=CARTESIAN_POINT('',(256.837241,-142.9575,-1.2));
#8670=DIRECTION('',(0.,0.,-1.));
#8671=DIRECTION('',(-1.,0.,0.));
#8672=AXIS2_PLACEMENT_3D('',#8669,#8670,#8671);
#8673=CIRCLE('',#8672,0.5);
#8674=EDGE_CURVE('',#8668,#8660,#8673,.T.);
#8675=ORIENTED_EDGE('',*,*,#8674,.F.);
#8676=CARTESIAN_POINT('',(256.787241,-143.454993719,-1.2));
#8677=VERTEX_POINT('',#8676);
#8678=CARTESIAN_POINT('',(256.837241,-142.9575,-1.2));
#8679=DIRECTION('',(0.,0.,-1.));
#8680=DIRECTION('',(-1.,0.,0.));
#8681=AXIS2_PLACEMENT_3D('',#8678,#8679,#8680);
#8682=CIRCLE('',#8681,0.5);
#8683=EDGE_CURVE('',#8677,#8668,#8682,.T.);
#8684=ORIENTED_EDGE('',*,*,#8683,.F.);
#8685=CARTESIAN_POINT('',(256.787241,-156.526648486,-1.2));
#8686=VERTEX_POINT('',#8685);
#8687=CARTESIAN_POINT('',(256.787241,-156.526648486,-1.2));
#8688=DIRECTION('',(0.,1.,0.));
#8689=VECTOR('',#8688,13.071654767);
#8690=LINE('',#8687,#8689);
#8691=EDGE_CURVE('',#8686,#8677,#8690,.T.);
#8692=ORIENTED_EDGE('',*,*,#8691,.F.);
#8693=CARTESIAN_POINT('',(256.291047,-157.026634,-1.2));
#8694=VERTEX_POINT('',#8693);
#8695=CARTESIAN_POINT('',(256.791047,-157.026634,-1.2));
#8696=DIRECTION('',(0.,0.,-1.));
#8697=DIRECTION('',(-1.,0.,0.));
#8698=AXIS2_PLACEMENT_3D('',#8695,#8696,#8697);
#8699=CIRCLE('',#8698,0.5);
#8700=EDGE_CURVE('',#8694,#8686,#8699,.T.);
#8701=ORIENTED_EDGE('',*,*,#8700,.F.);
#8702=CARTESIAN_POINT('',(257.290093381,-157.0575,-1.2));
#8703=VERTEX_POINT('',#8702);
#8704=CARTESIAN_POINT('',(256.791047,-157.026634,-1.2));
#8705=DIRECTION('',(0.,0.,-1.));
#8706=DIRECTION('',(-1.,0.,0.));
#8707=AXIS2_PLACEMENT_3D('',#8704,#8705,#8706);
#8708=CIRCLE('',#8707,0.5);
#8709=EDGE_CURVE('',#8703,#8694,#8708,.T.);
#8710=ORIENTED_EDGE('',*,*,#8709,.F.);
#8711=CARTESIAN_POINT('',(270.337241,-157.0575,-1.2));
#8712=VERTEX_POINT('',#8711);
#8713=CARTESIAN_POINT('',(270.337241,-157.0575,-1.2));
#8714=DIRECTION('',(-1.,0.,0.));
#8715=VECTOR('',#8714,13.047147619);
#8716=LINE('',#8713,#8715);
#8717=EDGE_CURVE('',#8712,#8703,#8716,.T.);
#8718=ORIENTED_EDGE('',*,*,#8717,.F.);
#8719=CARTESIAN_POINT('',(270.837241,-157.0575,-1.2));
#8720=DIRECTION('',(0.,0.,-1.));
#8721=DIRECTION('',(-1.,0.,0.));
#8722=AXIS2_PLACEMENT_3D('',#8719,#8720,#8721);
#8723=CIRCLE('',#8722,0.5);
#8724=EDGE_CURVE('',#8643,#8712,#8723,.T.);
#8725=ORIENTED_EDGE('',*,*,#8724,.F.);
#8726=EDGE_LOOP('',(#8649,#8658,#8666,#8675,#8684,#8692,#8701,#8710,#8718,#8725));
#8727=FACE_BOUND('',#8726,.T.);
#8728=CARTESIAN_POINT('',(352.568092514,-133.4325,-1.2));
#8729=VERTEX_POINT('',#8728);
#8730=CARTESIAN_POINT('',(365.587241,-133.4325,-1.2));
#8731=VERTEX_POINT('',#8730);
#8732=CARTESIAN_POINT('',(352.568092514,-133.4325,-1.2));
#8733=DIRECTION('',(1.,0.,-0.));
#8734=VECTOR('',#8733,13.019148486);
#8735=LINE('',#8732,#8734);
#8736=EDGE_CURVE('',#8729,#8731,#8735,.T.);
#8737=ORIENTED_EDGE('',*,*,#8736,.F.);
#8738=CARTESIAN_POINT('',(351.568107,-133.436306,-1.2));
#8739=VERTEX_POINT('',#8738);
#8740=CARTESIAN_POINT('',(352.068107,-133.436306,-1.2));
#8741=DIRECTION('',(0.,0.,-1.));
#8742=DIRECTION('',(-1.,0.,0.));
#8743=AXIS2_PLACEMENT_3D('',#8740,#8741,#8742);
#8744=CIRCLE('',#8743,0.5);
#8745=EDGE_CURVE('',#8739,#8729,#8744,.T.);
#8746=ORIENTED_EDGE('',*,*,#8745,.F.);
#8747=CARTESIAN_POINT('',(352.037241,-133.935352381,-1.2));
#8748=VERTEX_POINT('',#8747);
#8749=CARTESIAN_POINT('',(352.068107,-133.436306,-1.2));
#8750=DIRECTION('',(0.,0.,-1.));
#8751=DIRECTION('',(-1.,0.,0.));
#8752=AXIS2_PLACEMENT_3D('',#8749,#8750,#8751);
#8753=CIRCLE('',#8752,0.5);
#8754=EDGE_CURVE('',#8748,#8739,#8753,.T.);
#8755=ORIENTED_EDGE('',*,*,#8754,.F.);
#8756=CARTESIAN_POINT('',(352.037241,-146.9825,-1.2));
#8757=VERTEX_POINT('',#8756);
#8758=CARTESIAN_POINT('',(352.037241,-146.9825,-1.2));
#8759=DIRECTION('',(0.,1.,0.));
#8760=VECTOR('',#8759,13.047147619);
#8761=LINE('',#8758,#8760);
#8762=EDGE_CURVE('',#8757,#8748,#8761,.T.);
#8763=ORIENTED_EDGE('',*,*,#8762,.F.);
#8764=CARTESIAN_POINT('',(351.537241,-147.4825,-1.2));
#8765=VERTEX_POINT('',#8764);
#8766=CARTESIAN_POINT('',(352.037241,-147.4825,-1.2));
#8767=DIRECTION('',(0.,0.,-1.));
#8768=DIRECTION('',(-1.,0.,0.));
#8769=AXIS2_PLACEMENT_3D('',#8766,#8767,#8768);
#8770=CIRCLE('',#8769,0.5);
#8771=EDGE_CURVE('',#8765,#8757,#8770,.T.);
#8772=ORIENTED_EDGE('',*,*,#8771,.F.);
#8773=CARTESIAN_POINT('',(352.534734719,-147.5325,-1.2));
#8774=VERTEX_POINT('',#8773);
#8775=CARTESIAN_POINT('',(352.037241,-147.4825,-1.2));
#8776=DIRECTION('',(0.,0.,-1.));
#8777=DIRECTION('',(-1.,0.,0.));
#8778=AXIS2_PLACEMENT_3D('',#8775,#8776,#8777);
#8779=CIRCLE('',#8778,0.5);
#8780=EDGE_CURVE('',#8774,#8765,#8779,.T.);
#8781=ORIENTED_EDGE('',*,*,#8780,.F.);
#8782=CARTESIAN_POINT('',(365.639747281,-147.5325,-1.2));
#8783=VERTEX_POINT('',#8782);
#8784=CARTESIAN_POINT('',(365.639747281,-147.5325,-1.2));
#8785=DIRECTION('',(-1.,0.,0.));
#8786=VECTOR('',#8785,13.105012563);
#8787=LINE('',#8784,#8786);
#8788=EDGE_CURVE('',#8783,#8774,#8787,.T.);
#8789=ORIENTED_EDGE('',*,*,#8788,.F.);
#8790=CARTESIAN_POINT('',(366.137241,-146.9825,-1.2));
#8791=VERTEX_POINT('',#8790);
#8792=CARTESIAN_POINT('',(366.137241,-147.4825,-1.2));
#8793=DIRECTION('',(0.,0.,-1.));
#8794=DIRECTION('',(-1.,0.,0.));
#8795=AXIS2_PLACEMENT_3D('',#8792,#8793,#8794);
#8796=CIRCLE('',#8795,0.5);
#8797=EDGE_CURVE('',#8791,#8783,#8796,.T.);
#8798=ORIENTED_EDGE('',*,*,#8797,.F.);
#8799=CARTESIAN_POINT('',(366.137241,-133.929993719,-1.2));
#8800=VERTEX_POINT('',#8799);
#8801=CARTESIAN_POINT('',(366.137241,-133.929993719,-1.2));
#8802=DIRECTION('',(0.,-1.,0.));
#8803=VECTOR('',#8802,13.052506281);
#8804=LINE('',#8801,#8803);
#8805=EDGE_CURVE('',#8800,#8791,#8804,.T.);
#8806=ORIENTED_EDGE('',*,*,#8805,.F.);
#8807=CARTESIAN_POINT('',(366.087241,-133.4325,-1.2));
#8808=DIRECTION('',(0.,0.,-1.));
#8809=DIRECTION('',(-1.,0.,0.));
#8810=AXIS2_PLACEMENT_3D('',#8807,#8808,#8809);
#8811=CIRCLE('',#8810,0.5);
#8812=EDGE_CURVE('',#8731,#8800,#8811,.T.);
#8813=ORIENTED_EDGE('',*,*,#8812,.F.);
#8814=EDGE_LOOP('',(#8737,#8746,#8755,#8763,#8772,#8781,#8789,#8798,#8806,#8813));
#8815=FACE_BOUND('',#8814,.T.);
#8816=CARTESIAN_POINT('',(257.290093381,-123.9075,-1.2));
#8817=VERTEX_POINT('',#8816);
#8818=CARTESIAN_POINT('',(270.389747281,-123.9075,-1.2));
#8819=VERTEX_POINT('',#8818);
#8820=CARTESIAN_POINT('',(257.290093381,-123.9075,-1.2));
#8821=DIRECTION('',(1.,0.,-0.));
#8822=VECTOR('',#8821,13.099653901);
#8823=LINE('',#8820,#8822);
#8824=EDGE_CURVE('',#8817,#8819,#8823,.T.);
#8825=ORIENTED_EDGE('',*,*,#8824,.F.);
#8826=CARTESIAN_POINT('',(256.291047,-123.938366,-1.2));
#8827=VERTEX_POINT('',#8826);
#8828=CARTESIAN_POINT('',(256.791047,-123.938366,-1.2));
#8829=DIRECTION('',(0.,0.,-1.));
#8830=DIRECTION('',(-1.,0.,0.));
#8831=AXIS2_PLACEMENT_3D('',#8828,#8829,#8830);
#8832=CIRCLE('',#8831,0.5);
#8833=EDGE_CURVE('',#8827,#8817,#8832,.T.);
#8834=ORIENTED_EDGE('',*,*,#8833,.F.);
#8835=CARTESIAN_POINT('',(256.787241,-124.438351514,-1.2));
#8836=VERTEX_POINT('',#8835);
#8837=CARTESIAN_POINT('',(256.791047,-123.938366,-1.2));
#8838=DIRECTION('',(0.,0.,-1.));
#8839=DIRECTION('',(-1.,0.,0.));
#8840=AXIS2_PLACEMENT_3D('',#8837,#8838,#8839);
#8841=CIRCLE('',#8840,0.5);
#8842=EDGE_CURVE('',#8836,#8827,#8841,.T.);
#8843=ORIENTED_EDGE('',*,*,#8842,.F.);
#8844=CARTESIAN_POINT('',(256.787241,-137.510006281,-1.2));
#8845=VERTEX_POINT('',#8844);
#8846=CARTESIAN_POINT('',(256.787241,-137.510006281,-1.2));
#8847=DIRECTION('',(0.,1.,0.));
#8848=VECTOR('',#8847,13.071654767);
#8849=LINE('',#8846,#8848);
#8850=EDGE_CURVE('',#8845,#8836,#8849,.T.);
#8851=ORIENTED_EDGE('',*,*,#8850,.F.);
#8852=CARTESIAN_POINT('',(256.337241,-138.0075,-1.2));
#8853=VERTEX_POINT('',#8852);
#8854=CARTESIAN_POINT('',(256.837241,-138.0075,-1.2));
#8855=DIRECTION('',(0.,0.,-1.));
#8856=DIRECTION('',(-1.,0.,0.));
#8857=AXIS2_PLACEMENT_3D('',#8854,#8855,#8856);
#8858=CIRCLE('',#8857,0.5);
#8859=EDGE_CURVE('',#8853,#8845,#8858,.T.);
#8860=ORIENTED_EDGE('',*,*,#8859,.F.);
#8861=CARTESIAN_POINT('',(257.337241,-138.0075,-1.2));
#8862=VERTEX_POINT('',#8861);
#8863=CARTESIAN_POINT('',(256.837241,-138.0075,-1.2));
#8864=DIRECTION('',(0.,0.,-1.));
#8865=DIRECTION('',(-1.,0.,0.));
#8866=AXIS2_PLACEMENT_3D('',#8863,#8864,#8865);
#8867=CIRCLE('',#8866,0.5);
#8868=EDGE_CURVE('',#8862,#8853,#8867,.T.);
#8869=ORIENTED_EDGE('',*,*,#8868,.F.);
#8870=CARTESIAN_POINT('',(270.389747281,-138.0075,-1.2));
#8871=VERTEX_POINT('',#8870);
#8872=CARTESIAN_POINT('',(270.389747281,-138.0075,-1.2));
#8873=DIRECTION('',(-1.,0.,0.));
#8874=VECTOR('',#8873,13.052506281);
#8875=LINE('',#8872,#8874);
#8876=EDGE_CURVE('',#8871,#8862,#8875,.T.);
#8877=ORIENTED_EDGE('',*,*,#8876,.F.);
#8878=CARTESIAN_POINT('',(270.887241,-137.4575,-1.2));
#8879=VERTEX_POINT('',#8878);
#8880=CARTESIAN_POINT('',(270.887241,-137.9575,-1.2));
#8881=DIRECTION('',(0.,0.,-1.));
#8882=DIRECTION('',(-1.,0.,0.));
#8883=AXIS2_PLACEMENT_3D('',#8880,#8881,#8882);
#8884=CIRCLE('',#8883,0.5);
#8885=EDGE_CURVE('',#8879,#8871,#8884,.T.);
#8886=ORIENTED_EDGE('',*,*,#8885,.F.);
#8887=CARTESIAN_POINT('',(270.887241,-124.4575,-1.2));
#8888=VERTEX_POINT('',#8887);
#8889=CARTESIAN_POINT('',(270.887241,-124.4575,-1.2));
#8890=DIRECTION('',(0.,-1.,0.));
#8891=VECTOR('',#8890,13.);
#8892=LINE('',#8889,#8891);
#8893=EDGE_CURVE('',#8888,#8879,#8892,.T.);
#8894=ORIENTED_EDGE('',*,*,#8893,.F.);
#8895=CARTESIAN_POINT('',(270.887241,-123.9575,-1.2));
#8896=DIRECTION('',(0.,0.,-1.));
#8897=DIRECTION('',(-1.,0.,0.));
#8898=AXIS2_PLACEMENT_3D('',#8895,#8896,#8897);
#8899=CIRCLE('',#8898,0.5);
#8900=EDGE_CURVE('',#8819,#8888,#8899,.T.);
#8901=ORIENTED_EDGE('',*,*,#8900,.F.);
#8902=EDGE_LOOP('',(#8825,#8834,#8843,#8851,#8860,#8869,#8877,#8886,#8894,#8901));
#8903=FACE_BOUND('',#8902,.T.);
#8904=CARTESIAN_POINT('',(270.887241,-105.388351514,-1.2));
#8905=VERTEX_POINT('',#8904);
#8906=CARTESIAN_POINT('',(270.887241,-118.460006281,-1.2));
#8907=VERTEX_POINT('',#8906);
#8908=CARTESIAN_POINT('',(270.887241,-105.388351514,-1.2));
#8909=DIRECTION('',(0.,-1.,0.));
#8910=VECTOR('',#8909,13.071654767);
#8911=LINE('',#8908,#8910);
#8912=EDGE_CURVE('',#8905,#8907,#8911,.T.);
#8913=ORIENTED_EDGE('',*,*,#8912,.F.);
#8914=CARTESIAN_POINT('',(270.384388619,-104.8575,-1.2));
#8915=VERTEX_POINT('',#8914);
#8916=CARTESIAN_POINT('',(270.883435,-104.888366,-1.2));
#8917=DIRECTION('',(0.,0.,-1.));
#8918=DIRECTION('',(-1.,0.,0.));
#8919=AXIS2_PLACEMENT_3D('',#8916,#8917,#8918);
#8920=CIRCLE('',#8919,0.5);
#8921=EDGE_CURVE('',#8915,#8905,#8920,.T.);
#8922=ORIENTED_EDGE('',*,*,#8921,.F.);
#8923=CARTESIAN_POINT('',(257.284734719,-104.8575,-1.2));
#8924=VERTEX_POINT('',#8923);
#8925=CARTESIAN_POINT('',(257.284734719,-104.8575,-1.2));
#8926=DIRECTION('',(1.,0.,-0.));
#8927=VECTOR('',#8926,13.099653901);
#8928=LINE('',#8925,#8927);
#8929=EDGE_CURVE('',#8924,#8915,#8928,.T.);
#8930=ORIENTED_EDGE('',*,*,#8929,.F.);
#8931=CARTESIAN_POINT('',(256.287241,-104.9075,-1.2));
#8932=VERTEX_POINT('',#8931);
#8933=CARTESIAN_POINT('',(256.787241,-104.9075,-1.2));
#8934=DIRECTION('',(0.,0.,-1.));
#8935=DIRECTION('',(-1.,0.,0.));
#8936=AXIS2_PLACEMENT_3D('',#8933,#8934,#8935);
#8937=CIRCLE('',#8936,0.5);
#8938=EDGE_CURVE('',#8932,#8924,#8937,.T.);
#8939=ORIENTED_EDGE('',*,*,#8938,.F.);
#8940=CARTESIAN_POINT('',(256.787241,-105.4075,-1.2));
#8941=VERTEX_POINT('',#8940);
#8942=CARTESIAN_POINT('',(256.787241,-104.9075,-1.2));
#8943=DIRECTION('',(0.,0.,-1.));
#8944=DIRECTION('',(-1.,0.,0.));
#8945=AXIS2_PLACEMENT_3D('',#8942,#8943,#8944);
#8946=CIRCLE('',#8945,0.5);
#8947=EDGE_CURVE('',#8941,#8932,#8946,.T.);
#8948=ORIENTED_EDGE('',*,*,#8947,.F.);
#8949=CARTESIAN_POINT('',(256.787241,-118.426648486,-1.2));
#8950=VERTEX_POINT('',#8949);
#8951=CARTESIAN_POINT('',(256.787241,-118.426648486,-1.2));
#8952=DIRECTION('',(0.,1.,0.));
#8953=VECTOR('',#8952,13.019148486);
#8954=LINE('',#8951,#8953);
#8955=EDGE_CURVE('',#8950,#8941,#8954,.T.);
#8956=ORIENTED_EDGE('',*,*,#8955,.F.);
#8957=CARTESIAN_POINT('',(256.291047,-118.926634,-1.2));
#8958=VERTEX_POINT('',#8957);
#8959=CARTESIAN_POINT('',(256.791047,-118.926634,-1.2));
#8960=DIRECTION('',(0.,0.,-1.));
#8961=DIRECTION('',(-1.,0.,0.));
#8962=AXIS2_PLACEMENT_3D('',#8959,#8960,#8961);
#8963=CIRCLE('',#8962,0.5);
#8964=EDGE_CURVE('',#8958,#8950,#8963,.T.);
#8965=ORIENTED_EDGE('',*,*,#8964,.F.);
#8966=CARTESIAN_POINT('',(257.290093381,-118.9575,-1.2));
#8967=VERTEX_POINT('',#8966);
#8968=CARTESIAN_POINT('',(256.791047,-118.926634,-1.2));
#8969=DIRECTION('',(0.,0.,-1.));
#8970=DIRECTION('',(-1.,0.,0.));
#8971=AXIS2_PLACEMENT_3D('',#8968,#8969,#8970);
#8972=CIRCLE('',#8971,0.5);
#8973=EDGE_CURVE('',#8967,#8958,#8972,.T.);
#8974=ORIENTED_EDGE('',*,*,#8973,.F.);
#8975=CARTESIAN_POINT('',(270.337241,-118.9575,-1.2));
#8976=VERTEX_POINT('',#8975);
#8977=CARTESIAN_POINT('',(270.337241,-118.9575,-1.2));
#8978=DIRECTION('',(-1.,0.,0.));
#8979=VECTOR('',#8978,13.047147619);
#8980=LINE('',#8977,#8979);
#8981=EDGE_CURVE('',#8976,#8967,#8980,.T.);
#8982=ORIENTED_EDGE('',*,*,#8981,.F.);
#8983=CARTESIAN_POINT('',(270.837241,-118.9575,-1.2));
#8984=DIRECTION('',(0.,0.,-1.));
#8985=DIRECTION('',(-1.,0.,0.));
#8986=AXIS2_PLACEMENT_3D('',#8983,#8984,#8985);
#8987=CIRCLE('',#8986,0.5);
#8988=EDGE_CURVE('',#8907,#8976,#8987,.T.);
#8989=ORIENTED_EDGE('',*,*,#8988,.F.);
#8990=EDGE_LOOP('',(#8913,#8922,#8930,#8939,#8948,#8956,#8965,#8974,#8982,#8989));
#8991=FACE_BOUND('',#8990,.T.);
#8992=CARTESIAN_POINT('',(308.489747281,-128.4825,-1.2));
#8993=VERTEX_POINT('',#8992);
#8994=CARTESIAN_POINT('',(295.437241,-128.4825,-1.2));
#8995=VERTEX_POINT('',#8994);
#8996=CARTESIAN_POINT('',(308.489747281,-128.4825,-1.2));
#8997=DIRECTION('',(-1.,0.,0.));
#8998=VECTOR('',#8997,13.052506281);
#8999=LINE('',#8996,#8998);
#9000=EDGE_CURVE('',#8993,#8995,#8999,.T.);
#9001=ORIENTED_EDGE('',*,*,#9000,.F.);
#9002=CARTESIAN_POINT('',(308.987241,-127.9325,-1.2));
#9003=VERTEX_POINT('',#9002);
#9004=CARTESIAN_POINT('',(308.987241,-128.4325,-1.2));
#9005=DIRECTION('',(0.,0.,-1.));
#9006=DIRECTION('',(-1.,0.,0.));
#9007=AXIS2_PLACEMENT_3D('',#9004,#9005,#9006);
#9008=CIRCLE('',#9007,0.5);
#9009=EDGE_CURVE('',#9003,#8993,#9008,.T.);
#9010=ORIENTED_EDGE('',*,*,#9009,.F.);
#9011=CARTESIAN_POINT('',(308.987241,-114.879993719,-1.2));
#9012=VERTEX_POINT('',#9011);
#9013=CARTESIAN_POINT('',(308.987241,-114.879993719,-1.2));
#9014=DIRECTION('',(0.,-1.,0.));
#9015=VECTOR('',#9014,13.052506281);
#9016=LINE('',#9013,#9015);
#9017=EDGE_CURVE('',#9012,#9003,#9016,.T.);
#9018=ORIENTED_EDGE('',*,*,#9017,.F.);
#9019=CARTESIAN_POINT('',(308.437241,-114.3825,-1.2));
#9020=VERTEX_POINT('',#9019);
#9021=CARTESIAN_POINT('',(308.937241,-114.3825,-1.2));
#9022=DIRECTION('',(0.,0.,-1.));
#9023=DIRECTION('',(-1.,0.,0.));
#9024=AXIS2_PLACEMENT_3D('',#9021,#9022,#9023);
#9025=CIRCLE('',#9024,0.5);
#9026=EDGE_CURVE('',#9020,#9012,#9025,.T.);
#9027=ORIENTED_EDGE('',*,*,#9026,.F.);
#9028=CARTESIAN_POINT('',(295.384734719,-114.3825,-1.2));
#9029=VERTEX_POINT('',#9028);
#9030=CARTESIAN_POINT('',(295.384734719,-114.3825,-1.2));
#9031=DIRECTION('',(1.,0.,-0.));
#9032=VECTOR('',#9031,13.052506281);
#9033=LINE('',#9030,#9032);
#9034=EDGE_CURVE('',#9029,#9020,#9033,.T.);
#9035=ORIENTED_EDGE('',*,*,#9034,.F.);
#9036=CARTESIAN_POINT('',(294.387241,-114.4325,-1.2));
#9037=VERTEX_POINT('',#9036);
#9038=CARTESIAN_POINT('',(294.887241,-114.4325,-1.2));
#9039=DIRECTION('',(0.,0.,-1.));
#9040=DIRECTION('',(-1.,0.,0.));
#9041=AXIS2_PLACEMENT_3D('',#9038,#9039,#9040);
#9042=CIRCLE('',#9041,0.5);
#9043=EDGE_CURVE('',#9037,#9029,#9042,.T.);
#9044=ORIENTED_EDGE('',*,*,#9043,.F.);
#9045=CARTESIAN_POINT('',(294.887241,-114.9325,-1.2));
#9046=VERTEX_POINT('',#9045);
#9047=CARTESIAN_POINT('',(294.887241,-114.4325,-1.2));
#9048=DIRECTION('',(0.,0.,-1.));
#9049=DIRECTION('',(-1.,0.,0.));
#9050=AXIS2_PLACEMENT_3D('',#9047,#9048,#9049);
#9051=CIRCLE('',#9050,0.5);
#9052=EDGE_CURVE('',#9046,#9037,#9051,.T.);
#9053=ORIENTED_EDGE('',*,*,#9052,.F.);
#9054=CARTESIAN_POINT('',(294.887241,-127.985006281,-1.2));
#9055=VERTEX_POINT('',#9054);
#9056=CARTESIAN_POINT('',(294.887241,-127.985006281,-1.2));
#9057=DIRECTION('',(0.,1.,0.));
#9058=VECTOR('',#9057,13.052506281);
#9059=LINE('',#9056,#9058);
#9060=EDGE_CURVE('',#9055,#9046,#9059,.T.);
#9061=ORIENTED_EDGE('',*,*,#9060,.F.);
#9062=CARTESIAN_POINT('',(294.437241,-128.4825,-1.2));
#9063=VERTEX_POINT('',#9062);
#9064=CARTESIAN_POINT('',(294.937241,-128.4825,-1.2));
#9065=DIRECTION('',(0.,0.,-1.));
#9066=DIRECTION('',(-1.,0.,0.));
#9067=AXIS2_PLACEMENT_3D('',#9064,#9065,#9066);
#9068=CIRCLE('',#9067,0.5);
#9069=EDGE_CURVE('',#9063,#9055,#9068,.T.);
#9070=ORIENTED_EDGE('',*,*,#9069,.F.);
#9071=CARTESIAN_POINT('',(294.937241,-128.4825,-1.2));
#9072=DIRECTION('',(0.,0.,-1.));
#9073=DIRECTION('',(-1.,0.,0.));
#9074=AXIS2_PLACEMENT_3D('',#9071,#9072,#9073);
#9075=CIRCLE('',#9074,0.5);
#9076=EDGE_CURVE('',#8995,#9063,#9075,.T.);
#9077=ORIENTED_EDGE('',*,*,#9076,.F.);
#9078=EDGE_LOOP('',(#9001,#9010,#9018,#9027,#9035,#9044,#9053,#9061,#9070,#9077));
#9079=FACE_BOUND('',#9078,.T.);
#9080=CARTESIAN_POINT('',(327.539747281,-152.295,-1.2));
#9081=VERTEX_POINT('',#9080);
#9082=CARTESIAN_POINT('',(314.487241,-152.295,-1.2));
#9083=VERTEX_POINT('',#9082);
#9084=CARTESIAN_POINT('',(327.539747281,-152.295,-1.2));
#9085=DIRECTION('',(-1.,0.,0.));
#9086=VECTOR('',#9085,13.052506281);
#9087=LINE('',#9084,#9086);
#9088=EDGE_CURVE('',#9081,#9083,#9087,.T.);
#9089=ORIENTED_EDGE('',*,*,#9088,.F.);
#9090=CARTESIAN_POINT('',(328.037241,-151.745,-1.2));
#9091=VERTEX_POINT('',#9090);
#9092=CARTESIAN_POINT('',(328.037241,-152.245,-1.2));
#9093=DIRECTION('',(0.,0.,-1.));
#9094=DIRECTION('',(-1.,0.,0.));
#9095=AXIS2_PLACEMENT_3D('',#9092,#9093,#9094);
#9096=CIRCLE('',#9095,0.5);
#9097=EDGE_CURVE('',#9091,#9081,#9096,.T.);
#9098=ORIENTED_EDGE('',*,*,#9097,.F.);
#9099=CARTESIAN_POINT('',(328.037241,-138.692493719,-1.2));
#9100=VERTEX_POINT('',#9099);
#9101=CARTESIAN_POINT('',(328.037241,-138.692493719,-1.2));
#9102=DIRECTION('',(0.,-1.,0.));
#9103=VECTOR('',#9102,13.052506281);
#9104=LINE('',#9101,#9103);
#9105=EDGE_CURVE('',#9100,#9091,#9104,.T.);
#9106=ORIENTED_EDGE('',*,*,#9105,.F.);
#9107=CARTESIAN_POINT('',(327.487241,-138.195,-1.2));
#9108=VERTEX_POINT('',#9107);
#9109=CARTESIAN_POINT('',(327.987241,-138.195,-1.2));
#9110=DIRECTION('',(0.,0.,-1.));
#9111=DIRECTION('',(-1.,0.,0.));
#9112=AXIS2_PLACEMENT_3D('',#9109,#9110,#9111);
#9113=CIRCLE('',#9112,0.5);
#9114=EDGE_CURVE('',#9108,#9100,#9113,.T.);
#9115=ORIENTED_EDGE('',*,*,#9114,.F.);
#9116=CARTESIAN_POINT('',(314.434734719,-138.195,-1.2));
#9117=VERTEX_POINT('',#9116);
#9118=CARTESIAN_POINT('',(314.434734719,-138.195,-1.2));
#9119=DIRECTION('',(1.,0.,-0.));
#9120=VECTOR('',#9119,13.052506281);
#9121=LINE('',#9118,#9120);
#9122=EDGE_CURVE('',#9117,#9108,#9121,.T.);
#9123=ORIENTED_EDGE('',*,*,#9122,.F.);
#9124=CARTESIAN_POINT('',(313.437241,-138.245,-1.2));
#9125=VERTEX_POINT('',#9124);
#9126=CARTESIAN_POINT('',(313.937241,-138.245,-1.2));
#9127=DIRECTION('',(0.,0.,-1.));
#9128=DIRECTION('',(-1.,0.,0.));
#9129=AXIS2_PLACEMENT_3D('',#9126,#9127,#9128);
#9130=CIRCLE('',#9129,0.5);
#9131=EDGE_CURVE('',#9125,#9117,#9130,.T.);
#9132=ORIENTED_EDGE('',*,*,#9131,.F.);
#9133=CARTESIAN_POINT('',(313.937241,-138.745,-1.2));
#9134=VERTEX_POINT('',#9133);
#9135=CARTESIAN_POINT('',(313.937241,-138.245,-1.2));
#9136=DIRECTION('',(0.,0.,-1.));
#9137=DIRECTION('',(-1.,0.,0.));
#9138=AXIS2_PLACEMENT_3D('',#9135,#9136,#9137);
#9139=CIRCLE('',#9138,0.5);
#9140=EDGE_CURVE('',#9134,#9125,#9139,.T.);
#9141=ORIENTED_EDGE('',*,*,#9140,.F.);
#9142=CARTESIAN_POINT('',(313.937241,-151.797506281,-1.2));
#9143=VERTEX_POINT('',#9142);
#9144=CARTESIAN_POINT('',(313.937241,-151.797506281,-1.2));
#9145=DIRECTION('',(0.,1.,0.));
#9146=VECTOR('',#9145,13.052506281);
#9147=LINE('',#9144,#9146);
#9148=EDGE_CURVE('',#9143,#9134,#9147,.T.);
#9149=ORIENTED_EDGE('',*,*,#9148,.F.);
#9150=CARTESIAN_POINT('',(313.487241,-152.295,-1.2));
#9151=VERTEX_POINT('',#9150);
#9152=CARTESIAN_POINT('',(313.987241,-152.295,-1.2));
#9153=DIRECTION('',(0.,0.,-1.));
#9154=DIRECTION('',(-1.,0.,0.));
#9155=AXIS2_PLACEMENT_3D('',#9152,#9153,#9154);
#9156=CIRCLE('',#9155,0.5);
#9157=EDGE_CURVE('',#9151,#9143,#9156,.T.);
#9158=ORIENTED_EDGE('',*,*,#9157,.F.);
#9159=CARTESIAN_POINT('',(313.987241,-152.295,-1.2));
#9160=DIRECTION('',(0.,0.,-1.));
#9161=DIRECTION('',(-1.,0.,0.));
#9162=AXIS2_PLACEMENT_3D('',#9159,#9160,#9161);
#9163=CIRCLE('',#9162,0.5);
#9164=EDGE_CURVE('',#9083,#9151,#9163,.T.);
#9165=ORIENTED_EDGE('',*,*,#9164,.F.);
#9166=EDGE_LOOP('',(#9089,#9098,#9106,#9115,#9123,#9132,#9141,#9149,#9158,#9165));
#9167=FACE_BOUND('',#9166,.T.);
#9168=CARTESIAN_POINT('',(332.987241,-156.5075,-1.2));
#9169=VERTEX_POINT('',#9168);
#9170=CARTESIAN_POINT('',(332.987241,-143.5075,-1.2));
#9171=VERTEX_POINT('',#9170);
#9172=CARTESIAN_POINT('',(332.987241,-156.5075,-1.2));
#9173=DIRECTION('',(0.,1.,0.));
#9174=VECTOR('',#9173,13.);
#9175=LINE('',#9172,#9174);
#9176=EDGE_CURVE('',#9169,#9171,#9175,.T.);
#9177=ORIENTED_EDGE('',*,*,#9176,.F.);
#9178=CARTESIAN_POINT('',(332.487241,-157.0075,-1.2));
#9179=VERTEX_POINT('',#9178);
#9180=CARTESIAN_POINT('',(332.987241,-157.0075,-1.2));
#9181=DIRECTION('',(0.,0.,-1.));
#9182=DIRECTION('',(-1.,0.,0.));
#9183=AXIS2_PLACEMENT_3D('',#9180,#9181,#9182);
#9184=CIRCLE('',#9183,0.5);
#9185=EDGE_CURVE('',#9179,#9169,#9184,.T.);
#9186=ORIENTED_EDGE('',*,*,#9185,.F.);
#9187=CARTESIAN_POINT('',(333.484734719,-157.0575,-1.2));
#9188=VERTEX_POINT('',#9187);
#9189=CARTESIAN_POINT('',(332.987241,-157.0075,-1.2));
#9190=DIRECTION('',(0.,0.,-1.));
#9191=DIRECTION('',(-1.,0.,0.));
#9192=AXIS2_PLACEMENT_3D('',#9189,#9190,#9191);
#9193=CIRCLE('',#9192,0.5);
#9194=EDGE_CURVE('',#9188,#9179,#9193,.T.);
#9195=ORIENTED_EDGE('',*,*,#9194,.F.);
#9196=CARTESIAN_POINT('',(346.537241,-157.0575,-1.2));
#9197=VERTEX_POINT('',#9196);
#9198=CARTESIAN_POINT('',(346.537241,-157.0575,-1.2));
#9199=DIRECTION('',(-1.,0.,0.));
#9200=VECTOR('',#9199,13.052506281);
#9201=LINE('',#9198,#9200);
#9202=EDGE_CURVE('',#9197,#9188,#9201,.T.);
#9203=ORIENTED_EDGE('',*,*,#9202,.F.);
#9204=CARTESIAN_POINT('',(347.087241,-156.560006281,-1.2));
#9205=VERTEX_POINT('',#9204);
#9206=CARTESIAN_POINT('',(347.037241,-157.0575,-1.2));
#9207=DIRECTION('',(0.,0.,-1.));
#9208=DIRECTION('',(-1.,0.,0.));
#9209=AXIS2_PLACEMENT_3D('',#9206,#9207,#9208);
#9210=CIRCLE('',#9209,0.5);
#9211=EDGE_CURVE('',#9205,#9197,#9210,.T.);
#9212=ORIENTED_EDGE('',*,*,#9211,.F.);
#9213=CARTESIAN_POINT('',(347.087241,-143.5075,-1.2));
#9214=VERTEX_POINT('',#9213);
#9215=CARTESIAN_POINT('',(347.087241,-143.5075,-1.2));
#9216=DIRECTION('',(0.,-1.,0.));
#9217=VECTOR('',#9216,13.052506281);
#9218=LINE('',#9215,#9217);
#9219=EDGE_CURVE('',#9214,#9205,#9218,.T.);
#9220=ORIENTED_EDGE('',*,*,#9219,.F.);
#9221=CARTESIAN_POINT('',(346.589747281,-142.9575,-1.2));
#9222=VERTEX_POINT('',#9221);
#9223=CARTESIAN_POINT('',(347.087241,-143.0075,-1.2));
#9224=DIRECTION('',(0.,0.,-1.));
#9225=DIRECTION('',(-1.,0.,0.));
#9226=AXIS2_PLACEMENT_3D('',#9223,#9224,#9225);
#9227=CIRCLE('',#9226,0.5);
#9228=EDGE_CURVE('',#9222,#9214,#9227,.T.);
#9229=ORIENTED_EDGE('',*,*,#9228,.F.);
#9230=CARTESIAN_POINT('',(333.484734719,-142.9575,-1.2));
#9231=VERTEX_POINT('',#9230);
#9232=CARTESIAN_POINT('',(333.484734719,-142.9575,-1.2));
#9233=DIRECTION('',(1.,0.,-0.));
#9234=VECTOR('',#9233,13.105012563);
#9235=LINE('',#9232,#9234);
#9236=EDGE_CURVE('',#9231,#9222,#9235,.T.);
#9237=ORIENTED_EDGE('',*,*,#9236,.F.);
#9238=CARTESIAN_POINT('',(332.487241,-143.0075,-1.2));
#9239=VERTEX_POINT('',#9238);
#9240=CARTESIAN_POINT('',(332.987241,-143.0075,-1.2));
#9241=DIRECTION('',(0.,0.,-1.));
#9242=DIRECTION('',(-1.,0.,0.));
#9243=AXIS2_PLACEMENT_3D('',#9240,#9241,#9242);
#9244=CIRCLE('',#9243,0.5);
#9245=EDGE_CURVE('',#9239,#9231,#9244,.T.);
#9246=ORIENTED_EDGE('',*,*,#9245,.F.);
#9247=CARTESIAN_POINT('',(332.987241,-143.0075,-1.2));
#9248=DIRECTION('',(0.,0.,-1.));
#9249=DIRECTION('',(-1.,0.,0.));
#9250=AXIS2_PLACEMENT_3D('',#9247,#9248,#9249);
#9251=CIRCLE('',#9250,0.5);
#9252=EDGE_CURVE('',#9171,#9239,#9251,.T.);
#9253=ORIENTED_EDGE('',*,*,#9252,.F.);
#9254=EDGE_LOOP('',(#9177,#9186,#9195,#9203,#9212,#9220,#9229,#9237,#9246,#9253));
#9255=FACE_BOUND('',#9254,.T.);
#9256=CARTESIAN_POINT('',(327.487241,-114.195,-1.2));
#9257=VERTEX_POINT('',#9256);
#9258=CARTESIAN_POINT('',(314.468092514,-114.195,-1.2));
#9259=VERTEX_POINT('',#9258);
#9260=CARTESIAN_POINT('',(327.487241,-114.195,-1.2));
#9261=DIRECTION('',(-1.,0.,0.));
#9262=VECTOR('',#9261,13.019148486);
#9263=LINE('',#9260,#9262);
#9264=EDGE_CURVE('',#9257,#9259,#9263,.T.);
#9265=ORIENTED_EDGE('',*,*,#9264,.F.);
#9266=CARTESIAN_POINT('',(328.037241,-113.697506281,-1.2));
#9267=VERTEX_POINT('',#9266);
#9268=CARTESIAN_POINT('',(327.987241,-114.195,-1.2));
#9269=DIRECTION('',(0.,0.,-1.));
#9270=DIRECTION('',(-1.,0.,0.));
#9271=AXIS2_PLACEMENT_3D('',#9268,#9269,#9270);
#9272=CIRCLE('',#9271,0.5);
#9273=EDGE_CURVE('',#9267,#9257,#9272,.T.);
#9274=ORIENTED_EDGE('',*,*,#9273,.F.);
#9275=CARTESIAN_POINT('',(328.037241,-100.592493719,-1.2));
#9276=VERTEX_POINT('',#9275);
#9277=CARTESIAN_POINT('',(328.037241,-100.592493719,-1.2));
#9278=DIRECTION('',(0.,-1.,0.));
#9279=VECTOR('',#9278,13.105012563);
#9280=LINE('',#9277,#9279);
#9281=EDGE_CURVE('',#9276,#9267,#9280,.T.);
#9282=ORIENTED_EDGE('',*,*,#9281,.F.);
#9283=CARTESIAN_POINT('',(327.487241,-100.095,-1.2));
#9284=VERTEX_POINT('',#9283);
#9285=CARTESIAN_POINT('',(327.987241,-100.095,-1.2));
#9286=DIRECTION('',(0.,0.,-1.));
#9287=DIRECTION('',(-1.,0.,0.));
#9288=AXIS2_PLACEMENT_3D('',#9285,#9286,#9287);
#9289=CIRCLE('',#9288,0.5);
#9290=EDGE_CURVE('',#9284,#9276,#9289,.T.);
#9291=ORIENTED_EDGE('',*,*,#9290,.F.);
#9292=CARTESIAN_POINT('',(314.487241,-100.095,-1.2));
#9293=VERTEX_POINT('',#9292);
#9294=CARTESIAN_POINT('',(314.487241,-100.095,-1.2));
#9295=DIRECTION('',(1.,0.,-0.));
#9296=VECTOR('',#9295,13.);
#9297=LINE('',#9294,#9296);
#9298=EDGE_CURVE('',#9293,#9284,#9297,.T.);
#9299=ORIENTED_EDGE('',*,*,#9298,.F.);
#9300=CARTESIAN_POINT('',(313.487241,-100.095,-1.2));
#9301=VERTEX_POINT('',#9300);
#9302=CARTESIAN_POINT('',(313.987241,-100.095,-1.2));
#9303=DIRECTION('',(0.,0.,-1.));
#9304=DIRECTION('',(-1.,0.,0.));
#9305=AXIS2_PLACEMENT_3D('',#9302,#9303,#9304);
#9306=CIRCLE('',#9305,0.5);
#9307=EDGE_CURVE('',#9301,#9293,#9306,.T.);
#9308=ORIENTED_EDGE('',*,*,#9307,.F.);
#9309=CARTESIAN_POINT('',(313.937241,-100.592493719,-1.2));
#9310=VERTEX_POINT('',#9309);
#9311=CARTESIAN_POINT('',(313.987241,-100.095,-1.2));
#9312=DIRECTION('',(0.,0.,-1.));
#9313=DIRECTION('',(-1.,0.,0.));
#9314=AXIS2_PLACEMENT_3D('',#9311,#9312,#9313);
#9315=CIRCLE('',#9314,0.5);
#9316=EDGE_CURVE('',#9310,#9301,#9315,.T.);
#9317=ORIENTED_EDGE('',*,*,#9316,.F.);
#9318=CARTESIAN_POINT('',(313.937241,-113.692147619,-1.2));
#9319=VERTEX_POINT('',#9318);
#9320=CARTESIAN_POINT('',(313.937241,-113.692147619,-1.2));
#9321=DIRECTION('',(0.,1.,0.));
#9322=VECTOR('',#9321,13.099653901);
#9323=LINE('',#9320,#9322);
#9324=EDGE_CURVE('',#9319,#9310,#9323,.T.);
#9325=ORIENTED_EDGE('',*,*,#9324,.F.);
#9326=CARTESIAN_POINT('',(313.468107,-114.191194,-1.2));
#9327=VERTEX_POINT('',#9326);
#9328=CARTESIAN_POINT('',(313.968107,-114.191194,-1.2));
#9329=DIRECTION('',(0.,0.,-1.));
#9330=DIRECTION('',(-1.,0.,0.));
#9331=AXIS2_PLACEMENT_3D('',#9328,#9329,#9330);
#9332=CIRCLE('',#9331,0.5);
#9333=EDGE_CURVE('',#9327,#9319,#9332,.T.);
#9334=ORIENTED_EDGE('',*,*,#9333,.F.);
#9335=CARTESIAN_POINT('',(313.968107,-114.191194,-1.2));
#9336=DIRECTION('',(0.,0.,-1.));
#9337=DIRECTION('',(-1.,0.,0.));
#9338=AXIS2_PLACEMENT_3D('',#9335,#9336,#9337);
#9339=CIRCLE('',#9338,0.5);
#9340=EDGE_CURVE('',#9259,#9327,#9339,.T.);
#9341=ORIENTED_EDGE('',*,*,#9340,.F.);
#9342=EDGE_LOOP('',(#9265,#9274,#9282,#9291,#9299,#9308,#9317,#9325,#9334,#9341));
#9343=FACE_BOUND('',#9342,.T.);
#9344=CARTESIAN_POINT('',(352.587241,-114.3825,-1.2));
#9345=VERTEX_POINT('',#9344);
#9346=CARTESIAN_POINT('',(365.634388619,-114.3825,-1.2));
#9347=VERTEX_POINT('',#9346);
#9348=CARTESIAN_POINT('',(352.587241,-114.3825,-1.2));
#9349=DIRECTION('',(1.,0.,-0.));
#9350=VECTOR('',#9349,13.047147619);
#9351=LINE('',#9348,#9350);
#9352=EDGE_CURVE('',#9345,#9347,#9351,.T.);
#9353=ORIENTED_EDGE('',*,*,#9352,.F.);
#9354=CARTESIAN_POINT('',(351.587241,-114.3825,-1.2));
#9355=VERTEX_POINT('',#9354);
#9356=CARTESIAN_POINT('',(352.087241,-114.3825,-1.2));
#9357=DIRECTION('',(0.,0.,-1.));
#9358=DIRECTION('',(-1.,0.,0.));
#9359=AXIS2_PLACEMENT_3D('',#9356,#9357,#9358);
#9360=CIRCLE('',#9359,0.5);
#9361=EDGE_CURVE('',#9355,#9345,#9360,.T.);
#9362=ORIENTED_EDGE('',*,*,#9361,.F.);
#9363=CARTESIAN_POINT('',(352.037241,-114.879993719,-1.2));
#9364=VERTEX_POINT('',#9363);
#9365=CARTESIAN_POINT('',(352.087241,-114.3825,-1.2));
#9366=DIRECTION('',(0.,0.,-1.));
#9367=DIRECTION('',(-1.,0.,0.));
#9368=AXIS2_PLACEMENT_3D('',#9365,#9366,#9367);
#9369=CIRCLE('',#9368,0.5);
#9370=EDGE_CURVE('',#9364,#9355,#9369,.T.);
#9371=ORIENTED_EDGE('',*,*,#9370,.F.);
#9372=CARTESIAN_POINT('',(352.037241,-127.9325,-1.2));
#9373=VERTEX_POINT('',#9372);
#9374=CARTESIAN_POINT('',(352.037241,-127.9325,-1.2));
#9375=DIRECTION('',(0.,1.,0.));
#9376=VECTOR('',#9375,13.052506281);
#9377=LINE('',#9374,#9376);
#9378=EDGE_CURVE('',#9373,#9364,#9377,.T.);
#9379=ORIENTED_EDGE('',*,*,#9378,.F.);
#9380=CARTESIAN_POINT('',(351.537241,-128.4325,-1.2));
#9381=VERTEX_POINT('',#9380);
#9382=CARTESIAN_POINT('',(352.037241,-128.4325,-1.2));
#9383=DIRECTION('',(0.,0.,-1.));
#9384=DIRECTION('',(-1.,0.,0.));
#9385=AXIS2_PLACEMENT_3D('',#9382,#9383,#9384);
#9386=CIRCLE('',#9385,0.5);
#9387=EDGE_CURVE('',#9381,#9373,#9386,.T.);
#9388=ORIENTED_EDGE('',*,*,#9387,.F.);
#9389=CARTESIAN_POINT('',(352.534734719,-128.4825,-1.2));
#9390=VERTEX_POINT('',#9389);
#9391=CARTESIAN_POINT('',(352.037241,-128.4325,-1.2));
#9392=DIRECTION('',(0.,0.,-1.));
#9393=DIRECTION('',(-1.,0.,0.));
#9394=AXIS2_PLACEMENT_3D('',#9391,#9392,#9393);
#9395=CIRCLE('',#9394,0.5);
#9396=EDGE_CURVE('',#9390,#9381,#9395,.T.);
#9397=ORIENTED_EDGE('',*,*,#9396,.F.);
#9398=CARTESIAN_POINT('',(365.587241,-128.4825,-1.2));
#9399=VERTEX_POINT('',#9398);
#9400=CARTESIAN_POINT('',(365.587241,-128.4825,-1.2));
#9401=DIRECTION('',(-1.,0.,0.));
#9402=VECTOR('',#9401,13.052506281);
#9403=LINE('',#9400,#9402);
#9404=EDGE_CURVE('',#9399,#9390,#9403,.T.);
#9405=ORIENTED_EDGE('',*,*,#9404,.F.);
#9406=CARTESIAN_POINT('',(366.137241,-127.985006281,-1.2));
#9407=VERTEX_POINT('',#9406);
#9408=CARTESIAN_POINT('',(366.087241,-128.4825,-1.2));
#9409=DIRECTION('',(0.,0.,-1.));
#9410=DIRECTION('',(-1.,0.,0.));
#9411=AXIS2_PLACEMENT_3D('',#9408,#9409,#9410);
#9412=CIRCLE('',#9411,0.5);
#9413=EDGE_CURVE('',#9407,#9399,#9412,.T.);
#9414=ORIENTED_EDGE('',*,*,#9413,.F.);
#9415=CARTESIAN_POINT('',(366.137241,-114.913351514,-1.2));
#9416=VERTEX_POINT('',#9415);
#9417=CARTESIAN_POINT('',(366.137241,-114.913351514,-1.2));
#9418=DIRECTION('',(0.,-1.,0.));
#9419=VECTOR('',#9418,13.071654767);
#9420=LINE('',#9417,#9419);
#9421=EDGE_CURVE('',#9416,#9407,#9420,.T.);
#9422=ORIENTED_EDGE('',*,*,#9421,.F.);
#9423=CARTESIAN_POINT('',(366.133435,-114.413366,-1.2));
#9424=DIRECTION('',(0.,0.,-1.));
#9425=DIRECTION('',(-1.,0.,0.));
#9426=AXIS2_PLACEMENT_3D('',#9423,#9424,#9425);
#9427=CIRCLE('',#9426,0.5);
#9428=EDGE_CURVE('',#9347,#9416,#9427,.T.);
#9429=ORIENTED_EDGE('',*,*,#9428,.F.);
#9430=EDGE_LOOP('',(#9353,#9362,#9371,#9379,#9388,#9397,#9405,#9414,#9422,#9429));
#9431=FACE_BOUND('',#9430,.T.);
#9432=CARTESIAN_POINT('',(328.037241,-119.695,-1.2));
#9433=VERTEX_POINT('',#9432);
#9434=CARTESIAN_POINT('',(328.037241,-132.747506281,-1.2));
#9435=VERTEX_POINT('',#9434);
#9436=CARTESIAN_POINT('',(328.037241,-119.695,-1.2));
#9437=DIRECTION('',(0.,-1.,0.));
#9438=VECTOR('',#9437,13.052506281);
#9439=LINE('',#9436,#9438);
#9440=EDGE_CURVE('',#9433,#9435,#9439,.T.);
#9441=ORIENTED_EDGE('',*,*,#9440,.F.);
#9442=CARTESIAN_POINT('',(327.539747281,-119.145,-1.2));
#9443=VERTEX_POINT('',#9442);
#9444=CARTESIAN_POINT('',(328.037241,-119.195,-1.2));
#9445=DIRECTION('',(0.,0.,-1.));
#9446=DIRECTION('',(-1.,0.,0.));
#9447=AXIS2_PLACEMENT_3D('',#9444,#9445,#9446);
#9448=CIRCLE('',#9447,0.5);
#9449=EDGE_CURVE('',#9443,#9433,#9448,.T.);
#9450=ORIENTED_EDGE('',*,*,#9449,.F.);
#9451=CARTESIAN_POINT('',(314.440093381,-119.145,-1.2));
#9452=VERTEX_POINT('',#9451);
#9453=CARTESIAN_POINT('',(314.440093381,-119.145,-1.2));
#9454=DIRECTION('',(1.,0.,-0.));
#9455=VECTOR('',#9454,13.099653901);
#9456=LINE('',#9453,#9455);
#9457=EDGE_CURVE('',#9452,#9443,#9456,.T.);
#9458=ORIENTED_EDGE('',*,*,#9457,.F.);
#9459=CARTESIAN_POINT('',(313.441047,-119.175866,-1.2));
#9460=VERTEX_POINT('',#9459);
#9461=CARTESIAN_POINT('',(313.941047,-119.175866,-1.2));
#9462=DIRECTION('',(0.,0.,-1.));
#9463=DIRECTION('',(-1.,0.,0.));
#9464=AXIS2_PLACEMENT_3D('',#9461,#9462,#9463);
#9465=CIRCLE('',#9464,0.5);
#9466=EDGE_CURVE('',#9460,#9452,#9465,.T.);
#9467=ORIENTED_EDGE('',*,*,#9466,.F.);
#9468=CARTESIAN_POINT('',(313.937241,-119.675851514,-1.2));
#9469=VERTEX_POINT('',#9468);
#9470=CARTESIAN_POINT('',(313.941047,-119.175866,-1.2));
#9471=DIRECTION('',(0.,0.,-1.));
#9472=DIRECTION('',(-1.,0.,0.));
#9473=AXIS2_PLACEMENT_3D('',#9470,#9471,#9472);
#9474=CIRCLE('',#9473,0.5);
#9475=EDGE_CURVE('',#9469,#9460,#9474,.T.);
#9476=ORIENTED_EDGE('',*,*,#9475,.F.);
#9477=CARTESIAN_POINT('',(313.937241,-132.742147619,-1.2));
#9478=VERTEX_POINT('',#9477);
#9479=CARTESIAN_POINT('',(313.937241,-132.742147619,-1.2));
#9480=DIRECTION('',(0.,1.,0.));
#9481=VECTOR('',#9480,13.066296105);
#9482=LINE('',#9479,#9481);
#9483=EDGE_CURVE('',#9478,#9469,#9482,.T.);
#9484=ORIENTED_EDGE('',*,*,#9483,.F.);
#9485=CARTESIAN_POINT('',(313.468107,-133.241194,-1.2));
#9486=VERTEX_POINT('',#9485);
#9487=CARTESIAN_POINT('',(313.968107,-133.241194,-1.2));
#9488=DIRECTION('',(0.,0.,-1.));
#9489=DIRECTION('',(-1.,0.,0.));
#9490=AXIS2_PLACEMENT_3D('',#9487,#9488,#9489);
#9491=CIRCLE('',#9490,0.5);
#9492=EDGE_CURVE('',#9486,#9478,#9491,.T.);
#9493=ORIENTED_EDGE('',*,*,#9492,.F.);
#9494=CARTESIAN_POINT('',(314.468092514,-133.245,-1.2));
#9495=VERTEX_POINT('',#9494);
#9496=CARTESIAN_POINT('',(313.968107,-133.241194,-1.2));
#9497=DIRECTION('',(0.,0.,-1.));
#9498=DIRECTION('',(-1.,0.,0.));
#9499=AXIS2_PLACEMENT_3D('',#9496,#9497,#9498);
#9500=CIRCLE('',#9499,0.5);
#9501=EDGE_CURVE('',#9495,#9486,#9500,.T.);
#9502=ORIENTED_EDGE('',*,*,#9501,.F.);
#9503=CARTESIAN_POINT('',(327.487241,-133.245,-1.2));
#9504=VERTEX_POINT('',#9503);
#9505=CARTESIAN_POINT('',(327.487241,-133.245,-1.2));
#9506=DIRECTION('',(-1.,0.,0.));
#9507=VECTOR('',#9506,13.019148486);
#9508=LINE('',#9505,#9507);
#9509=EDGE_CURVE('',#9504,#9495,#9508,.T.);
#9510=ORIENTED_EDGE('',*,*,#9509,.F.);
#9511=CARTESIAN_POINT('',(327.987241,-133.245,-1.2));
#9512=DIRECTION('',(0.,0.,-1.));
#9513=DIRECTION('',(-1.,0.,0.));
#9514=AXIS2_PLACEMENT_3D('',#9511,#9512,#9513);
#9515=CIRCLE('',#9514,0.5);
#9516=EDGE_CURVE('',#9435,#9504,#9515,.T.);
#9517=ORIENTED_EDGE('',*,*,#9516,.F.);
#9518=EDGE_LOOP('',(#9441,#9450,#9458,#9467,#9476,#9484,#9493,#9502,#9510,#9517));
#9519=FACE_BOUND('',#9518,.T.);
#9520=CARTESIAN_POINT('',(276.340093381,-119.145,-1.2));
#9521=VERTEX_POINT('',#9520);
#9522=CARTESIAN_POINT('',(289.439747281,-119.145,-1.2));
#9523=VERTEX_POINT('',#9522);
#9524=CARTESIAN_POINT('',(276.340093381,-119.145,-1.2));
#9525=DIRECTION('',(1.,0.,-0.));
#9526=VECTOR('',#9525,13.099653901);
#9527=LINE('',#9524,#9526);
#9528=EDGE_CURVE('',#9521,#9523,#9527,.T.);
#9529=ORIENTED_EDGE('',*,*,#9528,.F.);
#9530=CARTESIAN_POINT('',(275.341047,-119.175866,-1.2));
#9531=VERTEX_POINT('',#9530);
#9532=CARTESIAN_POINT('',(275.841047,-119.175866,-1.2));
#9533=DIRECTION('',(0.,0.,-1.));
#9534=DIRECTION('',(-1.,0.,0.));
#9535=AXIS2_PLACEMENT_3D('',#9532,#9533,#9534);
#9536=CIRCLE('',#9535,0.5);
#9537=EDGE_CURVE('',#9531,#9521,#9536,.T.);
#9538=ORIENTED_EDGE('',*,*,#9537,.F.);
#9539=CARTESIAN_POINT('',(275.837241,-119.675851514,-1.2));
#9540=VERTEX_POINT('',#9539);
#9541=CARTESIAN_POINT('',(275.841047,-119.175866,-1.2));
#9542=DIRECTION('',(0.,0.,-1.));
#9543=DIRECTION('',(-1.,0.,0.));
#9544=AXIS2_PLACEMENT_3D('',#9541,#9542,#9543);
#9545=CIRCLE('',#9544,0.5);
#9546=EDGE_CURVE('',#9540,#9531,#9545,.T.);
#9547=ORIENTED_EDGE('',*,*,#9546,.F.);
#9548=CARTESIAN_POINT('',(275.837241,-132.695,-1.2));
#9549=VERTEX_POINT('',#9548);
#9550=CARTESIAN_POINT('',(275.837241,-132.695,-1.2));
#9551=DIRECTION('',(0.,1.,0.));
#9552=VECTOR('',#9551,13.019148486);
#9553=LINE('',#9550,#9552);
#9554=EDGE_CURVE('',#9549,#9540,#9553,.T.);
#9555=ORIENTED_EDGE('',*,*,#9554,.F.);
#9556=CARTESIAN_POINT('',(275.337241,-133.195,-1.2));
#9557=VERTEX_POINT('',#9556);
#9558=CARTESIAN_POINT('',(275.837241,-133.195,-1.2));
#9559=DIRECTION('',(0.,0.,-1.));
#9560=DIRECTION('',(-1.,0.,0.));
#9561=AXIS2_PLACEMENT_3D('',#9558,#9559,#9560);
#9562=CIRCLE('',#9561,0.5);
#9563=EDGE_CURVE('',#9557,#9549,#9562,.T.);
#9564=ORIENTED_EDGE('',*,*,#9563,.F.);
#9565=CARTESIAN_POINT('',(276.334734719,-133.245,-1.2));
#9566=VERTEX_POINT('',#9565);
#9567=CARTESIAN_POINT('',(275.837241,-133.195,-1.2));
#9568=DIRECTION('',(0.,0.,-1.));
#9569=DIRECTION('',(-1.,0.,0.));
#9570=AXIS2_PLACEMENT_3D('',#9567,#9568,#9569);
#9571=CIRCLE('',#9570,0.5);
#9572=EDGE_CURVE('',#9566,#9557,#9571,.T.);
#9573=ORIENTED_EDGE('',*,*,#9572,.F.);
#9574=CARTESIAN_POINT('',(289.387241,-133.245,-1.2));
#9575=VERTEX_POINT('',#9574);
#9576=CARTESIAN_POINT('',(289.387241,-133.245,-1.2));
#9577=DIRECTION('',(-1.,0.,0.));
#9578=VECTOR('',#9577,13.052506281);
#9579=LINE('',#9576,#9578);
#9580=EDGE_CURVE('',#9575,#9566,#9579,.T.);
#9581=ORIENTED_EDGE('',*,*,#9580,.F.);
#9582=CARTESIAN_POINT('',(289.937241,-132.747506281,-1.2));
#9583=VERTEX_POINT('',#9582);
#9584=CARTESIAN_POINT('',(289.887241,-133.245,-1.2));
#9585=DIRECTION('',(0.,0.,-1.));
#9586=DIRECTION('',(-1.,0.,0.));
#9587=AXIS2_PLACEMENT_3D('',#9584,#9585,#9586);
#9588=CIRCLE('',#9587,0.5);
#9589=EDGE_CURVE('',#9583,#9575,#9588,.T.);
#9590=ORIENTED_EDGE('',*,*,#9589,.F.);
#9591=CARTESIAN_POINT('',(289.937241,-119.695,-1.2));
#9592=VERTEX_POINT('',#9591);
#9593=CARTESIAN_POINT('',(289.937241,-119.695,-1.2));
#9594=DIRECTION('',(0.,-1.,0.));
#9595=VECTOR('',#9594,13.052506281);
#9596=LINE('',#9593,#9595);
#9597=EDGE_CURVE('',#9592,#9583,#9596,.T.);
#9598=ORIENTED_EDGE('',*,*,#9597,.F.);
#9599=CARTESIAN_POINT('',(289.937241,-119.195,-1.2));
#9600=DIRECTION('',(0.,0.,-1.));
#9601=DIRECTION('',(-1.,0.,0.));
#9602=AXIS2_PLACEMENT_3D('',#9599,#9600,#9601);
#9603=CIRCLE('',#9602,0.5);
#9604=EDGE_CURVE('',#9523,#9592,#9603,.T.);
#9605=ORIENTED_EDGE('',*,*,#9604,.F.);
#9606=EDGE_LOOP('',(#9529,#9538,#9547,#9555,#9564,#9573,#9581,#9590,#9598,#9605));
#9607=FACE_BOUND('',#9606,.T.);
#9608=CARTESIAN_POINT('',(347.087241,-124.404993719,-1.2));
#9609=VERTEX_POINT('',#9608);
#9610=CARTESIAN_POINT('',(347.087241,-137.9575,-1.2));
#9611=VERTEX_POINT('',#9610);
#9612=CARTESIAN_POINT('',(347.087241,-124.404993719,-1.2));
#9613=DIRECTION('',(0.,-1.,0.));
#9614=VECTOR('',#9613,13.552506281);
#9615=LINE('',#9612,#9614);
#9616=EDGE_CURVE('',#9609,#9611,#9615,.T.);
#9617=ORIENTED_EDGE('',*,*,#9616,.F.);
#9618=CARTESIAN_POINT('',(346.537241,-123.9075,-1.2));
#9619=VERTEX_POINT('',#9618);
#9620=CARTESIAN_POINT('',(347.037241,-123.9075,-1.2));
#9621=DIRECTION('',(0.,0.,-1.));
#9622=DIRECTION('',(-1.,0.,0.));
#9623=AXIS2_PLACEMENT_3D('',#9620,#9621,#9622);
#9624=CIRCLE('',#9623,0.5);
#9625=EDGE_CURVE('',#9619,#9609,#9624,.T.);
#9626=ORIENTED_EDGE('',*,*,#9625,.F.);
#9627=CARTESIAN_POINT('',(333.518092514,-123.9075,-1.2));
#9628=VERTEX_POINT('',#9627);
#9629=CARTESIAN_POINT('',(333.518092514,-123.9075,-1.2));
#9630=DIRECTION('',(1.,0.,-0.));
#9631=VECTOR('',#9630,13.019148486);
#9632=LINE('',#9629,#9631);
#9633=EDGE_CURVE('',#9628,#9619,#9632,.T.);
#9634=ORIENTED_EDGE('',*,*,#9633,.F.);
#9635=CARTESIAN_POINT('',(332.518107,-123.911306,-1.2));
#9636=VERTEX_POINT('',#9635);
#9637=CARTESIAN_POINT('',(333.018107,-123.911306,-1.2));
#9638=DIRECTION('',(0.,0.,-1.));
#9639=DIRECTION('',(-1.,0.,0.));
#9640=AXIS2_PLACEMENT_3D('',#9637,#9638,#9639);
#9641=CIRCLE('',#9640,0.5);
#9642=EDGE_CURVE('',#9636,#9628,#9641,.T.);
#9643=ORIENTED_EDGE('',*,*,#9642,.F.);
#9644=CARTESIAN_POINT('',(332.987241,-124.410352381,-1.2));
#9645=VERTEX_POINT('',#9644);
#9646=CARTESIAN_POINT('',(333.018107,-123.911306,-1.2));
#9647=DIRECTION('',(0.,0.,-1.));
#9648=DIRECTION('',(-1.,0.,0.));
#9649=AXIS2_PLACEMENT_3D('',#9646,#9647,#9648);
#9650=CIRCLE('',#9649,0.5);
#9651=EDGE_CURVE('',#9645,#9636,#9650,.T.);
#9652=ORIENTED_EDGE('',*,*,#9651,.F.);
#9653=CARTESIAN_POINT('',(332.987241,-137.4575,-1.2));
#9654=VERTEX_POINT('',#9653);
#9655=CARTESIAN_POINT('',(332.987241,-137.4575,-1.2));
#9656=DIRECTION('',(0.,1.,0.));
#9657=VECTOR('',#9656,13.047147619);
#9658=LINE('',#9655,#9657);
#9659=EDGE_CURVE('',#9654,#9645,#9658,.T.);
#9660=ORIENTED_EDGE('',*,*,#9659,.F.);
#9661=CARTESIAN_POINT('',(332.487241,-137.9575,-1.2));
#9662=VERTEX_POINT('',#9661);
#9663=CARTESIAN_POINT('',(332.987241,-137.9575,-1.2));
#9664=DIRECTION('',(0.,0.,-1.));
#9665=DIRECTION('',(-1.,0.,0.));
#9666=AXIS2_PLACEMENT_3D('',#9663,#9664,#9665);
#9667=CIRCLE('',#9666,0.5);
#9668=EDGE_CURVE('',#9662,#9654,#9667,.T.);
#9669=ORIENTED_EDGE('',*,*,#9668,.F.);
#9670=CARTESIAN_POINT('',(333.484734719,-138.0075,-1.2));
#9671=VERTEX_POINT('',#9670);
#9672=CARTESIAN_POINT('',(332.987241,-137.9575,-1.2));
#9673=DIRECTION('',(0.,0.,-1.));
#9674=DIRECTION('',(-1.,0.,0.));
#9675=AXIS2_PLACEMENT_3D('',#9672,#9673,#9674);
#9676=CIRCLE('',#9675,0.5);
#9677=EDGE_CURVE('',#9671,#9662,#9676,.T.);
#9678=ORIENTED_EDGE('',*,*,#9677,.F.);
#9679=CARTESIAN_POINT('',(347.037241,-138.0075,-1.2));
#9680=VERTEX_POINT('',#9679);
#9681=CARTESIAN_POINT('',(347.037241,-138.0075,-1.2));
#9682=DIRECTION('',(-1.,0.,0.));
#9683=VECTOR('',#9682,13.552506281);
#9684=LINE('',#9681,#9683);
#9685=EDGE_CURVE('',#9680,#9671,#9684,.T.);
#9686=ORIENTED_EDGE('',*,*,#9685,.F.);
#9687=CARTESIAN_POINT('',(347.056375,-138.003694,-1.2));
#9688=VERTEX_POINT('',#9687);
#9689=CARTESIAN_POINT('',(347.056375,-138.003694,-1.2));
#9690=DIRECTION('',(-0.980785175,-0.195090853,0.));
#9691=VECTOR('',#9690,0.019508859);
#9692=LINE('',#9689,#9691);
#9693=EDGE_CURVE('',#9688,#9680,#9692,.T.);
#9694=ORIENTED_EDGE('',*,*,#9693,.F.);
#9695=CARTESIAN_POINT('',(347.083435,-137.976634,-1.2));
#9696=VERTEX_POINT('',#9695);
#9697=CARTESIAN_POINT('',(347.083435,-137.976634,-1.2));
#9698=DIRECTION('',(-0.707106781,-0.707106781,0.));
#9699=VECTOR('',#9698,0.038268619);
#9700=LINE('',#9697,#9699);
#9701=EDGE_CURVE('',#9696,#9688,#9700,.T.);
#9702=ORIENTED_EDGE('',*,*,#9701,.F.);
#9703=CARTESIAN_POINT('',(347.087241,-137.9575,-1.2));
#9704=DIRECTION('',(-0.195090853,-0.980785175,0.));
#9705=VECTOR('',#9704,0.019508859);
#9706=LINE('',#9703,#9705);
#9707=EDGE_CURVE('',#9611,#9696,#9706,.T.);
#9708=ORIENTED_EDGE('',*,*,#9707,.F.);
#9709=EDGE_LOOP('',(#9617,#9626,#9634,#9643,#9652,#9660,#9669,#9678,#9686,#9694,#9702,#9708));
#9710=FACE_BOUND('',#9709,.T.);
#9711=CARTESIAN_POINT('',(308.489747281,-109.4325,-1.2));
#9712=VERTEX_POINT('',#9711);
#9713=CARTESIAN_POINT('',(295.384734719,-109.4325,-1.2));
#9714=VERTEX_POINT('',#9713);
#9715=CARTESIAN_POINT('',(308.489747281,-109.4325,-1.2));
#9716=DIRECTION('',(-1.,0.,0.));
#9717=VECTOR('',#9716,13.105012563);
#9718=LINE('',#9715,#9717);
#9719=EDGE_CURVE('',#9712,#9714,#9718,.T.);
#9720=ORIENTED_EDGE('',*,*,#9719,.F.);
#9721=CARTESIAN_POINT('',(308.987241,-108.8825,-1.2));
#9722=VERTEX_POINT('',#9721);
#9723=CARTESIAN_POINT('',(308.987241,-109.3825,-1.2));
#9724=DIRECTION('',(0.,0.,-1.));
#9725=DIRECTION('',(-1.,0.,0.));
#9726=AXIS2_PLACEMENT_3D('',#9723,#9724,#9725);
#9727=CIRCLE('',#9726,0.5);
#9728=EDGE_CURVE('',#9722,#9712,#9727,.T.);
#9729=ORIENTED_EDGE('',*,*,#9728,.F.);
#9730=CARTESIAN_POINT('',(308.987241,-95.829993719,-1.2));
#9731=VERTEX_POINT('',#9730);
#9732=CARTESIAN_POINT('',(308.987241,-95.829993719,-1.2));
#9733=DIRECTION('',(0.,-1.,0.));
#9734=VECTOR('',#9733,13.052506281);
#9735=LINE('',#9732,#9734);
#9736=EDGE_CURVE('',#9731,#9722,#9735,.T.);
#9737=ORIENTED_EDGE('',*,*,#9736,.F.);
#9738=CARTESIAN_POINT('',(308.437241,-95.3325,-1.2));
#9739=VERTEX_POINT('',#9738);
#9740=CARTESIAN_POINT('',(308.937241,-95.3325,-1.2));
#9741=DIRECTION('',(0.,0.,-1.));
#9742=DIRECTION('',(-1.,0.,0.));
#9743=AXIS2_PLACEMENT_3D('',#9740,#9741,#9742);
#9744=CIRCLE('',#9743,0.5);
#9745=EDGE_CURVE('',#9739,#9731,#9744,.T.);
#9746=ORIENTED_EDGE('',*,*,#9745,.F.);
#9747=CARTESIAN_POINT('',(295.384734719,-95.3325,-1.2));
#9748=VERTEX_POINT('',#9747);
#9749=CARTESIAN_POINT('',(295.384734719,-95.3325,-1.2));
#9750=DIRECTION('',(1.,0.,-0.));
#9751=VECTOR('',#9750,13.052506281);
#9752=LINE('',#9749,#9751);
#9753=EDGE_CURVE('',#9748,#9739,#9752,.T.);
#9754=ORIENTED_EDGE('',*,*,#9753,.F.);
#9755=CARTESIAN_POINT('',(294.387241,-95.3825,-1.2));
#9756=VERTEX_POINT('',#9755);
#9757=CARTESIAN_POINT('',(294.887241,-95.3825,-1.2));
#9758=DIRECTION('',(0.,0.,-1.));
#9759=DIRECTION('',(-1.,0.,0.));
#9760=AXIS2_PLACEMENT_3D('',#9757,#9758,#9759);
#9761=CIRCLE('',#9760,0.5);
#9762=EDGE_CURVE('',#9756,#9748,#9761,.T.);
#9763=ORIENTED_EDGE('',*,*,#9762,.F.);
#9764=CARTESIAN_POINT('',(294.887241,-95.8825,-1.2));
#9765=VERTEX_POINT('',#9764);
#9766=CARTESIAN_POINT('',(294.887241,-95.3825,-1.2));
#9767=DIRECTION('',(0.,0.,-1.));
#9768=DIRECTION('',(-1.,0.,0.));
#9769=AXIS2_PLACEMENT_3D('',#9766,#9767,#9768);
#9770=CIRCLE('',#9769,0.5);
#9771=EDGE_CURVE('',#9765,#9756,#9770,.T.);
#9772=ORIENTED_EDGE('',*,*,#9771,.F.);
#9773=CARTESIAN_POINT('',(294.887241,-108.8825,-1.2));
#9774=VERTEX_POINT('',#9773);
#9775=CARTESIAN_POINT('',(294.887241,-108.8825,-1.2));
#9776=DIRECTION('',(0.,1.,0.));
#9777=VECTOR('',#9776,13.);
#9778=LINE('',#9775,#9777);
#9779=EDGE_CURVE('',#9774,#9765,#9778,.T.);
#9780=ORIENTED_EDGE('',*,*,#9779,.F.);
#9781=CARTESIAN_POINT('',(294.387241,-109.3825,-1.2));
#9782=VERTEX_POINT('',#9781);
#9783=CARTESIAN_POINT('',(294.887241,-109.3825,-1.2));
#9784=DIRECTION('',(0.,0.,-1.));
#9785=DIRECTION('',(-1.,0.,0.));
#9786=AXIS2_PLACEMENT_3D('',#9783,#9784,#9785);
#9787=CIRCLE('',#9786,0.5);
#9788=EDGE_CURVE('',#9782,#9774,#9787,.T.);
#9789=ORIENTED_EDGE('',*,*,#9788,.F.);
#9790=CARTESIAN_POINT('',(294.887241,-109.3825,-1.2));
#9791=DIRECTION('',(0.,0.,-1.));
#9792=DIRECTION('',(-1.,0.,0.));
#9793=AXIS2_PLACEMENT_3D('',#9790,#9791,#9792);
#9794=CIRCLE('',#9793,0.5);
#9795=EDGE_CURVE('',#9714,#9782,#9794,.T.);
#9796=ORIENTED_EDGE('',*,*,#9795,.F.);
#9797=EDGE_LOOP('',(#9720,#9729,#9737,#9746,#9754,#9763,#9772,#9780,#9789,#9796));
#9798=FACE_BOUND('',#9797,.T.);
#9799=CARTESIAN_POINT('',(289.439747281,-114.195,-1.2));
#9800=VERTEX_POINT('',#9799);
#9801=CARTESIAN_POINT('',(276.334734719,-114.195,-1.2));
#9802=VERTEX_POINT('',#9801);
#9803=CARTESIAN_POINT('',(289.439747281,-114.195,-1.2));
#9804=DIRECTION('',(-1.,0.,0.));
#9805=VECTOR('',#9804,13.105012563);
#9806=LINE('',#9803,#9805);
#9807=EDGE_CURVE('',#9800,#9802,#9806,.T.);
#9808=ORIENTED_EDGE('',*,*,#9807,.F.);
#9809=CARTESIAN_POINT('',(289.937241,-113.645,-1.2));
#9810=VERTEX_POINT('',#9809);
#9811=CARTESIAN_POINT('',(289.937241,-114.145,-1.2));
#9812=DIRECTION('',(0.,0.,-1.));
#9813=DIRECTION('',(-1.,0.,0.));
#9814=AXIS2_PLACEMENT_3D('',#9811,#9812,#9813);
#9815=CIRCLE('',#9814,0.5);
#9816=EDGE_CURVE('',#9810,#9800,#9815,.T.);
#9817=ORIENTED_EDGE('',*,*,#9816,.F.);
#9818=CARTESIAN_POINT('',(289.937241,-100.588562937,-1.2));
#9819=VERTEX_POINT('',#9818);
#9820=CARTESIAN_POINT('',(289.937241,-100.588562937,-1.2));
#9821=DIRECTION('',(0.,-1.,0.));
#9822=VECTOR('',#9821,13.056437063);
#9823=LINE('',#9820,#9822);
#9824=EDGE_CURVE('',#9819,#9810,#9823,.T.);
#9825=ORIENTED_EDGE('',*,*,#9824,.F.);
#9826=CARTESIAN_POINT('',(289.357268333,-100.095,-1.2));
#9827=VERTEX_POINT('',#9826);
#9828=CARTESIAN_POINT('',(289.857268333,-100.095,-1.2));
#9829=DIRECTION('',(0.,0.,-1.));
#9830=DIRECTION('',(-1.,0.,0.));
#9831=AXIS2_PLACEMENT_3D('',#9828,#9829,#9830);
#9832=CIRCLE('',#9831,0.5);
#9833=EDGE_CURVE('',#9827,#9819,#9832,.T.);
#9834=ORIENTED_EDGE('',*,*,#9833,.F.);
#9835=CARTESIAN_POINT('',(276.387241,-100.095,-1.2));
#9836=VERTEX_POINT('',#9835);
#9837=CARTESIAN_POINT('',(276.387241,-100.095,-1.2));
#9838=DIRECTION('',(1.,0.,-0.));
#9839=VECTOR('',#9838,12.970027333);
#9840=LINE('',#9837,#9839);
#9841=EDGE_CURVE('',#9836,#9827,#9840,.T.);
#9842=ORIENTED_EDGE('',*,*,#9841,.F.);
#9843=CARTESIAN_POINT('',(275.387241,-100.095,-1.2));
#9844=VERTEX_POINT('',#9843);
#9845=CARTESIAN_POINT('',(275.887241,-100.095,-1.2));
#9846=DIRECTION('',(0.,0.,-1.));
#9847=DIRECTION('',(-1.,0.,0.));
#9848=AXIS2_PLACEMENT_3D('',#9845,#9846,#9847);
#9849=CIRCLE('',#9848,0.5);
#9850=EDGE_CURVE('',#9844,#9836,#9849,.T.);
#9851=ORIENTED_EDGE('',*,*,#9850,.F.);
#9852=CARTESIAN_POINT('',(275.837241,-100.592493719,-1.2));
#9853=VERTEX_POINT('',#9852);
#9854=CARTESIAN_POINT('',(275.887241,-100.095,-1.2));
#9855=DIRECTION('',(0.,0.,-1.));
#9856=DIRECTION('',(-1.,0.,0.));
#9857=AXIS2_PLACEMENT_3D('',#9854,#9855,#9856);
#9858=CIRCLE('',#9857,0.5);
#9859=EDGE_CURVE('',#9853,#9844,#9858,.T.);
#9860=ORIENTED_EDGE('',*,*,#9859,.F.);
#9861=CARTESIAN_POINT('',(275.837241,-113.645,-1.2));
#9862=VERTEX_POINT('',#9861);
#9863=CARTESIAN_POINT('',(275.837241,-113.645,-1.2));
#9864=DIRECTION('',(0.,1.,0.));
#9865=VECTOR('',#9864,13.052506281);
#9866=LINE('',#9863,#9865);
#9867=EDGE_CURVE('',#9862,#9853,#9866,.T.);
#9868=ORIENTED_EDGE('',*,*,#9867,.F.);
#9869=CARTESIAN_POINT('',(275.337241,-114.145,-1.2));
#9870=VERTEX_POINT('',#9869);
#9871=CARTESIAN_POINT('',(275.837241,-114.145,-1.2));
#9872=DIRECTION('',(0.,0.,-1.));
#9873=DIRECTION('',(-1.,0.,0.));
#9874=AXIS2_PLACEMENT_3D('',#9871,#9872,#9873);
#9875=CIRCLE('',#9874,0.5);
#9876=EDGE_CURVE('',#9870,#9862,#9875,.T.);
#9877=ORIENTED_EDGE('',*,*,#9876,.F.);
#9878=CARTESIAN_POINT('',(275.837241,-114.145,-1.2));
#9879=DIRECTION('',(0.,0.,-1.));
#9880=DIRECTION('',(-1.,0.,0.));
#9881=AXIS2_PLACEMENT_3D('',#9878,#9879,#9880);
#9882=CIRCLE('',#9881,0.5);
#9883=EDGE_CURVE('',#9802,#9870,#9882,.T.);
#9884=ORIENTED_EDGE('',*,*,#9883,.F.);
#9885=EDGE_LOOP('',(#9808,#9817,#9825,#9834,#9842,#9851,#9860,#9868,#9877,#9884));
#9886=FACE_BOUND('',#9885,.T.);
#9887=CARTESIAN_POINT('',(346.390236133,-118.9575,-1.2));
#9888=VERTEX_POINT('',#9887);
#9889=CARTESIAN_POINT('',(333.490093381,-118.9575,-1.2));
#9890=VERTEX_POINT('',#9889);
#9891=CARTESIAN_POINT('',(346.390236133,-118.9575,-1.2));
#9892=DIRECTION('',(-1.,0.,0.));
#9893=VECTOR('',#9892,12.900142752);
#9894=LINE('',#9891,#9893);
#9895=EDGE_CURVE('',#9888,#9890,#9894,.T.);
#9896=ORIENTED_EDGE('',*,*,#9895,.F.);
#9897=CARTESIAN_POINT('',(347.087241,-118.324929852,-1.2));
#9898=VERTEX_POINT('',#9897);
#9899=CARTESIAN_POINT('',(346.852213144,-118.766248226,-1.2));
#9900=DIRECTION('',(0.,0.,-1.));
#9901=DIRECTION('',(-1.,0.,0.));
#9902=AXIS2_PLACEMENT_3D('',#9899,#9900,#9901);
#9903=CIRCLE('',#9902,0.5);
#9904=EDGE_CURVE('',#9898,#9888,#9903,.T.);
#9905=ORIENTED_EDGE('',*,*,#9904,.F.);
#9906=CARTESIAN_POINT('',(347.087241,-105.4075,-1.2));
#9907=VERTEX_POINT('',#9906);
#9908=CARTESIAN_POINT('',(347.087241,-105.4075,-1.2));
#9909=DIRECTION('',(0.,-1.,0.));
#9910=VECTOR('',#9909,12.917429852);
#9911=LINE('',#9908,#9910);
#9912=EDGE_CURVE('',#9907,#9898,#9911,.T.);
#9913=ORIENTED_EDGE('',*,*,#9912,.F.);
#9914=CARTESIAN_POINT('',(346.589747281,-104.8575,-1.2));
#9915=VERTEX_POINT('',#9914);
#9916=CARTESIAN_POINT('',(347.087241,-104.9075,-1.2));
#9917=DIRECTION('',(0.,0.,-1.));
#9918=DIRECTION('',(-1.,0.,0.));
#9919=AXIS2_PLACEMENT_3D('',#9916,#9917,#9918);
#9920=CIRCLE('',#9919,0.5);
#9921=EDGE_CURVE('',#9915,#9907,#9920,.T.);
#9922=ORIENTED_EDGE('',*,*,#9921,.F.);
#9923=CARTESIAN_POINT('',(333.490093381,-104.8575,-1.2));
#9924=VERTEX_POINT('',#9923);
#9925=CARTESIAN_POINT('',(333.490093381,-104.8575,-1.2));
#9926=DIRECTION('',(1.,0.,-0.));
#9927=VECTOR('',#9926,13.099653901);
#9928=LINE('',#9925,#9927);
#9929=EDGE_CURVE('',#9924,#9915,#9928,.T.);
#9930=ORIENTED_EDGE('',*,*,#9929,.F.);
#9931=CARTESIAN_POINT('',(332.491047,-104.888366,-1.2));
#9932=VERTEX_POINT('',#9931);
#9933=CARTESIAN_POINT('',(332.991047,-104.888366,-1.2));
#9934=DIRECTION('',(0.,0.,-1.));
#9935=DIRECTION('',(-1.,0.,0.));
#9936=AXIS2_PLACEMENT_3D('',#9933,#9934,#9935);
#9937=CIRCLE('',#9936,0.5);
#9938=EDGE_CURVE('',#9932,#9924,#9937,.T.);
#9939=ORIENTED_EDGE('',*,*,#9938,.F.);
#9940=CARTESIAN_POINT('',(332.987241,-105.388351514,-1.2));
#9941=VERTEX_POINT('',#9940);
#9942=CARTESIAN_POINT('',(332.991047,-104.888366,-1.2));
#9943=DIRECTION('',(0.,0.,-1.));
#9944=DIRECTION('',(-1.,0.,0.));
#9945=AXIS2_PLACEMENT_3D('',#9942,#9943,#9944);
#9946=CIRCLE('',#9945,0.5);
#9947=EDGE_CURVE('',#9941,#9932,#9946,.T.);
#9948=ORIENTED_EDGE('',*,*,#9947,.F.);
#9949=CARTESIAN_POINT('',(332.987241,-118.426648486,-1.2));
#9950=VERTEX_POINT('',#9949);
#9951=CARTESIAN_POINT('',(332.987241,-118.426648486,-1.2));
#9952=DIRECTION('',(0.,1.,0.));
#9953=VECTOR('',#9952,13.038296972);
#9954=LINE('',#9951,#9953);
#9955=EDGE_CURVE('',#9950,#9941,#9954,.T.);
#9956=ORIENTED_EDGE('',*,*,#9955,.F.);
#9957=CARTESIAN_POINT('',(332.491047,-118.926634,-1.2));
#9958=VERTEX_POINT('',#9957);
#9959=CARTESIAN_POINT('',(332.991047,-118.926634,-1.2));
#9960=DIRECTION('',(0.,0.,-1.));
#9961=DIRECTION('',(-1.,0.,0.));
#9962=AXIS2_PLACEMENT_3D('',#9959,#9960,#9961);
#9963=CIRCLE('',#9962,0.5);
#9964=EDGE_CURVE('',#9958,#9950,#9963,.T.);
#9965=ORIENTED_EDGE('',*,*,#9964,.F.);
#9966=CARTESIAN_POINT('',(332.991047,-118.926634,-1.2));
#9967=DIRECTION('',(0.,0.,-1.));
#9968=DIRECTION('',(-1.,0.,0.));
#9969=AXIS2_PLACEMENT_3D('',#9966,#9967,#9968);
#9970=CIRCLE('',#9969,0.5);
#9971=EDGE_CURVE('',#9890,#9958,#9970,.T.);
#9972=ORIENTED_EDGE('',*,*,#9971,.F.);
#9973=EDGE_LOOP('',(#9896,#9905,#9913,#9922,#9930,#9939,#9948,#9956,#9965,#9972));
#9974=FACE_BOUND('',#9973,.T.);
#9975=CARTESIAN_POINT('',(368.319985,-106.742506,-1.2));
#9976=VERTEX_POINT('',#9975);
#9977=CARTESIAN_POINT('',(367.819985,-106.242506,-1.2));
#9978=VERTEX_POINT('',#9977);
#9979=CARTESIAN_POINT('',(367.819985,-106.742506,-1.2));
#9980=DIRECTION('',(0.,0.,1.));
#9981=DIRECTION('',(1.,0.,-0.));
#9982=AXIS2_PLACEMENT_3D('',#9979,#9980,#9981);
#9983=CIRCLE('',#9982,0.5);
#9984=EDGE_CURVE('',#9976,#9978,#9983,.T.);
#9985=ORIENTED_EDGE('',*,*,#9984,.T.);
#9986=CARTESIAN_POINT('',(350.6,-106.242506,-1.2));
#9987=VERTEX_POINT('',#9986);
#9988=CARTESIAN_POINT('',(367.819985,-106.242506,-1.2));
#9989=DIRECTION('',(-1.,0.,0.));
#9990=VECTOR('',#9989,17.219985);
#9991=LINE('',#9988,#9990);
#9992=EDGE_CURVE('',#9978,#9987,#9991,.T.);
#9993=ORIENTED_EDGE('',*,*,#9992,.T.);
#9994=CARTESIAN_POINT('',(350.1,-106.742506,-1.2));
#9995=VERTEX_POINT('',#9994);
#9996=CARTESIAN_POINT('',(350.6,-106.742506,-1.2));
#9997=DIRECTION('',(0.,0.,1.));
#9998=DIRECTION('',(1.,0.,-0.));
#9999=AXIS2_PLACEMENT_3D('',#9996,#9997,#9998);
#10000=CIRCLE('',#9999,0.5);
#10001=EDGE_CURVE('',#9987,#9995,#10000,.T.);
#10002=ORIENTED_EDGE('',*,*,#10001,.T.);
#10003=CARTESIAN_POINT('',(350.1,-109.262501,-1.2));
#10004=VERTEX_POINT('',#10003);
#10005=CARTESIAN_POINT('',(350.1,-106.742506,-1.2));
#10006=DIRECTION('',(0.,-1.,0.));
#10007=VECTOR('',#10006,2.519995);
#10008=LINE('',#10005,#10007);
#10009=EDGE_CURVE('',#9995,#10004,#10008,.T.);
#10010=ORIENTED_EDGE('',*,*,#10009,.T.);
#10011=CARTESIAN_POINT('',(350.6,-109.762501,-1.2));
#10012=VERTEX_POINT('',#10011);
#10013=CARTESIAN_POINT('',(350.6,-109.262501,-1.2));
#10014=DIRECTION('',(0.,0.,1.));
#10015=DIRECTION('',(1.,0.,-0.));
#10016=AXIS2_PLACEMENT_3D('',#10013,#10014,#10015);
#10017=CIRCLE('',#10016,0.5);
#10018=EDGE_CURVE('',#10004,#10012,#10017,.T.);
#10019=ORIENTED_EDGE('',*,*,#10018,.T.);
#10020=CARTESIAN_POINT('',(367.819985,-109.762501,-1.2));
#10021=VERTEX_POINT('',#10020);
#10022=CARTESIAN_POINT('',(350.6,-109.762501,-1.2));
#10023=DIRECTION('',(1.,0.,0.));
#10024=VECTOR('',#10023,17.219985);
#10025=LINE('',#10022,#10024);
#10026=EDGE_CURVE('',#10012,#10021,#10025,.T.);
#10027=ORIENTED_EDGE('',*,*,#10026,.T.);
#10028=CARTESIAN_POINT('',(368.319985,-109.262501,-1.2));
#10029=VERTEX_POINT('',#10028);
#10030=CARTESIAN_POINT('',(367.819985,-109.262501,-1.2));
#10031=DIRECTION('',(0.,0.,1.));
#10032=DIRECTION('',(1.,0.,-0.));
#10033=AXIS2_PLACEMENT_3D('',#10030,#10031,#10032);
#10034=CIRCLE('',#10033,0.5);
#10035=EDGE_CURVE('',#10021,#10029,#10034,.T.);
#10036=ORIENTED_EDGE('',*,*,#10035,.T.);
#10037=CARTESIAN_POINT('',(368.319985,-106.742506,-1.2));
#10038=DIRECTION('',(0.,-1.,0.));
#10039=VECTOR('',#10038,2.519995);
#10040=LINE('',#10037,#10039);
#10041=EDGE_CURVE('',#9976,#10029,#10040,.T.);
#10042=ORIENTED_EDGE('',*,*,#10041,.F.);
#10043=EDGE_LOOP('',(#9985,#9993,#10002,#10010,#10019,#10027,#10036,#10042));
#10044=FACE_BOUND('',#10043,.T.);
#10045=CARTESIAN_POINT('',(351.18,-119.9525,-1.2));
#10046=VERTEX_POINT('',#10045);
#10047=CARTESIAN_POINT('',(349.18,-119.9525,-1.2));
#10048=DIRECTION('',(-0.,-0.,-1.));
#10049=DIRECTION('',(1.,0.,-0.));
#10050=AXIS2_PLACEMENT_3D('',#10047,#10048,#10049);
#10051=CIRCLE('',#10050,2.);
#10052=EDGE_CURVE('',#10046,#10046,#10051,.T.);
#10053=ORIENTED_EDGE('',*,*,#10052,.F.);
#10054=EDGE_LOOP('',(#10053));
#10055=FACE_BOUND('',#10054,.T.);
#10056=CARTESIAN_POINT('',(294.48,-100.1525,-1.2));
#10057=VERTEX_POINT('',#10056);
#10058=CARTESIAN_POINT('',(292.48,-100.1525,-1.2));
#10059=DIRECTION('',(-0.,-0.,-1.));
#10060=DIRECTION('',(1.,0.,-0.));
#10061=AXIS2_PLACEMENT_3D('',#10058,#10059,#10060);
#10062=CIRCLE('',#10061,2.);
#10063=EDGE_CURVE('',#10057,#10057,#10062,.T.);
#10064=ORIENTED_EDGE('',*,*,#10063,.F.);
#10065=EDGE_LOOP('',(#10064));
#10066=FACE_BOUND('',#10065,.T.);
#10067=CARTESIAN_POINT('',(351.18,-139.2025,-1.2));
#10068=VERTEX_POINT('',#10067);
#10069=CARTESIAN_POINT('',(349.18,-139.2025,-1.2));
#10070=DIRECTION('',(-0.,-0.,-1.));
#10071=DIRECTION('',(1.,0.,-0.));
#10072=AXIS2_PLACEMENT_3D('',#10069,#10070,#10071);
#10073=CIRCLE('',#10072,2.);
#10074=EDGE_CURVE('',#10068,#10068,#10073,.T.);
#10075=ORIENTED_EDGE('',*,*,#10074,.F.);
#10076=EDGE_LOOP('',(#10075));
#10077=FACE_BOUND('',#10076,.T.);
#10078=CARTESIAN_POINT('',(274.83,-162.0525,-1.2));
#10079=VERTEX_POINT('',#10078);
#10080=CARTESIAN_POINT('',(272.83,-162.0525,-1.2));
#10081=DIRECTION('',(-0.,-0.,-1.));
#10082=DIRECTION('',(1.,0.,-0.));
#10083=AXIS2_PLACEMENT_3D('',#10080,#10081,#10082);
#10084=CIRCLE('',#10083,2.);
#10085=EDGE_CURVE('',#10079,#10079,#10084,.T.);
#10086=ORIENTED_EDGE('',*,*,#10085,.F.);
#10087=EDGE_LOOP('',(#10086));
#10088=FACE_BOUND('',#10087,.T.);
#10089=CARTESIAN_POINT('',(254.36537686,-168.203071032,-1.2));
#10090=VERTEX_POINT('',#10089);
#10091=CARTESIAN_POINT('',(229.445096659,-168.168661484,-1.2));
#10092=VERTEX_POINT('',#10091);
#10093=CARTESIAN_POINT('',(254.36537686,-168.203071032,-1.2));
#10094=DIRECTION('',(-0.999999047,0.001380784,0.));
#10095=VECTOR('',#10094,24.920303957);
#10096=LINE('',#10093,#10095);
#10097=EDGE_CURVE('',#10090,#10092,#10096,.T.);
#10098=ORIENTED_EDGE('',*,*,#10097,.F.);
#10099=CARTESIAN_POINT('',(254.75014054,-168.256156908,-1.2));
#10100=VERTEX_POINT('',#10099);
#10101=CARTESIAN_POINT('',(254.620731,-167.773194,-1.2));
#10102=DIRECTION('',(0.,0.,-1.));
#10103=DIRECTION('',(-1.,0.,0.));
#10104=AXIS2_PLACEMENT_3D('',#10101,#10102,#10103);
#10105=CIRCLE('',#10104,0.5);
#10106=EDGE_CURVE('',#10100,#10090,#10105,.T.);
#10107=ORIENTED_EDGE('',*,*,#10106,.F.);
#10108=CARTESIAN_POINT('',(258.11478846,-180.813192092,-1.2));
#10109=VERTEX_POINT('',#10108);
#10110=CARTESIAN_POINT('',(258.11478846,-180.813192092,-1.2));
#10111=DIRECTION('',(-0.25881908,0.965925817,0.));
#10112=VECTOR('',#10111,12.999999547);
#10113=LINE('',#10110,#10112);
#10114=EDGE_CURVE('',#10109,#10100,#10113,.T.);
#10115=ORIENTED_EDGE('',*,*,#10114,.F.);
#10116=CARTESIAN_POINT('',(257.744198,-181.296155,-1.2));
#10117=VERTEX_POINT('',#10116);
#10118=CARTESIAN_POINT('',(258.244198,-181.296155,-1.2));
#10119=DIRECTION('',(0.,0.,-1.));
#10120=DIRECTION('',(-1.,0.,0.));
#10121=AXIS2_PLACEMENT_3D('',#10118,#10119,#10120);
#10122=CIRCLE('',#10121,0.5);
#10123=EDGE_CURVE('',#10117,#10109,#10122,.T.);
#10124=ORIENTED_EDGE('',*,*,#10123,.F.);
#10125=CARTESIAN_POINT('',(258.737681063,-181.215690928,-1.2));
#10126=VERTEX_POINT('',#10125);
#10127=CARTESIAN_POINT('',(258.244198,-181.296155,-1.2));
#10128=DIRECTION('',(0.,0.,-1.));
#10129=DIRECTION('',(-1.,0.,0.));
#10130=AXIS2_PLACEMENT_3D('',#10127,#10128,#10129);
#10131=CIRCLE('',#10130,0.5);
#10132=EDGE_CURVE('',#10126,#10117,#10131,.T.);
#10133=ORIENTED_EDGE('',*,*,#10132,.F.);
#10134=CARTESIAN_POINT('',(271.396148378,-177.823864346,-1.2));
#10135=VERTEX_POINT('',#10134);
#10136=CARTESIAN_POINT('',(271.396148378,-177.823864346,-1.2));
#10137=DIRECTION('',(-0.965925817,-0.25881908,0.));
#10138=VECTOR('',#10137,13.105009818);
#10139=LINE('',#10136,#10138);
#10140=EDGE_CURVE('',#10135,#10126,#10139,.T.);
#10141=ORIENTED_EDGE('',*,*,#10140,.F.);
#10142=CARTESIAN_POINT('',(271.73433946,-177.163843092,-1.2));
#10143=VERTEX_POINT('',#10142);
#10144=CARTESIAN_POINT('',(271.863749,-177.646806,-1.2));
#10145=DIRECTION('',(0.,0.,-1.));
#10146=DIRECTION('',(-1.,0.,0.));
#10147=AXIS2_PLACEMENT_3D('',#10144,#10145,#10146);
#10148=CIRCLE('',#10147,0.5);
#10149=EDGE_CURVE('',#10143,#10135,#10148,.T.);
#10150=ORIENTED_EDGE('',*,*,#10149,.F.);
#10151=CARTESIAN_POINT('',(268.356102201,-164.556091813,-1.2));
#10152=VERTEX_POINT('',#10151);
#10153=CARTESIAN_POINT('',(268.356102201,-164.556091813,-1.2));
#10154=DIRECTION('',(0.25881908,-0.965925817,0.));
#10155=VECTOR('',#10154,13.052504713);
#10156=LINE('',#10153,#10155);
#10157=EDGE_CURVE('',#10152,#10143,#10156,.T.);
#10158=ORIENTED_EDGE('',*,*,#10157,.F.);
#10159=CARTESIAN_POINT('',(267.679047,-164.08849,-1.2));
#10160=VERTEX_POINT('',#10159);
#10161=CARTESIAN_POINT('',(268.179047,-164.08849,-1.2));
#10162=DIRECTION('',(0.,0.,-1.));
#10163=DIRECTION('',(-1.,0.,0.));
#10164=AXIS2_PLACEMENT_3D('',#10161,#10162,#10163);
#10165=CIRCLE('',#10164,0.5);
#10166=EDGE_CURVE('',#10160,#10152,#10165,.T.);
#10167=ORIENTED_EDGE('',*,*,#10166,.F.);
#10168=CARTESIAN_POINT('',(267.696084092,-164.21789954,-1.2));
#10169=VERTEX_POINT('',#10168);
#10170=CARTESIAN_POINT('',(268.179047,-164.08849,-1.2));
#10171=DIRECTION('',(0.,0.,-1.));
#10172=DIRECTION('',(-1.,0.,0.));
#10173=AXIS2_PLACEMENT_3D('',#10170,#10171,#10172);
#10174=CIRCLE('',#10173,0.5);
#10175=EDGE_CURVE('',#10169,#10160,#10174,.T.);
#10176=ORIENTED_EDGE('',*,*,#10175,.F.);
#10177=CARTESIAN_POINT('',(255.088332126,-167.596136983,-1.2));
#10178=VERTEX_POINT('',#10177);
#10179=CARTESIAN_POINT('',(255.088332126,-167.596136983,-1.2));
#10180=DIRECTION('',(0.965925817,0.25881908,0.));
#10181=VECTOR('',#10180,13.052505424);
#10182=LINE('',#10179,#10181);
#10183=EDGE_CURVE('',#10178,#10169,#10182,.T.);
#10184=ORIENTED_EDGE('',*,*,#10183,.F.);
#10185=CARTESIAN_POINT('',(254.446218045,-167.304637463,-1.2));
#10186=VERTEX_POINT('',#10185);
#10187=CARTESIAN_POINT('',(254.620731,-167.773194,-1.2));
#10188=DIRECTION('',(0.,0.,-1.));
#10189=DIRECTION('',(-1.,0.,0.));
#10190=AXIS2_PLACEMENT_3D('',#10187,#10188,#10189);
#10191=CIRCLE('',#10190,0.5);
#10192=EDGE_CURVE('',#10186,#10178,#10191,.T.);
#10193=ORIENTED_EDGE('',*,*,#10192,.F.);
#10194=CARTESIAN_POINT('',(254.505731832,-124.203222888,-1.2));
#10195=VERTEX_POINT('',#10194);
#10196=CARTESIAN_POINT('',(254.505731832,-124.203222888,-1.2));
#10197=DIRECTION('',(-0.001380784,-0.999999047,0.));
#10198=VECTOR('',#10197,43.101455663);
#10199=LINE('',#10196,#10198);
#10200=EDGE_CURVE('',#10195,#10186,#10199,.T.);
#10201=ORIENTED_EDGE('',*,*,#10200,.F.);
#10202=CARTESIAN_POINT('',(253.507113569,-123.201843058,-1.2));
#10203=VERTEX_POINT('',#10202);
#10204=CARTESIAN_POINT('',(253.505732785,-124.201842104,-1.2));
#10205=DIRECTION('',(0.,0.,1.));
#10206=DIRECTION('',(1.,0.,-0.));
#10207=AXIS2_PLACEMENT_3D('',#10204,#10205,#10206);
#10208=CIRCLE('',#10207,1.);
#10209=EDGE_CURVE('',#10195,#10203,#10208,.T.);
#10210=ORIENTED_EDGE('',*,*,#10209,.T.);
#10211=CARTESIAN_POINT('',(229.507258214,-123.168704418,-1.2));
#10212=VERTEX_POINT('',#10211);
#10213=CARTESIAN_POINT('',(253.507113569,-123.201843058,-1.2));
#10214=DIRECTION('',(-0.999999047,0.001380784,0.));
#10215=VECTOR('',#10214,23.999878233);
#10216=LINE('',#10213,#10215);
#10217=EDGE_CURVE('',#10203,#10212,#10216,.T.);
#10218=ORIENTED_EDGE('',*,*,#10217,.T.);
#10219=CARTESIAN_POINT('',(228.505878385,-124.167322069,-1.2));
#10220=VERTEX_POINT('',#10219);
#10221=CARTESIAN_POINT('',(229.50587743,-124.168703464,-1.2));
#10222=DIRECTION('',(0.,0.,1.));
#10223=DIRECTION('',(1.,0.,-0.));
#10224=AXIS2_PLACEMENT_3D('',#10221,#10222,#10223);
#10225=CIRCLE('',#10224,1.);
#10226=EDGE_CURVE('',#10212,#10220,#10225,.T.);
#10227=ORIENTED_EDGE('',*,*,#10226,.T.);
#10228=CARTESIAN_POINT('',(228.446478397,-167.167281042,-1.2));
#10229=VERTEX_POINT('',#10228);
#10230=CARTESIAN_POINT('',(228.505878385,-124.167322069,-1.2));
#10231=DIRECTION('',(-0.001381395,-0.999999046,0.));
#10232=VECTOR('',#10231,43.);
#10233=LINE('',#10230,#10232);
#10234=EDGE_CURVE('',#10220,#10229,#10233,.T.);
#10235=ORIENTED_EDGE('',*,*,#10234,.T.);
#10236=CARTESIAN_POINT('',(229.446477442,-167.168662437,-1.2));
#10237=DIRECTION('',(0.,0.,1.));
#10238=DIRECTION('',(1.,0.,-0.));
#10239=AXIS2_PLACEMENT_3D('',#10236,#10237,#10238);
#10240=CIRCLE('',#10239,1.);
#10241=EDGE_CURVE('',#10229,#10092,#10240,.T.);
#10242=ORIENTED_EDGE('',*,*,#10241,.T.);
#10243=EDGE_LOOP('',(#10098,#10107,#10115,#10124,#10133,#10141,#10150,#10158,#10167,#10176,#10184,#10193,#10201,#10210,#10218,#10227,#10235,#10242));
#10244=FACE_BOUND('',#10243,.T.);
#10245=ADVANCED_FACE('',(#8278,#8375,#8463,#8551,#8639,#8727,#8815,#8903,#8991,#9079,#9167,#9255,#9343,#9431,#9519,#9607,#9710,#9798,#9886,#9974,#10044,#10055,#10066,#10077,#10088,#10244),#8199,.T.);
#10246=CARTESIAN_POINT('',(227.478467787,-148.009628747,-1.2));
#10247=DIRECTION('',(-0.000001629,-1.,0.));
#10248=DIRECTION('',(1.,-0.000001629,0.));
#10249=AXIS2_PLACEMENT_3D('',#10246,#10247,#10248);
#10250=PLANE('',#10249);
#10251=ORIENTED_EDGE('',*,*,#6577,.T.);
#10252=CARTESIAN_POINT('',(227.97294223,-148.009629552,-5.8));
#10253=DIRECTION('',(-1.,0.000001629,0.));
#10254=VECTOR('',#10253,1.000000952);
#10255=LINE('',#10252,#10254);
#10256=EDGE_CURVE('',#6563,#2458,#10255,.T.);
#10257=ORIENTED_EDGE('',*,*,#10256,.T.);
#10258=ORIENTED_EDGE('',*,*,#2546,.F.);
#10259=CARTESIAN_POINT('',(226.972941278,-148.009627923,-2.2));
#10260=DIRECTION('',(1.,-0.000001629,-0.));
#10261=VECTOR('',#10260,1.000000952);
#10262=LINE('',#10259,#10261);
#10263=EDGE_CURVE('',#2534,#6572,#10262,.T.);
#10264=ORIENTED_EDGE('',*,*,#10263,.T.);
#10265=EDGE_LOOP('',(#10251,#10257,#10258,#10264));
#10266=FACE_BOUND('',#10265,.T.);
#10267=ADVANCED_FACE('',(#10266),#10250,.F.);
#10268=CARTESIAN_POINT('',(227.49504212,-132.011043313,-1.2));
#10269=DIRECTION('',(0.002762893,0.999996183,0.));
#10270=DIRECTION('',(-0.999996183,0.002762893,0.));
#10271=AXIS2_PLACEMENT_3D('',#10268,#10269,#10270);
#10272=PLANE('',#10271);
#10273=ORIENTED_EDGE('',*,*,#7635,.F.);
#10274=CARTESIAN_POINT('',(227.995040711,-132.012424761,-2.2));
#10275=DIRECTION('',(-0.999996183,0.002762893,-0.));
#10276=VECTOR('',#10275,1.000000999);
#10277=LINE('',#10274,#10276);
#10278=EDGE_CURVE('',#7621,#2509,#10277,.T.);
#10279=ORIENTED_EDGE('',*,*,#10278,.T.);
#10280=ORIENTED_EDGE('',*,*,#2514,.T.);
#10281=CARTESIAN_POINT('',(226.995043529,-132.009661865,-5.8));
#10282=DIRECTION('',(0.999996183,-0.002762893,0.));
#10283=VECTOR('',#10282,1.000000999);
#10284=LINE('',#10281,#10283);
#10285=EDGE_CURVE('',#2500,#7630,#10284,.T.);
#10286=ORIENTED_EDGE('',*,*,#10285,.T.);
#10287=EDGE_LOOP('',(#10273,#10279,#10280,#10286));
#10288=FACE_BOUND('',#10287,.T.);
#10289=ADVANCED_FACE('',(#10288),#10272,.F.);
#10290=CARTESIAN_POINT('',(232.637440947,0.000063561,-2.2));
#10291=DIRECTION('',(-0.000000273,1.,0.));
#10292=DIRECTION('',(-1.,-0.000000273,0.));
#10293=AXIS2_PLACEMENT_3D('',#10290,#10291,#10292);
#10294=CYLINDRICAL_SURFACE('',#10293,1.);
#10295=ORIENTED_EDGE('',*,*,#6626,.F.);
#10296=ORIENTED_EDGE('',*,*,#8168,.F.);
#10297=ORIENTED_EDGE('',*,*,#2645,.F.);
#10298=ORIENTED_EDGE('',*,*,#822,.F.);
#10299=ORIENTED_EDGE('',*,*,#8275,.F.);
#10300=EDGE_LOOP('',(#10295,#10296,#10297,#10298,#10299));
#10301=FACE_BOUND('',#10300,.T.);
#10302=ADVANCED_FACE('',(#10301),#10294,.F.);
#10303=CARTESIAN_POINT('',(263.637468182,0.,-2.2));
#10304=DIRECTION('',(0.,-1.,0.));
#10305=DIRECTION('',(0.,0.,-1.));
#10306=AXIS2_PLACEMENT_3D('',#10303,#10304,#10305);
#10307=CYLINDRICAL_SURFACE('',#10306,1.);
#10308=ORIENTED_EDGE('',*,*,#800,.F.);
#10309=ORIENTED_EDGE('',*,*,#8190,.F.);
#10310=ORIENTED_EDGE('',*,*,#7682,.F.);
#10311=ORIENTED_EDGE('',*,*,#8205,.F.);
#10312=EDGE_LOOP('',(#10308,#10309,#10310,#10311));
#10313=FACE_BOUND('',#10312,.T.);
#10314=ADVANCED_FACE('',(#10313),#10307,.F.);
#10315=CARTESIAN_POINT('',(265.637468182,-100.182507523,-5.8));
#10316=DIRECTION('',(0.,-1.,0.));
#10317=DIRECTION('',(0.,0.,-1.));
#10318=AXIS2_PLACEMENT_3D('',#10315,#10316,#10317);
#10319=CYLINDRICAL_SURFACE('',#10318,1.);
#10320=ORIENTED_EDGE('',*,*,#783,.F.);
#10321=ORIENTED_EDGE('',*,*,#7515,.F.);
#10322=ORIENTED_EDGE('',*,*,#7697,.F.);
#10323=ORIENTED_EDGE('',*,*,#8183,.F.);
#10324=EDGE_LOOP('',(#10320,#10321,#10322,#10323));
#10325=FACE_BOUND('',#10324,.T.);
#10326=ADVANCED_FACE('',(#10325),#10319,.T.);
#10327=CARTESIAN_POINT('',(230.637468318,-100.182507796,-5.8));
#10328=DIRECTION('',(-0.000000273,1.,0.));
#10329=DIRECTION('',(-1.,-0.000000273,0.));
#10330=AXIS2_PLACEMENT_3D('',#10327,#10328,#10329);
#10331=CYLINDRICAL_SURFACE('',#10330,1.);
#10332=ORIENTED_EDGE('',*,*,#6882,.F.);
#10333=ORIENTED_EDGE('',*,*,#7593,.F.);
#10334=ORIENTED_EDGE('',*,*,#2620,.F.);
#10335=ORIENTED_EDGE('',*,*,#8161,.F.);
#10336=EDGE_LOOP('',(#10332,#10333,#10334,#10335));
#10337=FACE_BOUND('',#10336,.T.);
#10338=ADVANCED_FACE('',(#10337),#10331,.T.);
#10339=CARTESIAN_POINT('',(227.497805014,-131.01104713,-5.8));
#10340=DIRECTION('',(0.999996183,-0.002762893,0.));
#10341=DIRECTION('',(0.002762893,0.999996183,0.));
#10342=AXIS2_PLACEMENT_3D('',#10339,#10340,#10341);
#10343=CYLINDRICAL_SURFACE('',#10342,1.);
#10344=ORIENTED_EDGE('',*,*,#2506,.F.);
#10345=ORIENTED_EDGE('',*,*,#7583,.F.);
#10346=ORIENTED_EDGE('',*,*,#7642,.F.);
#10347=ORIENTED_EDGE('',*,*,#10285,.F.);
#10348=EDGE_LOOP('',(#10344,#10345,#10346,#10347));
#10349=FACE_BOUND('',#10348,.T.);
#10350=ADVANCED_FACE('',(#10349),#10343,.T.);
#10351=CARTESIAN_POINT('',(-0.365757344,-132.381489621,-2.2));
#10352=DIRECTION('',(0.999996183,-0.002762893,0.));
#10353=DIRECTION('',(0.002762893,0.999996183,0.));
#10354=AXIS2_PLACEMENT_3D('',#10351,#10352,#10353);
#10355=CYLINDRICAL_SURFACE('',#10354,1.);
#10356=ORIENTED_EDGE('',*,*,#2523,.F.);
#10357=ORIENTED_EDGE('',*,*,#10278,.F.);
#10358=ORIENTED_EDGE('',*,*,#7627,.F.);
#10359=ORIENTED_EDGE('',*,*,#8263,.F.);
#10360=EDGE_LOOP('',(#10356,#10357,#10358,#10359));
#10361=FACE_BOUND('',#10360,.T.);
#10362=ADVANCED_FACE('',(#10361),#10355,.F.);
#10363=CARTESIAN_POINT('',(-0.000239477,-147.009258186,-2.2));
#10364=DIRECTION('',(-1.,0.000001629,0.));
#10365=DIRECTION('',(-0.000001629,-1.,0.));
#10366=AXIS2_PLACEMENT_3D('',#10363,#10364,#10365);
#10367=CYLINDRICAL_SURFACE('',#10366,1.);
#10368=ORIENTED_EDGE('',*,*,#6584,.F.);
#10369=ORIENTED_EDGE('',*,*,#10263,.F.);
#10370=ORIENTED_EDGE('',*,*,#2540,.F.);
#10371=ORIENTED_EDGE('',*,*,#8256,.F.);
#10372=EDGE_LOOP('',(#10368,#10369,#10370,#10371));
#10373=FACE_BOUND('',#10372,.T.);
#10374=ADVANCED_FACE('',(#10373),#10367,.F.);
#10375=CARTESIAN_POINT('',(227.478466158,-149.009628747,-5.8));
#10376=DIRECTION('',(-1.,0.000001629,0.));
#10377=DIRECTION('',(-0.000001629,-1.,0.));
#10378=AXIS2_PLACEMENT_3D('',#10375,#10376,#10377);
#10379=CYLINDRICAL_SURFACE('',#10378,1.);
#10380=ORIENTED_EDGE('',*,*,#6569,.F.);
#10381=ORIENTED_EDGE('',*,*,#7340,.F.);
#10382=ORIENTED_EDGE('',*,*,#2466,.F.);
#10383=ORIENTED_EDGE('',*,*,#10256,.F.);
#10384=EDGE_LOOP('',(#10380,#10381,#10382,#10383));
#10385=FACE_BOUND('',#10384,.T.);
#10386=ADVANCED_FACE('',(#10385),#10379,.T.);
#10387=CARTESIAN_POINT('',(239.65568,-174.536296,-1.2));
#10388=DIRECTION('',(0.48480958,-0.87461973,0.));
#10389=DIRECTION('',(0.87461973,0.48480958,0.));
#10390=AXIS2_PLACEMENT_3D('',#10387,#10388,#10389);
#10391=PLANE('',#10390);
#10392=CARTESIAN_POINT('',(245.340708135,-171.38503379,0.));
#10393=DIRECTION('',(0.,0.,-1.));
#10394=VECTOR('',#10393,1.2);
#10395=LINE('',#10392,#10394);
#10396=EDGE_CURVE('',#5030,#8299,#10395,.T.);
#10397=ORIENTED_EDGE('',*,*,#10396,.F.);
#10398=ORIENTED_EDGE('',*,*,#5120,.F.);
#10399=CARTESIAN_POINT('',(233.970651865,-177.68755821,0.));
#10400=DIRECTION('',(0.,0.,-1.));
#10401=VECTOR('',#10400,1.2);
#10402=LINE('',#10399,#10401);
#10403=EDGE_CURVE('',#5108,#8308,#10402,.T.);
#10404=ORIENTED_EDGE('',*,*,#10403,.T.);
#10405=ORIENTED_EDGE('',*,*,#8313,.T.);
#10406=EDGE_LOOP('',(#10397,#10398,#10404,#10405));
#10407=FACE_BOUND('',#10406,.T.);
#10408=ADVANCED_FACE('',(#10407),#10391,.T.);
#10409=CARTESIAN_POINT('',(249.239656,-177.284458,-1.2));
#10410=DIRECTION('',(-0.87461973,-0.48480958,0.));
#10411=DIRECTION('',(0.48480958,-0.87461973,0.));
#10412=AXIS2_PLACEMENT_3D('',#10409,#10410,#10411);
#10413=PLANE('',#10412);
#10414=CARTESIAN_POINT('',(246.062938174,-171.553506712,0.));
#10415=DIRECTION('',(0.,0.,-1.));
#10416=VECTOR('',#10415,1.2);
#10417=LINE('',#10414,#10416);
#10418=EDGE_CURVE('',#5039,#8280,#10417,.T.);
#10419=ORIENTED_EDGE('',*,*,#10418,.T.);
#10420=ORIENTED_EDGE('',*,*,#8287,.T.);
#10421=CARTESIAN_POINT('',(252.39091821,-182.969486135,0.));
#10422=DIRECTION('',(0.,0.,-1.));
#10423=VECTOR('',#10422,1.2);
#10424=LINE('',#10421,#10423);
#10425=EDGE_CURVE('',#5048,#8282,#10424,.T.);
#10426=ORIENTED_EDGE('',*,*,#10425,.F.);
#10427=ORIENTED_EDGE('',*,*,#5053,.F.);
#10428=EDGE_LOOP('',(#10419,#10420,#10426,#10427));
#10429=FACE_BOUND('',#10428,.T.);
#10430=ADVANCED_FACE('',(#10429),#10413,.T.);
#10431=CARTESIAN_POINT('',(246.4914945,-186.868434,-1.2));
#10432=DIRECTION('',(-0.48480955,0.874619746,0.));
#10433=DIRECTION('',(-0.874619746,-0.48480955,0.));
#10434=AXIS2_PLACEMENT_3D('',#10431,#10432,#10433);
#10435=PLANE('',#10434);
#10436=CARTESIAN_POINT('',(252.222445556,-183.691716561,0.));
#10437=DIRECTION('',(0.,0.,-1.));
#10438=VECTOR('',#10437,1.2);
#10439=LINE('',#10436,#10438);
#10440=EDGE_CURVE('',#5056,#8360,#10439,.T.);
#10441=ORIENTED_EDGE('',*,*,#10440,.T.);
#10442=ORIENTED_EDGE('',*,*,#8365,.T.);
#10443=CARTESIAN_POINT('',(240.760543041,-190.045151662,0.));
#10444=DIRECTION('',(0.,0.,-1.));
#10445=VECTOR('',#10444,1.2);
#10446=LINE('',#10443,#10445);
#10447=EDGE_CURVE('',#5065,#8351,#10446,.T.);
#10448=ORIENTED_EDGE('',*,*,#10447,.F.);
#10449=ORIENTED_EDGE('',*,*,#5070,.F.);
#10450=EDGE_LOOP('',(#10441,#10442,#10448,#10449));
#10451=FACE_BOUND('',#10450,.T.);
#10452=ADVANCED_FACE('',(#10451),#10435,.T.);
#10453=CARTESIAN_POINT('',(236.907518,-184.1202725,-1.2));
#10454=DIRECTION('',(0.874619746,0.48480955,0.));
#10455=DIRECTION('',(-0.48480955,0.874619746,0.));
#10456=AXIS2_PLACEMENT_3D('',#10453,#10454,#10455);
#10457=PLANE('',#10456);
#10458=CARTESIAN_POINT('',(240.058780225,-189.805301127,0.));
#10459=DIRECTION('',(0.,0.,-1.));
#10460=VECTOR('',#10459,1.2);
#10461=LINE('',#10458,#10460);
#10462=EDGE_CURVE('',#5082,#8334,#10461,.T.);
#10463=ORIENTED_EDGE('',*,*,#10462,.T.);
#10464=ORIENTED_EDGE('',*,*,#8339,.T.);
#10465=CARTESIAN_POINT('',(233.730800531,-178.389321388,0.));
#10466=DIRECTION('',(0.,0.,-1.));
#10467=VECTOR('',#10466,1.2);
#10468=LINE('',#10465,#10467);
#10469=EDGE_CURVE('',#5091,#8325,#10468,.T.);
#10470=ORIENTED_EDGE('',*,*,#10469,.F.);
#10471=ORIENTED_EDGE('',*,*,#5096,.F.);
#10472=EDGE_LOOP('',(#10463,#10464,#10470,#10471));
#10473=FACE_BOUND('',#10472,.T.);
#10474=ADVANCED_FACE('',(#10473),#10457,.T.);
#10475=CARTESIAN_POINT('',(291.842241,-170.01,-1.2));
#10476=DIRECTION('',(-1.,0.,0.));
#10477=DIRECTION('',(0.,0.,1.));
#10478=AXIS2_PLACEMENT_3D('',#10475,#10476,#10477);
#10479=PLANE('',#10478);
#10480=CARTESIAN_POINT('',(291.842241,-163.457493719,0.));
#10481=DIRECTION('',(0.,0.,-1.));
#10482=VECTOR('',#10481,1.2);
#10483=LINE('',#10480,#10482);
#10484=EDGE_CURVE('',#4871,#8448,#10483,.T.);
#10485=ORIENTED_EDGE('',*,*,#10484,.T.);
#10486=ORIENTED_EDGE('',*,*,#8453,.T.);
#10487=CARTESIAN_POINT('',(291.842241,-176.562506281,0.));
#10488=DIRECTION('',(0.,0.,-1.));
#10489=VECTOR('',#10488,1.2);
#10490=LINE('',#10487,#10489);
#10491=EDGE_CURVE('',#4880,#8439,#10490,.T.);
#10492=ORIENTED_EDGE('',*,*,#10491,.F.);
#10493=ORIENTED_EDGE('',*,*,#4885,.F.);
#10494=EDGE_LOOP('',(#10485,#10486,#10492,#10493));
#10495=FACE_BOUND('',#10494,.T.);
#10496=ADVANCED_FACE('',(#10495),#10479,.T.);
#10497=CARTESIAN_POINT('',(284.792241,-177.06,-1.2));
#10498=DIRECTION('',(0.,1.,0.));
#10499=DIRECTION('',(0.,0.,1.));
#10500=AXIS2_PLACEMENT_3D('',#10497,#10498,#10499);
#10501=PLANE('',#10500);
#10502=CARTESIAN_POINT('',(278.245093381,-177.06,0.));
#10503=DIRECTION('',(0.,0.,-1.));
#10504=VECTOR('',#10503,1.2);
#10505=LINE('',#10502,#10504);
#10506=EDGE_CURVE('',#4897,#8422,#10505,.T.);
#10507=ORIENTED_EDGE('',*,*,#10506,.F.);
#10508=ORIENTED_EDGE('',*,*,#4902,.F.);
#10509=CARTESIAN_POINT('',(291.292241,-177.06,0.));
#10510=DIRECTION('',(0.,0.,-1.));
#10511=VECTOR('',#10510,1.2);
#10512=LINE('',#10509,#10511);
#10513=EDGE_CURVE('',#4888,#8431,#10512,.T.);
#10514=ORIENTED_EDGE('',*,*,#10513,.T.);
#10515=ORIENTED_EDGE('',*,*,#8436,.T.);
#10516=EDGE_LOOP('',(#10507,#10508,#10514,#10515));
#10517=FACE_BOUND('',#10516,.T.);
#10518=ADVANCED_FACE('',(#10517),#10501,.T.);
#10519=CARTESIAN_POINT('',(277.742241,-170.01,-1.2));
#10520=DIRECTION('',(1.,0.,0.));
#10521=DIRECTION('',(0.,0.,-1.));
#10522=AXIS2_PLACEMENT_3D('',#10519,#10520,#10521);
#10523=PLANE('',#10522);
#10524=CARTESIAN_POINT('',(277.742241,-163.51,0.));
#10525=DIRECTION('',(0.,0.,-1.));
#10526=VECTOR('',#10525,1.2);
#10527=LINE('',#10524,#10526);
#10528=EDGE_CURVE('',#4845,#8396,#10527,.T.);
#10529=ORIENTED_EDGE('',*,*,#10528,.F.);
#10530=ORIENTED_EDGE('',*,*,#4926,.F.);
#10531=CARTESIAN_POINT('',(277.742241,-176.529148486,0.));
#10532=DIRECTION('',(0.,0.,-1.));
#10533=VECTOR('',#10532,1.2);
#10534=LINE('',#10531,#10533);
#10535=EDGE_CURVE('',#4914,#8405,#10534,.T.);
#10536=ORIENTED_EDGE('',*,*,#10535,.T.);
#10537=ORIENTED_EDGE('',*,*,#8410,.T.);
#10538=EDGE_LOOP('',(#10529,#10530,#10536,#10537));
#10539=FACE_BOUND('',#10538,.T.);
#10540=ADVANCED_FACE('',(#10539),#10523,.T.);
#10541=CARTESIAN_POINT('',(284.792241,-162.96,-1.2));
#10542=DIRECTION('',(0.,-1.,0.));
#10543=DIRECTION('',(0.,0.,-1.));
#10544=AXIS2_PLACEMENT_3D('',#10541,#10542,#10543);
#10545=PLANE('',#10544);
#10546=CARTESIAN_POINT('',(278.239734719,-162.96,0.));
#10547=DIRECTION('',(0.,0.,-1.));
#10548=VECTOR('',#10547,1.2);
#10549=LINE('',#10546,#10548);
#10550=EDGE_CURVE('',#4854,#8377,#10549,.T.);
#10551=ORIENTED_EDGE('',*,*,#10550,.T.);
#10552=ORIENTED_EDGE('',*,*,#8384,.T.);
#10553=CARTESIAN_POINT('',(291.292241,-162.96,0.));
#10554=DIRECTION('',(0.,0.,-1.));
#10555=VECTOR('',#10554,1.2);
#10556=LINE('',#10553,#10555);
#10557=EDGE_CURVE('',#4863,#8379,#10556,.T.);
#10558=ORIENTED_EDGE('',*,*,#10557,.F.);
#10559=ORIENTED_EDGE('',*,*,#4868,.F.);
#10560=EDGE_LOOP('',(#10551,#10552,#10558,#10559));
#10561=FACE_BOUND('',#10560,.T.);
#10562=ADVANCED_FACE('',(#10561),#10545,.T.);
#10563=CARTESIAN_POINT('',(270.0520155,-170.8853255,-1.2));
#10564=DIRECTION('',(-0.965925817,-0.25881908,0.));
#10565=DIRECTION('',(0.25881908,-0.965925817,0.));
#10566=AXIS2_PLACEMENT_3D('',#10563,#10564,#10565);
#10567=PLANE('',#10566);
#10568=CARTESIAN_POINT('',(268.356102201,-164.556091813,0.));
#10569=DIRECTION('',(0.,0.,-1.));
#10570=VECTOR('',#10569,1.2);
#10571=LINE('',#10568,#10570);
#10572=EDGE_CURVE('',#4942,#10152,#10571,.T.);
#10573=ORIENTED_EDGE('',*,*,#10572,.T.);
#10574=ORIENTED_EDGE('',*,*,#10157,.T.);
#10575=CARTESIAN_POINT('',(271.73433946,-177.163843092,0.));
#10576=DIRECTION('',(0.,0.,-1.));
#10577=VECTOR('',#10576,1.2);
#10578=LINE('',#10575,#10577);
#10579=EDGE_CURVE('',#4951,#10143,#10578,.T.);
#10580=ORIENTED_EDGE('',*,*,#10579,.F.);
#10581=ORIENTED_EDGE('',*,*,#4956,.F.);
#10582=EDGE_LOOP('',(#10573,#10574,#10580,#10581));
#10583=FACE_BOUND('',#10582,.T.);
#10584=ADVANCED_FACE('',(#10583),#10567,.T.);
#10585=CARTESIAN_POINT('',(265.0669115,-179.5197785,-1.2));
#10586=DIRECTION('',(-0.25881908,0.965925817,0.));
#10587=DIRECTION('',(-0.965925817,-0.25881908,0.));
#10588=AXIS2_PLACEMENT_3D('',#10585,#10586,#10587);
#10589=PLANE('',#10588);
#10590=CARTESIAN_POINT('',(271.396148378,-177.823864346,0.));
#10591=DIRECTION('',(0.,0.,-1.));
#10592=VECTOR('',#10591,1.2);
#10593=LINE('',#10590,#10592);
#10594=EDGE_CURVE('',#4959,#10135,#10593,.T.);
#10595=ORIENTED_EDGE('',*,*,#10594,.T.);
#10596=ORIENTED_EDGE('',*,*,#10140,.T.);
#10597=CARTESIAN_POINT('',(258.737681063,-181.215690928,0.));
#10598=DIRECTION('',(0.,0.,-1.));
#10599=VECTOR('',#10598,1.2);
#10600=LINE('',#10597,#10599);
#10601=EDGE_CURVE('',#4968,#10126,#10600,.T.);
#10602=ORIENTED_EDGE('',*,*,#10601,.F.);
#10603=ORIENTED_EDGE('',*,*,#4973,.F.);
#10604=EDGE_LOOP('',(#10595,#10596,#10602,#10603));
#10605=FACE_BOUND('',#10604,.T.);
#10606=ADVANCED_FACE('',(#10605),#10589,.T.);
#10607=CARTESIAN_POINT('',(256.4324645,-174.5346745,-1.2));
#10608=DIRECTION('',(0.965925817,0.25881908,0.));
#10609=DIRECTION('',(-0.25881908,0.965925817,0.));
#10610=AXIS2_PLACEMENT_3D('',#10607,#10608,#10609);
#10611=PLANE('',#10610);
#10612=CARTESIAN_POINT('',(254.75014054,-168.256156908,0.));
#10613=DIRECTION('',(0.,0.,-1.));
#10614=VECTOR('',#10613,1.2);
#10615=LINE('',#10612,#10614);
#10616=EDGE_CURVE('',#4994,#10100,#10615,.T.);
#10617=ORIENTED_EDGE('',*,*,#10616,.F.);
#10618=ORIENTED_EDGE('',*,*,#4999,.F.);
#10619=CARTESIAN_POINT('',(258.11478846,-180.813192092,0.));
#10620=DIRECTION('',(0.,0.,-1.));
#10621=VECTOR('',#10620,1.2);
#10622=LINE('',#10619,#10621);
#10623=EDGE_CURVE('',#4985,#10109,#10622,.T.);
#10624=ORIENTED_EDGE('',*,*,#10623,.T.);
#10625=ORIENTED_EDGE('',*,*,#10114,.T.);
#10626=EDGE_LOOP('',(#10617,#10618,#10624,#10625));
#10627=FACE_BOUND('',#10626,.T.);
#10628=ADVANCED_FACE('',(#10627),#10611,.T.);
#10629=CARTESIAN_POINT('',(261.4175665,-165.9002235,-1.2));
#10630=DIRECTION('',(0.25881908,-0.965925817,0.));
#10631=DIRECTION('',(0.965925817,0.25881908,0.));
#10632=AXIS2_PLACEMENT_3D('',#10629,#10630,#10631);
#10633=PLANE('',#10632);
#10634=CARTESIAN_POINT('',(267.696084092,-164.21789954,0.));
#10635=DIRECTION('',(0.,0.,-1.));
#10636=VECTOR('',#10635,1.2);
#10637=LINE('',#10634,#10636);
#10638=EDGE_CURVE('',#4933,#10169,#10637,.T.);
#10639=ORIENTED_EDGE('',*,*,#10638,.F.);
#10640=ORIENTED_EDGE('',*,*,#5023,.F.);
#10641=CARTESIAN_POINT('',(255.088332126,-167.596136983,0.));
#10642=DIRECTION('',(0.,0.,-1.));
#10643=VECTOR('',#10642,1.2);
#10644=LINE('',#10641,#10643);
#10645=EDGE_CURVE('',#5011,#10178,#10644,.T.);
#10646=ORIENTED_EDGE('',*,*,#10645,.T.);
#10647=ORIENTED_EDGE('',*,*,#10183,.T.);
#10648=EDGE_LOOP('',(#10639,#10640,#10646,#10647));
#10649=FACE_BOUND('',#10648,.T.);
#10650=ADVANCED_FACE('',(#10649),#10633,.T.);
#10651=CARTESIAN_POINT('',(301.937241,-147.5325,-1.2));
#10652=DIRECTION('',(0.,1.,0.));
#10653=DIRECTION('',(0.,0.,1.));
#10654=AXIS2_PLACEMENT_3D('',#10651,#10652,#10653);
#10655=PLANE('',#10654);
#10656=CARTESIAN_POINT('',(308.489747281,-147.5325,0.));
#10657=DIRECTION('',(0.,0.,-1.));
#10658=VECTOR('',#10657,1.2);
#10659=LINE('',#10656,#10658);
#10660=EDGE_CURVE('',#4158,#8536,#10659,.T.);
#10661=ORIENTED_EDGE('',*,*,#10660,.T.);
#10662=ORIENTED_EDGE('',*,*,#8541,.T.);
#10663=CARTESIAN_POINT('',(295.384734719,-147.5325,0.));
#10664=DIRECTION('',(0.,0.,-1.));
#10665=VECTOR('',#10664,1.2);
#10666=LINE('',#10663,#10665);
#10667=EDGE_CURVE('',#4167,#8527,#10666,.T.);
#10668=ORIENTED_EDGE('',*,*,#10667,.F.);
#10669=ORIENTED_EDGE('',*,*,#4172,.F.);
#10670=EDGE_LOOP('',(#10661,#10662,#10668,#10669));
#10671=FACE_BOUND('',#10670,.T.);
#10672=ADVANCED_FACE('',(#10671),#10655,.T.);
#10673=CARTESIAN_POINT('',(294.887241,-140.4825,-1.2));
#10674=DIRECTION('',(1.,0.,0.));
#10675=DIRECTION('',(0.,0.,-1.));
#10676=AXIS2_PLACEMENT_3D('',#10673,#10674,#10675);
#10677=PLANE('',#10676);
#10678=CARTESIAN_POINT('',(294.887241,-146.9825,0.));
#10679=DIRECTION('',(0.,0.,-1.));
#10680=VECTOR('',#10679,1.2);
#10681=LINE('',#10678,#10680);
#10682=EDGE_CURVE('',#4184,#8510,#10681,.T.);
#10683=ORIENTED_EDGE('',*,*,#10682,.T.);
#10684=ORIENTED_EDGE('',*,*,#8515,.T.);
#10685=CARTESIAN_POINT('',(294.887241,-133.9825,0.));
#10686=DIRECTION('',(0.,0.,-1.));
#10687=VECTOR('',#10686,1.2);
#10688=LINE('',#10685,#10687);
#10689=EDGE_CURVE('',#4193,#8501,#10688,.T.);
#10690=ORIENTED_EDGE('',*,*,#10689,.F.);
#10691=ORIENTED_EDGE('',*,*,#4198,.F.);
#10692=EDGE_LOOP('',(#10683,#10684,#10690,#10691));
#10693=FACE_BOUND('',#10692,.T.);
#10694=ADVANCED_FACE('',(#10693),#10677,.T.);
#10695=CARTESIAN_POINT('',(301.937241,-133.4325,-1.2));
#10696=DIRECTION('',(0.,-1.,0.));
#10697=DIRECTION('',(0.,0.,-1.));
#10698=AXIS2_PLACEMENT_3D('',#10695,#10696,#10697);
#10699=PLANE('',#10698);
#10700=CARTESIAN_POINT('',(308.456389486,-133.4325,0.));
#10701=DIRECTION('',(0.,0.,-1.));
#10702=VECTOR('',#10701,1.2);
#10703=LINE('',#10700,#10702);
#10704=EDGE_CURVE('',#4139,#8475,#10703,.T.);
#10705=ORIENTED_EDGE('',*,*,#10704,.F.);
#10706=ORIENTED_EDGE('',*,*,#4222,.F.);
#10707=CARTESIAN_POINT('',(295.384734719,-133.4325,0.));
#10708=DIRECTION('',(0.,0.,-1.));
#10709=VECTOR('',#10708,1.2);
#10710=LINE('',#10707,#10709);
#10711=EDGE_CURVE('',#4210,#8484,#10710,.T.);
#10712=ORIENTED_EDGE('',*,*,#10711,.T.);
#10713=ORIENTED_EDGE('',*,*,#8489,.T.);
#10714=EDGE_LOOP('',(#10705,#10706,#10712,#10713));
#10715=FACE_BOUND('',#10714,.T.);
#10716=ADVANCED_FACE('',(#10715),#10699,.T.);
#10717=CARTESIAN_POINT('',(308.987241,-140.4825,-1.2));
#10718=DIRECTION('',(-1.,0.,0.));
#10719=DIRECTION('',(0.,0.,1.));
#10720=AXIS2_PLACEMENT_3D('',#10717,#10718,#10719);
#10721=PLANE('',#10720);
#10722=CARTESIAN_POINT('',(308.987241,-133.935352381,0.));
#10723=DIRECTION('',(0.,0.,-1.));
#10724=VECTOR('',#10723,1.2);
#10725=LINE('',#10722,#10724);
#10726=EDGE_CURVE('',#4141,#8465,#10725,.T.);
#10727=ORIENTED_EDGE('',*,*,#10726,.T.);
#10728=ORIENTED_EDGE('',*,*,#8472,.T.);
#10729=CARTESIAN_POINT('',(308.987241,-146.9825,0.));
#10730=DIRECTION('',(0.,0.,-1.));
#10731=VECTOR('',#10730,1.2);
#10732=LINE('',#10729,#10731);
#10733=EDGE_CURVE('',#4150,#8467,#10732,.T.);
#10734=ORIENTED_EDGE('',*,*,#10733,.F.);
#10735=ORIENTED_EDGE('',*,*,#4155,.F.);
#10736=EDGE_LOOP('',(#10727,#10728,#10734,#10735));
#10737=FACE_BOUND('',#10736,.T.);
#10738=ADVANCED_FACE('',(#10737),#10721,.T.);
#10739=CARTESIAN_POINT('',(289.937241,-145.245,-1.2));
#10740=DIRECTION('',(-1.,0.,0.));
#10741=DIRECTION('',(0.,0.,1.));
#10742=AXIS2_PLACEMENT_3D('',#10739,#10740,#10741);
#10743=PLANE('',#10742);
#10744=CARTESIAN_POINT('',(289.937241,-138.692493719,0.));
#10745=DIRECTION('',(0.,0.,-1.));
#10746=VECTOR('',#10745,1.2);
#10747=LINE('',#10744,#10746);
#10748=EDGE_CURVE('',#4491,#8553,#10747,.T.);
#10749=ORIENTED_EDGE('',*,*,#10748,.T.);
#10750=ORIENTED_EDGE('',*,*,#8560,.T.);
#10751=CARTESIAN_POINT('',(289.937241,-151.797506281,0.));
#10752=DIRECTION('',(0.,0.,-1.));
#10753=VECTOR('',#10752,1.2);
#10754=LINE('',#10751,#10753);
#10755=EDGE_CURVE('',#4502,#8555,#10754,.T.);
#10756=ORIENTED_EDGE('',*,*,#10755,.F.);
#10757=ORIENTED_EDGE('',*,*,#4507,.F.);
#10758=EDGE_LOOP('',(#10749,#10750,#10756,#10757));
#10759=FACE_BOUND('',#10758,.T.);
#10760=ADVANCED_FACE('',(#10759),#10743,.T.);
#10761=CARTESIAN_POINT('',(282.887241,-152.295,-1.2));
#10762=DIRECTION('',(0.,1.,0.));
#10763=DIRECTION('',(0.,0.,1.));
#10764=AXIS2_PLACEMENT_3D('',#10761,#10762,#10763);
#10765=PLANE('',#10764);
#10766=CARTESIAN_POINT('',(289.387241,-152.295,0.));
#10767=DIRECTION('',(0.,0.,-1.));
#10768=VECTOR('',#10767,1.2);
#10769=LINE('',#10766,#10768);
#10770=EDGE_CURVE('',#4510,#8624,#10769,.T.);
#10771=ORIENTED_EDGE('',*,*,#10770,.T.);
#10772=ORIENTED_EDGE('',*,*,#8629,.T.);
#10773=CARTESIAN_POINT('',(276.368092514,-152.295,0.));
#10774=DIRECTION('',(0.,0.,-1.));
#10775=VECTOR('',#10774,1.2);
#10776=LINE('',#10773,#10775);
#10777=EDGE_CURVE('',#4519,#8615,#10776,.T.);
#10778=ORIENTED_EDGE('',*,*,#10777,.F.);
#10779=ORIENTED_EDGE('',*,*,#4524,.F.);
#10780=EDGE_LOOP('',(#10771,#10772,#10778,#10779));
#10781=FACE_BOUND('',#10780,.T.);
#10782=ADVANCED_FACE('',(#10781),#10765,.T.);
#10783=CARTESIAN_POINT('',(275.837241,-145.245,-1.2));
#10784=DIRECTION('',(1.,0.,0.));
#10785=DIRECTION('',(0.,0.,-1.));
#10786=AXIS2_PLACEMENT_3D('',#10783,#10784,#10785);
#10787=PLANE('',#10786);
#10788=CARTESIAN_POINT('',(275.837241,-138.725851514,0.));
#10789=DIRECTION('',(0.,0.,-1.));
#10790=VECTOR('',#10789,1.2);
#10791=LINE('',#10788,#10790);
#10792=EDGE_CURVE('',#4545,#8589,#10791,.T.);
#10793=ORIENTED_EDGE('',*,*,#10792,.F.);
#10794=ORIENTED_EDGE('',*,*,#4550,.F.);
#10795=CARTESIAN_POINT('',(275.837241,-151.792147619,0.));
#10796=DIRECTION('',(0.,0.,-1.));
#10797=VECTOR('',#10796,1.2);
#10798=LINE('',#10795,#10797);
#10799=EDGE_CURVE('',#4536,#8598,#10798,.T.);
#10800=ORIENTED_EDGE('',*,*,#10799,.T.);
#10801=ORIENTED_EDGE('',*,*,#8603,.T.);
#10802=EDGE_LOOP('',(#10793,#10794,#10800,#10801));
#10803=FACE_BOUND('',#10802,.T.);
#10804=ADVANCED_FACE('',(#10803),#10787,.T.);
#10805=CARTESIAN_POINT('',(282.887241,-138.195,-1.2));
#10806=DIRECTION('',(0.,-1.,0.));
#10807=DIRECTION('',(0.,0.,-1.));
#10808=AXIS2_PLACEMENT_3D('',#10805,#10806,#10807);
#10809=PLANE('',#10808);
#10810=CARTESIAN_POINT('',(289.387241,-138.195,0.));
#10811=DIRECTION('',(0.,0.,-1.));
#10812=VECTOR('',#10811,1.2);
#10813=LINE('',#10810,#10812);
#10814=EDGE_CURVE('',#4493,#8563,#10813,.T.);
#10815=ORIENTED_EDGE('',*,*,#10814,.F.);
#10816=ORIENTED_EDGE('',*,*,#4574,.F.);
#10817=CARTESIAN_POINT('',(276.340093381,-138.195,0.));
#10818=DIRECTION('',(0.,0.,-1.));
#10819=VECTOR('',#10818,1.2);
#10820=LINE('',#10817,#10819);
#10821=EDGE_CURVE('',#4562,#8572,#10820,.T.);
#10822=ORIENTED_EDGE('',*,*,#10821,.T.);
#10823=ORIENTED_EDGE('',*,*,#8577,.T.);
#10824=EDGE_LOOP('',(#10815,#10816,#10822,#10823));
#10825=FACE_BOUND('',#10824,.T.);
#10826=ADVANCED_FACE('',(#10825),#10809,.T.);
#10827=CARTESIAN_POINT('',(263.837241,-142.9575,-1.2));
#10828=DIRECTION('',(0.,-1.,0.));
#10829=DIRECTION('',(0.,0.,-1.));
#10830=AXIS2_PLACEMENT_3D('',#10827,#10828,#10829);
#10831=PLANE('',#10830);
#10832=CARTESIAN_POINT('',(270.389747281,-142.9575,0.));
#10833=DIRECTION('',(0.,0.,-1.));
#10834=VECTOR('',#10833,1.2);
#10835=LINE('',#10832,#10834);
#10836=EDGE_CURVE('',#4757,#8651,#10835,.T.);
#10837=ORIENTED_EDGE('',*,*,#10836,.F.);
#10838=ORIENTED_EDGE('',*,*,#4838,.F.);
#10839=CARTESIAN_POINT('',(257.337241,-142.9575,0.));
#10840=DIRECTION('',(0.,0.,-1.));
#10841=VECTOR('',#10840,1.2);
#10842=LINE('',#10839,#10841);
#10843=EDGE_CURVE('',#4826,#8660,#10842,.T.);
#10844=ORIENTED_EDGE('',*,*,#10843,.T.);
#10845=ORIENTED_EDGE('',*,*,#8665,.T.);
#10846=EDGE_LOOP('',(#10837,#10838,#10844,#10845));
#10847=FACE_BOUND('',#10846,.T.);
#10848=ADVANCED_FACE('',(#10847),#10831,.T.);
#10849=CARTESIAN_POINT('',(270.887241,-150.0075,-1.2));
#10850=DIRECTION('',(-1.,0.,0.));
#10851=DIRECTION('',(0.,0.,1.));
#10852=AXIS2_PLACEMENT_3D('',#10849,#10850,#10851);
#10853=PLANE('',#10852);
#10854=CARTESIAN_POINT('',(270.887241,-143.5075,0.));
#10855=DIRECTION('',(0.,0.,-1.));
#10856=VECTOR('',#10855,1.2);
#10857=LINE('',#10854,#10856);
#10858=EDGE_CURVE('',#4755,#8641,#10857,.T.);
#10859=ORIENTED_EDGE('',*,*,#10858,.T.);
#10860=ORIENTED_EDGE('',*,*,#8648,.T.);
#10861=CARTESIAN_POINT('',(270.887241,-156.560006281,0.));
#10862=DIRECTION('',(0.,0.,-1.));
#10863=VECTOR('',#10862,1.2);
#10864=LINE('',#10861,#10863);
#10865=EDGE_CURVE('',#4766,#8643,#10864,.T.);
#10866=ORIENTED_EDGE('',*,*,#10865,.F.);
#10867=ORIENTED_EDGE('',*,*,#4771,.F.);
#10868=EDGE_LOOP('',(#10859,#10860,#10866,#10867));
#10869=FACE_BOUND('',#10868,.T.);
#10870=ADVANCED_FACE('',(#10869),#10853,.T.);
#10871=CARTESIAN_POINT('',(263.837241,-157.0575,-1.2));
#10872=DIRECTION('',(0.,1.,0.));
#10873=DIRECTION('',(0.,0.,1.));
#10874=AXIS2_PLACEMENT_3D('',#10871,#10872,#10873);
#10875=PLANE('',#10874);
#10876=CARTESIAN_POINT('',(270.337241,-157.0575,0.));
#10877=DIRECTION('',(0.,0.,-1.));
#10878=VECTOR('',#10877,1.2);
#10879=LINE('',#10876,#10878);
#10880=EDGE_CURVE('',#4774,#8712,#10879,.T.);
#10881=ORIENTED_EDGE('',*,*,#10880,.T.);
#10882=ORIENTED_EDGE('',*,*,#8717,.T.);
#10883=CARTESIAN_POINT('',(257.290093381,-157.0575,0.));
#10884=DIRECTION('',(0.,0.,-1.));
#10885=VECTOR('',#10884,1.2);
#10886=LINE('',#10883,#10885);
#10887=EDGE_CURVE('',#4783,#8703,#10886,.T.);
#10888=ORIENTED_EDGE('',*,*,#10887,.F.);
#10889=ORIENTED_EDGE('',*,*,#4788,.F.);
#10890=EDGE_LOOP('',(#10881,#10882,#10888,#10889));
#10891=FACE_BOUND('',#10890,.T.);
#10892=ADVANCED_FACE('',(#10891),#10875,.T.);
#10893=CARTESIAN_POINT('',(256.787241,-150.0075,-1.2));
#10894=DIRECTION('',(1.,0.,0.));
#10895=DIRECTION('',(0.,0.,-1.));
#10896=AXIS2_PLACEMENT_3D('',#10893,#10894,#10895);
#10897=PLANE('',#10896);
#10898=CARTESIAN_POINT('',(256.787241,-143.454993719,0.));
#10899=DIRECTION('',(0.,0.,-1.));
#10900=VECTOR('',#10899,1.2);
#10901=LINE('',#10898,#10900);
#10902=EDGE_CURVE('',#4809,#8677,#10901,.T.);
#10903=ORIENTED_EDGE('',*,*,#10902,.F.);
#10904=ORIENTED_EDGE('',*,*,#4814,.F.);
#10905=CARTESIAN_POINT('',(256.787241,-156.526648486,0.));
#10906=DIRECTION('',(0.,0.,-1.));
#10907=VECTOR('',#10906,1.2);
#10908=LINE('',#10905,#10907);
#10909=EDGE_CURVE('',#4800,#8686,#10908,.T.);
#10910=ORIENTED_EDGE('',*,*,#10909,.T.);
#10911=ORIENTED_EDGE('',*,*,#8691,.T.);
#10912=EDGE_LOOP('',(#10903,#10904,#10910,#10911));
#10913=FACE_BOUND('',#10912,.T.);
#10914=ADVANCED_FACE('',(#10913),#10897,.T.);
#10915=CARTESIAN_POINT('',(366.137241,-140.4825,-1.2));
#10916=DIRECTION('',(-1.,0.,0.));
#10917=DIRECTION('',(0.,0.,1.));
#10918=AXIS2_PLACEMENT_3D('',#10915,#10916,#10917);
#10919=PLANE('',#10918);
#10920=CARTESIAN_POINT('',(366.137241,-133.929993719,0.));
#10921=DIRECTION('',(0.,0.,-1.));
#10922=VECTOR('',#10921,1.2);
#10923=LINE('',#10920,#10922);
#10924=EDGE_CURVE('',#3624,#8800,#10923,.T.);
#10925=ORIENTED_EDGE('',*,*,#10924,.T.);
#10926=ORIENTED_EDGE('',*,*,#8805,.T.);
#10927=CARTESIAN_POINT('',(366.137241,-146.9825,0.));
#10928=DIRECTION('',(0.,0.,-1.));
#10929=VECTOR('',#10928,1.2);
#10930=LINE('',#10927,#10929);
#10931=EDGE_CURVE('',#3633,#8791,#10930,.T.);
#10932=ORIENTED_EDGE('',*,*,#10931,.F.);
#10933=ORIENTED_EDGE('',*,*,#3638,.F.);
#10934=EDGE_LOOP('',(#10925,#10926,#10932,#10933));
#10935=FACE_BOUND('',#10934,.T.);
#10936=ADVANCED_FACE('',(#10935),#10919,.T.);
#10937=CARTESIAN_POINT('',(363.887241,-147.5325,-1.2));
#10938=DIRECTION('',(0.,1.,0.));
#10939=DIRECTION('',(0.,0.,1.));
#10940=AXIS2_PLACEMENT_3D('',#10937,#10938,#10939);
#10941=PLANE('',#10940);
#10942=CARTESIAN_POINT('',(352.534734719,-147.5325,0.));
#10943=DIRECTION('',(0.,0.,-1.));
#10944=VECTOR('',#10943,1.2);
#10945=LINE('',#10942,#10944);
#10946=EDGE_CURVE('',#3650,#8774,#10945,.T.);
#10947=ORIENTED_EDGE('',*,*,#10946,.F.);
#10948=ORIENTED_EDGE('',*,*,#3655,.F.);
#10949=CARTESIAN_POINT('',(365.639747281,-147.5325,0.));
#10950=DIRECTION('',(0.,0.,-1.));
#10951=VECTOR('',#10950,1.2);
#10952=LINE('',#10949,#10951);
#10953=EDGE_CURVE('',#3641,#8783,#10952,.T.);
#10954=ORIENTED_EDGE('',*,*,#10953,.T.);
#10955=ORIENTED_EDGE('',*,*,#8788,.T.);
#10956=EDGE_LOOP('',(#10947,#10948,#10954,#10955));
#10957=FACE_BOUND('',#10956,.T.);
#10958=ADVANCED_FACE('',(#10957),#10941,.T.);
#10959=CARTESIAN_POINT('',(352.037241,-140.4825,-1.2));
#10960=DIRECTION('',(1.,0.,0.));
#10961=DIRECTION('',(0.,0.,-1.));
#10962=AXIS2_PLACEMENT_3D('',#10959,#10960,#10961);
#10963=PLANE('',#10962);
#10964=CARTESIAN_POINT('',(352.037241,-133.935352381,0.));
#10965=DIRECTION('',(0.,0.,-1.));
#10966=VECTOR('',#10965,1.2);
#10967=LINE('',#10964,#10966);
#10968=EDGE_CURVE('',#3596,#8748,#10967,.T.);
#10969=ORIENTED_EDGE('',*,*,#10968,.F.);
#10970=ORIENTED_EDGE('',*,*,#3679,.F.);
#10971=CARTESIAN_POINT('',(352.037241,-146.9825,0.));
#10972=DIRECTION('',(0.,0.,-1.));
#10973=VECTOR('',#10972,1.2);
#10974=LINE('',#10971,#10973);
#10975=EDGE_CURVE('',#3667,#8757,#10974,.T.);
#10976=ORIENTED_EDGE('',*,*,#10975,.T.);
#10977=ORIENTED_EDGE('',*,*,#8762,.T.);
#10978=EDGE_LOOP('',(#10969,#10970,#10976,#10977));
#10979=FACE_BOUND('',#10978,.T.);
#10980=ADVANCED_FACE('',(#10979),#10963,.T.);
#10981=CARTESIAN_POINT('',(359.087241,-133.4325,-1.2));
#10982=DIRECTION('',(0.,-1.,0.));
#10983=DIRECTION('',(0.,0.,-1.));
#10984=AXIS2_PLACEMENT_3D('',#10981,#10982,#10983);
#10985=PLANE('',#10984);
#10986=CARTESIAN_POINT('',(352.568092514,-133.4325,0.));
#10987=DIRECTION('',(0.,0.,-1.));
#10988=VECTOR('',#10987,1.2);
#10989=LINE('',#10986,#10988);
#10990=EDGE_CURVE('',#3607,#8729,#10989,.T.);
#10991=ORIENTED_EDGE('',*,*,#10990,.T.);
#10992=ORIENTED_EDGE('',*,*,#8736,.T.);
#10993=CARTESIAN_POINT('',(365.587241,-133.4325,0.));
#10994=DIRECTION('',(0.,0.,-1.));
#10995=VECTOR('',#10994,1.2);
#10996=LINE('',#10993,#10995);
#10997=EDGE_CURVE('',#3616,#8731,#10996,.T.);
#10998=ORIENTED_EDGE('',*,*,#10997,.F.);
#10999=ORIENTED_EDGE('',*,*,#3621,.F.);
#11000=EDGE_LOOP('',(#10991,#10992,#10998,#10999));
#11001=FACE_BOUND('',#11000,.T.);
#11002=ADVANCED_FACE('',(#11001),#10985,.T.);
#11003=CARTESIAN_POINT('',(263.837241,-138.0075,-1.2));
#11004=DIRECTION('',(0.,1.,0.));
#11005=DIRECTION('',(0.,0.,1.));
#11006=AXIS2_PLACEMENT_3D('',#11003,#11004,#11005);
#11007=PLANE('',#11006);
#11008=CARTESIAN_POINT('',(257.337241,-138.0075,0.));
#11009=DIRECTION('',(0.,0.,-1.));
#11010=VECTOR('',#11009,1.2);
#11011=LINE('',#11008,#11010);
#11012=EDGE_CURVE('',#4721,#8862,#11011,.T.);
#11013=ORIENTED_EDGE('',*,*,#11012,.F.);
#11014=ORIENTED_EDGE('',*,*,#4726,.F.);
#11015=CARTESIAN_POINT('',(270.389747281,-138.0075,0.));
#11016=DIRECTION('',(0.,0.,-1.));
#11017=VECTOR('',#11016,1.2);
#11018=LINE('',#11015,#11017);
#11019=EDGE_CURVE('',#4712,#8871,#11018,.T.);
#11020=ORIENTED_EDGE('',*,*,#11019,.T.);
#11021=ORIENTED_EDGE('',*,*,#8876,.T.);
#11022=EDGE_LOOP('',(#11013,#11014,#11020,#11021));
#11023=FACE_BOUND('',#11022,.T.);
#11024=ADVANCED_FACE('',(#11023),#11007,.T.);
#11025=CARTESIAN_POINT('',(256.787241,-130.9575,-1.2));
#11026=DIRECTION('',(1.,0.,0.));
#11027=DIRECTION('',(0.,0.,-1.));
#11028=AXIS2_PLACEMENT_3D('',#11025,#11026,#11027);
#11029=PLANE('',#11028);
#11030=CARTESIAN_POINT('',(256.787241,-124.438351514,0.));
#11031=DIRECTION('',(0.,0.,-1.));
#11032=VECTOR('',#11031,1.2);
#11033=LINE('',#11030,#11032);
#11034=EDGE_CURVE('',#4669,#8836,#11033,.T.);
#11035=ORIENTED_EDGE('',*,*,#11034,.F.);
#11036=ORIENTED_EDGE('',*,*,#4750,.F.);
#11037=CARTESIAN_POINT('',(256.787241,-137.510006281,0.));
#11038=DIRECTION('',(0.,0.,-1.));
#11039=VECTOR('',#11038,1.2);
#11040=LINE('',#11037,#11039);
#11041=EDGE_CURVE('',#4738,#8845,#11040,.T.);
#11042=ORIENTED_EDGE('',*,*,#11041,.T.);
#11043=ORIENTED_EDGE('',*,*,#8850,.T.);
#11044=EDGE_LOOP('',(#11035,#11036,#11042,#11043));
#11045=FACE_BOUND('',#11044,.T.);
#11046=ADVANCED_FACE('',(#11045),#11029,.T.);
#11047=CARTESIAN_POINT('',(263.837241,-123.9075,-1.2));
#11048=DIRECTION('',(0.,-1.,0.));
#11049=DIRECTION('',(0.,0.,-1.));
#11050=AXIS2_PLACEMENT_3D('',#11047,#11048,#11049);
#11051=PLANE('',#11050);
#11052=CARTESIAN_POINT('',(257.290093381,-123.9075,0.));
#11053=DIRECTION('',(0.,0.,-1.));
#11054=VECTOR('',#11053,1.2);
#11055=LINE('',#11052,#11054);
#11056=EDGE_CURVE('',#4678,#8817,#11055,.T.);
#11057=ORIENTED_EDGE('',*,*,#11056,.T.);
#11058=ORIENTED_EDGE('',*,*,#8824,.T.);
#11059=CARTESIAN_POINT('',(270.389747281,-123.9075,0.));
#11060=DIRECTION('',(0.,0.,-1.));
#11061=VECTOR('',#11060,1.2);
#11062=LINE('',#11059,#11061);
#11063=EDGE_CURVE('',#4687,#8819,#11062,.T.);
#11064=ORIENTED_EDGE('',*,*,#11063,.F.);
#11065=ORIENTED_EDGE('',*,*,#4692,.F.);
#11066=EDGE_LOOP('',(#11057,#11058,#11064,#11065));
#11067=FACE_BOUND('',#11066,.T.);
#11068=ADVANCED_FACE('',(#11067),#11051,.T.);
#11069=CARTESIAN_POINT('',(270.887241,-130.9575,-1.2));
#11070=DIRECTION('',(-1.,0.,0.));
#11071=DIRECTION('',(0.,0.,1.));
#11072=AXIS2_PLACEMENT_3D('',#11069,#11070,#11071);
#11073=PLANE('',#11072);
#11074=CARTESIAN_POINT('',(270.887241,-124.4575,0.));
#11075=DIRECTION('',(0.,0.,-1.));
#11076=VECTOR('',#11075,1.2);
#11077=LINE('',#11074,#11076);
#11078=EDGE_CURVE('',#4695,#8888,#11077,.T.);
#11079=ORIENTED_EDGE('',*,*,#11078,.T.);
#11080=ORIENTED_EDGE('',*,*,#8893,.T.);
#11081=CARTESIAN_POINT('',(270.887241,-137.4575,0.));
#11082=DIRECTION('',(0.,0.,-1.));
#11083=VECTOR('',#11082,1.2);
#11084=LINE('',#11081,#11083);
#11085=EDGE_CURVE('',#4704,#8879,#11084,.T.);
#11086=ORIENTED_EDGE('',*,*,#11085,.F.);
#11087=ORIENTED_EDGE('',*,*,#4709,.F.);
#11088=EDGE_LOOP('',(#11079,#11080,#11086,#11087));
#11089=FACE_BOUND('',#11088,.T.);
#11090=ADVANCED_FACE('',(#11089),#11073,.T.);
#11091=CARTESIAN_POINT('',(263.837241,-118.9575,-1.2));
#11092=DIRECTION('',(0.,1.,0.));
#11093=DIRECTION('',(0.,0.,1.));
#11094=AXIS2_PLACEMENT_3D('',#11091,#11092,#11093);
#11095=PLANE('',#11094);
#11096=CARTESIAN_POINT('',(257.290093381,-118.9575,0.));
#11097=DIRECTION('',(0.,0.,-1.));
#11098=VECTOR('',#11097,1.2);
#11099=LINE('',#11096,#11098);
#11100=EDGE_CURVE('',#4343,#8967,#11099,.T.);
#11101=ORIENTED_EDGE('',*,*,#11100,.F.);
#11102=ORIENTED_EDGE('',*,*,#4348,.F.);
#11103=CARTESIAN_POINT('',(270.337241,-118.9575,0.));
#11104=DIRECTION('',(0.,0.,-1.));
#11105=VECTOR('',#11104,1.2);
#11106=LINE('',#11103,#11105);
#11107=EDGE_CURVE('',#4334,#8976,#11106,.T.);
#11108=ORIENTED_EDGE('',*,*,#11107,.T.);
#11109=ORIENTED_EDGE('',*,*,#8981,.T.);
#11110=EDGE_LOOP('',(#11101,#11102,#11108,#11109));
#11111=FACE_BOUND('',#11110,.T.);
#11112=ADVANCED_FACE('',(#11111),#11095,.T.);
#11113=CARTESIAN_POINT('',(256.787241,-111.9075,-1.2));
#11114=DIRECTION('',(1.,0.,0.));
#11115=DIRECTION('',(0.,0.,-1.));
#11116=AXIS2_PLACEMENT_3D('',#11113,#11114,#11115);
#11117=PLANE('',#11116);
#11118=CARTESIAN_POINT('',(256.787241,-105.4075,0.));
#11119=DIRECTION('',(0.,0.,-1.));
#11120=VECTOR('',#11119,1.2);
#11121=LINE('',#11118,#11120);
#11122=EDGE_CURVE('',#4369,#8941,#11121,.T.);
#11123=ORIENTED_EDGE('',*,*,#11122,.F.);
#11124=ORIENTED_EDGE('',*,*,#4374,.F.);
#11125=CARTESIAN_POINT('',(256.787241,-118.426648486,0.));
#11126=DIRECTION('',(0.,0.,-1.));
#11127=VECTOR('',#11126,1.2);
#11128=LINE('',#11125,#11127);
#11129=EDGE_CURVE('',#4360,#8950,#11128,.T.);
#11130=ORIENTED_EDGE('',*,*,#11129,.T.);
#11131=ORIENTED_EDGE('',*,*,#8955,.T.);
#11132=EDGE_LOOP('',(#11123,#11124,#11130,#11131));
#11133=FACE_BOUND('',#11132,.T.);
#11134=ADVANCED_FACE('',(#11133),#11117,.T.);
#11135=CARTESIAN_POINT('',(263.837241,-104.8575,-1.2));
#11136=DIRECTION('',(0.,-1.,0.));
#11137=DIRECTION('',(0.,0.,-1.));
#11138=AXIS2_PLACEMENT_3D('',#11135,#11136,#11137);
#11139=PLANE('',#11138);
#11140=CARTESIAN_POINT('',(270.384388619,-104.8575,0.));
#11141=DIRECTION('',(0.,0.,-1.));
#11142=VECTOR('',#11141,1.2);
#11143=LINE('',#11140,#11142);
#11144=EDGE_CURVE('',#4317,#8915,#11143,.T.);
#11145=ORIENTED_EDGE('',*,*,#11144,.F.);
#11146=ORIENTED_EDGE('',*,*,#4398,.F.);
#11147=CARTESIAN_POINT('',(257.284734719,-104.8575,0.));
#11148=DIRECTION('',(0.,0.,-1.));
#11149=VECTOR('',#11148,1.2);
#11150=LINE('',#11147,#11149);
#11151=EDGE_CURVE('',#4386,#8924,#11150,.T.);
#11152=ORIENTED_EDGE('',*,*,#11151,.T.);
#11153=ORIENTED_EDGE('',*,*,#8929,.T.);
#11154=EDGE_LOOP('',(#11145,#11146,#11152,#11153));
#11155=FACE_BOUND('',#11154,.T.);
#11156=ADVANCED_FACE('',(#11155),#11139,.T.);
#11157=CARTESIAN_POINT('',(270.887241,-111.9075,-1.2));
#11158=DIRECTION('',(-1.,0.,0.));
#11159=DIRECTION('',(0.,0.,1.));
#11160=AXIS2_PLACEMENT_3D('',#11157,#11158,#11159);
#11161=PLANE('',#11160);
#11162=CARTESIAN_POINT('',(270.887241,-105.388351514,0.));
#11163=DIRECTION('',(0.,0.,-1.));
#11164=VECTOR('',#11163,1.2);
#11165=LINE('',#11162,#11164);
#11166=EDGE_CURVE('',#4315,#8905,#11165,.T.);
#11167=ORIENTED_EDGE('',*,*,#11166,.T.);
#11168=ORIENTED_EDGE('',*,*,#8912,.T.);
#11169=CARTESIAN_POINT('',(270.887241,-118.460006281,0.));
#11170=DIRECTION('',(0.,0.,-1.));
#11171=VECTOR('',#11170,1.2);
#11172=LINE('',#11169,#11171);
#11173=EDGE_CURVE('',#4326,#8907,#11172,.T.);
#11174=ORIENTED_EDGE('',*,*,#11173,.F.);
#11175=ORIENTED_EDGE('',*,*,#4331,.F.);
#11176=EDGE_LOOP('',(#11167,#11168,#11174,#11175));
#11177=FACE_BOUND('',#11176,.T.);
#11178=ADVANCED_FACE('',(#11177),#11161,.T.);
#11179=CARTESIAN_POINT('',(301.937241,-128.4825,-1.2));
#11180=DIRECTION('',(0.,1.,0.));
#11181=DIRECTION('',(0.,0.,1.));
#11182=AXIS2_PLACEMENT_3D('',#11179,#11180,#11181);
#11183=PLANE('',#11182);
#11184=CARTESIAN_POINT('',(308.489747281,-128.4825,0.));
#11185=DIRECTION('',(0.,0.,-1.));
#11186=VECTOR('',#11185,1.2);
#11187=LINE('',#11184,#11186);
#11188=EDGE_CURVE('',#3877,#8993,#11187,.T.);
#11189=ORIENTED_EDGE('',*,*,#11188,.T.);
#11190=ORIENTED_EDGE('',*,*,#9000,.T.);
#11191=CARTESIAN_POINT('',(295.437241,-128.4825,0.));
#11192=DIRECTION('',(0.,0.,-1.));
#11193=VECTOR('',#11192,1.2);
#11194=LINE('',#11191,#11193);
#11195=EDGE_CURVE('',#3886,#8995,#11194,.T.);
#11196=ORIENTED_EDGE('',*,*,#11195,.F.);
#11197=ORIENTED_EDGE('',*,*,#3891,.F.);
#11198=EDGE_LOOP('',(#11189,#11190,#11196,#11197));
#11199=FACE_BOUND('',#11198,.T.);
#11200=ADVANCED_FACE('',(#11199),#11183,.T.);
#11201=CARTESIAN_POINT('',(294.887241,-121.4325,-1.2));
#11202=DIRECTION('',(1.,0.,0.));
#11203=DIRECTION('',(0.,0.,-1.));
#11204=AXIS2_PLACEMENT_3D('',#11201,#11202,#11203);
#11205=PLANE('',#11204);
#11206=CARTESIAN_POINT('',(294.887241,-127.985006281,0.));
#11207=DIRECTION('',(0.,0.,-1.));
#11208=VECTOR('',#11207,1.2);
#11209=LINE('',#11206,#11208);
#11210=EDGE_CURVE('',#3903,#9055,#11209,.T.);
#11211=ORIENTED_EDGE('',*,*,#11210,.T.);
#11212=ORIENTED_EDGE('',*,*,#9060,.T.);
#11213=CARTESIAN_POINT('',(294.887241,-114.9325,0.));
#11214=DIRECTION('',(0.,0.,-1.));
#11215=VECTOR('',#11214,1.2);
#11216=LINE('',#11213,#11215);
#11217=EDGE_CURVE('',#3912,#9046,#11216,.T.);
#11218=ORIENTED_EDGE('',*,*,#11217,.F.);
#11219=ORIENTED_EDGE('',*,*,#3917,.F.);
#11220=EDGE_LOOP('',(#11211,#11212,#11218,#11219));
#11221=FACE_BOUND('',#11220,.T.);
#11222=ADVANCED_FACE('',(#11221),#11205,.T.);
#11223=CARTESIAN_POINT('',(301.937241,-114.3825,-1.2));
#11224=DIRECTION('',(0.,-1.,0.));
#11225=DIRECTION('',(0.,0.,-1.));
#11226=AXIS2_PLACEMENT_3D('',#11223,#11224,#11225);
#11227=PLANE('',#11226);
#11228=CARTESIAN_POINT('',(308.437241,-114.3825,0.));
#11229=DIRECTION('',(0.,0.,-1.));
#11230=VECTOR('',#11229,1.2);
#11231=LINE('',#11228,#11230);
#11232=EDGE_CURVE('',#3938,#9020,#11231,.T.);
#11233=ORIENTED_EDGE('',*,*,#11232,.F.);
#11234=ORIENTED_EDGE('',*,*,#3943,.F.);
#11235=CARTESIAN_POINT('',(295.384734719,-114.3825,0.));
#11236=DIRECTION('',(0.,0.,-1.));
#11237=VECTOR('',#11236,1.2);
#11238=LINE('',#11235,#11237);
#11239=EDGE_CURVE('',#3929,#9029,#11238,.T.);
#11240=ORIENTED_EDGE('',*,*,#11239,.T.);
#11241=ORIENTED_EDGE('',*,*,#9034,.T.);
#11242=EDGE_LOOP('',(#11233,#11234,#11240,#11241));
#11243=FACE_BOUND('',#11242,.T.);
#11244=ADVANCED_FACE('',(#11243),#11227,.T.);
#11245=CARTESIAN_POINT('',(308.987241,-121.4325,-1.2));
#11246=DIRECTION('',(-1.,0.,0.));
#11247=DIRECTION('',(0.,0.,1.));
#11248=AXIS2_PLACEMENT_3D('',#11245,#11246,#11247);
#11249=PLANE('',#11248);
#11250=CARTESIAN_POINT('',(308.987241,-127.9325,0.));
#11251=DIRECTION('',(0.,0.,-1.));
#11252=VECTOR('',#11251,1.2);
#11253=LINE('',#11250,#11252);
#11254=EDGE_CURVE('',#3875,#9003,#11253,.T.);
#11255=ORIENTED_EDGE('',*,*,#11254,.F.);
#11256=ORIENTED_EDGE('',*,*,#3958,.F.);
#11257=CARTESIAN_POINT('',(308.987241,-114.879993719,0.));
#11258=DIRECTION('',(0.,0.,-1.));
#11259=VECTOR('',#11258,1.2);
#11260=LINE('',#11257,#11259);
#11261=EDGE_CURVE('',#3946,#9012,#11260,.T.);
#11262=ORIENTED_EDGE('',*,*,#11261,.T.);
#11263=ORIENTED_EDGE('',*,*,#9017,.T.);
#11264=EDGE_LOOP('',(#11255,#11256,#11262,#11263));
#11265=FACE_BOUND('',#11264,.T.);
#11266=ADVANCED_FACE('',(#11265),#11249,.T.);
#11267=CARTESIAN_POINT('',(313.937241,-145.245,-1.2));
#11268=DIRECTION('',(1.,0.,0.));
#11269=DIRECTION('',(0.,0.,-1.));
#11270=AXIS2_PLACEMENT_3D('',#11267,#11268,#11269);
#11271=PLANE('',#11270);
#11272=CARTESIAN_POINT('',(313.937241,-138.745,0.));
#11273=DIRECTION('',(0.,0.,-1.));
#11274=VECTOR('',#11273,1.2);
#11275=LINE('',#11272,#11274);
#11276=EDGE_CURVE('',#3721,#9134,#11275,.T.);
#11277=ORIENTED_EDGE('',*,*,#11276,.F.);
#11278=ORIENTED_EDGE('',*,*,#3726,.F.);
#11279=CARTESIAN_POINT('',(313.937241,-151.797506281,0.));
#11280=DIRECTION('',(0.,0.,-1.));
#11281=VECTOR('',#11280,1.2);
#11282=LINE('',#11279,#11281);
#11283=EDGE_CURVE('',#3712,#9143,#11282,.T.);
#11284=ORIENTED_EDGE('',*,*,#11283,.T.);
#11285=ORIENTED_EDGE('',*,*,#9148,.T.);
#11286=EDGE_LOOP('',(#11277,#11278,#11284,#11285));
#11287=FACE_BOUND('',#11286,.T.);
#11288=ADVANCED_FACE('',(#11287),#11271,.T.);
#11289=CARTESIAN_POINT('',(320.987241,-138.195,-1.2));
#11290=DIRECTION('',(0.,-1.,0.));
#11291=DIRECTION('',(0.,0.,-1.));
#11292=AXIS2_PLACEMENT_3D('',#11289,#11290,#11291);
#11293=PLANE('',#11292);
#11294=CARTESIAN_POINT('',(314.434734719,-138.195,0.));
#11295=DIRECTION('',(0.,0.,-1.));
#11296=VECTOR('',#11295,1.2);
#11297=LINE('',#11294,#11296);
#11298=EDGE_CURVE('',#3738,#9117,#11297,.T.);
#11299=ORIENTED_EDGE('',*,*,#11298,.T.);
#11300=ORIENTED_EDGE('',*,*,#9122,.T.);
#11301=CARTESIAN_POINT('',(327.487241,-138.195,0.));
#11302=DIRECTION('',(0.,0.,-1.));
#11303=VECTOR('',#11302,1.2);
#11304=LINE('',#11301,#11303);
#11305=EDGE_CURVE('',#3747,#9108,#11304,.T.);
#11306=ORIENTED_EDGE('',*,*,#11305,.F.);
#11307=ORIENTED_EDGE('',*,*,#3752,.F.);
#11308=EDGE_LOOP('',(#11299,#11300,#11306,#11307));
#11309=FACE_BOUND('',#11308,.T.);
#11310=ADVANCED_FACE('',(#11309),#11293,.T.);
#11311=CARTESIAN_POINT('',(328.037241,-145.245,-1.2));
#11312=DIRECTION('',(-1.,0.,0.));
#11313=DIRECTION('',(0.,0.,1.));
#11314=AXIS2_PLACEMENT_3D('',#11311,#11312,#11313);
#11315=PLANE('',#11314);
#11316=CARTESIAN_POINT('',(328.037241,-151.745,0.));
#11317=DIRECTION('',(0.,0.,-1.));
#11318=VECTOR('',#11317,1.2);
#11319=LINE('',#11316,#11318);
#11320=EDGE_CURVE('',#3684,#9091,#11319,.T.);
#11321=ORIENTED_EDGE('',*,*,#11320,.F.);
#11322=ORIENTED_EDGE('',*,*,#3767,.F.);
#11323=CARTESIAN_POINT('',(328.037241,-138.692493719,0.));
#11324=DIRECTION('',(0.,0.,-1.));
#11325=VECTOR('',#11324,1.2);
#11326=LINE('',#11323,#11325);
#11327=EDGE_CURVE('',#3755,#9100,#11326,.T.);
#11328=ORIENTED_EDGE('',*,*,#11327,.T.);
#11329=ORIENTED_EDGE('',*,*,#9105,.T.);
#11330=EDGE_LOOP('',(#11321,#11322,#11328,#11329));
#11331=FACE_BOUND('',#11330,.T.);
#11332=ADVANCED_FACE('',(#11331),#11315,.T.);
#11333=CARTESIAN_POINT('',(320.987241,-152.295,-1.2));
#11334=DIRECTION('',(0.,1.,0.));
#11335=DIRECTION('',(0.,0.,1.));
#11336=AXIS2_PLACEMENT_3D('',#11333,#11334,#11335);
#11337=PLANE('',#11336);
#11338=CARTESIAN_POINT('',(327.539747281,-152.295,0.));
#11339=DIRECTION('',(0.,0.,-1.));
#11340=VECTOR('',#11339,1.2);
#11341=LINE('',#11338,#11340);
#11342=EDGE_CURVE('',#3686,#9081,#11341,.T.);
#11343=ORIENTED_EDGE('',*,*,#11342,.T.);
#11344=ORIENTED_EDGE('',*,*,#9088,.T.);
#11345=CARTESIAN_POINT('',(314.487241,-152.295,0.));
#11346=DIRECTION('',(0.,0.,-1.));
#11347=VECTOR('',#11346,1.2);
#11348=LINE('',#11345,#11347);
#11349=EDGE_CURVE('',#3695,#9083,#11348,.T.);
#11350=ORIENTED_EDGE('',*,*,#11349,.F.);
#11351=ORIENTED_EDGE('',*,*,#3700,.F.);
#11352=EDGE_LOOP('',(#11343,#11344,#11350,#11351));
#11353=FACE_BOUND('',#11352,.T.);
#11354=ADVANCED_FACE('',(#11353),#11337,.T.);
#11355=CARTESIAN_POINT('',(347.087241,-150.0075,-1.2));
#11356=DIRECTION('',(-1.,0.,0.));
#11357=DIRECTION('',(0.,0.,1.));
#11358=AXIS2_PLACEMENT_3D('',#11355,#11356,#11357);
#11359=PLANE('',#11358);
#11360=CARTESIAN_POINT('',(347.087241,-143.5075,0.));
#11361=DIRECTION('',(0.,0.,-1.));
#11362=VECTOR('',#11361,1.2);
#11363=LINE('',#11360,#11362);
#11364=EDGE_CURVE('',#3474,#9214,#11363,.T.);
#11365=ORIENTED_EDGE('',*,*,#11364,.T.);
#11366=ORIENTED_EDGE('',*,*,#9219,.T.);
#11367=CARTESIAN_POINT('',(347.087241,-156.560006281,0.));
#11368=DIRECTION('',(0.,0.,-1.));
#11369=VECTOR('',#11368,1.2);
#11370=LINE('',#11367,#11369);
#11371=EDGE_CURVE('',#3483,#9205,#11370,.T.);
#11372=ORIENTED_EDGE('',*,*,#11371,.F.);
#11373=ORIENTED_EDGE('',*,*,#3488,.F.);
#11374=EDGE_LOOP('',(#11365,#11366,#11372,#11373));
#11375=FACE_BOUND('',#11374,.T.);
#11376=ADVANCED_FACE('',(#11375),#11359,.T.);
#11377=CARTESIAN_POINT('',(340.037241,-157.0575,-1.2));
#11378=DIRECTION('',(0.,1.,0.));
#11379=DIRECTION('',(0.,0.,1.));
#11380=AXIS2_PLACEMENT_3D('',#11377,#11378,#11379);
#11381=PLANE('',#11380);
#11382=CARTESIAN_POINT('',(333.484734719,-157.0575,0.));
#11383=DIRECTION('',(0.,0.,-1.));
#11384=VECTOR('',#11383,1.2);
#11385=LINE('',#11382,#11384);
#11386=EDGE_CURVE('',#3420,#9188,#11385,.T.);
#11387=ORIENTED_EDGE('',*,*,#11386,.F.);
#11388=ORIENTED_EDGE('',*,*,#3503,.F.);
#11389=CARTESIAN_POINT('',(346.537241,-157.0575,0.));
#11390=DIRECTION('',(0.,0.,-1.));
#11391=VECTOR('',#11390,1.2);
#11392=LINE('',#11389,#11391);
#11393=EDGE_CURVE('',#3491,#9197,#11392,.T.);
#11394=ORIENTED_EDGE('',*,*,#11393,.T.);
#11395=ORIENTED_EDGE('',*,*,#9202,.T.);
#11396=EDGE_LOOP('',(#11387,#11388,#11394,#11395));
#11397=FACE_BOUND('',#11396,.T.);
#11398=ADVANCED_FACE('',(#11397),#11381,.T.);
#11399=CARTESIAN_POINT('',(332.987241,-150.0075,-1.2));
#11400=DIRECTION('',(1.,0.,0.));
#11401=DIRECTION('',(0.,0.,-1.));
#11402=AXIS2_PLACEMENT_3D('',#11399,#11400,#11401);
#11403=PLANE('',#11402);
#11404=CARTESIAN_POINT('',(332.987241,-156.5075,0.));
#11405=DIRECTION('',(0.,0.,-1.));
#11406=VECTOR('',#11405,1.2);
#11407=LINE('',#11404,#11406);
#11408=EDGE_CURVE('',#3431,#9169,#11407,.T.);
#11409=ORIENTED_EDGE('',*,*,#11408,.T.);
#11410=ORIENTED_EDGE('',*,*,#9176,.T.);
#11411=CARTESIAN_POINT('',(332.987241,-143.5075,0.));
#11412=DIRECTION('',(0.,0.,-1.));
#11413=VECTOR('',#11412,1.2);
#11414=LINE('',#11411,#11413);
#11415=EDGE_CURVE('',#3440,#9171,#11414,.T.);
#11416=ORIENTED_EDGE('',*,*,#11415,.F.);
#11417=ORIENTED_EDGE('',*,*,#3445,.F.);
#11418=EDGE_LOOP('',(#11409,#11410,#11416,#11417));
#11419=FACE_BOUND('',#11418,.T.);
#11420=ADVANCED_FACE('',(#11419),#11403,.T.);
#11421=CARTESIAN_POINT('',(340.037241,-142.9575,-1.2));
#11422=DIRECTION('',(0.,-1.,0.));
#11423=DIRECTION('',(0.,0.,-1.));
#11424=AXIS2_PLACEMENT_3D('',#11421,#11422,#11423);
#11425=PLANE('',#11424);
#11426=CARTESIAN_POINT('',(333.484734719,-142.9575,0.));
#11427=DIRECTION('',(0.,0.,-1.));
#11428=VECTOR('',#11427,1.2);
#11429=LINE('',#11426,#11428);
#11430=EDGE_CURVE('',#3457,#9231,#11429,.T.);
#11431=ORIENTED_EDGE('',*,*,#11430,.T.);
#11432=ORIENTED_EDGE('',*,*,#9236,.T.);
#11433=CARTESIAN_POINT('',(346.589747281,-142.9575,0.));
#11434=DIRECTION('',(0.,0.,-1.));
#11435=VECTOR('',#11434,1.2);
#11436=LINE('',#11433,#11435);
#11437=EDGE_CURVE('',#3466,#9222,#11436,.T.);
#11438=ORIENTED_EDGE('',*,*,#11437,.F.);
#11439=ORIENTED_EDGE('',*,*,#3471,.F.);
#11440=EDGE_LOOP('',(#11431,#11432,#11438,#11439));
#11441=FACE_BOUND('',#11440,.T.);
#11442=ADVANCED_FACE('',(#11441),#11425,.T.);
#11443=CARTESIAN_POINT('',(313.937241,-107.145,-1.2));
#11444=DIRECTION('',(1.,0.,0.));
#11445=DIRECTION('',(0.,0.,-1.));
#11446=AXIS2_PLACEMENT_3D('',#11443,#11444,#11445);
#11447=PLANE('',#11446);
#11448=CARTESIAN_POINT('',(313.937241,-113.692147619,0.));
#11449=DIRECTION('',(0.,0.,-1.));
#11450=VECTOR('',#11449,1.2);
#11451=LINE('',#11448,#11450);
#11452=EDGE_CURVE('',#3991,#9319,#11451,.T.);
#11453=ORIENTED_EDGE('',*,*,#11452,.T.);
#11454=ORIENTED_EDGE('',*,*,#9324,.T.);
#11455=CARTESIAN_POINT('',(313.937241,-100.592493719,0.));
#11456=DIRECTION('',(0.,0.,-1.));
#11457=VECTOR('',#11456,1.2);
#11458=LINE('',#11455,#11457);
#11459=EDGE_CURVE('',#4000,#9310,#11458,.T.);
#11460=ORIENTED_EDGE('',*,*,#11459,.F.);
#11461=ORIENTED_EDGE('',*,*,#4005,.F.);
#11462=EDGE_LOOP('',(#11453,#11454,#11460,#11461));
#11463=FACE_BOUND('',#11462,.T.);
#11464=ADVANCED_FACE('',(#11463),#11447,.T.);
#11465=CARTESIAN_POINT('',(320.987241,-100.095,-1.2));
#11466=DIRECTION('',(0.,-1.,0.));
#11467=DIRECTION('',(0.,0.,-1.));
#11468=AXIS2_PLACEMENT_3D('',#11465,#11466,#11467);
#11469=PLANE('',#11468);
#11470=CARTESIAN_POINT('',(327.487241,-100.095,0.));
#11471=DIRECTION('',(0.,0.,-1.));
#11472=VECTOR('',#11471,1.2);
#11473=LINE('',#11470,#11472);
#11474=EDGE_CURVE('',#4026,#9284,#11473,.T.);
#11475=ORIENTED_EDGE('',*,*,#11474,.F.);
#11476=ORIENTED_EDGE('',*,*,#4031,.F.);
#11477=CARTESIAN_POINT('',(314.487241,-100.095,0.));
#11478=DIRECTION('',(0.,0.,-1.));
#11479=VECTOR('',#11478,1.2);
#11480=LINE('',#11477,#11479);
#11481=EDGE_CURVE('',#4017,#9293,#11480,.T.);
#11482=ORIENTED_EDGE('',*,*,#11481,.T.);
#11483=ORIENTED_EDGE('',*,*,#9298,.T.);
#11484=EDGE_LOOP('',(#11475,#11476,#11482,#11483));
#11485=FACE_BOUND('',#11484,.T.);
#11486=ADVANCED_FACE('',(#11485),#11469,.T.);
#11487=CARTESIAN_POINT('',(328.037241,-107.145,-1.2));
#11488=DIRECTION('',(-1.,0.,0.));
#11489=DIRECTION('',(0.,0.,1.));
#11490=AXIS2_PLACEMENT_3D('',#11487,#11488,#11489);
#11491=PLANE('',#11490);
#11492=CARTESIAN_POINT('',(328.037241,-113.697506281,0.));
#11493=DIRECTION('',(0.,0.,-1.));
#11494=VECTOR('',#11493,1.2);
#11495=LINE('',#11492,#11494);
#11496=EDGE_CURVE('',#3963,#9267,#11495,.T.);
#11497=ORIENTED_EDGE('',*,*,#11496,.F.);
#11498=ORIENTED_EDGE('',*,*,#4046,.F.);
#11499=CARTESIAN_POINT('',(328.037241,-100.592493719,0.));
#11500=DIRECTION('',(0.,0.,-1.));
#11501=VECTOR('',#11500,1.2);
#11502=LINE('',#11499,#11501);
#11503=EDGE_CURVE('',#4034,#9276,#11502,.T.);
#11504=ORIENTED_EDGE('',*,*,#11503,.T.);
#11505=ORIENTED_EDGE('',*,*,#9281,.T.);
#11506=EDGE_LOOP('',(#11497,#11498,#11504,#11505));
#11507=FACE_BOUND('',#11506,.T.);
#11508=ADVANCED_FACE('',(#11507),#11491,.T.);
#11509=CARTESIAN_POINT('',(320.987241,-114.195,-1.2));
#11510=DIRECTION('',(0.,1.,0.));
#11511=DIRECTION('',(0.,0.,1.));
#11512=AXIS2_PLACEMENT_3D('',#11509,#11510,#11511);
#11513=PLANE('',#11512);
#11514=CARTESIAN_POINT('',(327.487241,-114.195,0.));
#11515=DIRECTION('',(0.,0.,-1.));
#11516=VECTOR('',#11515,1.2);
#11517=LINE('',#11514,#11516);
#11518=EDGE_CURVE('',#3965,#9257,#11517,.T.);
#11519=ORIENTED_EDGE('',*,*,#11518,.T.);
#11520=ORIENTED_EDGE('',*,*,#9264,.T.);
#11521=CARTESIAN_POINT('',(314.468092514,-114.195,0.));
#11522=DIRECTION('',(0.,0.,-1.));
#11523=VECTOR('',#11522,1.2);
#11524=LINE('',#11521,#11523);
#11525=EDGE_CURVE('',#3974,#9259,#11524,.T.);
#11526=ORIENTED_EDGE('',*,*,#11525,.F.);
#11527=ORIENTED_EDGE('',*,*,#3979,.F.);
#11528=EDGE_LOOP('',(#11519,#11520,#11526,#11527));
#11529=FACE_BOUND('',#11528,.T.);
#11530=ADVANCED_FACE('',(#11529),#11513,.T.);
#11531=CARTESIAN_POINT('',(363.887241,-114.3825,-1.2));
#11532=DIRECTION('',(0.,-1.,0.));
#11533=DIRECTION('',(0.,0.,-1.));
#11534=AXIS2_PLACEMENT_3D('',#11531,#11532,#11533);
#11535=PLANE('',#11534);
#11536=CARTESIAN_POINT('',(352.587241,-114.3825,0.));
#11537=DIRECTION('',(0.,0.,-1.));
#11538=VECTOR('',#11537,1.2);
#11539=LINE('',#11536,#11538);
#11540=EDGE_CURVE('',#3519,#9345,#11539,.T.);
#11541=ORIENTED_EDGE('',*,*,#11540,.T.);
#11542=ORIENTED_EDGE('',*,*,#9352,.T.);
#11543=CARTESIAN_POINT('',(365.634388619,-114.3825,0.));
#11544=DIRECTION('',(0.,0.,-1.));
#11545=VECTOR('',#11544,1.2);
#11546=LINE('',#11543,#11545);
#11547=EDGE_CURVE('',#3528,#9347,#11546,.T.);
#11548=ORIENTED_EDGE('',*,*,#11547,.F.);
#11549=ORIENTED_EDGE('',*,*,#3533,.F.);
#11550=EDGE_LOOP('',(#11541,#11542,#11548,#11549));
#11551=FACE_BOUND('',#11550,.T.);
#11552=ADVANCED_FACE('',(#11551),#11535,.T.);
#11553=CARTESIAN_POINT('',(366.137241,-121.4325,-1.2));
#11554=DIRECTION('',(-1.,0.,0.));
#11555=DIRECTION('',(0.,0.,1.));
#11556=AXIS2_PLACEMENT_3D('',#11553,#11554,#11555);
#11557=PLANE('',#11556);
#11558=CARTESIAN_POINT('',(366.137241,-114.913351514,0.));
#11559=DIRECTION('',(0.,0.,-1.));
#11560=VECTOR('',#11559,1.2);
#11561=LINE('',#11558,#11560);
#11562=EDGE_CURVE('',#3536,#9416,#11561,.T.);
#11563=ORIENTED_EDGE('',*,*,#11562,.T.);
#11564=ORIENTED_EDGE('',*,*,#9421,.T.);
#11565=CARTESIAN_POINT('',(366.137241,-127.985006281,0.));
#11566=DIRECTION('',(0.,0.,-1.));
#11567=VECTOR('',#11566,1.2);
#11568=LINE('',#11565,#11567);
#11569=EDGE_CURVE('',#3545,#9407,#11568,.T.);
#11570=ORIENTED_EDGE('',*,*,#11569,.F.);
#11571=ORIENTED_EDGE('',*,*,#3550,.F.);
#11572=EDGE_LOOP('',(#11563,#11564,#11570,#11571));
#11573=FACE_BOUND('',#11572,.T.);
#11574=ADVANCED_FACE('',(#11573),#11557,.T.);
#11575=CARTESIAN_POINT('',(359.087241,-128.4825,-1.2));
#11576=DIRECTION('',(0.,1.,0.));
#11577=DIRECTION('',(0.,0.,1.));
#11578=AXIS2_PLACEMENT_3D('',#11575,#11576,#11577);
#11579=PLANE('',#11578);
#11580=CARTESIAN_POINT('',(352.534734719,-128.4825,0.));
#11581=DIRECTION('',(0.,0.,-1.));
#11582=VECTOR('',#11581,1.2);
#11583=LINE('',#11580,#11582);
#11584=EDGE_CURVE('',#3562,#9390,#11583,.T.);
#11585=ORIENTED_EDGE('',*,*,#11584,.F.);
#11586=ORIENTED_EDGE('',*,*,#3567,.F.);
#11587=CARTESIAN_POINT('',(365.587241,-128.4825,0.));
#11588=DIRECTION('',(0.,0.,-1.));
#11589=VECTOR('',#11588,1.2);
#11590=LINE('',#11587,#11589);
#11591=EDGE_CURVE('',#3553,#9399,#11590,.T.);
#11592=ORIENTED_EDGE('',*,*,#11591,.T.);
#11593=ORIENTED_EDGE('',*,*,#9404,.T.);
#11594=EDGE_LOOP('',(#11585,#11586,#11592,#11593));
#11595=FACE_BOUND('',#11594,.T.);
#11596=ADVANCED_FACE('',(#11595),#11579,.T.);
#11597=CARTESIAN_POINT('',(352.037241,-121.4325,-1.2));
#11598=DIRECTION('',(1.,0.,0.));
#11599=DIRECTION('',(0.,0.,-1.));
#11600=AXIS2_PLACEMENT_3D('',#11597,#11598,#11599);
#11601=PLANE('',#11600);
#11602=CARTESIAN_POINT('',(352.037241,-114.879993719,0.));
#11603=DIRECTION('',(0.,0.,-1.));
#11604=VECTOR('',#11603,1.2);
#11605=LINE('',#11602,#11604);
#11606=EDGE_CURVE('',#3508,#9364,#11605,.T.);
#11607=ORIENTED_EDGE('',*,*,#11606,.F.);
#11608=ORIENTED_EDGE('',*,*,#3591,.F.);
#11609=CARTESIAN_POINT('',(352.037241,-127.9325,0.));
#11610=DIRECTION('',(0.,0.,-1.));
#11611=VECTOR('',#11610,1.2);
#11612=LINE('',#11609,#11611);
#11613=EDGE_CURVE('',#3579,#9373,#11612,.T.);
#11614=ORIENTED_EDGE('',*,*,#11613,.T.);
#11615=ORIENTED_EDGE('',*,*,#9378,.T.);
#11616=EDGE_LOOP('',(#11607,#11608,#11614,#11615));
#11617=FACE_BOUND('',#11616,.T.);
#11618=ADVANCED_FACE('',(#11617),#11601,.T.);
#11619=CARTESIAN_POINT('',(328.037241,-126.195,-1.2));
#11620=DIRECTION('',(-1.,0.,0.));
#11621=DIRECTION('',(0.,0.,1.));
#11622=AXIS2_PLACEMENT_3D('',#11619,#11620,#11621);
#11623=PLANE('',#11622);
#11624=CARTESIAN_POINT('',(328.037241,-119.695,0.));
#11625=DIRECTION('',(0.,0.,-1.));
#11626=VECTOR('',#11625,1.2);
#11627=LINE('',#11624,#11626);
#11628=EDGE_CURVE('',#4229,#9433,#11627,.T.);
#11629=ORIENTED_EDGE('',*,*,#11628,.T.);
#11630=ORIENTED_EDGE('',*,*,#9440,.T.);
#11631=CARTESIAN_POINT('',(328.037241,-132.747506281,0.));
#11632=DIRECTION('',(0.,0.,-1.));
#11633=VECTOR('',#11632,1.2);
#11634=LINE('',#11631,#11633);
#11635=EDGE_CURVE('',#4238,#9435,#11634,.T.);
#11636=ORIENTED_EDGE('',*,*,#11635,.F.);
#11637=ORIENTED_EDGE('',*,*,#4243,.F.);
#11638=EDGE_LOOP('',(#11629,#11630,#11636,#11637));
#11639=FACE_BOUND('',#11638,.T.);
#11640=ADVANCED_FACE('',(#11639),#11623,.T.);
#11641=CARTESIAN_POINT('',(320.987241,-133.245,-1.2));
#11642=DIRECTION('',(0.,1.,0.));
#11643=DIRECTION('',(0.,0.,1.));
#11644=AXIS2_PLACEMENT_3D('',#11641,#11642,#11643);
#11645=PLANE('',#11644);
#11646=CARTESIAN_POINT('',(327.487241,-133.245,0.));
#11647=DIRECTION('',(0.,0.,-1.));
#11648=VECTOR('',#11647,1.2);
#11649=LINE('',#11646,#11648);
#11650=EDGE_CURVE('',#4246,#9504,#11649,.T.);
#11651=ORIENTED_EDGE('',*,*,#11650,.T.);
#11652=ORIENTED_EDGE('',*,*,#9509,.T.);
#11653=CARTESIAN_POINT('',(314.468092514,-133.245,0.));
#11654=DIRECTION('',(0.,0.,-1.));
#11655=VECTOR('',#11654,1.2);
#11656=LINE('',#11653,#11655);
#11657=EDGE_CURVE('',#4255,#9495,#11656,.T.);
#11658=ORIENTED_EDGE('',*,*,#11657,.F.);
#11659=ORIENTED_EDGE('',*,*,#4260,.F.);
#11660=EDGE_LOOP('',(#11651,#11652,#11658,#11659));
#11661=FACE_BOUND('',#11660,.T.);
#11662=ADVANCED_FACE('',(#11661),#11645,.T.);
#11663=CARTESIAN_POINT('',(313.937241,-126.195,-1.2));
#11664=DIRECTION('',(1.,0.,0.));
#11665=DIRECTION('',(0.,0.,-1.));
#11666=AXIS2_PLACEMENT_3D('',#11663,#11664,#11665);
#11667=PLANE('',#11666);
#11668=CARTESIAN_POINT('',(313.937241,-132.742147619,0.));
#11669=DIRECTION('',(0.,0.,-1.));
#11670=VECTOR('',#11669,1.2);
#11671=LINE('',#11668,#11670);
#11672=EDGE_CURVE('',#4272,#9478,#11671,.T.);
#11673=ORIENTED_EDGE('',*,*,#11672,.T.);
#11674=ORIENTED_EDGE('',*,*,#9483,.T.);
#11675=CARTESIAN_POINT('',(313.937241,-119.675851514,0.));
#11676=DIRECTION('',(0.,0.,-1.));
#11677=VECTOR('',#11676,1.2);
#11678=LINE('',#11675,#11677);
#11679=EDGE_CURVE('',#4281,#9469,#11678,.T.);
#11680=ORIENTED_EDGE('',*,*,#11679,.F.);
#11681=ORIENTED_EDGE('',*,*,#4286,.F.);
#11682=EDGE_LOOP('',(#11673,#11674,#11680,#11681));
#11683=FACE_BOUND('',#11682,.T.);
#11684=ADVANCED_FACE('',(#11683),#11667,.T.);
#11685=CARTESIAN_POINT('',(320.987241,-119.145,-1.2));
#11686=DIRECTION('',(0.,-1.,0.));
#11687=DIRECTION('',(0.,0.,-1.));
#11688=AXIS2_PLACEMENT_3D('',#11685,#11686,#11687);
#11689=PLANE('',#11688);
#11690=CARTESIAN_POINT('',(327.539747281,-119.145,0.));
#11691=DIRECTION('',(0.,0.,-1.));
#11692=VECTOR('',#11691,1.2);
#11693=LINE('',#11690,#11692);
#11694=EDGE_CURVE('',#4227,#9443,#11693,.T.);
#11695=ORIENTED_EDGE('',*,*,#11694,.F.);
#11696=ORIENTED_EDGE('',*,*,#4310,.F.);
#11697=CARTESIAN_POINT('',(314.440093381,-119.145,0.));
#11698=DIRECTION('',(0.,0.,-1.));
#11699=VECTOR('',#11698,1.2);
#11700=LINE('',#11697,#11699);
#11701=EDGE_CURVE('',#4298,#9452,#11700,.T.);
#11702=ORIENTED_EDGE('',*,*,#11701,.T.);
#11703=ORIENTED_EDGE('',*,*,#9457,.T.);
#11704=EDGE_LOOP('',(#11695,#11696,#11702,#11703));
#11705=FACE_BOUND('',#11704,.T.);
#11706=ADVANCED_FACE('',(#11705),#11689,.T.);
#11707=CARTESIAN_POINT('',(289.937241,-126.195,-1.2));
#11708=DIRECTION('',(-1.,0.,0.));
#11709=DIRECTION('',(0.,0.,1.));
#11710=AXIS2_PLACEMENT_3D('',#11707,#11708,#11709);
#11711=PLANE('',#11710);
#11712=CARTESIAN_POINT('',(289.937241,-119.695,0.));
#11713=DIRECTION('',(0.,0.,-1.));
#11714=VECTOR('',#11713,1.2);
#11715=LINE('',#11712,#11714);
#11716=EDGE_CURVE('',#4431,#9592,#11715,.T.);
#11717=ORIENTED_EDGE('',*,*,#11716,.T.);
#11718=ORIENTED_EDGE('',*,*,#9597,.T.);
#11719=CARTESIAN_POINT('',(289.937241,-132.747506281,0.));
#11720=DIRECTION('',(0.,0.,-1.));
#11721=VECTOR('',#11720,1.2);
#11722=LINE('',#11719,#11721);
#11723=EDGE_CURVE('',#4440,#9583,#11722,.T.);
#11724=ORIENTED_EDGE('',*,*,#11723,.F.);
#11725=ORIENTED_EDGE('',*,*,#4445,.F.);
#11726=EDGE_LOOP('',(#11717,#11718,#11724,#11725));
#11727=FACE_BOUND('',#11726,.T.);
#11728=ADVANCED_FACE('',(#11727),#11711,.T.);
#11729=CARTESIAN_POINT('',(282.887241,-133.245,-1.2));
#11730=DIRECTION('',(0.,1.,0.));
#11731=DIRECTION('',(0.,0.,1.));
#11732=AXIS2_PLACEMENT_3D('',#11729,#11730,#11731);
#11733=PLANE('',#11732);
#11734=CARTESIAN_POINT('',(276.334734719,-133.245,0.));
#11735=DIRECTION('',(0.,0.,-1.));
#11736=VECTOR('',#11735,1.2);
#11737=LINE('',#11734,#11736);
#11738=EDGE_CURVE('',#4457,#9566,#11737,.T.);
#11739=ORIENTED_EDGE('',*,*,#11738,.F.);
#11740=ORIENTED_EDGE('',*,*,#4462,.F.);
#11741=CARTESIAN_POINT('',(289.387241,-133.245,0.));
#11742=DIRECTION('',(0.,0.,-1.));
#11743=VECTOR('',#11742,1.2);
#11744=LINE('',#11741,#11743);
#11745=EDGE_CURVE('',#4448,#9575,#11744,.T.);
#11746=ORIENTED_EDGE('',*,*,#11745,.T.);
#11747=ORIENTED_EDGE('',*,*,#9580,.T.);
#11748=EDGE_LOOP('',(#11739,#11740,#11746,#11747));
#11749=FACE_BOUND('',#11748,.T.);
#11750=ADVANCED_FACE('',(#11749),#11733,.T.);
#11751=CARTESIAN_POINT('',(275.837241,-126.195,-1.2));
#11752=DIRECTION('',(1.,0.,0.));
#11753=DIRECTION('',(0.,0.,-1.));
#11754=AXIS2_PLACEMENT_3D('',#11751,#11752,#11753);
#11755=PLANE('',#11754);
#11756=CARTESIAN_POINT('',(275.837241,-119.675851514,0.));
#11757=DIRECTION('',(0.,0.,-1.));
#11758=VECTOR('',#11757,1.2);
#11759=LINE('',#11756,#11758);
#11760=EDGE_CURVE('',#4405,#9540,#11759,.T.);
#11761=ORIENTED_EDGE('',*,*,#11760,.F.);
#11762=ORIENTED_EDGE('',*,*,#4486,.F.);
#11763=CARTESIAN_POINT('',(275.837241,-132.695,0.));
#11764=DIRECTION('',(0.,0.,-1.));
#11765=VECTOR('',#11764,1.2);
#11766=LINE('',#11763,#11765);
#11767=EDGE_CURVE('',#4474,#9549,#11766,.T.);
#11768=ORIENTED_EDGE('',*,*,#11767,.T.);
#11769=ORIENTED_EDGE('',*,*,#9554,.T.);
#11770=EDGE_LOOP('',(#11761,#11762,#11768,#11769));
#11771=FACE_BOUND('',#11770,.T.);
#11772=ADVANCED_FACE('',(#11771),#11755,.T.);
#11773=CARTESIAN_POINT('',(282.887241,-119.145,-1.2));
#11774=DIRECTION('',(0.,-1.,0.));
#11775=DIRECTION('',(0.,0.,-1.));
#11776=AXIS2_PLACEMENT_3D('',#11773,#11774,#11775);
#11777=PLANE('',#11776);
#11778=CARTESIAN_POINT('',(276.340093381,-119.145,0.));
#11779=DIRECTION('',(0.,0.,-1.));
#11780=VECTOR('',#11779,1.2);
#11781=LINE('',#11778,#11780);
#11782=EDGE_CURVE('',#4414,#9521,#11781,.T.);
#11783=ORIENTED_EDGE('',*,*,#11782,.T.);
#11784=ORIENTED_EDGE('',*,*,#9528,.T.);
#11785=CARTESIAN_POINT('',(289.439747281,-119.145,0.));
#11786=DIRECTION('',(0.,0.,-1.));
#11787=VECTOR('',#11786,1.2);
#11788=LINE('',#11785,#11787);
#11789=EDGE_CURVE('',#4423,#9523,#11788,.T.);
#11790=ORIENTED_EDGE('',*,*,#11789,.F.);
#11791=ORIENTED_EDGE('',*,*,#4428,.F.);
#11792=EDGE_LOOP('',(#11783,#11784,#11790,#11791));
#11793=FACE_BOUND('',#11792,.T.);
#11794=ADVANCED_FACE('',(#11793),#11777,.T.);
#11795=CARTESIAN_POINT('',(347.046808,-138.005597,-1.2));
#11796=DIRECTION('',(-0.195090853,0.980785175,0.));
#11797=DIRECTION('',(-0.980785175,-0.195090853,0.));
#11798=AXIS2_PLACEMENT_3D('',#11795,#11796,#11797);
#11799=PLANE('',#11798);
#11800=ORIENTED_EDGE('',*,*,#3812,.F.);
#11801=CARTESIAN_POINT('',(347.056375,-138.003694,-1.2));
#11802=DIRECTION('',(0.,0.,1.));
#11803=VECTOR('',#11802,1.2);
#11804=LINE('',#11801,#11803);
#11805=EDGE_CURVE('',#9688,#3799,#11804,.T.);
#11806=ORIENTED_EDGE('',*,*,#11805,.F.);
#11807=ORIENTED_EDGE('',*,*,#9693,.T.);
#11808=CARTESIAN_POINT('',(347.037241,-138.0075,-1.2));
#11809=DIRECTION('',(0.,0.,1.));
#11810=VECTOR('',#11809,1.2);
#11811=LINE('',#11808,#11810);
#11812=EDGE_CURVE('',#9680,#3807,#11811,.T.);
#11813=ORIENTED_EDGE('',*,*,#11812,.T.);
#11814=EDGE_LOOP('',(#11800,#11806,#11807,#11813));
#11815=FACE_BOUND('',#11814,.T.);
#11816=ADVANCED_FACE('',(#11815),#11799,.T.);
#11817=CARTESIAN_POINT('',(340.037241,-138.0075,-1.2));
#11818=DIRECTION('',(0.,1.,0.));
#11819=DIRECTION('',(0.,0.,1.));
#11820=AXIS2_PLACEMENT_3D('',#11817,#11818,#11819);
#11821=PLANE('',#11820);
#11822=CARTESIAN_POINT('',(333.484734719,-138.0075,0.));
#11823=DIRECTION('',(0.,0.,-1.));
#11824=VECTOR('',#11823,1.2);
#11825=LINE('',#11822,#11824);
#11826=EDGE_CURVE('',#3815,#9671,#11825,.T.);
#11827=ORIENTED_EDGE('',*,*,#11826,.F.);
#11828=ORIENTED_EDGE('',*,*,#3820,.F.);
#11829=ORIENTED_EDGE('',*,*,#11812,.F.);
#11830=ORIENTED_EDGE('',*,*,#9685,.T.);
#11831=EDGE_LOOP('',(#11827,#11828,#11829,#11830));
#11832=FACE_BOUND('',#11831,.T.);
#11833=ADVANCED_FACE('',(#11832),#11821,.T.);
#11834=CARTESIAN_POINT('',(332.987241,-130.9575,-1.2));
#11835=DIRECTION('',(1.,0.,0.));
#11836=DIRECTION('',(0.,0.,-1.));
#11837=AXIS2_PLACEMENT_3D('',#11834,#11835,#11836);
#11838=PLANE('',#11837);
#11839=CARTESIAN_POINT('',(332.987241,-137.4575,0.));
#11840=DIRECTION('',(0.,0.,-1.));
#11841=VECTOR('',#11840,1.2);
#11842=LINE('',#11839,#11841);
#11843=EDGE_CURVE('',#3832,#9654,#11842,.T.);
#11844=ORIENTED_EDGE('',*,*,#11843,.T.);
#11845=ORIENTED_EDGE('',*,*,#9659,.T.);
#11846=CARTESIAN_POINT('',(332.987241,-124.410352381,0.));
#11847=DIRECTION('',(0.,0.,-1.));
#11848=VECTOR('',#11847,1.2);
#11849=LINE('',#11846,#11848);
#11850=EDGE_CURVE('',#3841,#9645,#11849,.T.);
#11851=ORIENTED_EDGE('',*,*,#11850,.F.);
#11852=ORIENTED_EDGE('',*,*,#3846,.F.);
#11853=EDGE_LOOP('',(#11844,#11845,#11851,#11852));
#11854=FACE_BOUND('',#11853,.T.);
#11855=ADVANCED_FACE('',(#11854),#11838,.T.);
#11856=CARTESIAN_POINT('',(340.037241,-123.9075,-1.2));
#11857=DIRECTION('',(0.,-1.,0.));
#11858=DIRECTION('',(0.,0.,-1.));
#11859=AXIS2_PLACEMENT_3D('',#11856,#11857,#11858);
#11860=PLANE('',#11859);
#11861=CARTESIAN_POINT('',(346.537241,-123.9075,0.));
#11862=DIRECTION('',(0.,0.,-1.));
#11863=VECTOR('',#11862,1.2);
#11864=LINE('',#11861,#11863);
#11865=EDGE_CURVE('',#3772,#9619,#11864,.T.);
#11866=ORIENTED_EDGE('',*,*,#11865,.F.);
#11867=ORIENTED_EDGE('',*,*,#3870,.F.);
#11868=CARTESIAN_POINT('',(333.518092514,-123.9075,0.));
#11869=DIRECTION('',(0.,0.,-1.));
#11870=VECTOR('',#11869,1.2);
#11871=LINE('',#11868,#11870);
#11872=EDGE_CURVE('',#3858,#9628,#11871,.T.);
#11873=ORIENTED_EDGE('',*,*,#11872,.T.);
#11874=ORIENTED_EDGE('',*,*,#9633,.T.);
#11875=EDGE_LOOP('',(#11866,#11867,#11873,#11874));
#11876=FACE_BOUND('',#11875,.T.);
#11877=ADVANCED_FACE('',(#11876),#11860,.T.);
#11878=CARTESIAN_POINT('',(347.087241,-130.9575,-1.2));
#11879=DIRECTION('',(-1.,0.,0.));
#11880=DIRECTION('',(0.,0.,1.));
#11881=AXIS2_PLACEMENT_3D('',#11878,#11879,#11880);
#11882=PLANE('',#11881);
#11883=CARTESIAN_POINT('',(347.087241,-124.404993719,0.));
#11884=DIRECTION('',(0.,0.,-1.));
#11885=VECTOR('',#11884,1.2);
#11886=LINE('',#11883,#11885);
#11887=EDGE_CURVE('',#3774,#9609,#11886,.T.);
#11888=ORIENTED_EDGE('',*,*,#11887,.T.);
#11889=ORIENTED_EDGE('',*,*,#9616,.T.);
#11890=CARTESIAN_POINT('',(347.087241,-137.9575,-1.2));
#11891=DIRECTION('',(0.,0.,1.));
#11892=VECTOR('',#11891,1.2);
#11893=LINE('',#11890,#11892);
#11894=EDGE_CURVE('',#9611,#3783,#11893,.T.);
#11895=ORIENTED_EDGE('',*,*,#11894,.T.);
#11896=ORIENTED_EDGE('',*,*,#3788,.F.);
#11897=EDGE_LOOP('',(#11888,#11889,#11895,#11896));
#11898=FACE_BOUND('',#11897,.T.);
#11899=ADVANCED_FACE('',(#11898),#11882,.T.);
#11900=CARTESIAN_POINT('',(347.085338,-137.967067,-1.2));
#11901=DIRECTION('',(-0.980785175,0.195090853,0.));
#11902=DIRECTION('',(-0.195090853,-0.980785175,0.));
#11903=AXIS2_PLACEMENT_3D('',#11900,#11901,#11902);
#11904=PLANE('',#11903);
#11905=ORIENTED_EDGE('',*,*,#3796,.F.);
#11906=ORIENTED_EDGE('',*,*,#11894,.F.);
#11907=ORIENTED_EDGE('',*,*,#9707,.T.);
#11908=CARTESIAN_POINT('',(347.083435,-137.976634,-1.2));
#11909=DIRECTION('',(0.,0.,1.));
#11910=VECTOR('',#11909,1.2);
#11911=LINE('',#11908,#11910);
#11912=EDGE_CURVE('',#9696,#3791,#11911,.T.);
#11913=ORIENTED_EDGE('',*,*,#11912,.T.);
#11914=EDGE_LOOP('',(#11905,#11906,#11907,#11913));
#11915=FACE_BOUND('',#11914,.T.);
#11916=ADVANCED_FACE('',(#11915),#11904,.T.);
#11917=CARTESIAN_POINT('',(294.887241,-102.3825,-1.2));
#11918=DIRECTION('',(1.,0.,0.));
#11919=DIRECTION('',(0.,0.,-1.));
#11920=AXIS2_PLACEMENT_3D('',#11917,#11918,#11919);
#11921=PLANE('',#11920);
#11922=CARTESIAN_POINT('',(294.887241,-95.8825,0.));
#11923=DIRECTION('',(0.,0.,-1.));
#11924=VECTOR('',#11923,1.2);
#11925=LINE('',#11922,#11924);
#11926=EDGE_CURVE('',#4088,#9765,#11925,.T.);
#11927=ORIENTED_EDGE('',*,*,#11926,.F.);
#11928=ORIENTED_EDGE('',*,*,#4093,.F.);
#11929=CARTESIAN_POINT('',(294.887241,-108.8825,0.));
#11930=DIRECTION('',(0.,0.,-1.));
#11931=VECTOR('',#11930,1.2);
#11932=LINE('',#11929,#11931);
#11933=EDGE_CURVE('',#4079,#9774,#11932,.T.);
#11934=ORIENTED_EDGE('',*,*,#11933,.T.);
#11935=ORIENTED_EDGE('',*,*,#9779,.T.);
#11936=EDGE_LOOP('',(#11927,#11928,#11934,#11935));
#11937=FACE_BOUND('',#11936,.T.);
#11938=ADVANCED_FACE('',(#11937),#11921,.T.);
#11939=CARTESIAN_POINT('',(301.937241,-95.3325,-1.2));
#11940=DIRECTION('',(0.,-1.,0.));
#11941=DIRECTION('',(0.,0.,-1.));
#11942=AXIS2_PLACEMENT_3D('',#11939,#11940,#11941);
#11943=PLANE('',#11942);
#11944=CARTESIAN_POINT('',(295.384734719,-95.3325,0.));
#11945=DIRECTION('',(0.,0.,-1.));
#11946=VECTOR('',#11945,1.2);
#11947=LINE('',#11944,#11946);
#11948=EDGE_CURVE('',#4105,#9748,#11947,.T.);
#11949=ORIENTED_EDGE('',*,*,#11948,.T.);
#11950=ORIENTED_EDGE('',*,*,#9753,.T.);
#11951=CARTESIAN_POINT('',(308.437241,-95.3325,0.));
#11952=DIRECTION('',(0.,0.,-1.));
#11953=VECTOR('',#11952,1.2);
#11954=LINE('',#11951,#11953);
#11955=EDGE_CURVE('',#4114,#9739,#11954,.T.);
#11956=ORIENTED_EDGE('',*,*,#11955,.F.);
#11957=ORIENTED_EDGE('',*,*,#4119,.F.);
#11958=EDGE_LOOP('',(#11949,#11950,#11956,#11957));
#11959=FACE_BOUND('',#11958,.T.);
#11960=ADVANCED_FACE('',(#11959),#11943,.T.);
#11961=CARTESIAN_POINT('',(308.987241,-102.3825,-1.2));
#11962=DIRECTION('',(-1.,0.,0.));
#11963=DIRECTION('',(0.,0.,1.));
#11964=AXIS2_PLACEMENT_3D('',#11961,#11962,#11963);
#11965=PLANE('',#11964);
#11966=CARTESIAN_POINT('',(308.987241,-108.8825,0.));
#11967=DIRECTION('',(0.,0.,-1.));
#11968=VECTOR('',#11967,1.2);
#11969=LINE('',#11966,#11968);
#11970=EDGE_CURVE('',#4051,#9722,#11969,.T.);
#11971=ORIENTED_EDGE('',*,*,#11970,.F.);
#11972=ORIENTED_EDGE('',*,*,#4134,.F.);
#11973=CARTESIAN_POINT('',(308.987241,-95.829993719,0.));
#11974=DIRECTION('',(0.,0.,-1.));
#11975=VECTOR('',#11974,1.2);
#11976=LINE('',#11973,#11975);
#11977=EDGE_CURVE('',#4122,#9731,#11976,.T.);
#11978=ORIENTED_EDGE('',*,*,#11977,.T.);
#11979=ORIENTED_EDGE('',*,*,#9736,.T.);
#11980=EDGE_LOOP('',(#11971,#11972,#11978,#11979));
#11981=FACE_BOUND('',#11980,.T.);
#11982=ADVANCED_FACE('',(#11981),#11965,.T.);
#11983=CARTESIAN_POINT('',(301.937241,-109.4325,-1.2));
#11984=DIRECTION('',(0.,1.,0.));
#11985=DIRECTION('',(0.,0.,1.));
#11986=AXIS2_PLACEMENT_3D('',#11983,#11984,#11985);
#11987=PLANE('',#11986);
#11988=CARTESIAN_POINT('',(308.489747281,-109.4325,0.));
#11989=DIRECTION('',(0.,0.,-1.));
#11990=VECTOR('',#11989,1.2);
#11991=LINE('',#11988,#11990);
#11992=EDGE_CURVE('',#4053,#9712,#11991,.T.);
#11993=ORIENTED_EDGE('',*,*,#11992,.T.);
#11994=ORIENTED_EDGE('',*,*,#9719,.T.);
#11995=CARTESIAN_POINT('',(295.384734719,-109.4325,0.));
#11996=DIRECTION('',(0.,0.,-1.));
#11997=VECTOR('',#11996,1.2);
#11998=LINE('',#11995,#11997);
#11999=EDGE_CURVE('',#4062,#9714,#11998,.T.);
#12000=ORIENTED_EDGE('',*,*,#11999,.F.);
#12001=ORIENTED_EDGE('',*,*,#4067,.F.);
#12002=EDGE_LOOP('',(#11993,#11994,#12000,#12001));
#12003=FACE_BOUND('',#12002,.T.);
#12004=ADVANCED_FACE('',(#12003),#11987,.T.);
#12005=CARTESIAN_POINT('',(289.937241,-107.145,-1.2));
#12006=DIRECTION('',(-1.,0.,0.));
#12007=DIRECTION('',(0.,0.,1.));
#12008=AXIS2_PLACEMENT_3D('',#12005,#12006,#12007);
#12009=PLANE('',#12008);
#12010=CARTESIAN_POINT('',(289.937241,-113.645,0.));
#12011=DIRECTION('',(0.,0.,-1.));
#12012=VECTOR('',#12011,1.2);
#12013=LINE('',#12010,#12012);
#12014=EDGE_CURVE('',#4581,#9810,#12013,.T.);
#12015=ORIENTED_EDGE('',*,*,#12014,.F.);
#12016=ORIENTED_EDGE('',*,*,#4662,.F.);
#12017=CARTESIAN_POINT('',(289.937241,-100.588562937,0.));
#12018=DIRECTION('',(0.,0.,-1.));
#12019=VECTOR('',#12018,1.2);
#12020=LINE('',#12017,#12019);
#12021=EDGE_CURVE('',#4650,#9819,#12020,.T.);
#12022=ORIENTED_EDGE('',*,*,#12021,.T.);
#12023=ORIENTED_EDGE('',*,*,#9824,.T.);
#12024=EDGE_LOOP('',(#12015,#12016,#12022,#12023));
#12025=FACE_BOUND('',#12024,.T.);
#12026=ADVANCED_FACE('',(#12025),#12009,.T.);
#12027=CARTESIAN_POINT('',(282.887241,-114.195,-1.2));
#12028=DIRECTION('',(0.,1.,0.));
#12029=DIRECTION('',(0.,0.,1.));
#12030=AXIS2_PLACEMENT_3D('',#12027,#12028,#12029);
#12031=PLANE('',#12030);
#12032=CARTESIAN_POINT('',(289.439747281,-114.195,0.));
#12033=DIRECTION('',(0.,0.,-1.));
#12034=VECTOR('',#12033,1.2);
#12035=LINE('',#12032,#12034);
#12036=EDGE_CURVE('',#4579,#9800,#12035,.T.);
#12037=ORIENTED_EDGE('',*,*,#12036,.T.);
#12038=ORIENTED_EDGE('',*,*,#9807,.T.);
#12039=CARTESIAN_POINT('',(276.334734719,-114.195,0.));
#12040=DIRECTION('',(0.,0.,-1.));
#12041=VECTOR('',#12040,1.2);
#12042=LINE('',#12039,#12041);
#12043=EDGE_CURVE('',#4590,#9802,#12042,.T.);
#12044=ORIENTED_EDGE('',*,*,#12043,.F.);
#12045=ORIENTED_EDGE('',*,*,#4595,.F.);
#12046=EDGE_LOOP('',(#12037,#12038,#12044,#12045));
#12047=FACE_BOUND('',#12046,.T.);
#12048=ADVANCED_FACE('',(#12047),#12031,.T.);
#12049=CARTESIAN_POINT('',(275.837241,-107.145,-1.2));
#12050=DIRECTION('',(1.,0.,0.));
#12051=DIRECTION('',(0.,0.,-1.));
#12052=AXIS2_PLACEMENT_3D('',#12049,#12050,#12051);
#12053=PLANE('',#12052);
#12054=CARTESIAN_POINT('',(275.837241,-113.645,0.));
#12055=DIRECTION('',(0.,0.,-1.));
#12056=VECTOR('',#12055,1.2);
#12057=LINE('',#12054,#12056);
#12058=EDGE_CURVE('',#4607,#9862,#12057,.T.);
#12059=ORIENTED_EDGE('',*,*,#12058,.T.);
#12060=ORIENTED_EDGE('',*,*,#9867,.T.);
#12061=CARTESIAN_POINT('',(275.837241,-100.592493719,0.));
#12062=DIRECTION('',(0.,0.,-1.));
#12063=VECTOR('',#12062,1.2);
#12064=LINE('',#12061,#12063);
#12065=EDGE_CURVE('',#4616,#9853,#12064,.T.);
#12066=ORIENTED_EDGE('',*,*,#12065,.F.);
#12067=ORIENTED_EDGE('',*,*,#4621,.F.);
#12068=EDGE_LOOP('',(#12059,#12060,#12066,#12067));
#12069=FACE_BOUND('',#12068,.T.);
#12070=ADVANCED_FACE('',(#12069),#12053,.T.);
#12071=CARTESIAN_POINT('',(282.887241,-100.095,-1.2));
#12072=DIRECTION('',(0.,-1.,0.));
#12073=DIRECTION('',(0.,0.,-1.));
#12074=AXIS2_PLACEMENT_3D('',#12071,#12072,#12073);
#12075=PLANE('',#12074);
#12076=CARTESIAN_POINT('',(289.357268333,-100.095,0.));
#12077=DIRECTION('',(0.,0.,-1.));
#12078=VECTOR('',#12077,1.2);
#12079=LINE('',#12076,#12078);
#12080=EDGE_CURVE('',#4642,#9827,#12079,.T.);
#12081=ORIENTED_EDGE('',*,*,#12080,.F.);
#12082=ORIENTED_EDGE('',*,*,#4647,.F.);
#12083=CARTESIAN_POINT('',(276.387241,-100.095,0.));
#12084=DIRECTION('',(0.,0.,-1.));
#12085=VECTOR('',#12084,1.2);
#12086=LINE('',#12083,#12085);
#12087=EDGE_CURVE('',#4633,#9836,#12086,.T.);
#12088=ORIENTED_EDGE('',*,*,#12087,.T.);
#12089=ORIENTED_EDGE('',*,*,#9841,.T.);
#12090=EDGE_LOOP('',(#12081,#12082,#12088,#12089));
#12091=FACE_BOUND('',#12090,.T.);
#12092=ADVANCED_FACE('',(#12091),#12075,.T.);
#12093=CARTESIAN_POINT('',(340.037241,-118.9575,-1.2));
#12094=DIRECTION('',(0.,1.,0.));
#12095=DIRECTION('',(0.,0.,1.));
#12096=AXIS2_PLACEMENT_3D('',#12093,#12094,#12095);
#12097=PLANE('',#12096);
#12098=CARTESIAN_POINT('',(346.390236133,-118.9575,0.));
#12099=DIRECTION('',(0.,0.,-1.));
#12100=VECTOR('',#12099,1.2);
#12101=LINE('',#12098,#12100);
#12102=EDGE_CURVE('',#3334,#9888,#12101,.T.);
#12103=ORIENTED_EDGE('',*,*,#12102,.T.);
#12104=ORIENTED_EDGE('',*,*,#9895,.T.);
#12105=CARTESIAN_POINT('',(333.490093381,-118.9575,0.));
#12106=DIRECTION('',(0.,0.,-1.));
#12107=VECTOR('',#12106,1.2);
#12108=LINE('',#12105,#12107);
#12109=EDGE_CURVE('',#3343,#9890,#12108,.T.);
#12110=ORIENTED_EDGE('',*,*,#12109,.F.);
#12111=ORIENTED_EDGE('',*,*,#3348,.F.);
#12112=EDGE_LOOP('',(#12103,#12104,#12110,#12111));
#12113=FACE_BOUND('',#12112,.T.);
#12114=ADVANCED_FACE('',(#12113),#12097,.T.);
#12115=CARTESIAN_POINT('',(332.987241,-111.9075,-1.2));
#12116=DIRECTION('',(1.,0.,0.));
#12117=DIRECTION('',(0.,0.,-1.));
#12118=AXIS2_PLACEMENT_3D('',#12115,#12116,#12117);
#12119=PLANE('',#12118);
#12120=CARTESIAN_POINT('',(332.987241,-118.426648486,0.));
#12121=DIRECTION('',(0.,0.,-1.));
#12122=VECTOR('',#12121,1.2);
#12123=LINE('',#12120,#12122);
#12124=EDGE_CURVE('',#3360,#9950,#12123,.T.);
#12125=ORIENTED_EDGE('',*,*,#12124,.T.);
#12126=ORIENTED_EDGE('',*,*,#9955,.T.);
#12127=CARTESIAN_POINT('',(332.987241,-105.388351514,0.));
#12128=DIRECTION('',(0.,0.,-1.));
#12129=VECTOR('',#12128,1.2);
#12130=LINE('',#12127,#12129);
#12131=EDGE_CURVE('',#3369,#9941,#12130,.T.);
#12132=ORIENTED_EDGE('',*,*,#12131,.F.);
#12133=ORIENTED_EDGE('',*,*,#3374,.F.);
#12134=EDGE_LOOP('',(#12125,#12126,#12132,#12133));
#12135=FACE_BOUND('',#12134,.T.);
#12136=ADVANCED_FACE('',(#12135),#12119,.T.);
#12137=CARTESIAN_POINT('',(340.037241,-104.8575,-1.2));
#12138=DIRECTION('',(0.,-1.,0.));
#12139=DIRECTION('',(0.,0.,-1.));
#12140=AXIS2_PLACEMENT_3D('',#12137,#12138,#12139);
#12141=PLANE('',#12140);
#12142=CARTESIAN_POINT('',(333.490093381,-104.8575,0.));
#12143=DIRECTION('',(0.,0.,-1.));
#12144=VECTOR('',#12143,1.2);
#12145=LINE('',#12142,#12144);
#12146=EDGE_CURVE('',#3386,#9924,#12145,.T.);
#12147=ORIENTED_EDGE('',*,*,#12146,.T.);
#12148=ORIENTED_EDGE('',*,*,#9929,.T.);
#12149=CARTESIAN_POINT('',(346.589747281,-104.8575,0.));
#12150=DIRECTION('',(0.,0.,-1.));
#12151=VECTOR('',#12150,1.2);
#12152=LINE('',#12149,#12151);
#12153=EDGE_CURVE('',#3395,#9915,#12152,.T.);
#12154=ORIENTED_EDGE('',*,*,#12153,.F.);
#12155=ORIENTED_EDGE('',*,*,#3400,.F.);
#12156=EDGE_LOOP('',(#12147,#12148,#12154,#12155));
#12157=FACE_BOUND('',#12156,.T.);
#12158=ADVANCED_FACE('',(#12157),#12141,.T.);
#12159=CARTESIAN_POINT('',(347.087241,-111.9075,-1.2));
#12160=DIRECTION('',(-1.,0.,0.));
#12161=DIRECTION('',(0.,0.,1.));
#12162=AXIS2_PLACEMENT_3D('',#12159,#12160,#12161);
#12163=PLANE('',#12162);
#12164=CARTESIAN_POINT('',(347.087241,-118.324929852,0.));
#12165=DIRECTION('',(0.,0.,-1.));
#12166=VECTOR('',#12165,1.2);
#12167=LINE('',#12164,#12166);
#12168=EDGE_CURVE('',#3332,#9898,#12167,.T.);
#12169=ORIENTED_EDGE('',*,*,#12168,.F.);
#12170=ORIENTED_EDGE('',*,*,#3415,.F.);
#12171=CARTESIAN_POINT('',(347.087241,-105.4075,0.));
#12172=DIRECTION('',(0.,0.,-1.));
#12173=VECTOR('',#12172,1.2);
#12174=LINE('',#12171,#12173);
#12175=EDGE_CURVE('',#3403,#9907,#12174,.T.);
#12176=ORIENTED_EDGE('',*,*,#12175,.T.);
#12177=ORIENTED_EDGE('',*,*,#9912,.T.);
#12178=EDGE_LOOP('',(#12169,#12170,#12176,#12177));
#12179=FACE_BOUND('',#12178,.T.);
#12180=ADVANCED_FACE('',(#12179),#12163,.T.);
#12181=CARTESIAN_POINT('',(347.069905,-137.990164,-1.2));
#12182=DIRECTION('',(-0.707106781,0.707106781,0.));
#12183=DIRECTION('',(-0.707106781,-0.707106781,0.));
#12184=AXIS2_PLACEMENT_3D('',#12181,#12182,#12183);
#12185=PLANE('',#12184);
#12186=ORIENTED_EDGE('',*,*,#3804,.F.);
#12187=ORIENTED_EDGE('',*,*,#11912,.F.);
#12188=ORIENTED_EDGE('',*,*,#9701,.T.);
#12189=ORIENTED_EDGE('',*,*,#11805,.T.);
#12190=EDGE_LOOP('',(#12186,#12187,#12188,#12189));
#12191=FACE_BOUND('',#12190,.T.);
#12192=ADVANCED_FACE('',(#12191),#12185,.T.);
#12193=CARTESIAN_POINT('',(359.087241,-106.242506,-1.2));
#12194=DIRECTION('',(0.,1.,0.));
#12195=DIRECTION('',(0.,0.,1.));
#12196=AXIS2_PLACEMENT_3D('',#12193,#12194,#12195);
#12197=PLANE('',#12196);
#12198=ORIENTED_EDGE('',*,*,#5132,.T.);
#12199=CARTESIAN_POINT('',(350.6,-106.242506,-1.2));
#12200=DIRECTION('',(-0.,-0.,1.));
#12201=VECTOR('',#12200,1.2);
#12202=LINE('',#12199,#12201);
#12203=EDGE_CURVE('',#9987,#5127,#12202,.T.);
#12204=ORIENTED_EDGE('',*,*,#12203,.F.);
#12205=ORIENTED_EDGE('',*,*,#9992,.F.);
#12206=CARTESIAN_POINT('',(367.819985,-106.242506,-1.2));
#12207=DIRECTION('',(0.,0.,1.));
#12208=VECTOR('',#12207,1.2);
#12209=LINE('',#12206,#12208);
#12210=EDGE_CURVE('',#9978,#5125,#12209,.T.);
#12211=ORIENTED_EDGE('',*,*,#12210,.T.);
#12212=EDGE_LOOP('',(#12198,#12204,#12205,#12211));
#12213=FACE_BOUND('',#12212,.T.);
#12214=ADVANCED_FACE('',(#12213),#12197,.F.);
#12215=CARTESIAN_POINT('',(350.6,-106.742506,-1.2));
#12216=DIRECTION('',(0.,0.,-1.));
#12217=DIRECTION('',(-1.,0.,0.));
#12218=AXIS2_PLACEMENT_3D('',#12215,#12216,#12217);
#12219=CYLINDRICAL_SURFACE('',#12218,0.5);
#12220=ORIENTED_EDGE('',*,*,#5190,.T.);
#12221=CARTESIAN_POINT('',(350.1,-106.742506,-1.2));
#12222=DIRECTION('',(0.,0.,1.));
#12223=VECTOR('',#12222,1.2);
#12224=LINE('',#12221,#12223);
#12225=EDGE_CURVE('',#9995,#5178,#12224,.T.);
#12226=ORIENTED_EDGE('',*,*,#12225,.F.);
#12227=ORIENTED_EDGE('',*,*,#10001,.F.);
#12228=ORIENTED_EDGE('',*,*,#12203,.T.);
#12229=EDGE_LOOP('',(#12220,#12226,#12227,#12228));
#12230=FACE_BOUND('',#12229,.T.);
#12231=ADVANCED_FACE('',(#12230),#12219,.F.);
#12232=CARTESIAN_POINT('',(350.1,-108.0025035,-1.2));
#12233=DIRECTION('',(-1.,0.,0.));
#12234=DIRECTION('',(0.,0.,1.));
#12235=AXIS2_PLACEMENT_3D('',#12232,#12233,#12234);
#12236=PLANE('',#12235);
#12237=ORIENTED_EDGE('',*,*,#5183,.T.);
#12238=CARTESIAN_POINT('',(350.1,-109.262501,-1.2));
#12239=DIRECTION('',(-0.,-0.,1.));
#12240=VECTOR('',#12239,1.2);
#12241=LINE('',#12238,#12240);
#12242=EDGE_CURVE('',#10004,#5169,#12241,.T.);
#12243=ORIENTED_EDGE('',*,*,#12242,.F.);
#12244=ORIENTED_EDGE('',*,*,#10009,.F.);
#12245=ORIENTED_EDGE('',*,*,#12225,.T.);
#12246=EDGE_LOOP('',(#12237,#12243,#12244,#12245));
#12247=FACE_BOUND('',#12246,.T.);
#12248=ADVANCED_FACE('',(#12247),#12236,.F.);
#12249=CARTESIAN_POINT('',(350.6,-109.262501,-1.2));
#12250=DIRECTION('',(0.,0.,-1.));
#12251=DIRECTION('',(-1.,0.,0.));
#12252=AXIS2_PLACEMENT_3D('',#12249,#12250,#12251);
#12253=CYLINDRICAL_SURFACE('',#12252,0.5);
#12254=ORIENTED_EDGE('',*,*,#5175,.T.);
#12255=CARTESIAN_POINT('',(350.6,-109.762501,-1.2));
#12256=DIRECTION('',(0.,0.,1.));
#12257=VECTOR('',#12256,1.2);
#12258=LINE('',#12255,#12257);
#12259=EDGE_CURVE('',#10012,#5161,#12258,.T.);
#12260=ORIENTED_EDGE('',*,*,#12259,.F.);
#12261=ORIENTED_EDGE('',*,*,#10018,.F.);
#12262=ORIENTED_EDGE('',*,*,#12242,.T.);
#12263=EDGE_LOOP('',(#12254,#12260,#12261,#12262));
#12264=FACE_BOUND('',#12263,.T.);
#12265=ADVANCED_FACE('',(#12264),#12253,.F.);
#12266=CARTESIAN_POINT('',(359.087241,-109.762501,-1.2));
#12267=DIRECTION('',(0.,-1.,0.));
#12268=DIRECTION('',(1.,0.,0.));
#12269=AXIS2_PLACEMENT_3D('',#12266,#12267,#12268);
#12270=PLANE('',#12269);
#12271=ORIENTED_EDGE('',*,*,#5166,.T.);
#12272=CARTESIAN_POINT('',(367.819985,-109.762501,-1.2));
#12273=DIRECTION('',(-0.,-0.,1.));
#12274=VECTOR('',#12273,1.2);
#12275=LINE('',#12272,#12274);
#12276=EDGE_CURVE('',#10021,#5152,#12275,.T.);
#12277=ORIENTED_EDGE('',*,*,#12276,.F.);
#12278=ORIENTED_EDGE('',*,*,#10026,.F.);
#12279=ORIENTED_EDGE('',*,*,#12259,.T.);
#12280=EDGE_LOOP('',(#12271,#12277,#12278,#12279));
#12281=FACE_BOUND('',#12280,.T.);
#12282=ADVANCED_FACE('',(#12281),#12270,.F.);
#12283=CARTESIAN_POINT('',(367.819985,-109.262501,-1.2));
#12284=DIRECTION('',(0.,0.,1.));
#12285=DIRECTION('',(1.,0.,-0.));
#12286=AXIS2_PLACEMENT_3D('',#12283,#12284,#12285);
#12287=CYLINDRICAL_SURFACE('',#12286,0.5);
#12288=ORIENTED_EDGE('',*,*,#5158,.T.);
#12289=CARTESIAN_POINT('',(368.319985,-109.262501,-1.2));
#12290=DIRECTION('',(0.,0.,1.));
#12291=VECTOR('',#12290,1.2);
#12292=LINE('',#12289,#12291);
#12293=EDGE_CURVE('',#10029,#5144,#12292,.T.);
#12294=ORIENTED_EDGE('',*,*,#12293,.F.);
#12295=ORIENTED_EDGE('',*,*,#10035,.F.);
#12296=ORIENTED_EDGE('',*,*,#12276,.T.);
#12297=EDGE_LOOP('',(#12288,#12294,#12295,#12296));
#12298=FACE_BOUND('',#12297,.T.);
#12299=ADVANCED_FACE('',(#12298),#12287,.F.);
#12300=CARTESIAN_POINT('',(368.319985,-108.0025035,-1.2));
#12301=DIRECTION('',(-1.,0.,0.));
#12302=DIRECTION('',(0.,0.,1.));
#12303=AXIS2_PLACEMENT_3D('',#12300,#12301,#12302);
#12304=PLANE('',#12303);
#12305=ORIENTED_EDGE('',*,*,#5149,.F.);
#12306=CARTESIAN_POINT('',(368.319985,-106.742506,-1.2));
#12307=DIRECTION('',(-0.,-0.,1.));
#12308=VECTOR('',#12307,1.2);
#12309=LINE('',#12306,#12308);
#12310=EDGE_CURVE('',#9976,#5135,#12309,.T.);
#12311=ORIENTED_EDGE('',*,*,#12310,.F.);
#12312=ORIENTED_EDGE('',*,*,#10041,.T.);
#12313=ORIENTED_EDGE('',*,*,#12293,.T.);
#12314=EDGE_LOOP('',(#12305,#12311,#12312,#12313));
#12315=FACE_BOUND('',#12314,.T.);
#12316=ADVANCED_FACE('',(#12315),#12304,.T.);
#12317=CARTESIAN_POINT('',(367.819985,-106.742506,-1.2));
#12318=DIRECTION('',(0.,0.,1.));
#12319=DIRECTION('',(1.,0.,-0.));
#12320=AXIS2_PLACEMENT_3D('',#12317,#12318,#12319);
#12321=CYLINDRICAL_SURFACE('',#12320,0.5);
#12322=ORIENTED_EDGE('',*,*,#5141,.T.);
#12323=ORIENTED_EDGE('',*,*,#12210,.F.);
#12324=ORIENTED_EDGE('',*,*,#9984,.F.);
#12325=ORIENTED_EDGE('',*,*,#12310,.T.);
#12326=EDGE_LOOP('',(#12322,#12323,#12324,#12325));
#12327=FACE_BOUND('',#12326,.T.);
#12328=ADVANCED_FACE('',(#12327),#12321,.F.);
#12329=CARTESIAN_POINT('',(349.18,-119.9525,-7.7));
#12330=DIRECTION('',(0.,0.,1.));
#12331=DIRECTION('',(1.,0.,-0.));
#12332=AXIS2_PLACEMENT_3D('',#12329,#12330,#12331);
#12333=CYLINDRICAL_SURFACE('',#12332,0.8);
#12334=CARTESIAN_POINT('',(349.98,-119.9525,-1.2));
#12335=VERTEX_POINT('',#12334);
#12336=CARTESIAN_POINT('',(349.98,-119.9525,-6.8));
#12337=VERTEX_POINT('',#12336);
#12338=CARTESIAN_POINT('',(349.98,-119.9525,-1.2));
#12339=DIRECTION('',(-0.,-0.,-1.));
#12340=VECTOR('',#12339,5.6);
#12341=LINE('',#12338,#12340);
#12342=EDGE_CURVE('',#12335,#12337,#12341,.T.);
#12343=ORIENTED_EDGE('',*,*,#12342,.F.);
#12344=CARTESIAN_POINT('',(348.38,-119.9525,-1.2));
#12345=VERTEX_POINT('',#12344);
#12346=CARTESIAN_POINT('',(349.18,-119.9525,-1.2));
#12347=DIRECTION('',(0.,0.,-1.));
#12348=DIRECTION('',(-1.,0.,0.));
#12349=AXIS2_PLACEMENT_3D('',#12346,#12347,#12348);
#12350=CIRCLE('',#12349,0.8);
#12351=EDGE_CURVE('',#12345,#12335,#12350,.T.);
#12352=ORIENTED_EDGE('',*,*,#12351,.F.);
#12353=CARTESIAN_POINT('',(349.18,-119.9525,-1.2));
#12354=DIRECTION('',(0.,0.,-1.));
#12355=DIRECTION('',(-1.,0.,0.));
#12356=AXIS2_PLACEMENT_3D('',#12353,#12354,#12355);
#12357=CIRCLE('',#12356,0.8);
#12358=EDGE_CURVE('',#12335,#12345,#12357,.T.);
#12359=ORIENTED_EDGE('',*,*,#12358,.F.);
#12360=ORIENTED_EDGE('',*,*,#12342,.T.);
#12361=CARTESIAN_POINT('',(348.38,-119.9525,-6.8));
#12362=VERTEX_POINT('',#12361);
#12363=CARTESIAN_POINT('',(349.18,-119.9525,-6.8));
#12364=DIRECTION('',(0.,0.,-1.));
#12365=DIRECTION('',(-1.,0.,0.));
#12366=AXIS2_PLACEMENT_3D('',#12363,#12364,#12365);
#12367=CIRCLE('',#12366,0.8);
#12368=EDGE_CURVE('',#12337,#12362,#12367,.T.);
#12369=ORIENTED_EDGE('',*,*,#12368,.T.);
#12370=CARTESIAN_POINT('',(349.18,-119.9525,-6.8));
#12371=DIRECTION('',(0.,0.,-1.));
#12372=DIRECTION('',(-1.,0.,0.));
#12373=AXIS2_PLACEMENT_3D('',#12370,#12371,#12372);
#12374=CIRCLE('',#12373,0.8);
#12375=EDGE_CURVE('',#12362,#12337,#12374,.T.);
#12376=ORIENTED_EDGE('',*,*,#12375,.T.);
#12377=EDGE_LOOP('',(#12343,#12352,#12359,#12360,#12369,#12376));
#12378=FACE_BOUND('',#12377,.T.);
#12379=ADVANCED_FACE('',(#12378),#12333,.F.);
#12380=CARTESIAN_POINT('',(349.18,-119.9525,-7.7));
#12381=DIRECTION('',(0.,0.,1.));
#12382=DIRECTION('',(1.,0.,-0.));
#12383=AXIS2_PLACEMENT_3D('',#12380,#12381,#12382);
#12384=CYLINDRICAL_SURFACE('',#12383,2.);
#12385=CARTESIAN_POINT('',(351.18,-119.9525,-6.8));
#12386=VERTEX_POINT('',#12385);
#12387=CARTESIAN_POINT('',(351.18,-119.9525,-1.2));
#12388=DIRECTION('',(-0.,-0.,-1.));
#12389=VECTOR('',#12388,5.6);
#12390=LINE('',#12387,#12389);
#12391=EDGE_CURVE('',#10046,#12386,#12390,.T.);
#12392=ORIENTED_EDGE('',*,*,#12391,.T.);
#12393=CARTESIAN_POINT('',(347.18,-119.9525,-6.8));
#12394=VERTEX_POINT('',#12393);
#12395=CARTESIAN_POINT('',(349.18,-119.9525,-6.8));
#12396=DIRECTION('',(0.,0.,-1.));
#12397=DIRECTION('',(-1.,0.,0.));
#12398=AXIS2_PLACEMENT_3D('',#12395,#12396,#12397);
#12399=CIRCLE('',#12398,2.);
#12400=EDGE_CURVE('',#12394,#12386,#12399,.T.);
#12401=ORIENTED_EDGE('',*,*,#12400,.F.);
#12402=CARTESIAN_POINT('',(349.18,-119.9525,-6.8));
#12403=DIRECTION('',(0.,0.,-1.));
#12404=DIRECTION('',(-1.,0.,0.));
#12405=AXIS2_PLACEMENT_3D('',#12402,#12403,#12404);
#12406=CIRCLE('',#12405,2.);
#12407=EDGE_CURVE('',#12386,#12394,#12406,.T.);
#12408=ORIENTED_EDGE('',*,*,#12407,.F.);
#12409=ORIENTED_EDGE('',*,*,#12391,.F.);
#12410=ORIENTED_EDGE('',*,*,#10052,.T.);
#12411=EDGE_LOOP('',(#12392,#12401,#12408,#12409,#12410));
#12412=FACE_BOUND('',#12411,.T.);
#12413=ADVANCED_FACE('',(#12412),#12384,.T.);
#12414=CARTESIAN_POINT('',(0.,0.,-6.8));
#12415=DIRECTION('',(0.,0.,-1.));
#12416=DIRECTION('',(-1.,0.,0.));
#12417=AXIS2_PLACEMENT_3D('',#12414,#12415,#12416);
#12418=PLANE('',#12417);
#12419=ORIENTED_EDGE('',*,*,#12368,.F.);
#12420=ORIENTED_EDGE('',*,*,#12375,.F.);
#12421=EDGE_LOOP('',(#12419,#12420));
#12422=FACE_BOUND('',#12421,.T.);
#12423=ORIENTED_EDGE('',*,*,#12400,.T.);
#12424=ORIENTED_EDGE('',*,*,#12407,.T.);
#12425=EDGE_LOOP('',(#12423,#12424));
#12426=FACE_BOUND('',#12425,.T.);
#12427=ADVANCED_FACE('',(#12422,#12426),#12418,.T.);
#12428=CARTESIAN_POINT('',(0.,0.,-1.2));
#12429=DIRECTION('',(0.,0.,1.));
#12430=DIRECTION('',(1.,0.,0.));
#12431=AXIS2_PLACEMENT_3D('',#12428,#12429,#12430);
#12432=PLANE('',#12431);
#12433=ORIENTED_EDGE('',*,*,#12351,.T.);
#12434=ORIENTED_EDGE('',*,*,#12358,.T.);
#12435=EDGE_LOOP('',(#12433,#12434));
#12436=FACE_BOUND('',#12435,.T.);
#12437=ADVANCED_FACE('',(#12436),#12432,.F.);
#12438=CARTESIAN_POINT('',(292.48,-100.1525,-7.7));
#12439=DIRECTION('',(0.,0.,1.));
#12440=DIRECTION('',(1.,0.,-0.));
#12441=AXIS2_PLACEMENT_3D('',#12438,#12439,#12440);
#12442=CYLINDRICAL_SURFACE('',#12441,0.8);
#12443=CARTESIAN_POINT('',(293.28,-100.1525,-1.2));
#12444=VERTEX_POINT('',#12443);
#12445=CARTESIAN_POINT('',(293.28,-100.1525,-6.8));
#12446=VERTEX_POINT('',#12445);
#12447=CARTESIAN_POINT('',(293.28,-100.1525,-1.2));
#12448=DIRECTION('',(-0.,-0.,-1.));
#12449=VECTOR('',#12448,5.6);
#12450=LINE('',#12447,#12449);
#12451=EDGE_CURVE('',#12444,#12446,#12450,.T.);
#12452=ORIENTED_EDGE('',*,*,#12451,.F.);
#12453=CARTESIAN_POINT('',(291.68,-100.1525,-1.2));
#12454=VERTEX_POINT('',#12453);
#12455=CARTESIAN_POINT('',(292.48,-100.1525,-1.2));
#12456=DIRECTION('',(0.,0.,-1.));
#12457=DIRECTION('',(-1.,0.,0.));
#12458=AXIS2_PLACEMENT_3D('',#12455,#12456,#12457);
#12459=CIRCLE('',#12458,0.8);
#12460=EDGE_CURVE('',#12454,#12444,#12459,.T.);
#12461=ORIENTED_EDGE('',*,*,#12460,.F.);
#12462=CARTESIAN_POINT('',(292.48,-100.1525,-1.2));
#12463=DIRECTION('',(0.,0.,-1.));
#12464=DIRECTION('',(-1.,0.,0.));
#12465=AXIS2_PLACEMENT_3D('',#12462,#12463,#12464);
#12466=CIRCLE('',#12465,0.8);
#12467=EDGE_CURVE('',#12444,#12454,#12466,.T.);
#12468=ORIENTED_EDGE('',*,*,#12467,.F.);
#12469=ORIENTED_EDGE('',*,*,#12451,.T.);
#12470=CARTESIAN_POINT('',(291.68,-100.1525,-6.8));
#12471=VERTEX_POINT('',#12470);
#12472=CARTESIAN_POINT('',(292.48,-100.1525,-6.8));
#12473=DIRECTION('',(0.,0.,-1.));
#12474=DIRECTION('',(-1.,0.,0.));
#12475=AXIS2_PLACEMENT_3D('',#12472,#12473,#12474);
#12476=CIRCLE('',#12475,0.8);
#12477=EDGE_CURVE('',#12446,#12471,#12476,.T.);
#12478=ORIENTED_EDGE('',*,*,#12477,.T.);
#12479=CARTESIAN_POINT('',(292.48,-100.1525,-6.8));
#12480=DIRECTION('',(0.,0.,-1.));
#12481=DIRECTION('',(-1.,0.,0.));
#12482=AXIS2_PLACEMENT_3D('',#12479,#12480,#12481);
#12483=CIRCLE('',#12482,0.8);
#12484=EDGE_CURVE('',#12471,#12446,#12483,.T.);
#12485=ORIENTED_EDGE('',*,*,#12484,.T.);
#12486=EDGE_LOOP('',(#12452,#12461,#12468,#12469,#12478,#12485));
#12487=FACE_BOUND('',#12486,.T.);
#12488=ADVANCED_FACE('',(#12487),#12442,.F.);
#12489=CARTESIAN_POINT('',(292.48,-100.1525,-7.7));
#12490=DIRECTION('',(0.,0.,1.));
#12491=DIRECTION('',(1.,0.,-0.));
#12492=AXIS2_PLACEMENT_3D('',#12489,#12490,#12491);
#12493=CYLINDRICAL_SURFACE('',#12492,2.);
#12494=CARTESIAN_POINT('',(294.48,-100.1525,-6.8));
#12495=VERTEX_POINT('',#12494);
#12496=CARTESIAN_POINT('',(294.48,-100.1525,-1.2));
#12497=DIRECTION('',(-0.,-0.,-1.));
#12498=VECTOR('',#12497,5.6);
#12499=LINE('',#12496,#12498);
#12500=EDGE_CURVE('',#10057,#12495,#12499,.T.);
#12501=ORIENTED_EDGE('',*,*,#12500,.T.);
#12502=CARTESIAN_POINT('',(290.48,-100.1525,-6.8));
#12503=VERTEX_POINT('',#12502);
#12504=CARTESIAN_POINT('',(292.48,-100.1525,-6.8));
#12505=DIRECTION('',(0.,0.,-1.));
#12506=DIRECTION('',(-1.,0.,0.));
#12507=AXIS2_PLACEMENT_3D('',#12504,#12505,#12506);
#12508=CIRCLE('',#12507,2.);
#12509=EDGE_CURVE('',#12503,#12495,#12508,.T.);
#12510=ORIENTED_EDGE('',*,*,#12509,.F.);
#12511=CARTESIAN_POINT('',(292.48,-100.1525,-6.8));
#12512=DIRECTION('',(0.,0.,-1.));
#12513=DIRECTION('',(-1.,0.,0.));
#12514=AXIS2_PLACEMENT_3D('',#12511,#12512,#12513);
#12515=CIRCLE('',#12514,2.);
#12516=EDGE_CURVE('',#12495,#12503,#12515,.T.);
#12517=ORIENTED_EDGE('',*,*,#12516,.F.);
#12518=ORIENTED_EDGE('',*,*,#12500,.F.);
#12519=ORIENTED_EDGE('',*,*,#10063,.T.);
#12520=EDGE_LOOP('',(#12501,#12510,#12517,#12518,#12519));
#12521=FACE_BOUND('',#12520,.T.);
#12522=ADVANCED_FACE('',(#12521),#12493,.T.);
#12523=CARTESIAN_POINT('',(0.,0.,-6.8));
#12524=DIRECTION('',(0.,0.,-1.));
#12525=DIRECTION('',(-1.,0.,0.));
#12526=AXIS2_PLACEMENT_3D('',#12523,#12524,#12525);
#12527=PLANE('',#12526);
#12528=ORIENTED_EDGE('',*,*,#12477,.F.);
#12529=ORIENTED_EDGE('',*,*,#12484,.F.);
#12530=EDGE_LOOP('',(#12528,#12529));
#12531=FACE_BOUND('',#12530,.T.);
#12532=ORIENTED_EDGE('',*,*,#12509,.T.);
#12533=ORIENTED_EDGE('',*,*,#12516,.T.);
#12534=EDGE_LOOP('',(#12532,#12533));
#12535=FACE_BOUND('',#12534,.T.);
#12536=ADVANCED_FACE('',(#12531,#12535),#12527,.T.);
#12537=CARTESIAN_POINT('',(0.,0.,-1.2));
#12538=DIRECTION('',(0.,0.,1.));
#12539=DIRECTION('',(1.,0.,0.));
#12540=AXIS2_PLACEMENT_3D('',#12537,#12538,#12539);
#12541=PLANE('',#12540);
#12542=ORIENTED_EDGE('',*,*,#12460,.T.);
#12543=ORIENTED_EDGE('',*,*,#12467,.T.);
#12544=EDGE_LOOP('',(#12542,#12543));
#12545=FACE_BOUND('',#12544,.T.);
#12546=ADVANCED_FACE('',(#12545),#12541,.F.);
#12547=CARTESIAN_POINT('',(349.18,-139.2025,-7.7));
#12548=DIRECTION('',(0.,0.,1.));
#12549=DIRECTION('',(1.,0.,-0.));
#12550=AXIS2_PLACEMENT_3D('',#12547,#12548,#12549);
#12551=CYLINDRICAL_SURFACE('',#12550,0.8);
#12552=CARTESIAN_POINT('',(349.98,-139.2025,-1.2));
#12553=VERTEX_POINT('',#12552);
#12554=CARTESIAN_POINT('',(349.98,-139.2025,-6.8));
#12555=VERTEX_POINT('',#12554);
#12556=CARTESIAN_POINT('',(349.98,-139.2025,-1.2));
#12557=DIRECTION('',(-0.,-0.,-1.));
#12558=VECTOR('',#12557,5.6);
#12559=LINE('',#12556,#12558);
#12560=EDGE_CURVE('',#12553,#12555,#12559,.T.);
#12561=ORIENTED_EDGE('',*,*,#12560,.F.);
#12562=CARTESIAN_POINT('',(348.38,-139.2025,-1.2));
#12563=VERTEX_POINT('',#12562);
#12564=CARTESIAN_POINT('',(349.18,-139.2025,-1.2));
#12565=DIRECTION('',(0.,0.,-1.));
#12566=DIRECTION('',(-1.,0.,0.));
#12567=AXIS2_PLACEMENT_3D('',#12564,#12565,#12566);
#12568=CIRCLE('',#12567,0.8);
#12569=EDGE_CURVE('',#12563,#12553,#12568,.T.);
#12570=ORIENTED_EDGE('',*,*,#12569,.F.);
#12571=CARTESIAN_POINT('',(349.18,-139.2025,-1.2));
#12572=DIRECTION('',(0.,0.,-1.));
#12573=DIRECTION('',(-1.,0.,0.));
#12574=AXIS2_PLACEMENT_3D('',#12571,#12572,#12573);
#12575=CIRCLE('',#12574,0.8);
#12576=EDGE_CURVE('',#12553,#12563,#12575,.T.);
#12577=ORIENTED_EDGE('',*,*,#12576,.F.);
#12578=ORIENTED_EDGE('',*,*,#12560,.T.);
#12579=CARTESIAN_POINT('',(348.38,-139.2025,-6.8));
#12580=VERTEX_POINT('',#12579);
#12581=CARTESIAN_POINT('',(349.18,-139.2025,-6.8));
#12582=DIRECTION('',(0.,0.,-1.));
#12583=DIRECTION('',(-1.,0.,0.));
#12584=AXIS2_PLACEMENT_3D('',#12581,#12582,#12583);
#12585=CIRCLE('',#12584,0.8);
#12586=EDGE_CURVE('',#12555,#12580,#12585,.T.);
#12587=ORIENTED_EDGE('',*,*,#12586,.T.);
#12588=CARTESIAN_POINT('',(349.18,-139.2025,-6.8));
#12589=DIRECTION('',(0.,0.,-1.));
#12590=DIRECTION('',(-1.,0.,0.));
#12591=AXIS2_PLACEMENT_3D('',#12588,#12589,#12590);
#12592=CIRCLE('',#12591,0.8);
#12593=EDGE_CURVE('',#12580,#12555,#12592,.T.);
#12594=ORIENTED_EDGE('',*,*,#12593,.T.);
#12595=EDGE_LOOP('',(#12561,#12570,#12577,#12578,#12587,#12594));
#12596=FACE_BOUND('',#12595,.T.);
#12597=ADVANCED_FACE('',(#12596),#12551,.F.);
#12598=CARTESIAN_POINT('',(349.18,-139.2025,-7.7));
#12599=DIRECTION('',(0.,0.,1.));
#12600=DIRECTION('',(1.,0.,-0.));
#12601=AXIS2_PLACEMENT_3D('',#12598,#12599,#12600);
#12602=CYLINDRICAL_SURFACE('',#12601,2.);
#12603=CARTESIAN_POINT('',(351.18,-139.2025,-6.8));
#12604=VERTEX_POINT('',#12603);
#12605=CARTESIAN_POINT('',(351.18,-139.2025,-1.2));
#12606=DIRECTION('',(-0.,-0.,-1.));
#12607=VECTOR('',#12606,5.6);
#12608=LINE('',#12605,#12607);
#12609=EDGE_CURVE('',#10068,#12604,#12608,.T.);
#12610=ORIENTED_EDGE('',*,*,#12609,.T.);
#12611=CARTESIAN_POINT('',(347.18,-139.2025,-6.8));
#12612=VERTEX_POINT('',#12611);
#12613=CARTESIAN_POINT('',(349.18,-139.2025,-6.8));
#12614=DIRECTION('',(0.,0.,-1.));
#12615=DIRECTION('',(-1.,0.,0.));
#12616=AXIS2_PLACEMENT_3D('',#12613,#12614,#12615);
#12617=CIRCLE('',#12616,2.);
#12618=EDGE_CURVE('',#12612,#12604,#12617,.T.);
#12619=ORIENTED_EDGE('',*,*,#12618,.F.);
#12620=CARTESIAN_POINT('',(349.18,-139.2025,-6.8));
#12621=DIRECTION('',(0.,0.,-1.));
#12622=DIRECTION('',(-1.,0.,0.));
#12623=AXIS2_PLACEMENT_3D('',#12620,#12621,#12622);
#12624=CIRCLE('',#12623,2.);
#12625=EDGE_CURVE('',#12604,#12612,#12624,.T.);
#12626=ORIENTED_EDGE('',*,*,#12625,.F.);
#12627=ORIENTED_EDGE('',*,*,#12609,.F.);
#12628=ORIENTED_EDGE('',*,*,#10074,.T.);
#12629=EDGE_LOOP('',(#12610,#12619,#12626,#12627,#12628));
#12630=FACE_BOUND('',#12629,.T.);
#12631=ADVANCED_FACE('',(#12630),#12602,.T.);
#12632=CARTESIAN_POINT('',(0.,0.,-6.8));
#12633=DIRECTION('',(0.,0.,-1.));
#12634=DIRECTION('',(-1.,0.,0.));
#12635=AXIS2_PLACEMENT_3D('',#12632,#12633,#12634);
#12636=PLANE('',#12635);
#12637=ORIENTED_EDGE('',*,*,#12586,.F.);
#12638=ORIENTED_EDGE('',*,*,#12593,.F.);
#12639=EDGE_LOOP('',(#12637,#12638));
#12640=FACE_BOUND('',#12639,.T.);
#12641=ORIENTED_EDGE('',*,*,#12618,.T.);
#12642=ORIENTED_EDGE('',*,*,#12625,.T.);
#12643=EDGE_LOOP('',(#12641,#12642));
#12644=FACE_BOUND('',#12643,.T.);
#12645=ADVANCED_FACE('',(#12640,#12644),#12636,.T.);
#12646=CARTESIAN_POINT('',(0.,0.,-1.2));
#12647=DIRECTION('',(0.,0.,1.));
#12648=DIRECTION('',(1.,0.,0.));
#12649=AXIS2_PLACEMENT_3D('',#12646,#12647,#12648);
#12650=PLANE('',#12649);
#12651=ORIENTED_EDGE('',*,*,#12569,.T.);
#12652=ORIENTED_EDGE('',*,*,#12576,.T.);
#12653=EDGE_LOOP('',(#12651,#12652));
#12654=FACE_BOUND('',#12653,.T.);
#12655=ADVANCED_FACE('',(#12654),#12650,.F.);
#12656=CARTESIAN_POINT('',(272.83,-162.0525,-7.7));
#12657=DIRECTION('',(0.,0.,1.));
#12658=DIRECTION('',(1.,0.,-0.));
#12659=AXIS2_PLACEMENT_3D('',#12656,#12657,#12658);
#12660=CYLINDRICAL_SURFACE('',#12659,0.8);
#12661=CARTESIAN_POINT('',(273.63,-162.0525,-1.2));
#12662=VERTEX_POINT('',#12661);
#12663=CARTESIAN_POINT('',(273.63,-162.0525,-6.8));
#12664=VERTEX_POINT('',#12663);
#12665=CARTESIAN_POINT('',(273.63,-162.0525,-1.2));
#12666=DIRECTION('',(-0.,-0.,-1.));
#12667=VECTOR('',#12666,5.6);
#12668=LINE('',#12665,#12667);
#12669=EDGE_CURVE('',#12662,#12664,#12668,.T.);
#12670=ORIENTED_EDGE('',*,*,#12669,.F.);
#12671=CARTESIAN_POINT('',(272.03,-162.0525,-1.2));
#12672=VERTEX_POINT('',#12671);
#12673=CARTESIAN_POINT('',(272.83,-162.0525,-1.2));
#12674=DIRECTION('',(0.,0.,-1.));
#12675=DIRECTION('',(-1.,0.,0.));
#12676=AXIS2_PLACEMENT_3D('',#12673,#12674,#12675);
#12677=CIRCLE('',#12676,0.8);
#12678=EDGE_CURVE('',#12672,#12662,#12677,.T.);
#12679=ORIENTED_EDGE('',*,*,#12678,.F.);
#12680=CARTESIAN_POINT('',(272.83,-162.0525,-1.2));
#12681=DIRECTION('',(0.,0.,-1.));
#12682=DIRECTION('',(-1.,0.,0.));
#12683=AXIS2_PLACEMENT_3D('',#12680,#12681,#12682);
#12684=CIRCLE('',#12683,0.8);
#12685=EDGE_CURVE('',#12662,#12672,#12684,.T.);
#12686=ORIENTED_EDGE('',*,*,#12685,.F.);
#12687=ORIENTED_EDGE('',*,*,#12669,.T.);
#12688=CARTESIAN_POINT('',(272.03,-162.0525,-6.8));
#12689=VERTEX_POINT('',#12688);
#12690=CARTESIAN_POINT('',(272.83,-162.0525,-6.8));
#12691=DIRECTION('',(0.,0.,-1.));
#12692=DIRECTION('',(-1.,0.,0.));
#12693=AXIS2_PLACEMENT_3D('',#12690,#12691,#12692);
#12694=CIRCLE('',#12693,0.8);
#12695=EDGE_CURVE('',#12664,#12689,#12694,.T.);
#12696=ORIENTED_EDGE('',*,*,#12695,.T.);
#12697=CARTESIAN_POINT('',(272.83,-162.0525,-6.8));
#12698=DIRECTION('',(0.,0.,-1.));
#12699=DIRECTION('',(-1.,0.,0.));
#12700=AXIS2_PLACEMENT_3D('',#12697,#12698,#12699);
#12701=CIRCLE('',#12700,0.8);
#12702=EDGE_CURVE('',#12689,#12664,#12701,.T.);
#12703=ORIENTED_EDGE('',*,*,#12702,.T.);
#12704=EDGE_LOOP('',(#12670,#12679,#12686,#12687,#12696,#12703));
#12705=FACE_BOUND('',#12704,.T.);
#12706=ADVANCED_FACE('',(#12705),#12660,.F.);
#12707=CARTESIAN_POINT('',(272.83,-162.0525,-7.7));
#12708=DIRECTION('',(0.,0.,1.));
#12709=DIRECTION('',(1.,0.,-0.));
#12710=AXIS2_PLACEMENT_3D('',#12707,#12708,#12709);
#12711=CYLINDRICAL_SURFACE('',#12710,2.);
#12712=CARTESIAN_POINT('',(274.83,-162.0525,-6.8));
#12713=VERTEX_POINT('',#12712);
#12714=CARTESIAN_POINT('',(274.83,-162.0525,-1.2));
#12715=DIRECTION('',(-0.,-0.,-1.));
#12716=VECTOR('',#12715,5.6);
#12717=LINE('',#12714,#12716);
#12718=EDGE_CURVE('',#10079,#12713,#12717,.T.);
#12719=ORIENTED_EDGE('',*,*,#12718,.T.);
#12720=CARTESIAN_POINT('',(270.83,-162.0525,-6.8));
#12721=VERTEX_POINT('',#12720);
#12722=CARTESIAN_POINT('',(272.83,-162.0525,-6.8));
#12723=DIRECTION('',(0.,0.,-1.));
#12724=DIRECTION('',(-1.,0.,0.));
#12725=AXIS2_PLACEMENT_3D('',#12722,#12723,#12724);
#12726=CIRCLE('',#12725,2.);
#12727=EDGE_CURVE('',#12721,#12713,#12726,.T.);
#12728=ORIENTED_EDGE('',*,*,#12727,.F.);
#12729=CARTESIAN_POINT('',(272.83,-162.0525,-6.8));
#12730=DIRECTION('',(0.,0.,-1.));
#12731=DIRECTION('',(-1.,0.,0.));
#12732=AXIS2_PLACEMENT_3D('',#12729,#12730,#12731);
#12733=CIRCLE('',#12732,2.);
#12734=EDGE_CURVE('',#12713,#12721,#12733,.T.);
#12735=ORIENTED_EDGE('',*,*,#12734,.F.);
#12736=ORIENTED_EDGE('',*,*,#12718,.F.);
#12737=ORIENTED_EDGE('',*,*,#10085,.T.);
#12738=EDGE_LOOP('',(#12719,#12728,#12735,#12736,#12737));
#12739=FACE_BOUND('',#12738,.T.);
#12740=ADVANCED_FACE('',(#12739),#12711,.T.);
#12741=CARTESIAN_POINT('',(0.,0.,-6.8));
#12742=DIRECTION('',(0.,0.,-1.));
#12743=DIRECTION('',(-1.,0.,0.));
#12744=AXIS2_PLACEMENT_3D('',#12741,#12742,#12743);
#12745=PLANE('',#12744);
#12746=ORIENTED_EDGE('',*,*,#12695,.F.);
#12747=ORIENTED_EDGE('',*,*,#12702,.F.);
#12748=EDGE_LOOP('',(#12746,#12747));
#12749=FACE_BOUND('',#12748,.T.);
#12750=ORIENTED_EDGE('',*,*,#12727,.T.);
#12751=ORIENTED_EDGE('',*,*,#12734,.T.);
#12752=EDGE_LOOP('',(#12750,#12751));
#12753=FACE_BOUND('',#12752,.T.);
#12754=ADVANCED_FACE('',(#12749,#12753),#12745,.T.);
#12755=CARTESIAN_POINT('',(0.,0.,-1.2));
#12756=DIRECTION('',(0.,0.,1.));
#12757=DIRECTION('',(1.,0.,0.));
#12758=AXIS2_PLACEMENT_3D('',#12755,#12756,#12757);
#12759=PLANE('',#12758);
#12760=ORIENTED_EDGE('',*,*,#12678,.T.);
#12761=ORIENTED_EDGE('',*,*,#12685,.T.);
#12762=EDGE_LOOP('',(#12760,#12761));
#12763=FACE_BOUND('',#12762,.T.);
#12764=ADVANCED_FACE('',(#12763),#12759,.F.);
#12765=CARTESIAN_POINT('',(233.533342,-177.929963,0.8));
#12766=DIRECTION('',(0.,0.,-1.));
#12767=DIRECTION('',(-1.,0.,0.));
#12768=AXIS2_PLACEMENT_3D('',#12765,#12766,#12767);
#12769=CYLINDRICAL_SURFACE('',#12768,0.5);
#12770=CARTESIAN_POINT('',(233.033342,-177.929963,-1.2));
#12771=DIRECTION('',(-0.,-0.,1.));
#12772=VECTOR('',#12771,1.2);
#12773=LINE('',#12770,#12772);
#12774=EDGE_CURVE('',#8316,#5099,#12773,.T.);
#12775=ORIENTED_EDGE('',*,*,#12774,.F.);
#12776=ORIENTED_EDGE('',*,*,#8322,.T.);
#12777=ORIENTED_EDGE('',*,*,#10403,.F.);
#12778=ORIENTED_EDGE('',*,*,#5114,.T.);
#12779=EDGE_LOOP('',(#12775,#12776,#12777,#12778));
#12780=FACE_BOUND('',#12779,.T.);
#12781=ADVANCED_FACE('',(#12780),#12769,.F.);
#12782=CARTESIAN_POINT('',(240.301185,-190.242611,0.8));
#12783=DIRECTION('',(0.,0.,-1.));
#12784=DIRECTION('',(-1.,0.,0.));
#12785=AXIS2_PLACEMENT_3D('',#12782,#12783,#12784);
#12786=CYLINDRICAL_SURFACE('',#12785,0.5);
#12787=CARTESIAN_POINT('',(239.801185,-190.242611,-1.2));
#12788=DIRECTION('',(-0.,-0.,1.));
#12789=VECTOR('',#12788,1.2);
#12790=LINE('',#12787,#12789);
#12791=EDGE_CURVE('',#8342,#5073,#12790,.T.);
#12792=ORIENTED_EDGE('',*,*,#12791,.F.);
#12793=ORIENTED_EDGE('',*,*,#8348,.T.);
#12794=ORIENTED_EDGE('',*,*,#10462,.F.);
#12795=ORIENTED_EDGE('',*,*,#5088,.T.);
#12796=EDGE_LOOP('',(#12792,#12793,#12794,#12795));
#12797=FACE_BOUND('',#12796,.T.);
#12798=ADVANCED_FACE('',(#12797),#12786,.F.);
#12799=CARTESIAN_POINT('',(258.244198,-181.296155,0.8));
#12800=DIRECTION('',(0.,0.,-1.));
#12801=DIRECTION('',(-1.,0.,0.));
#12802=AXIS2_PLACEMENT_3D('',#12799,#12800,#12801);
#12803=CYLINDRICAL_SURFACE('',#12802,0.5);
#12804=CARTESIAN_POINT('',(257.744198,-181.296155,-1.2));
#12805=DIRECTION('',(-0.,-0.,1.));
#12806=VECTOR('',#12805,1.2);
#12807=LINE('',#12804,#12806);
#12808=EDGE_CURVE('',#10117,#4976,#12807,.T.);
#12809=ORIENTED_EDGE('',*,*,#12808,.F.);
#12810=ORIENTED_EDGE('',*,*,#10123,.T.);
#12811=ORIENTED_EDGE('',*,*,#10623,.F.);
#12812=ORIENTED_EDGE('',*,*,#4991,.T.);
#12813=EDGE_LOOP('',(#12809,#12810,#12811,#12812));
#12814=FACE_BOUND('',#12813,.T.);
#12815=ADVANCED_FACE('',(#12814),#12803,.F.);
#12816=CARTESIAN_POINT('',(291.792241,-177.06,0.8));
#12817=DIRECTION('',(0.,0.,-1.));
#12818=DIRECTION('',(-1.,0.,0.));
#12819=AXIS2_PLACEMENT_3D('',#12816,#12817,#12818);
#12820=CYLINDRICAL_SURFACE('',#12819,0.5);
#12821=ORIENTED_EDGE('',*,*,#4894,.T.);
#12822=ORIENTED_EDGE('',*,*,#10491,.T.);
#12823=ORIENTED_EDGE('',*,*,#8445,.T.);
#12824=ORIENTED_EDGE('',*,*,#10513,.F.);
#12825=EDGE_LOOP('',(#12821,#12822,#12823,#12824));
#12826=FACE_BOUND('',#12825,.T.);
#12827=ADVANCED_FACE('',(#12826),#12820,.F.);
#12828=CARTESIAN_POINT('',(271.863749,-177.646806,0.8));
#12829=DIRECTION('',(0.,0.,-1.));
#12830=DIRECTION('',(-1.,0.,0.));
#12831=AXIS2_PLACEMENT_3D('',#12828,#12829,#12830);
#12832=CYLINDRICAL_SURFACE('',#12831,0.5);
#12833=ORIENTED_EDGE('',*,*,#4965,.T.);
#12834=ORIENTED_EDGE('',*,*,#10579,.T.);
#12835=ORIENTED_EDGE('',*,*,#10149,.T.);
#12836=ORIENTED_EDGE('',*,*,#10594,.F.);
#12837=EDGE_LOOP('',(#12833,#12834,#12835,#12836));
#12838=FACE_BOUND('',#12837,.T.);
#12839=ADVANCED_FACE('',(#12838),#12832,.F.);
#12840=CARTESIAN_POINT('',(277.746047,-177.029134,0.8));
#12841=DIRECTION('',(0.,0.,-1.));
#12842=DIRECTION('',(-1.,0.,0.));
#12843=AXIS2_PLACEMENT_3D('',#12840,#12841,#12842);
#12844=CYLINDRICAL_SURFACE('',#12843,0.5);
#12845=CARTESIAN_POINT('',(277.246047,-177.029134,-1.2));
#12846=DIRECTION('',(-0.,-0.,1.));
#12847=VECTOR('',#12846,1.2);
#12848=LINE('',#12845,#12847);
#12849=EDGE_CURVE('',#8413,#4905,#12848,.T.);
#12850=ORIENTED_EDGE('',*,*,#12849,.F.);
#12851=ORIENTED_EDGE('',*,*,#8419,.T.);
#12852=ORIENTED_EDGE('',*,*,#10535,.F.);
#12853=ORIENTED_EDGE('',*,*,#4920,.T.);
#12854=EDGE_LOOP('',(#12850,#12851,#12852,#12853));
#12855=FACE_BOUND('',#12854,.T.);
#12856=ADVANCED_FACE('',(#12855),#12844,.F.);
#12857=CARTESIAN_POINT('',(254.620731,-167.773194,0.8));
#12858=DIRECTION('',(0.,0.,-1.));
#12859=DIRECTION('',(-1.,0.,0.));
#12860=AXIS2_PLACEMENT_3D('',#12857,#12858,#12859);
#12861=CYLINDRICAL_SURFACE('',#12860,0.5);
#12862=CARTESIAN_POINT('',(254.120731,-167.773194,-0.8));
#12863=VERTEX_POINT('',#12862);
#12864=CARTESIAN_POINT('',(254.120731,-167.773194,-0.8));
#12865=DIRECTION('',(-0.,-0.,1.));
#12866=VECTOR('',#12865,0.8);
#12867=LINE('',#12864,#12866);
#12868=EDGE_CURVE('',#12863,#5002,#12867,.T.);
#12869=ORIENTED_EDGE('',*,*,#12868,.F.);
#12870=CARTESIAN_POINT('',(254.446218045,-167.304637463,-0.8));
#12871=VERTEX_POINT('',#12870);
#12872=CARTESIAN_POINT('',(254.620731,-167.773194,-0.8));
#12873=DIRECTION('',(0.,0.,-1.));
#12874=DIRECTION('',(-1.,0.,0.));
#12875=AXIS2_PLACEMENT_3D('',#12872,#12873,#12874);
#12876=CIRCLE('',#12875,0.5);
#12877=EDGE_CURVE('',#12863,#12871,#12876,.T.);
#12878=ORIENTED_EDGE('',*,*,#12877,.T.);
#12879=CARTESIAN_POINT('',(254.446218045,-167.304637463,-0.8));
#12880=DIRECTION('',(0.,0.,-1.));
#12881=VECTOR('',#12880,0.4);
#12882=LINE('',#12879,#12881);
#12883=EDGE_CURVE('',#12871,#10186,#12882,.T.);
#12884=ORIENTED_EDGE('',*,*,#12883,.T.);
#12885=ORIENTED_EDGE('',*,*,#10192,.T.);
#12886=ORIENTED_EDGE('',*,*,#10645,.F.);
#12887=ORIENTED_EDGE('',*,*,#5017,.T.);
#12888=EDGE_LOOP('',(#12869,#12878,#12884,#12885,#12886,#12887));
#12889=FACE_BOUND('',#12888,.T.);
#12890=ADVANCED_FACE('',(#12889),#12861,.F.);
#12891=CARTESIAN_POINT('',(291.792241,-162.96,0.8));
#12892=DIRECTION('',(0.,0.,-1.));
#12893=DIRECTION('',(-1.,0.,0.));
#12894=AXIS2_PLACEMENT_3D('',#12891,#12892,#12893);
#12895=CYLINDRICAL_SURFACE('',#12894,0.5);
#12896=ORIENTED_EDGE('',*,*,#4877,.T.);
#12897=ORIENTED_EDGE('',*,*,#10557,.T.);
#12898=ORIENTED_EDGE('',*,*,#8460,.T.);
#12899=ORIENTED_EDGE('',*,*,#10484,.F.);
#12900=EDGE_LOOP('',(#12896,#12897,#12898,#12899));
#12901=FACE_BOUND('',#12900,.T.);
#12902=ADVANCED_FACE('',(#12901),#12895,.F.);
#12903=CARTESIAN_POINT('',(252.633323,-183.406796,0.8));
#12904=DIRECTION('',(0.,0.,-1.));
#12905=DIRECTION('',(-1.,0.,0.));
#12906=AXIS2_PLACEMENT_3D('',#12903,#12904,#12905);
#12907=CYLINDRICAL_SURFACE('',#12906,0.5);
#12908=ORIENTED_EDGE('',*,*,#5062,.T.);
#12909=ORIENTED_EDGE('',*,*,#10425,.T.);
#12910=ORIENTED_EDGE('',*,*,#8372,.T.);
#12911=ORIENTED_EDGE('',*,*,#10440,.F.);
#12912=EDGE_LOOP('',(#12908,#12909,#12910,#12911));
#12913=FACE_BOUND('',#12912,.T.);
#12914=ADVANCED_FACE('',(#12913),#12907,.F.);
#12915=CARTESIAN_POINT('',(245.778018,-171.142629,0.8));
#12916=DIRECTION('',(0.,0.,-1.));
#12917=DIRECTION('',(-1.,0.,0.));
#12918=AXIS2_PLACEMENT_3D('',#12915,#12916,#12917);
#12919=CYLINDRICAL_SURFACE('',#12918,0.5);
#12920=CARTESIAN_POINT('',(245.278018,-171.142629,-1.2));
#12921=DIRECTION('',(-0.,-0.,1.));
#12922=VECTOR('',#12921,1.2);
#12923=LINE('',#12920,#12922);
#12924=EDGE_CURVE('',#8290,#5028,#12923,.T.);
#12925=ORIENTED_EDGE('',*,*,#12924,.F.);
#12926=ORIENTED_EDGE('',*,*,#8296,.T.);
#12927=ORIENTED_EDGE('',*,*,#10418,.F.);
#12928=ORIENTED_EDGE('',*,*,#5045,.T.);
#12929=EDGE_LOOP('',(#12925,#12926,#12927,#12928));
#12930=FACE_BOUND('',#12929,.T.);
#12931=ADVANCED_FACE('',(#12930),#12919,.F.);
#12932=CARTESIAN_POINT('',(268.179047,-164.08849,0.8));
#12933=DIRECTION('',(0.,0.,-1.));
#12934=DIRECTION('',(-1.,0.,0.));
#12935=AXIS2_PLACEMENT_3D('',#12932,#12933,#12934);
#12936=CYLINDRICAL_SURFACE('',#12935,0.5);
#12937=CARTESIAN_POINT('',(267.679047,-164.08849,-1.2));
#12938=DIRECTION('',(-0.,-0.,1.));
#12939=VECTOR('',#12938,1.2);
#12940=LINE('',#12937,#12939);
#12941=EDGE_CURVE('',#10160,#4931,#12940,.T.);
#12942=ORIENTED_EDGE('',*,*,#12941,.F.);
#12943=ORIENTED_EDGE('',*,*,#10166,.T.);
#12944=ORIENTED_EDGE('',*,*,#10572,.F.);
#12945=ORIENTED_EDGE('',*,*,#4948,.T.);
#12946=EDGE_LOOP('',(#12942,#12943,#12944,#12945));
#12947=FACE_BOUND('',#12946,.T.);
#12948=ADVANCED_FACE('',(#12947),#12936,.F.);
#12949=CARTESIAN_POINT('',(277.742241,-163.01,0.8));
#12950=DIRECTION('',(0.,0.,-1.));
#12951=DIRECTION('',(-1.,0.,0.));
#12952=AXIS2_PLACEMENT_3D('',#12949,#12950,#12951);
#12953=CYLINDRICAL_SURFACE('',#12952,0.5);
#12954=CARTESIAN_POINT('',(277.242241,-163.01,-1.2));
#12955=DIRECTION('',(-0.,-0.,1.));
#12956=VECTOR('',#12955,1.2);
#12957=LINE('',#12954,#12956);
#12958=EDGE_CURVE('',#8387,#4843,#12957,.T.);
#12959=ORIENTED_EDGE('',*,*,#12958,.F.);
#12960=ORIENTED_EDGE('',*,*,#8393,.T.);
#12961=ORIENTED_EDGE('',*,*,#10550,.F.);
#12962=ORIENTED_EDGE('',*,*,#4860,.T.);
#12963=EDGE_LOOP('',(#12959,#12960,#12961,#12962));
#12964=FACE_BOUND('',#12963,.T.);
#12965=ADVANCED_FACE('',(#12964),#12953,.F.);
#12966=CARTESIAN_POINT('',(256.791047,-157.026634,0.8));
#12967=DIRECTION('',(0.,0.,-1.));
#12968=DIRECTION('',(-1.,0.,0.));
#12969=AXIS2_PLACEMENT_3D('',#12966,#12967,#12968);
#12970=CYLINDRICAL_SURFACE('',#12969,0.5);
#12971=CARTESIAN_POINT('',(256.291047,-157.026634,-1.2));
#12972=DIRECTION('',(-0.,-0.,1.));
#12973=VECTOR('',#12972,1.2);
#12974=LINE('',#12971,#12973);
#12975=EDGE_CURVE('',#8694,#4791,#12974,.T.);
#12976=ORIENTED_EDGE('',*,*,#12975,.F.);
#12977=ORIENTED_EDGE('',*,*,#8700,.T.);
#12978=ORIENTED_EDGE('',*,*,#10909,.F.);
#12979=ORIENTED_EDGE('',*,*,#4806,.T.);
#12980=EDGE_LOOP('',(#12976,#12977,#12978,#12979));
#12981=FACE_BOUND('',#12980,.T.);
#12982=ADVANCED_FACE('',(#12981),#12970,.F.);
#12983=CARTESIAN_POINT('',(275.868107,-152.291194,0.8));
#12984=DIRECTION('',(0.,0.,-1.));
#12985=DIRECTION('',(-1.,0.,0.));
#12986=AXIS2_PLACEMENT_3D('',#12983,#12984,#12985);
#12987=CYLINDRICAL_SURFACE('',#12986,0.5);
#12988=CARTESIAN_POINT('',(275.368107,-152.291194,-1.2));
#12989=DIRECTION('',(-0.,-0.,1.));
#12990=VECTOR('',#12989,1.2);
#12991=LINE('',#12988,#12990);
#12992=EDGE_CURVE('',#8606,#4527,#12991,.T.);
#12993=ORIENTED_EDGE('',*,*,#12992,.F.);
#12994=ORIENTED_EDGE('',*,*,#8612,.T.);
#12995=ORIENTED_EDGE('',*,*,#10799,.F.);
#12996=ORIENTED_EDGE('',*,*,#4542,.T.);
#12997=EDGE_LOOP('',(#12993,#12994,#12995,#12996));
#12998=FACE_BOUND('',#12997,.T.);
#12999=ADVANCED_FACE('',(#12998),#12987,.F.);
#13000=CARTESIAN_POINT('',(256.837241,-142.9575,0.8));
#13001=DIRECTION('',(0.,0.,-1.));
#13002=DIRECTION('',(-1.,0.,0.));
#13003=AXIS2_PLACEMENT_3D('',#13000,#13001,#13002);
#13004=CYLINDRICAL_SURFACE('',#13003,0.5);
#13005=CARTESIAN_POINT('',(256.337241,-142.9575,-1.2));
#13006=DIRECTION('',(-0.,-0.,1.));
#13007=VECTOR('',#13006,1.2);
#13008=LINE('',#13005,#13007);
#13009=EDGE_CURVE('',#8668,#4817,#13008,.T.);
#13010=ORIENTED_EDGE('',*,*,#13009,.F.);
#13011=ORIENTED_EDGE('',*,*,#8674,.T.);
#13012=ORIENTED_EDGE('',*,*,#10843,.F.);
#13013=ORIENTED_EDGE('',*,*,#4832,.T.);
#13014=EDGE_LOOP('',(#13010,#13011,#13012,#13013));
#13015=FACE_BOUND('',#13014,.T.);
#13016=ADVANCED_FACE('',(#13015),#13004,.F.);
#13017=CARTESIAN_POINT('',(270.837241,-157.0575,0.8));
#13018=DIRECTION('',(0.,0.,-1.));
#13019=DIRECTION('',(-1.,0.,0.));
#13020=AXIS2_PLACEMENT_3D('',#13017,#13018,#13019);
#13021=CYLINDRICAL_SURFACE('',#13020,0.5);
#13022=ORIENTED_EDGE('',*,*,#4780,.T.);
#13023=ORIENTED_EDGE('',*,*,#10865,.T.);
#13024=ORIENTED_EDGE('',*,*,#8724,.T.);
#13025=ORIENTED_EDGE('',*,*,#10880,.F.);
#13026=EDGE_LOOP('',(#13022,#13023,#13024,#13025));
#13027=FACE_BOUND('',#13026,.T.);
#13028=ADVANCED_FACE('',(#13027),#13021,.F.);
#13029=CARTESIAN_POINT('',(270.887241,-137.9575,0.8));
#13030=DIRECTION('',(0.,0.,-1.));
#13031=DIRECTION('',(-1.,0.,0.));
#13032=AXIS2_PLACEMENT_3D('',#13029,#13030,#13031);
#13033=CYLINDRICAL_SURFACE('',#13032,0.5);
#13034=ORIENTED_EDGE('',*,*,#4718,.T.);
#13035=ORIENTED_EDGE('',*,*,#11085,.T.);
#13036=ORIENTED_EDGE('',*,*,#8885,.T.);
#13037=ORIENTED_EDGE('',*,*,#11019,.F.);
#13038=EDGE_LOOP('',(#13034,#13035,#13036,#13037));
#13039=FACE_BOUND('',#13038,.T.);
#13040=ADVANCED_FACE('',(#13039),#13033,.F.);
#13041=CARTESIAN_POINT('',(256.837241,-138.0075,0.8));
#13042=DIRECTION('',(0.,0.,-1.));
#13043=DIRECTION('',(-1.,0.,0.));
#13044=AXIS2_PLACEMENT_3D('',#13041,#13042,#13043);
#13045=CYLINDRICAL_SURFACE('',#13044,0.5);
#13046=CARTESIAN_POINT('',(256.337241,-138.0075,-1.2));
#13047=DIRECTION('',(-0.,-0.,1.));
#13048=VECTOR('',#13047,1.2);
#13049=LINE('',#13046,#13048);
#13050=EDGE_CURVE('',#8853,#4729,#13049,.T.);
#13051=ORIENTED_EDGE('',*,*,#13050,.F.);
#13052=ORIENTED_EDGE('',*,*,#8859,.T.);
#13053=ORIENTED_EDGE('',*,*,#11041,.F.);
#13054=ORIENTED_EDGE('',*,*,#4744,.T.);
#13055=EDGE_LOOP('',(#13051,#13052,#13053,#13054));
#13056=FACE_BOUND('',#13055,.T.);
#13057=ADVANCED_FACE('',(#13056),#13045,.F.);
#13058=CARTESIAN_POINT('',(270.887241,-143.0075,0.8));
#13059=DIRECTION('',(0.,0.,-1.));
#13060=DIRECTION('',(-1.,0.,0.));
#13061=AXIS2_PLACEMENT_3D('',#13058,#13059,#13060);
#13062=CYLINDRICAL_SURFACE('',#13061,0.5);
#13063=ORIENTED_EDGE('',*,*,#4763,.T.);
#13064=ORIENTED_EDGE('',*,*,#10836,.T.);
#13065=ORIENTED_EDGE('',*,*,#8657,.T.);
#13066=ORIENTED_EDGE('',*,*,#10858,.F.);
#13067=EDGE_LOOP('',(#13063,#13064,#13065,#13066));
#13068=FACE_BOUND('',#13067,.T.);
#13069=ADVANCED_FACE('',(#13068),#13062,.F.);
#13070=CARTESIAN_POINT('',(275.841047,-138.225866,0.8));
#13071=DIRECTION('',(0.,0.,-1.));
#13072=DIRECTION('',(-1.,0.,0.));
#13073=AXIS2_PLACEMENT_3D('',#13070,#13071,#13072);
#13074=CYLINDRICAL_SURFACE('',#13073,0.5);
#13075=CARTESIAN_POINT('',(275.341047,-138.225866,-1.2));
#13076=DIRECTION('',(-0.,-0.,1.));
#13077=VECTOR('',#13076,1.2);
#13078=LINE('',#13075,#13077);
#13079=EDGE_CURVE('',#8580,#4553,#13078,.T.);
#13080=ORIENTED_EDGE('',*,*,#13079,.F.);
#13081=ORIENTED_EDGE('',*,*,#8586,.T.);
#13082=ORIENTED_EDGE('',*,*,#10821,.F.);
#13083=ORIENTED_EDGE('',*,*,#4568,.T.);
#13084=EDGE_LOOP('',(#13080,#13081,#13082,#13083));
#13085=FACE_BOUND('',#13084,.T.);
#13086=ADVANCED_FACE('',(#13085),#13074,.F.);
#13087=CARTESIAN_POINT('',(270.837241,-118.9575,0.8));
#13088=DIRECTION('',(0.,0.,-1.));
#13089=DIRECTION('',(-1.,0.,0.));
#13090=AXIS2_PLACEMENT_3D('',#13087,#13088,#13089);
#13091=CYLINDRICAL_SURFACE('',#13090,0.5);
#13092=ORIENTED_EDGE('',*,*,#4340,.T.);
#13093=ORIENTED_EDGE('',*,*,#11173,.T.);
#13094=ORIENTED_EDGE('',*,*,#8988,.T.);
#13095=ORIENTED_EDGE('',*,*,#11107,.F.);
#13096=EDGE_LOOP('',(#13092,#13093,#13094,#13095));
#13097=FACE_BOUND('',#13096,.T.);
#13098=ADVANCED_FACE('',(#13097),#13091,.F.);
#13099=CARTESIAN_POINT('',(289.887241,-133.245,0.8));
#13100=DIRECTION('',(0.,0.,-1.));
#13101=DIRECTION('',(-1.,0.,0.));
#13102=AXIS2_PLACEMENT_3D('',#13099,#13100,#13101);
#13103=CYLINDRICAL_SURFACE('',#13102,0.5);
#13104=ORIENTED_EDGE('',*,*,#4454,.T.);
#13105=ORIENTED_EDGE('',*,*,#11723,.T.);
#13106=ORIENTED_EDGE('',*,*,#9589,.T.);
#13107=ORIENTED_EDGE('',*,*,#11745,.F.);
#13108=EDGE_LOOP('',(#13104,#13105,#13106,#13107));
#13109=FACE_BOUND('',#13108,.T.);
#13110=ADVANCED_FACE('',(#13109),#13103,.F.);
#13111=CARTESIAN_POINT('',(270.887241,-123.9575,0.8));
#13112=DIRECTION('',(0.,0.,-1.));
#13113=DIRECTION('',(-1.,0.,0.));
#13114=AXIS2_PLACEMENT_3D('',#13111,#13112,#13113);
#13115=CYLINDRICAL_SURFACE('',#13114,0.5);
#13116=ORIENTED_EDGE('',*,*,#4701,.T.);
#13117=ORIENTED_EDGE('',*,*,#11063,.T.);
#13118=ORIENTED_EDGE('',*,*,#8900,.T.);
#13119=ORIENTED_EDGE('',*,*,#11078,.F.);
#13120=EDGE_LOOP('',(#13116,#13117,#13118,#13119));
#13121=FACE_BOUND('',#13120,.T.);
#13122=ADVANCED_FACE('',(#13121),#13115,.F.);
#13123=CARTESIAN_POINT('',(275.887241,-100.095,0.8));
#13124=DIRECTION('',(0.,0.,-1.));
#13125=DIRECTION('',(-1.,0.,0.));
#13126=AXIS2_PLACEMENT_3D('',#13123,#13124,#13125);
#13127=CYLINDRICAL_SURFACE('',#13126,0.5);
#13128=CARTESIAN_POINT('',(275.387241,-100.095,-1.2));
#13129=DIRECTION('',(-0.,-0.,1.));
#13130=VECTOR('',#13129,1.2);
#13131=LINE('',#13128,#13130);
#13132=EDGE_CURVE('',#9844,#4624,#13131,.T.);
#13133=ORIENTED_EDGE('',*,*,#13132,.F.);
#13134=ORIENTED_EDGE('',*,*,#9850,.T.);
#13135=ORIENTED_EDGE('',*,*,#12087,.F.);
#13136=ORIENTED_EDGE('',*,*,#4639,.T.);
#13137=EDGE_LOOP('',(#13133,#13134,#13135,#13136));
#13138=FACE_BOUND('',#13137,.T.);
#13139=ADVANCED_FACE('',(#13138),#13127,.F.);
#13140=CARTESIAN_POINT('',(289.857268333,-100.095,0.8));
#13141=DIRECTION('',(0.,0.,-1.));
#13142=DIRECTION('',(-1.,0.,0.));
#13143=AXIS2_PLACEMENT_3D('',#13140,#13141,#13142);
#13144=CYLINDRICAL_SURFACE('',#13143,0.5);
#13145=ORIENTED_EDGE('',*,*,#4656,.T.);
#13146=ORIENTED_EDGE('',*,*,#12080,.T.);
#13147=ORIENTED_EDGE('',*,*,#9833,.T.);
#13148=ORIENTED_EDGE('',*,*,#12021,.F.);
#13149=EDGE_LOOP('',(#13145,#13146,#13147,#13148));
#13150=FACE_BOUND('',#13149,.T.);
#13151=ADVANCED_FACE('',(#13150),#13144,.F.);
#13152=CARTESIAN_POINT('',(256.791047,-123.938366,0.8));
#13153=DIRECTION('',(0.,0.,-1.));
#13154=DIRECTION('',(-1.,0.,0.));
#13155=AXIS2_PLACEMENT_3D('',#13152,#13153,#13154);
#13156=CYLINDRICAL_SURFACE('',#13155,0.5);
#13157=CARTESIAN_POINT('',(256.291047,-123.938366,-1.2));
#13158=DIRECTION('',(-0.,-0.,1.));
#13159=VECTOR('',#13158,1.2);
#13160=LINE('',#13157,#13159);
#13161=EDGE_CURVE('',#8827,#4667,#13160,.T.);
#13162=ORIENTED_EDGE('',*,*,#13161,.F.);
#13163=ORIENTED_EDGE('',*,*,#8833,.T.);
#13164=ORIENTED_EDGE('',*,*,#11056,.F.);
#13165=ORIENTED_EDGE('',*,*,#4684,.T.);
#13166=EDGE_LOOP('',(#13162,#13163,#13164,#13165));
#13167=FACE_BOUND('',#13166,.T.);
#13168=ADVANCED_FACE('',(#13167),#13156,.F.);
#13169=CARTESIAN_POINT('',(294.887241,-109.3825,0.8));
#13170=DIRECTION('',(0.,0.,-1.));
#13171=DIRECTION('',(-1.,0.,0.));
#13172=AXIS2_PLACEMENT_3D('',#13169,#13170,#13171);
#13173=CYLINDRICAL_SURFACE('',#13172,0.5);
#13174=CARTESIAN_POINT('',(294.387241,-109.3825,-1.2));
#13175=DIRECTION('',(-0.,-0.,1.));
#13176=VECTOR('',#13175,1.2);
#13177=LINE('',#13174,#13176);
#13178=EDGE_CURVE('',#9782,#4070,#13177,.T.);
#13179=ORIENTED_EDGE('',*,*,#13178,.F.);
#13180=ORIENTED_EDGE('',*,*,#9788,.T.);
#13181=ORIENTED_EDGE('',*,*,#11933,.F.);
#13182=ORIENTED_EDGE('',*,*,#4085,.T.);
#13183=EDGE_LOOP('',(#13179,#13180,#13181,#13182));
#13184=FACE_BOUND('',#13183,.T.);
#13185=ADVANCED_FACE('',(#13184),#13173,.F.);
#13186=CARTESIAN_POINT('',(256.791047,-118.926634,0.8));
#13187=DIRECTION('',(0.,0.,-1.));
#13188=DIRECTION('',(-1.,0.,0.));
#13189=AXIS2_PLACEMENT_3D('',#13186,#13187,#13188);
#13190=CYLINDRICAL_SURFACE('',#13189,0.5);
#13191=CARTESIAN_POINT('',(256.291047,-118.926634,-1.2));
#13192=DIRECTION('',(-0.,-0.,1.));
#13193=VECTOR('',#13192,1.2);
#13194=LINE('',#13191,#13193);
#13195=EDGE_CURVE('',#8958,#4351,#13194,.T.);
#13196=ORIENTED_EDGE('',*,*,#13195,.F.);
#13197=ORIENTED_EDGE('',*,*,#8964,.T.);
#13198=ORIENTED_EDGE('',*,*,#11129,.F.);
#13199=ORIENTED_EDGE('',*,*,#4366,.T.);
#13200=EDGE_LOOP('',(#13196,#13197,#13198,#13199));
#13201=FACE_BOUND('',#13200,.T.);
#13202=ADVANCED_FACE('',(#13201),#13190,.F.);
#13203=CARTESIAN_POINT('',(275.837241,-114.145,0.8));
#13204=DIRECTION('',(0.,0.,-1.));
#13205=DIRECTION('',(-1.,0.,0.));
#13206=AXIS2_PLACEMENT_3D('',#13203,#13204,#13205);
#13207=CYLINDRICAL_SURFACE('',#13206,0.5);
#13208=CARTESIAN_POINT('',(275.337241,-114.145,-1.2));
#13209=DIRECTION('',(-0.,-0.,1.));
#13210=VECTOR('',#13209,1.2);
#13211=LINE('',#13208,#13210);
#13212=EDGE_CURVE('',#9870,#4598,#13211,.T.);
#13213=ORIENTED_EDGE('',*,*,#13212,.F.);
#13214=ORIENTED_EDGE('',*,*,#9876,.T.);
#13215=ORIENTED_EDGE('',*,*,#12058,.F.);
#13216=ORIENTED_EDGE('',*,*,#4613,.T.);
#13217=EDGE_LOOP('',(#13213,#13214,#13215,#13216));
#13218=FACE_BOUND('',#13217,.T.);
#13219=ADVANCED_FACE('',(#13218),#13207,.F.);
#13220=CARTESIAN_POINT('',(256.787241,-104.9075,0.8));
#13221=DIRECTION('',(0.,0.,-1.));
#13222=DIRECTION('',(-1.,0.,0.));
#13223=AXIS2_PLACEMENT_3D('',#13220,#13221,#13222);
#13224=CYLINDRICAL_SURFACE('',#13223,0.5);
#13225=CARTESIAN_POINT('',(256.287241,-104.9075,-1.2));
#13226=DIRECTION('',(-0.,-0.,1.));
#13227=VECTOR('',#13226,1.2);
#13228=LINE('',#13225,#13227);
#13229=EDGE_CURVE('',#8932,#4377,#13228,.T.);
#13230=ORIENTED_EDGE('',*,*,#13229,.F.);
#13231=ORIENTED_EDGE('',*,*,#8938,.T.);
#13232=ORIENTED_EDGE('',*,*,#11151,.F.);
#13233=ORIENTED_EDGE('',*,*,#4392,.T.);
#13234=EDGE_LOOP('',(#13230,#13231,#13232,#13233));
#13235=FACE_BOUND('',#13234,.T.);
#13236=ADVANCED_FACE('',(#13235),#13224,.F.);
#13237=CARTESIAN_POINT('',(289.887241,-152.295,0.8));
#13238=DIRECTION('',(0.,0.,-1.));
#13239=DIRECTION('',(-1.,0.,0.));
#13240=AXIS2_PLACEMENT_3D('',#13237,#13238,#13239);
#13241=CYLINDRICAL_SURFACE('',#13240,0.5);
#13242=ORIENTED_EDGE('',*,*,#4516,.T.);
#13243=ORIENTED_EDGE('',*,*,#10755,.T.);
#13244=ORIENTED_EDGE('',*,*,#8636,.T.);
#13245=ORIENTED_EDGE('',*,*,#10770,.F.);
#13246=EDGE_LOOP('',(#13242,#13243,#13244,#13245));
#13247=FACE_BOUND('',#13246,.T.);
#13248=ADVANCED_FACE('',(#13247),#13241,.F.);
#13249=CARTESIAN_POINT('',(289.937241,-114.145,0.8));
#13250=DIRECTION('',(0.,0.,-1.));
#13251=DIRECTION('',(-1.,0.,0.));
#13252=AXIS2_PLACEMENT_3D('',#13249,#13250,#13251);
#13253=CYLINDRICAL_SURFACE('',#13252,0.5);
#13254=ORIENTED_EDGE('',*,*,#4587,.T.);
#13255=ORIENTED_EDGE('',*,*,#12014,.T.);
#13256=ORIENTED_EDGE('',*,*,#9816,.T.);
#13257=ORIENTED_EDGE('',*,*,#12036,.F.);
#13258=EDGE_LOOP('',(#13254,#13255,#13256,#13257));
#13259=FACE_BOUND('',#13258,.T.);
#13260=ADVANCED_FACE('',(#13259),#13253,.F.);
#13261=CARTESIAN_POINT('',(275.837241,-133.195,0.8));
#13262=DIRECTION('',(0.,0.,-1.));
#13263=DIRECTION('',(-1.,0.,0.));
#13264=AXIS2_PLACEMENT_3D('',#13261,#13262,#13263);
#13265=CYLINDRICAL_SURFACE('',#13264,0.5);
#13266=CARTESIAN_POINT('',(275.337241,-133.195,-1.2));
#13267=DIRECTION('',(-0.,-0.,1.));
#13268=VECTOR('',#13267,1.2);
#13269=LINE('',#13266,#13268);
#13270=EDGE_CURVE('',#9557,#4465,#13269,.T.);
#13271=ORIENTED_EDGE('',*,*,#13270,.F.);
#13272=ORIENTED_EDGE('',*,*,#9563,.T.);
#13273=ORIENTED_EDGE('',*,*,#11767,.F.);
#13274=ORIENTED_EDGE('',*,*,#4480,.T.);
#13275=EDGE_LOOP('',(#13271,#13272,#13273,#13274));
#13276=FACE_BOUND('',#13275,.T.);
#13277=ADVANCED_FACE('',(#13276),#13265,.F.);
#13278=CARTESIAN_POINT('',(289.887241,-138.195,0.8));
#13279=DIRECTION('',(0.,0.,-1.));
#13280=DIRECTION('',(-1.,0.,0.));
#13281=AXIS2_PLACEMENT_3D('',#13278,#13279,#13280);
#13282=CYLINDRICAL_SURFACE('',#13281,0.5);
#13283=ORIENTED_EDGE('',*,*,#4499,.T.);
#13284=ORIENTED_EDGE('',*,*,#10814,.T.);
#13285=ORIENTED_EDGE('',*,*,#8569,.T.);
#13286=ORIENTED_EDGE('',*,*,#10748,.F.);
#13287=EDGE_LOOP('',(#13283,#13284,#13285,#13286));
#13288=FACE_BOUND('',#13287,.T.);
#13289=ADVANCED_FACE('',(#13288),#13282,.F.);
#13290=CARTESIAN_POINT('',(289.937241,-119.195,0.8));
#13291=DIRECTION('',(0.,0.,-1.));
#13292=DIRECTION('',(-1.,0.,0.));
#13293=AXIS2_PLACEMENT_3D('',#13290,#13291,#13292);
#13294=CYLINDRICAL_SURFACE('',#13293,0.5);
#13295=ORIENTED_EDGE('',*,*,#4437,.T.);
#13296=ORIENTED_EDGE('',*,*,#11789,.T.);
#13297=ORIENTED_EDGE('',*,*,#9604,.T.);
#13298=ORIENTED_EDGE('',*,*,#11716,.F.);
#13299=EDGE_LOOP('',(#13295,#13296,#13297,#13298));
#13300=FACE_BOUND('',#13299,.T.);
#13301=ADVANCED_FACE('',(#13300),#13294,.F.);
#13302=CARTESIAN_POINT('',(275.841047,-119.175866,0.8));
#13303=DIRECTION('',(0.,0.,-1.));
#13304=DIRECTION('',(-1.,0.,0.));
#13305=AXIS2_PLACEMENT_3D('',#13302,#13303,#13304);
#13306=CYLINDRICAL_SURFACE('',#13305,0.5);
#13307=CARTESIAN_POINT('',(275.341047,-119.175866,-1.2));
#13308=DIRECTION('',(-0.,-0.,1.));
#13309=VECTOR('',#13308,1.2);
#13310=LINE('',#13307,#13309);
#13311=EDGE_CURVE('',#9531,#4403,#13310,.T.);
#13312=ORIENTED_EDGE('',*,*,#13311,.F.);
#13313=ORIENTED_EDGE('',*,*,#9537,.T.);
#13314=ORIENTED_EDGE('',*,*,#11782,.F.);
#13315=ORIENTED_EDGE('',*,*,#4420,.T.);
#13316=EDGE_LOOP('',(#13312,#13313,#13314,#13315));
#13317=FACE_BOUND('',#13316,.T.);
#13318=ADVANCED_FACE('',(#13317),#13306,.F.);
#13319=CARTESIAN_POINT('',(270.883435,-104.888366,0.8));
#13320=DIRECTION('',(0.,0.,-1.));
#13321=DIRECTION('',(-1.,0.,0.));
#13322=AXIS2_PLACEMENT_3D('',#13319,#13320,#13321);
#13323=CYLINDRICAL_SURFACE('',#13322,0.5);
#13324=ORIENTED_EDGE('',*,*,#4323,.T.);
#13325=ORIENTED_EDGE('',*,*,#11144,.T.);
#13326=ORIENTED_EDGE('',*,*,#8921,.T.);
#13327=ORIENTED_EDGE('',*,*,#11166,.F.);
#13328=EDGE_LOOP('',(#13324,#13325,#13326,#13327));
#13329=FACE_BOUND('',#13328,.T.);
#13330=ADVANCED_FACE('',(#13329),#13323,.F.);
#13331=CARTESIAN_POINT('',(294.887241,-114.4325,0.8));
#13332=DIRECTION('',(0.,0.,-1.));
#13333=DIRECTION('',(-1.,0.,0.));
#13334=AXIS2_PLACEMENT_3D('',#13331,#13332,#13333);
#13335=CYLINDRICAL_SURFACE('',#13334,0.5);
#13336=CARTESIAN_POINT('',(294.387241,-114.4325,-1.2));
#13337=DIRECTION('',(-0.,-0.,1.));
#13338=VECTOR('',#13337,1.2);
#13339=LINE('',#13336,#13338);
#13340=EDGE_CURVE('',#9037,#3920,#13339,.T.);
#13341=ORIENTED_EDGE('',*,*,#13340,.F.);
#13342=ORIENTED_EDGE('',*,*,#9043,.T.);
#13343=ORIENTED_EDGE('',*,*,#11239,.F.);
#13344=ORIENTED_EDGE('',*,*,#3935,.T.);
#13345=EDGE_LOOP('',(#13341,#13342,#13343,#13344));
#13346=FACE_BOUND('',#13345,.T.);
#13347=ADVANCED_FACE('',(#13346),#13335,.F.);
#13348=CARTESIAN_POINT('',(294.887241,-133.4825,0.));
#13349=DIRECTION('',(0.,0.,-1.));
#13350=DIRECTION('',(-1.,0.,0.));
#13351=AXIS2_PLACEMENT_3D('',#13348,#13349,#13350);
#13352=CYLINDRICAL_SURFACE('',#13351,0.5);
#13353=CARTESIAN_POINT('',(294.387241,-133.4825,-1.2));
#13354=DIRECTION('',(-0.,-0.,1.));
#13355=VECTOR('',#13354,1.2);
#13356=LINE('',#13353,#13355);
#13357=EDGE_CURVE('',#8492,#4201,#13356,.T.);
#13358=ORIENTED_EDGE('',*,*,#13357,.F.);
#13359=ORIENTED_EDGE('',*,*,#8498,.T.);
#13360=ORIENTED_EDGE('',*,*,#10711,.F.);
#13361=ORIENTED_EDGE('',*,*,#4216,.F.);
#13362=EDGE_LOOP('',(#13358,#13359,#13360,#13361));
#13363=FACE_BOUND('',#13362,.T.);
#13364=ADVANCED_FACE('',(#13363),#13352,.F.);
#13365=CARTESIAN_POINT('',(294.887241,-147.4825,0.));
#13366=DIRECTION('',(0.,0.,-1.));
#13367=DIRECTION('',(-1.,0.,0.));
#13368=AXIS2_PLACEMENT_3D('',#13365,#13366,#13367);
#13369=CYLINDRICAL_SURFACE('',#13368,0.5);
#13370=CARTESIAN_POINT('',(294.387241,-147.4825,-1.2));
#13371=DIRECTION('',(-0.,-0.,1.));
#13372=VECTOR('',#13371,1.2);
#13373=LINE('',#13370,#13372);
#13374=EDGE_CURVE('',#8518,#4175,#13373,.T.);
#13375=ORIENTED_EDGE('',*,*,#13374,.F.);
#13376=ORIENTED_EDGE('',*,*,#8524,.T.);
#13377=ORIENTED_EDGE('',*,*,#10682,.F.);
#13378=ORIENTED_EDGE('',*,*,#4190,.F.);
#13379=EDGE_LOOP('',(#13375,#13376,#13377,#13378));
#13380=FACE_BOUND('',#13379,.T.);
#13381=ADVANCED_FACE('',(#13380),#13369,.F.);
#13382=CARTESIAN_POINT('',(313.987241,-100.095,0.));
#13383=DIRECTION('',(0.,0.,-1.));
#13384=DIRECTION('',(-1.,0.,0.));
#13385=AXIS2_PLACEMENT_3D('',#13382,#13383,#13384);
#13386=CYLINDRICAL_SURFACE('',#13385,0.5);
#13387=CARTESIAN_POINT('',(313.487241,-100.095,-1.2));
#13388=DIRECTION('',(-0.,-0.,1.));
#13389=VECTOR('',#13388,1.2);
#13390=LINE('',#13387,#13389);
#13391=EDGE_CURVE('',#9301,#4008,#13390,.T.);
#13392=ORIENTED_EDGE('',*,*,#13391,.F.);
#13393=ORIENTED_EDGE('',*,*,#9307,.T.);
#13394=ORIENTED_EDGE('',*,*,#11481,.F.);
#13395=ORIENTED_EDGE('',*,*,#4023,.F.);
#13396=EDGE_LOOP('',(#13392,#13393,#13394,#13395));
#13397=FACE_BOUND('',#13396,.T.);
#13398=ADVANCED_FACE('',(#13397),#13386,.F.);
#13399=CARTESIAN_POINT('',(308.987241,-147.4825,0.));
#13400=DIRECTION('',(0.,0.,-1.));
#13401=DIRECTION('',(-1.,0.,0.));
#13402=AXIS2_PLACEMENT_3D('',#13399,#13400,#13401);
#13403=CYLINDRICAL_SURFACE('',#13402,0.5);
#13404=ORIENTED_EDGE('',*,*,#8548,.T.);
#13405=ORIENTED_EDGE('',*,*,#10660,.F.);
#13406=ORIENTED_EDGE('',*,*,#4164,.F.);
#13407=ORIENTED_EDGE('',*,*,#10733,.T.);
#13408=EDGE_LOOP('',(#13404,#13405,#13406,#13407));
#13409=FACE_BOUND('',#13408,.T.);
#13410=ADVANCED_FACE('',(#13409),#13403,.F.);
#13411=CARTESIAN_POINT('',(313.941047,-119.175866,0.));
#13412=DIRECTION('',(0.,0.,-1.));
#13413=DIRECTION('',(-1.,0.,0.));
#13414=AXIS2_PLACEMENT_3D('',#13411,#13412,#13413);
#13415=CYLINDRICAL_SURFACE('',#13414,0.5);
#13416=CARTESIAN_POINT('',(313.441047,-119.175866,-1.2));
#13417=DIRECTION('',(-0.,-0.,1.));
#13418=VECTOR('',#13417,1.2);
#13419=LINE('',#13416,#13418);
#13420=EDGE_CURVE('',#9460,#4289,#13419,.T.);
#13421=ORIENTED_EDGE('',*,*,#13420,.F.);
#13422=ORIENTED_EDGE('',*,*,#9466,.T.);
#13423=ORIENTED_EDGE('',*,*,#11701,.F.);
#13424=ORIENTED_EDGE('',*,*,#4304,.F.);
#13425=EDGE_LOOP('',(#13421,#13422,#13423,#13424));
#13426=FACE_BOUND('',#13425,.T.);
#13427=ADVANCED_FACE('',(#13426),#13415,.F.);
#13428=CARTESIAN_POINT('',(327.987241,-138.195,0.));
#13429=DIRECTION('',(0.,0.,-1.));
#13430=DIRECTION('',(-1.,0.,0.));
#13431=AXIS2_PLACEMENT_3D('',#13428,#13429,#13430);
#13432=CYLINDRICAL_SURFACE('',#13431,0.5);
#13433=ORIENTED_EDGE('',*,*,#9114,.T.);
#13434=ORIENTED_EDGE('',*,*,#11327,.F.);
#13435=ORIENTED_EDGE('',*,*,#3761,.F.);
#13436=ORIENTED_EDGE('',*,*,#11305,.T.);
#13437=EDGE_LOOP('',(#13433,#13434,#13435,#13436));
#13438=FACE_BOUND('',#13437,.T.);
#13439=ADVANCED_FACE('',(#13438),#13432,.F.);
#13440=CARTESIAN_POINT('',(313.987241,-152.295,0.));
#13441=DIRECTION('',(0.,0.,-1.));
#13442=DIRECTION('',(-1.,0.,0.));
#13443=AXIS2_PLACEMENT_3D('',#13440,#13441,#13442);
#13444=CYLINDRICAL_SURFACE('',#13443,0.5);
#13445=CARTESIAN_POINT('',(313.487241,-152.295,-1.2));
#13446=DIRECTION('',(-0.,-0.,1.));
#13447=VECTOR('',#13446,1.2);
#13448=LINE('',#13445,#13447);
#13449=EDGE_CURVE('',#9151,#3703,#13448,.T.);
#13450=ORIENTED_EDGE('',*,*,#13449,.F.);
#13451=ORIENTED_EDGE('',*,*,#9157,.T.);
#13452=ORIENTED_EDGE('',*,*,#11283,.F.);
#13453=ORIENTED_EDGE('',*,*,#3718,.F.);
#13454=EDGE_LOOP('',(#13450,#13451,#13452,#13453));
#13455=FACE_BOUND('',#13454,.T.);
#13456=ADVANCED_FACE('',(#13455),#13444,.F.);
#13457=CARTESIAN_POINT('',(313.968107,-133.241194,0.));
#13458=DIRECTION('',(0.,0.,-1.));
#13459=DIRECTION('',(-1.,0.,0.));
#13460=AXIS2_PLACEMENT_3D('',#13457,#13458,#13459);
#13461=CYLINDRICAL_SURFACE('',#13460,0.5);
#13462=CARTESIAN_POINT('',(313.468107,-133.241194,-1.2));
#13463=DIRECTION('',(-0.,-0.,1.));
#13464=VECTOR('',#13463,1.2);
#13465=LINE('',#13462,#13464);
#13466=EDGE_CURVE('',#9486,#4263,#13465,.T.);
#13467=ORIENTED_EDGE('',*,*,#13466,.F.);
#13468=ORIENTED_EDGE('',*,*,#9492,.T.);
#13469=ORIENTED_EDGE('',*,*,#11672,.F.);
#13470=ORIENTED_EDGE('',*,*,#4278,.F.);
#13471=EDGE_LOOP('',(#13467,#13468,#13469,#13470));
#13472=FACE_BOUND('',#13471,.T.);
#13473=ADVANCED_FACE('',(#13472),#13461,.F.);
#13474=CARTESIAN_POINT('',(313.937241,-138.245,0.));
#13475=DIRECTION('',(0.,0.,-1.));
#13476=DIRECTION('',(-1.,0.,0.));
#13477=AXIS2_PLACEMENT_3D('',#13474,#13475,#13476);
#13478=CYLINDRICAL_SURFACE('',#13477,0.5);
#13479=CARTESIAN_POINT('',(313.437241,-138.245,-1.2));
#13480=DIRECTION('',(-0.,-0.,1.));
#13481=VECTOR('',#13480,1.2);
#13482=LINE('',#13479,#13481);
#13483=EDGE_CURVE('',#9125,#3729,#13482,.T.);
#13484=ORIENTED_EDGE('',*,*,#13483,.F.);
#13485=ORIENTED_EDGE('',*,*,#9131,.T.);
#13486=ORIENTED_EDGE('',*,*,#11298,.F.);
#13487=ORIENTED_EDGE('',*,*,#3744,.F.);
#13488=EDGE_LOOP('',(#13484,#13485,#13486,#13487));
#13489=FACE_BOUND('',#13488,.T.);
#13490=ADVANCED_FACE('',(#13489),#13478,.F.);
#13491=CARTESIAN_POINT('',(327.987241,-133.245,0.));
#13492=DIRECTION('',(0.,0.,-1.));
#13493=DIRECTION('',(-1.,0.,0.));
#13494=AXIS2_PLACEMENT_3D('',#13491,#13492,#13493);
#13495=CYLINDRICAL_SURFACE('',#13494,0.5);
#13496=ORIENTED_EDGE('',*,*,#9516,.T.);
#13497=ORIENTED_EDGE('',*,*,#11650,.F.);
#13498=ORIENTED_EDGE('',*,*,#4252,.F.);
#13499=ORIENTED_EDGE('',*,*,#11635,.T.);
#13500=EDGE_LOOP('',(#13496,#13497,#13498,#13499));
#13501=FACE_BOUND('',#13500,.T.);
#13502=ADVANCED_FACE('',(#13501),#13495,.F.);
#13503=CARTESIAN_POINT('',(308.937241,-95.3325,0.));
#13504=DIRECTION('',(0.,0.,-1.));
#13505=DIRECTION('',(-1.,0.,0.));
#13506=AXIS2_PLACEMENT_3D('',#13503,#13504,#13505);
#13507=CYLINDRICAL_SURFACE('',#13506,0.5);
#13508=ORIENTED_EDGE('',*,*,#9745,.T.);
#13509=ORIENTED_EDGE('',*,*,#11977,.F.);
#13510=ORIENTED_EDGE('',*,*,#4128,.F.);
#13511=ORIENTED_EDGE('',*,*,#11955,.T.);
#13512=EDGE_LOOP('',(#13508,#13509,#13510,#13511));
#13513=FACE_BOUND('',#13512,.T.);
#13514=ADVANCED_FACE('',(#13513),#13507,.F.);
#13515=CARTESIAN_POINT('',(294.887241,-95.3825,0.));
#13516=DIRECTION('',(0.,0.,-1.));
#13517=DIRECTION('',(-1.,0.,0.));
#13518=AXIS2_PLACEMENT_3D('',#13515,#13516,#13517);
#13519=CYLINDRICAL_SURFACE('',#13518,0.5);
#13520=CARTESIAN_POINT('',(294.387241,-95.3825,-1.2));
#13521=DIRECTION('',(-0.,-0.,1.));
#13522=VECTOR('',#13521,1.2);
#13523=LINE('',#13520,#13522);
#13524=EDGE_CURVE('',#9756,#4096,#13523,.T.);
#13525=ORIENTED_EDGE('',*,*,#13524,.F.);
#13526=ORIENTED_EDGE('',*,*,#9762,.T.);
#13527=ORIENTED_EDGE('',*,*,#11948,.F.);
#13528=ORIENTED_EDGE('',*,*,#4111,.F.);
#13529=EDGE_LOOP('',(#13525,#13526,#13527,#13528));
#13530=FACE_BOUND('',#13529,.T.);
#13531=ADVANCED_FACE('',(#13530),#13519,.F.);
#13532=CARTESIAN_POINT('',(313.968107,-114.191194,0.));
#13533=DIRECTION('',(0.,0.,-1.));
#13534=DIRECTION('',(-1.,0.,0.));
#13535=AXIS2_PLACEMENT_3D('',#13532,#13533,#13534);
#13536=CYLINDRICAL_SURFACE('',#13535,0.5);
#13537=CARTESIAN_POINT('',(313.468107,-114.191194,-1.2));
#13538=DIRECTION('',(-0.,-0.,1.));
#13539=VECTOR('',#13538,1.2);
#13540=LINE('',#13537,#13539);
#13541=EDGE_CURVE('',#9327,#3982,#13540,.T.);
#13542=ORIENTED_EDGE('',*,*,#13541,.F.);
#13543=ORIENTED_EDGE('',*,*,#9333,.T.);
#13544=ORIENTED_EDGE('',*,*,#11452,.F.);
#13545=ORIENTED_EDGE('',*,*,#3997,.F.);
#13546=EDGE_LOOP('',(#13542,#13543,#13544,#13545));
#13547=FACE_BOUND('',#13546,.T.);
#13548=ADVANCED_FACE('',(#13547),#13536,.F.);
#13549=CARTESIAN_POINT('',(333.018107,-123.911306,0.));
#13550=DIRECTION('',(0.,0.,-1.));
#13551=DIRECTION('',(-1.,0.,0.));
#13552=AXIS2_PLACEMENT_3D('',#13549,#13550,#13551);
#13553=CYLINDRICAL_SURFACE('',#13552,0.5);
#13554=CARTESIAN_POINT('',(332.518107,-123.911306,-1.2));
#13555=DIRECTION('',(-0.,-0.,1.));
#13556=VECTOR('',#13555,1.2);
#13557=LINE('',#13554,#13556);
#13558=EDGE_CURVE('',#9636,#3849,#13557,.T.);
#13559=ORIENTED_EDGE('',*,*,#13558,.F.);
#13560=ORIENTED_EDGE('',*,*,#9642,.T.);
#13561=ORIENTED_EDGE('',*,*,#11872,.F.);
#13562=ORIENTED_EDGE('',*,*,#3864,.F.);
#13563=EDGE_LOOP('',(#13559,#13560,#13561,#13562));
#13564=FACE_BOUND('',#13563,.T.);
#13565=ADVANCED_FACE('',(#13564),#13553,.F.);
#13566=CARTESIAN_POINT('',(308.937241,-114.3825,0.));
#13567=DIRECTION('',(0.,0.,-1.));
#13568=DIRECTION('',(-1.,0.,0.));
#13569=AXIS2_PLACEMENT_3D('',#13566,#13567,#13568);
#13570=CYLINDRICAL_SURFACE('',#13569,0.5);
#13571=ORIENTED_EDGE('',*,*,#9026,.T.);
#13572=ORIENTED_EDGE('',*,*,#11261,.F.);
#13573=ORIENTED_EDGE('',*,*,#3952,.F.);
#13574=ORIENTED_EDGE('',*,*,#11232,.T.);
#13575=EDGE_LOOP('',(#13571,#13572,#13573,#13574));
#13576=FACE_BOUND('',#13575,.T.);
#13577=ADVANCED_FACE('',(#13576),#13570,.F.);
#13578=CARTESIAN_POINT('',(327.987241,-100.095,0.));
#13579=DIRECTION('',(0.,0.,-1.));
#13580=DIRECTION('',(-1.,0.,0.));
#13581=AXIS2_PLACEMENT_3D('',#13578,#13579,#13580);
#13582=CYLINDRICAL_SURFACE('',#13581,0.5);
#13583=ORIENTED_EDGE('',*,*,#9290,.T.);
#13584=ORIENTED_EDGE('',*,*,#11503,.F.);
#13585=ORIENTED_EDGE('',*,*,#4040,.F.);
#13586=ORIENTED_EDGE('',*,*,#11474,.T.);
#13587=EDGE_LOOP('',(#13583,#13584,#13585,#13586));
#13588=FACE_BOUND('',#13587,.T.);
#13589=ADVANCED_FACE('',(#13588),#13582,.F.);
#13590=CARTESIAN_POINT('',(332.987241,-137.9575,0.));
#13591=DIRECTION('',(0.,0.,-1.));
#13592=DIRECTION('',(-1.,0.,0.));
#13593=AXIS2_PLACEMENT_3D('',#13590,#13591,#13592);
#13594=CYLINDRICAL_SURFACE('',#13593,0.5);
#13595=CARTESIAN_POINT('',(332.487241,-137.9575,-1.2));
#13596=DIRECTION('',(-0.,-0.,1.));
#13597=VECTOR('',#13596,1.2);
#13598=LINE('',#13595,#13597);
#13599=EDGE_CURVE('',#9662,#3823,#13598,.T.);
#13600=ORIENTED_EDGE('',*,*,#13599,.F.);
#13601=ORIENTED_EDGE('',*,*,#9668,.T.);
#13602=ORIENTED_EDGE('',*,*,#11843,.F.);
#13603=ORIENTED_EDGE('',*,*,#3838,.F.);
#13604=EDGE_LOOP('',(#13600,#13601,#13602,#13603));
#13605=FACE_BOUND('',#13604,.T.);
#13606=ADVANCED_FACE('',(#13605),#13594,.F.);
#13607=CARTESIAN_POINT('',(328.037241,-119.195,0.));
#13608=DIRECTION('',(0.,0.,-1.));
#13609=DIRECTION('',(-1.,0.,0.));
#13610=AXIS2_PLACEMENT_3D('',#13607,#13608,#13609);
#13611=CYLINDRICAL_SURFACE('',#13610,0.5);
#13612=ORIENTED_EDGE('',*,*,#9449,.T.);
#13613=ORIENTED_EDGE('',*,*,#11628,.F.);
#13614=ORIENTED_EDGE('',*,*,#4235,.F.);
#13615=ORIENTED_EDGE('',*,*,#11694,.T.);
#13616=EDGE_LOOP('',(#13612,#13613,#13614,#13615));
#13617=FACE_BOUND('',#13616,.T.);
#13618=ADVANCED_FACE('',(#13617),#13611,.F.);
#13619=CARTESIAN_POINT('',(308.956375,-133.436306,0.));
#13620=DIRECTION('',(0.,0.,-1.));
#13621=DIRECTION('',(-1.,0.,0.));
#13622=AXIS2_PLACEMENT_3D('',#13619,#13620,#13621);
#13623=CYLINDRICAL_SURFACE('',#13622,0.5);
#13624=ORIENTED_EDGE('',*,*,#8481,.T.);
#13625=ORIENTED_EDGE('',*,*,#10726,.F.);
#13626=ORIENTED_EDGE('',*,*,#4147,.F.);
#13627=ORIENTED_EDGE('',*,*,#10704,.T.);
#13628=EDGE_LOOP('',(#13624,#13625,#13626,#13627));
#13629=FACE_BOUND('',#13628,.T.);
#13630=ADVANCED_FACE('',(#13629),#13623,.F.);
#13631=CARTESIAN_POINT('',(294.937241,-128.4825,0.));
#13632=DIRECTION('',(0.,0.,-1.));
#13633=DIRECTION('',(-1.,0.,0.));
#13634=AXIS2_PLACEMENT_3D('',#13631,#13632,#13633);
#13635=CYLINDRICAL_SURFACE('',#13634,0.5);
#13636=CARTESIAN_POINT('',(294.437241,-128.4825,-1.2));
#13637=DIRECTION('',(-0.,-0.,1.));
#13638=VECTOR('',#13637,1.2);
#13639=LINE('',#13636,#13638);
#13640=EDGE_CURVE('',#9063,#3894,#13639,.T.);
#13641=ORIENTED_EDGE('',*,*,#13640,.F.);
#13642=ORIENTED_EDGE('',*,*,#9069,.T.);
#13643=ORIENTED_EDGE('',*,*,#11210,.F.);
#13644=ORIENTED_EDGE('',*,*,#3909,.F.);
#13645=EDGE_LOOP('',(#13641,#13642,#13643,#13644));
#13646=FACE_BOUND('',#13645,.T.);
#13647=ADVANCED_FACE('',(#13646),#13635,.F.);
#13648=CARTESIAN_POINT('',(308.987241,-109.3825,0.));
#13649=DIRECTION('',(0.,0.,-1.));
#13650=DIRECTION('',(-1.,0.,0.));
#13651=AXIS2_PLACEMENT_3D('',#13648,#13649,#13650);
#13652=CYLINDRICAL_SURFACE('',#13651,0.5);
#13653=ORIENTED_EDGE('',*,*,#9728,.T.);
#13654=ORIENTED_EDGE('',*,*,#11992,.F.);
#13655=ORIENTED_EDGE('',*,*,#4059,.F.);
#13656=ORIENTED_EDGE('',*,*,#11970,.T.);
#13657=EDGE_LOOP('',(#13653,#13654,#13655,#13656));
#13658=FACE_BOUND('',#13657,.T.);
#13659=ADVANCED_FACE('',(#13658),#13652,.F.);
#13660=CARTESIAN_POINT('',(327.987241,-114.195,0.));
#13661=DIRECTION('',(0.,0.,-1.));
#13662=DIRECTION('',(-1.,0.,0.));
#13663=AXIS2_PLACEMENT_3D('',#13660,#13661,#13662);
#13664=CYLINDRICAL_SURFACE('',#13663,0.5);
#13665=ORIENTED_EDGE('',*,*,#9273,.T.);
#13666=ORIENTED_EDGE('',*,*,#11518,.F.);
#13667=ORIENTED_EDGE('',*,*,#3971,.F.);
#13668=ORIENTED_EDGE('',*,*,#11496,.T.);
#13669=EDGE_LOOP('',(#13665,#13666,#13667,#13668));
#13670=FACE_BOUND('',#13669,.T.);
#13671=ADVANCED_FACE('',(#13670),#13664,.F.);
#13672=CARTESIAN_POINT('',(308.987241,-128.4325,0.));
#13673=DIRECTION('',(0.,0.,-1.));
#13674=DIRECTION('',(-1.,0.,0.));
#13675=AXIS2_PLACEMENT_3D('',#13672,#13673,#13674);
#13676=CYLINDRICAL_SURFACE('',#13675,0.5);
#13677=ORIENTED_EDGE('',*,*,#9009,.T.);
#13678=ORIENTED_EDGE('',*,*,#11188,.F.);
#13679=ORIENTED_EDGE('',*,*,#3883,.F.);
#13680=ORIENTED_EDGE('',*,*,#11254,.T.);
#13681=EDGE_LOOP('',(#13677,#13678,#13679,#13680));
#13682=FACE_BOUND('',#13681,.T.);
#13683=ADVANCED_FACE('',(#13682),#13676,.F.);
#13684=CARTESIAN_POINT('',(347.037241,-123.9075,0.));
#13685=DIRECTION('',(0.,0.,-1.));
#13686=DIRECTION('',(-1.,0.,0.));
#13687=AXIS2_PLACEMENT_3D('',#13684,#13685,#13686);
#13688=CYLINDRICAL_SURFACE('',#13687,0.5);
#13689=ORIENTED_EDGE('',*,*,#9625,.T.);
#13690=ORIENTED_EDGE('',*,*,#11887,.F.);
#13691=ORIENTED_EDGE('',*,*,#3780,.F.);
#13692=ORIENTED_EDGE('',*,*,#11865,.T.);
#13693=EDGE_LOOP('',(#13689,#13690,#13691,#13692));
#13694=FACE_BOUND('',#13693,.T.);
#13695=ADVANCED_FACE('',(#13694),#13688,.F.);
#13696=CARTESIAN_POINT('',(366.137241,-147.4825,0.));
#13697=DIRECTION('',(0.,0.,-1.));
#13698=DIRECTION('',(-1.,0.,0.));
#13699=AXIS2_PLACEMENT_3D('',#13696,#13697,#13698);
#13700=CYLINDRICAL_SURFACE('',#13699,0.5);
#13701=ORIENTED_EDGE('',*,*,#8797,.T.);
#13702=ORIENTED_EDGE('',*,*,#10953,.F.);
#13703=ORIENTED_EDGE('',*,*,#3647,.F.);
#13704=ORIENTED_EDGE('',*,*,#10931,.T.);
#13705=EDGE_LOOP('',(#13701,#13702,#13703,#13704));
#13706=FACE_BOUND('',#13705,.T.);
#13707=ADVANCED_FACE('',(#13706),#13700,.F.);
#13708=CARTESIAN_POINT('',(352.037241,-147.4825,0.));
#13709=DIRECTION('',(0.,0.,-1.));
#13710=DIRECTION('',(-1.,0.,0.));
#13711=AXIS2_PLACEMENT_3D('',#13708,#13709,#13710);
#13712=CYLINDRICAL_SURFACE('',#13711,0.5);
#13713=CARTESIAN_POINT('',(351.537241,-147.4825,-1.2));
#13714=DIRECTION('',(-0.,-0.,1.));
#13715=VECTOR('',#13714,1.2);
#13716=LINE('',#13713,#13715);
#13717=EDGE_CURVE('',#8765,#3658,#13716,.T.);
#13718=ORIENTED_EDGE('',*,*,#13717,.F.);
#13719=ORIENTED_EDGE('',*,*,#8771,.T.);
#13720=ORIENTED_EDGE('',*,*,#10975,.F.);
#13721=ORIENTED_EDGE('',*,*,#3673,.F.);
#13722=EDGE_LOOP('',(#13718,#13719,#13720,#13721));
#13723=FACE_BOUND('',#13722,.T.);
#13724=ADVANCED_FACE('',(#13723),#13712,.F.);
#13725=CARTESIAN_POINT('',(347.037241,-157.0575,0.));
#13726=DIRECTION('',(0.,0.,-1.));
#13727=DIRECTION('',(-1.,0.,0.));
#13728=AXIS2_PLACEMENT_3D('',#13725,#13726,#13727);
#13729=CYLINDRICAL_SURFACE('',#13728,0.5);
#13730=ORIENTED_EDGE('',*,*,#9211,.T.);
#13731=ORIENTED_EDGE('',*,*,#11393,.F.);
#13732=ORIENTED_EDGE('',*,*,#3497,.F.);
#13733=ORIENTED_EDGE('',*,*,#11371,.T.);
#13734=EDGE_LOOP('',(#13730,#13731,#13732,#13733));
#13735=FACE_BOUND('',#13734,.T.);
#13736=ADVANCED_FACE('',(#13735),#13729,.F.);
#13737=CARTESIAN_POINT('',(347.087241,-143.0075,0.));
#13738=DIRECTION('',(0.,0.,-1.));
#13739=DIRECTION('',(-1.,0.,0.));
#13740=AXIS2_PLACEMENT_3D('',#13737,#13738,#13739);
#13741=CYLINDRICAL_SURFACE('',#13740,0.5);
#13742=ORIENTED_EDGE('',*,*,#9228,.T.);
#13743=ORIENTED_EDGE('',*,*,#11364,.F.);
#13744=ORIENTED_EDGE('',*,*,#3480,.F.);
#13745=ORIENTED_EDGE('',*,*,#11437,.T.);
#13746=EDGE_LOOP('',(#13742,#13743,#13744,#13745));
#13747=FACE_BOUND('',#13746,.T.);
#13748=ADVANCED_FACE('',(#13747),#13741,.F.);
#13749=CARTESIAN_POINT('',(366.087241,-128.4825,0.));
#13750=DIRECTION('',(0.,0.,-1.));
#13751=DIRECTION('',(-1.,0.,0.));
#13752=AXIS2_PLACEMENT_3D('',#13749,#13750,#13751);
#13753=CYLINDRICAL_SURFACE('',#13752,0.5);
#13754=ORIENTED_EDGE('',*,*,#9413,.T.);
#13755=ORIENTED_EDGE('',*,*,#11591,.F.);
#13756=ORIENTED_EDGE('',*,*,#3559,.F.);
#13757=ORIENTED_EDGE('',*,*,#11569,.T.);
#13758=EDGE_LOOP('',(#13754,#13755,#13756,#13757));
#13759=FACE_BOUND('',#13758,.T.);
#13760=ADVANCED_FACE('',(#13759),#13753,.F.);
#13761=CARTESIAN_POINT('',(328.037241,-152.245,0.));
#13762=DIRECTION('',(0.,0.,-1.));
#13763=DIRECTION('',(-1.,0.,0.));
#13764=AXIS2_PLACEMENT_3D('',#13761,#13762,#13763);
#13765=CYLINDRICAL_SURFACE('',#13764,0.5);
#13766=ORIENTED_EDGE('',*,*,#9097,.T.);
#13767=ORIENTED_EDGE('',*,*,#11342,.F.);
#13768=ORIENTED_EDGE('',*,*,#3692,.F.);
#13769=ORIENTED_EDGE('',*,*,#11320,.T.);
#13770=EDGE_LOOP('',(#13766,#13767,#13768,#13769));
#13771=FACE_BOUND('',#13770,.T.);
#13772=ADVANCED_FACE('',(#13771),#13765,.F.);
#13773=CARTESIAN_POINT('',(366.087241,-133.4325,0.));
#13774=DIRECTION('',(0.,0.,-1.));
#13775=DIRECTION('',(-1.,0.,0.));
#13776=AXIS2_PLACEMENT_3D('',#13773,#13774,#13775);
#13777=CYLINDRICAL_SURFACE('',#13776,0.5);
#13778=ORIENTED_EDGE('',*,*,#8812,.T.);
#13779=ORIENTED_EDGE('',*,*,#10924,.F.);
#13780=ORIENTED_EDGE('',*,*,#3630,.F.);
#13781=ORIENTED_EDGE('',*,*,#10997,.T.);
#13782=EDGE_LOOP('',(#13778,#13779,#13780,#13781));
#13783=FACE_BOUND('',#13782,.T.);
#13784=ADVANCED_FACE('',(#13783),#13777,.F.);
#13785=CARTESIAN_POINT('',(352.068107,-133.436306,0.));
#13786=DIRECTION('',(0.,0.,-1.));
#13787=DIRECTION('',(-1.,0.,0.));
#13788=AXIS2_PLACEMENT_3D('',#13785,#13786,#13787);
#13789=CYLINDRICAL_SURFACE('',#13788,0.5);
#13790=CARTESIAN_POINT('',(351.568107,-133.436306,-1.2));
#13791=DIRECTION('',(-0.,-0.,1.));
#13792=VECTOR('',#13791,1.2);
#13793=LINE('',#13790,#13792);
#13794=EDGE_CURVE('',#8739,#3598,#13793,.T.);
#13795=ORIENTED_EDGE('',*,*,#13794,.F.);
#13796=ORIENTED_EDGE('',*,*,#8745,.T.);
#13797=ORIENTED_EDGE('',*,*,#10990,.F.);
#13798=ORIENTED_EDGE('',*,*,#3613,.F.);
#13799=EDGE_LOOP('',(#13795,#13796,#13797,#13798));
#13800=FACE_BOUND('',#13799,.T.);
#13801=ADVANCED_FACE('',(#13800),#13789,.F.);
#13802=CARTESIAN_POINT('',(332.987241,-143.0075,0.));
#13803=DIRECTION('',(0.,0.,-1.));
#13804=DIRECTION('',(-1.,0.,0.));
#13805=AXIS2_PLACEMENT_3D('',#13802,#13803,#13804);
#13806=CYLINDRICAL_SURFACE('',#13805,0.5);
#13807=CARTESIAN_POINT('',(332.487241,-143.0075,-1.2));
#13808=DIRECTION('',(-0.,-0.,1.));
#13809=VECTOR('',#13808,1.2);
#13810=LINE('',#13807,#13809);
#13811=EDGE_CURVE('',#9239,#3448,#13810,.T.);
#13812=ORIENTED_EDGE('',*,*,#13811,.F.);
#13813=ORIENTED_EDGE('',*,*,#9245,.T.);
#13814=ORIENTED_EDGE('',*,*,#11430,.F.);
#13815=ORIENTED_EDGE('',*,*,#3463,.F.);
#13816=EDGE_LOOP('',(#13812,#13813,#13814,#13815));
#13817=FACE_BOUND('',#13816,.T.);
#13818=ADVANCED_FACE('',(#13817),#13806,.F.);
#13819=CARTESIAN_POINT('',(352.037241,-128.4325,0.));
#13820=DIRECTION('',(0.,0.,-1.));
#13821=DIRECTION('',(-1.,0.,0.));
#13822=AXIS2_PLACEMENT_3D('',#13819,#13820,#13821);
#13823=CYLINDRICAL_SURFACE('',#13822,0.5);
#13824=CARTESIAN_POINT('',(351.537241,-128.4325,-1.2));
#13825=DIRECTION('',(-0.,-0.,1.));
#13826=VECTOR('',#13825,1.2);
#13827=LINE('',#13824,#13826);
#13828=EDGE_CURVE('',#9381,#3570,#13827,.T.);
#13829=ORIENTED_EDGE('',*,*,#13828,.F.);
#13830=ORIENTED_EDGE('',*,*,#9387,.T.);
#13831=ORIENTED_EDGE('',*,*,#11613,.F.);
#13832=ORIENTED_EDGE('',*,*,#3585,.F.);
#13833=EDGE_LOOP('',(#13829,#13830,#13831,#13832));
#13834=FACE_BOUND('',#13833,.T.);
#13835=ADVANCED_FACE('',(#13834),#13823,.F.);
#13836=CARTESIAN_POINT('',(366.133435,-114.413366,0.));
#13837=DIRECTION('',(0.,0.,-1.));
#13838=DIRECTION('',(-1.,0.,0.));
#13839=AXIS2_PLACEMENT_3D('',#13836,#13837,#13838);
#13840=CYLINDRICAL_SURFACE('',#13839,0.5);
#13841=ORIENTED_EDGE('',*,*,#9428,.T.);
#13842=ORIENTED_EDGE('',*,*,#11562,.F.);
#13843=ORIENTED_EDGE('',*,*,#3542,.F.);
#13844=ORIENTED_EDGE('',*,*,#11547,.T.);
#13845=EDGE_LOOP('',(#13841,#13842,#13843,#13844));
#13846=FACE_BOUND('',#13845,.T.);
#13847=ADVANCED_FACE('',(#13846),#13840,.F.);
#13848=CARTESIAN_POINT('',(352.087241,-114.3825,0.));
#13849=DIRECTION('',(0.,0.,-1.));
#13850=DIRECTION('',(-1.,0.,0.));
#13851=AXIS2_PLACEMENT_3D('',#13848,#13849,#13850);
#13852=CYLINDRICAL_SURFACE('',#13851,0.5);
#13853=CARTESIAN_POINT('',(351.587241,-114.3825,-1.2));
#13854=DIRECTION('',(-0.,-0.,1.));
#13855=VECTOR('',#13854,1.2);
#13856=LINE('',#13853,#13855);
#13857=EDGE_CURVE('',#9355,#3510,#13856,.T.);
#13858=ORIENTED_EDGE('',*,*,#13857,.F.);
#13859=ORIENTED_EDGE('',*,*,#9361,.T.);
#13860=ORIENTED_EDGE('',*,*,#11540,.F.);
#13861=ORIENTED_EDGE('',*,*,#3525,.F.);
#13862=EDGE_LOOP('',(#13858,#13859,#13860,#13861));
#13863=FACE_BOUND('',#13862,.T.);
#13864=ADVANCED_FACE('',(#13863),#13852,.F.);
#13865=CARTESIAN_POINT('',(332.987241,-157.0075,0.));
#13866=DIRECTION('',(0.,0.,-1.));
#13867=DIRECTION('',(-1.,0.,0.));
#13868=AXIS2_PLACEMENT_3D('',#13865,#13866,#13867);
#13869=CYLINDRICAL_SURFACE('',#13868,0.5);
#13870=CARTESIAN_POINT('',(332.487241,-157.0075,-1.2));
#13871=DIRECTION('',(-0.,-0.,1.));
#13872=VECTOR('',#13871,1.2);
#13873=LINE('',#13870,#13872);
#13874=EDGE_CURVE('',#9179,#3422,#13873,.T.);
#13875=ORIENTED_EDGE('',*,*,#13874,.F.);
#13876=ORIENTED_EDGE('',*,*,#9185,.T.);
#13877=ORIENTED_EDGE('',*,*,#11408,.F.);
#13878=ORIENTED_EDGE('',*,*,#3437,.F.);
#13879=EDGE_LOOP('',(#13875,#13876,#13877,#13878));
#13880=FACE_BOUND('',#13879,.T.);
#13881=ADVANCED_FACE('',(#13880),#13869,.F.);
#13882=CARTESIAN_POINT('',(347.087241,-104.9075,0.));
#13883=DIRECTION('',(0.,0.,-1.));
#13884=DIRECTION('',(-1.,0.,0.));
#13885=AXIS2_PLACEMENT_3D('',#13882,#13883,#13884);
#13886=CYLINDRICAL_SURFACE('',#13885,0.5);
#13887=ORIENTED_EDGE('',*,*,#9921,.T.);
#13888=ORIENTED_EDGE('',*,*,#12175,.F.);
#13889=ORIENTED_EDGE('',*,*,#3409,.F.);
#13890=ORIENTED_EDGE('',*,*,#12153,.T.);
#13891=EDGE_LOOP('',(#13887,#13888,#13889,#13890));
#13892=FACE_BOUND('',#13891,.T.);
#13893=ADVANCED_FACE('',(#13892),#13886,.F.);
#13894=CARTESIAN_POINT('',(332.991047,-104.888366,0.));
#13895=DIRECTION('',(0.,0.,-1.));
#13896=DIRECTION('',(-1.,0.,0.));
#13897=AXIS2_PLACEMENT_3D('',#13894,#13895,#13896);
#13898=CYLINDRICAL_SURFACE('',#13897,0.5);
#13899=CARTESIAN_POINT('',(332.491047,-104.888366,-1.2));
#13900=DIRECTION('',(-0.,-0.,1.));
#13901=VECTOR('',#13900,1.2);
#13902=LINE('',#13899,#13901);
#13903=EDGE_CURVE('',#9932,#3377,#13902,.T.);
#13904=ORIENTED_EDGE('',*,*,#13903,.F.);
#13905=ORIENTED_EDGE('',*,*,#9938,.T.);
#13906=ORIENTED_EDGE('',*,*,#12146,.F.);
#13907=ORIENTED_EDGE('',*,*,#3392,.F.);
#13908=EDGE_LOOP('',(#13904,#13905,#13906,#13907));
#13909=FACE_BOUND('',#13908,.T.);
#13910=ADVANCED_FACE('',(#13909),#13898,.F.);
#13911=CARTESIAN_POINT('',(332.991047,-118.926634,0.));
#13912=DIRECTION('',(0.,0.,-1.));
#13913=DIRECTION('',(-1.,0.,0.));
#13914=AXIS2_PLACEMENT_3D('',#13911,#13912,#13913);
#13915=CYLINDRICAL_SURFACE('',#13914,0.5);
#13916=CARTESIAN_POINT('',(332.491047,-118.926634,-1.2));
#13917=DIRECTION('',(-0.,-0.,1.));
#13918=VECTOR('',#13917,1.2);
#13919=LINE('',#13916,#13918);
#13920=EDGE_CURVE('',#9958,#3351,#13919,.T.);
#13921=ORIENTED_EDGE('',*,*,#13920,.F.);
#13922=ORIENTED_EDGE('',*,*,#9964,.T.);
#13923=ORIENTED_EDGE('',*,*,#12124,.F.);
#13924=ORIENTED_EDGE('',*,*,#3366,.F.);
#13925=EDGE_LOOP('',(#13921,#13922,#13923,#13924));
#13926=FACE_BOUND('',#13925,.T.);
#13927=ADVANCED_FACE('',(#13926),#13915,.F.);
#13928=CARTESIAN_POINT('',(346.852213144,-118.766248226,0.));
#13929=DIRECTION('',(0.,0.,-1.));
#13930=DIRECTION('',(-1.,0.,0.));
#13931=AXIS2_PLACEMENT_3D('',#13928,#13929,#13930);
#13932=CYLINDRICAL_SURFACE('',#13931,0.5);
#13933=ORIENTED_EDGE('',*,*,#9904,.T.);
#13934=ORIENTED_EDGE('',*,*,#12102,.F.);
#13935=ORIENTED_EDGE('',*,*,#3340,.F.);
#13936=ORIENTED_EDGE('',*,*,#12168,.T.);
#13937=EDGE_LOOP('',(#13933,#13934,#13935,#13936));
#13938=FACE_BOUND('',#13937,.T.);
#13939=ADVANCED_FACE('',(#13938),#13932,.F.);
#13940=CARTESIAN_POINT('',(241.40523693,-168.185175866,-0.4));
#13941=DIRECTION('',(-0.001380784,-0.999999047,0.));
#13942=DIRECTION('',(0.999999047,-0.001380784,0.));
#13943=AXIS2_PLACEMENT_3D('',#13940,#13941,#13942);
#13944=PLANE('',#13943);
#13945=ORIENTED_EDGE('',*,*,#10097,.T.);
#13946=CARTESIAN_POINT('',(229.445096659,-168.168661484,-0.8));
#13947=VERTEX_POINT('',#13946);
#13948=CARTESIAN_POINT('',(229.445096659,-168.168661484,-1.2));
#13949=DIRECTION('',(-0.,-0.,1.));
#13950=VECTOR('',#13949,0.4);
#13951=LINE('',#13948,#13950);
#13952=EDGE_CURVE('',#10092,#13947,#13951,.T.);
#13953=ORIENTED_EDGE('',*,*,#13952,.T.);
#13954=CARTESIAN_POINT('',(254.36537686,-168.203071032,-0.8));
#13955=VERTEX_POINT('',#13954);
#13956=CARTESIAN_POINT('',(254.36537686,-168.203071032,-0.8));
#13957=DIRECTION('',(-0.999999047,0.001380784,0.));
#13958=VECTOR('',#13957,24.920303957);
#13959=LINE('',#13956,#13958);
#13960=EDGE_CURVE('',#13955,#13947,#13959,.T.);
#13961=ORIENTED_EDGE('',*,*,#13960,.F.);
#13962=CARTESIAN_POINT('',(254.36537686,-168.203071032,-0.8));
#13963=DIRECTION('',(0.,0.,-1.));
#13964=VECTOR('',#13963,0.4);
#13965=LINE('',#13962,#13964);
#13966=EDGE_CURVE('',#13955,#10090,#13965,.T.);
#13967=ORIENTED_EDGE('',*,*,#13966,.T.);
#13968=EDGE_LOOP('',(#13945,#13953,#13961,#13967));
#13969=FACE_BOUND('',#13968,.T.);
#13970=ADVANCED_FACE('',(#13969),#13944,.F.);
#13971=CARTESIAN_POINT('',(228.47617839,-145.667302167,-0.4));
#13972=DIRECTION('',(0.999999046,-0.001381395,0.));
#13973=DIRECTION('',(0.001381395,0.999999046,0.));
#13974=AXIS2_PLACEMENT_3D('',#13971,#13972,#13973);
#13975=PLANE('',#13974);
#13976=CARTESIAN_POINT('',(228.505878385,-124.167322069,-0.8));
#13977=VERTEX_POINT('',#13976);
#13978=CARTESIAN_POINT('',(228.446478397,-167.167281042,-0.8));
#13979=VERTEX_POINT('',#13978);
#13980=CARTESIAN_POINT('',(228.505878385,-124.167322069,-0.8));
#13981=DIRECTION('',(-0.001381395,-0.999999046,0.));
#13982=VECTOR('',#13981,43.);
#13983=LINE('',#13980,#13982);
#13984=EDGE_CURVE('',#13977,#13979,#13983,.T.);
#13985=ORIENTED_EDGE('',*,*,#13984,.T.);
#13986=CARTESIAN_POINT('',(228.446478397,-167.167281042,-0.8));
#13987=DIRECTION('',(0.,0.,-1.));
#13988=VECTOR('',#13987,0.4);
#13989=LINE('',#13986,#13988);
#13990=EDGE_CURVE('',#13979,#10229,#13989,.T.);
#13991=ORIENTED_EDGE('',*,*,#13990,.T.);
#13992=ORIENTED_EDGE('',*,*,#10234,.F.);
#13993=CARTESIAN_POINT('',(228.505878385,-124.167322069,-1.2));
#13994=DIRECTION('',(-0.,-0.,1.));
#13995=VECTOR('',#13994,0.4);
#13996=LINE('',#13993,#13995);
#13997=EDGE_CURVE('',#10220,#13977,#13996,.T.);
#13998=ORIENTED_EDGE('',*,*,#13997,.T.);
#13999=EDGE_LOOP('',(#13985,#13991,#13992,#13998));
#14000=FACE_BOUND('',#13999,.T.);
#14001=ADVANCED_FACE('',(#14000),#13975,.T.);
#14002=CARTESIAN_POINT('',(241.507186197,-123.185273738,-0.4));
#14003=DIRECTION('',(-0.001380784,-0.999999047,0.));
#14004=DIRECTION('',(0.999999047,-0.001380784,0.));
#14005=AXIS2_PLACEMENT_3D('',#14002,#14003,#14004);
#14006=PLANE('',#14005);
#14007=CARTESIAN_POINT('',(253.507113569,-123.201843058,-0.8));
#14008=VERTEX_POINT('',#14007);
#14009=CARTESIAN_POINT('',(229.507258214,-123.168704418,-0.8));
#14010=VERTEX_POINT('',#14009);
#14011=CARTESIAN_POINT('',(253.507113569,-123.201843058,-0.8));
#14012=DIRECTION('',(-0.999999047,0.001380784,0.));
#14013=VECTOR('',#14012,23.999878233);
#14014=LINE('',#14011,#14013);
#14015=EDGE_CURVE('',#14008,#14010,#14014,.T.);
#14016=ORIENTED_EDGE('',*,*,#14015,.T.);
#14017=CARTESIAN_POINT('',(229.507258214,-123.168704418,-0.8));
#14018=DIRECTION('',(0.,0.,-1.));
#14019=VECTOR('',#14018,0.4);
#14020=LINE('',#14017,#14019);
#14021=EDGE_CURVE('',#14010,#10212,#14020,.T.);
#14022=ORIENTED_EDGE('',*,*,#14021,.T.);
#14023=ORIENTED_EDGE('',*,*,#10217,.F.);
#14024=CARTESIAN_POINT('',(253.507113569,-123.201843058,-1.2));
#14025=DIRECTION('',(-0.,-0.,1.));
#14026=VECTOR('',#14025,0.4);
#14027=LINE('',#14024,#14026);
#14028=EDGE_CURVE('',#10203,#14008,#14027,.T.);
#14029=ORIENTED_EDGE('',*,*,#14028,.T.);
#14030=EDGE_LOOP('',(#14016,#14022,#14023,#14029));
#14031=FACE_BOUND('',#14030,.T.);
#14032=ADVANCED_FACE('',(#14031),#14006,.T.);
#14033=CARTESIAN_POINT('',(254.47666533,-145.253930652,-0.4));
#14034=DIRECTION('',(0.999999047,-0.001380784,0.));
#14035=DIRECTION('',(0.001380784,0.999999047,0.));
#14036=AXIS2_PLACEMENT_3D('',#14033,#14034,#14035);
#14037=PLANE('',#14036);
#14038=CARTESIAN_POINT('',(254.505731832,-124.203222888,-0.8));
#14039=VERTEX_POINT('',#14038);
#14040=CARTESIAN_POINT('',(254.505731832,-124.203222888,-0.8));
#14041=DIRECTION('',(-0.001380784,-0.999999047,0.));
#14042=VECTOR('',#14041,43.101455663);
#14043=LINE('',#14040,#14042);
#14044=EDGE_CURVE('',#14039,#12871,#14043,.T.);
#14045=ORIENTED_EDGE('',*,*,#14044,.F.);
#14046=CARTESIAN_POINT('',(254.505731832,-124.203222888,-0.8));
#14047=DIRECTION('',(0.,0.,-1.));
#14048=VECTOR('',#14047,0.4);
#14049=LINE('',#14046,#14048);
#14050=EDGE_CURVE('',#14039,#10195,#14049,.T.);
#14051=ORIENTED_EDGE('',*,*,#14050,.T.);
#14052=ORIENTED_EDGE('',*,*,#10200,.T.);
#14053=ORIENTED_EDGE('',*,*,#12883,.F.);
#14054=EDGE_LOOP('',(#14045,#14051,#14052,#14053));
#14055=FACE_BOUND('',#14054,.T.);
#14056=ADVANCED_FACE('',(#14055),#14037,.F.);
#14057=CARTESIAN_POINT('',(0.,0.,-0.8));
#14058=DIRECTION('',(0.,0.,-1.));
#14059=DIRECTION('',(-1.,0.,0.));
#14060=AXIS2_PLACEMENT_3D('',#14057,#14058,#14059);
#14061=PLANE('',#14060);
#14062=ORIENTED_EDGE('',*,*,#13960,.T.);
#14063=CARTESIAN_POINT('',(229.446477442,-167.168662437,-0.8));
#14064=DIRECTION('',(0.,0.,-1.));
#14065=DIRECTION('',(-1.,0.,0.));
#14066=AXIS2_PLACEMENT_3D('',#14063,#14064,#14065);
#14067=CIRCLE('',#14066,1.);
#14068=EDGE_CURVE('',#13947,#13979,#14067,.T.);
#14069=ORIENTED_EDGE('',*,*,#14068,.T.);
#14070=ORIENTED_EDGE('',*,*,#13984,.F.);
#14071=CARTESIAN_POINT('',(229.50587743,-124.168703464,-0.8));
#14072=DIRECTION('',(0.,0.,-1.));
#14073=DIRECTION('',(-1.,0.,0.));
#14074=AXIS2_PLACEMENT_3D('',#14071,#14072,#14073);
#14075=CIRCLE('',#14074,1.);
#14076=EDGE_CURVE('',#13977,#14010,#14075,.T.);
#14077=ORIENTED_EDGE('',*,*,#14076,.T.);
#14078=ORIENTED_EDGE('',*,*,#14015,.F.);
#14079=CARTESIAN_POINT('',(253.505732785,-124.201842104,-0.8));
#14080=DIRECTION('',(0.,0.,-1.));
#14081=DIRECTION('',(-1.,0.,0.));
#14082=AXIS2_PLACEMENT_3D('',#14079,#14080,#14081);
#14083=CIRCLE('',#14082,1.);
#14084=EDGE_CURVE('',#14008,#14039,#14083,.T.);
#14085=ORIENTED_EDGE('',*,*,#14084,.T.);
#14086=ORIENTED_EDGE('',*,*,#14044,.T.);
#14087=ORIENTED_EDGE('',*,*,#12877,.F.);
#14088=CARTESIAN_POINT('',(254.620731,-167.773194,-0.8));
#14089=DIRECTION('',(0.,0.,-1.));
#14090=DIRECTION('',(-1.,0.,0.));
#14091=AXIS2_PLACEMENT_3D('',#14088,#14089,#14090);
#14092=CIRCLE('',#14091,0.5);
#14093=EDGE_CURVE('',#13955,#12863,#14092,.T.);
#14094=ORIENTED_EDGE('',*,*,#14093,.F.);
#14095=EDGE_LOOP('',(#14062,#14069,#14070,#14077,#14078,#14085,#14086,#14087,#14094));
#14096=FACE_BOUND('',#14095,.T.);
#14097=ADVANCED_FACE('',(#14096),#14061,.T.);
#14098=CARTESIAN_POINT('',(253.505732785,-124.201842104,-0.4));
#14099=DIRECTION('',(0.,0.,-1.));
#14100=DIRECTION('',(-1.,0.,0.));
#14101=AXIS2_PLACEMENT_3D('',#14098,#14099,#14100);
#14102=CYLINDRICAL_SURFACE('',#14101,1.);
#14103=ORIENTED_EDGE('',*,*,#14084,.F.);
#14104=ORIENTED_EDGE('',*,*,#14028,.F.);
#14105=ORIENTED_EDGE('',*,*,#10209,.F.);
#14106=ORIENTED_EDGE('',*,*,#14050,.F.);
#14107=EDGE_LOOP('',(#14103,#14104,#14105,#14106));
#14108=FACE_BOUND('',#14107,.T.);
#14109=ADVANCED_FACE('',(#14108),#14102,.F.);
#14110=CARTESIAN_POINT('',(229.50587743,-124.168703464,-0.4));
#14111=DIRECTION('',(0.,0.,1.));
#14112=DIRECTION('',(1.,0.,-0.));
#14113=AXIS2_PLACEMENT_3D('',#14110,#14111,#14112);
#14114=CYLINDRICAL_SURFACE('',#14113,1.);
#14115=ORIENTED_EDGE('',*,*,#14076,.F.);
#14116=ORIENTED_EDGE('',*,*,#13997,.F.);
#14117=ORIENTED_EDGE('',*,*,#10226,.F.);
#14118=ORIENTED_EDGE('',*,*,#14021,.F.);
#14119=EDGE_LOOP('',(#14115,#14116,#14117,#14118));
#14120=FACE_BOUND('',#14119,.T.);
#14121=ADVANCED_FACE('',(#14120),#14114,.F.);
#14122=CARTESIAN_POINT('',(229.446477442,-167.168662437,-0.4));
#14123=DIRECTION('',(0.,0.,-1.));
#14124=DIRECTION('',(-1.,0.,0.));
#14125=AXIS2_PLACEMENT_3D('',#14122,#14123,#14124);
#14126=CYLINDRICAL_SURFACE('',#14125,1.);
#14127=ORIENTED_EDGE('',*,*,#14068,.F.);
#14128=ORIENTED_EDGE('',*,*,#13952,.F.);
#14129=ORIENTED_EDGE('',*,*,#10241,.F.);
#14130=ORIENTED_EDGE('',*,*,#13990,.F.);
#14131=EDGE_LOOP('',(#14127,#14128,#14129,#14130));
#14132=FACE_BOUND('',#14131,.T.);
#14133=ADVANCED_FACE('',(#14132),#14126,.F.);
#14134=CARTESIAN_POINT('',(233.533342,-177.929963,0.8));
#14135=DIRECTION('',(0.,0.,-1.));
#14136=DIRECTION('',(-1.,0.,0.));
#14137=AXIS2_PLACEMENT_3D('',#14134,#14135,#14136);
#14138=CYLINDRICAL_SURFACE('',#14137,0.5);
#14139=ORIENTED_EDGE('',*,*,#12774,.T.);
#14140=ORIENTED_EDGE('',*,*,#5105,.T.);
#14141=ORIENTED_EDGE('',*,*,#10469,.T.);
#14142=ORIENTED_EDGE('',*,*,#8331,.T.);
#14143=EDGE_LOOP('',(#14139,#14140,#14141,#14142));
#14144=FACE_BOUND('',#14143,.T.);
#14145=ADVANCED_FACE('',(#14144),#14138,.F.);
#14146=CARTESIAN_POINT('',(240.301185,-190.242611,0.8));
#14147=DIRECTION('',(0.,0.,-1.));
#14148=DIRECTION('',(-1.,0.,0.));
#14149=AXIS2_PLACEMENT_3D('',#14146,#14147,#14148);
#14150=CYLINDRICAL_SURFACE('',#14149,0.5);
#14151=ORIENTED_EDGE('',*,*,#12791,.T.);
#14152=ORIENTED_EDGE('',*,*,#5079,.T.);
#14153=ORIENTED_EDGE('',*,*,#10447,.T.);
#14154=ORIENTED_EDGE('',*,*,#8357,.T.);
#14155=EDGE_LOOP('',(#14151,#14152,#14153,#14154));
#14156=FACE_BOUND('',#14155,.T.);
#14157=ADVANCED_FACE('',(#14156),#14150,.F.);
#14158=CARTESIAN_POINT('',(258.244198,-181.296155,0.8));
#14159=DIRECTION('',(0.,0.,-1.));
#14160=DIRECTION('',(-1.,0.,0.));
#14161=AXIS2_PLACEMENT_3D('',#14158,#14159,#14160);
#14162=CYLINDRICAL_SURFACE('',#14161,0.5);
#14163=ORIENTED_EDGE('',*,*,#12808,.T.);
#14164=ORIENTED_EDGE('',*,*,#4982,.T.);
#14165=ORIENTED_EDGE('',*,*,#10601,.T.);
#14166=ORIENTED_EDGE('',*,*,#10132,.T.);
#14167=EDGE_LOOP('',(#14163,#14164,#14165,#14166));
#14168=FACE_BOUND('',#14167,.T.);
#14169=ADVANCED_FACE('',(#14168),#14162,.F.);
#14170=CARTESIAN_POINT('',(277.746047,-177.029134,0.8));
#14171=DIRECTION('',(0.,0.,-1.));
#14172=DIRECTION('',(-1.,0.,0.));
#14173=AXIS2_PLACEMENT_3D('',#14170,#14171,#14172);
#14174=CYLINDRICAL_SURFACE('',#14173,0.5);
#14175=ORIENTED_EDGE('',*,*,#12849,.T.);
#14176=ORIENTED_EDGE('',*,*,#4911,.T.);
#14177=ORIENTED_EDGE('',*,*,#10506,.T.);
#14178=ORIENTED_EDGE('',*,*,#8428,.T.);
#14179=EDGE_LOOP('',(#14175,#14176,#14177,#14178));
#14180=FACE_BOUND('',#14179,.T.);
#14181=ADVANCED_FACE('',(#14180),#14174,.F.);
#14182=CARTESIAN_POINT('',(254.620731,-167.773194,0.8));
#14183=DIRECTION('',(0.,0.,-1.));
#14184=DIRECTION('',(-1.,0.,0.));
#14185=AXIS2_PLACEMENT_3D('',#14182,#14183,#14184);
#14186=CYLINDRICAL_SURFACE('',#14185,0.5);
#14187=ORIENTED_EDGE('',*,*,#12868,.T.);
#14188=ORIENTED_EDGE('',*,*,#5008,.T.);
#14189=ORIENTED_EDGE('',*,*,#10616,.T.);
#14190=ORIENTED_EDGE('',*,*,#10106,.T.);
#14191=ORIENTED_EDGE('',*,*,#13966,.F.);
#14192=ORIENTED_EDGE('',*,*,#14093,.T.);
#14193=EDGE_LOOP('',(#14187,#14188,#14189,#14190,#14191,#14192));
#14194=FACE_BOUND('',#14193,.T.);
#14195=ADVANCED_FACE('',(#14194),#14186,.F.);
#14196=CARTESIAN_POINT('',(245.778018,-171.142629,0.8));
#14197=DIRECTION('',(0.,0.,-1.));
#14198=DIRECTION('',(-1.,0.,0.));
#14199=AXIS2_PLACEMENT_3D('',#14196,#14197,#14198);
#14200=CYLINDRICAL_SURFACE('',#14199,0.5);
#14201=ORIENTED_EDGE('',*,*,#12924,.T.);
#14202=ORIENTED_EDGE('',*,*,#5036,.T.);
#14203=ORIENTED_EDGE('',*,*,#10396,.T.);
#14204=ORIENTED_EDGE('',*,*,#8305,.T.);
#14205=EDGE_LOOP('',(#14201,#14202,#14203,#14204));
#14206=FACE_BOUND('',#14205,.T.);
#14207=ADVANCED_FACE('',(#14206),#14200,.F.);
#14208=CARTESIAN_POINT('',(268.179047,-164.08849,0.8));
#14209=DIRECTION('',(0.,0.,-1.));
#14210=DIRECTION('',(-1.,0.,0.));
#14211=AXIS2_PLACEMENT_3D('',#14208,#14209,#14210);
#14212=CYLINDRICAL_SURFACE('',#14211,0.5);
#14213=ORIENTED_EDGE('',*,*,#12941,.T.);
#14214=ORIENTED_EDGE('',*,*,#4939,.T.);
#14215=ORIENTED_EDGE('',*,*,#10638,.T.);
#14216=ORIENTED_EDGE('',*,*,#10175,.T.);
#14217=EDGE_LOOP('',(#14213,#14214,#14215,#14216));
#14218=FACE_BOUND('',#14217,.T.);
#14219=ADVANCED_FACE('',(#14218),#14212,.F.);
#14220=CARTESIAN_POINT('',(277.742241,-163.01,0.8));
#14221=DIRECTION('',(0.,0.,-1.));
#14222=DIRECTION('',(-1.,0.,0.));
#14223=AXIS2_PLACEMENT_3D('',#14220,#14221,#14222);
#14224=CYLINDRICAL_SURFACE('',#14223,0.5);
#14225=ORIENTED_EDGE('',*,*,#12958,.T.);
#14226=ORIENTED_EDGE('',*,*,#4851,.T.);
#14227=ORIENTED_EDGE('',*,*,#10528,.T.);
#14228=ORIENTED_EDGE('',*,*,#8402,.T.);
#14229=EDGE_LOOP('',(#14225,#14226,#14227,#14228));
#14230=FACE_BOUND('',#14229,.T.);
#14231=ADVANCED_FACE('',(#14230),#14224,.F.);
#14232=CARTESIAN_POINT('',(256.791047,-157.026634,0.8));
#14233=DIRECTION('',(0.,0.,-1.));
#14234=DIRECTION('',(-1.,0.,0.));
#14235=AXIS2_PLACEMENT_3D('',#14232,#14233,#14234);
#14236=CYLINDRICAL_SURFACE('',#14235,0.5);
#14237=ORIENTED_EDGE('',*,*,#12975,.T.);
#14238=ORIENTED_EDGE('',*,*,#4797,.T.);
#14239=ORIENTED_EDGE('',*,*,#10887,.T.);
#14240=ORIENTED_EDGE('',*,*,#8709,.T.);
#14241=EDGE_LOOP('',(#14237,#14238,#14239,#14240));
#14242=FACE_BOUND('',#14241,.T.);
#14243=ADVANCED_FACE('',(#14242),#14236,.F.);
#14244=CARTESIAN_POINT('',(275.868107,-152.291194,0.8));
#14245=DIRECTION('',(0.,0.,-1.));
#14246=DIRECTION('',(-1.,0.,0.));
#14247=AXIS2_PLACEMENT_3D('',#14244,#14245,#14246);
#14248=CYLINDRICAL_SURFACE('',#14247,0.5);
#14249=ORIENTED_EDGE('',*,*,#12992,.T.);
#14250=ORIENTED_EDGE('',*,*,#4533,.T.);
#14251=ORIENTED_EDGE('',*,*,#10777,.T.);
#14252=ORIENTED_EDGE('',*,*,#8621,.T.);
#14253=EDGE_LOOP('',(#14249,#14250,#14251,#14252));
#14254=FACE_BOUND('',#14253,.T.);
#14255=ADVANCED_FACE('',(#14254),#14248,.F.);
#14256=CARTESIAN_POINT('',(256.837241,-142.9575,0.8));
#14257=DIRECTION('',(0.,0.,-1.));
#14258=DIRECTION('',(-1.,0.,0.));
#14259=AXIS2_PLACEMENT_3D('',#14256,#14257,#14258);
#14260=CYLINDRICAL_SURFACE('',#14259,0.5);
#14261=ORIENTED_EDGE('',*,*,#13009,.T.);
#14262=ORIENTED_EDGE('',*,*,#4823,.T.);
#14263=ORIENTED_EDGE('',*,*,#10902,.T.);
#14264=ORIENTED_EDGE('',*,*,#8683,.T.);
#14265=EDGE_LOOP('',(#14261,#14262,#14263,#14264));
#14266=FACE_BOUND('',#14265,.T.);
#14267=ADVANCED_FACE('',(#14266),#14260,.F.);
#14268=CARTESIAN_POINT('',(256.837241,-138.0075,0.8));
#14269=DIRECTION('',(0.,0.,-1.));
#14270=DIRECTION('',(-1.,0.,0.));
#14271=AXIS2_PLACEMENT_3D('',#14268,#14269,#14270);
#14272=CYLINDRICAL_SURFACE('',#14271,0.5);
#14273=ORIENTED_EDGE('',*,*,#13050,.T.);
#14274=ORIENTED_EDGE('',*,*,#4735,.T.);
#14275=ORIENTED_EDGE('',*,*,#11012,.T.);
#14276=ORIENTED_EDGE('',*,*,#8868,.T.);
#14277=EDGE_LOOP('',(#14273,#14274,#14275,#14276));
#14278=FACE_BOUND('',#14277,.T.);
#14279=ADVANCED_FACE('',(#14278),#14272,.F.);
#14280=CARTESIAN_POINT('',(275.841047,-138.225866,0.8));
#14281=DIRECTION('',(0.,0.,-1.));
#14282=DIRECTION('',(-1.,0.,0.));
#14283=AXIS2_PLACEMENT_3D('',#14280,#14281,#14282);
#14284=CYLINDRICAL_SURFACE('',#14283,0.5);
#14285=ORIENTED_EDGE('',*,*,#13079,.T.);
#14286=ORIENTED_EDGE('',*,*,#4559,.T.);
#14287=ORIENTED_EDGE('',*,*,#10792,.T.);
#14288=ORIENTED_EDGE('',*,*,#8595,.T.);
#14289=EDGE_LOOP('',(#14285,#14286,#14287,#14288));
#14290=FACE_BOUND('',#14289,.T.);
#14291=ADVANCED_FACE('',(#14290),#14284,.F.);
#14292=CARTESIAN_POINT('',(275.887241,-100.095,0.8));
#14293=DIRECTION('',(0.,0.,-1.));
#14294=DIRECTION('',(-1.,0.,0.));
#14295=AXIS2_PLACEMENT_3D('',#14292,#14293,#14294);
#14296=CYLINDRICAL_SURFACE('',#14295,0.5);
#14297=ORIENTED_EDGE('',*,*,#13132,.T.);
#14298=ORIENTED_EDGE('',*,*,#4630,.T.);
#14299=ORIENTED_EDGE('',*,*,#12065,.T.);
#14300=ORIENTED_EDGE('',*,*,#9859,.T.);
#14301=EDGE_LOOP('',(#14297,#14298,#14299,#14300));
#14302=FACE_BOUND('',#14301,.T.);
#14303=ADVANCED_FACE('',(#14302),#14296,.F.);
#14304=CARTESIAN_POINT('',(256.791047,-123.938366,0.8));
#14305=DIRECTION('',(0.,0.,-1.));
#14306=DIRECTION('',(-1.,0.,0.));
#14307=AXIS2_PLACEMENT_3D('',#14304,#14305,#14306);
#14308=CYLINDRICAL_SURFACE('',#14307,0.5);
#14309=ORIENTED_EDGE('',*,*,#13161,.T.);
#14310=ORIENTED_EDGE('',*,*,#4675,.T.);
#14311=ORIENTED_EDGE('',*,*,#11034,.T.);
#14312=ORIENTED_EDGE('',*,*,#8842,.T.);
#14313=EDGE_LOOP('',(#14309,#14310,#14311,#14312));
#14314=FACE_BOUND('',#14313,.T.);
#14315=ADVANCED_FACE('',(#14314),#14308,.F.);
#14316=CARTESIAN_POINT('',(294.887241,-109.3825,0.8));
#14317=DIRECTION('',(0.,0.,-1.));
#14318=DIRECTION('',(-1.,0.,0.));
#14319=AXIS2_PLACEMENT_3D('',#14316,#14317,#14318);
#14320=CYLINDRICAL_SURFACE('',#14319,0.5);
#14321=ORIENTED_EDGE('',*,*,#13178,.T.);
#14322=ORIENTED_EDGE('',*,*,#4076,.T.);
#14323=ORIENTED_EDGE('',*,*,#11999,.T.);
#14324=ORIENTED_EDGE('',*,*,#9795,.T.);
#14325=EDGE_LOOP('',(#14321,#14322,#14323,#14324));
#14326=FACE_BOUND('',#14325,.T.);
#14327=ADVANCED_FACE('',(#14326),#14320,.F.);
#14328=CARTESIAN_POINT('',(256.791047,-118.926634,0.8));
#14329=DIRECTION('',(0.,0.,-1.));
#14330=DIRECTION('',(-1.,0.,0.));
#14331=AXIS2_PLACEMENT_3D('',#14328,#14329,#14330);
#14332=CYLINDRICAL_SURFACE('',#14331,0.5);
#14333=ORIENTED_EDGE('',*,*,#13195,.T.);
#14334=ORIENTED_EDGE('',*,*,#4357,.T.);
#14335=ORIENTED_EDGE('',*,*,#11100,.T.);
#14336=ORIENTED_EDGE('',*,*,#8973,.T.);
#14337=EDGE_LOOP('',(#14333,#14334,#14335,#14336));
#14338=FACE_BOUND('',#14337,.T.);
#14339=ADVANCED_FACE('',(#14338),#14332,.F.);
#14340=CARTESIAN_POINT('',(275.837241,-114.145,0.8));
#14341=DIRECTION('',(0.,0.,-1.));
#14342=DIRECTION('',(-1.,0.,0.));
#14343=AXIS2_PLACEMENT_3D('',#14340,#14341,#14342);
#14344=CYLINDRICAL_SURFACE('',#14343,0.5);
#14345=ORIENTED_EDGE('',*,*,#13212,.T.);
#14346=ORIENTED_EDGE('',*,*,#4604,.T.);
#14347=ORIENTED_EDGE('',*,*,#12043,.T.);
#14348=ORIENTED_EDGE('',*,*,#9883,.T.);
#14349=EDGE_LOOP('',(#14345,#14346,#14347,#14348));
#14350=FACE_BOUND('',#14349,.T.);
#14351=ADVANCED_FACE('',(#14350),#14344,.F.);
#14352=CARTESIAN_POINT('',(256.787241,-104.9075,0.8));
#14353=DIRECTION('',(0.,0.,-1.));
#14354=DIRECTION('',(-1.,0.,0.));
#14355=AXIS2_PLACEMENT_3D('',#14352,#14353,#14354);
#14356=CYLINDRICAL_SURFACE('',#14355,0.5);
#14357=ORIENTED_EDGE('',*,*,#13229,.T.);
#14358=ORIENTED_EDGE('',*,*,#4383,.T.);
#14359=ORIENTED_EDGE('',*,*,#11122,.T.);
#14360=ORIENTED_EDGE('',*,*,#8947,.T.);
#14361=EDGE_LOOP('',(#14357,#14358,#14359,#14360));
#14362=FACE_BOUND('',#14361,.T.);
#14363=ADVANCED_FACE('',(#14362),#14356,.F.);
#14364=CARTESIAN_POINT('',(275.837241,-133.195,0.8));
#14365=DIRECTION('',(0.,0.,-1.));
#14366=DIRECTION('',(-1.,0.,0.));
#14367=AXIS2_PLACEMENT_3D('',#14364,#14365,#14366);
#14368=CYLINDRICAL_SURFACE('',#14367,0.5);
#14369=ORIENTED_EDGE('',*,*,#13270,.T.);
#14370=ORIENTED_EDGE('',*,*,#4471,.T.);
#14371=ORIENTED_EDGE('',*,*,#11738,.T.);
#14372=ORIENTED_EDGE('',*,*,#9572,.T.);
#14373=EDGE_LOOP('',(#14369,#14370,#14371,#14372));
#14374=FACE_BOUND('',#14373,.T.);
#14375=ADVANCED_FACE('',(#14374),#14368,.F.);
#14376=CARTESIAN_POINT('',(275.841047,-119.175866,0.8));
#14377=DIRECTION('',(0.,0.,-1.));
#14378=DIRECTION('',(-1.,0.,0.));
#14379=AXIS2_PLACEMENT_3D('',#14376,#14377,#14378);
#14380=CYLINDRICAL_SURFACE('',#14379,0.5);
#14381=ORIENTED_EDGE('',*,*,#13311,.T.);
#14382=ORIENTED_EDGE('',*,*,#4411,.T.);
#14383=ORIENTED_EDGE('',*,*,#11760,.T.);
#14384=ORIENTED_EDGE('',*,*,#9546,.T.);
#14385=EDGE_LOOP('',(#14381,#14382,#14383,#14384));
#14386=FACE_BOUND('',#14385,.T.);
#14387=ADVANCED_FACE('',(#14386),#14380,.F.);
#14388=CARTESIAN_POINT('',(294.887241,-114.4325,0.8));
#14389=DIRECTION('',(0.,0.,-1.));
#14390=DIRECTION('',(-1.,0.,0.));
#14391=AXIS2_PLACEMENT_3D('',#14388,#14389,#14390);
#14392=CYLINDRICAL_SURFACE('',#14391,0.5);
#14393=ORIENTED_EDGE('',*,*,#13340,.T.);
#14394=ORIENTED_EDGE('',*,*,#3926,.T.);
#14395=ORIENTED_EDGE('',*,*,#11217,.T.);
#14396=ORIENTED_EDGE('',*,*,#9052,.T.);
#14397=EDGE_LOOP('',(#14393,#14394,#14395,#14396));
#14398=FACE_BOUND('',#14397,.T.);
#14399=ADVANCED_FACE('',(#14398),#14392,.F.);
#14400=CARTESIAN_POINT('',(294.887241,-133.4825,0.));
#14401=DIRECTION('',(0.,0.,-1.));
#14402=DIRECTION('',(-1.,0.,0.));
#14403=AXIS2_PLACEMENT_3D('',#14400,#14401,#14402);
#14404=CYLINDRICAL_SURFACE('',#14403,0.5);
#14405=ORIENTED_EDGE('',*,*,#13357,.T.);
#14406=ORIENTED_EDGE('',*,*,#4207,.F.);
#14407=ORIENTED_EDGE('',*,*,#10689,.T.);
#14408=ORIENTED_EDGE('',*,*,#8507,.T.);
#14409=EDGE_LOOP('',(#14405,#14406,#14407,#14408));
#14410=FACE_BOUND('',#14409,.T.);
#14411=ADVANCED_FACE('',(#14410),#14404,.F.);
#14412=CARTESIAN_POINT('',(294.887241,-147.4825,0.));
#14413=DIRECTION('',(0.,0.,-1.));
#14414=DIRECTION('',(-1.,0.,0.));
#14415=AXIS2_PLACEMENT_3D('',#14412,#14413,#14414);
#14416=CYLINDRICAL_SURFACE('',#14415,0.5);
#14417=ORIENTED_EDGE('',*,*,#13374,.T.);
#14418=ORIENTED_EDGE('',*,*,#4181,.F.);
#14419=ORIENTED_EDGE('',*,*,#10667,.T.);
#14420=ORIENTED_EDGE('',*,*,#8533,.T.);
#14421=EDGE_LOOP('',(#14417,#14418,#14419,#14420));
#14422=FACE_BOUND('',#14421,.T.);
#14423=ADVANCED_FACE('',(#14422),#14416,.F.);
#14424=CARTESIAN_POINT('',(313.987241,-100.095,0.));
#14425=DIRECTION('',(0.,0.,-1.));
#14426=DIRECTION('',(-1.,0.,0.));
#14427=AXIS2_PLACEMENT_3D('',#14424,#14425,#14426);
#14428=CYLINDRICAL_SURFACE('',#14427,0.5);
#14429=ORIENTED_EDGE('',*,*,#13391,.T.);
#14430=ORIENTED_EDGE('',*,*,#4014,.F.);
#14431=ORIENTED_EDGE('',*,*,#11459,.T.);
#14432=ORIENTED_EDGE('',*,*,#9316,.T.);
#14433=EDGE_LOOP('',(#14429,#14430,#14431,#14432));
#14434=FACE_BOUND('',#14433,.T.);
#14435=ADVANCED_FACE('',(#14434),#14428,.F.);
#14436=CARTESIAN_POINT('',(313.941047,-119.175866,0.));
#14437=DIRECTION('',(0.,0.,-1.));
#14438=DIRECTION('',(-1.,0.,0.));
#14439=AXIS2_PLACEMENT_3D('',#14436,#14437,#14438);
#14440=CYLINDRICAL_SURFACE('',#14439,0.5);
#14441=ORIENTED_EDGE('',*,*,#13420,.T.);
#14442=ORIENTED_EDGE('',*,*,#4295,.F.);
#14443=ORIENTED_EDGE('',*,*,#11679,.T.);
#14444=ORIENTED_EDGE('',*,*,#9475,.T.);
#14445=EDGE_LOOP('',(#14441,#14442,#14443,#14444));
#14446=FACE_BOUND('',#14445,.T.);
#14447=ADVANCED_FACE('',(#14446),#14440,.F.);
#14448=CARTESIAN_POINT('',(313.987241,-152.295,0.));
#14449=DIRECTION('',(0.,0.,-1.));
#14450=DIRECTION('',(-1.,0.,0.));
#14451=AXIS2_PLACEMENT_3D('',#14448,#14449,#14450);
#14452=CYLINDRICAL_SURFACE('',#14451,0.5);
#14453=ORIENTED_EDGE('',*,*,#13449,.T.);
#14454=ORIENTED_EDGE('',*,*,#3709,.F.);
#14455=ORIENTED_EDGE('',*,*,#11349,.T.);
#14456=ORIENTED_EDGE('',*,*,#9164,.T.);
#14457=EDGE_LOOP('',(#14453,#14454,#14455,#14456));
#14458=FACE_BOUND('',#14457,.T.);
#14459=ADVANCED_FACE('',(#14458),#14452,.F.);
#14460=CARTESIAN_POINT('',(313.968107,-133.241194,0.));
#14461=DIRECTION('',(0.,0.,-1.));
#14462=DIRECTION('',(-1.,0.,0.));
#14463=AXIS2_PLACEMENT_3D('',#14460,#14461,#14462);
#14464=CYLINDRICAL_SURFACE('',#14463,0.5);
#14465=ORIENTED_EDGE('',*,*,#13466,.T.);
#14466=ORIENTED_EDGE('',*,*,#4269,.F.);
#14467=ORIENTED_EDGE('',*,*,#11657,.T.);
#14468=ORIENTED_EDGE('',*,*,#9501,.T.);
#14469=EDGE_LOOP('',(#14465,#14466,#14467,#14468));
#14470=FACE_BOUND('',#14469,.T.);
#14471=ADVANCED_FACE('',(#14470),#14464,.F.);
#14472=CARTESIAN_POINT('',(313.937241,-138.245,0.));
#14473=DIRECTION('',(0.,0.,-1.));
#14474=DIRECTION('',(-1.,0.,0.));
#14475=AXIS2_PLACEMENT_3D('',#14472,#14473,#14474);
#14476=CYLINDRICAL_SURFACE('',#14475,0.5);
#14477=ORIENTED_EDGE('',*,*,#13483,.T.);
#14478=ORIENTED_EDGE('',*,*,#3735,.F.);
#14479=ORIENTED_EDGE('',*,*,#11276,.T.);
#14480=ORIENTED_EDGE('',*,*,#9140,.T.);
#14481=EDGE_LOOP('',(#14477,#14478,#14479,#14480));
#14482=FACE_BOUND('',#14481,.T.);
#14483=ADVANCED_FACE('',(#14482),#14476,.F.);
#14484=CARTESIAN_POINT('',(294.887241,-95.3825,0.));
#14485=DIRECTION('',(0.,0.,-1.));
#14486=DIRECTION('',(-1.,0.,0.));
#14487=AXIS2_PLACEMENT_3D('',#14484,#14485,#14486);
#14488=CYLINDRICAL_SURFACE('',#14487,0.5);
#14489=ORIENTED_EDGE('',*,*,#13524,.T.);
#14490=ORIENTED_EDGE('',*,*,#4102,.F.);
#14491=ORIENTED_EDGE('',*,*,#11926,.T.);
#14492=ORIENTED_EDGE('',*,*,#9771,.T.);
#14493=EDGE_LOOP('',(#14489,#14490,#14491,#14492));
#14494=FACE_BOUND('',#14493,.T.);
#14495=ADVANCED_FACE('',(#14494),#14488,.F.);
#14496=CARTESIAN_POINT('',(313.968107,-114.191194,0.));
#14497=DIRECTION('',(0.,0.,-1.));
#14498=DIRECTION('',(-1.,0.,0.));
#14499=AXIS2_PLACEMENT_3D('',#14496,#14497,#14498);
#14500=CYLINDRICAL_SURFACE('',#14499,0.5);
#14501=ORIENTED_EDGE('',*,*,#13541,.T.);
#14502=ORIENTED_EDGE('',*,*,#3988,.F.);
#14503=ORIENTED_EDGE('',*,*,#11525,.T.);
#14504=ORIENTED_EDGE('',*,*,#9340,.T.);
#14505=EDGE_LOOP('',(#14501,#14502,#14503,#14504));
#14506=FACE_BOUND('',#14505,.T.);
#14507=ADVANCED_FACE('',(#14506),#14500,.F.);
#14508=CARTESIAN_POINT('',(333.018107,-123.911306,0.));
#14509=DIRECTION('',(0.,0.,-1.));
#14510=DIRECTION('',(-1.,0.,0.));
#14511=AXIS2_PLACEMENT_3D('',#14508,#14509,#14510);
#14512=CYLINDRICAL_SURFACE('',#14511,0.5);
#14513=ORIENTED_EDGE('',*,*,#13558,.T.);
#14514=ORIENTED_EDGE('',*,*,#3855,.F.);
#14515=ORIENTED_EDGE('',*,*,#11850,.T.);
#14516=ORIENTED_EDGE('',*,*,#9651,.T.);
#14517=EDGE_LOOP('',(#14513,#14514,#14515,#14516));
#14518=FACE_BOUND('',#14517,.T.);
#14519=ADVANCED_FACE('',(#14518),#14512,.F.);
#14520=CARTESIAN_POINT('',(332.987241,-137.9575,0.));
#14521=DIRECTION('',(0.,0.,-1.));
#14522=DIRECTION('',(-1.,0.,0.));
#14523=AXIS2_PLACEMENT_3D('',#14520,#14521,#14522);
#14524=CYLINDRICAL_SURFACE('',#14523,0.5);
#14525=ORIENTED_EDGE('',*,*,#13599,.T.);
#14526=ORIENTED_EDGE('',*,*,#3829,.F.);
#14527=ORIENTED_EDGE('',*,*,#11826,.T.);
#14528=ORIENTED_EDGE('',*,*,#9677,.T.);
#14529=EDGE_LOOP('',(#14525,#14526,#14527,#14528));
#14530=FACE_BOUND('',#14529,.T.);
#14531=ADVANCED_FACE('',(#14530),#14524,.F.);
#14532=CARTESIAN_POINT('',(294.937241,-128.4825,0.));
#14533=DIRECTION('',(0.,0.,-1.));
#14534=DIRECTION('',(-1.,0.,0.));
#14535=AXIS2_PLACEMENT_3D('',#14532,#14533,#14534);
#14536=CYLINDRICAL_SURFACE('',#14535,0.5);
#14537=ORIENTED_EDGE('',*,*,#13640,.T.);
#14538=ORIENTED_EDGE('',*,*,#3900,.F.);
#14539=ORIENTED_EDGE('',*,*,#11195,.T.);
#14540=ORIENTED_EDGE('',*,*,#9076,.T.);
#14541=EDGE_LOOP('',(#14537,#14538,#14539,#14540));
#14542=FACE_BOUND('',#14541,.T.);
#14543=ADVANCED_FACE('',(#14542),#14536,.F.);
#14544=CARTESIAN_POINT('',(352.037241,-147.4825,0.));
#14545=DIRECTION('',(0.,0.,-1.));
#14546=DIRECTION('',(-1.,0.,0.));
#14547=AXIS2_PLACEMENT_3D('',#14544,#14545,#14546);
#14548=CYLINDRICAL_SURFACE('',#14547,0.5);
#14549=ORIENTED_EDGE('',*,*,#13717,.T.);
#14550=ORIENTED_EDGE('',*,*,#3664,.F.);
#14551=ORIENTED_EDGE('',*,*,#10946,.T.);
#14552=ORIENTED_EDGE('',*,*,#8780,.T.);
#14553=EDGE_LOOP('',(#14549,#14550,#14551,#14552));
#14554=FACE_BOUND('',#14553,.T.);
#14555=ADVANCED_FACE('',(#14554),#14548,.F.);
#14556=CARTESIAN_POINT('',(352.068107,-133.436306,0.));
#14557=DIRECTION('',(0.,0.,-1.));
#14558=DIRECTION('',(-1.,0.,0.));
#14559=AXIS2_PLACEMENT_3D('',#14556,#14557,#14558);
#14560=CYLINDRICAL_SURFACE('',#14559,0.5);
#14561=ORIENTED_EDGE('',*,*,#13794,.T.);
#14562=ORIENTED_EDGE('',*,*,#3604,.F.);
#14563=ORIENTED_EDGE('',*,*,#10968,.T.);
#14564=ORIENTED_EDGE('',*,*,#8754,.T.);
#14565=EDGE_LOOP('',(#14561,#14562,#14563,#14564));
#14566=FACE_BOUND('',#14565,.T.);
#14567=ADVANCED_FACE('',(#14566),#14560,.F.);
#14568=CARTESIAN_POINT('',(332.987241,-143.0075,0.));
#14569=DIRECTION('',(0.,0.,-1.));
#14570=DIRECTION('',(-1.,0.,0.));
#14571=AXIS2_PLACEMENT_3D('',#14568,#14569,#14570);
#14572=CYLINDRICAL_SURFACE('',#14571,0.5);
#14573=ORIENTED_EDGE('',*,*,#13811,.T.);
#14574=ORIENTED_EDGE('',*,*,#3454,.F.);
#14575=ORIENTED_EDGE('',*,*,#11415,.T.);
#14576=ORIENTED_EDGE('',*,*,#9252,.T.);
#14577=EDGE_LOOP('',(#14573,#14574,#14575,#14576));
#14578=FACE_BOUND('',#14577,.T.);
#14579=ADVANCED_FACE('',(#14578),#14572,.F.);
#14580=CARTESIAN_POINT('',(352.037241,-128.4325,0.));
#14581=DIRECTION('',(0.,0.,-1.));
#14582=DIRECTION('',(-1.,0.,0.));
#14583=AXIS2_PLACEMENT_3D('',#14580,#14581,#14582);
#14584=CYLINDRICAL_SURFACE('',#14583,0.5);
#14585=ORIENTED_EDGE('',*,*,#13828,.T.);
#14586=ORIENTED_EDGE('',*,*,#3576,.F.);
#14587=ORIENTED_EDGE('',*,*,#11584,.T.);
#14588=ORIENTED_EDGE('',*,*,#9396,.T.);
#14589=EDGE_LOOP('',(#14585,#14586,#14587,#14588));
#14590=FACE_BOUND('',#14589,.T.);
#14591=ADVANCED_FACE('',(#14590),#14584,.F.);
#14592=CARTESIAN_POINT('',(352.087241,-114.3825,0.));
#14593=DIRECTION('',(0.,0.,-1.));
#14594=DIRECTION('',(-1.,0.,0.));
#14595=AXIS2_PLACEMENT_3D('',#14592,#14593,#14594);
#14596=CYLINDRICAL_SURFACE('',#14595,0.5);
#14597=ORIENTED_EDGE('',*,*,#13857,.T.);
#14598=ORIENTED_EDGE('',*,*,#3516,.F.);
#14599=ORIENTED_EDGE('',*,*,#11606,.T.);
#14600=ORIENTED_EDGE('',*,*,#9370,.T.);
#14601=EDGE_LOOP('',(#14597,#14598,#14599,#14600));
#14602=FACE_BOUND('',#14601,.T.);
#14603=ADVANCED_FACE('',(#14602),#14596,.F.);
#14604=CARTESIAN_POINT('',(332.987241,-157.0075,0.));
#14605=DIRECTION('',(0.,0.,-1.));
#14606=DIRECTION('',(-1.,0.,0.));
#14607=AXIS2_PLACEMENT_3D('',#14604,#14605,#14606);
#14608=CYLINDRICAL_SURFACE('',#14607,0.5);
#14609=ORIENTED_EDGE('',*,*,#13874,.T.);
#14610=ORIENTED_EDGE('',*,*,#3428,.F.);
#14611=ORIENTED_EDGE('',*,*,#11386,.T.);
#14612=ORIENTED_EDGE('',*,*,#9194,.T.);
#14613=EDGE_LOOP('',(#14609,#14610,#14611,#14612));
#14614=FACE_BOUND('',#14613,.T.);
#14615=ADVANCED_FACE('',(#14614),#14608,.F.);
#14616=CARTESIAN_POINT('',(332.991047,-104.888366,0.));
#14617=DIRECTION('',(0.,0.,-1.));
#14618=DIRECTION('',(-1.,0.,0.));
#14619=AXIS2_PLACEMENT_3D('',#14616,#14617,#14618);
#14620=CYLINDRICAL_SURFACE('',#14619,0.5);
#14621=ORIENTED_EDGE('',*,*,#13903,.T.);
#14622=ORIENTED_EDGE('',*,*,#3383,.F.);
#14623=ORIENTED_EDGE('',*,*,#12131,.T.);
#14624=ORIENTED_EDGE('',*,*,#9947,.T.);
#14625=EDGE_LOOP('',(#14621,#14622,#14623,#14624));
#14626=FACE_BOUND('',#14625,.T.);
#14627=ADVANCED_FACE('',(#14626),#14620,.F.);
#14628=CARTESIAN_POINT('',(332.991047,-118.926634,0.));
#14629=DIRECTION('',(0.,0.,-1.));
#14630=DIRECTION('',(-1.,0.,0.));
#14631=AXIS2_PLACEMENT_3D('',#14628,#14629,#14630);
#14632=CYLINDRICAL_SURFACE('',#14631,0.5);
#14633=ORIENTED_EDGE('',*,*,#13920,.T.);
#14634=ORIENTED_EDGE('',*,*,#3357,.F.);
#14635=ORIENTED_EDGE('',*,*,#12109,.T.);
#14636=ORIENTED_EDGE('',*,*,#9971,.T.);
#14637=EDGE_LOOP('',(#14633,#14634,#14635,#14636));
#14638=FACE_BOUND('',#14637,.T.);
#14639=ADVANCED_FACE('',(#14638),#14632,.F.);
#14640=CLOSED_SHELL('',(#66,#99,#130,#170,#203,#234,#293,#352,#392,#432,#472,#522,#581,#761,#980,#1020,#1051,#1082,#1115,#1148,#1179,#1212,#1243,#1276,#1307,#1340,
#1371,#1404,#1435,#1468,#1499,#1523,#1556,#1587,#1618,#1649,#1682,#1713,#1746,#1777,#1810,#1841,#1874,#1905,#1938,#1969,#2002,#2033,#2073,#2104,#2135,
#2213,#2244,#2268,#2301,#2323,#2356,#2387,#2420,#2451,#2550,#2590,#2655,#2677,#2708,#2732,#2765,#2796,#2820,#2844,#2866,#2897,#2919,#2943,#3027,#5194,
#5218,#5236,#5254,#5272,#5290,#5308,#5326,#5344,#5362,#5380,#5404,#5422,#5446,#5470,#5488,#5506,#5524,#5542,#5560,#5578,#5602,#5626,#5644,#5662,#5680,
#5704,#5728,#5746,#5764,#5782,#5800,#5818,#5836,#5854,#5866,#5897,#5922,#5946,#5971,#5995,#6020,#6044,#6062,#6093,#6124,#6155,#6186,#6204,#6222,#6240,
#6258,#6280,#6297,#6314,#6331,#6348,#6365,#6382,#6394,#6416,#6433,#6450,#6467,#6484,#6501,#6518,#6530,#6588,#6630,#6670,#6710,#6743,#6774,#6816,#6892,
#6932,#6972,#7012,#7052,#7103,#7134,#7174,#7214,#7265,#7305,#7329,#7563,#7604,#7653,#7702,#7727,#7744,#7768,#7793,#7810,#7827,#7845,#7863,#7899,#7917,
#7952,#7970,#7995,#8019,#8043,#8067,#8091,#8108,#8132,#8150,#8172,#8194,#10245,#10267,#10289,#10302,#10314,#10326,#10338,#10350,#10362,#10374,#10386,#10408,#10430,
#10452,#10474,#10496,#10518,#10540,#10562,#10584,#10606,#10628,#10650,#10672,#10694,#10716,#10738,#10760,#10782,#10804,#10826,#10848,#10870,#10892,#10914,#10936,#10958,#10980,
#11002,#11024,#11046,#11068,#11090,#11112,#11134,#11156,#11178,#11200,#11222,#11244,#11266,#11288,#11310,#11332,#11354,#11376,#11398,#11420,#11442,#11464,#11486,#11508,#11530,
#11552,#11574,#11596,#11618,#11640,#11662,#11684,#11706,#11728,#11750,#11772,#11794,#11816,#11833,#11855,#11877,#11899,#11916,#11938,#11960,#11982,#12004,#12026,#12048,#12070,
#12092,#12114,#12136,#12158,#12180,#12192,#12214,#12231,#12248,#12265,#12282,#12299,#12316,#12328,#12379,#12413,#12427,#12437,#12488,#12522,#12536,#12546,#12597,#12631,#12645,
#12655,#12706,#12740,#12754,#12764,#12781,#12798,#12815,#12827,#12839,#12856,#12890,#12902,#12914,#12931,#12948,#12965,#12982,#12999,#13016,#13028,#13040,#13057,#13069,#13086,
#13098,#13110,#13122,#13139,#13151,#13168,#13185,#13202,#13219,#13236,#13248,#13260,#13277,#13289,#13301,#13318,#13330,#13347,#13364,#13381,#13398,#13410,#13427,#13439,#13456,
#13473,#13490,#13502,#13514,#13531,#13548,#13565,#13577,#13589,#13606,#13618,#13630,#13647,#13659,#13671,#13683,#13695,#13707,#13724,#13736,#13748,#13760,#13772,#13784,#13801,
#13818,#13835,#13847,#13864,#13881,#13893,#13910,#13927,#13939,#13970,#14001,#14032,#14056,#14097,#14109,#14121,#14133,#14145,#14157,#14169,#14181,#14195,#14207,#14219,#14231,
#14243,#14255,#14267,#14279,#14291,#14303,#14315,#14327,#14339,#14351,#14363,#14375,#14387,#14399,#14411,#14423,#14435,#14447,#14459,#14471,#14483,#14495,#14507,#14519,#14531,
#14543,#14555,#14567,#14579,#14591,#14603,#14615,#14627,#14639));
#14641=MANIFOLD_SOLID_BREP('Body 1322',#14640);
#14642=COLOUR_RGB('',0.627451003,0.627451003,0.643137276);
#14643=FILL_AREA_STYLE_COLOUR('',#14642);
#14644=FILL_AREA_STYLE('',(#14643));
#14645=SURFACE_STYLE_FILL_AREA(#14644);
#14646=SURFACE_SIDE_STYLE('',(#14645));
#14647=SURFACE_STYLE_USAGE(.BOTH.,#14646);
#14648=PRESENTATION_STYLE_ASSIGNMENT((#14647));
#26=STYLED_ITEM('',(#14648),#14641);
#16=SHAPE_REPRESENTATION('root',(#15),#10);
#17=ADVANCED_BREP_SHAPE_REPRESENTATION('root',(#14641),#10);
#14656=SHAPE_REPRESENTATION_RELATIONSHIP('','',#16,#17);
#14657=CARTESIAN_POINT('',(0.,0.,0.));
#14658=DIRECTION('',(0.,0.,1.));
#14659=DIRECTION('',(1.,0.,0.));
#14660=AXIS2_PLACEMENT_3D('',#14657,#14658,#14659);
#14662=MAPPED_ITEM('',#14661,#14660);
#14661=REPRESENTATION_MAP(#14660,#16);
#14663=APPLICATION_CONTEXT('Managed model based 3d engineering');
#14664=APPLICATION_PROTOCOL_DEFINITION('international standard','ap242_managed_model_based_3d_engineering',2014,#14663);
#14665=PRODUCT_CONTEXT('',#14663,'mechanical');
#14666=PRODUCT_DEFINITION_CONTEXT('part definition',#14663,'design');
#24=PRODUCT('root','root','',(#14665));
#14667=PRODUCT_RELATED_PRODUCT_CATEGORY('part','',(#24));
#14668=PRODUCT_DEFINITION_FORMATION_WITH_SPECIFIED_SOURCE('','',#24,.NOT_KNOWN.);
#25=PRODUCT_DEFINITION('design','',#14668,#14666);
#23=PRODUCT_DEFINITION_SHAPE('','',#25);
#14669=SHAPE_DEFINITION_REPRESENTATION(#23,#16);
#11=DRAUGHTING_MODEL('',(#14662),#10);
#14670=DESCRIPTIVE_REPRESENTATION_ITEM('KEY','/Users/will/Library/Containers/com.shapr3d.shapr/Data/tmp/DE2381F9-F8D4-4DB7-86EC-9508B26EC760.tmp');
#14671=PROPERTY_DEFINITION('KEY','',#25);
#14672=REPRESENTATION('',(#14670),#10);
#14673=PROPERTY_DEFINITION_REPRESENTATION(#14671,#14672);
#14674=GENERAL_PROPERTY('','KEY','');
#14675=GENERAL_PROPERTY_ASSOCIATION('','',#14674,#14671);
#1=MECHANICAL_DESIGN_GEOMETRIC_PRESENTATION_REPRESENTATION('',(#26),#10);
ENDSEC;
END-ISO-10303-21;
