ISO-10303-21;
HEADER;

/* File generated by Shapr3D Version 26.121.0.11316 */

FILE_DESCRIPTION(('HOOPS Exchange Step'),'2;1');

FILE_NAME('/Users/will/Library/Containers/com.shapr3d.shapr/Data/tmp/export/temp_export',
'2026-08-23T17:49:15-03:00',
('will'),
('Shapr3D Limited'),
'HOOPS Exchange 2026.3',
'Shapr3D',
'Authorized');

FILE_SCHEMA( ('AP242_MANAGED_MODEL_BASED_3D_ENGINEERING_MIM_LF {1 0 10303 442 1 1 4}') );

ENDSEC;

DATA;
#3=(NAMED_UNIT(*)PLANE_ANGLE_UNIT()SI_UNIT($,.RADIAN.));
#4=PLANE_ANGLE_MEASURE_WITH_UNIT(PLANE_ANGLE_MEASURE(0.0174532925),#3);
#5=(CONVERSION_BASED_UNIT('DEGREE',#4)NAMED_UNIT(#6)PLANE_ANGLE_UNIT());
#6=DIMENSIONAL_EXPONENTS(0.,0.,0.,0.,0.,0.,0.);
#7=(NAMED_UNIT(*)SI_UNIT($,.STERADIAN.)SOLID_ANGLE_UNIT());
#8=(LENGTH_UNIT()NAMED_UNIT(*)SI_UNIT(.MILLI.,.METRE.));
#9=UNCERTAINTY_MEASURE_WITH_UNIT(LENGTH_MEASURE(1.000000E-03),#8,'DISTANCE_ACCURACY_VALUE','Maximum Tolerance applied to model');
#10=(GEOMETRIC_REPRESENTATION_CONTEXT(3)GLOBAL_UNCERTAINTY_ASSIGNED_CONTEXT((#9))GLOBAL_UNIT_ASSIGNED_CONTEXT((#8,#5,#7))REPRESENTATION_CONTEXT('','root'));
#12=CARTESIAN_POINT('',(0.,0.,0.));
#13=DIRECTION('',(0.,0.,1.));
#14=DIRECTION('',(1.,0.,0.));
#15=AXIS2_PLACEMENT_3D('TS3D_PRODUCT_CSYS',#12,#13,#14);
#26=(NAMED_UNIT(*)PLANE_ANGLE_UNIT()SI_UNIT($,.RADIAN.));
#27=PLANE_ANGLE_MEASURE_WITH_UNIT(PLANE_ANGLE_MEASURE(0.0174532925),#26);
#28=(CONVERSION_BASED_UNIT('DEGREE',#27)NAMED_UNIT(#29)PLANE_ANGLE_UNIT());
#29=DIMENSIONAL_EXPONENTS(0.,0.,0.,0.,0.,0.,0.);
#30=(NAMED_UNIT(*)SI_UNIT($,.STERADIAN.)SOLID_ANGLE_UNIT());
#31=(LENGTH_UNIT()NAMED_UNIT(*)SI_UNIT(.MILLI.,.METRE.));
#32=UNCERTAINTY_MEASURE_WITH_UNIT(LENGTH_MEASURE(1.000000E-05),#31,'DISTANCE_ACCURACY_VALUE','Maximum Tolerance applied to model');
#33=(GEOMETRIC_REPRESENTATION_CONTEXT(3)GLOBAL_UNCERTAINTY_ASSIGNED_CONTEXT((#32))GLOBAL_UNIT_ASSIGNED_CONTEXT((#31,#28,#30))REPRESENTATION_CONTEXT('','Right'));
#45=CARTESIAN_POINT('',(0.,0.,0.));
#46=DIRECTION('',(0.,0.,1.));
#47=DIRECTION('',(1.,0.,-0.));
#48=AXIS2_PLACEMENT_3D('',#45,#46,#47);
#49=ITEM_DEFINED_TRANSFORMATION('','',#48,#15);
#50=(REPRESENTATION_RELATIONSHIP('','',#35,#16)REPRESENTATION_RELATIONSHIP_WITH_TRANSFORMATION(#49)SHAPE_REPRESENTATION_RELATIONSHIP());
#51=NEXT_ASSEMBLY_USAGE_OCCURRENCE('Right_1','Right','Right',#25,#44,$);
#52=PRODUCT_DEFINITION_SHAPE('','',#51);
#53=CONTEXT_DEPENDENT_SHAPE_REPRESENTATION(#50,#52);
#55=CARTESIAN_POINT('',(241.404485802,-168.255512196,-7.62));
#56=DIRECTION('',(-0.001278931,0.999999182,0.));
#57=DIRECTION('',(-0.999999182,-0.001278931,0.));
#58=AXIS2_PLACEMENT_3D('',#55,#56,#57);
#59=PLANE('',#58);
#60=CARTESIAN_POINT('',(253.918388778,-168.239507766,-7.32));
#61=VERTEX_POINT('',#60);
#62=CARTESIAN_POINT('',(228.905136033,-168.271498014,-7.32));
#63=VERTEX_POINT('',#62);
#64=CARTESIAN_POINT('',(253.918388778,-168.239507766,-7.32));
#65=DIRECTION('',(-0.999999182,-0.001278931,0.));
#66=VECTOR('',#65,25.013273202);
#67=LINE('',#64,#66);
#68=EDGE_CURVE('',#61,#63,#67,.T.);
#69=ORIENTED_EDGE('',*,*,#68,.T.);
#70=CARTESIAN_POINT('',(228.905136033,-168.271498014,-6.82));
#71=VERTEX_POINT('',#70);
#72=CARTESIAN_POINT('',(228.905136033,-168.271498014,-7.32));
#73=DIRECTION('',(0.,0.,1.));
#74=VECTOR('',#73,0.5);
#75=LINE('',#72,#74);
#76=EDGE_CURVE('',#63,#71,#75,.T.);
#77=ORIENTED_EDGE('',*,*,#76,.T.);
#78=CARTESIAN_POINT('',(253.918388778,-168.239507766,-6.82));
#79=VERTEX_POINT('',#78);
#80=CARTESIAN_POINT('',(253.918388778,-168.239507766,-6.82));
#81=DIRECTION('',(-0.999999182,-0.001278931,0.));
#82=VECTOR('',#81,25.013273202);
#83=LINE('',#80,#82);
#84=EDGE_CURVE('',#79,#71,#83,.T.);
#85=ORIENTED_EDGE('',*,*,#84,.F.);
#86=CARTESIAN_POINT('',(253.918388778,-168.239507766,-6.82));
#87=DIRECTION('',(0.,0.,-1.));
#88=VECTOR('',#87,0.5);
#89=LINE('',#86,#88);
#90=EDGE_CURVE('',#79,#61,#89,.T.);
#91=ORIENTED_EDGE('',*,*,#90,.T.);
#92=EDGE_LOOP('',(#69,#77,#85,#91));
#93=FACE_BOUND('',#92,.T.);
#94=ADVANCED_FACE('',(#93),#59,.T.);
#95=CARTESIAN_POINT('',(254.448311802,-145.697218094,-7.62));
#96=DIRECTION('',(-0.999999039,0.001386516,0.));
#97=DIRECTION('',(-0.001386516,-0.999999039,0.));
#98=AXIS2_PLACEMENT_3D('',#95,#96,#97);
#99=PLANE('',#98);
#100=CARTESIAN_POINT('',(254.478918203,-123.622911352,-7.32));
#101=VERTEX_POINT('',#100);
#102=CARTESIAN_POINT('',(254.417748832,-167.740201433,-7.32));
#103=VERTEX_POINT('',#102);
#104=CARTESIAN_POINT('',(254.478918203,-123.622911352,-7.32));
#105=DIRECTION('',(-0.001386516,-0.999999039,0.));
#106=VECTOR('',#105,44.117332486);
#107=LINE('',#104,#106);
#108=EDGE_CURVE('',#101,#103,#107,.T.);
#109=ORIENTED_EDGE('',*,*,#108,.T.);
#110=CARTESIAN_POINT('',(254.417748832,-167.740201433,-6.82));
#111=VERTEX_POINT('',#110);
#112=CARTESIAN_POINT('',(254.417748832,-167.740201433,-7.32));
#113=DIRECTION('',(-0.,-0.,1.));
#114=VECTOR('',#113,0.5);
#115=LINE('',#112,#114);
#116=EDGE_CURVE('',#103,#111,#115,.T.);
#117=ORIENTED_EDGE('',*,*,#116,.T.);
#118=CARTESIAN_POINT('',(254.478918203,-123.622911352,-6.82));
#119=VERTEX_POINT('',#118);
#120=CARTESIAN_POINT('',(254.478918203,-123.622911352,-6.82));
#121=DIRECTION('',(-0.001386516,-0.999999039,0.));
#122=VECTOR('',#121,44.117332486);
#123=LINE('',#120,#122);
#124=EDGE_CURVE('',#119,#111,#123,.T.);
#125=ORIENTED_EDGE('',*,*,#124,.F.);
#126=CARTESIAN_POINT('',(254.478918203,-123.622911352,-6.82));
#127=DIRECTION('',(-0.,-0.,-1.));
#128=VECTOR('',#127,0.5);
#129=LINE('',#126,#128);
#130=EDGE_CURVE('',#119,#101,#129,.T.);
#131=ORIENTED_EDGE('',*,*,#130,.T.);
#132=EDGE_LOOP('',(#109,#117,#125,#131));
#133=FACE_BOUND('',#132,.T.);
#134=ADVANCED_FACE('',(#133),#99,.T.);
#135=CARTESIAN_POINT('',(241.404508434,-123.122218094,-7.62));
#136=DIRECTION('',(0.,1.,0.));
#137=DIRECTION('',(0.,0.,1.));
#138=AXIS2_PLACEMENT_3D('',#135,#136,#137);
#139=PLANE('',#138);
#140=CARTESIAN_POINT('',(253.978918684,-123.122218094,-7.32));
#141=VERTEX_POINT('',#140);
#142=CARTESIAN_POINT('',(228.904508301,-123.122218094,-7.32));
#143=VERTEX_POINT('',#142);
#144=CARTESIAN_POINT('',(253.978918684,-123.122218094,-7.32));
#145=DIRECTION('',(-1.,0.,0.));
#146=VECTOR('',#145,25.074410383);
#147=LINE('',#144,#146);
#148=EDGE_CURVE('',#141,#143,#147,.T.);
#149=ORIENTED_EDGE('',*,*,#148,.F.);
#150=CARTESIAN_POINT('',(253.978918684,-123.122218094,-6.82));
#151=VERTEX_POINT('',#150);
#152=CARTESIAN_POINT('',(253.978918684,-123.122218094,-7.32));
#153=DIRECTION('',(0.,0.,1.));
#154=VECTOR('',#153,0.5);
#155=LINE('',#152,#154);
#156=EDGE_CURVE('',#141,#151,#155,.T.);
#157=ORIENTED_EDGE('',*,*,#156,.T.);
#158=CARTESIAN_POINT('',(228.904508301,-123.122218094,-6.82));
#159=VERTEX_POINT('',#158);
#160=CARTESIAN_POINT('',(253.978918684,-123.122218094,-6.82));
#161=DIRECTION('',(-1.,0.,0.));
#162=VECTOR('',#161,25.074410383);
#163=LINE('',#160,#162);
#164=EDGE_CURVE('',#151,#159,#163,.T.);
#165=ORIENTED_EDGE('',*,*,#164,.T.);
#166=CARTESIAN_POINT('',(228.904508301,-123.122218094,-6.82));
#167=DIRECTION('',(-0.,-0.,-1.));
#168=VECTOR('',#167,0.5);
#169=LINE('',#166,#168);
#170=EDGE_CURVE('',#159,#143,#169,.T.);
#171=ORIENTED_EDGE('',*,*,#170,.T.);
#172=EDGE_LOOP('',(#149,#157,#165,#171));
#173=FACE_BOUND('',#172,.T.);
#174=ADVANCED_FACE('',(#173),#139,.F.);
#175=CARTESIAN_POINT('',(296.130542489,-153.068096461,-8.32));
#176=DIRECTION('',(0.,0.,-1.));
#177=DIRECTION('',(-1.,0.,0.));
#178=AXIS2_PLACEMENT_3D('',#175,#176,#177);
#179=PLANE('',#178);
#180=CARTESIAN_POINT('',(296.43,-169.8525,-8.32));
#181=VERTEX_POINT('',#180);
#182=CARTESIAN_POINT('',(297.18,-169.8525,-8.32));
#183=DIRECTION('',(0.,0.,-1.));
#184=DIRECTION('',(-1.,0.,0.));
#185=AXIS2_PLACEMENT_3D('',#182,#183,#184);
#186=CIRCLE('',#185,0.75);
#187=EDGE_CURVE('',#181,#181,#186,.T.);
#188=ORIENTED_EDGE('',*,*,#187,.F.);
#189=EDGE_LOOP('',(#188));
#190=FACE_BOUND('',#189,.T.);
#191=CARTESIAN_POINT('',(238.80449146,-174.665293049,-8.32));
#192=VERTEX_POINT('',#191);
#193=CARTESIAN_POINT('',(241.40449146,-174.665293049,-8.32));
#194=DIRECTION('',(0.,0.,-1.));
#195=DIRECTION('',(-1.,0.,0.));
#196=AXIS2_PLACEMENT_3D('',#193,#194,#195);
#197=CIRCLE('',#196,2.6);
#198=EDGE_CURVE('',#192,#192,#197,.T.);
#199=ORIENTED_EDGE('',*,*,#198,.F.);
#200=EDGE_LOOP('',(#199));
#201=FACE_BOUND('',#200,.T.);
#202=CARTESIAN_POINT('',(238.796124766,-117.645970594,-8.32));
#203=VERTEX_POINT('',#202);
#204=CARTESIAN_POINT('',(241.396124766,-117.645970594,-8.32));
#205=DIRECTION('',(0.,0.,-1.));
#206=DIRECTION('',(-1.,0.,0.));
#207=AXIS2_PLACEMENT_3D('',#204,#205,#206);
#208=CIRCLE('',#207,2.6);
#209=EDGE_CURVE('',#203,#203,#208,.T.);
#210=ORIENTED_EDGE('',*,*,#209,.F.);
#211=EDGE_LOOP('',(#210));
#212=FACE_BOUND('',#211,.T.);
#213=CARTESIAN_POINT('',(356.446737434,-114.417138298,-8.32));
#214=VERTEX_POINT('',#213);
#215=CARTESIAN_POINT('',(359.046737434,-114.417138298,-8.32));
#216=DIRECTION('',(0.,0.,-1.));
#217=DIRECTION('',(-1.,0.,0.));
#218=AXIS2_PLACEMENT_3D('',#215,#216,#217);
#219=CIRCLE('',#218,2.6);
#220=EDGE_CURVE('',#214,#214,#219,.T.);
#221=ORIENTED_EDGE('',*,*,#220,.F.);
#222=EDGE_LOOP('',(#221));
#223=FACE_BOUND('',#222,.T.);
#224=CARTESIAN_POINT('',(356.446737434,-147.567138298,-8.32));
#225=VERTEX_POINT('',#224);
#226=CARTESIAN_POINT('',(359.046737434,-147.567138298,-8.32));
#227=DIRECTION('',(0.,0.,-1.));
#228=DIRECTION('',(-1.,0.,0.));
#229=AXIS2_PLACEMENT_3D('',#226,#227,#228);
#230=CIRCLE('',#229,2.6);
#231=EDGE_CURVE('',#225,#225,#230,.T.);
#232=ORIENTED_EDGE('',*,*,#231,.F.);
#233=EDGE_LOOP('',(#232));
#234=FACE_BOUND('',#233,.T.);
#235=CARTESIAN_POINT('',(289.839496434,-100.187138298,-8.32));
#236=VERTEX_POINT('',#235);
#237=CARTESIAN_POINT('',(292.439496434,-100.187138298,-8.32));
#238=DIRECTION('',(0.,0.,-1.));
#239=DIRECTION('',(-1.,0.,0.));
#240=AXIS2_PLACEMENT_3D('',#237,#238,#239);
#241=CIRCLE('',#240,2.6);
#242=EDGE_CURVE('',#236,#236,#241,.T.);
#243=ORIENTED_EDGE('',*,*,#242,.F.);
#244=EDGE_LOOP('',(#243));
#245=FACE_BOUND('',#244,.T.);
#246=CARTESIAN_POINT('',(346.539496434,-119.987138298,-8.32));
#247=VERTEX_POINT('',#246);
#248=CARTESIAN_POINT('',(349.139496434,-119.987138298,-8.32));
#249=DIRECTION('',(0.,0.,-1.));
#250=DIRECTION('',(-1.,0.,0.));
#251=AXIS2_PLACEMENT_3D('',#248,#249,#250);
#252=CIRCLE('',#251,2.6);
#253=EDGE_CURVE('',#247,#247,#252,.T.);
#254=ORIENTED_EDGE('',*,*,#253,.F.);
#255=EDGE_LOOP('',(#254));
#256=FACE_BOUND('',#255,.T.);
#257=CARTESIAN_POINT('',(346.539496434,-139.237138298,-8.32));
#258=VERTEX_POINT('',#257);
#259=CARTESIAN_POINT('',(349.139496434,-139.237138298,-8.32));
#260=DIRECTION('',(0.,0.,-1.));
#261=DIRECTION('',(-1.,0.,0.));
#262=AXIS2_PLACEMENT_3D('',#259,#260,#261);
#263=CIRCLE('',#262,2.6);
#264=EDGE_CURVE('',#258,#258,#263,.T.);
#265=ORIENTED_EDGE('',*,*,#264,.F.);
#266=EDGE_LOOP('',(#265));
#267=FACE_BOUND('',#266,.T.);
#268=CARTESIAN_POINT('',(270.189496434,-162.087138298,-8.32));
#269=VERTEX_POINT('',#268);
#270=CARTESIAN_POINT('',(272.789496434,-162.087138298,-8.32));
#271=DIRECTION('',(0.,0.,-1.));
#272=DIRECTION('',(-1.,0.,0.));
#273=AXIS2_PLACEMENT_3D('',#270,#271,#272);
#274=CIRCLE('',#273,2.6);
#275=EDGE_CURVE('',#269,#269,#274,.T.);
#276=ORIENTED_EDGE('',*,*,#275,.F.);
#277=EDGE_LOOP('',(#276));
#278=FACE_BOUND('',#277,.T.);
#279=CARTESIAN_POINT('',(264.978472255,-184.933569462,-8.32));
#280=VERTEX_POINT('',#279);
#281=CARTESIAN_POINT('',(265.270281006,-184.873478032,-8.32));
#282=VERTEX_POINT('',#281);
#283=CARTESIAN_POINT('',(264.978472255,-184.933569462,-8.32));
#284=DIRECTION('',(0.979448319,0.20169529,0.));
#285=VECTOR('',#284,0.297931749);
#286=LINE('',#283,#285);
#287=EDGE_CURVE('',#280,#282,#286,.T.);
#288=ORIENTED_EDGE('',*,*,#287,.F.);
#289=CARTESIAN_POINT('',(264.920617894,-184.951536121,-8.32));
#290=VERTEX_POINT('',#289);
#291=CARTESIAN_POINT('',(264.920617894,-184.951536121,-8.32));
#292=DIRECTION('',(0.955008713,0.296577743,0.));
#293=VECTOR('',#292,0.06057993);
#294=LINE('',#291,#293);
#295=EDGE_CURVE('',#290,#280,#294,.T.);
#296=ORIENTED_EDGE('',*,*,#295,.F.);
#297=CARTESIAN_POINT('',(264.860539001,-184.959002573,-8.32));
#298=VERTEX_POINT('',#297);
#299=CARTESIAN_POINT('',(264.860539001,-184.959002573,-8.32));
#300=DIRECTION('',(0.992365875,0.123328707,0.));
#301=VECTOR('',#300,0.060541071);
#302=LINE('',#299,#301);
#303=EDGE_CURVE('',#298,#290,#302,.T.);
#304=ORIENTED_EDGE('',*,*,#303,.F.);
#305=CARTESIAN_POINT('',(264.506071504,-185.038902873,-8.32));
#306=VERTEX_POINT('',#305);
#307=CARTESIAN_POINT('',(264.506071504,-185.038902873,-8.32));
#308=DIRECTION('',(0.975524155,0.219892298,0.));
#309=VECTOR('',#308,0.363361066);
#310=LINE('',#307,#309);
#311=EDGE_CURVE('',#306,#298,#310,.T.);
#312=ORIENTED_EDGE('',*,*,#311,.F.);
#313=CARTESIAN_POINT('',(264.449703586,-185.057562059,-8.32));
#314=VERTEX_POINT('',#313);
#315=CARTESIAN_POINT('',(264.449703586,-185.057562059,-8.32));
#316=DIRECTION('',(0.949338685,0.314254772,0.));
#317=VECTOR('',#316,0.059375984);
#318=LINE('',#315,#317);
#319=EDGE_CURVE('',#314,#306,#318,.T.);
#320=ORIENTED_EDGE('',*,*,#319,.F.);
#321=CARTESIAN_POINT('',(264.391017956,-185.066067223,-8.32));
#322=VERTEX_POINT('',#321);
#323=CARTESIAN_POINT('',(264.391017956,-185.066067223,-8.32));
#324=DIRECTION('',(0.989660599,0.143429072,0.));
#325=VECTOR('',#324,0.059298743);
#326=LINE('',#323,#325);
#327=EDGE_CURVE('',#322,#314,#326,.T.);
#328=ORIENTED_EDGE('',*,*,#327,.F.);
#329=CARTESIAN_POINT('',(264.018758495,-185.15795648,-8.32));
#330=VERTEX_POINT('',#329);
#331=CARTESIAN_POINT('',(264.018758495,-185.15795648,-8.32));
#332=DIRECTION('',(0.970859623,0.239648896,0.));
#333=VECTOR('',#332,0.383432839);
#334=LINE('',#331,#333);
#335=EDGE_CURVE('',#330,#322,#334,.T.);
#336=ORIENTED_EDGE('',*,*,#335,.F.);
#337=CARTESIAN_POINT('',(263.962647756,-185.177740711,-8.32));
#338=VERTEX_POINT('',#337);
#339=CARTESIAN_POINT('',(263.962647756,-185.177740711,-8.32));
#340=DIRECTION('',(0.943093464,0.33252777,0.));
#341=VECTOR('',#340,0.059496477);
#342=LINE('',#339,#341);
#343=EDGE_CURVE('',#338,#330,#342,.T.);
#344=ORIENTED_EDGE('',*,*,#343,.F.);
#345=CARTESIAN_POINT('',(263.903990548,-185.187447773,-8.32));
#346=VERTEX_POINT('',#345);
#347=CARTESIAN_POINT('',(263.903990548,-185.187447773,-8.32));
#348=DIRECTION('',(0.986581849,0.163267435,0.));
#349=VECTOR('',#348,0.059454984);
#350=LINE('',#347,#349);
#351=EDGE_CURVE('',#346,#338,#350,.T.);
#352=ORIENTED_EDGE('',*,*,#351,.F.);
#353=CARTESIAN_POINT('',(263.484939223,-185.299389628,-8.32));
#354=VERTEX_POINT('',#353);
#355=CARTESIAN_POINT('',(263.484939223,-185.299389628,-8.32));
#356=DIRECTION('',(0.966123017,0.258081995,0.));
#357=VECTOR('',#356,0.433745308);
#358=LINE('',#355,#357);
#359=EDGE_CURVE('',#354,#346,#358,.T.);
#360=ORIENTED_EDGE('',*,*,#359,.F.);
#361=CARTESIAN_POINT('',(263.428320147,-185.320576702,-8.32));
#362=VERTEX_POINT('',#361);
#363=CARTESIAN_POINT('',(263.428320147,-185.320576702,-8.32));
#364=DIRECTION('',(0.936574104,0.350469609,0.));
#365=VECTOR('',#364,0.060453386);
#366=LINE('',#363,#365);
#367=EDGE_CURVE('',#362,#354,#366,.T.);
#368=ORIENTED_EDGE('',*,*,#367,.F.);
#369=CARTESIAN_POINT('',(263.368979663,-185.331479622,-8.32));
#370=VERTEX_POINT('',#369);
#371=CARTESIAN_POINT('',(263.368979663,-185.331479622,-8.32));
#372=DIRECTION('',(0.983536422,0.180710005,0.));
#373=VECTOR('',#372,0.060333794);
#374=LINE('',#371,#373);
#375=EDGE_CURVE('',#370,#362,#374,.T.);
#376=ORIENTED_EDGE('',*,*,#375,.F.);
#377=CARTESIAN_POINT('',(262.932656864,-185.456431151,-8.32));
#378=VERTEX_POINT('',#377);
#379=CARTESIAN_POINT('',(262.932656864,-185.456431151,-8.32));
#380=DIRECTION('',(0.961356225,0.275307479,0.));
#381=VECTOR('',#380,0.45386173);
#382=LINE('',#379,#381);
#383=EDGE_CURVE('',#378,#370,#382,.T.);
#384=ORIENTED_EDGE('',*,*,#383,.F.);
#385=CARTESIAN_POINT('',(262.875366624,-185.47907628,-8.32));
#386=VERTEX_POINT('',#385);
#387=CARTESIAN_POINT('',(262.875366624,-185.47907628,-8.32));
#388=DIRECTION('',(0.9299857,0.367595699,0.));
#389=VECTOR('',#388,0.061603356);
#390=LINE('',#387,#389);
#391=EDGE_CURVE('',#386,#378,#390,.T.);
#392=ORIENTED_EDGE('',*,*,#391,.F.);
#393=CARTESIAN_POINT('',(262.815115417,-185.491165519,-8.32));
#394=VERTEX_POINT('',#393);
#395=CARTESIAN_POINT('',(262.815115417,-185.491165519,-8.32));
#396=DIRECTION('',(0.980458447,0.19672629,0.));
#397=VECTOR('',#396,0.061452076);
#398=LINE('',#395,#397);
#399=EDGE_CURVE('',#394,#386,#398,.T.);
#400=ORIENTED_EDGE('',*,*,#399,.F.);
#401=CARTESIAN_POINT('',(262.33006133,-185.638940552,-8.32));
#402=VERTEX_POINT('',#401);
#403=CARTESIAN_POINT('',(262.33006133,-185.638940552,-8.32));
#404=DIRECTION('',(0.956591511,0.291432122,0.));
#405=VECTOR('',#404,0.507065013);
#406=LINE('',#403,#405);
#407=EDGE_CURVE('',#402,#394,#406,.T.);
#408=ORIENTED_EDGE('',*,*,#407,.F.);
#409=CARTESIAN_POINT('',(262.272703997,-185.662717773,-8.32));
#410=VERTEX_POINT('',#409);
#411=CARTESIAN_POINT('',(262.272703997,-185.662717773,-8.32));
#412=DIRECTION('',(0.923771099,0.38294511,0.));
#413=VECTOR('',#412,0.062090417);
#414=LINE('',#411,#413);
#415=EDGE_CURVE('',#410,#402,#414,.T.);
#416=ORIENTED_EDGE('',*,*,#415,.F.);
#417=CARTESIAN_POINT('',(262.212155177,-185.675885068,-8.32));
#418=VERTEX_POINT('',#417);
#419=CARTESIAN_POINT('',(262.212155177,-185.675885068,-8.32));
#420=DIRECTION('',(0.97716126,0.21249911,0.));
#421=VECTOR('',#420,0.061964);
#422=LINE('',#419,#421);
#423=EDGE_CURVE('',#418,#410,#422,.T.);
#424=ORIENTED_EDGE('',*,*,#423,.F.);
#425=CARTESIAN_POINT('',(261.709099755,-185.837894208,-8.32));
#426=VERTEX_POINT('',#425);
#427=CARTESIAN_POINT('',(261.709099755,-185.837894208,-8.32));
#428=DIRECTION('',(0.951856008,0.306545494,0.));
#429=VECTOR('',#428,0.528499498);
#430=LINE('',#427,#429);
#431=EDGE_CURVE('',#426,#418,#430,.T.);
#432=ORIENTED_EDGE('',*,*,#431,.F.);
#433=CARTESIAN_POINT('',(261.651258702,-185.862988672,-8.32));
#434=VERTEX_POINT('',#433);
#435=CARTESIAN_POINT('',(261.651258702,-185.862988672,-8.32));
#436=DIRECTION('',(0.917381901,0.398008101,0.));
#437=VECTOR('',#436,0.063050135);
#438=LINE('',#435,#437);
#439=EDGE_CURVE('',#434,#426,#438,.T.);
#440=ORIENTED_EDGE('',*,*,#439,.F.);
#441=CARTESIAN_POINT('',(261.589894035,-185.877269904,-8.32));
#442=VERTEX_POINT('',#441);
#443=CARTESIAN_POINT('',(261.589894035,-185.877269904,-8.32));
#444=DIRECTION('',(0.973971671,0.226669771,0.));
#445=VECTOR('',#444,0.06300457);
#446=LINE('',#443,#445);
#447=EDGE_CURVE('',#442,#434,#446,.T.);
#448=ORIENTED_EDGE('',*,*,#447,.F.);
#449=CARTESIAN_POINT('',(261.035231837,-186.065092981,-8.32));
#450=VERTEX_POINT('',#449);
#451=CARTESIAN_POINT('',(261.035231837,-186.065092981,-8.32));
#452=DIRECTION('',(0.947168637,0.320735987,0.));
#453=VECTOR('',#452,0.585600259);
#454=LINE('',#451,#453);
#455=EDGE_CURVE('',#450,#442,#454,.T.);
#456=ORIENTED_EDGE('',*,*,#455,.F.);
#457=CARTESIAN_POINT('',(260.977780757,-186.09098143,-8.32));
#458=VERTEX_POINT('',#457);
#459=CARTESIAN_POINT('',(260.977780757,-186.09098143,-8.32));
#460=DIRECTION('',(0.91171078,0.410832635,0.));
#461=VECTOR('',#460,0.063014589);
#462=LINE('',#459,#461);
#463=EDGE_CURVE('',#458,#450,#462,.T.);
#464=ORIENTED_EDGE('',*,*,#463,.F.);
#465=CARTESIAN_POINT('',(260.91675257,-186.106149601,-8.32));
#466=VERTEX_POINT('',#465);
#467=CARTESIAN_POINT('',(260.91675257,-186.106149601,-8.32));
#468=DIRECTION('',(0.970474132,0.241205221,0.));
#469=VECTOR('',#468,0.062884918);
#470=LINE('',#467,#469);
#471=EDGE_CURVE('',#466,#458,#470,.T.);
#472=ORIENTED_EDGE('',*,*,#471,.F.);
#473=CARTESIAN_POINT('',(260.343558819,-186.309320641,-8.32));
#474=VERTEX_POINT('',#473);
#475=CARTESIAN_POINT('',(260.343558819,-186.309320641,-8.32));
#476=DIRECTION('',(0.942541853,0.334088095,0.));
#477=VECTOR('',#476,0.608136127);
#478=LINE('',#475,#477);
#479=EDGE_CURVE('',#474,#466,#478,.T.);
#480=ORIENTED_EDGE('',*,*,#479,.F.);
#481=CARTESIAN_POINT('',(260.285744024,-186.336401644,-8.32));
#482=VERTEX_POINT('',#481);
#483=CARTESIAN_POINT('',(260.285744024,-186.336401644,-8.32));
#484=DIRECTION('',(0.905577372,0.424181122,0.));
#485=VECTOR('',#484,0.06384302);
#486=LINE('',#483,#485);
#487=EDGE_CURVE('',#482,#474,#486,.T.);
#488=ORIENTED_EDGE('',*,*,#487,.F.);
#489=CARTESIAN_POINT('',(260.223987117,-186.352606453,-8.32));
#490=VERTEX_POINT('',#489);
#491=CARTESIAN_POINT('',(260.223987117,-186.352606453,-8.32));
#492=DIRECTION('',(0.9672555,0.253804646,0.));
#493=VECTOR('',#492,0.063847564);
#494=LINE('',#491,#493);
#495=EDGE_CURVE('',#490,#482,#494,.T.);
#496=ORIENTED_EDGE('',*,*,#495,.F.);
#497=CARTESIAN_POINT('',(259.597585791,-186.584116445,-8.32));
#498=VERTEX_POINT('',#497);
#499=CARTESIAN_POINT('',(259.597585791,-186.584116445,-8.32));
#500=DIRECTION('',(0.937987755,0.346668388,0.));
#501=VECTOR('',#500,0.667813969);
#502=LINE('',#499,#501);
#503=EDGE_CURVE('',#498,#490,#502,.T.);
#504=ORIENTED_EDGE('',*,*,#503,.F.);
#505=CARTESIAN_POINT('',(259.540104877,-186.611925498,-8.32));
#506=VERTEX_POINT('',#505);
#507=CARTESIAN_POINT('',(259.540104877,-186.611925498,-8.32));
#508=DIRECTION('',(0.900185604,0.435506461,0.));
#509=VECTOR('',#508,0.063854515);
#510=LINE('',#507,#509);
#511=EDGE_CURVE('',#506,#498,#510,.T.);
#512=ORIENTED_EDGE('',*,*,#511,.F.);
#513=CARTESIAN_POINT('',(259.478706129,-186.628913823,-8.32));
#514=VERTEX_POINT('',#513);
#515=CARTESIAN_POINT('',(259.478706129,-186.628913823,-8.32));
#516=DIRECTION('',(0.963788159,0.266669055,0.));
#517=VECTOR('',#516,0.063705646);
#518=LINE('',#515,#517);
#519=EDGE_CURVE('',#514,#506,#518,.T.);
#520=ORIENTED_EDGE('',*,*,#519,.F.);
#521=CARTESIAN_POINT('',(258.833928726,-186.876563635,-8.32));
#522=VERTEX_POINT('',#521);
#523=CARTESIAN_POINT('',(258.833928726,-186.876563635,-8.32));
#524=DIRECTION('',(0.933511163,0.358548335,0.));
#525=VECTOR('',#524,0.690701332);
#526=LINE('',#523,#525);
#527=EDGE_CURVE('',#522,#514,#526,.T.);
#528=ORIENTED_EDGE('',*,*,#527,.F.);
#529=CARTESIAN_POINT('',(258.776146196,-186.9054549,-8.32));
#530=VERTEX_POINT('',#529);
#531=CARTESIAN_POINT('',(258.776146196,-186.9054549,-8.32));
#532=DIRECTION('',(0.894427191,0.447213596,0.));
#533=VECTOR('',#532,0.064602832);
#534=LINE('',#531,#533);
#535=EDGE_CURVE('',#530,#522,#534,.T.);
#536=ORIENTED_EDGE('',*,*,#535,.F.);
#537=CARTESIAN_POINT('',(258.714255668,-186.923359449,-8.32));
#538=VERTEX_POINT('',#537);
#539=CARTESIAN_POINT('',(258.714255668,-186.923359449,-8.32));
#540=DIRECTION('',(0.960610392,0.277898678,0.));
#541=VECTOR('',#540,0.064428335);
#542=LINE('',#539,#541);
#543=EDGE_CURVE('',#538,#530,#542,.T.);
#544=ORIENTED_EDGE('',*,*,#543,.F.);
#545=CARTESIAN_POINT('',(258.016318981,-187.201137688,-8.32));
#546=VERTEX_POINT('',#545);
#547=CARTESIAN_POINT('',(258.016318981,-187.201137688,-8.32));
#548=DIRECTION('',(0.929116336,0.369787553,0.));
#549=VECTOR('',#548,0.751183312);
#550=LINE('',#547,#549);
#551=EDGE_CURVE('',#546,#538,#550,.T.);
#552=ORIENTED_EDGE('',*,*,#551,.F.);
#553=CARTESIAN_POINT('',(257.958468067,-187.230957746,-8.32));
#554=VERTEX_POINT('',#553);
#555=CARTESIAN_POINT('',(257.958468067,-187.230957746,-8.32));
#556=DIRECTION('',(0.888861482,0.458176021,0.));
#557=VECTOR('',#556,0.065084285);
#558=LINE('',#555,#557);
#559=EDGE_CURVE('',#554,#546,#558,.T.);
#560=ORIENTED_EDGE('',*,*,#559,.F.);
#561=CARTESIAN_POINT('',(257.896232495,-187.249734415,-8.32));
#562=VERTEX_POINT('',#561);
#563=CARTESIAN_POINT('',(257.896232495,-187.249734415,-8.32));
#564=DIRECTION('',(0.957376337,0.288843469,0.));
#565=VECTOR('',#564,0.065006382);
#566=LINE('',#563,#565);
#567=EDGE_CURVE('',#562,#554,#566,.T.);
#568=ORIENTED_EDGE('',*,*,#567,.F.);
#569=CARTESIAN_POINT('',(257.179998057,-187.54437582,-8.32));
#570=VERTEX_POINT('',#569);
#571=CARTESIAN_POINT('',(257.179998057,-187.54437582,-8.32));
#572=DIRECTION('',(0.924804724,0.380442141,0.));
#573=VECTOR('',#572,0.774470998);
#574=LINE('',#571,#573);
#575=EDGE_CURVE('',#570,#562,#574,.T.);
#576=ORIENTED_EDGE('',*,*,#575,.F.);
#577=CARTESIAN_POINT('',(257.122750622,-187.574646381,-8.32));
#578=VERTEX_POINT('',#577);
#579=CARTESIAN_POINT('',(257.122750622,-187.574646381,-8.32));
#580=DIRECTION('',(0.884023457,0.46744254,0.));
#581=VECTOR('',#580,0.064757823);
#582=LINE('',#579,#581);
#583=EDGE_CURVE('',#578,#570,#582,.T.);
#584=ORIENTED_EDGE('',*,*,#583,.F.);
#585=CARTESIAN_POINT('',(257.061134412,-187.594038285,-8.32));
#586=VERTEX_POINT('',#585);
#587=CARTESIAN_POINT('',(257.061134412,-187.594038285,-8.32));
#588=DIRECTION('',(0.95387493,0.300204293,0.));
#589=VECTOR('',#588,0.064595691);
#590=LINE('',#587,#589);
#591=EDGE_CURVE('',#586,#578,#590,.T.);
#592=ORIENTED_EDGE('',*,*,#591,.F.);
#593=CARTESIAN_POINT('',(256.290547507,-187.920967725,-8.32));
#594=VERTEX_POINT('',#593);
#595=CARTESIAN_POINT('',(256.290547507,-187.920967725,-8.32));
#596=DIRECTION('',(0.920575862,0.390563801,0.));
#597=VECTOR('',#596,0.837070509);
#598=LINE('',#595,#597);
#599=EDGE_CURVE('',#594,#586,#598,.T.);
#600=ORIENTED_EDGE('',*,*,#599,.F.);
#601=CARTESIAN_POINT('',(256.233813957,-187.95170521,-8.32));
#602=VERTEX_POINT('',#601);
#603=CARTESIAN_POINT('',(256.233813957,-187.95170521,-8.32));
#604=DIRECTION('',(0.879247748,0.476364774,0.));
#605=VECTOR('',#604,0.064525102);
#606=LINE('',#603,#605);
#607=EDGE_CURVE('',#602,#594,#606,.T.);
#608=ORIENTED_EDGE('',*,*,#607,.F.);
#609=CARTESIAN_POINT('',(256.172707561,-187.971694803,-8.32));
#610=VERTEX_POINT('',#609);
#611=CARTESIAN_POINT('',(256.172707561,-187.971694803,-8.32));
#612=DIRECTION('',(0.950437879,0.310914519,0.));
#613=VECTOR('',#612,0.064292888);
#614=LINE('',#611,#613);
#615=EDGE_CURVE('',#610,#602,#614,.T.);
#616=ORIENTED_EDGE('',*,*,#615,.F.);
#617=CARTESIAN_POINT('',(255.385398093,-188.315511094,-8.32));
#618=VERTEX_POINT('',#617);
#619=CARTESIAN_POINT('',(255.385398093,-188.315511094,-8.32));
#620=DIRECTION('',(0.916427096,0.400201672,0.));
#621=VECTOR('',#620,0.859107583);
#622=LINE('',#619,#621);
#623=EDGE_CURVE('',#618,#610,#622,.T.);
#624=ORIENTED_EDGE('',*,*,#623,.F.);
#625=CARTESIAN_POINT('',(255.32852833,-188.347143819,-8.32));
#626=VERTEX_POINT('',#625);
#627=CARTESIAN_POINT('',(255.32852833,-188.347143819,-8.32));
#628=DIRECTION('',(0.87390657,0.486093928,0.));
#629=VECTOR('',#628,0.065075336);
#630=LINE('',#627,#629);
#631=EDGE_CURVE('',#626,#618,#630,.T.);
#632=ORIENTED_EDGE('',*,*,#631,.F.);
#633=CARTESIAN_POINT('',(255.266883424,-188.367976724,-8.32));
#634=VERTEX_POINT('',#633);
#635=CARTESIAN_POINT('',(255.266883424,-188.367976724,-8.32));
#636=DIRECTION('',(0.947362994,0.320161455,0.));
#637=VECTOR('',#636,0.065069996);
#638=LINE('',#635,#637);
#639=EDGE_CURVE('',#634,#626,#638,.T.);
#640=ORIENTED_EDGE('',*,*,#639,.F.);
#641=CARTESIAN_POINT('',(254.428418124,-188.744214634,-8.32));
#642=VERTEX_POINT('',#641);
#643=CARTESIAN_POINT('',(254.428418124,-188.744214634,-8.32));
#644=DIRECTION('',(0.912357294,0.409394881,0.));
#645=VECTOR('',#644,0.919009806);
#646=LINE('',#643,#645);
#647=EDGE_CURVE('',#642,#634,#646,.T.);
#648=ORIENTED_EDGE('',*,*,#647,.F.);
#649=CARTESIAN_POINT('',(254.371745077,-188.776471935,-8.32));
#650=VERTEX_POINT('',#649);
#651=CARTESIAN_POINT('',(254.371745077,-188.776471935,-8.32));
#652=DIRECTION('',(0.869082807,0.494666629,0.));
#653=VECTOR('',#652,0.065210181);
#654=LINE('',#651,#653);
#655=EDGE_CURVE('',#650,#642,#654,.T.);
#656=ORIENTED_EDGE('',*,*,#655,.F.);
#657=CARTESIAN_POINT('',(254.310204463,-188.797947985,-8.32));
#658=VERTEX_POINT('',#657);
#659=CARTESIAN_POINT('',(254.310204463,-188.797947985,-8.32));
#660=DIRECTION('',(0.944160124,0.329486964,0.));
#661=VECTOR('',#660,0.065180272);
#662=LINE('',#659,#661);
#663=EDGE_CURVE('',#658,#650,#662,.T.);
#664=ORIENTED_EDGE('',*,*,#663,.F.);
#665=CARTESIAN_POINT('',(253.457565508,-189.190487754,-8.32));
#666=VERTEX_POINT('',#665);
#667=CARTESIAN_POINT('',(253.457565508,-189.190487754,-8.32));
#668=DIRECTION('',(0.90835861,0.418192105,0.));
#669=VECTOR('',#668,0.938658968);
#670=LINE('',#667,#669);
#671=EDGE_CURVE('',#666,#658,#670,.T.);
#672=ORIENTED_EDGE('',*,*,#671,.F.);
#673=CARTESIAN_POINT('',(253.399948808,-189.224145034,-8.32));
#674=VERTEX_POINT('',#673);
#675=CARTESIAN_POINT('',(253.399948808,-189.224145034,-8.32));
#676=DIRECTION('',(0.863468663,0.504402486,0.));
#677=VECTOR('',#676,0.066727031);
#678=LINE('',#675,#677);
#679=EDGE_CURVE('',#674,#666,#678,.T.);
#680=ORIENTED_EDGE('',*,*,#679,.F.);
#681=CARTESIAN_POINT('',(253.337195774,-189.246583998,-8.32));
#682=VERTEX_POINT('',#681);
#683=CARTESIAN_POINT('',(253.337195774,-189.246583998,-8.32));
#684=DIRECTION('',(0.94161273,0.336697885,0.));
#685=VECTOR('',#684,0.066644207);
#686=LINE('',#683,#685);
#687=EDGE_CURVE('',#682,#674,#686,.T.);
#688=ORIENTED_EDGE('',*,*,#687,.F.);
#689=CARTESIAN_POINT('',(252.437632138,-189.670908953,-8.32));
#690=VERTEX_POINT('',#689);
#691=CARTESIAN_POINT('',(252.437632138,-189.670908953,-8.32));
#692=DIRECTION('',(0.904430628,0.42662072,0.));
#693=VECTOR('',#692,0.994618722);
#694=LINE('',#691,#693);
#695=EDGE_CURVE('',#690,#682,#694,.T.);
#696=ORIENTED_EDGE('',*,*,#695,.F.);
#697=CARTESIAN_POINT('',(252.380411037,-189.705006458,-8.32));
#698=VERTEX_POINT('',#697);
#699=CARTESIAN_POINT('',(252.380411037,-189.705006458,-8.32));
#700=DIRECTION('',(0.859046494,0.511897568,0.));
#701=VECTOR('',#700,0.066610016);
#702=LINE('',#699,#701);
#703=EDGE_CURVE('',#698,#690,#702,.T.);
#704=ORIENTED_EDGE('',*,*,#703,.F.);
#705=CARTESIAN_POINT('',(252.318086897,-189.72795757,-8.32));
#706=VERTEX_POINT('',#705);
#707=CARTESIAN_POINT('',(252.318086897,-189.72795757,-8.32));
#708=DIRECTION('',(0.938393968,0.345567303,0.));
#709=VECTOR('',#708,0.066415751);
#710=LINE('',#707,#709);
#711=EDGE_CURVE('',#706,#698,#710,.T.);
#712=ORIENTED_EDGE('',*,*,#711,.F.);
#713=CARTESIAN_POINT('',(251.404268137,-190.169083952,-8.32));
#714=VERTEX_POINT('',#713);
#715=CARTESIAN_POINT('',(251.404268137,-190.169083952,-8.32));
#716=DIRECTION('',(0.900562248,0.434727085,0.));
#717=VECTOR('',#716,1.014720262);
#718=LINE('',#715,#717);
#719=EDGE_CURVE('',#714,#706,#718,.T.);
#720=ORIENTED_EDGE('',*,*,#719,.F.);
#721=CARTESIAN_POINT('',(251.347918815,-190.203253221,-8.32));
#722=VERTEX_POINT('',#721);
#723=CARTESIAN_POINT('',(251.347918815,-190.203253221,-8.32));
#724=DIRECTION('',(0.855075624,0.518503304,0.));
#725=VECTOR('',#724,0.065899811);
#726=LINE('',#723,#725);
#727=EDGE_CURVE('',#722,#714,#726,.T.);
#728=ORIENTED_EDGE('',*,*,#727,.F.);
#729=CARTESIAN_POINT('',(251.286532864,-190.22655152,-8.32));
#730=VERTEX_POINT('',#729);
#731=CARTESIAN_POINT('',(251.286532864,-190.22655152,-8.32));
#732=DIRECTION('',(0.934926944,0.354840259,0.));
#733=VECTOR('',#732,0.065658554);
#734=LINE('',#731,#733);
#735=EDGE_CURVE('',#730,#722,#734,.T.);
#736=ORIENTED_EDGE('',*,*,#735,.F.);
#737=CARTESIAN_POINT('',(250.330898819,-190.698141356,-8.32));
#738=VERTEX_POINT('',#737);
#739=CARTESIAN_POINT('',(250.330898819,-190.698141356,-8.32));
#740=DIRECTION('',(0.896752373,0.44253269,0.));
#741=VECTOR('',#740,1.065661017);
#742=LINE('',#739,#741);
#743=EDGE_CURVE('',#738,#730,#742,.T.);
#744=ORIENTED_EDGE('',*,*,#743,.F.);
#745=CARTESIAN_POINT('',(250.273629131,-190.7336954,-8.32));
#746=VERTEX_POINT('',#745);
#747=CARTESIAN_POINT('',(250.273629131,-190.7336954,-8.32));
#748=DIRECTION('',(0.849591364,0.527441479,0.));
#749=VECTOR('',#748,0.06740851);
#750=LINE('',#747,#749);
#751=EDGE_CURVE('',#746,#738,#750,.T.);
#752=ORIENTED_EDGE('',*,*,#751,.F.);
#753=CARTESIAN_POINT('',(250.210949434,-190.757965316,-8.32));
#754=VERTEX_POINT('',#753);
#755=CARTESIAN_POINT('',(250.210949434,-190.757965316,-8.32));
#756=DIRECTION('',(0.932533996,0.361082187,0.));
#757=VECTOR('',#756,0.067214382);
#758=LINE('',#755,#757);
#759=EDGE_CURVE('',#754,#746,#758,.T.);
#760=ORIENTED_EDGE('',*,*,#759,.F.);
#761=CARTESIAN_POINT('',(249.246544249,-191.244039553,-8.32));
#762=VERTEX_POINT('',#761);
#763=CARTESIAN_POINT('',(249.246544249,-191.244039553,-8.32));
#764=DIRECTION('',(0.892988617,0.450079248,0.));
#765=VECTOR('',#764,1.07997478);
#766=LINE('',#763,#765);
#767=EDGE_CURVE('',#762,#754,#766,.T.);
#768=ORIENTED_EDGE('',*,*,#767,.F.);
#769=CARTESIAN_POINT('',(249.20981603,-191.267315311,-8.32));
#770=VERTEX_POINT('',#769);
#771=CARTESIAN_POINT('',(249.20981603,-191.267315311,-8.32));
#772=DIRECTION('',(0.844667756,0.535290933,0.));
#773=VECTOR('',#772,0.043482444);
#774=LINE('',#771,#773);
#775=EDGE_CURVE('',#770,#762,#774,.T.);
#776=ORIENTED_EDGE('',*,*,#775,.F.);
#777=CARTESIAN_POINT('',(249.169989854,-191.284683118,-8.32));
#778=VERTEX_POINT('',#777);
#779=CARTESIAN_POINT('',(249.169989854,-191.284683118,-8.32));
#780=DIRECTION('',(0.916631222,0.399733916,0.));
#781=VECTOR('',#780,0.043448418);
#782=LINE('',#779,#781);
#783=EDGE_CURVE('',#778,#770,#782,.T.);
#784=ORIENTED_EDGE('',*,*,#783,.F.);
#785=CARTESIAN_POINT('',(242.32540008,-195.106735928,-8.32));
#786=VERTEX_POINT('',#785);
#787=CARTESIAN_POINT('',(242.32540008,-195.106735928,-8.32));
#788=DIRECTION('',(0.873099066,0.48754284,0.));
#789=VECTOR('',#788,7.839419421);
#790=LINE('',#787,#789);
#791=EDGE_CURVE('',#786,#778,#790,.T.);
#792=ORIENTED_EDGE('',*,*,#791,.F.);
#793=CARTESIAN_POINT('',(236.025404341,-193.310899747,-8.32));
#794=VERTEX_POINT('',#793);
#795=CARTESIAN_POINT('',(240.070517547,-191.068652345,-8.32));
#796=DIRECTION('',(0.,0.,-1.));
#797=DIRECTION('',(-1.,0.,0.));
#798=AXIS2_PLACEMENT_3D('',#795,#796,#797);
#799=CIRCLE('',#798,4.62499884);
#800=EDGE_CURVE('',#786,#794,#799,.T.);
#801=ORIENTED_EDGE('',*,*,#800,.T.);
#802=CARTESIAN_POINT('',(227.486793827,-177.906839718,-8.32));
#803=VERTEX_POINT('',#802);
#804=CARTESIAN_POINT('',(227.486793827,-177.906839718,-8.32));
#805=DIRECTION('',(0.484809647,-0.874619692,0.));
#806=VECTOR('',#805,17.612294992);
#807=LINE('',#804,#806);
#808=EDGE_CURVE('',#803,#794,#807,.T.);
#809=ORIENTED_EDGE('',*,*,#808,.F.);
#810=CARTESIAN_POINT('',(226.904496434,-175.73837148,-8.32));
#811=VERTEX_POINT('',#810);
#812=CARTESIAN_POINT('',(231.652525075,-175.625802471,-8.32));
#813=DIRECTION('',(0.,0.,-1.));
#814=DIRECTION('',(-1.,0.,0.));
#815=AXIS2_PLACEMENT_3D('',#812,#813,#814);
#816=CIRCLE('',#815,4.749362879);
#817=EDGE_CURVE('',#803,#811,#816,.T.);
#818=ORIENTED_EDGE('',*,*,#817,.T.);
#819=CARTESIAN_POINT('',(226.904496434,-168.272137899,-8.32));
#820=VERTEX_POINT('',#819);
#821=CARTESIAN_POINT('',(226.904496434,-168.272137899,-8.32));
#822=DIRECTION('',(0.,-1.,0.));
#823=VECTOR('',#822,7.466233581);
#824=LINE('',#821,#823);
#825=EDGE_CURVE('',#820,#811,#824,.T.);
#826=ORIENTED_EDGE('',*,*,#825,.F.);
#827=CARTESIAN_POINT('',(226.904508434,-123.122138298,-8.32));
#828=VERTEX_POINT('',#827);
#829=CARTESIAN_POINT('',(226.904508434,-123.122138298,-8.32));
#830=DIRECTION('',(-0.000000266,-1.,0.));
#831=VECTOR('',#830,45.149999601);
#832=LINE('',#829,#831);
#833=EDGE_CURVE('',#828,#820,#832,.T.);
#834=ORIENTED_EDGE('',*,*,#833,.F.);
#835=CARTESIAN_POINT('',(226.904508434,-104.347243484,-8.32));
#836=VERTEX_POINT('',#835);
#837=CARTESIAN_POINT('',(226.904508434,-104.347243484,-8.32));
#838=DIRECTION('',(0.,-1.,0.));
#839=VECTOR('',#838,18.774894813);
#840=LINE('',#837,#839);
#841=EDGE_CURVE('',#836,#828,#840,.T.);
#842=ORIENTED_EDGE('',*,*,#841,.F.);
#843=CARTESIAN_POINT('',(231.534609052,-99.717147949,-8.32));
#844=VERTEX_POINT('',#843);
#845=CARTESIAN_POINT('',(231.534606512,-104.347246026,-8.32));
#846=DIRECTION('',(0.,0.,-1.));
#847=DIRECTION('',(-1.,0.,0.));
#848=AXIS2_PLACEMENT_3D('',#845,#846,#847);
#849=CIRCLE('',#848,4.630098077);
#850=EDGE_CURVE('',#836,#844,#849,.T.);
#851=ORIENTED_EDGE('',*,*,#850,.T.);
#852=CARTESIAN_POINT('',(269.206266989,-99.717147949,-8.32));
#853=VERTEX_POINT('',#852);
#854=CARTESIAN_POINT('',(269.206266989,-99.717147949,-8.32));
#855=DIRECTION('',(-1.,0.,0.));
#856=VECTOR('',#855,37.671657938);
#857=LINE('',#854,#856);
#858=EDGE_CURVE('',#853,#844,#857,.T.);
#859=ORIENTED_EDGE('',*,*,#858,.F.);
#860=CARTESIAN_POINT('',(270.693391911,-98.874013012,-8.32));
#861=VERTEX_POINT('',#860);
#862=CARTESIAN_POINT('',(269.206271771,-97.984090342,-8.32));
#863=DIRECTION('',(0.,0.,-1.));
#864=DIRECTION('',(-1.,0.,0.));
#865=AXIS2_PLACEMENT_3D('',#862,#863,#864);
#866=CIRCLE('',#865,1.733057607);
#867=EDGE_CURVE('',#861,#853,#866,.T.);
#868=ORIENTED_EDGE('',*,*,#867,.F.);
#869=CARTESIAN_POINT('',(271.704709149,-97.184043732,-8.32));
#870=VERTEX_POINT('',#869);
#871=CARTESIAN_POINT('',(271.704709149,-97.184043732,-8.32));
#872=DIRECTION('',(-0.513500685,-0.858089183,0.));
#873=VECTOR('',#872,1.969456453);
#874=LINE('',#871,#873);
#875=EDGE_CURVE('',#870,#861,#874,.T.);
#876=ORIENTED_EDGE('',*,*,#875,.F.);
#877=CARTESIAN_POINT('',(275.636923403,-94.954648949,-8.32));
#878=VERTEX_POINT('',#877);
#879=CARTESIAN_POINT('',(275.636919823,-99.537166599,-8.32));
#880=DIRECTION('',(0.,0.,-1.));
#881=DIRECTION('',(-1.,0.,0.));
#882=AXIS2_PLACEMENT_3D('',#879,#880,#881);
#883=CIRCLE('',#882,4.58251765);
#884=EDGE_CURVE('',#870,#878,#883,.T.);
#885=ORIENTED_EDGE('',*,*,#884,.T.);
#886=CARTESIAN_POINT('',(288.678928931,-94.954648949,-8.32));
#887=VERTEX_POINT('',#886);
#888=CARTESIAN_POINT('',(288.678928931,-94.954648949,-8.32));
#889=DIRECTION('',(-1.,0.,0.));
#890=VECTOR('',#889,13.042005528);
#891=LINE('',#888,#890);
#892=EDGE_CURVE('',#887,#878,#891,.T.);
#893=ORIENTED_EDGE('',*,*,#892,.F.);
#894=CARTESIAN_POINT('',(289.982712438,-94.40545357,-8.32));
#895=VERTEX_POINT('',#894);
#896=CARTESIAN_POINT('',(288.678925336,-93.132459205,-8.32));
#897=DIRECTION('',(0.,0.,-1.));
#898=DIRECTION('',(-1.,0.,0.));
#899=AXIS2_PLACEMENT_3D('',#896,#897,#898);
#900=CIRCLE('',#899,1.822189744);
#901=EDGE_CURVE('',#895,#887,#900,.T.);
#902=ORIENTED_EDGE('',*,*,#901,.F.);
#903=CARTESIAN_POINT('',(292.752470245,-91.568686273,-8.32));
#904=VERTEX_POINT('',#903);
#905=CARTESIAN_POINT('',(292.752470245,-91.568686273,-8.32));
#906=DIRECTION('',(-0.698605506,-0.715507056,0.));
#907=VECTOR('',#906,3.964695071);
#908=LINE('',#905,#907);
#909=EDGE_CURVE('',#904,#895,#908,.T.);
#910=ORIENTED_EDGE('',*,*,#909,.F.);
#911=CARTESIAN_POINT('',(296.002435098,-90.175717696,-8.32));
#912=VERTEX_POINT('',#911);
#913=CARTESIAN_POINT('',(296.060213848,-94.798288167,-8.32));
#914=DIRECTION('',(0.,0.,-1.));
#915=DIRECTION('',(-1.,0.,0.));
#916=AXIS2_PLACEMENT_3D('',#913,#914,#915);
#917=CIRCLE('',#916,4.622931552);
#918=EDGE_CURVE('',#904,#912,#917,.T.);
#919=ORIENTED_EDGE('',*,*,#918,.T.);
#920=CARTESIAN_POINT('',(307.601305286,-90.030731906,-8.32));
#921=VERTEX_POINT('',#920);
#922=CARTESIAN_POINT('',(307.601305286,-90.030731906,-8.32));
#923=DIRECTION('',(-0.999921884,-0.012499016,0.));
#924=VECTOR('',#923,11.599776313);
#925=LINE('',#922,#924);
#926=EDGE_CURVE('',#921,#912,#925,.T.);
#927=ORIENTED_EDGE('',*,*,#926,.F.);
#928=CARTESIAN_POINT('',(311.147204233,-91.536986875,-8.32));
#929=VERTEX_POINT('',#928);
#930=CARTESIAN_POINT('',(307.661127962,-94.816758622,-8.32));
#931=DIRECTION('',(0.,0.,-1.));
#932=DIRECTION('',(-1.,0.,0.));
#933=AXIS2_PLACEMENT_3D('',#930,#931,#932);
#934=CIRCLE('',#933,4.786400576);
#935=EDGE_CURVE('',#921,#929,#934,.T.);
#936=ORIENTED_EDGE('',*,*,#935,.T.);
#937=CARTESIAN_POINT('',(313.801377933,-94.358116732,-8.32));
#938=VERTEX_POINT('',#937);
#939=CARTESIAN_POINT('',(313.801377933,-94.358116732,-8.32));
#940=DIRECTION('',(-0.685226781,0.728329773,0.));
#941=VECTOR('',#940,3.873423769);
#942=LINE('',#939,#941);
#943=EDGE_CURVE('',#938,#929,#942,.T.);
#944=ORIENTED_EDGE('',*,*,#943,.F.);
#945=CARTESIAN_POINT('',(315.181643582,-94.954646871,-8.32));
#946=VERTEX_POINT('',#945);
#947=CARTESIAN_POINT('',(315.181648319,-93.059525068,-8.32));
#948=DIRECTION('',(0.,0.,-1.));
#949=DIRECTION('',(-1.,0.,0.));
#950=AXIS2_PLACEMENT_3D('',#947,#948,#949);
#951=CIRCLE('',#950,1.895121804);
#952=EDGE_CURVE('',#946,#938,#951,.T.);
#953=ORIENTED_EDGE('',*,*,#952,.F.);
#954=CARTESIAN_POINT('',(328.156565452,-94.954646871,-8.32));
#955=VERTEX_POINT('',#954);
#956=CARTESIAN_POINT('',(328.156565452,-94.954646871,-8.32));
#957=DIRECTION('',(-1.,0.,0.));
#958=VECTOR('',#957,12.97492187);
#959=LINE('',#956,#958);
#960=EDGE_CURVE('',#955,#946,#959,.T.);
#961=ORIENTED_EDGE('',*,*,#960,.F.);
#962=CARTESIAN_POINT('',(332.088771873,-97.184034194,-8.32));
#963=VERTEX_POINT('',#962);
#964=CARTESIAN_POINT('',(328.156569034,-99.537158576,-8.32));
#965=DIRECTION('',(0.,0.,-1.));
#966=DIRECTION('',(-1.,0.,0.));
#967=AXIS2_PLACEMENT_3D('',#964,#965,#966);
#968=CIRCLE('',#967,4.582511704);
#969=EDGE_CURVE('',#955,#963,#968,.T.);
#970=ORIENTED_EDGE('',*,*,#969,.T.);
#971=CARTESIAN_POINT('',(333.100844294,-98.875260976,-8.32));
#972=VERTEX_POINT('',#971);
#973=CARTESIAN_POINT('',(333.100844294,-98.875260976,-8.32));
#974=DIRECTION('',(-0.51350168,0.858088588,0.));
#975=VECTOR('',#974,1.97092329);
#976=LINE('',#973,#975);
#977=EDGE_CURVE('',#972,#963,#976,.T.);
#978=ORIENTED_EDGE('',*,*,#977,.F.);
#979=CARTESIAN_POINT('',(334.585755216,-99.717139871,-8.32));
#980=VERTEX_POINT('',#979);
#981=CARTESIAN_POINT('',(334.585750711,-97.986661083,-8.32));
#982=DIRECTION('',(0.,0.,-1.));
#983=DIRECTION('',(-1.,0.,0.));
#984=AXIS2_PLACEMENT_3D('',#981,#982,#983);
#985=CIRCLE('',#984,1.730478788);
#986=EDGE_CURVE('',#980,#972,#985,.T.);
#987=ORIENTED_EDGE('',*,*,#986,.F.);
#988=CARTESIAN_POINT('',(348.920787803,-99.717139871,-8.32));
#989=VERTEX_POINT('',#988);
#990=CARTESIAN_POINT('',(348.920787803,-99.717139871,-8.32));
#991=DIRECTION('',(-1.,0.,0.));
#992=VECTOR('',#991,14.335032588);
#993=LINE('',#990,#992);
#994=EDGE_CURVE('',#989,#980,#993,.T.);
#995=ORIENTED_EDGE('',*,*,#994,.F.);
#996=CARTESIAN_POINT('',(348.992779516,-99.709831068,-8.32));
#997=VERTEX_POINT('',#996);
#998=CARTESIAN_POINT('',(348.992779516,-99.709831068,-8.32));
#999=DIRECTION('',(-0.994886054,-0.10100366,0.));
#1000=VECTOR('',#999,0.072361767);
#1001=LINE('',#998,#1000);
#1002=EDGE_CURVE('',#997,#989,#1001,.T.);
#1003=ORIENTED_EDGE('',*,*,#1002,.F.);
#1004=CARTESIAN_POINT('',(349.064995726,-99.716760906,-8.32));
#1005=VERTEX_POINT('',#1004);
#1006=CARTESIAN_POINT('',(349.064995726,-99.716760906,-8.32));
#1007=DIRECTION('',(-0.995427433,0.095520814,0.));
#1008=VECTOR('',#1007,0.07254794);
#1009=LINE('',#1006,#1008);
#1010=EDGE_CURVE('',#1005,#997,#1009,.T.);
#1011=ORIENTED_EDGE('',*,*,#1010,.F.);
#1012=CARTESIAN_POINT('',(351.8429914,-99.702139871,-8.32));
#1013=VERTEX_POINT('',#1012);
#1014=CARTESIAN_POINT('',(351.8429914,-99.702139871,-8.32));
#1015=DIRECTION('',(-0.99998615,-0.005263087,0.));
#1016=VECTOR('',#1015,2.77803415);
#1017=LINE('',#1014,#1016);
#1018=EDGE_CURVE('',#1013,#1005,#1017,.T.);
#1019=ORIENTED_EDGE('',*,*,#1018,.F.);
#1020=CARTESIAN_POINT('',(366.646733766,-99.702139871,-8.32));
#1021=VERTEX_POINT('',#1020);
#1022=CARTESIAN_POINT('',(366.646733766,-99.702139871,-8.32));
#1023=DIRECTION('',(-1.,0.,0.));
#1024=VECTOR('',#1023,14.803742366);
#1025=LINE('',#1022,#1024);
#1026=EDGE_CURVE('',#1021,#1013,#1025,.T.);
#1027=ORIENTED_EDGE('',*,*,#1026,.F.);
#1028=CARTESIAN_POINT('',(371.271734434,-104.327139452,-8.32));
#1029=VERTEX_POINT('',#1028);
#1030=CARTESIAN_POINT('',(366.646734434,-104.327139871,-8.32));
#1031=DIRECTION('',(0.,0.,-1.));
#1032=DIRECTION('',(-1.,0.,0.));
#1033=AXIS2_PLACEMENT_3D('',#1030,#1031,#1032);
#1034=CIRCLE('',#1033,4.625);
#1035=EDGE_CURVE('',#1021,#1029,#1034,.T.);
#1036=ORIENTED_EDGE('',*,*,#1035,.T.);
#1037=CARTESIAN_POINT('',(371.271734434,-157.747142056,-8.32));
#1038=VERTEX_POINT('',#1037);
#1039=CARTESIAN_POINT('',(371.271734434,-157.747142056,-8.32));
#1040=DIRECTION('',(0.,1.,0.));
#1041=VECTOR('',#1040,53.420002604);
#1042=LINE('',#1039,#1041);
#1043=EDGE_CURVE('',#1038,#1029,#1042,.T.);
#1044=ORIENTED_EDGE('',*,*,#1043,.F.);
#1045=CARTESIAN_POINT('',(366.646735434,-162.372137297,-8.32));
#1046=VERTEX_POINT('',#1045);
#1047=CARTESIAN_POINT('',(366.646735434,-157.747138297,-8.32));
#1048=DIRECTION('',(0.,0.,-1.));
#1049=DIRECTION('',(-1.,0.,0.));
#1050=AXIS2_PLACEMENT_3D('',#1047,#1048,#1049);
#1051=CIRCLE('',#1050,4.624999);
#1052=EDGE_CURVE('',#1038,#1046,#1051,.T.);
#1053=ORIENTED_EDGE('',*,*,#1052,.T.);
#1054=CARTESIAN_POINT('',(313.739021652,-162.372137297,-8.32));
#1055=VERTEX_POINT('',#1054);
#1056=CARTESIAN_POINT('',(313.739021652,-162.372137297,-8.32));
#1057=DIRECTION('',(1.,0.,-0.));
#1058=VECTOR('',#1057,52.907713782);
#1059=LINE('',#1056,#1058);
#1060=EDGE_CURVE('',#1055,#1046,#1059,.T.);
#1061=ORIENTED_EDGE('',*,*,#1060,.F.);
#1062=CARTESIAN_POINT('',(312.379187007,-163.006262823,-8.32));
#1063=VERTEX_POINT('',#1062);
#1064=CARTESIAN_POINT('',(313.739024937,-164.147238825,-8.32));
#1065=DIRECTION('',(0.,0.,-1.));
#1066=DIRECTION('',(-1.,0.,0.));
#1067=AXIS2_PLACEMENT_3D('',#1064,#1065,#1066);
#1068=CIRCLE('',#1067,1.775101528);
#1069=EDGE_CURVE('',#1063,#1055,#1068,.T.);
#1070=ORIENTED_EDGE('',*,*,#1069,.F.);
#1071=CARTESIAN_POINT('',(297.583386712,-180.640251231,-8.32));
#1072=VERTEX_POINT('',#1071);
#1073=CARTESIAN_POINT('',(297.583386712,-180.640251231,-8.32));
#1074=DIRECTION('',(0.642765357,0.766063115,0.));
#1075=VECTOR('',#1074,23.018975945);
#1076=LINE('',#1073,#1075);
#1077=EDGE_CURVE('',#1072,#1063,#1076,.T.);
#1078=ORIENTED_EDGE('',*,*,#1077,.F.);
#1079=CARTESIAN_POINT('',(294.012239105,-182.27184585,-8.32));
#1080=VERTEX_POINT('',#1079);
#1081=CARTESIAN_POINT('',(293.908905622,-177.32170864,-8.32));
#1082=DIRECTION('',(0.,0.,-1.));
#1083=DIRECTION('',(-1.,0.,0.));
#1084=AXIS2_PLACEMENT_3D('',#1081,#1082,#1083);
#1085=CIRCLE('',#1084,4.951215629);
#1086=EDGE_CURVE('',#1072,#1080,#1085,.T.);
#1087=ORIENTED_EDGE('',*,*,#1086,.T.);
#1088=CARTESIAN_POINT('',(293.989522012,-182.269702728,-8.32));
#1089=VERTEX_POINT('',#1088);
#1090=CARTESIAN_POINT('',(293.989522012,-182.269702728,-8.32));
#1091=DIRECTION('',(0.995579503,-0.093922595,0.));
#1092=VECTOR('',#1091,0.022817959);
#1093=LINE('',#1090,#1092);
#1094=EDGE_CURVE('',#1089,#1080,#1093,.T.);
#1095=ORIENTED_EDGE('',*,*,#1094,.F.);
#1096=CARTESIAN_POINT('',(283.344004315,-182.279568823,-8.32));
#1097=VERTEX_POINT('',#1096);
#1098=CARTESIAN_POINT('',(283.344004315,-182.279568823,-8.32));
#1099=DIRECTION('',(0.999999571,0.000926784,0.));
#1100=VECTOR('',#1099,10.645522269);
#1101=LINE('',#1098,#1100);
#1102=EDGE_CURVE('',#1097,#1089,#1101,.T.);
#1103=ORIENTED_EDGE('',*,*,#1102,.F.);
#1104=CARTESIAN_POINT('',(283.290642914,-182.284838454,-8.32));
#1105=VERTEX_POINT('',#1104);
#1106=CARTESIAN_POINT('',(283.290642914,-182.284838454,-8.32));
#1107=DIRECTION('',(0.995159241,0.098275553,0.));
#1108=VECTOR('',#1107,0.053620967);
#1109=LINE('',#1106,#1108);
#1110=EDGE_CURVE('',#1105,#1097,#1109,.T.);
#1111=ORIENTED_EDGE('',*,*,#1110,.F.);
#1112=CARTESIAN_POINT('',(283.237235865,-182.281155209,-8.32));
#1113=VERTEX_POINT('',#1112);
#1114=CARTESIAN_POINT('',(283.237235865,-182.281155209,-8.32));
#1115=DIRECTION('',(0.997630328,-0.068802092,0.));
#1116=VECTOR('',#1115,0.053533907);
#1117=LINE('',#1114,#1116);
#1118=EDGE_CURVE('',#1113,#1105,#1117,.T.);
#1119=ORIENTED_EDGE('',*,*,#1118,.F.);
#1120=CARTESIAN_POINT('',(282.355939954,-182.306512546,-8.32));
#1121=VERTEX_POINT('',#1120);
#1122=CARTESIAN_POINT('',(282.355939954,-182.306512546,-8.32));
#1123=DIRECTION('',(0.99958632,0.028760882,0.));
#1124=VECTOR('',#1123,0.881660636);
#1125=LINE('',#1122,#1124);
#1126=EDGE_CURVE('',#1121,#1113,#1125,.T.);
#1127=ORIENTED_EDGE('',*,*,#1126,.F.);
#1128=CARTESIAN_POINT('',(282.29210326,-182.31460826,-8.32));
#1129=VERTEX_POINT('',#1128);
#1130=CARTESIAN_POINT('',(282.29210326,-182.31460826,-8.32));
#1131=DIRECTION('',(0.992054172,0.125811444,0.));
#1132=VECTOR('',#1131,0.064347992);
#1133=LINE('',#1130,#1132);
#1134=EDGE_CURVE('',#1129,#1121,#1133,.T.);
#1135=ORIENTED_EDGE('',*,*,#1134,.F.);
#1136=CARTESIAN_POINT('',(282.228002145,-182.311017534,-8.32));
#1137=VERTEX_POINT('',#1136);
#1138=CARTESIAN_POINT('',(282.228002145,-182.311017534,-8.32));
#1139=DIRECTION('',(0.998434753,-0.055928918,0.));
#1140=VECTOR('',#1139,0.064201607);
#1141=LINE('',#1138,#1140);
#1142=EDGE_CURVE('',#1137,#1129,#1141,.T.);
#1143=ORIENTED_EDGE('',*,*,#1142,.F.);
#1144=CARTESIAN_POINT('',(281.514500796,-182.340726826,-8.32));
#1145=VERTEX_POINT('',#1144);
#1146=CARTESIAN_POINT('',(281.514500796,-182.340726826,-8.32));
#1147=DIRECTION('',(0.999134234,0.041602684,0.));
#1148=VECTOR('',#1147,0.71411961);
#1149=LINE('',#1146,#1148);
#1150=EDGE_CURVE('',#1145,#1137,#1149,.T.);
#1151=ORIENTED_EDGE('',*,*,#1150,.F.);
#1152=CARTESIAN_POINT('',(281.450488431,-182.349638061,-8.32));
#1153=VERTEX_POINT('',#1152);
#1154=CARTESIAN_POINT('',(281.450488431,-182.349638061,-8.32));
#1155=DIRECTION('',(0.990448733,0.137881494,0.));
#1156=VECTOR('',#1155,0.06462966);
#1157=LINE('',#1154,#1156);
#1158=EDGE_CURVE('',#1153,#1145,#1157,.T.);
#1159=ORIENTED_EDGE('',*,*,#1158,.F.);
#1160=CARTESIAN_POINT('',(281.38593985,-182.346825164,-8.32));
#1161=VERTEX_POINT('',#1160);
#1162=CARTESIAN_POINT('',(281.38593985,-182.346825164,-8.32));
#1163=DIRECTION('',(0.99905183,-0.043536662,0.));
#1164=VECTOR('',#1163,0.064609842);
#1165=LINE('',#1162,#1164);
#1166=EDGE_CURVE('',#1161,#1153,#1165,.T.);
#1167=ORIENTED_EDGE('',*,*,#1166,.F.);
#1168=CARTESIAN_POINT('',(280.66587125,-182.385158214,-8.32));
#1169=VERTEX_POINT('',#1168);
#1170=CARTESIAN_POINT('',(280.66587125,-182.385158214,-8.32));
#1171=DIRECTION('',(0.998586007,0.053160001,0.));
#1172=VECTOR('',#1171,0.721088213);
#1173=LINE('',#1170,#1172);
#1174=EDGE_CURVE('',#1169,#1161,#1173,.T.);
#1175=ORIENTED_EDGE('',*,*,#1174,.F.);
#1176=CARTESIAN_POINT('',(280.605991683,-182.394191368,-8.32));
#1177=VERTEX_POINT('',#1176);
#1178=CARTESIAN_POINT('',(280.605991683,-182.394191368,-8.32));
#1179=DIRECTION('',(0.988811929,0.149167585,0.));
#1180=VECTOR('',#1179,0.060557083);
#1181=LINE('',#1178,#1180);
#1182=EDGE_CURVE('',#1177,#1169,#1181,.T.);
#1183=ORIENTED_EDGE('',*,*,#1182,.F.);
#1184=CARTESIAN_POINT('',(280.545591177,-182.392601881,-8.32));
#1185=VERTEX_POINT('',#1184);
#1186=CARTESIAN_POINT('',(280.545591177,-182.392601881,-8.32));
#1187=DIRECTION('',(0.999653919,-0.026306682,0.));
#1188=VECTOR('',#1187,0.060421417);
#1189=LINE('',#1186,#1188);
#1190=EDGE_CURVE('',#1185,#1177,#1189,.T.);
#1191=ORIENTED_EDGE('',*,*,#1190,.F.);
#1192=CARTESIAN_POINT('',(278.950455417,-182.505096027,-8.32));
#1193=VERTEX_POINT('',#1192);
#1194=CARTESIAN_POINT('',(278.950455417,-182.505096027,-8.32));
#1195=DIRECTION('',(0.997522474,0.070348519,0.));
#1196=VECTOR('',#1195,1.599097566);
#1197=LINE('',#1194,#1196);
#1198=EDGE_CURVE('',#1193,#1185,#1197,.T.);
#1199=ORIENTED_EDGE('',*,*,#1198,.F.);
#1200=CARTESIAN_POINT('',(278.893834863,-182.5147007,-8.32));
#1201=VERTEX_POINT('',#1200);
#1202=CARTESIAN_POINT('',(278.893834863,-182.5147007,-8.32));
#1203=DIRECTION('',(0.985915687,0.167243112,0.));
#1204=VECTOR('',#1203,0.057429407);
#1205=LINE('',#1202,#1204);
#1206=EDGE_CURVE('',#1201,#1193,#1205,.T.);
#1207=ORIENTED_EDGE('',*,*,#1206,.F.);
#1208=CARTESIAN_POINT('',(278.836547626,-182.514433003,-8.32));
#1209=VERTEX_POINT('',#1208);
#1210=CARTESIAN_POINT('',(278.836547626,-182.514433003,-8.32));
#1211=DIRECTION('',(0.999989082,-0.004672846,0.));
#1212=VECTOR('',#1211,0.057287863);
#1213=LINE('',#1210,#1212);
#1214=EDGE_CURVE('',#1209,#1201,#1213,.T.);
#1215=ORIENTED_EDGE('',*,*,#1214,.F.);
#1216=CARTESIAN_POINT('',(277.23199191,-182.664319443,-8.32));
#1217=VERTEX_POINT('',#1216);
#1218=CARTESIAN_POINT('',(277.23199191,-182.664319443,-8.32));
#1219=DIRECTION('',(0.995665349,0.093008135,0.));
#1220=VECTOR('',#1219,1.611541185);
#1221=LINE('',#1218,#1220);
#1222=EDGE_CURVE('',#1217,#1209,#1221,.T.);
#1223=ORIENTED_EDGE('',*,*,#1222,.F.);
#1224=CARTESIAN_POINT('',(277.175304406,-182.67528902,-8.32));
#1225=VERTEX_POINT('',#1224);
#1226=CARTESIAN_POINT('',(277.175304406,-182.67528902,-8.32));
#1227=DIRECTION('',(0.981786951,0.189985215,0.));
#1228=VECTOR('',#1227,0.057739109);
#1229=LINE('',#1226,#1228);
#1230=EDGE_CURVE('',#1225,#1217,#1229,.T.);
#1231=ORIENTED_EDGE('',*,*,#1230,.F.);
#1232=CARTESIAN_POINT('',(277.117612437,-182.676307114,-8.32));
#1233=VERTEX_POINT('',#1232);
#1234=CARTESIAN_POINT('',(277.117612437,-182.676307114,-8.32));
#1235=DIRECTION('',(0.999844327,0.017644312,0.));
#1236=VECTOR('',#1235,0.057700951);
#1237=LINE('',#1234,#1236);
#1238=EDGE_CURVE('',#1233,#1225,#1237,.T.);
#1239=ORIENTED_EDGE('',*,*,#1238,.F.);
#1240=CARTESIAN_POINT('',(275.508397073,-182.863334963,-8.32));
#1241=VERTEX_POINT('',#1240);
#1242=CARTESIAN_POINT('',(275.508397073,-182.863334963,-8.32));
#1243=DIRECTION('',(0.993313768,0.115445913,0.));
#1244=VECTOR('',#1243,1.620047377);
#1245=LINE('',#1242,#1244);
#1246=EDGE_CURVE('',#1241,#1233,#1245,.T.);
#1247=ORIENTED_EDGE('',*,*,#1246,.F.);
#1248=CARTESIAN_POINT('',(275.452148284,-182.875518816,-8.32));
#1249=VERTEX_POINT('',#1248);
#1250=CARTESIAN_POINT('',(275.452148284,-182.875518816,-8.32));
#1251=DIRECTION('',(0.977335308,0.211697179,0.));
#1252=VECTOR('',#1251,0.057553215);
#1253=LINE('',#1250,#1252);
#1254=EDGE_CURVE('',#1249,#1241,#1253,.T.);
#1255=ORIENTED_EDGE('',*,*,#1254,.F.);
#1256=CARTESIAN_POINT('',(275.394725141,-182.877843086,-8.32));
#1257=VERTEX_POINT('',#1256);
#1258=CARTESIAN_POINT('',(275.394725141,-182.877843086,-8.32));
#1259=DIRECTION('',(0.999181844,0.040443075,0.));
#1260=VECTOR('',#1259,0.057470163);
#1261=LINE('',#1258,#1260);
#1262=EDGE_CURVE('',#1257,#1249,#1261,.T.);
#1263=ORIENTED_EDGE('',*,*,#1262,.F.);
#1264=CARTESIAN_POINT('',(273.786401798,-183.101472282,-8.32));
#1265=VERTEX_POINT('',#1264);
#1266=CARTESIAN_POINT('',(273.786401798,-183.101472282,-8.32));
#1267=DIRECTION('',(0.990471203,0.137719992,0.));
#1268=VECTOR('',#1267,1.623796167);
#1269=LINE('',#1266,#1268);
#1270=EDGE_CURVE('',#1265,#1257,#1269,.T.);
#1271=ORIENTED_EDGE('',*,*,#1270,.F.);
#1272=CARTESIAN_POINT('',(273.730413155,-183.114923212,-8.32));
#1273=VERTEX_POINT('',#1272);
#1274=CARTESIAN_POINT('',(273.730413155,-183.114923212,-8.32));
#1275=DIRECTION('',(0.972333459,0.233597185,0.));
#1276=VECTOR('',#1275,0.057581731);
#1277=LINE('',#1274,#1276);
#1278=EDGE_CURVE('',#1273,#1265,#1277,.T.);
#1279=ORIENTED_EDGE('',*,*,#1278,.F.);
#1280=CARTESIAN_POINT('',(273.673013203,-183.118536273,-8.32));
#1281=VERTEX_POINT('',#1280);
#1282=CARTESIAN_POINT('',(273.673013203,-183.118536273,-8.32));
#1283=DIRECTION('',(0.998024808,0.062821039,0.));
#1284=VECTOR('',#1283,0.057513552);
#1285=LINE('',#1282,#1284);
#1286=EDGE_CURVE('',#1281,#1273,#1285,.T.);
#1287=ORIENTED_EDGE('',*,*,#1286,.F.);
#1288=CARTESIAN_POINT('',(272.071231551,-183.377967896,-8.32));
#1289=VERTEX_POINT('',#1288);
#1290=CARTESIAN_POINT('',(272.071231551,-183.377967896,-8.32));
#1291=DIRECTION('',(0.987136303,0.159880951,0.));
#1292=VECTOR('',#1291,1.622654993);
#1293=LINE('',#1290,#1292);
#1294=EDGE_CURVE('',#1289,#1281,#1293,.T.);
#1295=ORIENTED_EDGE('',*,*,#1294,.F.);
#1296=CARTESIAN_POINT('',(272.015508442,-183.392685916,-8.32));
#1297=VERTEX_POINT('',#1296);
#1298=CARTESIAN_POINT('',(272.015508442,-183.392685916,-8.32));
#1299=DIRECTION('',(0.966843356,0.255370174,0.));
#1300=VECTOR('',#1299,0.057634062);
#1301=LINE('',#1298,#1300);
#1302=EDGE_CURVE('',#1297,#1289,#1301,.T.);
#1303=ORIENTED_EDGE('',*,*,#1302,.F.);
#1304=CARTESIAN_POINT('',(271.958180473,-183.397582255,-8.32));
#1305=VERTEX_POINT('',#1304);
#1306=CARTESIAN_POINT('',(271.958180473,-183.397582255,-8.32));
#1307=DIRECTION('',(0.996372464,0.085099428,0.));
#1308=VECTOR('',#1307,0.057536685);
#1309=LINE('',#1306,#1308);
#1310=EDGE_CURVE('',#1305,#1297,#1309,.T.);
#1311=ORIENTED_EDGE('',*,*,#1310,.F.);
#1312=CARTESIAN_POINT('',(270.367993581,-183.69187581,-8.32));
#1313=VERTEX_POINT('',#1312);
#1314=CARTESIAN_POINT('',(270.367993581,-183.69187581,-8.32));
#1315=DIRECTION('',(0.983302536,0.181978358,0.));
#1316=VECTOR('',#1315,1.617189862);
#1317=LINE('',#1314,#1316);
#1318=EDGE_CURVE('',#1313,#1305,#1317,.T.);
#1319=ORIENTED_EDGE('',*,*,#1318,.F.);
#1320=CARTESIAN_POINT('',(270.312721701,-183.707813101,-8.32));
#1321=VERTEX_POINT('',#1320);
#1322=CARTESIAN_POINT('',(270.312721701,-183.707813101,-8.32));
#1323=DIRECTION('',(0.960853774,0.277055996,0.));
#1324=VECTOR('',#1323,0.057523716);
#1325=LINE('',#1322,#1324);
#1326=EDGE_CURVE('',#1321,#1313,#1325,.T.);
#1327=ORIENTED_EDGE('',*,*,#1326,.F.);
#1328=CARTESIAN_POINT('',(270.255518957,-183.714002696,-8.32));
#1329=VERTEX_POINT('',#1328);
#1330=CARTESIAN_POINT('',(270.255518957,-183.714002696,-8.32));
#1331=DIRECTION('',(0.994196801,0.107576586,0.));
#1332=VECTOR('',#1331,0.057536641);
#1333=LINE('',#1330,#1332);
#1334=EDGE_CURVE('',#1329,#1321,#1333,.T.);
#1335=ORIENTED_EDGE('',*,*,#1334,.F.);
#1336=CARTESIAN_POINT('',(268.680744834,-184.042245458,-8.32));
#1337=VERTEX_POINT('',#1336);
#1338=CARTESIAN_POINT('',(268.680744834,-184.042245458,-8.32));
#1339=DIRECTION('',(0.978959957,0.204052451,0.));
#1340=VECTOR('',#1339,1.608619547);
#1341=LINE('',#1338,#1340);
#1342=EDGE_CURVE('',#1337,#1329,#1341,.T.);
#1343=ORIENTED_EDGE('',*,*,#1342,.F.);
#1344=CARTESIAN_POINT('',(268.626400923,-184.059202895,-8.32));
#1345=VERTEX_POINT('',#1344);
#1346=CARTESIAN_POINT('',(268.626400923,-184.059202895,-8.32));
#1347=DIRECTION('',(0.954605097,0.297874318,0.));
#1348=VECTOR('',#1347,0.05692816);
#1349=LINE('',#1346,#1348);
#1350=EDGE_CURVE('',#1345,#1337,#1349,.T.);
#1351=ORIENTED_EDGE('',*,*,#1350,.F.);
#1352=CARTESIAN_POINT('',(268.570017067,-184.066635921,-8.32));
#1353=VERTEX_POINT('',#1352);
#1354=CARTESIAN_POINT('',(268.570017067,-184.066635921,-8.32));
#1355=DIRECTION('',(0.991422204,0.130698177,0.));
#1356=VECTOR('',#1355,0.05687169);
#1357=LINE('',#1354,#1356);
#1358=EDGE_CURVE('',#1353,#1345,#1357,.T.);
#1359=ORIENTED_EDGE('',*,*,#1358,.F.);
#1360=CARTESIAN_POINT('',(267.015458666,-184.427532776,-8.32));
#1361=VERTEX_POINT('',#1360);
#1362=CARTESIAN_POINT('',(267.015458666,-184.427532776,-8.32));
#1363=DIRECTION('',(0.974094823,0.226139949,0.));
#1364=VECTOR('',#1363,1.595900486);
#1365=LINE('',#1362,#1364);
#1366=EDGE_CURVE('',#1361,#1353,#1365,.T.);
#1367=ORIENTED_EDGE('',*,*,#1366,.F.);
#1368=CARTESIAN_POINT('',(266.961091072,-184.445901112,-8.32));
#1369=VERTEX_POINT('',#1368);
#1370=CARTESIAN_POINT('',(266.961091072,-184.445901112,-8.32));
#1371=DIRECTION('',(0.947390472,0.320080135,0.));
#1372=VECTOR('',#1371,0.05738668);
#1373=LINE('',#1370,#1372);
#1374=EDGE_CURVE('',#1369,#1361,#1373,.T.);
#1375=ORIENTED_EDGE('',*,*,#1374,.F.);
#1376=CARTESIAN_POINT('',(266.904451511,-184.454640549,-8.32));
#1377=VERTEX_POINT('',#1376);
#1378=CARTESIAN_POINT('',(266.904451511,-184.454640549,-8.32));
#1379=DIRECTION('',(0.988304313,0.152494541,0.));
#1380=VECTOR('',#1379,0.057309839);
#1381=LINE('',#1378,#1380);
#1382=EDGE_CURVE('',#1377,#1369,#1381,.T.);
#1383=ORIENTED_EDGE('',*,*,#1382,.F.);
#1384=CARTESIAN_POINT('',(265.270281006,-184.873478032,-8.32));
#1385=DIRECTION('',(0.968689617,0.248274901,0.));
#1386=VECTOR('',#1385,1.686990835);
#1387=LINE('',#1384,#1386);
#1388=EDGE_CURVE('',#282,#1377,#1387,.T.);
#1389=ORIENTED_EDGE('',*,*,#1388,.F.);
#1390=EDGE_LOOP('',(#288,#296,#304,#312,#320,#328,#336,#344,#352,#360,#368,#376,#384,#392,#400,#408,#416,#424,#432,#440,#448,#456,#464,#472,#480,#488,
#496,#504,#512,#520,#528,#536,#544,#552,#560,#568,#576,#584,#592,#600,#608,#616,#624,#632,#640,#648,#656,#664,#672,#680,#688,
#696,#704,#712,#720,#728,#736,#744,#752,#760,#768,#776,#784,#792,#801,#809,#818,#826,#834,#842,#851,#859,#868,#876,#885,#893,
#902,#910,#919,#927,#936,#944,#953,#961,#970,#978,#987,#995,#1003,#1011,#1019,#1027,#1036,#1044,#1053,#1061,#1070,#1078,#1087,#1095,#1103,
#1111,#1119,#1127,#1135,#1143,#1151,#1159,#1167,#1175,#1183,#1191,#1199,#1207,#1215,#1223,#1231,#1239,#1247,#1255,#1263,#1271,#1279,#1287,#1295,#1303,
#1311,#1319,#1327,#1335,#1343,#1351,#1359,#1367,#1375,#1383,#1389));
#1391=FACE_BOUND('',#1390,.T.);
#1392=CARTESIAN_POINT('',(289.664035212,-127.917742215,-8.32));
#1393=VERTEX_POINT('',#1392);
#1394=CARTESIAN_POINT('',(289.786606251,-128.161504521,-8.32));
#1395=VERTEX_POINT('',#1394);
#1396=CARTESIAN_POINT('',(289.664035212,-127.917742215,-8.32));
#1397=CARTESIAN_POINT('',(289.673091996,-127.962936099,-8.32));
#1398=CARTESIAN_POINT('',(289.688119314,-128.006694613,-8.32));
#1399=CARTESIAN_POINT('',(289.708939693,-128.04780042,-8.32));
#1400=CARTESIAN_POINT('',(289.729760071,-128.088906227,-8.32));
#1401=CARTESIAN_POINT('',(289.756277473,-128.126822013,-8.32));
#1402=CARTESIAN_POINT('',(289.786606251,-128.161504521,-8.32));
#1403=B_SPLINE_CURVE_WITH_KNOTS('',3,(#1396,#1397,#1398,#1399,#1400,#1401,#1402),.UNSPECIFIED.,.F.,.F.,(4,3,4),(0.001096567,0.001234651,0.001372735),.UNSPECIFIED.);
#1404=EDGE_CURVE('',#1393,#1395,#1403,.T.);
#1405=ORIENTED_EDGE('',*,*,#1404,.T.);
#1406=CARTESIAN_POINT('',(290.03465339,-128.28097395,-8.32));
#1407=VERTEX_POINT('',#1406);
#1408=CARTESIAN_POINT('',(290.050575953,-127.930677558,-8.32));
#1409=DIRECTION('',(-0.,-0.,1.));
#1410=DIRECTION('',(-1.,0.,0.));
#1411=AXIS2_PLACEMENT_3D('',#1408,#1409,#1410);
#1412=CIRCLE('',#1411,0.350658082);
#1413=EDGE_CURVE('',#1395,#1407,#1412,.T.);
#1414=ORIENTED_EDGE('',*,*,#1413,.T.);
#1415=CARTESIAN_POINT('',(290.322595212,-128.294062215,-8.32));
#1416=VERTEX_POINT('',#1415);
#1417=CARTESIAN_POINT('',(290.03465339,-128.28097395,-8.32));
#1418=DIRECTION('',(0.99896854,-0.045407661,0.));
#1419=VECTOR('',#1418,0.288239129);
#1420=LINE('',#1417,#1419);
#1421=EDGE_CURVE('',#1407,#1416,#1420,.T.);
#1422=ORIENTED_EDGE('',*,*,#1421,.T.);
#1423=CARTESIAN_POINT('',(291.491875212,-128.777902215,-8.32));
#1424=VERTEX_POINT('',#1423);
#1425=CARTESIAN_POINT('',(290.322595212,-128.294062215,-8.32));
#1426=CARTESIAN_POINT('',(290.539003144,-128.312097618,-8.32));
#1427=CARTESIAN_POINT('',(290.753477533,-128.349694093,-8.32));
#1428=CARTESIAN_POINT('',(290.9568815,-128.424693038,-8.32));
#1429=CARTESIAN_POINT('',(291.160285468,-128.499691983,-8.32));
#1430=CARTESIAN_POINT('',(291.348102147,-128.612831519,-8.32));
#1431=CARTESIAN_POINT('',(291.491875212,-128.777902215,-8.32));
#1432=B_SPLINE_CURVE_WITH_KNOTS('',3,(#1425,#1426,#1427,#1428,#1429,#1430,#1431),.UNSPECIFIED.,.F.,.F.,(4,3,4),(0.003795293,0.004445937,0.005096582),.UNSPECIFIED.);
#1433=EDGE_CURVE('',#1416,#1424,#1432,.T.);
#1434=ORIENTED_EDGE('',*,*,#1433,.T.);
#1435=CARTESIAN_POINT('',(291.854755212,-129.987502215,-8.32));
#1436=VERTEX_POINT('',#1435);
#1437=CARTESIAN_POINT('',(291.491875212,-128.777902215,-8.32));
#1438=CARTESIAN_POINT('',(291.564256088,-128.858325411,-8.32));
#1439=CARTESIAN_POINT('',(291.624105558,-128.949376073,-8.32));
#1440=CARTESIAN_POINT('',(291.671708119,-129.045426587,-8.32));
#1441=CARTESIAN_POINT('',(291.719310681,-129.141477101,-8.32));
#1442=CARTESIAN_POINT('',(291.755371515,-129.243304023,-8.32));
#1443=CARTESIAN_POINT('',(291.782341147,-129.347501312,-8.32));
#1444=CARTESIAN_POINT('',(291.836280411,-129.55589589,-8.32));
#1445=CARTESIAN_POINT('',(291.854755212,-129.771920863,-8.32));
#1446=CARTESIAN_POINT('',(291.854755212,-129.987502215,-8.32));
#1447=B_SPLINE_CURVE_WITH_KNOTS('',3,(#1437,#1438,#1439,#1440,#1441,#1442,#1443,#1444,#1445,#1446),.UNSPECIFIED.,.F.,.F.,(4,3,3,4),(0.002159796,0.002482141,0.002804487,0.003449178),.UNSPECIFIED.);
#1448=EDGE_CURVE('',#1424,#1436,#1447,.T.);
#1449=ORIENTED_EDGE('',*,*,#1448,.T.);
#1450=CARTESIAN_POINT('',(291.854755212,-130.323502215,-8.32));
#1451=VERTEX_POINT('',#1450);
#1452=CARTESIAN_POINT('',(291.854755212,-129.987502215,-8.32));
#1453=DIRECTION('',(0.,-1.,0.));
#1454=VECTOR('',#1453,0.336);
#1455=LINE('',#1452,#1454);
#1456=EDGE_CURVE('',#1436,#1451,#1455,.T.);
#1457=ORIENTED_EDGE('',*,*,#1456,.T.);
#1458=CARTESIAN_POINT('',(290.483875212,-130.323502215,-8.32));
#1459=VERTEX_POINT('',#1458);
#1460=CARTESIAN_POINT('',(291.854755212,-130.323502215,-8.32));
#1461=DIRECTION('',(-1.,0.,0.));
#1462=VECTOR('',#1461,1.37088);
#1463=LINE('',#1460,#1462);
#1464=EDGE_CURVE('',#1451,#1459,#1463,.T.);
#1465=ORIENTED_EDGE('',*,*,#1464,.T.);
#1466=CARTESIAN_POINT('',(290.094115212,-130.444462215,-8.32));
#1467=VERTEX_POINT('',#1466);
#1468=CARTESIAN_POINT('',(290.483875212,-130.323502215,-8.32));
#1469=CARTESIAN_POINT('',(290.414178711,-130.323502215,-8.32));
#1470=CARTESIAN_POINT('',(290.344534726,-130.329977414,-8.32));
#1471=CARTESIAN_POINT('',(290.277402451,-130.348308217,-8.32));
#1472=CARTESIAN_POINT('',(290.210270175,-130.366639019,-8.32));
#1473=CARTESIAN_POINT('',(290.146091184,-130.397665866,-8.32));
#1474=CARTESIAN_POINT('',(290.094115212,-130.444462215,-8.32));
#1475=B_SPLINE_CURVE_WITH_KNOTS('',3,(#1468,#1469,#1470,#1471,#1472,#1473,#1474),.UNSPECIFIED.,.F.,.F.,(4,3,4),(0.001206208,0.001414994,0.00162378),.UNSPECIFIED.);
#1476=EDGE_CURVE('',#1459,#1467,#1475,.T.);
#1477=ORIENTED_EDGE('',*,*,#1476,.T.);
#1478=CARTESIAN_POINT('',(289.959715212,-130.793902215,-8.32));
#1479=VERTEX_POINT('',#1478);
#1480=CARTESIAN_POINT('',(290.094115212,-130.444462215,-8.32));
#1481=CARTESIAN_POINT('',(290.045893265,-130.487878927,-8.32));
#1482=CARTESIAN_POINT('',(290.010127026,-130.543743284,-8.32));
#1483=CARTESIAN_POINT('',(289.988794183,-130.604645271,-8.32));
#1484=CARTESIAN_POINT('',(289.96746134,-130.665547259,-8.32));
#1485=CARTESIAN_POINT('',(289.959715212,-130.729353618,-8.32));
#1486=CARTESIAN_POINT('',(289.959715212,-130.793902215,-8.32));
#1487=B_SPLINE_CURVE_WITH_KNOTS('',3,(#1480,#1481,#1482,#1483,#1484,#1485,#1486),.UNSPECIFIED.,.F.,.F.,(4,3,4),(0.000887808,0.001081344,0.001274881),.UNSPECIFIED.);
#1488=EDGE_CURVE('',#1467,#1479,#1487,.T.);
#1489=ORIENTED_EDGE('',*,*,#1488,.T.);
#1490=CARTESIAN_POINT('',(290.094115212,-131.143342215,-8.32));
#1491=VERTEX_POINT('',#1490);
#1492=CARTESIAN_POINT('',(289.959715212,-130.793902215,-8.32));
#1493=CARTESIAN_POINT('',(289.959715212,-130.858196535,-8.32));
#1494=CARTESIAN_POINT('',(289.968822154,-130.922402291,-8.32));
#1495=CARTESIAN_POINT('',(289.991043061,-130.98271292,-8.32));
#1496=CARTESIAN_POINT('',(290.013263969,-131.043023549,-8.32));
#1497=CARTESIAN_POINT('',(290.048607702,-131.0978187,-8.32));
#1498=CARTESIAN_POINT('',(290.094115212,-131.143342215,-8.32));
#1499=B_SPLINE_CURVE_WITH_KNOTS('',3,(#1492,#1493,#1494,#1495,#1496,#1497,#1498),.UNSPECIFIED.,.F.,.F.,(4,3,4),(0.001720331,0.001913003,0.002105676),.UNSPECIFIED.);
#1500=EDGE_CURVE('',#1479,#1491,#1499,.T.);
#1501=ORIENTED_EDGE('',*,*,#1500,.T.);
#1502=CARTESIAN_POINT('',(290.483875212,-131.264302215,-8.32));
#1503=VERTEX_POINT('',#1502);
#1504=CARTESIAN_POINT('',(290.094115212,-131.143342215,-8.32));
#1505=CARTESIAN_POINT('',(290.146070788,-131.190119995,-8.32));
#1506=CARTESIAN_POINT('',(290.210193005,-131.221134177,-8.32));
#1507=CARTESIAN_POINT('',(290.277322644,-131.239474415,-8.32));
#1508=CARTESIAN_POINT('',(290.344452283,-131.257814653,-8.32));
#1509=CARTESIAN_POINT('',(290.41417874,-131.264302215,-8.32));
#1510=CARTESIAN_POINT('',(290.483875212,-131.264302215,-8.32));
#1511=B_SPLINE_CURVE_WITH_KNOTS('',3,(#1504,#1505,#1506,#1507,#1508,#1509,#1510),.UNSPECIFIED.,.F.,.F.,(4,3,4),(0.001090008,0.001298786,0.001507564),.UNSPECIFIED.);
#1512=EDGE_CURVE('',#1491,#1503,#1511,.T.);
#1513=ORIENTED_EDGE('',*,*,#1512,.T.);
#1514=CARTESIAN_POINT('',(291.854755212,-131.264302215,-8.32));
#1515=VERTEX_POINT('',#1514);
#1516=CARTESIAN_POINT('',(290.483875212,-131.264302215,-8.32));
#1517=DIRECTION('',(1.,0.,-0.));
#1518=VECTOR('',#1517,1.37088);
#1519=LINE('',#1516,#1518);
#1520=EDGE_CURVE('',#1503,#1515,#1519,.T.);
#1521=ORIENTED_EDGE('',*,*,#1520,.T.);
#1522=CARTESIAN_POINT('',(291.854755212,-136.331182215,-8.32));
#1523=VERTEX_POINT('',#1522);
#1524=CARTESIAN_POINT('',(291.854755212,-131.264302215,-8.32));
#1525=DIRECTION('',(0.,-1.,0.));
#1526=VECTOR('',#1525,5.06688);
#1527=LINE('',#1524,#1526);
#1528=EDGE_CURVE('',#1515,#1523,#1527,.T.);
#1529=ORIENTED_EDGE('',*,*,#1528,.T.);
#1530=CARTESIAN_POINT('',(292.459555212,-136.962862215,-8.32));
#1531=VERTEX_POINT('',#1530);
#1532=CARTESIAN_POINT('',(291.854755212,-136.331182215,-8.32));
#1533=CARTESIAN_POINT('',(291.854755212,-136.415089871,-8.32));
#1534=CARTESIAN_POINT('',(291.862344517,-136.498795596,-8.32));
#1535=CARTESIAN_POINT('',(291.884328508,-136.579673057,-8.32));
#1536=CARTESIAN_POINT('',(291.895320503,-136.620111787,-8.32));
#1537=CARTESIAN_POINT('',(291.909811279,-136.659126095,-8.32));
#1538=CARTESIAN_POINT('',(291.928970546,-136.696239767,-8.32));
#1539=CARTESIAN_POINT('',(291.948129814,-136.733353438,-8.32));
#1540=CARTESIAN_POINT('',(291.972141163,-136.768493524,-8.32));
#1541=CARTESIAN_POINT('',(292.000773369,-136.79944905,-8.32));
#1542=CARTESIAN_POINT('',(292.058037779,-136.861360102,-8.32));
#1543=CARTESIAN_POINT('',(292.132728189,-136.904102095,-8.32));
#1544=CARTESIAN_POINT('',(292.212002677,-136.929031401,-8.32));
#1545=CARTESIAN_POINT('',(292.291277165,-136.953960707,-8.32));
#1546=CARTESIAN_POINT('',(292.375614603,-136.962862215,-8.32));
#1547=CARTESIAN_POINT('',(292.459555212,-136.962862215,-8.32));
#1548=B_SPLINE_CURVE_WITH_KNOTS('',3,(#1532,#1533,#1534,#1535,#1536,#1537,#1538,#1539,#1540,#1541,#1542,#1543,#1544,#1545,#1546,#1547),.UNSPECIFIED.,.F.,.F.,(4,3,3,3,3,4),(0.002314014,0.002565736,0.002691597,0.002817458,0.00306918,0.003320903),.UNSPECIFIED.);
#1549=EDGE_CURVE('',#1523,#1531,#1548,.T.);
#1550=ORIENTED_EDGE('',*,*,#1549,.T.);
#1551=CARTESIAN_POINT('',(292.916515212,-136.801582215,-8.32));
#1552=VERTEX_POINT('',#1551);
#1553=CARTESIAN_POINT('',(292.459555212,-136.962862215,-8.32));
#1554=CARTESIAN_POINT('',(292.542680425,-136.962862215,-8.32));
#1555=CARTESIAN_POINT('',(292.625922665,-136.953498408,-8.32));
#1556=CARTESIAN_POINT('',(292.704985972,-136.928142643,-8.32));
#1557=CARTESIAN_POINT('',(292.784049279,-136.902786879,-8.32));
#1558=CARTESIAN_POINT('',(292.857601848,-136.860495578,-8.32));
#1559=CARTESIAN_POINT('',(292.916515212,-136.801582215,-8.32));
#1560=B_SPLINE_CURVE_WITH_KNOTS('',3,(#1553,#1554,#1555,#1556,#1557,#1558,#1559),.UNSPECIFIED.,.F.,.F.,(4,3,4),(0.001267711,0.001517005,0.001766299),.UNSPECIFIED.);
#1561=EDGE_CURVE('',#1531,#1552,#1560,.T.);
#1562=ORIENTED_EDGE('',*,*,#1561,.T.);
#1563=CARTESIAN_POINT('',(293.077795212,-136.331182215,-8.32));
#1564=VERTEX_POINT('',#1563);
#1565=CARTESIAN_POINT('',(292.916515212,-136.801582215,-8.32));
#1566=CARTESIAN_POINT('',(292.976987257,-136.741110169,-8.32));
#1567=CARTESIAN_POINT('',(293.0190827,-136.664689248,-8.32));
#1568=CARTESIAN_POINT('',(293.043987411,-136.583263775,-8.32));
#1569=CARTESIAN_POINT('',(293.068892122,-136.501838303,-8.32));
#1570=CARTESIAN_POINT('',(293.077795212,-136.416461113,-8.32));
#1571=CARTESIAN_POINT('',(293.077795212,-136.331182215,-8.32));
#1572=B_SPLINE_CURVE_WITH_KNOTS('',3,(#1565,#1566,#1567,#1568,#1569,#1570,#1571),.UNSPECIFIED.,.F.,.F.,(4,3,4),(0.00129799,0.001553444,0.001808899),.UNSPECIFIED.);
#1573=EDGE_CURVE('',#1552,#1564,#1572,.T.);
#1574=ORIENTED_EDGE('',*,*,#1573,.T.);
#1575=CARTESIAN_POINT('',(293.077795212,-131.264302215,-8.32));
#1576=VERTEX_POINT('',#1575);
#1577=CARTESIAN_POINT('',(293.077795212,-136.331182215,-8.32));
#1578=DIRECTION('',(0.,1.,0.));
#1579=VECTOR('',#1578,5.06688);
#1580=LINE('',#1577,#1579);
#1581=EDGE_CURVE('',#1564,#1576,#1580,.T.);
#1582=ORIENTED_EDGE('',*,*,#1581,.T.);
#1583=CARTESIAN_POINT('',(293.884195212,-131.264302215,-8.32));
#1584=VERTEX_POINT('',#1583);
#1585=CARTESIAN_POINT('',(293.077795212,-131.264302215,-8.32));
#1586=DIRECTION('',(1.,0.,-0.));
#1587=VECTOR('',#1586,0.8064);
#1588=LINE('',#1585,#1587);
#1589=EDGE_CURVE('',#1576,#1584,#1588,.T.);
#1590=ORIENTED_EDGE('',*,*,#1589,.T.);
#1591=CARTESIAN_POINT('',(294.260515212,-131.143342215,-8.32));
#1592=VERTEX_POINT('',#1591);
#1593=CARTESIAN_POINT('',(293.884195212,-131.264302215,-8.32));
#1594=CARTESIAN_POINT('',(293.951730244,-131.264302215,-8.32));
#1595=CARTESIAN_POINT('',(294.019264168,-131.257432086,-8.32));
#1596=CARTESIAN_POINT('',(294.084056347,-131.238697257,-8.32));
#1597=CARTESIAN_POINT('',(294.148848526,-131.219962429,-8.32));
#1598=CARTESIAN_POINT('',(294.210191003,-131.188651702,-8.32));
#1599=CARTESIAN_POINT('',(294.260515212,-131.143342215,-8.32));
#1600=B_SPLINE_CURVE_WITH_KNOTS('',3,(#1593,#1594,#1595,#1596,#1597,#1598,#1599),.UNSPECIFIED.,.F.,.F.,(4,3,4),(0.001149867,0.001352139,0.001554411),.UNSPECIFIED.);
#1601=EDGE_CURVE('',#1584,#1592,#1600,.T.);
#1602=ORIENTED_EDGE('',*,*,#1601,.T.);
#1603=CARTESIAN_POINT('',(294.394915212,-130.793902215,-8.32));
#1604=VERTEX_POINT('',#1603);
#1605=CARTESIAN_POINT('',(294.260515212,-131.143342215,-8.32));
#1606=CARTESIAN_POINT('',(294.306026385,-131.097815035,-8.32));
#1607=CARTESIAN_POINT('',(294.341366529,-131.043024124,-8.32));
#1608=CARTESIAN_POINT('',(294.363588024,-130.982711123,-8.32));
#1609=CARTESIAN_POINT('',(294.385809519,-130.922398121,-8.32));
#1610=CARTESIAN_POINT('',(294.394915212,-130.85820016,-8.32));
#1611=CARTESIAN_POINT('',(294.394915212,-130.793902215,-8.32));
#1612=B_SPLINE_CURVE_WITH_KNOTS('',3,(#1605,#1606,#1607,#1608,#1609,#1610,#1611),.UNSPECIFIED.,.F.,.F.,(4,3,4),(0.001520385,0.001712757,0.001905129),.UNSPECIFIED.);
#1613=EDGE_CURVE('',#1592,#1604,#1612,.T.);
#1614=ORIENTED_EDGE('',*,*,#1613,.T.);
#1615=CARTESIAN_POINT('',(294.260515212,-130.444462215,-8.32));
#1616=VERTEX_POINT('',#1615);
#1617=CARTESIAN_POINT('',(294.394915212,-130.793902215,-8.32));
#1618=CARTESIAN_POINT('',(294.394915212,-130.729353618,-8.32));
#1619=CARTESIAN_POINT('',(294.387169083,-130.665547259,-8.32));
#1620=CARTESIAN_POINT('',(294.36583624,-130.604645271,-8.32));
#1621=CARTESIAN_POINT('',(294.344503397,-130.543743284,-8.32));
#1622=CARTESIAN_POINT('',(294.308737159,-130.487878927,-8.32));
#1623=CARTESIAN_POINT('',(294.260515212,-130.444462215,-8.32));
#1624=B_SPLINE_CURVE_WITH_KNOTS('',3,(#1617,#1618,#1619,#1620,#1621,#1622,#1623),.UNSPECIFIED.,.F.,.F.,(4,3,4),(0.000887808,0.001081344,0.001274881),.UNSPECIFIED.);
#1625=EDGE_CURVE('',#1604,#1616,#1624,.T.);
#1626=ORIENTED_EDGE('',*,*,#1625,.T.);
#1627=CARTESIAN_POINT('',(293.884195212,-130.323502215,-8.32));
#1628=VERTEX_POINT('',#1627);
#1629=CARTESIAN_POINT('',(294.260515212,-130.444462215,-8.32));
#1630=CARTESIAN_POINT('',(294.210040464,-130.39901719,-8.32));
#1631=CARTESIAN_POINT('',(294.148370686,-130.367625484,-8.32));
#1632=CARTESIAN_POINT('',(294.083465558,-130.348936701,-8.32));
#1633=CARTESIAN_POINT('',(294.01856043,-130.330247919,-8.32));
#1634=CARTESIAN_POINT('',(293.951757192,-130.323502215,-8.32));
#1635=CARTESIAN_POINT('',(293.884195212,-130.323502215,-8.32));
#1636=B_SPLINE_CURVE_WITH_KNOTS('',3,(#1629,#1630,#1631,#1632,#1633,#1634,#1635),.UNSPECIFIED.,.F.,.F.,(4,3,4),(0.000577236,0.000780569,0.000983901),.UNSPECIFIED.);
#1637=EDGE_CURVE('',#1616,#1628,#1636,.T.);
#1638=ORIENTED_EDGE('',*,*,#1637,.T.);
#1639=CARTESIAN_POINT('',(293.077795212,-130.323502215,-8.32));
#1640=VERTEX_POINT('',#1639);
#1641=CARTESIAN_POINT('',(293.884195212,-130.323502215,-8.32));
#1642=DIRECTION('',(-1.,0.,0.));
#1643=VECTOR('',#1642,0.8064);
#1644=LINE('',#1641,#1643);
#1645=EDGE_CURVE('',#1628,#1640,#1644,.T.);
#1646=ORIENTED_EDGE('',*,*,#1645,.T.);
#1647=CARTESIAN_POINT('',(293.077795212,-130.148782215,-8.32));
#1648=VERTEX_POINT('',#1647);
#1649=CARTESIAN_POINT('',(293.077795212,-130.323502215,-8.32));
#1650=DIRECTION('',(0.,1.,0.));
#1651=VECTOR('',#1650,0.17472);
#1652=LINE('',#1649,#1651);
#1653=EDGE_CURVE('',#1640,#1648,#1652,.T.);
#1654=ORIENTED_EDGE('',*,*,#1653,.T.);
#1655=CARTESIAN_POINT('',(292.446115212,-128.173102215,-8.32));
#1656=VERTEX_POINT('',#1655);
#1657=CARTESIAN_POINT('',(293.077795212,-130.148782215,-8.32));
#1658=CARTESIAN_POINT('',(293.077795212,-129.971071402,-8.32));
#1659=CARTESIAN_POINT('',(293.069037897,-129.79350902,-8.32));
#1660=CARTESIAN_POINT('',(293.04869349,-129.618209071,-8.32));
#1661=CARTESIAN_POINT('',(293.028349083,-129.442909122,-8.32));
#1662=CARTESIAN_POINT('',(292.99650793,-129.269427872,-8.32));
#1663=CARTESIAN_POINT('',(292.948524227,-129.098500251,-8.32));
#1664=CARTESIAN_POINT('',(292.900540523,-128.927572631,-8.32));
#1665=CARTESIAN_POINT('',(292.836480699,-128.761063048,-8.32));
#1666=CARTESIAN_POINT('',(292.75398922,-128.605774099,-8.32));
#1667=CARTESIAN_POINT('',(292.71274348,-128.528129624,-8.32));
#1668=CARTESIAN_POINT('',(292.666778828,-128.452937261,-8.32));
#1669=CARTESIAN_POINT('',(292.615496978,-128.380507898,-8.32));
#1670=CARTESIAN_POINT('',(292.564215129,-128.308078536,-8.32));
#1671=CARTESIAN_POINT('',(292.507435982,-128.238332166,-8.32));
#1672=CARTESIAN_POINT('',(292.446115212,-128.173102215,-8.32));
#1673=B_SPLINE_CURVE_WITH_KNOTS('',3,(#1657,#1658,#1659,#1660,#1661,#1662,#1663,#1664,#1665,#1666,#1667,#1668,#1669,#1670,#1671,#1672),.UNSPECIFIED.,.F.,.F.,(4,3,3,3,3,4),(0.005818146,0.006351056,0.006883966,0.007416876,0.007683331,0.007949786),.UNSPECIFIED.);
#1674=EDGE_CURVE('',#1648,#1656,#1673,.T.);
#1675=ORIENTED_EDGE('',*,*,#1674,.T.);
#1676=CARTESIAN_POINT('',(290.564515212,-127.380142215,-8.32));
#1677=VERTEX_POINT('',#1676);
#1678=CARTESIAN_POINT('',(292.446115212,-128.173102215,-8.32));
#1679=CARTESIAN_POINT('',(292.325758152,-128.045222838,-8.32));
#1680=CARTESIAN_POINT('',(292.18961743,-127.932795247,-8.32));
#1681=CARTESIAN_POINT('',(292.044174548,-127.83824796,-8.32));
#1682=CARTESIAN_POINT('',(291.898731665,-127.743700673,-8.32));
#1683=CARTESIAN_POINT('',(291.742036189,-127.665422113,-8.32));
#1684=CARTESIAN_POINT('',(291.579301836,-127.602258015,-8.32));
#1685=CARTESIAN_POINT('',(291.253833128,-127.475929818,-8.32));
#1686=CARTESIAN_POINT('',(290.912458599,-127.410398354,-8.32));
#1687=CARTESIAN_POINT('',(290.564515212,-127.380142215,-8.32));
#1688=B_SPLINE_CURVE_WITH_KNOTS('',3,(#1678,#1679,#1680,#1681,#1682,#1683,#1684,#1685,#1686,#1687),.UNSPECIFIED.,.F.,.F.,(4,3,3,4),(0.003762855,0.00428799,0.004813124,0.005863393),.UNSPECIFIED.);
#1689=EDGE_CURVE('',#1656,#1677,#1688,.T.);
#1690=ORIENTED_EDGE('',*,*,#1689,.T.);
#1691=CARTESIAN_POINT('',(290.147875212,-127.353262215,-8.32));
#1692=VERTEX_POINT('',#1691);
#1693=CARTESIAN_POINT('',(290.564515212,-127.380142215,-8.32));
#1694=DIRECTION('',(-0.997925309,0.064382278,0.));
#1695=VECTOR('',#1694,0.417506196);
#1696=LINE('',#1693,#1695);
#1697=EDGE_CURVE('',#1677,#1692,#1696,.T.);
#1698=ORIENTED_EDGE('',*,*,#1697,.T.);
#1699=CARTESIAN_POINT('',(289.825315212,-127.420462215,-8.32));
#1700=VERTEX_POINT('',#1699);
#1701=CARTESIAN_POINT('',(290.147875212,-127.353262215,-8.32));
#1702=CARTESIAN_POINT('',(290.091825533,-127.345787465,-8.32));
#1703=CARTESIAN_POINT('',(290.03487191,-127.344409999,-8.32));
#1704=CARTESIAN_POINT('',(289.979251574,-127.354165204,-8.32));
#1705=CARTESIAN_POINT('',(289.923631237,-127.363920409,-8.32));
#1706=CARTESIAN_POINT('',(289.870065192,-127.385658617,-8.32));
#1707=CARTESIAN_POINT('',(289.825315212,-127.420462215,-8.32));
#1708=B_SPLINE_CURVE_WITH_KNOTS('',3,(#1701,#1702,#1703,#1704,#1705,#1706,#1707),.UNSPECIFIED.,.F.,.F.,(4,3,4),(0.00085441,0.001023908,0.001193406),.UNSPECIFIED.);
#1709=EDGE_CURVE('',#1692,#1700,#1708,.T.);
#1710=ORIENTED_EDGE('',*,*,#1709,.T.);
#1711=CARTESIAN_POINT('',(289.664035212,-127.635502215,-8.32));
#1712=VERTEX_POINT('',#1711);
#1713=CARTESIAN_POINT('',(289.825315212,-127.420462215,-8.32));
#1714=CARTESIAN_POINT('',(289.787165275,-127.445895506,-8.32));
#1715=CARTESIAN_POINT('',(289.752941318,-127.476908552,-8.32));
#1716=CARTESIAN_POINT('',(289.725299146,-127.51350206,-8.32));
#1717=CARTESIAN_POINT('',(289.697656974,-127.550095568,-8.32));
#1718=CARTESIAN_POINT('',(289.677213953,-127.591574793,-8.32));
#1719=CARTESIAN_POINT('',(289.664035212,-127.635502215,-8.32));
#1720=B_SPLINE_CURVE_WITH_KNOTS('',3,(#1713,#1714,#1715,#1716,#1717,#1718,#1719),.UNSPECIFIED.,.F.,.F.,(4,3,4),(0.001163032,0.001300482,0.001437932),.UNSPECIFIED.);
#1721=EDGE_CURVE('',#1700,#1712,#1720,.T.);
#1722=ORIENTED_EDGE('',*,*,#1721,.T.);
#1723=CARTESIAN_POINT('',(289.664035212,-127.635502215,-8.32));
#1724=CARTESIAN_POINT('',(289.636585558,-127.726997485,-8.32));
#1725=CARTESIAN_POINT('',(289.63891289,-127.825623762,-8.32));
#1726=CARTESIAN_POINT('',(289.664035212,-127.917742215,-8.32));
#1727=B_SPLINE_CURVE_WITH_KNOTS('',3,(#1723,#1724,#1725,#1726),.UNSPECIFIED.,.F.,.F.,(4,4),(0.001122562,0.001408532),.UNSPECIFIED.);
#1728=EDGE_CURVE('',#1712,#1393,#1727,.T.);
#1729=ORIENTED_EDGE('',*,*,#1728,.T.);
#1730=EDGE_LOOP('',(#1405,#1414,#1422,#1434,#1449,#1457,#1465,#1477,#1489,#1501,#1513,#1521,#1529,#1550,#1562,#1574,#1582,#1590,#1602,#1614,#1626,#1638,#1646,#1654,#1675,#1690,
#1698,#1710,#1722,#1729));
#1731=FACE_BOUND('',#1730,.T.);
#1732=CARTESIAN_POINT('',(294.838015212,-135.954862215,-8.32));
#1733=VERTEX_POINT('',#1732);
#1734=CARTESIAN_POINT('',(294.649855212,-135.927982215,-8.32));
#1735=VERTEX_POINT('',#1734);
#1736=CARTESIAN_POINT('',(294.838015212,-135.954862215,-8.32));
#1737=CARTESIAN_POINT('',(294.775291013,-135.945931634,-8.32));
#1738=CARTESIAN_POINT('',(294.71257941,-135.936912796,-8.32));
#1739=CARTESIAN_POINT('',(294.649855212,-135.927982215,-8.32));
#1740=B_SPLINE_CURVE_WITH_KNOTS('',3,(#1736,#1737,#1738,#1739),.UNSPECIFIED.,.F.,.F.,(4,4),(0.000190427,0.000380497),.UNSPECIFIED.);
#1741=EDGE_CURVE('',#1733,#1735,#1740,.T.);
#1742=ORIENTED_EDGE('',*,*,#1741,.T.);
#1743=CARTESIAN_POINT('',(294.434815212,-136.008622215,-8.32));
#1744=VERTEX_POINT('',#1743);
#1745=CARTESIAN_POINT('',(294.649855212,-135.927982215,-8.32));
#1746=CARTESIAN_POINT('',(294.609706411,-135.924347872,-8.32));
#1747=CARTESIAN_POINT('',(294.568862037,-135.925997508,-8.32));
#1748=CARTESIAN_POINT('',(294.530676066,-135.938468948,-8.32));
#1749=CARTESIAN_POINT('',(294.492490095,-135.950940388,-8.32));
#1750=CARTESIAN_POINT('',(294.458389031,-135.975663034,-8.32));
#1751=CARTESIAN_POINT('',(294.434815212,-136.008622215,-8.32));
#1752=B_SPLINE_CURVE_WITH_KNOTS('',3,(#1745,#1746,#1747,#1748,#1749,#1750,#1751),.UNSPECIFIED.,.F.,.F.,(4,3,4),(0.,0.000119954,0.000239907),.UNSPECIFIED.);
#1753=EDGE_CURVE('',#1735,#1744,#1752,.T.);
#1754=ORIENTED_EDGE('',*,*,#1753,.T.);
#1755=CARTESIAN_POINT('',(294.367615212,-136.384942215,-8.32));
#1756=VERTEX_POINT('',#1755);
#1757=CARTESIAN_POINT('',(294.434815212,-136.008622215,-8.32));
#1758=CARTESIAN_POINT('',(294.415888293,-136.03508444,-8.32));
#1759=CARTESIAN_POINT('',(294.404681962,-136.065848613,-8.32));
#1760=CARTESIAN_POINT('',(294.396153138,-136.096922573,-8.32));
#1761=CARTESIAN_POINT('',(294.387624314,-136.127996533,-8.32));
#1762=CARTESIAN_POINT('',(294.382071222,-136.159949538,-8.32));
#1763=CARTESIAN_POINT('',(294.378013514,-136.19192281,-8.32));
#1764=CARTESIAN_POINT('',(294.369898099,-136.255869354,-8.32));
#1765=CARTESIAN_POINT('',(294.367615212,-136.320398536,-8.32));
#1766=CARTESIAN_POINT('',(294.367615212,-136.384942215,-8.32));
#1767=B_SPLINE_CURVE_WITH_KNOTS('',3,(#1757,#1758,#1759,#1760,#1761,#1762,#1763,#1764,#1765,#1766),.UNSPECIFIED.,.F.,.F.,(4,3,3,4),(0.000925142,0.001021528,0.001117914,0.001310685),.UNSPECIFIED.);
#1768=EDGE_CURVE('',#1744,#1756,#1767,.T.);
#1769=ORIENTED_EDGE('',*,*,#1768,.T.);
#1770=CARTESIAN_POINT('',(294.488575212,-136.788142215,-8.32));
#1771=VERTEX_POINT('',#1770);
#1772=CARTESIAN_POINT('',(294.367615212,-136.384942215,-8.32));
#1773=CARTESIAN_POINT('',(294.367615212,-136.45665305,-8.32));
#1774=CARTESIAN_POINT('',(294.374534644,-136.528031492,-8.32));
#1775=CARTESIAN_POINT('',(294.393236275,-136.597192011,-8.32));
#1776=CARTESIAN_POINT('',(294.411937905,-136.666352531,-8.32));
#1777=CARTESIAN_POINT('',(294.443018562,-136.732442032,-8.32));
#1778=CARTESIAN_POINT('',(294.488575212,-136.788142215,-8.32));
#1779=B_SPLINE_CURVE_WITH_KNOTS('',3,(#1772,#1773,#1774,#1775,#1776,#1777,#1778),.UNSPECIFIED.,.F.,.F.,(4,3,4),(0.001092581,0.001307536,0.001522491),.UNSPECIFIED.);
#1780=EDGE_CURVE('',#1756,#1771,#1779,.T.);
#1781=ORIENTED_EDGE('',*,*,#1780,.T.);
#1782=CARTESIAN_POINT('',(294.851455212,-136.962862215,-8.32));
#1783=VERTEX_POINT('',#1782);
#1784=CARTESIAN_POINT('',(294.488575212,-136.788142215,-8.32));
#1785=CARTESIAN_POINT('',(294.531965485,-136.84233241,-8.32));
#1786=CARTESIAN_POINT('',(294.589841849,-136.880663072,-8.32));
#1787=CARTESIAN_POINT('',(294.652953818,-136.908104271,-8.32));
#1788=CARTESIAN_POINT('',(294.716065787,-136.93554547,-8.32));
#1789=CARTESIAN_POINT('',(294.783375022,-136.952110501,-8.32));
#1790=CARTESIAN_POINT('',(294.851455212,-136.962862215,-8.32));
#1791=B_SPLINE_CURVE_WITH_KNOTS('',3,(#1784,#1785,#1786,#1787,#1788,#1789,#1790),.UNSPECIFIED.,.F.,.F.,(4,3,4),(0.000646901,0.000854846,0.001062792),.UNSPECIFIED.);
#1792=EDGE_CURVE('',#1771,#1783,#1791,.T.);
#1793=ORIENTED_EDGE('',*,*,#1792,.T.);
#1794=CARTESIAN_POINT('',(295.093375212,-136.976302215,-8.32));
#1795=VERTEX_POINT('',#1794);
#1796=CARTESIAN_POINT('',(294.851455212,-136.962862215,-8.32));
#1797=CARTESIAN_POINT('',(294.931782283,-136.971752581,-8.32));
#1798=CARTESIAN_POINT('',(295.012557061,-136.976302215,-8.32));
#1799=CARTESIAN_POINT('',(295.093375212,-136.976302215,-8.32));
#1800=B_SPLINE_CURVE_WITH_KNOTS('',3,(#1796,#1797,#1798,#1799),.UNSPECIFIED.,.F.,.F.,(4,4),(0.000973589,0.001216041),.UNSPECIFIED.);
#1801=EDGE_CURVE('',#1783,#1795,#1800,.T.);
#1802=ORIENTED_EDGE('',*,*,#1801,.T.);
#1803=CARTESIAN_POINT('',(295.335295212,-136.989742215,-8.32));
#1804=VERTEX_POINT('',#1803);
#1805=CARTESIAN_POINT('',(295.093375212,-136.976302215,-8.32));
#1806=CARTESIAN_POINT('',(295.173702283,-136.985192581,-8.32));
#1807=CARTESIAN_POINT('',(295.254477061,-136.989742215,-8.32));
#1808=CARTESIAN_POINT('',(295.335295212,-136.989742215,-8.32));
#1809=B_SPLINE_CURVE_WITH_KNOTS('',3,(#1805,#1806,#1807,#1808),.UNSPECIFIED.,.F.,.F.,(4,4),(0.000973589,0.001216041),.UNSPECIFIED.);
#1810=EDGE_CURVE('',#1795,#1804,#1809,.T.);
#1811=ORIENTED_EDGE('',*,*,#1810,.T.);
#1812=CARTESIAN_POINT('',(296.867455212,-136.398382215,-8.32));
#1813=VERTEX_POINT('',#1812);
#1814=CARTESIAN_POINT('',(295.335295212,-136.989742215,-8.32));
#1815=CARTESIAN_POINT('',(295.477121886,-136.989742215,-8.32));
#1816=CARTESIAN_POINT('',(295.619025877,-136.980953471,-8.32));
#1817=CARTESIAN_POINT('',(295.758133266,-136.960728072,-8.32));
#1818=CARTESIAN_POINT('',(295.897240654,-136.940502673,-8.32));
#1819=CARTESIAN_POINT('',(296.034064852,-136.908935095,-8.32));
#1820=CARTESIAN_POINT('',(296.167795624,-136.862000337,-8.32));
#1821=CARTESIAN_POINT('',(296.301526396,-136.815065579,-8.32));
#1822=CARTESIAN_POINT('',(296.429430558,-136.75324839,-8.32));
#1823=CARTESIAN_POINT('',(296.546795128,-136.676162558,-8.32));
#1824=CARTESIAN_POINT('',(296.664159699,-136.599076727,-8.32));
#1825=CARTESIAN_POINT('',(296.772851193,-136.505124429,-8.32));
#1826=CARTESIAN_POINT('',(296.867455212,-136.398382215,-8.32));
#1827=B_SPLINE_CURVE_WITH_KNOTS('',3,(#1814,#1815,#1816,#1817,#1818,#1819,#1820,#1821,#1822,#1823,#1824,#1825,#1826),.UNSPECIFIED.,.F.,.F.,(4,3,3,3,4),(0.002360656,0.00278646,0.003212265,0.00363807,0.004063874),.UNSPECIFIED.);
#1828=EDGE_CURVE('',#1804,#1813,#1827,.T.);
#1829=ORIENTED_EDGE('',*,*,#1828,.T.);
#1830=CARTESIAN_POINT('',(297.391615212,-134.664622215,-8.32));
#1831=VERTEX_POINT('',#1830);
#1832=CARTESIAN_POINT('',(296.867455212,-136.398382215,-8.32));
#1833=CARTESIAN_POINT('',(296.969311623,-136.280855586,-8.32));
#1834=CARTESIAN_POINT('',(297.054709857,-136.149706937,-8.32));
#1835=CARTESIAN_POINT('',(297.1233896,-136.011598197,-8.32));
#1836=CARTESIAN_POINT('',(297.192069344,-135.873489457,-8.32));
#1837=CARTESIAN_POINT('',(297.24493283,-135.727237523,-8.32));
#1838=CARTESIAN_POINT('',(297.284575309,-135.577933011,-8.32));
#1839=CARTESIAN_POINT('',(297.363860266,-135.279323986,-8.32));
#1840=CARTESIAN_POINT('',(297.391615212,-134.973679208,-8.32));
#1841=CARTESIAN_POINT('',(297.391615212,-134.664622215,-8.32));
#1842=B_SPLINE_CURVE_WITH_KNOTS('',3,(#1832,#1833,#1834,#1835,#1836,#1837,#1838,#1839,#1840,#1841),.UNSPECIFIED.,.F.,.F.,(4,3,3,4),(0.003279007,0.003742782,0.004206556,0.005134106),.UNSPECIFIED.);
#1843=EDGE_CURVE('',#1813,#1831,#1842,.T.);
#1844=ORIENTED_EDGE('',*,*,#1843,.T.);
#1845=CARTESIAN_POINT('',(297.391615212,-127.917742215,-8.32));
#1846=VERTEX_POINT('',#1845);
#1847=CARTESIAN_POINT('',(297.391615212,-134.664622215,-8.32));
#1848=DIRECTION('',(0.,1.,0.));
#1849=VECTOR('',#1848,6.74688);
#1850=LINE('',#1847,#1849);
#1851=EDGE_CURVE('',#1831,#1846,#1850,.T.);
#1852=ORIENTED_EDGE('',*,*,#1851,.T.);
#1853=CARTESIAN_POINT('',(297.230335212,-127.460782215,-8.32));
#1854=VERTEX_POINT('',#1853);
#1855=CARTESIAN_POINT('',(297.391615212,-127.917742215,-8.32));
#1856=CARTESIAN_POINT('',(297.391615212,-127.834403184,-8.32));
#1857=CARTESIAN_POINT('',(297.383218632,-127.750880865,-8.32));
#1858=CARTESIAN_POINT('',(297.358709324,-127.67139112,-8.32));
#1859=CARTESIAN_POINT('',(297.334200015,-127.591901374,-8.32));
#1860=CARTESIAN_POINT('',(297.291977329,-127.517289495,-8.32));
#1861=CARTESIAN_POINT('',(297.230335212,-127.460782215,-8.32));
#1862=B_SPLINE_CURVE_WITH_KNOTS('',3,(#1855,#1856,#1857,#1858,#1859,#1860,#1861),.UNSPECIFIED.,.F.,.F.,(4,3,4),(0.001198878,0.00144857,0.001698262),.UNSPECIFIED.);
#1863=EDGE_CURVE('',#1846,#1854,#1862,.T.);
#1864=ORIENTED_EDGE('',*,*,#1863,.T.);
#1865=CARTESIAN_POINT('',(296.786815212,-127.299502215,-8.32));
#1866=VERTEX_POINT('',#1865);
#1867=CARTESIAN_POINT('',(297.230335212,-127.460782215,-8.32));
#1868=CARTESIAN_POINT('',(297.172952537,-127.40339954,-8.32));
#1869=CARTESIAN_POINT('',(297.102256357,-127.36100124,-8.32));
#1870=CARTESIAN_POINT('',(297.025561919,-127.335183197,-8.32));
#1871=CARTESIAN_POINT('',(296.94886748,-127.309365154,-8.32));
#1872=CARTESIAN_POINT('',(296.867805343,-127.299502215,-8.32));
#1873=CARTESIAN_POINT('',(296.786815212,-127.299502215,-8.32));
#1874=B_SPLINE_CURVE_WITH_KNOTS('',3,(#1867,#1868,#1869,#1870,#1871,#1872,#1873),.UNSPECIFIED.,.F.,.F.,(4,3,4),(0.000806233,0.001048564,0.001290895),.UNSPECIFIED.);
#1875=EDGE_CURVE('',#1854,#1866,#1874,.T.);
#1876=ORIENTED_EDGE('',*,*,#1875,.T.);
#1877=CARTESIAN_POINT('',(296.329855212,-127.460782215,-8.32));
#1878=VERTEX_POINT('',#1877);
#1879=CARTESIAN_POINT('',(296.786815212,-127.299502215,-8.32));
#1880=CARTESIAN_POINT('',(296.703689998,-127.299502215,-8.32));
#1881=CARTESIAN_POINT('',(296.620447759,-127.308866021,-8.32));
#1882=CARTESIAN_POINT('',(296.541384452,-127.334221786,-8.32));
#1883=CARTESIAN_POINT('',(296.462321145,-127.359577551,-8.32));
#1884=CARTESIAN_POINT('',(296.388768575,-127.401868851,-8.32));
#1885=CARTESIAN_POINT('',(296.329855212,-127.460782215,-8.32));
#1886=B_SPLINE_CURVE_WITH_KNOTS('',3,(#1879,#1880,#1881,#1882,#1883,#1884,#1885),.UNSPECIFIED.,.F.,.F.,(4,3,4),(0.001267711,0.001517005,0.001766299),.UNSPECIFIED.);
#1887=EDGE_CURVE('',#1866,#1878,#1886,.T.);
#1888=ORIENTED_EDGE('',*,*,#1887,.T.);
#1889=CARTESIAN_POINT('',(296.168575212,-127.917742215,-8.32));
#1890=VERTEX_POINT('',#1889);
#1891=CARTESIAN_POINT('',(296.329855212,-127.460782215,-8.32));
#1892=CARTESIAN_POINT('',(296.268065764,-127.517424553,-8.32));
#1893=CARTESIAN_POINT('',(296.225803597,-127.592289468,-8.32));
#1894=CARTESIAN_POINT('',(296.201343457,-127.671838139,-8.32));
#1895=CARTESIAN_POINT('',(296.176883317,-127.751386809,-8.32));
#1896=CARTESIAN_POINT('',(296.168575212,-127.834382863,-8.32));
#1897=CARTESIAN_POINT('',(296.168575212,-127.917742215,-8.32));
#1898=B_SPLINE_CURVE_WITH_KNOTS('',3,(#1891,#1892,#1893,#1894,#1895,#1896,#1897),.UNSPECIFIED.,.F.,.F.,(4,3,4),(0.000701101,0.000951738,0.001202375),.UNSPECIFIED.);
#1899=EDGE_CURVE('',#1878,#1890,#1898,.T.);
#1900=ORIENTED_EDGE('',*,*,#1899,.T.);
#1901=CARTESIAN_POINT('',(296.168575212,-134.570542215,-8.32));
#1902=VERTEX_POINT('',#1901);
#1903=CARTESIAN_POINT('',(296.168575212,-127.917742215,-8.32));
#1904=DIRECTION('',(0.,-1.,0.));
#1905=VECTOR('',#1904,6.6528);
#1906=LINE('',#1903,#1905);
#1907=EDGE_CURVE('',#1890,#1902,#1906,.T.);
#1908=ORIENTED_EDGE('',*,*,#1907,.T.);
#1909=CARTESIAN_POINT('',(295.886335212,-135.618862215,-8.32));
#1910=VERTEX_POINT('',#1909);
#1911=CARTESIAN_POINT('',(296.168575212,-134.570542215,-8.32));
#1912=CARTESIAN_POINT('',(296.168575212,-134.755106359,-8.32));
#1913=CARTESIAN_POINT('',(296.154610738,-134.940322388,-8.32));
#1914=CARTESIAN_POINT('',(296.113456241,-135.119968485,-8.32));
#1915=CARTESIAN_POINT('',(296.072301744,-135.299614581,-8.32));
#1916=CARTESIAN_POINT('',(296.002520304,-135.474992392,-8.32));
#1917=CARTESIAN_POINT('',(295.886335212,-135.618862215,-8.32));
#1918=B_SPLINE_CURVE_WITH_KNOTS('',3,(#1911,#1912,#1913,#1914,#1915,#1916,#1917),.UNSPECIFIED.,.F.,.F.,(4,3,4),(0.005590632,0.006144169,0.006697706),.UNSPECIFIED.);
#1919=EDGE_CURVE('',#1902,#1910,#1918,.T.);
#1920=ORIENTED_EDGE('',*,*,#1919,.T.);
#1921=CARTESIAN_POINT('',(295.053055212,-135.954862215,-8.32));
#1922=VERTEX_POINT('',#1921);
#1923=CARTESIAN_POINT('',(295.886335212,-135.618862215,-8.32));
#1924=CARTESIAN_POINT('',(295.83469096,-135.677550114,-8.32));
#1925=CARTESIAN_POINT('',(295.776650652,-135.729344122,-8.32));
#1926=CARTESIAN_POINT('',(295.713103846,-135.77301685,-8.32));
#1927=CARTESIAN_POINT('',(295.64955704,-135.816689579,-8.32));
#1928=CARTESIAN_POINT('',(295.579241836,-135.852828957,-8.32));
#1929=CARTESIAN_POINT('',(295.506372795,-135.880099064,-8.32));
#1930=CARTESIAN_POINT('',(295.360634712,-135.934639279,-8.32));
#1931=CARTESIAN_POINT('',(295.208454989,-135.954862215,-8.32));
#1932=CARTESIAN_POINT('',(295.053055212,-135.954862215,-8.32));
#1933=B_SPLINE_CURVE_WITH_KNOTS('',3,(#1923,#1924,#1925,#1926,#1927,#1928,#1929,#1930,#1931,#1932),.UNSPECIFIED.,.F.,.F.,(4,3,3,4),(0.001119822,0.001354186,0.001588551,0.002057281),.UNSPECIFIED.);
#1934=EDGE_CURVE('',#1910,#1922,#1933,.T.);
#1935=ORIENTED_EDGE('',*,*,#1934,.T.);
#1936=CARTESIAN_POINT('',(295.053055212,-135.954862215,-8.32));
#1937=DIRECTION('',(-1.,0.,0.));
#1938=VECTOR('',#1937,0.21504);
#1939=LINE('',#1936,#1938);
#1940=EDGE_CURVE('',#1922,#1733,#1939,.T.);
#1941=ORIENTED_EDGE('',*,*,#1940,.T.);
#1942=EDGE_LOOP('',(#1742,#1754,#1769,#1781,#1793,#1802,#1811,#1829,#1844,#1852,#1864,#1876,#1888,#1900,#1908,#1920,#1935,#1941));
#1943=FACE_BOUND('',#1942,.T.);
#1944=CARTESIAN_POINT('',(300.149860212,-132.469282215,-8.32));
#1945=VERTEX_POINT('',#1944);
#1946=CARTESIAN_POINT('',(300.034360212,-131.734282215,-8.32));
#1947=VERTEX_POINT('',#1946);
#1948=CARTESIAN_POINT('',(300.149860212,-132.469282215,-8.32));
#1949=CARTESIAN_POINT('',(300.053929573,-132.373351576,-8.32));
#1950=CARTESIAN_POINT('',(299.980209711,-132.254873222,-8.32));
#1951=CARTESIAN_POINT('',(299.955306312,-132.121198379,-8.32));
#1952=CARTESIAN_POINT('',(299.942854612,-132.054360958,-8.32));
#1953=CARTESIAN_POINT('',(299.943072983,-131.986521764,-8.32));
#1954=CARTESIAN_POINT('',(299.956687943,-131.919964741,-8.32));
#1955=CARTESIAN_POINT('',(299.970302902,-131.853407718,-8.32));
#1956=CARTESIAN_POINT('',(299.996657557,-131.790934888,-8.32));
#1957=CARTESIAN_POINT('',(300.034360212,-131.734282215,-8.32));
#1958=B_SPLINE_CURVE_WITH_KNOTS('',3,(#1948,#1949,#1950,#1951,#1952,#1953,#1954,#1955,#1956,#1957),.UNSPECIFIED.,.F.,.F.,(4,3,3,4),(0.001040555,0.001445563,0.001648067,0.001850571),.UNSPECIFIED.);
#1959=EDGE_CURVE('',#1945,#1947,#1958,.T.);
#1960=ORIENTED_EDGE('',*,*,#1959,.F.);
#1961=CARTESIAN_POINT('',(301.669792956,-134.338516273,-8.32));
#1962=VERTEX_POINT('',#1961);
#1963=CARTESIAN_POINT('',(300.149860212,-132.469282215,-8.32));
#1964=DIRECTION('',(0.630887624,-0.775874221,0.));
#1965=VECTOR('',#1964,2.409197276);
#1966=LINE('',#1963,#1965);
#1967=EDGE_CURVE('',#1945,#1962,#1966,.T.);
#1968=ORIENTED_EDGE('',*,*,#1967,.T.);
#1969=CARTESIAN_POINT('',(300.034360212,-136.354282215,-8.32));
#1970=VERTEX_POINT('',#1969);
#1971=CARTESIAN_POINT('',(301.669792956,-134.338516273,-8.32));
#1972=DIRECTION('',(-0.630040857,-0.776561986,0.));
#1973=VECTOR('',#1972,2.595756651);
#1974=LINE('',#1971,#1973);
#1975=EDGE_CURVE('',#1962,#1970,#1974,.T.);
#1976=ORIENTED_EDGE('',*,*,#1975,.T.);
#1977=CARTESIAN_POINT('',(299.897860212,-136.679782215,-8.32));
#1978=VERTEX_POINT('',#1977);
#1979=CARTESIAN_POINT('',(300.034360212,-136.354282215,-8.32));
#1980=CARTESIAN_POINT('',(299.994530694,-136.399832156,-8.32));
#1981=CARTESIAN_POINT('',(299.959077054,-136.449281343,-8.32));
#1982=CARTESIAN_POINT('',(299.933634149,-136.504062972,-8.32));
#1983=CARTESIAN_POINT('',(299.908191244,-136.558844601,-8.32));
#1984=CARTESIAN_POINT('',(299.893801197,-136.619199618,-8.32));
#1985=CARTESIAN_POINT('',(299.897860212,-136.679782215,-8.32));
#1986=B_SPLINE_CURVE_WITH_KNOTS('',3,(#1979,#1980,#1981,#1982,#1983,#1984,#1985),.UNSPECIFIED.,.F.,.F.,(4,3,4),(0.000945623,0.001126853,0.001308082),.UNSPECIFIED.);
#1987=EDGE_CURVE('',#1970,#1978,#1986,.T.);
#1988=ORIENTED_EDGE('',*,*,#1987,.T.);
#1989=CARTESIAN_POINT('',(300.023860212,-136.942282215,-8.32));
#1990=VERTEX_POINT('',#1989);
#1991=CARTESIAN_POINT('',(299.897860212,-136.679782215,-8.32));
#1992=CARTESIAN_POINT('',(299.90119921,-136.729618009,-8.32));
#1993=CARTESIAN_POINT('',(299.912868353,-136.77865422,-8.32));
#1994=CARTESIAN_POINT('',(299.934439833,-136.823733827,-8.32));
#1995=CARTESIAN_POINT('',(299.956011313,-136.868813434,-8.32));
#1996=CARTESIAN_POINT('',(299.986914719,-136.908663328,-8.32));
#1997=CARTESIAN_POINT('',(300.023860212,-136.942282215,-8.32));
#1998=B_SPLINE_CURVE_WITH_KNOTS('',3,(#1991,#1992,#1993,#1994,#1995,#1996,#1997),.UNSPECIFIED.,.F.,.F.,(4,3,4),(0.001262862,0.001412552,0.001562242),.UNSPECIFIED.);
#1999=EDGE_CURVE('',#1978,#1990,#1998,.T.);
#2000=ORIENTED_EDGE('',*,*,#1999,.T.);
#2001=CARTESIAN_POINT('',(300.296860212,-137.036782215,-8.32));
#2002=VERTEX_POINT('',#2001);
#2003=CARTESIAN_POINT('',(300.023860212,-136.942282215,-8.32));
#2004=CARTESIAN_POINT('',(300.060633357,-136.975361506,-8.32));
#2005=CARTESIAN_POINT('',(300.104246316,-137.000062365,-8.32));
#2006=CARTESIAN_POINT('',(300.151176789,-137.015364114,-8.32));
#2007=CARTESIAN_POINT('',(300.198107262,-137.030665864,-8.32));
#2008=CARTESIAN_POINT('',(300.247466642,-137.036782215,-8.32));
#2009=CARTESIAN_POINT('',(300.296860212,-137.036782215,-8.32));
#2010=B_SPLINE_CURVE_WITH_KNOTS('',3,(#2003,#2004,#2005,#2006,#2007,#2008,#2009),.UNSPECIFIED.,.F.,.F.,(4,3,4),(0.001130498,0.001278504,0.00142651),.UNSPECIFIED.);
#2011=EDGE_CURVE('',#1990,#2002,#2010,.T.);
#2012=ORIENTED_EDGE('',*,*,#2011,.T.);
#2013=CARTESIAN_POINT('',(300.601360212,-136.973782215,-8.32));
#2014=VERTEX_POINT('',#2013);
#2015=CARTESIAN_POINT('',(300.296860212,-137.036782215,-8.32));
#2016=CARTESIAN_POINT('',(300.4015287,-137.036782215,-8.32));
#2017=CARTESIAN_POINT('',(300.507664149,-137.020630045,-8.32));
#2018=CARTESIAN_POINT('',(300.601360212,-136.973782215,-8.32));
#2019=B_SPLINE_CURVE_WITH_KNOTS('',3,(#2015,#2016,#2017,#2018),.UNSPECIFIED.,.F.,.F.,(4,4),(0.00142758,0.001741585),.UNSPECIFIED.);
#2020=EDGE_CURVE('',#2002,#2014,#2019,.T.);
#2021=ORIENTED_EDGE('',*,*,#2020,.T.);
#2022=CARTESIAN_POINT('',(300.821860212,-136.774282215,-8.32));
#2023=VERTEX_POINT('',#2022);
#2024=CARTESIAN_POINT('',(300.601360212,-136.973782215,-8.32));
#2025=CARTESIAN_POINT('',(300.6892536,-136.925818565,-8.32));
#2026=CARTESIAN_POINT('',(300.760902046,-136.853518692,-8.32));
#2027=CARTESIAN_POINT('',(300.821860212,-136.774282215,-8.32));
#2028=B_SPLINE_CURVE_WITH_KNOTS('',3,(#2024,#2025,#2026,#2027),.UNSPECIFIED.,.F.,.F.,(4,4),(0.00105215,0.00135245),.UNSPECIFIED.);
#2029=EDGE_CURVE('',#2014,#2023,#2028,.T.);
#2030=ORIENTED_EDGE('',*,*,#2029,.T.);
#2031=CARTESIAN_POINT('',(302.222510549,-135.016419039,-8.32));
#2032=VERTEX_POINT('',#2031);
#2033=CARTESIAN_POINT('',(300.821860212,-136.774282215,-8.32));
#2034=DIRECTION('',(0.623163736,0.7820914,0.));
#2035=VECTOR('',#2034,2.24764417);
#2036=LINE('',#2033,#2035);
#2037=EDGE_CURVE('',#2023,#2032,#2036,.T.);
#2038=ORIENTED_EDGE('',*,*,#2037,.T.);
#2039=CARTESIAN_POINT('',(303.604360212,-136.774282215,-8.32));
#2040=VERTEX_POINT('',#2039);
#2041=CARTESIAN_POINT('',(302.222510549,-135.016419039,-8.32));
#2042=DIRECTION('',(0.618007206,-0.786172432,0.));
#2043=VECTOR('',#2042,2.235976617);
#2044=LINE('',#2041,#2043);
#2045=EDGE_CURVE('',#2032,#2040,#2044,.T.);
#2046=ORIENTED_EDGE('',*,*,#2045,.T.);
#2047=CARTESIAN_POINT('',(303.835360212,-136.973782215,-8.32));
#2048=VERTEX_POINT('',#2047);
#2049=CARTESIAN_POINT('',(303.604360212,-136.774282215,-8.32));
#2050=CARTESIAN_POINT('',(303.669878093,-136.852864382,-8.32));
#2051=CARTESIAN_POINT('',(303.746981881,-136.922191345,-8.32));
#2052=CARTESIAN_POINT('',(303.835360212,-136.973782215,-8.32));
#2053=B_SPLINE_CURVE_WITH_KNOTS('',3,(#2049,#2050,#2051,#2052),.UNSPECIFIED.,.F.,.F.,(4,4),(0.001312395,0.001619296),.UNSPECIFIED.);
#2054=EDGE_CURVE('',#2040,#2048,#2053,.T.);
#2055=ORIENTED_EDGE('',*,*,#2054,.T.);
#2056=CARTESIAN_POINT('',(304.129360212,-137.036782215,-8.32));
#2057=VERTEX_POINT('',#2056);
#2058=CARTESIAN_POINT('',(303.835360212,-136.973782215,-8.32));
#2059=CARTESIAN_POINT('',(303.924609865,-137.022485982,-8.32));
#2060=CARTESIAN_POINT('',(304.027921351,-137.036782215,-8.32));
#2061=CARTESIAN_POINT('',(304.129360212,-137.036782215,-8.32));
#2062=B_SPLINE_CURVE_WITH_KNOTS('',3,(#2058,#2059,#2060,#2061),.UNSPECIFIED.,.F.,.F.,(4,4),(0.001052156,0.00135691),.UNSPECIFIED.);
#2063=EDGE_CURVE('',#2048,#2057,#2062,.T.);
#2064=ORIENTED_EDGE('',*,*,#2063,.T.);
#2065=CARTESIAN_POINT('',(304.402360212,-136.942282215,-8.32));
#2066=VERTEX_POINT('',#2065);
#2067=CARTESIAN_POINT('',(304.129360212,-137.036782215,-8.32));
#2068=CARTESIAN_POINT('',(304.178616497,-137.036782215,-8.32));
#2069=CARTESIAN_POINT('',(304.227715276,-137.029722,-8.32));
#2070=CARTESIAN_POINT('',(304.274349981,-137.013851565,-8.32));
#2071=CARTESIAN_POINT('',(304.320984687,-136.997981131,-8.32));
#2072=CARTESIAN_POINT('',(304.364230633,-136.97349333,-8.32));
#2073=CARTESIAN_POINT('',(304.402360212,-136.942282215,-8.32));
#2074=B_SPLINE_CURVE_WITH_KNOTS('',3,(#2067,#2068,#2069,#2070,#2071,#2072,#2073),.UNSPECIFIED.,.F.,.F.,(4,3,4),(0.001260027,0.001407688,0.001555349),.UNSPECIFIED.);
#2075=EDGE_CURVE('',#2057,#2066,#2074,.T.);
#2076=ORIENTED_EDGE('',*,*,#2075,.T.);
#2077=CARTESIAN_POINT('',(304.528360212,-136.690282215,-8.32));
#2078=VERTEX_POINT('',#2077);
#2079=CARTESIAN_POINT('',(304.402360212,-136.942282215,-8.32));
#2080=CARTESIAN_POINT('',(304.439951991,-136.911511318,-8.32));
#2081=CARTESIAN_POINT('',(304.471130826,-136.873653525,-8.32));
#2082=CARTESIAN_POINT('',(304.492558227,-136.830067162,-8.32));
#2083=CARTESIAN_POINT('',(304.513985627,-136.786480799,-8.32));
#2084=CARTESIAN_POINT('',(304.525114384,-136.738727402,-8.32));
#2085=CARTESIAN_POINT('',(304.528360212,-136.690282215,-8.32));
#2086=B_SPLINE_CURVE_WITH_KNOTS('',3,(#2079,#2080,#2081,#2082,#2083,#2084,#2085),.UNSPECIFIED.,.F.,.F.,(4,3,4),(0.001193647,0.00133879,0.001483933),.UNSPECIFIED.);
#2087=EDGE_CURVE('',#2066,#2078,#2086,.T.);
#2088=ORIENTED_EDGE('',*,*,#2087,.T.);
#2089=CARTESIAN_POINT('',(304.391860212,-136.354282215,-8.32));
#2090=VERTEX_POINT('',#2089);
#2091=CARTESIAN_POINT('',(304.528360212,-136.690282215,-8.32));
#2092=CARTESIAN_POINT('',(304.528360212,-136.628514613,-8.32));
#2093=CARTESIAN_POINT('',(304.512369902,-136.567881352,-8.32));
#2094=CARTESIAN_POINT('',(304.487496635,-136.511598615,-8.32));
#2095=CARTESIAN_POINT('',(304.462623368,-136.455315878,-8.32));
#2096=CARTESIAN_POINT('',(304.429301413,-136.403210567,-8.32));
#2097=CARTESIAN_POINT('',(304.391860212,-136.354282215,-8.32));
#2098=B_SPLINE_CURVE_WITH_KNOTS('',3,(#2091,#2092,#2093,#2094,#2095,#2096,#2097),.UNSPECIFIED.,.F.,.F.,(4,3,4),(0.001260094,0.001444932,0.00162977),.UNSPECIFIED.);
#2099=EDGE_CURVE('',#2078,#2090,#2098,.T.);
#2100=ORIENTED_EDGE('',*,*,#2099,.T.);
#2101=CARTESIAN_POINT('',(302.766088787,-134.333814838,-8.32));
#2102=VERTEX_POINT('',#2101);
#2103=CARTESIAN_POINT('',(304.391860212,-136.354282215,-8.32));
#2104=DIRECTION('',(-0.626902127,0.779098019,0.));
#2105=VECTOR('',#2104,2.593341695);
#2106=LINE('',#2103,#2105);
#2107=EDGE_CURVE('',#2090,#2102,#2106,.T.);
#2108=ORIENTED_EDGE('',*,*,#2107,.T.);
#2109=CARTESIAN_POINT('',(304.276360212,-132.469282215,-8.32));
#2110=VERTEX_POINT('',#2109);
#2111=CARTESIAN_POINT('',(302.766088787,-134.333814838,-8.32));
#2112=DIRECTION('',(0.629421742,0.777063878,0.));
#2113=VECTOR('',#2112,2.399458622);
#2114=LINE('',#2111,#2113);
#2115=EDGE_CURVE('',#2102,#2110,#2114,.T.);
#2116=ORIENTED_EDGE('',*,*,#2115,.T.);
#2117=CARTESIAN_POINT('',(304.391860212,-131.734282215,-8.32));
#2118=VERTEX_POINT('',#2117);
#2119=CARTESIAN_POINT('',(304.276360212,-132.469282215,-8.32));
#2120=CARTESIAN_POINT('',(304.325334795,-132.420307632,-8.32));
#2121=CARTESIAN_POINT('',(304.370463293,-132.368046828,-8.32));
#2122=CARTESIAN_POINT('',(304.408492807,-132.310475918,-8.32));
#2123=CARTESIAN_POINT('',(304.44652232,-132.252905008,-8.32));
#2124=CARTESIAN_POINT('',(304.477100698,-132.190127977,-8.32));
#2125=CARTESIAN_POINT('',(304.492615703,-132.122827906,-8.32));
#2126=CARTESIAN_POINT('',(304.508130707,-132.055527835,-8.32));
#2127=CARTESIAN_POINT('',(304.506912599,-131.983879562,-8.32));
#2128=CARTESIAN_POINT('',(304.488178737,-131.917285512,-8.32));
#2129=CARTESIAN_POINT('',(304.469444875,-131.850691463,-8.32));
#2130=CARTESIAN_POINT('',(304.434660817,-131.78927469,-8.32));
#2131=CARTESIAN_POINT('',(304.391860212,-131.734282215,-8.32));
#2132=B_SPLINE_CURVE_WITH_KNOTS('',3,(#2119,#2120,#2121,#2122,#2123,#2124,#2125,#2126,#2127,#2128,#2129,#2130,#2131),.UNSPECIFIED.,.F.,.F.,(4,3,3,3,4),(0.001182756,0.001390509,0.001598263,0.001806017,0.002013771),.UNSPECIFIED.);
#2133=EDGE_CURVE('',#2110,#2118,#2132,.T.);
#2134=ORIENTED_EDGE('',*,*,#2133,.T.);
#2135=CARTESIAN_POINT('',(302.766088787,-129.713814838,-8.32));
#2136=VERTEX_POINT('',#2135);
#2137=CARTESIAN_POINT('',(304.391860212,-131.734282215,-8.32));
#2138=DIRECTION('',(-0.626902127,0.779098019,0.));
#2139=VECTOR('',#2138,2.593341695);
#2140=LINE('',#2137,#2139);
#2141=EDGE_CURVE('',#2118,#2136,#2140,.T.);
#2142=ORIENTED_EDGE('',*,*,#2141,.T.);
#2143=CARTESIAN_POINT('',(304.276360212,-127.849282215,-8.32));
#2144=VERTEX_POINT('',#2143);
#2145=CARTESIAN_POINT('',(302.766088787,-129.713814838,-8.32));
#2146=DIRECTION('',(0.629421742,0.777063878,0.));
#2147=VECTOR('',#2146,2.399458622);
#2148=LINE('',#2145,#2147);
#2149=EDGE_CURVE('',#2136,#2144,#2148,.T.);
#2150=ORIENTED_EDGE('',*,*,#2149,.T.);
#2151=CARTESIAN_POINT('',(304.412860212,-127.513282215,-8.32));
#2152=VERTEX_POINT('',#2151);
#2153=CARTESIAN_POINT('',(304.276360212,-127.849282215,-8.32));
#2154=CARTESIAN_POINT('',(304.315775496,-127.801405107,-8.32));
#2155=CARTESIAN_POINT('',(304.350961766,-127.749951349,-8.32));
#2156=CARTESIAN_POINT('',(304.376467468,-127.693542889,-8.32));
#2157=CARTESIAN_POINT('',(304.40197317,-127.637134429,-8.32));
#2158=CARTESIAN_POINT('',(304.417020131,-127.575378549,-8.32));
#2159=CARTESIAN_POINT('',(304.412860212,-127.513282215,-8.32));
#2160=B_SPLINE_CURVE_WITH_KNOTS('',3,(#2153,#2154,#2155,#2156,#2157,#2158,#2159),.UNSPECIFIED.,.F.,.F.,(4,3,4),(0.000970448,0.001156234,0.00134202),.UNSPECIFIED.);
#2161=EDGE_CURVE('',#2144,#2152,#2160,.T.);
#2162=ORIENTED_EDGE('',*,*,#2161,.T.);
#2163=CARTESIAN_POINT('',(304.297360212,-127.261282215,-8.32));
#2164=VERTEX_POINT('',#2163);
#2165=CARTESIAN_POINT('',(304.412860212,-127.513282215,-8.32));
#2166=CARTESIAN_POINT('',(304.409681191,-127.465834153,-8.32));
#2167=CARTESIAN_POINT('',(304.399760208,-127.418917597,-8.32));
#2168=CARTESIAN_POINT('',(304.380500072,-127.375449124,-8.32));
#2169=CARTESIAN_POINT('',(304.361239937,-127.331980651,-8.32));
#2170=CARTESIAN_POINT('',(304.332750584,-127.293117632,-8.32));
#2171=CARTESIAN_POINT('',(304.297360212,-127.261282215,-8.32));
#2172=B_SPLINE_CURVE_WITH_KNOTS('',3,(#2165,#2166,#2167,#2168,#2169,#2170,#2171),.UNSPECIFIED.,.F.,.F.,(4,3,4),(0.001262862,0.001405377,0.001547893),.UNSPECIFIED.);
#2173=EDGE_CURVE('',#2152,#2164,#2172,.T.);
#2174=ORIENTED_EDGE('',*,*,#2173,.T.);
#2175=CARTESIAN_POINT('',(304.013860212,-127.166782215,-8.32));
#2176=VERTEX_POINT('',#2175);
#2177=CARTESIAN_POINT('',(304.297360212,-127.261282215,-8.32));
#2178=CARTESIAN_POINT('',(304.257906161,-127.228986948,-8.32));
#2179=CARTESIAN_POINT('',(304.212646305,-127.204447038,-8.32));
#2180=CARTESIAN_POINT('',(304.164149779,-127.188899456,-8.32));
#2181=CARTESIAN_POINT('',(304.115653253,-127.173351874,-8.32));
#2182=CARTESIAN_POINT('',(304.064802276,-127.166782215,-8.32));
#2183=CARTESIAN_POINT('',(304.013860212,-127.166782215,-8.32));
#2184=B_SPLINE_CURVE_WITH_KNOTS('',3,(#2177,#2178,#2179,#2180,#2181,#2182,#2183),.UNSPECIFIED.,.F.,.F.,(4,3,4),(0.001193632,0.001346133,0.001498634),.UNSPECIFIED.);
#2185=EDGE_CURVE('',#2164,#2176,#2184,.T.);
#2186=ORIENTED_EDGE('',*,*,#2185,.T.);
#2187=CARTESIAN_POINT('',(303.719860212,-127.229782215,-8.32));
#2188=VERTEX_POINT('',#2187);
#2189=CARTESIAN_POINT('',(304.013860212,-127.166782215,-8.32));
#2190=CARTESIAN_POINT('',(303.963183572,-127.166782215,-8.32));
#2191=CARTESIAN_POINT('',(303.912497708,-127.170499502,-8.32));
#2192=CARTESIAN_POINT('',(303.862777881,-127.180150877,-8.32));
#2193=CARTESIAN_POINT('',(303.813058054,-127.189802252,-8.32));
#2194=CARTESIAN_POINT('',(303.764403594,-127.205474998,-8.32));
#2195=CARTESIAN_POINT('',(303.719860212,-127.229782215,-8.32));
#2196=B_SPLINE_CURVE_WITH_KNOTS('',3,(#2189,#2190,#2191,#2192,#2193,#2194,#2195),.UNSPECIFIED.,.F.,.F.,(4,3,4),(0.001427593,0.001579573,0.001731553),.UNSPECIFIED.);
#2197=EDGE_CURVE('',#2176,#2188,#2196,.T.);
#2198=ORIENTED_EDGE('',*,*,#2197,.T.);
#2199=CARTESIAN_POINT('',(303.488860212,-127.429282215,-8.32));
#2200=VERTEX_POINT('',#2199);
#2201=CARTESIAN_POINT('',(303.719860212,-127.229782215,-8.32));
#2202=CARTESIAN_POINT('',(303.627949205,-127.275737718,-8.32));
#2203=CARTESIAN_POINT('',(303.551492559,-127.347897724,-8.32));
#2204=CARTESIAN_POINT('',(303.488860212,-127.429282215,-8.32));
#2205=B_SPLINE_CURVE_WITH_KNOTS('',3,(#2201,#2202,#2203,#2204),.UNSPECIFIED.,.F.,.F.,(4,4),(0.001126983,0.001435218),.UNSPECIFIED.);
#2206=EDGE_CURVE('',#2188,#2200,#2205,.T.);
#2207=ORIENTED_EDGE('',*,*,#2206,.T.);
#2208=CARTESIAN_POINT('',(302.207860212,-129.053738736,-8.32));
#2209=VERTEX_POINT('',#2208);
#2210=CARTESIAN_POINT('',(303.488860212,-127.429282215,-8.32));
#2211=DIRECTION('',(-0.619207743,-0.78522721,0.));
#2212=VECTOR('',#2211,2.068772581);
#2213=LINE('',#2210,#2212);
#2214=EDGE_CURVE('',#2200,#2209,#2213,.T.);
#2215=ORIENTED_EDGE('',*,*,#2214,.T.);
#2216=CARTESIAN_POINT('',(300.926860212,-127.429282215,-8.32));
#2217=VERTEX_POINT('',#2216);
#2218=CARTESIAN_POINT('',(302.207860212,-129.053738736,-8.32));
#2219=DIRECTION('',(-0.619207743,0.78522721,0.));
#2220=VECTOR('',#2219,2.068772581);
#2221=LINE('',#2218,#2220);
#2222=EDGE_CURVE('',#2209,#2217,#2221,.T.);
#2223=ORIENTED_EDGE('',*,*,#2222,.T.);
#2224=CARTESIAN_POINT('',(300.706360212,-127.229782215,-8.32));
#2225=VERTEX_POINT('',#2224);
#2226=CARTESIAN_POINT('',(300.926860212,-127.429282215,-8.32));
#2227=CARTESIAN_POINT('',(300.865938009,-127.350119887,-8.32));
#2228=CARTESIAN_POINT('',(300.794113339,-127.277669715,-8.32));
#2229=CARTESIAN_POINT('',(300.706360212,-127.229782215,-8.32));
#2230=B_SPLINE_CURVE_WITH_KNOTS('',3,(#2226,#2227,#2228,#2229),.UNSPECIFIED.,.F.,.F.,(4,4),(0.001378,0.001677608),.UNSPECIFIED.);
#2231=EDGE_CURVE('',#2217,#2225,#2230,.T.);
#2232=ORIENTED_EDGE('',*,*,#2231,.T.);
#2233=CARTESIAN_POINT('',(300.412360212,-127.166782215,-8.32));
#2234=VERTEX_POINT('',#2233);
#2235=CARTESIAN_POINT('',(300.706360212,-127.229782215,-8.32));
#2236=CARTESIAN_POINT('',(300.615770879,-127.184487548,-8.32));
#2237=CARTESIAN_POINT('',(300.513583729,-127.166782215,-8.32));
#2238=CARTESIAN_POINT('',(300.412360212,-127.166782215,-8.32));
#2239=B_SPLINE_CURVE_WITH_KNOTS('',3,(#2235,#2236,#2237,#2238),.UNSPECIFIED.,.F.,.F.,(4,4),(0.001127001,0.001430643),.UNSPECIFIED.);
#2240=EDGE_CURVE('',#2225,#2234,#2239,.T.);
#2241=ORIENTED_EDGE('',*,*,#2240,.T.);
#2242=CARTESIAN_POINT('',(300.139360212,-127.261282215,-8.32));
#2243=VERTEX_POINT('',#2242);
#2244=CARTESIAN_POINT('',(300.412360212,-127.166782215,-8.32));
#2245=CARTESIAN_POINT('',(300.362962299,-127.166782215,-8.32));
#2246=CARTESIAN_POINT('',(300.313589731,-127.172901127,-8.32));
#2247=CARTESIAN_POINT('',(300.266654541,-127.18820757,-8.32));
#2248=CARTESIAN_POINT('',(300.219719352,-127.203514013,-8.32));
#2249=CARTESIAN_POINT('',(300.176139397,-127.22819749,-8.32));
#2250=CARTESIAN_POINT('',(300.139360212,-127.261282215,-8.32));
#2251=B_SPLINE_CURVE_WITH_KNOTS('',3,(#2244,#2245,#2246,#2247,#2248,#2249,#2250),.UNSPECIFIED.,.F.,.F.,(4,3,4),(0.001344453,0.001492516,0.001640578),.UNSPECIFIED.);
#2252=EDGE_CURVE('',#2234,#2243,#2251,.T.);
#2253=ORIENTED_EDGE('',*,*,#2252,.T.);
#2254=CARTESIAN_POINT('',(300.023860212,-127.513282215,-8.32));
#2255=VERTEX_POINT('',#2254);
#2256=CARTESIAN_POINT('',(300.139360212,-127.261282215,-8.32));
#2257=CARTESIAN_POINT('',(300.10217497,-127.291720339,-8.32));
#2258=CARTESIAN_POINT('',(300.07154766,-127.329686966,-8.32));
#2259=CARTESIAN_POINT('',(300.051847549,-127.373516567,-8.32));
#2260=CARTESIAN_POINT('',(300.032147439,-127.417346169,-8.32));
#2261=CARTESIAN_POINT('',(300.023860212,-127.46525415,-8.32));
#2262=CARTESIAN_POINT('',(300.023860212,-127.513282215,-8.32));
#2263=B_SPLINE_CURVE_WITH_KNOTS('',3,(#2256,#2257,#2258,#2259,#2260,#2261,#2262),.UNSPECIFIED.,.F.,.F.,(4,3,4),(0.000413052,0.000557188,0.000701324),.UNSPECIFIED.);
#2264=EDGE_CURVE('',#2243,#2255,#2263,.T.);
#2265=ORIENTED_EDGE('',*,*,#2264,.T.);
#2266=CARTESIAN_POINT('',(300.149860212,-127.849282215,-8.32));
#2267=VERTEX_POINT('',#2266);
#2268=CARTESIAN_POINT('',(300.023860212,-127.513282215,-8.32));
#2269=CARTESIAN_POINT('',(300.019754421,-127.574570046,-8.32));
#2270=CARTESIAN_POINT('',(300.033051166,-127.635705464,-8.32));
#2271=CARTESIAN_POINT('',(300.056459411,-127.692182328,-8.32));
#2272=CARTESIAN_POINT('',(300.079867657,-127.748659191,-8.32));
#2273=CARTESIAN_POINT('',(300.112657315,-127.800652407,-8.32));
#2274=CARTESIAN_POINT('',(300.149860212,-127.849282215,-8.32));
#2275=B_SPLINE_CURVE_WITH_KNOTS('',3,(#2268,#2269,#2270,#2271,#2272,#2273,#2274),.UNSPECIFIED.,.F.,.F.,(4,3,4),(0.00098497,0.001168391,0.001351812),.UNSPECIFIED.);
#2276=EDGE_CURVE('',#2255,#2267,#2275,.T.);
#2277=ORIENTED_EDGE('',*,*,#2276,.T.);
#2278=CARTESIAN_POINT('',(301.669792956,-129.718516273,-8.32));
#2279=VERTEX_POINT('',#2278);
#2280=CARTESIAN_POINT('',(300.149860212,-127.849282215,-8.32));
#2281=DIRECTION('',(0.630887624,-0.775874221,0.));
#2282=VECTOR('',#2281,2.409197276);
#2283=LINE('',#2280,#2282);
#2284=EDGE_CURVE('',#2267,#2279,#2283,.T.);
#2285=ORIENTED_EDGE('',*,*,#2284,.T.);
#2286=CARTESIAN_POINT('',(301.669792956,-129.718516273,-8.32));
#2287=DIRECTION('',(-0.630040857,-0.776561986,0.));
#2288=VECTOR('',#2287,2.595756651);
#2289=LINE('',#2286,#2288);
#2290=EDGE_CURVE('',#2279,#1947,#2289,.T.);
#2291=ORIENTED_EDGE('',*,*,#2290,.T.);
#2292=EDGE_LOOP('',(#1960,#1968,#1976,#1988,#2000,#2012,#2021,#2030,#2038,#2046,#2055,#2064,#2076,#2088,#2100,#2108,#2116,#2134,#2142,#2150,#2162,#2174,#2186,#2198,#2207,#2215,
#2223,#2232,#2241,#2253,#2265,#2277,#2285,#2291));
#2293=FACE_BOUND('',#2292,.T.);
#2294=CARTESIAN_POINT('',(306.476740212,-127.299502215,-8.32));
#2295=VERTEX_POINT('',#2294);
#2296=CARTESIAN_POINT('',(306.019780212,-127.514542215,-8.32));
#2297=VERTEX_POINT('',#2296);
#2298=CARTESIAN_POINT('',(306.476740212,-127.299502215,-8.32));
#2299=CARTESIAN_POINT('',(306.388522808,-127.299502215,-8.32));
#2300=CARTESIAN_POINT('',(306.300231569,-127.312549816,-8.32));
#2301=CARTESIAN_POINT('',(306.219530538,-127.3479925,-8.32));
#2302=CARTESIAN_POINT('',(306.138829507,-127.383435183,-8.32));
#2303=CARTESIAN_POINT('',(306.06990431,-127.441662095,-8.32));
#2304=CARTESIAN_POINT('',(306.019780212,-127.514542215,-8.32));
#2305=B_SPLINE_CURVE_WITH_KNOTS('',3,(#2298,#2299,#2300,#2301,#2302,#2303,#2304),.UNSPECIFIED.,.F.,.F.,(4,3,4),(0.000956134,0.001220127,0.00148412),.UNSPECIFIED.);
#2306=EDGE_CURVE('',#2295,#2297,#2305,.T.);
#2307=ORIENTED_EDGE('',*,*,#2306,.T.);
#2308=CARTESIAN_POINT('',(305.979460212,-128.038702215,-8.32));
#2309=VERTEX_POINT('',#2308);
#2310=CARTESIAN_POINT('',(306.019780212,-127.514542215,-8.32));
#2311=CARTESIAN_POINT('',(305.993714056,-127.552442238,-8.32));
#2312=CARTESIAN_POINT('',(305.973297606,-127.592966189,-8.32));
#2313=CARTESIAN_POINT('',(305.958942287,-127.636305148,-8.32));
#2314=CARTESIAN_POINT('',(305.944586968,-127.679644107,-8.32));
#2315=CARTESIAN_POINT('',(305.936701286,-127.725128242,-8.32));
#2316=CARTESIAN_POINT('',(305.934697826,-127.770584868,-8.32));
#2317=CARTESIAN_POINT('',(305.932694367,-127.816041494,-8.32));
#2318=CARTESIAN_POINT('',(305.936488756,-127.862173338,-8.32));
#2319=CARTESIAN_POINT('',(305.944429983,-127.906887787,-8.32));
#2320=CARTESIAN_POINT('',(305.95237121,-127.951602235,-8.32));
#2321=CARTESIAN_POINT('',(305.964413862,-127.995464336,-8.32));
#2322=CARTESIAN_POINT('',(305.979460212,-128.038702215,-8.32));
#2323=B_SPLINE_CURVE_WITH_KNOTS('',3,(#2310,#2311,#2312,#2313,#2314,#2315,#2316,#2317,#2318,#2319,#2320,#2321,#2322),.UNSPECIFIED.,.F.,.F.,(4,3,3,3,4),(0.,0.00013606,0.00027212,0.00040818,0.00054424),.UNSPECIFIED.);
#2324=EDGE_CURVE('',#2297,#2309,#2323,.T.);
#2325=ORIENTED_EDGE('',*,*,#2324,.T.);
#2326=CARTESIAN_POINT('',(308.936260212,-136.411822215,-8.32));
#2327=VERTEX_POINT('',#2326);
#2328=CARTESIAN_POINT('',(305.979460212,-128.038702215,-8.32));
#2329=DIRECTION('',(0.332978452,-0.942934436,0.));
#2330=VECTOR('',#2329,8.879853871);
#2331=LINE('',#2328,#2330);
#2332=EDGE_CURVE('',#2309,#2327,#2331,.T.);
#2333=ORIENTED_EDGE('',*,*,#2332,.T.);
#2334=CARTESIAN_POINT('',(309.191620212,-136.828462215,-8.32));
#2335=VERTEX_POINT('',#2334);
#2336=CARTESIAN_POINT('',(308.936260212,-136.411822215,-8.32));
#2337=CARTESIAN_POINT('',(308.962358077,-136.490159524,-8.32));
#2338=CARTESIAN_POINT('',(308.994334462,-136.566588335,-8.32));
#2339=CARTESIAN_POINT('',(309.0357135,-136.637966883,-8.32));
#2340=CARTESIAN_POINT('',(309.077092539,-136.709345432,-8.32));
#2341=CARTESIAN_POINT('',(309.128053695,-136.775510321,-8.32));
#2342=CARTESIAN_POINT('',(309.191620212,-136.828462215,-8.32));
#2343=B_SPLINE_CURVE_WITH_KNOTS('',3,(#2336,#2337,#2338,#2339,#2340,#2341,#2342),.UNSPECIFIED.,.F.,.F.,(4,3,4),(0.002379951,0.00262756,0.002875168),.UNSPECIFIED.);
#2344=EDGE_CURVE('',#2327,#2335,#2343,.T.);
#2345=ORIENTED_EDGE('',*,*,#2344,.T.);
#2346=CARTESIAN_POINT('',(309.621700212,-136.962862215,-8.32));
#2347=VERTEX_POINT('',#2346);
#2348=CARTESIAN_POINT('',(309.191620212,-136.828462215,-8.32));
#2349=CARTESIAN_POINT('',(309.250984655,-136.87791326,-8.32));
#2350=CARTESIAN_POINT('',(309.319779178,-136.912153562,-8.32));
#2351=CARTESIAN_POINT('',(309.393718729,-136.933436119,-8.32));
#2352=CARTESIAN_POINT('',(309.467658281,-136.954718676,-8.32));
#2353=CARTESIAN_POINT('',(309.544695676,-136.962862215,-8.32));
#2354=CARTESIAN_POINT('',(309.621700212,-136.962862215,-8.32));
#2355=B_SPLINE_CURVE_WITH_KNOTS('',3,(#2348,#2349,#2350,#2351,#2352,#2353,#2354),.UNSPECIFIED.,.F.,.F.,(4,3,4),(0.000556359,0.000788022,0.001019685),.UNSPECIFIED.);
#2356=EDGE_CURVE('',#2335,#2347,#2355,.T.);
#2357=ORIENTED_EDGE('',*,*,#2356,.T.);
#2358=CARTESIAN_POINT('',(310.065220212,-136.828462215,-8.32));
#2359=VERTEX_POINT('',#2358);
#2360=CARTESIAN_POINT('',(309.621700212,-136.962862215,-8.32));
#2361=CARTESIAN_POINT('',(309.700687957,-136.962862215,-8.32));
#2362=CARTESIAN_POINT('',(309.779348735,-136.955230038,-8.32));
#2363=CARTESIAN_POINT('',(309.855481174,-136.934488806,-8.32));
#2364=CARTESIAN_POINT('',(309.931613614,-136.913747575,-8.32));
#2365=CARTESIAN_POINT('',(310.004320946,-136.879191713,-8.32));
#2366=CARTESIAN_POINT('',(310.065220212,-136.828462215,-8.32));
#2367=B_SPLINE_CURVE_WITH_KNOTS('',3,(#2360,#2361,#2362,#2363,#2364,#2365,#2366),.UNSPECIFIED.,.F.,.F.,(4,3,4),(0.00117649,0.001413233,0.001649975),.UNSPECIFIED.);
#2368=EDGE_CURVE('',#2347,#2359,#2367,.T.);
#2369=ORIENTED_EDGE('',*,*,#2368,.T.);
#2370=CARTESIAN_POINT('',(310.334020212,-136.398382215,-8.32));
#2371=VERTEX_POINT('',#2370);
#2372=CARTESIAN_POINT('',(310.065220212,-136.828462215,-8.32));
#2373=CARTESIAN_POINT('',(310.131325667,-136.773395854,-8.32));
#2374=CARTESIAN_POINT('',(310.183402736,-136.704762722,-8.32));
#2375=CARTESIAN_POINT('',(310.22684029,-136.631025365,-8.32));
#2376=CARTESIAN_POINT('',(310.270277843,-136.557288008,-8.32));
#2377=CARTESIAN_POINT('',(310.304744461,-136.478872304,-8.32));
#2378=CARTESIAN_POINT('',(310.334020212,-136.398382215,-8.32));
#2379=B_SPLINE_CURVE_WITH_KNOTS('',3,(#2372,#2373,#2374,#2375,#2376,#2377,#2378),.UNSPECIFIED.,.F.,.F.,(4,3,4),(0.00167926,0.001937117,0.002194973),.UNSPECIFIED.);
#2380=EDGE_CURVE('',#2359,#2371,#2379,.T.);
#2381=ORIENTED_EDGE('',*,*,#2380,.T.);
#2382=CARTESIAN_POINT('',(312.807226437,-129.295841259,-8.32));
#2383=VERTEX_POINT('',#2382);
#2384=CARTESIAN_POINT('',(310.334020212,-136.398382215,-8.32));
#2385=DIRECTION('',(0.328847647,0.944382986,0.));
#2386=VECTOR('',#2385,7.520826887);
#2387=LINE('',#2384,#2386);
#2388=EDGE_CURVE('',#2371,#2383,#2387,.T.);
#2389=ORIENTED_EDGE('',*,*,#2388,.T.);
#2390=CARTESIAN_POINT('',(315.293380212,-136.411822215,-8.32));
#2391=VERTEX_POINT('',#2390);
#2392=CARTESIAN_POINT('',(312.807226437,-129.295841259,-8.32));
#2393=DIRECTION('',(0.329825675,-0.944041855,0.));
#2394=VECTOR('',#2393,7.537781209);
#2395=LINE('',#2392,#2394);
#2396=EDGE_CURVE('',#2383,#2391,#2395,.T.);
#2397=ORIENTED_EDGE('',*,*,#2396,.T.);
#2398=CARTESIAN_POINT('',(315.562180212,-136.828462215,-8.32));
#2399=VERTEX_POINT('',#2398);
#2400=CARTESIAN_POINT('',(315.293380212,-136.411822215,-8.32));
#2401=CARTESIAN_POINT('',(315.323152638,-136.489971018,-8.32));
#2402=CARTESIAN_POINT('',(315.358005383,-136.565614565,-8.32));
#2403=CARTESIAN_POINT('',(315.401652801,-136.636921199,-8.32));
#2404=CARTESIAN_POINT('',(315.445300219,-136.708227832,-8.32));
#2405=CARTESIAN_POINT('',(315.497710246,-136.774757521,-8.32));
#2406=CARTESIAN_POINT('',(315.562180212,-136.828462215,-8.32));
#2407=B_SPLINE_CURVE_WITH_KNOTS('',3,(#2400,#2401,#2402,#2403,#2404,#2405,#2406),.UNSPECIFIED.,.F.,.F.,(4,3,4),(0.002416226,0.00266711,0.002917994),.UNSPECIFIED.);
#2408=EDGE_CURVE('',#2391,#2399,#2407,.T.);
#2409=ORIENTED_EDGE('',*,*,#2408,.T.);
#2410=CARTESIAN_POINT('',(315.978820212,-136.962862215,-8.32));
#2411=VERTEX_POINT('',#2410);
#2412=CARTESIAN_POINT('',(315.562180212,-136.828462215,-8.32));
#2413=CARTESIAN_POINT('',(315.617862299,-136.879060724,-8.32));
#2414=CARTESIAN_POINT('',(315.686149909,-136.913944352,-8.32));
#2415=CARTESIAN_POINT('',(315.758036697,-136.934676587,-8.32));
#2416=CARTESIAN_POINT('',(315.829923485,-136.955408823,-8.32));
#2417=CARTESIAN_POINT('',(315.903973535,-136.962862215,-8.32));
#2418=CARTESIAN_POINT('',(315.978820212,-136.962862215,-8.32));
#2419=B_SPLINE_CURVE_WITH_KNOTS('',3,(#2412,#2413,#2414,#2415,#2416,#2417,#2418),.UNSPECIFIED.,.F.,.F.,(4,3,4),(0.000600505,0.000826193,0.001051881),.UNSPECIFIED.);
#2420=EDGE_CURVE('',#2399,#2411,#2419,.T.);
#2421=ORIENTED_EDGE('',*,*,#2420,.T.);
#2422=CARTESIAN_POINT('',(316.408900212,-136.828462215,-8.32));
#2423=VERTEX_POINT('',#2422);
#2424=CARTESIAN_POINT('',(315.978820212,-136.962862215,-8.32));
#2425=CARTESIAN_POINT('',(316.055857918,-136.962862215,-8.32));
#2426=CARTESIAN_POINT('',(316.13291594,-136.954710591,-8.32));
#2427=CARTESIAN_POINT('',(316.206882866,-136.933409145,-8.32));
#2428=CARTESIAN_POINT('',(316.280849792,-136.912107698,-8.32));
#2429=CARTESIAN_POINT('',(316.349499077,-136.877943824,-8.32));
#2430=CARTESIAN_POINT('',(316.408900212,-136.828462215,-8.32));
#2431=B_SPLINE_CURVE_WITH_KNOTS('',3,(#2424,#2425,#2426,#2427,#2428,#2429,#2430),.UNSPECIFIED.,.F.,.F.,(4,3,4),(0.000579754,0.000811627,0.0010435),.UNSPECIFIED.);
#2432=EDGE_CURVE('',#2411,#2423,#2431,.T.);
#2433=ORIENTED_EDGE('',*,*,#2432,.T.);
#2434=CARTESIAN_POINT('',(316.677700212,-136.398382215,-8.32));
#2435=VERTEX_POINT('',#2434);
#2436=CARTESIAN_POINT('',(316.408900212,-136.828462215,-8.32));
#2437=CARTESIAN_POINT('',(316.475005667,-136.773395854,-8.32));
#2438=CARTESIAN_POINT('',(316.527082875,-136.704762791,-8.32));
#2439=CARTESIAN_POINT('',(316.57052029,-136.631025365,-8.32));
#2440=CARTESIAN_POINT('',(316.613957705,-136.557287939,-8.32));
#2441=CARTESIAN_POINT('',(316.648424461,-136.478872304,-8.32));
#2442=CARTESIAN_POINT('',(316.677700212,-136.398382215,-8.32));
#2443=B_SPLINE_CURVE_WITH_KNOTS('',3,(#2436,#2437,#2438,#2439,#2440,#2441,#2442),.UNSPECIFIED.,.F.,.F.,(4,3,4),(0.00167926,0.001937117,0.002194973),.UNSPECIFIED.);
#2444=EDGE_CURVE('',#2423,#2435,#2443,.T.);
#2445=ORIENTED_EDGE('',*,*,#2444,.T.);
#2446=CARTESIAN_POINT('',(319.607620212,-128.038702215,-8.32));
#2447=VERTEX_POINT('',#2446);
#2448=CARTESIAN_POINT('',(316.677700212,-136.398382215,-8.32));
#2449=DIRECTION('',(0.33075589,0.943716346,0.));
#2450=VECTOR('',#2449,8.858254958);
#2451=LINE('',#2448,#2450);
#2452=EDGE_CURVE('',#2435,#2447,#2451,.T.);
#2453=ORIENTED_EDGE('',*,*,#2452,.T.);
#2454=CARTESIAN_POINT('',(319.580740212,-127.514542215,-8.32));
#2455=VERTEX_POINT('',#2454);
#2456=CARTESIAN_POINT('',(319.607620212,-128.038702215,-8.32));
#2457=CARTESIAN_POINT('',(319.641016407,-127.953354933,-8.32));
#2458=CARTESIAN_POINT('',(319.663251748,-127.863867934,-8.32));
#2459=CARTESIAN_POINT('',(319.662003506,-127.772368636,-8.32));
#2460=CARTESIAN_POINT('',(319.661379385,-127.726618988,-8.32));
#2461=CARTESIAN_POINT('',(319.654621042,-127.681152279,-8.32));
#2462=CARTESIAN_POINT('',(319.641021442,-127.637657619,-8.32));
#2463=CARTESIAN_POINT('',(319.627421841,-127.594162959,-8.32));
#2464=CARTESIAN_POINT('',(319.60683495,-127.552497137,-8.32));
#2465=CARTESIAN_POINT('',(319.580740212,-127.514542215,-8.32));
#2466=B_SPLINE_CURVE_WITH_KNOTS('',3,(#2456,#2457,#2458,#2459,#2460,#2461,#2462,#2463,#2464,#2465),.UNSPECIFIED.,.F.,.F.,(4,3,3,4),(0.000996823,0.001271057,0.001408173,0.00154529),.UNSPECIFIED.);
#2467=EDGE_CURVE('',#2447,#2455,#2466,.T.);
#2468=ORIENTED_EDGE('',*,*,#2467,.T.);
#2469=CARTESIAN_POINT('',(319.056580212,-127.299502215,-8.32));
#2470=VERTEX_POINT('',#2469);
#2471=CARTESIAN_POINT('',(319.580740212,-127.514542215,-8.32));
#2472=CARTESIAN_POINT('',(319.550976716,-127.474858522,-8.32));
#2473=CARTESIAN_POINT('',(319.515082806,-127.439883582,-8.32));
#2474=CARTESIAN_POINT('',(319.475463224,-127.411582894,-8.32));
#2475=CARTESIAN_POINT('',(319.435843642,-127.383282206,-8.32));
#2476=CARTESIAN_POINT('',(319.391733732,-127.360902685,-8.32));
#2477=CARTESIAN_POINT('',(319.345506807,-127.344181754,-8.32));
#2478=CARTESIAN_POINT('',(319.253052957,-127.310739892,-8.32));
#2479=CARTESIAN_POINT('',(319.155052765,-127.299502215,-8.32));
#2480=CARTESIAN_POINT('',(319.056580212,-127.299502215,-8.32));
#2481=B_SPLINE_CURVE_WITH_KNOTS('',3,(#2471,#2472,#2473,#2474,#2475,#2476,#2477,#2478,#2479,#2480),.UNSPECIFIED.,.F.,.F.,(4,3,3,4),(0.00215063,0.002298406,0.002446183,0.002741735),.UNSPECIFIED.);
#2482=EDGE_CURVE('',#2455,#2470,#2481,.T.);
#2483=ORIENTED_EDGE('',*,*,#2482,.T.);
#2484=CARTESIAN_POINT('',(318.653380212,-127.420462215,-8.32));
#2485=VERTEX_POINT('',#2484);
#2486=CARTESIAN_POINT('',(319.056580212,-127.299502215,-8.32));
#2487=CARTESIAN_POINT('',(318.984868971,-127.299502215,-8.32));
#2488=CARTESIAN_POINT('',(318.913488571,-127.306418681,-8.32));
#2489=CARTESIAN_POINT('',(318.844327202,-127.325117799,-8.32));
#2490=CARTESIAN_POINT('',(318.775165833,-127.343816917,-8.32));
#2491=CARTESIAN_POINT('',(318.709073612,-127.374896555,-8.32));
#2492=CARTESIAN_POINT('',(318.653380212,-127.420462215,-8.32));
#2493=B_SPLINE_CURVE_WITH_KNOTS('',3,(#2486,#2487,#2488,#2489,#2490,#2491,#2492),.UNSPECIFIED.,.F.,.F.,(4,3,4),(0.001091812,0.001306768,0.001521723),.UNSPECIFIED.);
#2494=EDGE_CURVE('',#2470,#2485,#2493,.T.);
#2495=ORIENTED_EDGE('',*,*,#2494,.T.);
#2496=CARTESIAN_POINT('',(318.411460212,-127.823662215,-8.32));
#2497=VERTEX_POINT('',#2496);
#2498=CARTESIAN_POINT('',(318.653380212,-127.420462215,-8.32));
#2499=CARTESIAN_POINT('',(318.591468668,-127.471115315,-8.32));
#2500=CARTESIAN_POINT('',(318.544271635,-127.535716612,-8.32));
#2501=CARTESIAN_POINT('',(318.505462293,-127.605070853,-8.32));
#2502=CARTESIAN_POINT('',(318.466652951,-127.674425093,-8.32));
#2503=CARTESIAN_POINT('',(318.436616901,-127.748187936,-8.32));
#2504=CARTESIAN_POINT('',(318.411460212,-127.823662215,-8.32));
#2505=B_SPLINE_CURVE_WITH_KNOTS('',3,(#2498,#2499,#2500,#2501,#2502,#2503,#2504),.UNSPECIFIED.,.F.,.F.,(4,3,4),(0.001528179,0.001768153,0.002008127),.UNSPECIFIED.);
#2506=EDGE_CURVE('',#2485,#2497,#2505,.T.);
#2507=ORIENTED_EDGE('',*,*,#2506,.T.);
#2508=CARTESIAN_POINT('',(315.948557562,-135.053077953,-8.32));
#2509=VERTEX_POINT('',#2508);
#2510=CARTESIAN_POINT('',(318.411460212,-127.823662215,-8.32));
#2511=DIRECTION('',(-0.322477922,-0.946576986,0.));
#2512=VECTOR('',#2511,7.637430286);
#2513=LINE('',#2510,#2512);
#2514=EDGE_CURVE('',#2497,#2509,#2513,.T.);
#2515=ORIENTED_EDGE('',*,*,#2514,.T.);
#2516=CARTESIAN_POINT('',(313.425220212,-127.850542215,-8.32));
#2517=VERTEX_POINT('',#2516);
#2518=CARTESIAN_POINT('',(315.948557562,-135.053077953,-8.32));
#2519=DIRECTION('',(-0.330636384,0.943758222,0.));
#2520=VECTOR('',#2519,7.631759459);
#2521=LINE('',#2518,#2520);
#2522=EDGE_CURVE('',#2509,#2517,#2521,.T.);
#2523=ORIENTED_EDGE('',*,*,#2522,.T.);
#2524=CARTESIAN_POINT('',(313.169860212,-127.433902215,-8.32));
#2525=VERTEX_POINT('',#2524);
#2526=CARTESIAN_POINT('',(313.425220212,-127.850542215,-8.32));
#2527=CARTESIAN_POINT('',(313.395947331,-127.773704654,-8.32));
#2528=CARTESIAN_POINT('',(313.362172811,-127.698535461,-8.32));
#2529=CARTESIAN_POINT('',(313.320883914,-127.627488287,-8.32));
#2530=CARTESIAN_POINT('',(313.279595017,-127.556441114,-8.32));
#2531=CARTESIAN_POINT('',(313.230810242,-127.489308408,-8.32));
#2532=CARTESIAN_POINT('',(313.169860212,-127.433902215,-8.32));
#2533=B_SPLINE_CURVE_WITH_KNOTS('',3,(#2526,#2527,#2528,#2529,#2530,#2531,#2532),.UNSPECIFIED.,.F.,.F.,(4,3,4),(0.002416245,0.002662852,0.002909459),.UNSPECIFIED.);
#2534=EDGE_CURVE('',#2517,#2525,#2533,.T.);
#2535=ORIENTED_EDGE('',*,*,#2534,.T.);
#2536=CARTESIAN_POINT('',(312.780100212,-127.299502215,-8.32));
#2537=VERTEX_POINT('',#2536);
#2538=CARTESIAN_POINT('',(313.169860212,-127.433902215,-8.32));
#2539=CARTESIAN_POINT('',(313.117389885,-127.386205475,-8.32));
#2540=CARTESIAN_POINT('',(313.056062536,-127.351649216,-8.32));
#2541=CARTESIAN_POINT('',(312.988808248,-127.329863751,-8.32));
#2542=CARTESIAN_POINT('',(312.921553959,-127.308078285,-8.32));
#2543=CARTESIAN_POINT('',(312.850839771,-127.299502215,-8.32));
#2544=CARTESIAN_POINT('',(312.780100212,-127.299502215,-8.32));
#2545=B_SPLINE_CURVE_WITH_KNOTS('',3,(#2538,#2539,#2540,#2541,#2542,#2543,#2544),.UNSPECIFIED.,.F.,.F.,(4,3,4),(0.000521762,0.000734391,0.000947021),.UNSPECIFIED.);
#2546=EDGE_CURVE('',#2525,#2537,#2545,.T.);
#2547=ORIENTED_EDGE('',*,*,#2546,.T.);
#2548=CARTESIAN_POINT('',(312.390340212,-127.433902215,-8.32));
#2549=VERTEX_POINT('',#2548);
#2550=CARTESIAN_POINT('',(312.780100212,-127.299502215,-8.32));
#2551=CARTESIAN_POINT('',(312.709395606,-127.299502215,-8.32));
#2552=CARTESIAN_POINT('',(312.638595263,-127.306998786,-8.32));
#2553=CARTESIAN_POINT('',(312.57113507,-127.327827844,-8.32));
#2554=CARTESIAN_POINT('',(312.503674878,-127.348656902,-8.32));
#2555=CARTESIAN_POINT('',(312.440471803,-127.383770624,-8.32));
#2556=CARTESIAN_POINT('',(312.390340212,-127.433902215,-8.32));
#2557=B_SPLINE_CURVE_WITH_KNOTS('',3,(#2550,#2551,#2552,#2553,#2554,#2555,#2556),.UNSPECIFIED.,.F.,.F.,(4,3,4),(0.001088624,0.001300474,0.001512324),.UNSPECIFIED.);
#2558=EDGE_CURVE('',#2537,#2549,#2557,.T.);
#2559=ORIENTED_EDGE('',*,*,#2558,.T.);
#2560=CARTESIAN_POINT('',(312.148420212,-127.863982215,-8.32));
#2561=VERTEX_POINT('',#2560);
#2562=CARTESIAN_POINT('',(312.390340212,-127.433902215,-8.32));
#2563=CARTESIAN_POINT('',(312.328355238,-127.490247989,-8.32));
#2564=CARTESIAN_POINT('',(312.281333257,-127.55954903,-8.32));
#2565=CARTESIAN_POINT('',(312.242555936,-127.633217992,-8.32));
#2566=CARTESIAN_POINT('',(312.203778616,-127.706886954,-8.32));
#2567=CARTESIAN_POINT('',(312.173682537,-127.784583313,-8.32));
#2568=CARTESIAN_POINT('',(312.148420212,-127.863982215,-8.32));
#2569=B_SPLINE_CURVE_WITH_KNOTS('',3,(#2562,#2563,#2564,#2565,#2566,#2567,#2568),.UNSPECIFIED.,.F.,.F.,(4,3,4),(0.001598409,0.00184955,0.002100691),.UNSPECIFIED.);
#2570=EDGE_CURVE('',#2549,#2561,#2569,.T.);
#2571=ORIENTED_EDGE('',*,*,#2570,.T.);
#2572=CARTESIAN_POINT('',(309.648597354,-135.128318934,-8.32));
#2573=VERTEX_POINT('',#2572);
#2574=CARTESIAN_POINT('',(312.148420212,-127.863982215,-8.32));
#2575=DIRECTION('',(-0.325394889,-0.945578218,0.));
#2576=VECTOR('',#2575,7.682428151);
#2577=LINE('',#2574,#2576);
#2578=EDGE_CURVE('',#2561,#2573,#2577,.T.);
#2579=ORIENTED_EDGE('',*,*,#2578,.T.);
#2580=CARTESIAN_POINT('',(307.135300212,-127.823662215,-8.32));
#2581=VERTEX_POINT('',#2580);
#2582=CARTESIAN_POINT('',(309.648597354,-135.128318934,-8.32));
#2583=DIRECTION('',(-0.325348505,0.945594178,0.));
#2584=VECTOR('',#2583,7.724938337);
#2585=LINE('',#2582,#2584);
#2586=EDGE_CURVE('',#2573,#2581,#2585,.T.);
#2587=ORIENTED_EDGE('',*,*,#2586,.T.);
#2588=CARTESIAN_POINT('',(306.893380212,-127.433902215,-8.32));
#2589=VERTEX_POINT('',#2588);
#2590=CARTESIAN_POINT('',(307.135300212,-127.823662215,-8.32));
#2591=CARTESIAN_POINT('',(307.109720081,-127.75053389,-8.32));
#2592=CARTESIAN_POINT('',(307.079122053,-127.679097237,-8.32));
#2593=CARTESIAN_POINT('',(307.040099102,-127.612245481,-8.32));
#2594=CARTESIAN_POINT('',(307.00107615,-127.545393726,-8.32));
#2595=CARTESIAN_POINT('',(306.953488778,-127.483065219,-8.32));
#2596=CARTESIAN_POINT('',(306.893380212,-127.433902215,-8.32));
#2597=B_SPLINE_CURVE_WITH_KNOTS('',3,(#2590,#2591,#2592,#2593,#2594,#2595,#2596),.UNSPECIFIED.,.F.,.F.,(4,3,4),(0.002278233,0.002510563,0.002742892),.UNSPECIFIED.);
#2598=EDGE_CURVE('',#2581,#2589,#2597,.T.);
#2599=ORIENTED_EDGE('',*,*,#2598,.T.);
#2600=CARTESIAN_POINT('',(306.893380212,-127.433902215,-8.32));
#2601=CARTESIAN_POINT('',(306.837697772,-127.383301761,-8.32));
#2602=CARTESIAN_POINT('',(306.769412814,-127.348406909,-8.32));
#2603=CARTESIAN_POINT('',(306.697524187,-127.327676665,-8.32));
#2604=CARTESIAN_POINT('',(306.62563556,-127.306946422,-8.32));
#2605=CARTESIAN_POINT('',(306.551587098,-127.299502215,-8.32));
#2606=CARTESIAN_POINT('',(306.476740212,-127.299502215,-8.32));
#2607=B_SPLINE_CURVE_WITH_KNOTS('',3,(#2600,#2601,#2602,#2603,#2604,#2605,#2606),.UNSPECIFIED.,.F.,.F.,(4,3,4),(0.000603147,0.000828804,0.001054461),.UNSPECIFIED.);
#2608=EDGE_CURVE('',#2589,#2295,#2607,.T.);
#2609=ORIENTED_EDGE('',*,*,#2608,.T.);
#2610=EDGE_LOOP('',(#2307,#2325,#2333,#2345,#2357,#2369,#2381,#2389,#2397,#2409,#2421,#2433,#2445,#2453,#2468,#2483,#2495,#2507,#2515,#2523,#2535,#2547,#2559,#2571,#2579,#2587,
#2599,#2609));
#2611=FACE_BOUND('',#2610,.T.);
#2612=ADVANCED_FACE('',(#190,#201,#212,#223,#234,#245,#256,#267,#278,#1391,#1731,#1943,#2293,#2611),#179,.T.);
#2613=CARTESIAN_POINT('',(296.130542489,-153.068096461,-6.82));
#2614=DIRECTION('',(0.,0.,-1.));
#2615=DIRECTION('',(-1.,0.,0.));
#2616=AXIS2_PLACEMENT_3D('',#2613,#2614,#2615);
#2617=PLANE('',#2616);
#2618=CARTESIAN_POINT('',(296.43,-169.8525,-6.82));
#2619=VERTEX_POINT('',#2618);
#2620=CARTESIAN_POINT('',(297.18,-169.8525,-6.82));
#2621=DIRECTION('',(0.,0.,-1.));
#2622=DIRECTION('',(-1.,0.,0.));
#2623=AXIS2_PLACEMENT_3D('',#2620,#2621,#2622);
#2624=CIRCLE('',#2623,0.75);
#2625=EDGE_CURVE('',#2619,#2619,#2624,.T.);
#2626=ORIENTED_EDGE('',*,*,#2625,.T.);
#2627=EDGE_LOOP('',(#2626));
#2628=FACE_BOUND('',#2627,.T.);
#2629=ORIENTED_EDGE('',*,*,#124,.T.);
#2630=CARTESIAN_POINT('',(253.917749312,-167.739508175,-6.82));
#2631=DIRECTION('',(0.,0.,-1.));
#2632=DIRECTION('',(-1.,0.,0.));
#2633=AXIS2_PLACEMENT_3D('',#2630,#2631,#2632);
#2634=CIRCLE('',#2633,0.5);
#2635=EDGE_CURVE('',#111,#79,#2634,.T.);
#2636=ORIENTED_EDGE('',*,*,#2635,.T.);
#2637=ORIENTED_EDGE('',*,*,#84,.T.);
#2638=CARTESIAN_POINT('',(228.404496567,-167.77149829,-6.82));
#2639=VERTEX_POINT('',#2638);
#2640=CARTESIAN_POINT('',(228.904496567,-167.771498423,-6.82));
#2641=DIRECTION('',(0.,0.,-1.));
#2642=DIRECTION('',(-1.,0.,0.));
#2643=AXIS2_PLACEMENT_3D('',#2640,#2641,#2642);
#2644=CIRCLE('',#2643,0.5);
#2645=EDGE_CURVE('',#71,#2639,#2644,.T.);
#2646=ORIENTED_EDGE('',*,*,#2645,.T.);
#2647=CARTESIAN_POINT('',(228.404508301,-123.622217961,-6.82));
#2648=VERTEX_POINT('',#2647);
#2649=CARTESIAN_POINT('',(228.404508301,-123.622217961,-6.82));
#2650=DIRECTION('',(-0.000000266,-1.,0.));
#2651=VECTOR('',#2650,44.149280328);
#2652=LINE('',#2649,#2651);
#2653=EDGE_CURVE('',#2648,#2639,#2652,.T.);
#2654=ORIENTED_EDGE('',*,*,#2653,.F.);
#2655=CARTESIAN_POINT('',(228.904508301,-123.622218094,-6.82));
#2656=DIRECTION('',(0.,0.,-1.));
#2657=DIRECTION('',(-1.,0.,0.));
#2658=AXIS2_PLACEMENT_3D('',#2655,#2656,#2657);
#2659=CIRCLE('',#2658,0.5);
#2660=EDGE_CURVE('',#2648,#159,#2659,.T.);
#2661=ORIENTED_EDGE('',*,*,#2660,.T.);
#2662=ORIENTED_EDGE('',*,*,#164,.F.);
#2663=CARTESIAN_POINT('',(253.978918684,-123.622218094,-6.82));
#2664=DIRECTION('',(0.,0.,-1.));
#2665=DIRECTION('',(-1.,0.,0.));
#2666=AXIS2_PLACEMENT_3D('',#2663,#2664,#2665);
#2667=CIRCLE('',#2666,0.5);
#2668=EDGE_CURVE('',#151,#119,#2667,.T.);
#2669=ORIENTED_EDGE('',*,*,#2668,.T.);
#2670=EDGE_LOOP('',(#2629,#2636,#2637,#2646,#2654,#2661,#2662,#2669));
#2671=FACE_BOUND('',#2670,.T.);
#2672=CARTESIAN_POINT('',(361.643333857,-154.219637798,-6.82));
#2673=VERTEX_POINT('',#2672);
#2674=CARTESIAN_POINT('',(359.043333857,-154.219637798,-6.82));
#2675=DIRECTION('',(0.,0.,1.));
#2676=DIRECTION('',(1.,0.,-0.));
#2677=AXIS2_PLACEMENT_3D('',#2674,#2675,#2676);
#2678=CIRCLE('',#2677,2.6);
#2679=EDGE_CURVE('',#2673,#2673,#2678,.T.);
#2680=ORIENTED_EDGE('',*,*,#2679,.F.);
#2681=EDGE_LOOP('',(#2680));
#2682=FACE_BOUND('',#2681,.T.);
#2683=CARTESIAN_POINT('',(243.987741098,-112.169723094,-6.82));
#2684=VERTEX_POINT('',#2683);
#2685=CARTESIAN_POINT('',(241.387741098,-112.169723094,-6.82));
#2686=DIRECTION('',(0.,0.,1.));
#2687=DIRECTION('',(1.,0.,-0.));
#2688=AXIS2_PLACEMENT_3D('',#2685,#2686,#2687);
#2689=CIRCLE('',#2688,2.6);
#2690=EDGE_CURVE('',#2684,#2684,#2689,.T.);
#2691=ORIENTED_EDGE('',*,*,#2690,.F.);
#2692=EDGE_LOOP('',(#2691));
#2693=FACE_BOUND('',#2692,.T.);
#2694=CARTESIAN_POINT('',(361.646737434,-107.809679021,-6.82));
#2695=VERTEX_POINT('',#2694);
#2696=CARTESIAN_POINT('',(359.046737434,-107.809679021,-6.82));
#2697=DIRECTION('',(0.,0.,1.));
#2698=DIRECTION('',(1.,0.,-0.));
#2699=AXIS2_PLACEMENT_3D('',#2696,#2697,#2698);
#2700=CIRCLE('',#2699,2.6);
#2701=EDGE_CURVE('',#2695,#2695,#2700,.T.);
#2702=ORIENTED_EDGE('',*,*,#2701,.F.);
#2703=EDGE_LOOP('',(#2702));
#2704=FACE_BOUND('',#2703,.T.);
#2705=CARTESIAN_POINT('',(244.004497118,-181.075073901,-6.82));
#2706=VERTEX_POINT('',#2705);
#2707=CARTESIAN_POINT('',(241.404497118,-181.075073901,-6.82));
#2708=DIRECTION('',(0.,0.,1.));
#2709=DIRECTION('',(1.,0.,-0.));
#2710=AXIS2_PLACEMENT_3D('',#2707,#2708,#2709);
#2711=CIRCLE('',#2710,2.6);
#2712=EDGE_CURVE('',#2706,#2706,#2711,.T.);
#2713=ORIENTED_EDGE('',*,*,#2712,.F.);
#2714=EDGE_LOOP('',(#2713));
#2715=FACE_BOUND('',#2714,.T.);
#2716=CARTESIAN_POINT('',(271.689496434,-162.087138298,-6.82));
#2717=VERTEX_POINT('',#2716);
#2718=CARTESIAN_POINT('',(272.789496434,-162.087138298,-6.82));
#2719=DIRECTION('',(0.,0.,-1.));
#2720=DIRECTION('',(-1.,0.,0.));
#2721=AXIS2_PLACEMENT_3D('',#2718,#2719,#2720);
#2722=CIRCLE('',#2721,1.1);
#2723=EDGE_CURVE('',#2717,#2717,#2722,.T.);
#2724=ORIENTED_EDGE('',*,*,#2723,.T.);
#2725=EDGE_LOOP('',(#2724));
#2726=FACE_BOUND('',#2725,.T.);
#2727=CARTESIAN_POINT('',(348.039496434,-139.237138298,-6.82));
#2728=VERTEX_POINT('',#2727);
#2729=CARTESIAN_POINT('',(349.139496434,-139.237138298,-6.82));
#2730=DIRECTION('',(0.,0.,-1.));
#2731=DIRECTION('',(-1.,0.,0.));
#2732=AXIS2_PLACEMENT_3D('',#2729,#2730,#2731);
#2733=CIRCLE('',#2732,1.1);
#2734=EDGE_CURVE('',#2728,#2728,#2733,.T.);
#2735=ORIENTED_EDGE('',*,*,#2734,.T.);
#2736=EDGE_LOOP('',(#2735));
#2737=FACE_BOUND('',#2736,.T.);
#2738=CARTESIAN_POINT('',(348.039496434,-119.987138298,-6.82));
#2739=VERTEX_POINT('',#2738);
#2740=CARTESIAN_POINT('',(349.139496434,-119.987138298,-6.82));
#2741=DIRECTION('',(0.,0.,-1.));
#2742=DIRECTION('',(-1.,0.,0.));
#2743=AXIS2_PLACEMENT_3D('',#2740,#2741,#2742);
#2744=CIRCLE('',#2743,1.1);
#2745=EDGE_CURVE('',#2739,#2739,#2744,.T.);
#2746=ORIENTED_EDGE('',*,*,#2745,.T.);
#2747=EDGE_LOOP('',(#2746));
#2748=FACE_BOUND('',#2747,.T.);
#2749=CARTESIAN_POINT('',(291.339496434,-100.187138298,-6.82));
#2750=VERTEX_POINT('',#2749);
#2751=CARTESIAN_POINT('',(292.439496434,-100.187138298,-6.82));
#2752=DIRECTION('',(0.,0.,-1.));
#2753=DIRECTION('',(-1.,0.,0.));
#2754=AXIS2_PLACEMENT_3D('',#2751,#2752,#2753);
#2755=CIRCLE('',#2754,1.1);
#2756=EDGE_CURVE('',#2750,#2750,#2755,.T.);
#2757=ORIENTED_EDGE('',*,*,#2756,.T.);
#2758=EDGE_LOOP('',(#2757));
#2759=FACE_BOUND('',#2758,.T.);
#2760=CARTESIAN_POINT('',(242.778222381,-107.422218094,-6.82));
#2761=VERTEX_POINT('',#2760);
#2762=CARTESIAN_POINT('',(242.778222381,-99.717147949,-6.82));
#2763=VERTEX_POINT('',#2762);
#2764=CARTESIAN_POINT('',(242.778222381,-107.422218094,-6.82));
#2765=DIRECTION('',(0.,1.,0.));
#2766=VECTOR('',#2765,7.705070146);
#2767=LINE('',#2764,#2766);
#2768=EDGE_CURVE('',#2761,#2763,#2767,.T.);
#2769=ORIENTED_EDGE('',*,*,#2768,.F.);
#2770=CARTESIAN_POINT('',(233.938222381,-107.422218094,-6.82));
#2771=VERTEX_POINT('',#2770);
#2772=CARTESIAN_POINT('',(242.778222381,-107.422218094,-6.82));
#2773=DIRECTION('',(-1.,0.,0.));
#2774=VECTOR('',#2773,8.84);
#2775=LINE('',#2772,#2774);
#2776=EDGE_CURVE('',#2761,#2771,#2775,.T.);
#2777=ORIENTED_EDGE('',*,*,#2776,.T.);
#2778=CARTESIAN_POINT('',(233.938222381,-99.717147949,-6.82));
#2779=VERTEX_POINT('',#2778);
#2780=CARTESIAN_POINT('',(233.938222381,-99.717147949,-6.82));
#2781=DIRECTION('',(0.,-1.,0.));
#2782=VECTOR('',#2781,7.705070146);
#2783=LINE('',#2780,#2782);
#2784=EDGE_CURVE('',#2779,#2771,#2783,.T.);
#2785=ORIENTED_EDGE('',*,*,#2784,.F.);
#2786=CARTESIAN_POINT('',(231.534606512,-99.717147949,-6.82));
#2787=VERTEX_POINT('',#2786);
#2788=CARTESIAN_POINT('',(233.938222381,-99.717147949,-6.82));
#2789=DIRECTION('',(-1.,0.,0.));
#2790=VECTOR('',#2789,2.40361587);
#2791=LINE('',#2788,#2790);
#2792=EDGE_CURVE('',#2779,#2787,#2791,.T.);
#2793=ORIENTED_EDGE('',*,*,#2792,.T.);
#2794=CARTESIAN_POINT('',(226.904508434,-104.347246026,-6.82));
#2795=VERTEX_POINT('',#2794);
#2796=CARTESIAN_POINT('',(231.534605783,-104.347245298,-6.82));
#2797=DIRECTION('',(0.,0.,-1.));
#2798=DIRECTION('',(-0.999999843,0.000560895,0.));
#2799=AXIS2_PLACEMENT_3D('',#2796,#2797,#2798);
#2800=CIRCLE('',#2799,4.630098077);
#2801=EDGE_CURVE('',#2795,#2787,#2800,.T.);
#2802=ORIENTED_EDGE('',*,*,#2801,.F.);
#2803=CARTESIAN_POINT('',(226.904508434,-123.122138298,-6.82));
#2804=VERTEX_POINT('',#2803);
#2805=CARTESIAN_POINT('',(226.904508434,-104.347246026,-6.82));
#2806=DIRECTION('',(0.,-1.,0.));
#2807=VECTOR('',#2806,18.774892272);
#2808=LINE('',#2805,#2807);
#2809=EDGE_CURVE('',#2795,#2804,#2808,.T.);
#2810=ORIENTED_EDGE('',*,*,#2809,.T.);
#2811=CARTESIAN_POINT('',(226.904496434,-168.272137899,-6.82));
#2812=VERTEX_POINT('',#2811);
#2813=CARTESIAN_POINT('',(226.904508434,-123.122138298,-6.82));
#2814=DIRECTION('',(-0.000000266,-1.,0.));
#2815=VECTOR('',#2814,45.149999601);
#2816=LINE('',#2813,#2815);
#2817=EDGE_CURVE('',#2804,#2812,#2816,.T.);
#2818=ORIENTED_EDGE('',*,*,#2817,.T.);
#2819=CARTESIAN_POINT('',(226.904496434,-175.73837148,-6.82));
#2820=VERTEX_POINT('',#2819);
#2821=CARTESIAN_POINT('',(226.904496434,-168.272137899,-6.82));
#2822=DIRECTION('',(0.,-1.,0.));
#2823=VECTOR('',#2822,7.466233581);
#2824=LINE('',#2821,#2823);
#2825=EDGE_CURVE('',#2812,#2820,#2824,.T.);
#2826=ORIENTED_EDGE('',*,*,#2825,.T.);
#2827=CARTESIAN_POINT('',(227.486793827,-177.906839718,-6.82));
#2828=VERTEX_POINT('',#2827);
#2829=CARTESIAN_POINT('',(231.652525075,-175.625802471,-6.82));
#2830=DIRECTION('',(-0.,0.,-1.));
#2831=DIRECTION('',(-0.8771137,-0.480282789,0.));
#2832=AXIS2_PLACEMENT_3D('',#2829,#2830,#2831);
#2833=CIRCLE('',#2832,4.749362879);
#2834=EDGE_CURVE('',#2828,#2820,#2833,.T.);
#2835=ORIENTED_EDGE('',*,*,#2834,.F.);
#2836=CARTESIAN_POINT('',(236.025402485,-193.310896398,-6.82));
#2837=VERTEX_POINT('',#2836);
#2838=CARTESIAN_POINT('',(227.486793827,-177.906839718,-6.82));
#2839=DIRECTION('',(0.484809647,-0.874619692,0.));
#2840=VECTOR('',#2839,17.612291163);
#2841=LINE('',#2838,#2840);
#2842=EDGE_CURVE('',#2828,#2837,#2841,.T.);
#2843=ORIENTED_EDGE('',*,*,#2842,.T.);
#2844=CARTESIAN_POINT('',(242.325402618,-195.106734511,-6.82));
#2845=VERTEX_POINT('',#2844);
#2846=CARTESIAN_POINT('',(240.070517547,-191.068652345,-6.82));
#2847=DIRECTION('',(0.,0.,-1.));
#2848=DIRECTION('',(-1.,0.,0.));
#2849=AXIS2_PLACEMENT_3D('',#2846,#2847,#2848);
#2850=CIRCLE('',#2849,4.62499884);
#2851=EDGE_CURVE('',#2845,#2837,#2850,.T.);
#2852=ORIENTED_EDGE('',*,*,#2851,.F.);
#2853=CARTESIAN_POINT('',(249.169989854,-191.284683118,-6.82));
#2854=VERTEX_POINT('',#2853);
#2855=CARTESIAN_POINT('',(242.325402618,-195.106734511,-6.82));
#2856=DIRECTION('',(0.873099066,0.48754284,0.));
#2857=VECTOR('',#2856,7.839416514);
#2858=LINE('',#2855,#2857);
#2859=EDGE_CURVE('',#2845,#2854,#2858,.T.);
#2860=ORIENTED_EDGE('',*,*,#2859,.T.);
#2861=CARTESIAN_POINT('',(249.20981603,-191.267315311,-6.82));
#2862=VERTEX_POINT('',#2861);
#2863=CARTESIAN_POINT('',(249.169989854,-191.284683118,-6.82));
#2864=DIRECTION('',(0.916631222,0.399733916,0.));
#2865=VECTOR('',#2864,0.043448418);
#2866=LINE('',#2863,#2865);
#2867=EDGE_CURVE('',#2854,#2862,#2866,.T.);
#2868=ORIENTED_EDGE('',*,*,#2867,.T.);
#2869=CARTESIAN_POINT('',(249.246544249,-191.244039553,-6.82));
#2870=VERTEX_POINT('',#2869);
#2871=CARTESIAN_POINT('',(249.20981603,-191.267315311,-6.82));
#2872=DIRECTION('',(0.844667756,0.535290933,0.));
#2873=VECTOR('',#2872,0.043482444);
#2874=LINE('',#2871,#2873);
#2875=EDGE_CURVE('',#2862,#2870,#2874,.T.);
#2876=ORIENTED_EDGE('',*,*,#2875,.T.);
#2877=CARTESIAN_POINT('',(250.210949434,-190.757965316,-6.82));
#2878=VERTEX_POINT('',#2877);
#2879=CARTESIAN_POINT('',(249.246544249,-191.244039553,-6.82));
#2880=DIRECTION('',(0.892988617,0.450079248,0.));
#2881=VECTOR('',#2880,1.07997478);
#2882=LINE('',#2879,#2881);
#2883=EDGE_CURVE('',#2870,#2878,#2882,.T.);
#2884=ORIENTED_EDGE('',*,*,#2883,.T.);
#2885=CARTESIAN_POINT('',(250.273629131,-190.7336954,-6.82));
#2886=VERTEX_POINT('',#2885);
#2887=CARTESIAN_POINT('',(250.210949434,-190.757965316,-6.82));
#2888=DIRECTION('',(0.932533996,0.361082187,0.));
#2889=VECTOR('',#2888,0.067214382);
#2890=LINE('',#2887,#2889);
#2891=EDGE_CURVE('',#2878,#2886,#2890,.T.);
#2892=ORIENTED_EDGE('',*,*,#2891,.T.);
#2893=CARTESIAN_POINT('',(250.330898819,-190.698141356,-6.82));
#2894=VERTEX_POINT('',#2893);
#2895=CARTESIAN_POINT('',(250.273629131,-190.7336954,-6.82));
#2896=DIRECTION('',(0.849591364,0.527441479,0.));
#2897=VECTOR('',#2896,0.06740851);
#2898=LINE('',#2895,#2897);
#2899=EDGE_CURVE('',#2886,#2894,#2898,.T.);
#2900=ORIENTED_EDGE('',*,*,#2899,.T.);
#2901=CARTESIAN_POINT('',(251.286532864,-190.22655152,-6.82));
#2902=VERTEX_POINT('',#2901);
#2903=CARTESIAN_POINT('',(250.330898819,-190.698141356,-6.82));
#2904=DIRECTION('',(0.896752373,0.44253269,0.));
#2905=VECTOR('',#2904,1.065661017);
#2906=LINE('',#2903,#2905);
#2907=EDGE_CURVE('',#2894,#2902,#2906,.T.);
#2908=ORIENTED_EDGE('',*,*,#2907,.T.);
#2909=CARTESIAN_POINT('',(251.347918815,-190.203253221,-6.82));
#2910=VERTEX_POINT('',#2909);
#2911=CARTESIAN_POINT('',(251.286532864,-190.22655152,-6.82));
#2912=DIRECTION('',(0.934926944,0.354840259,0.));
#2913=VECTOR('',#2912,0.065658554);
#2914=LINE('',#2911,#2913);
#2915=EDGE_CURVE('',#2902,#2910,#2914,.T.);
#2916=ORIENTED_EDGE('',*,*,#2915,.T.);
#2917=CARTESIAN_POINT('',(251.404268137,-190.169083952,-6.82));
#2918=VERTEX_POINT('',#2917);
#2919=CARTESIAN_POINT('',(251.347918815,-190.203253221,-6.82));
#2920=DIRECTION('',(0.855075624,0.518503304,0.));
#2921=VECTOR('',#2920,0.065899811);
#2922=LINE('',#2919,#2921);
#2923=EDGE_CURVE('',#2910,#2918,#2922,.T.);
#2924=ORIENTED_EDGE('',*,*,#2923,.T.);
#2925=CARTESIAN_POINT('',(252.318086897,-189.72795757,-6.82));
#2926=VERTEX_POINT('',#2925);
#2927=CARTESIAN_POINT('',(251.404268137,-190.169083952,-6.82));
#2928=DIRECTION('',(0.900562248,0.434727085,0.));
#2929=VECTOR('',#2928,1.014720262);
#2930=LINE('',#2927,#2929);
#2931=EDGE_CURVE('',#2918,#2926,#2930,.T.);
#2932=ORIENTED_EDGE('',*,*,#2931,.T.);
#2933=CARTESIAN_POINT('',(252.380411037,-189.705006458,-6.82));
#2934=VERTEX_POINT('',#2933);
#2935=CARTESIAN_POINT('',(252.318086897,-189.72795757,-6.82));
#2936=DIRECTION('',(0.938393968,0.345567303,0.));
#2937=VECTOR('',#2936,0.066415751);
#2938=LINE('',#2935,#2937);
#2939=EDGE_CURVE('',#2926,#2934,#2938,.T.);
#2940=ORIENTED_EDGE('',*,*,#2939,.T.);
#2941=CARTESIAN_POINT('',(252.437632138,-189.670908953,-6.82));
#2942=VERTEX_POINT('',#2941);
#2943=CARTESIAN_POINT('',(252.380411037,-189.705006458,-6.82));
#2944=DIRECTION('',(0.859046494,0.511897568,0.));
#2945=VECTOR('',#2944,0.066610016);
#2946=LINE('',#2943,#2945);
#2947=EDGE_CURVE('',#2934,#2942,#2946,.T.);
#2948=ORIENTED_EDGE('',*,*,#2947,.T.);
#2949=CARTESIAN_POINT('',(253.337195774,-189.246583998,-6.82));
#2950=VERTEX_POINT('',#2949);
#2951=CARTESIAN_POINT('',(252.437632138,-189.670908953,-6.82));
#2952=DIRECTION('',(0.904430628,0.42662072,0.));
#2953=VECTOR('',#2952,0.994618722);
#2954=LINE('',#2951,#2953);
#2955=EDGE_CURVE('',#2942,#2950,#2954,.T.);
#2956=ORIENTED_EDGE('',*,*,#2955,.T.);
#2957=CARTESIAN_POINT('',(253.399948808,-189.224145034,-6.82));
#2958=VERTEX_POINT('',#2957);
#2959=CARTESIAN_POINT('',(253.337195774,-189.246583998,-6.82));
#2960=DIRECTION('',(0.94161273,0.336697885,0.));
#2961=VECTOR('',#2960,0.066644207);
#2962=LINE('',#2959,#2961);
#2963=EDGE_CURVE('',#2950,#2958,#2962,.T.);
#2964=ORIENTED_EDGE('',*,*,#2963,.T.);
#2965=CARTESIAN_POINT('',(253.457565508,-189.190487754,-6.82));
#2966=VERTEX_POINT('',#2965);
#2967=CARTESIAN_POINT('',(253.399948808,-189.224145034,-6.82));
#2968=DIRECTION('',(0.863468663,0.504402486,0.));
#2969=VECTOR('',#2968,0.066727031);
#2970=LINE('',#2967,#2969);
#2971=EDGE_CURVE('',#2958,#2966,#2970,.T.);
#2972=ORIENTED_EDGE('',*,*,#2971,.T.);
#2973=CARTESIAN_POINT('',(254.310204463,-188.797947985,-6.82));
#2974=VERTEX_POINT('',#2973);
#2975=CARTESIAN_POINT('',(253.457565508,-189.190487754,-6.82));
#2976=DIRECTION('',(0.90835861,0.418192105,0.));
#2977=VECTOR('',#2976,0.938658968);
#2978=LINE('',#2975,#2977);
#2979=EDGE_CURVE('',#2966,#2974,#2978,.T.);
#2980=ORIENTED_EDGE('',*,*,#2979,.T.);
#2981=CARTESIAN_POINT('',(254.371745077,-188.776471935,-6.82));
#2982=VERTEX_POINT('',#2981);
#2983=CARTESIAN_POINT('',(254.310204463,-188.797947985,-6.82));
#2984=DIRECTION('',(0.944160124,0.329486964,0.));
#2985=VECTOR('',#2984,0.065180272);
#2986=LINE('',#2983,#2985);
#2987=EDGE_CURVE('',#2974,#2982,#2986,.T.);
#2988=ORIENTED_EDGE('',*,*,#2987,.T.);
#2989=CARTESIAN_POINT('',(254.428418124,-188.744214634,-6.82));
#2990=VERTEX_POINT('',#2989);
#2991=CARTESIAN_POINT('',(254.371745077,-188.776471935,-6.82));
#2992=DIRECTION('',(0.869082807,0.494666629,0.));
#2993=VECTOR('',#2992,0.065210181);
#2994=LINE('',#2991,#2993);
#2995=EDGE_CURVE('',#2982,#2990,#2994,.T.);
#2996=ORIENTED_EDGE('',*,*,#2995,.T.);
#2997=CARTESIAN_POINT('',(255.266883424,-188.367976724,-6.82));
#2998=VERTEX_POINT('',#2997);
#2999=CARTESIAN_POINT('',(254.428418124,-188.744214634,-6.82));
#3000=DIRECTION('',(0.912357294,0.409394881,0.));
#3001=VECTOR('',#3000,0.919009806);
#3002=LINE('',#2999,#3001);
#3003=EDGE_CURVE('',#2990,#2998,#3002,.T.);
#3004=ORIENTED_EDGE('',*,*,#3003,.T.);
#3005=CARTESIAN_POINT('',(255.32852833,-188.347143819,-6.82));
#3006=VERTEX_POINT('',#3005);
#3007=CARTESIAN_POINT('',(255.266883424,-188.367976724,-6.82));
#3008=DIRECTION('',(0.947362994,0.320161455,0.));
#3009=VECTOR('',#3008,0.065069996);
#3010=LINE('',#3007,#3009);
#3011=EDGE_CURVE('',#2998,#3006,#3010,.T.);
#3012=ORIENTED_EDGE('',*,*,#3011,.T.);
#3013=CARTESIAN_POINT('',(255.385398093,-188.315511094,-6.82));
#3014=VERTEX_POINT('',#3013);
#3015=CARTESIAN_POINT('',(255.32852833,-188.347143819,-6.82));
#3016=DIRECTION('',(0.87390657,0.486093928,0.));
#3017=VECTOR('',#3016,0.065075336);
#3018=LINE('',#3015,#3017);
#3019=EDGE_CURVE('',#3006,#3014,#3018,.T.);
#3020=ORIENTED_EDGE('',*,*,#3019,.T.);
#3021=CARTESIAN_POINT('',(256.172707561,-187.971694803,-6.82));
#3022=VERTEX_POINT('',#3021);
#3023=CARTESIAN_POINT('',(255.385398093,-188.315511094,-6.82));
#3024=DIRECTION('',(0.916427096,0.400201672,0.));
#3025=VECTOR('',#3024,0.859107583);
#3026=LINE('',#3023,#3025);
#3027=EDGE_CURVE('',#3014,#3022,#3026,.T.);
#3028=ORIENTED_EDGE('',*,*,#3027,.T.);
#3029=CARTESIAN_POINT('',(256.233813957,-187.95170521,-6.82));
#3030=VERTEX_POINT('',#3029);
#3031=CARTESIAN_POINT('',(256.172707561,-187.971694803,-6.82));
#3032=DIRECTION('',(0.950437879,0.310914519,0.));
#3033=VECTOR('',#3032,0.064292888);
#3034=LINE('',#3031,#3033);
#3035=EDGE_CURVE('',#3022,#3030,#3034,.T.);
#3036=ORIENTED_EDGE('',*,*,#3035,.T.);
#3037=CARTESIAN_POINT('',(256.290547507,-187.920967725,-6.82));
#3038=VERTEX_POINT('',#3037);
#3039=CARTESIAN_POINT('',(256.233813957,-187.95170521,-6.82));
#3040=DIRECTION('',(0.879247748,0.476364774,0.));
#3041=VECTOR('',#3040,0.064525102);
#3042=LINE('',#3039,#3041);
#3043=EDGE_CURVE('',#3030,#3038,#3042,.T.);
#3044=ORIENTED_EDGE('',*,*,#3043,.T.);
#3045=CARTESIAN_POINT('',(257.061134412,-187.594038285,-6.82));
#3046=VERTEX_POINT('',#3045);
#3047=CARTESIAN_POINT('',(256.290547507,-187.920967725,-6.82));
#3048=DIRECTION('',(0.920575862,0.390563801,0.));
#3049=VECTOR('',#3048,0.837070509);
#3050=LINE('',#3047,#3049);
#3051=EDGE_CURVE('',#3038,#3046,#3050,.T.);
#3052=ORIENTED_EDGE('',*,*,#3051,.T.);
#3053=CARTESIAN_POINT('',(257.122750622,-187.574646381,-6.82));
#3054=VERTEX_POINT('',#3053);
#3055=CARTESIAN_POINT('',(257.061134412,-187.594038285,-6.82));
#3056=DIRECTION('',(0.95387493,0.300204293,0.));
#3057=VECTOR('',#3056,0.064595691);
#3058=LINE('',#3055,#3057);
#3059=EDGE_CURVE('',#3046,#3054,#3058,.T.);
#3060=ORIENTED_EDGE('',*,*,#3059,.T.);
#3061=CARTESIAN_POINT('',(257.179998057,-187.54437582,-6.82));
#3062=VERTEX_POINT('',#3061);
#3063=CARTESIAN_POINT('',(257.122750622,-187.574646381,-6.82));
#3064=DIRECTION('',(0.884023457,0.46744254,0.));
#3065=VECTOR('',#3064,0.064757823);
#3066=LINE('',#3063,#3065);
#3067=EDGE_CURVE('',#3054,#3062,#3066,.T.);
#3068=ORIENTED_EDGE('',*,*,#3067,.T.);
#3069=CARTESIAN_POINT('',(257.896232495,-187.249734415,-6.82));
#3070=VERTEX_POINT('',#3069);
#3071=CARTESIAN_POINT('',(257.179998057,-187.54437582,-6.82));
#3072=DIRECTION('',(0.924804724,0.380442141,0.));
#3073=VECTOR('',#3072,0.774470998);
#3074=LINE('',#3071,#3073);
#3075=EDGE_CURVE('',#3062,#3070,#3074,.T.);
#3076=ORIENTED_EDGE('',*,*,#3075,.T.);
#3077=CARTESIAN_POINT('',(257.958468067,-187.230957746,-6.82));
#3078=VERTEX_POINT('',#3077);
#3079=CARTESIAN_POINT('',(257.896232495,-187.249734415,-6.82));
#3080=DIRECTION('',(0.957376337,0.288843469,0.));
#3081=VECTOR('',#3080,0.065006382);
#3082=LINE('',#3079,#3081);
#3083=EDGE_CURVE('',#3070,#3078,#3082,.T.);
#3084=ORIENTED_EDGE('',*,*,#3083,.T.);
#3085=CARTESIAN_POINT('',(258.016318981,-187.201137688,-6.82));
#3086=VERTEX_POINT('',#3085);
#3087=CARTESIAN_POINT('',(257.958468067,-187.230957746,-6.82));
#3088=DIRECTION('',(0.888861482,0.458176021,0.));
#3089=VECTOR('',#3088,0.065084285);
#3090=LINE('',#3087,#3089);
#3091=EDGE_CURVE('',#3078,#3086,#3090,.T.);
#3092=ORIENTED_EDGE('',*,*,#3091,.T.);
#3093=CARTESIAN_POINT('',(258.714255668,-186.923359449,-6.82));
#3094=VERTEX_POINT('',#3093);
#3095=CARTESIAN_POINT('',(258.016318981,-187.201137688,-6.82));
#3096=DIRECTION('',(0.929116336,0.369787553,0.));
#3097=VECTOR('',#3096,0.751183312);
#3098=LINE('',#3095,#3097);
#3099=EDGE_CURVE('',#3086,#3094,#3098,.T.);
#3100=ORIENTED_EDGE('',*,*,#3099,.T.);
#3101=CARTESIAN_POINT('',(258.776146196,-186.9054549,-6.82));
#3102=VERTEX_POINT('',#3101);
#3103=CARTESIAN_POINT('',(258.714255668,-186.923359449,-6.82));
#3104=DIRECTION('',(0.960610392,0.277898678,0.));
#3105=VECTOR('',#3104,0.064428335);
#3106=LINE('',#3103,#3105);
#3107=EDGE_CURVE('',#3094,#3102,#3106,.T.);
#3108=ORIENTED_EDGE('',*,*,#3107,.T.);
#3109=CARTESIAN_POINT('',(258.833928726,-186.876563635,-6.82));
#3110=VERTEX_POINT('',#3109);
#3111=CARTESIAN_POINT('',(258.776146196,-186.9054549,-6.82));
#3112=DIRECTION('',(0.894427191,0.447213596,0.));
#3113=VECTOR('',#3112,0.064602832);
#3114=LINE('',#3111,#3113);
#3115=EDGE_CURVE('',#3102,#3110,#3114,.T.);
#3116=ORIENTED_EDGE('',*,*,#3115,.T.);
#3117=CARTESIAN_POINT('',(259.478706129,-186.628913823,-6.82));
#3118=VERTEX_POINT('',#3117);
#3119=CARTESIAN_POINT('',(258.833928726,-186.876563635,-6.82));
#3120=DIRECTION('',(0.933511163,0.358548335,0.));
#3121=VECTOR('',#3120,0.690701332);
#3122=LINE('',#3119,#3121);
#3123=EDGE_CURVE('',#3110,#3118,#3122,.T.);
#3124=ORIENTED_EDGE('',*,*,#3123,.T.);
#3125=CARTESIAN_POINT('',(259.540104877,-186.611925498,-6.82));
#3126=VERTEX_POINT('',#3125);
#3127=CARTESIAN_POINT('',(259.478706129,-186.628913823,-6.82));
#3128=DIRECTION('',(0.963788159,0.266669055,0.));
#3129=VECTOR('',#3128,0.063705646);
#3130=LINE('',#3127,#3129);
#3131=EDGE_CURVE('',#3118,#3126,#3130,.T.);
#3132=ORIENTED_EDGE('',*,*,#3131,.T.);
#3133=CARTESIAN_POINT('',(259.597585791,-186.584116445,-6.82));
#3134=VERTEX_POINT('',#3133);
#3135=CARTESIAN_POINT('',(259.540104877,-186.611925498,-6.82));
#3136=DIRECTION('',(0.900185604,0.435506461,0.));
#3137=VECTOR('',#3136,0.063854515);
#3138=LINE('',#3135,#3137);
#3139=EDGE_CURVE('',#3126,#3134,#3138,.T.);
#3140=ORIENTED_EDGE('',*,*,#3139,.T.);
#3141=CARTESIAN_POINT('',(260.223987117,-186.352606453,-6.82));
#3142=VERTEX_POINT('',#3141);
#3143=CARTESIAN_POINT('',(259.597585791,-186.584116445,-6.82));
#3144=DIRECTION('',(0.937987755,0.346668388,0.));
#3145=VECTOR('',#3144,0.667813969);
#3146=LINE('',#3143,#3145);
#3147=EDGE_CURVE('',#3134,#3142,#3146,.T.);
#3148=ORIENTED_EDGE('',*,*,#3147,.T.);
#3149=CARTESIAN_POINT('',(260.285744024,-186.336401644,-6.82));
#3150=VERTEX_POINT('',#3149);
#3151=CARTESIAN_POINT('',(260.223987117,-186.352606453,-6.82));
#3152=DIRECTION('',(0.9672555,0.253804646,0.));
#3153=VECTOR('',#3152,0.063847564);
#3154=LINE('',#3151,#3153);
#3155=EDGE_CURVE('',#3142,#3150,#3154,.T.);
#3156=ORIENTED_EDGE('',*,*,#3155,.T.);
#3157=CARTESIAN_POINT('',(260.343558819,-186.309320641,-6.82));
#3158=VERTEX_POINT('',#3157);
#3159=CARTESIAN_POINT('',(260.285744024,-186.336401644,-6.82));
#3160=DIRECTION('',(0.905577372,0.424181122,0.));
#3161=VECTOR('',#3160,0.06384302);
#3162=LINE('',#3159,#3161);
#3163=EDGE_CURVE('',#3150,#3158,#3162,.T.);
#3164=ORIENTED_EDGE('',*,*,#3163,.T.);
#3165=CARTESIAN_POINT('',(260.91675257,-186.106149601,-6.82));
#3166=VERTEX_POINT('',#3165);
#3167=CARTESIAN_POINT('',(260.343558819,-186.309320641,-6.82));
#3168=DIRECTION('',(0.942541853,0.334088095,0.));
#3169=VECTOR('',#3168,0.608136127);
#3170=LINE('',#3167,#3169);
#3171=EDGE_CURVE('',#3158,#3166,#3170,.T.);
#3172=ORIENTED_EDGE('',*,*,#3171,.T.);
#3173=CARTESIAN_POINT('',(260.977780757,-186.09098143,-6.82));
#3174=VERTEX_POINT('',#3173);
#3175=CARTESIAN_POINT('',(260.91675257,-186.106149601,-6.82));
#3176=DIRECTION('',(0.970474132,0.241205221,0.));
#3177=VECTOR('',#3176,0.062884918);
#3178=LINE('',#3175,#3177);
#3179=EDGE_CURVE('',#3166,#3174,#3178,.T.);
#3180=ORIENTED_EDGE('',*,*,#3179,.T.);
#3181=CARTESIAN_POINT('',(261.035231837,-186.065092981,-6.82));
#3182=VERTEX_POINT('',#3181);
#3183=CARTESIAN_POINT('',(260.977780757,-186.09098143,-6.82));
#3184=DIRECTION('',(0.91171078,0.410832635,0.));
#3185=VECTOR('',#3184,0.063014589);
#3186=LINE('',#3183,#3185);
#3187=EDGE_CURVE('',#3174,#3182,#3186,.T.);
#3188=ORIENTED_EDGE('',*,*,#3187,.T.);
#3189=CARTESIAN_POINT('',(261.589894035,-185.877269904,-6.82));
#3190=VERTEX_POINT('',#3189);
#3191=CARTESIAN_POINT('',(261.035231837,-186.065092981,-6.82));
#3192=DIRECTION('',(0.947168637,0.320735987,0.));
#3193=VECTOR('',#3192,0.585600259);
#3194=LINE('',#3191,#3193);
#3195=EDGE_CURVE('',#3182,#3190,#3194,.T.);
#3196=ORIENTED_EDGE('',*,*,#3195,.T.);
#3197=CARTESIAN_POINT('',(261.651258702,-185.862988672,-6.82));
#3198=VERTEX_POINT('',#3197);
#3199=CARTESIAN_POINT('',(261.589894035,-185.877269904,-6.82));
#3200=DIRECTION('',(0.973971671,0.226669771,0.));
#3201=VECTOR('',#3200,0.06300457);
#3202=LINE('',#3199,#3201);
#3203=EDGE_CURVE('',#3190,#3198,#3202,.T.);
#3204=ORIENTED_EDGE('',*,*,#3203,.T.);
#3205=CARTESIAN_POINT('',(261.709099755,-185.837894208,-6.82));
#3206=VERTEX_POINT('',#3205);
#3207=CARTESIAN_POINT('',(261.651258702,-185.862988672,-6.82));
#3208=DIRECTION('',(0.917381901,0.398008101,0.));
#3209=VECTOR('',#3208,0.063050135);
#3210=LINE('',#3207,#3209);
#3211=EDGE_CURVE('',#3198,#3206,#3210,.T.);
#3212=ORIENTED_EDGE('',*,*,#3211,.T.);
#3213=CARTESIAN_POINT('',(262.212155177,-185.675885068,-6.82));
#3214=VERTEX_POINT('',#3213);
#3215=CARTESIAN_POINT('',(261.709099755,-185.837894208,-6.82));
#3216=DIRECTION('',(0.951856008,0.306545494,0.));
#3217=VECTOR('',#3216,0.528499498);
#3218=LINE('',#3215,#3217);
#3219=EDGE_CURVE('',#3206,#3214,#3218,.T.);
#3220=ORIENTED_EDGE('',*,*,#3219,.T.);
#3221=CARTESIAN_POINT('',(262.272703997,-185.662717773,-6.82));
#3222=VERTEX_POINT('',#3221);
#3223=CARTESIAN_POINT('',(262.212155177,-185.675885068,-6.82));
#3224=DIRECTION('',(0.97716126,0.21249911,0.));
#3225=VECTOR('',#3224,0.061964);
#3226=LINE('',#3223,#3225);
#3227=EDGE_CURVE('',#3214,#3222,#3226,.T.);
#3228=ORIENTED_EDGE('',*,*,#3227,.T.);
#3229=CARTESIAN_POINT('',(262.33006133,-185.638940552,-6.82));
#3230=VERTEX_POINT('',#3229);
#3231=CARTESIAN_POINT('',(262.272703997,-185.662717773,-6.82));
#3232=DIRECTION('',(0.923771099,0.38294511,0.));
#3233=VECTOR('',#3232,0.062090417);
#3234=LINE('',#3231,#3233);
#3235=EDGE_CURVE('',#3222,#3230,#3234,.T.);
#3236=ORIENTED_EDGE('',*,*,#3235,.T.);
#3237=CARTESIAN_POINT('',(262.815115417,-185.491165519,-6.82));
#3238=VERTEX_POINT('',#3237);
#3239=CARTESIAN_POINT('',(262.33006133,-185.638940552,-6.82));
#3240=DIRECTION('',(0.956591511,0.291432122,0.));
#3241=VECTOR('',#3240,0.507065013);
#3242=LINE('',#3239,#3241);
#3243=EDGE_CURVE('',#3230,#3238,#3242,.T.);
#3244=ORIENTED_EDGE('',*,*,#3243,.T.);
#3245=CARTESIAN_POINT('',(262.875366624,-185.47907628,-6.82));
#3246=VERTEX_POINT('',#3245);
#3247=CARTESIAN_POINT('',(262.815115417,-185.491165519,-6.82));
#3248=DIRECTION('',(0.980458447,0.19672629,0.));
#3249=VECTOR('',#3248,0.061452076);
#3250=LINE('',#3247,#3249);
#3251=EDGE_CURVE('',#3238,#3246,#3250,.T.);
#3252=ORIENTED_EDGE('',*,*,#3251,.T.);
#3253=CARTESIAN_POINT('',(262.932656864,-185.456431151,-6.82));
#3254=VERTEX_POINT('',#3253);
#3255=CARTESIAN_POINT('',(262.875366624,-185.47907628,-6.82));
#3256=DIRECTION('',(0.9299857,0.367595699,0.));
#3257=VECTOR('',#3256,0.061603356);
#3258=LINE('',#3255,#3257);
#3259=EDGE_CURVE('',#3246,#3254,#3258,.T.);
#3260=ORIENTED_EDGE('',*,*,#3259,.T.);
#3261=CARTESIAN_POINT('',(263.368979663,-185.331479622,-6.82));
#3262=VERTEX_POINT('',#3261);
#3263=CARTESIAN_POINT('',(262.932656864,-185.456431151,-6.82));
#3264=DIRECTION('',(0.961356225,0.275307479,0.));
#3265=VECTOR('',#3264,0.45386173);
#3266=LINE('',#3263,#3265);
#3267=EDGE_CURVE('',#3254,#3262,#3266,.T.);
#3268=ORIENTED_EDGE('',*,*,#3267,.T.);
#3269=CARTESIAN_POINT('',(263.428320147,-185.320576702,-6.82));
#3270=VERTEX_POINT('',#3269);
#3271=CARTESIAN_POINT('',(263.368979663,-185.331479622,-6.82));
#3272=DIRECTION('',(0.983536422,0.180710005,0.));
#3273=VECTOR('',#3272,0.060333794);
#3274=LINE('',#3271,#3273);
#3275=EDGE_CURVE('',#3262,#3270,#3274,.T.);
#3276=ORIENTED_EDGE('',*,*,#3275,.T.);
#3277=CARTESIAN_POINT('',(263.484939223,-185.299389628,-6.82));
#3278=VERTEX_POINT('',#3277);
#3279=CARTESIAN_POINT('',(263.428320147,-185.320576702,-6.82));
#3280=DIRECTION('',(0.936574104,0.350469609,0.));
#3281=VECTOR('',#3280,0.060453386);
#3282=LINE('',#3279,#3281);
#3283=EDGE_CURVE('',#3270,#3278,#3282,.T.);
#3284=ORIENTED_EDGE('',*,*,#3283,.T.);
#3285=CARTESIAN_POINT('',(263.903990548,-185.187447773,-6.82));
#3286=VERTEX_POINT('',#3285);
#3287=CARTESIAN_POINT('',(263.484939223,-185.299389628,-6.82));
#3288=DIRECTION('',(0.966123017,0.258081995,0.));
#3289=VECTOR('',#3288,0.433745308);
#3290=LINE('',#3287,#3289);
#3291=EDGE_CURVE('',#3278,#3286,#3290,.T.);
#3292=ORIENTED_EDGE('',*,*,#3291,.T.);
#3293=CARTESIAN_POINT('',(263.962647756,-185.177740711,-6.82));
#3294=VERTEX_POINT('',#3293);
#3295=CARTESIAN_POINT('',(263.903990548,-185.187447773,-6.82));
#3296=DIRECTION('',(0.986581849,0.163267435,0.));
#3297=VECTOR('',#3296,0.059454984);
#3298=LINE('',#3295,#3297);
#3299=EDGE_CURVE('',#3286,#3294,#3298,.T.);
#3300=ORIENTED_EDGE('',*,*,#3299,.T.);
#3301=CARTESIAN_POINT('',(264.018758495,-185.15795648,-6.82));
#3302=VERTEX_POINT('',#3301);
#3303=CARTESIAN_POINT('',(263.962647756,-185.177740711,-6.82));
#3304=DIRECTION('',(0.943093464,0.33252777,0.));
#3305=VECTOR('',#3304,0.059496477);
#3306=LINE('',#3303,#3305);
#3307=EDGE_CURVE('',#3294,#3302,#3306,.T.);
#3308=ORIENTED_EDGE('',*,*,#3307,.T.);
#3309=CARTESIAN_POINT('',(264.391017956,-185.066067223,-6.82));
#3310=VERTEX_POINT('',#3309);
#3311=CARTESIAN_POINT('',(264.018758495,-185.15795648,-6.82));
#3312=DIRECTION('',(0.970859623,0.239648896,0.));
#3313=VECTOR('',#3312,0.383432839);
#3314=LINE('',#3311,#3313);
#3315=EDGE_CURVE('',#3302,#3310,#3314,.T.);
#3316=ORIENTED_EDGE('',*,*,#3315,.T.);
#3317=CARTESIAN_POINT('',(264.449703586,-185.057562059,-6.82));
#3318=VERTEX_POINT('',#3317);
#3319=CARTESIAN_POINT('',(264.391017956,-185.066067223,-6.82));
#3320=DIRECTION('',(0.989660599,0.143429072,0.));
#3321=VECTOR('',#3320,0.059298743);
#3322=LINE('',#3319,#3321);
#3323=EDGE_CURVE('',#3310,#3318,#3322,.T.);
#3324=ORIENTED_EDGE('',*,*,#3323,.T.);
#3325=CARTESIAN_POINT('',(264.506071504,-185.038902873,-6.82));
#3326=VERTEX_POINT('',#3325);
#3327=CARTESIAN_POINT('',(264.449703586,-185.057562059,-6.82));
#3328=DIRECTION('',(0.949338685,0.314254772,0.));
#3329=VECTOR('',#3328,0.059375984);
#3330=LINE('',#3327,#3329);
#3331=EDGE_CURVE('',#3318,#3326,#3330,.T.);
#3332=ORIENTED_EDGE('',*,*,#3331,.T.);
#3333=CARTESIAN_POINT('',(264.860539001,-184.959002573,-6.82));
#3334=VERTEX_POINT('',#3333);
#3335=CARTESIAN_POINT('',(264.506071504,-185.038902873,-6.82));
#3336=DIRECTION('',(0.975524155,0.219892298,0.));
#3337=VECTOR('',#3336,0.363361066);
#3338=LINE('',#3335,#3337);
#3339=EDGE_CURVE('',#3326,#3334,#3338,.T.);
#3340=ORIENTED_EDGE('',*,*,#3339,.T.);
#3341=CARTESIAN_POINT('',(264.920617894,-184.951536121,-6.82));
#3342=VERTEX_POINT('',#3341);
#3343=CARTESIAN_POINT('',(264.860539001,-184.959002573,-6.82));
#3344=DIRECTION('',(0.992365875,0.123328707,0.));
#3345=VECTOR('',#3344,0.060541071);
#3346=LINE('',#3343,#3345);
#3347=EDGE_CURVE('',#3334,#3342,#3346,.T.);
#3348=ORIENTED_EDGE('',*,*,#3347,.T.);
#3349=CARTESIAN_POINT('',(264.978472255,-184.933569462,-6.82));
#3350=VERTEX_POINT('',#3349);
#3351=CARTESIAN_POINT('',(264.920617894,-184.951536121,-6.82));
#3352=DIRECTION('',(0.955008713,0.296577743,0.));
#3353=VECTOR('',#3352,0.06057993);
#3354=LINE('',#3351,#3353);
#3355=EDGE_CURVE('',#3342,#3350,#3354,.T.);
#3356=ORIENTED_EDGE('',*,*,#3355,.T.);
#3357=CARTESIAN_POINT('',(265.270281006,-184.873478032,-6.82));
#3358=VERTEX_POINT('',#3357);
#3359=CARTESIAN_POINT('',(264.978472255,-184.933569462,-6.82));
#3360=DIRECTION('',(0.979448319,0.20169529,0.));
#3361=VECTOR('',#3360,0.297931749);
#3362=LINE('',#3359,#3361);
#3363=EDGE_CURVE('',#3350,#3358,#3362,.T.);
#3364=ORIENTED_EDGE('',*,*,#3363,.T.);
#3365=CARTESIAN_POINT('',(266.904451511,-184.454640549,-6.82));
#3366=VERTEX_POINT('',#3365);
#3367=CARTESIAN_POINT('',(265.270281006,-184.873478032,-6.82));
#3368=DIRECTION('',(0.968689617,0.248274901,0.));
#3369=VECTOR('',#3368,1.686990835);
#3370=LINE('',#3367,#3369);
#3371=EDGE_CURVE('',#3358,#3366,#3370,.T.);
#3372=ORIENTED_EDGE('',*,*,#3371,.T.);
#3373=CARTESIAN_POINT('',(266.961091072,-184.445901112,-6.82));
#3374=VERTEX_POINT('',#3373);
#3375=CARTESIAN_POINT('',(266.904451511,-184.454640549,-6.82));
#3376=DIRECTION('',(0.988304313,0.152494541,0.));
#3377=VECTOR('',#3376,0.057309839);
#3378=LINE('',#3375,#3377);
#3379=EDGE_CURVE('',#3366,#3374,#3378,.T.);
#3380=ORIENTED_EDGE('',*,*,#3379,.T.);
#3381=CARTESIAN_POINT('',(267.015458666,-184.427532776,-6.82));
#3382=VERTEX_POINT('',#3381);
#3383=CARTESIAN_POINT('',(266.961091072,-184.445901112,-6.82));
#3384=DIRECTION('',(0.947390472,0.320080135,0.));
#3385=VECTOR('',#3384,0.05738668);
#3386=LINE('',#3383,#3385);
#3387=EDGE_CURVE('',#3374,#3382,#3386,.T.);
#3388=ORIENTED_EDGE('',*,*,#3387,.T.);
#3389=CARTESIAN_POINT('',(268.570017067,-184.066635921,-6.82));
#3390=VERTEX_POINT('',#3389);
#3391=CARTESIAN_POINT('',(267.015458666,-184.427532776,-6.82));
#3392=DIRECTION('',(0.974094823,0.226139949,0.));
#3393=VECTOR('',#3392,1.595900486);
#3394=LINE('',#3391,#3393);
#3395=EDGE_CURVE('',#3382,#3390,#3394,.T.);
#3396=ORIENTED_EDGE('',*,*,#3395,.T.);
#3397=CARTESIAN_POINT('',(268.626400923,-184.059202895,-6.82));
#3398=VERTEX_POINT('',#3397);
#3399=CARTESIAN_POINT('',(268.570017067,-184.066635921,-6.82));
#3400=DIRECTION('',(0.991422204,0.130698177,0.));
#3401=VECTOR('',#3400,0.05687169);
#3402=LINE('',#3399,#3401);
#3403=EDGE_CURVE('',#3390,#3398,#3402,.T.);
#3404=ORIENTED_EDGE('',*,*,#3403,.T.);
#3405=CARTESIAN_POINT('',(268.680744834,-184.042245458,-6.82));
#3406=VERTEX_POINT('',#3405);
#3407=CARTESIAN_POINT('',(268.626400923,-184.059202895,-6.82));
#3408=DIRECTION('',(0.954605097,0.297874318,0.));
#3409=VECTOR('',#3408,0.05692816);
#3410=LINE('',#3407,#3409);
#3411=EDGE_CURVE('',#3398,#3406,#3410,.T.);
#3412=ORIENTED_EDGE('',*,*,#3411,.T.);
#3413=CARTESIAN_POINT('',(270.255518957,-183.714002696,-6.82));
#3414=VERTEX_POINT('',#3413);
#3415=CARTESIAN_POINT('',(268.680744834,-184.042245458,-6.82));
#3416=DIRECTION('',(0.978959957,0.204052451,0.));
#3417=VECTOR('',#3416,1.608619547);
#3418=LINE('',#3415,#3417);
#3419=EDGE_CURVE('',#3406,#3414,#3418,.T.);
#3420=ORIENTED_EDGE('',*,*,#3419,.T.);
#3421=CARTESIAN_POINT('',(270.312721701,-183.707813101,-6.82));
#3422=VERTEX_POINT('',#3421);
#3423=CARTESIAN_POINT('',(270.255518957,-183.714002696,-6.82));
#3424=DIRECTION('',(0.994196801,0.107576586,0.));
#3425=VECTOR('',#3424,0.057536641);
#3426=LINE('',#3423,#3425);
#3427=EDGE_CURVE('',#3414,#3422,#3426,.T.);
#3428=ORIENTED_EDGE('',*,*,#3427,.T.);
#3429=CARTESIAN_POINT('',(270.367993581,-183.69187581,-6.82));
#3430=VERTEX_POINT('',#3429);
#3431=CARTESIAN_POINT('',(270.312721701,-183.707813101,-6.82));
#3432=DIRECTION('',(0.960853774,0.277055996,0.));
#3433=VECTOR('',#3432,0.057523716);
#3434=LINE('',#3431,#3433);
#3435=EDGE_CURVE('',#3422,#3430,#3434,.T.);
#3436=ORIENTED_EDGE('',*,*,#3435,.T.);
#3437=CARTESIAN_POINT('',(271.958180473,-183.397582255,-6.82));
#3438=VERTEX_POINT('',#3437);
#3439=CARTESIAN_POINT('',(270.367993581,-183.69187581,-6.82));
#3440=DIRECTION('',(0.983302536,0.181978358,0.));
#3441=VECTOR('',#3440,1.617189862);
#3442=LINE('',#3439,#3441);
#3443=EDGE_CURVE('',#3430,#3438,#3442,.T.);
#3444=ORIENTED_EDGE('',*,*,#3443,.T.);
#3445=CARTESIAN_POINT('',(272.015508442,-183.392685916,-6.82));
#3446=VERTEX_POINT('',#3445);
#3447=CARTESIAN_POINT('',(271.958180473,-183.397582255,-6.82));
#3448=DIRECTION('',(0.996372464,0.085099428,0.));
#3449=VECTOR('',#3448,0.057536685);
#3450=LINE('',#3447,#3449);
#3451=EDGE_CURVE('',#3438,#3446,#3450,.T.);
#3452=ORIENTED_EDGE('',*,*,#3451,.T.);
#3453=CARTESIAN_POINT('',(272.071231551,-183.377967896,-6.82));
#3454=VERTEX_POINT('',#3453);
#3455=CARTESIAN_POINT('',(272.015508442,-183.392685916,-6.82));
#3456=DIRECTION('',(0.966843356,0.255370174,0.));
#3457=VECTOR('',#3456,0.057634062);
#3458=LINE('',#3455,#3457);
#3459=EDGE_CURVE('',#3446,#3454,#3458,.T.);
#3460=ORIENTED_EDGE('',*,*,#3459,.T.);
#3461=CARTESIAN_POINT('',(273.673013203,-183.118536273,-6.82));
#3462=VERTEX_POINT('',#3461);
#3463=CARTESIAN_POINT('',(272.071231551,-183.377967896,-6.82));
#3464=DIRECTION('',(0.987136303,0.159880951,0.));
#3465=VECTOR('',#3464,1.622654993);
#3466=LINE('',#3463,#3465);
#3467=EDGE_CURVE('',#3454,#3462,#3466,.T.);
#3468=ORIENTED_EDGE('',*,*,#3467,.T.);
#3469=CARTESIAN_POINT('',(273.730413155,-183.114923212,-6.82));
#3470=VERTEX_POINT('',#3469);
#3471=CARTESIAN_POINT('',(273.673013203,-183.118536273,-6.82));
#3472=DIRECTION('',(0.998024808,0.062821039,0.));
#3473=VECTOR('',#3472,0.057513552);
#3474=LINE('',#3471,#3473);
#3475=EDGE_CURVE('',#3462,#3470,#3474,.T.);
#3476=ORIENTED_EDGE('',*,*,#3475,.T.);
#3477=CARTESIAN_POINT('',(273.786401798,-183.101472282,-6.82));
#3478=VERTEX_POINT('',#3477);
#3479=CARTESIAN_POINT('',(273.730413155,-183.114923212,-6.82));
#3480=DIRECTION('',(0.972333459,0.233597185,0.));
#3481=VECTOR('',#3480,0.057581731);
#3482=LINE('',#3479,#3481);
#3483=EDGE_CURVE('',#3470,#3478,#3482,.T.);
#3484=ORIENTED_EDGE('',*,*,#3483,.T.);
#3485=CARTESIAN_POINT('',(275.394725141,-182.877843086,-6.82));
#3486=VERTEX_POINT('',#3485);
#3487=CARTESIAN_POINT('',(273.786401798,-183.101472282,-6.82));
#3488=DIRECTION('',(0.990471203,0.137719992,0.));
#3489=VECTOR('',#3488,1.623796167);
#3490=LINE('',#3487,#3489);
#3491=EDGE_CURVE('',#3478,#3486,#3490,.T.);
#3492=ORIENTED_EDGE('',*,*,#3491,.T.);
#3493=CARTESIAN_POINT('',(275.452148284,-182.875518816,-6.82));
#3494=VERTEX_POINT('',#3493);
#3495=CARTESIAN_POINT('',(275.394725141,-182.877843086,-6.82));
#3496=DIRECTION('',(0.999181844,0.040443075,0.));
#3497=VECTOR('',#3496,0.057470163);
#3498=LINE('',#3495,#3497);
#3499=EDGE_CURVE('',#3486,#3494,#3498,.T.);
#3500=ORIENTED_EDGE('',*,*,#3499,.T.);
#3501=CARTESIAN_POINT('',(275.508397073,-182.863334963,-6.82));
#3502=VERTEX_POINT('',#3501);
#3503=CARTESIAN_POINT('',(275.452148284,-182.875518816,-6.82));
#3504=DIRECTION('',(0.977335308,0.211697179,0.));
#3505=VECTOR('',#3504,0.057553215);
#3506=LINE('',#3503,#3505);
#3507=EDGE_CURVE('',#3494,#3502,#3506,.T.);
#3508=ORIENTED_EDGE('',*,*,#3507,.T.);
#3509=CARTESIAN_POINT('',(277.117612437,-182.676307114,-6.82));
#3510=VERTEX_POINT('',#3509);
#3511=CARTESIAN_POINT('',(275.508397073,-182.863334963,-6.82));
#3512=DIRECTION('',(0.993313768,0.115445913,0.));
#3513=VECTOR('',#3512,1.620047377);
#3514=LINE('',#3511,#3513);
#3515=EDGE_CURVE('',#3502,#3510,#3514,.T.);
#3516=ORIENTED_EDGE('',*,*,#3515,.T.);
#3517=CARTESIAN_POINT('',(277.175304406,-182.67528902,-6.82));
#3518=VERTEX_POINT('',#3517);
#3519=CARTESIAN_POINT('',(277.117612437,-182.676307114,-6.82));
#3520=DIRECTION('',(0.999844327,0.017644312,0.));
#3521=VECTOR('',#3520,0.057700951);
#3522=LINE('',#3519,#3521);
#3523=EDGE_CURVE('',#3510,#3518,#3522,.T.);
#3524=ORIENTED_EDGE('',*,*,#3523,.T.);
#3525=CARTESIAN_POINT('',(277.23199191,-182.664319443,-6.82));
#3526=VERTEX_POINT('',#3525);
#3527=CARTESIAN_POINT('',(277.175304406,-182.67528902,-6.82));
#3528=DIRECTION('',(0.981786951,0.189985215,0.));
#3529=VECTOR('',#3528,0.057739109);
#3530=LINE('',#3527,#3529);
#3531=EDGE_CURVE('',#3518,#3526,#3530,.T.);
#3532=ORIENTED_EDGE('',*,*,#3531,.T.);
#3533=CARTESIAN_POINT('',(278.836547626,-182.514433003,-6.82));
#3534=VERTEX_POINT('',#3533);
#3535=CARTESIAN_POINT('',(277.23199191,-182.664319443,-6.82));
#3536=DIRECTION('',(0.995665349,0.093008135,0.));
#3537=VECTOR('',#3536,1.611541185);
#3538=LINE('',#3535,#3537);
#3539=EDGE_CURVE('',#3526,#3534,#3538,.T.);
#3540=ORIENTED_EDGE('',*,*,#3539,.T.);
#3541=CARTESIAN_POINT('',(278.893834863,-182.5147007,-6.82));
#3542=VERTEX_POINT('',#3541);
#3543=CARTESIAN_POINT('',(278.836547626,-182.514433003,-6.82));
#3544=DIRECTION('',(0.999989082,-0.004672846,0.));
#3545=VECTOR('',#3544,0.057287863);
#3546=LINE('',#3543,#3545);
#3547=EDGE_CURVE('',#3534,#3542,#3546,.T.);
#3548=ORIENTED_EDGE('',*,*,#3547,.T.);
#3549=CARTESIAN_POINT('',(278.950455417,-182.505096027,-6.82));
#3550=VERTEX_POINT('',#3549);
#3551=CARTESIAN_POINT('',(278.893834863,-182.5147007,-6.82));
#3552=DIRECTION('',(0.985915687,0.167243112,0.));
#3553=VECTOR('',#3552,0.057429407);
#3554=LINE('',#3551,#3553);
#3555=EDGE_CURVE('',#3542,#3550,#3554,.T.);
#3556=ORIENTED_EDGE('',*,*,#3555,.T.);
#3557=CARTESIAN_POINT('',(280.545591177,-182.392601881,-6.82));
#3558=VERTEX_POINT('',#3557);
#3559=CARTESIAN_POINT('',(278.950455417,-182.505096027,-6.82));
#3560=DIRECTION('',(0.997522474,0.070348519,0.));
#3561=VECTOR('',#3560,1.599097566);
#3562=LINE('',#3559,#3561);
#3563=EDGE_CURVE('',#3550,#3558,#3562,.T.);
#3564=ORIENTED_EDGE('',*,*,#3563,.T.);
#3565=CARTESIAN_POINT('',(280.605991683,-182.394191368,-6.82));
#3566=VERTEX_POINT('',#3565);
#3567=CARTESIAN_POINT('',(280.545591177,-182.392601881,-6.82));
#3568=DIRECTION('',(0.999653919,-0.026306682,0.));
#3569=VECTOR('',#3568,0.060421417);
#3570=LINE('',#3567,#3569);
#3571=EDGE_CURVE('',#3558,#3566,#3570,.T.);
#3572=ORIENTED_EDGE('',*,*,#3571,.T.);
#3573=CARTESIAN_POINT('',(280.66587125,-182.385158214,-6.82));
#3574=VERTEX_POINT('',#3573);
#3575=CARTESIAN_POINT('',(280.605991683,-182.394191368,-6.82));
#3576=DIRECTION('',(0.988811929,0.149167585,0.));
#3577=VECTOR('',#3576,0.060557083);
#3578=LINE('',#3575,#3577);
#3579=EDGE_CURVE('',#3566,#3574,#3578,.T.);
#3580=ORIENTED_EDGE('',*,*,#3579,.T.);
#3581=CARTESIAN_POINT('',(281.38593985,-182.346825164,-6.82));
#3582=VERTEX_POINT('',#3581);
#3583=CARTESIAN_POINT('',(280.66587125,-182.385158214,-6.82));
#3584=DIRECTION('',(0.998586007,0.053160001,0.));
#3585=VECTOR('',#3584,0.721088213);
#3586=LINE('',#3583,#3585);
#3587=EDGE_CURVE('',#3574,#3582,#3586,.T.);
#3588=ORIENTED_EDGE('',*,*,#3587,.T.);
#3589=CARTESIAN_POINT('',(281.450488431,-182.349638061,-6.82));
#3590=VERTEX_POINT('',#3589);
#3591=CARTESIAN_POINT('',(281.38593985,-182.346825164,-6.82));
#3592=DIRECTION('',(0.99905183,-0.043536662,0.));
#3593=VECTOR('',#3592,0.064609842);
#3594=LINE('',#3591,#3593);
#3595=EDGE_CURVE('',#3582,#3590,#3594,.T.);
#3596=ORIENTED_EDGE('',*,*,#3595,.T.);
#3597=CARTESIAN_POINT('',(281.514500796,-182.340726826,-6.82));
#3598=VERTEX_POINT('',#3597);
#3599=CARTESIAN_POINT('',(281.450488431,-182.349638061,-6.82));
#3600=DIRECTION('',(0.990448733,0.137881494,0.));
#3601=VECTOR('',#3600,0.06462966);
#3602=LINE('',#3599,#3601);
#3603=EDGE_CURVE('',#3590,#3598,#3602,.T.);
#3604=ORIENTED_EDGE('',*,*,#3603,.T.);
#3605=CARTESIAN_POINT('',(282.228002145,-182.311017534,-6.82));
#3606=VERTEX_POINT('',#3605);
#3607=CARTESIAN_POINT('',(281.514500796,-182.340726826,-6.82));
#3608=DIRECTION('',(0.999134234,0.041602684,0.));
#3609=VECTOR('',#3608,0.71411961);
#3610=LINE('',#3607,#3609);
#3611=EDGE_CURVE('',#3598,#3606,#3610,.T.);
#3612=ORIENTED_EDGE('',*,*,#3611,.T.);
#3613=CARTESIAN_POINT('',(282.29210326,-182.31460826,-6.82));
#3614=VERTEX_POINT('',#3613);
#3615=CARTESIAN_POINT('',(282.228002145,-182.311017534,-6.82));
#3616=DIRECTION('',(0.998434753,-0.055928918,0.));
#3617=VECTOR('',#3616,0.064201607);
#3618=LINE('',#3615,#3617);
#3619=EDGE_CURVE('',#3606,#3614,#3618,.T.);
#3620=ORIENTED_EDGE('',*,*,#3619,.T.);
#3621=CARTESIAN_POINT('',(282.355939954,-182.306512546,-6.82));
#3622=VERTEX_POINT('',#3621);
#3623=CARTESIAN_POINT('',(282.29210326,-182.31460826,-6.82));
#3624=DIRECTION('',(0.992054172,0.125811444,0.));
#3625=VECTOR('',#3624,0.064347992);
#3626=LINE('',#3623,#3625);
#3627=EDGE_CURVE('',#3614,#3622,#3626,.T.);
#3628=ORIENTED_EDGE('',*,*,#3627,.T.);
#3629=CARTESIAN_POINT('',(283.237235865,-182.281155209,-6.82));
#3630=VERTEX_POINT('',#3629);
#3631=CARTESIAN_POINT('',(282.355939954,-182.306512546,-6.82));
#3632=DIRECTION('',(0.99958632,0.028760882,0.));
#3633=VECTOR('',#3632,0.881660636);
#3634=LINE('',#3631,#3633);
#3635=EDGE_CURVE('',#3622,#3630,#3634,.T.);
#3636=ORIENTED_EDGE('',*,*,#3635,.T.);
#3637=CARTESIAN_POINT('',(283.290642914,-182.284838454,-6.82));
#3638=VERTEX_POINT('',#3637);
#3639=CARTESIAN_POINT('',(283.237235865,-182.281155209,-6.82));
#3640=DIRECTION('',(0.997630328,-0.068802092,0.));
#3641=VECTOR('',#3640,0.053533907);
#3642=LINE('',#3639,#3641);
#3643=EDGE_CURVE('',#3630,#3638,#3642,.T.);
#3644=ORIENTED_EDGE('',*,*,#3643,.T.);
#3645=CARTESIAN_POINT('',(283.344004315,-182.279568823,-6.82));
#3646=VERTEX_POINT('',#3645);
#3647=CARTESIAN_POINT('',(283.290642914,-182.284838454,-6.82));
#3648=DIRECTION('',(0.995159241,0.098275553,0.));
#3649=VECTOR('',#3648,0.053620967);
#3650=LINE('',#3647,#3649);
#3651=EDGE_CURVE('',#3638,#3646,#3650,.T.);
#3652=ORIENTED_EDGE('',*,*,#3651,.T.);
#3653=CARTESIAN_POINT('',(293.989522012,-182.269702728,-6.82));
#3654=VERTEX_POINT('',#3653);
#3655=CARTESIAN_POINT('',(283.344004315,-182.279568823,-6.82));
#3656=DIRECTION('',(0.999999571,0.000926784,0.));
#3657=VECTOR('',#3656,10.645522269);
#3658=LINE('',#3655,#3657);
#3659=EDGE_CURVE('',#3646,#3654,#3658,.T.);
#3660=ORIENTED_EDGE('',*,*,#3659,.T.);
#3661=CARTESIAN_POINT('',(294.012239105,-182.27184585,-6.82));
#3662=VERTEX_POINT('',#3661);
#3663=CARTESIAN_POINT('',(293.989522012,-182.269702728,-6.82));
#3664=DIRECTION('',(0.995579503,-0.093922595,0.));
#3665=VECTOR('',#3664,0.022817959);
#3666=LINE('',#3663,#3665);
#3667=EDGE_CURVE('',#3654,#3662,#3666,.T.);
#3668=ORIENTED_EDGE('',*,*,#3667,.T.);
#3669=CARTESIAN_POINT('',(297.583386712,-180.640251231,-6.82));
#3670=VERTEX_POINT('',#3669);
#3671=CARTESIAN_POINT('',(293.908905622,-177.32170864,-6.82));
#3672=DIRECTION('',(0.,0.,-1.));
#3673=DIRECTION('',(0.742137157,-0.670248044,0.));
#3674=AXIS2_PLACEMENT_3D('',#3671,#3672,#3673);
#3675=CIRCLE('',#3674,4.951215629);
#3676=EDGE_CURVE('',#3670,#3662,#3675,.T.);
#3677=ORIENTED_EDGE('',*,*,#3676,.F.);
#3678=CARTESIAN_POINT('',(312.379185132,-163.006265057,-6.82));
#3679=VERTEX_POINT('',#3678);
#3680=CARTESIAN_POINT('',(297.583386712,-180.640251231,-6.82));
#3681=DIRECTION('',(0.642765357,0.766063115,0.));
#3682=VECTOR('',#3681,23.018973028);
#3683=LINE('',#3680,#3682);
#3684=EDGE_CURVE('',#3670,#3679,#3683,.T.);
#3685=ORIENTED_EDGE('',*,*,#3684,.T.);
#3686=CARTESIAN_POINT('',(313.739024937,-162.372137297,-6.82));
#3687=VERTEX_POINT('',#3686);
#3688=CARTESIAN_POINT('',(313.739024936,-164.147238825,-6.82));
#3689=DIRECTION('',(0.,0.,-1.));
#3690=DIRECTION('',(-0.766046228,0.642785482,0.));
#3691=AXIS2_PLACEMENT_3D('',#3688,#3689,#3690);
#3692=CIRCLE('',#3691,1.775101528);
#3693=EDGE_CURVE('',#3679,#3687,#3692,.T.);
#3694=ORIENTED_EDGE('',*,*,#3693,.T.);
#3695=CARTESIAN_POINT('',(366.646735434,-162.372137297,-6.82));
#3696=VERTEX_POINT('',#3695);
#3697=CARTESIAN_POINT('',(313.739024937,-162.372137297,-6.82));
#3698=DIRECTION('',(1.,0.,-0.));
#3699=VECTOR('',#3698,52.907710497);
#3700=LINE('',#3697,#3699);
#3701=EDGE_CURVE('',#3687,#3696,#3700,.T.);
#3702=ORIENTED_EDGE('',*,*,#3701,.T.);
#3703=CARTESIAN_POINT('',(371.271734434,-157.747138297,-6.82));
#3704=VERTEX_POINT('',#3703);
#3705=CARTESIAN_POINT('',(366.646735434,-157.747138297,-6.82));
#3706=DIRECTION('',(0.,0.,-1.));
#3707=DIRECTION('',(1.,-0.,0.));
#3708=AXIS2_PLACEMENT_3D('',#3705,#3706,#3707);
#3709=CIRCLE('',#3708,4.624999);
#3710=EDGE_CURVE('',#3704,#3696,#3709,.T.);
#3711=ORIENTED_EDGE('',*,*,#3710,.F.);
#3712=CARTESIAN_POINT('',(371.271734434,-104.327139871,-6.82));
#3713=VERTEX_POINT('',#3712);
#3714=CARTESIAN_POINT('',(371.271734434,-157.747138297,-6.82));
#3715=DIRECTION('',(0.,1.,0.));
#3716=VECTOR('',#3715,53.419998426);
#3717=LINE('',#3714,#3716);
#3718=EDGE_CURVE('',#3704,#3713,#3717,.T.);
#3719=ORIENTED_EDGE('',*,*,#3718,.T.);
#3720=CARTESIAN_POINT('',(366.646734434,-99.702139871,-6.82));
#3721=VERTEX_POINT('',#3720);
#3722=CARTESIAN_POINT('',(366.646734434,-104.327139871,-6.82));
#3723=DIRECTION('',(0.,0.,-1.));
#3724=DIRECTION('',(-0.000000565,1.,0.));
#3725=AXIS2_PLACEMENT_3D('',#3722,#3723,#3724);
#3726=CIRCLE('',#3725,4.625);
#3727=EDGE_CURVE('',#3721,#3713,#3726,.T.);
#3728=ORIENTED_EDGE('',*,*,#3727,.F.);
#3729=CARTESIAN_POINT('',(351.8429914,-99.702139871,-6.82));
#3730=VERTEX_POINT('',#3729);
#3731=CARTESIAN_POINT('',(366.646734434,-99.702139871,-6.82));
#3732=DIRECTION('',(-1.,0.,0.));
#3733=VECTOR('',#3732,14.803743034);
#3734=LINE('',#3731,#3733);
#3735=EDGE_CURVE('',#3721,#3730,#3734,.T.);
#3736=ORIENTED_EDGE('',*,*,#3735,.T.);
#3737=CARTESIAN_POINT('',(349.064995726,-99.716760906,-6.82));
#3738=VERTEX_POINT('',#3737);
#3739=CARTESIAN_POINT('',(351.8429914,-99.702139871,-6.82));
#3740=DIRECTION('',(-0.99998615,-0.005263087,0.));
#3741=VECTOR('',#3740,2.77803415);
#3742=LINE('',#3739,#3741);
#3743=EDGE_CURVE('',#3730,#3738,#3742,.T.);
#3744=ORIENTED_EDGE('',*,*,#3743,.T.);
#3745=CARTESIAN_POINT('',(348.992779516,-99.709831068,-6.82));
#3746=VERTEX_POINT('',#3745);
#3747=CARTESIAN_POINT('',(349.064995726,-99.716760906,-6.82));
#3748=DIRECTION('',(-0.995427433,0.095520814,0.));
#3749=VECTOR('',#3748,0.07254794);
#3750=LINE('',#3747,#3749);
#3751=EDGE_CURVE('',#3738,#3746,#3750,.T.);
#3752=ORIENTED_EDGE('',*,*,#3751,.T.);
#3753=CARTESIAN_POINT('',(348.920787803,-99.717139871,-6.82));
#3754=VERTEX_POINT('',#3753);
#3755=CARTESIAN_POINT('',(348.992779516,-99.709831068,-6.82));
#3756=DIRECTION('',(-0.994886054,-0.10100366,0.));
#3757=VECTOR('',#3756,0.072361767);
#3758=LINE('',#3755,#3757);
#3759=EDGE_CURVE('',#3746,#3754,#3758,.T.);
#3760=ORIENTED_EDGE('',*,*,#3759,.T.);
#3761=CARTESIAN_POINT('',(334.585750711,-99.717139871,-6.82));
#3762=VERTEX_POINT('',#3761);
#3763=CARTESIAN_POINT('',(348.920787803,-99.717139871,-6.82));
#3764=DIRECTION('',(-1.,0.,0.));
#3765=VECTOR('',#3764,14.335037092);
#3766=LINE('',#3763,#3765);
#3767=EDGE_CURVE('',#3754,#3762,#3766,.T.);
#3768=ORIENTED_EDGE('',*,*,#3767,.T.);
#3769=CARTESIAN_POINT('',(333.100846611,-98.875264849,-6.82));
#3770=VERTEX_POINT('',#3769);
#3771=CARTESIAN_POINT('',(334.585750711,-97.986661083,-6.82));
#3772=DIRECTION('',(0.,0.,-1.));
#3773=DIRECTION('',(-1.,0.,0.));
#3774=AXIS2_PLACEMENT_3D('',#3771,#3772,#3773);
#3775=CIRCLE('',#3774,1.730478788);
#3776=EDGE_CURVE('',#3762,#3770,#3775,.T.);
#3777=ORIENTED_EDGE('',*,*,#3776,.T.);
#3778=CARTESIAN_POINT('',(332.08877003,-97.184031115,-6.82));
#3779=VERTEX_POINT('',#3778);
#3780=CARTESIAN_POINT('',(333.100846611,-98.875264849,-6.82));
#3781=DIRECTION('',(-0.51350168,0.858088588,0.));
#3782=VECTOR('',#3781,1.970931391);
#3783=LINE('',#3780,#3782);
#3784=EDGE_CURVE('',#3770,#3779,#3783,.T.);
#3785=ORIENTED_EDGE('',*,*,#3784,.T.);
#3786=CARTESIAN_POINT('',(328.156569034,-94.954646871,-6.82));
#3787=VERTEX_POINT('',#3786);
#3788=CARTESIAN_POINT('',(328.156569034,-99.537158576,-6.82));
#3789=DIRECTION('',(0.,0.,-1.));
#3790=DIRECTION('',(-1.,0.,0.));
#3791=AXIS2_PLACEMENT_3D('',#3788,#3789,#3790);
#3792=CIRCLE('',#3791,4.582511704);
#3793=EDGE_CURVE('',#3787,#3779,#3792,.T.);
#3794=ORIENTED_EDGE('',*,*,#3793,.F.);
#3795=CARTESIAN_POINT('',(315.181648319,-94.954646871,-6.82));
#3796=VERTEX_POINT('',#3795);
#3797=CARTESIAN_POINT('',(328.156569034,-94.954646871,-6.82));
#3798=DIRECTION('',(-1.,0.,0.));
#3799=VECTOR('',#3798,12.974920714);
#3800=LINE('',#3797,#3799);
#3801=EDGE_CURVE('',#3787,#3796,#3800,.T.);
#3802=ORIENTED_EDGE('',*,*,#3801,.T.);
#3803=CARTESIAN_POINT('',(313.801374686,-94.35811328,-6.82));
#3804=VERTEX_POINT('',#3803);
#3805=CARTESIAN_POINT('',(315.181648319,-93.059525068,-6.82));
#3806=DIRECTION('',(0.,0.,-1.));
#3807=DIRECTION('',(-1.,0.,0.));
#3808=AXIS2_PLACEMENT_3D('',#3805,#3806,#3807);
#3809=CIRCLE('',#3808,1.895121804);
#3810=EDGE_CURVE('',#3796,#3804,#3809,.T.);
#3811=ORIENTED_EDGE('',*,*,#3810,.T.);
#3812=CARTESIAN_POINT('',(311.147206009,-91.536988763,-6.82));
#3813=VERTEX_POINT('',#3812);
#3814=CARTESIAN_POINT('',(313.801374686,-94.35811328,-6.82));
#3815=DIRECTION('',(-0.685226781,0.728329773,0.));
#3816=VECTOR('',#3815,3.873416438);
#3817=LINE('',#3814,#3816);
#3818=EDGE_CURVE('',#3804,#3813,#3817,.T.);
#3819=ORIENTED_EDGE('',*,*,#3818,.T.);
#3820=CARTESIAN_POINT('',(307.601302664,-90.030731939,-6.82));
#3821=VERTEX_POINT('',#3820);
#3822=CARTESIAN_POINT('',(307.661127962,-94.816758622,-6.82));
#3823=DIRECTION('',(0.,0.,-1.));
#3824=DIRECTION('',(-1.,0.,0.));
#3825=AXIS2_PLACEMENT_3D('',#3822,#3823,#3824);
#3826=CIRCLE('',#3825,4.786400576);
#3827=EDGE_CURVE('',#3821,#3813,#3826,.T.);
#3828=ORIENTED_EDGE('',*,*,#3827,.F.);
#3829=CARTESIAN_POINT('',(296.002431752,-90.175717738,-6.82));
#3830=VERTEX_POINT('',#3829);
#3831=CARTESIAN_POINT('',(307.601302664,-90.030731939,-6.82));
#3832=DIRECTION('',(-0.999921884,-0.012499016,0.));
#3833=VECTOR('',#3832,11.599777037);
#3834=LINE('',#3831,#3833);
#3835=EDGE_CURVE('',#3821,#3830,#3834,.T.);
#3836=ORIENTED_EDGE('',*,*,#3835,.T.);
#3837=CARTESIAN_POINT('',(292.752473703,-91.56868273,-6.82));
#3838=VERTEX_POINT('',#3837);
#3839=CARTESIAN_POINT('',(296.060213681,-94.79828809,-6.82));
#3840=DIRECTION('',(0.,0.,-1.));
#3841=DIRECTION('',(-0.715698343,0.698409537,0.));
#3842=AXIS2_PLACEMENT_3D('',#3839,#3840,#3841);
#3843=CIRCLE('',#3842,4.622931552);
#3844=EDGE_CURVE('',#3838,#3830,#3843,.T.);
#3845=ORIENTED_EDGE('',*,*,#3844,.F.);
#3846=CARTESIAN_POINT('',(289.982714955,-94.405450993,-6.82));
#3847=VERTEX_POINT('',#3846);
#3848=CARTESIAN_POINT('',(292.752473703,-91.56868273,-6.82));
#3849=DIRECTION('',(-0.698605506,-0.715507056,0.));
#3850=VECTOR('',#3849,3.96469642);
#3851=LINE('',#3848,#3850);
#3852=EDGE_CURVE('',#3838,#3847,#3851,.T.);
#3853=ORIENTED_EDGE('',*,*,#3852,.T.);
#3854=CARTESIAN_POINT('',(288.678925336,-94.954648949,-6.82));
#3855=VERTEX_POINT('',#3854);
#3856=CARTESIAN_POINT('',(288.678925336,-93.132459205,-6.82));
#3857=DIRECTION('',(0.,0.,-1.));
#3858=DIRECTION('',(-1.,0.,0.));
#3859=AXIS2_PLACEMENT_3D('',#3856,#3857,#3858);
#3860=CIRCLE('',#3859,1.822189744);
#3861=EDGE_CURVE('',#3847,#3855,#3860,.T.);
#3862=ORIENTED_EDGE('',*,*,#3861,.T.);
#3863=CARTESIAN_POINT('',(275.636919823,-94.954648949,-6.82));
#3864=VERTEX_POINT('',#3863);
#3865=CARTESIAN_POINT('',(288.678925336,-94.954648949,-6.82));
#3866=DIRECTION('',(-1.,0.,0.));
#3867=VECTOR('',#3866,13.042005513);
#3868=LINE('',#3865,#3867);
#3869=EDGE_CURVE('',#3855,#3864,#3868,.T.);
#3870=ORIENTED_EDGE('',*,*,#3869,.T.);
#3871=CARTESIAN_POINT('',(271.704710994,-97.184040648,-6.82));
#3872=VERTEX_POINT('',#3871);
#3873=CARTESIAN_POINT('',(275.636919823,-99.537166599,-6.82));
#3874=DIRECTION('',(0.,0.,-1.));
#3875=DIRECTION('',(-1.,0.,0.));
#3876=AXIS2_PLACEMENT_3D('',#3873,#3874,#3875);
#3877=CIRCLE('',#3876,4.58251765);
#3878=EDGE_CURVE('',#3872,#3864,#3877,.T.);
#3879=ORIENTED_EDGE('',*,*,#3878,.F.);
#3880=CARTESIAN_POINT('',(270.693389758,-98.874016609,-6.82));
#3881=VERTEX_POINT('',#3880);
#3882=CARTESIAN_POINT('',(271.704710994,-97.184040648,-6.82));
#3883=DIRECTION('',(-0.513500685,-0.858089183,0.));
#3884=VECTOR('',#3883,1.96946424);
#3885=LINE('',#3882,#3884);
#3886=EDGE_CURVE('',#3872,#3881,#3885,.T.);
#3887=ORIENTED_EDGE('',*,*,#3886,.T.);
#3888=CARTESIAN_POINT('',(269.206271771,-99.717147949,-6.82));
#3889=VERTEX_POINT('',#3888);
#3890=CARTESIAN_POINT('',(269.206271771,-97.984090342,-6.82));
#3891=DIRECTION('',(0.,0.,-1.));
#3892=DIRECTION('',(-1.,0.,0.));
#3893=AXIS2_PLACEMENT_3D('',#3890,#3891,#3892);
#3894=CIRCLE('',#3893,1.733057607);
#3895=EDGE_CURVE('',#3881,#3889,#3894,.T.);
#3896=ORIENTED_EDGE('',*,*,#3895,.T.);
#3897=CARTESIAN_POINT('',(269.206271771,-99.717147949,-6.82));
#3898=DIRECTION('',(-1.,0.,0.));
#3899=VECTOR('',#3898,26.42804939);
#3900=LINE('',#3897,#3899);
#3901=EDGE_CURVE('',#3889,#2763,#3900,.T.);
#3902=ORIENTED_EDGE('',*,*,#3901,.T.);
#3903=EDGE_LOOP('',(#2769,#2777,#2785,#2793,#2802,#2810,#2818,#2826,#2835,#2843,#2852,#2860,#2868,#2876,#2884,#2892,#2900,#2908,#2916,#2924,#2932,#2940,#2948,#2956,#2964,#2972,
#2980,#2988,#2996,#3004,#3012,#3020,#3028,#3036,#3044,#3052,#3060,#3068,#3076,#3084,#3092,#3100,#3108,#3116,#3124,#3132,#3140,#3148,#3156,#3164,#3172,
#3180,#3188,#3196,#3204,#3212,#3220,#3228,#3236,#3244,#3252,#3260,#3268,#3276,#3284,#3292,#3300,#3308,#3316,#3324,#3332,#3340,#3348,#3356,#3364,#3372,
#3380,#3388,#3396,#3404,#3412,#3420,#3428,#3436,#3444,#3452,#3460,#3468,#3476,#3484,#3492,#3500,#3508,#3516,#3524,#3532,#3540,#3548,#3556,#3564,#3572,
#3580,#3588,#3596,#3604,#3612,#3620,#3628,#3636,#3644,#3652,#3660,#3668,#3677,#3685,#3694,#3702,#3711,#3719,#3728,#3736,#3744,#3752,#3760,#3768,#3777,
#3785,#3794,#3802,#3811,#3819,#3828,#3836,#3845,#3853,#3862,#3870,#3879,#3887,#3896,#3902));
#3904=FACE_BOUND('',#3903,.T.);
#3905=ADVANCED_FACE('',(#2628,#2671,#2682,#2693,#2704,#2715,#2726,#2737,#2748,#2759,#3904),#2617,.F.);
#3906=CARTESIAN_POINT('',(265.124376631,-184.903523747,-6.82));
#3907=DIRECTION('',(-0.20169529,0.979448319,0.));
#3908=DIRECTION('',(-0.979448319,-0.20169529,0.));
#3909=AXIS2_PLACEMENT_3D('',#3906,#3907,#3908);
#3910=PLANE('',#3909);
#3911=ORIENTED_EDGE('',*,*,#287,.T.);
#3912=CARTESIAN_POINT('',(265.270281006,-184.873478032,-6.82));
#3913=DIRECTION('',(0.,0.,-1.));
#3914=VECTOR('',#3913,1.5);
#3915=LINE('',#3912,#3914);
#3916=EDGE_CURVE('',#3358,#282,#3915,.T.);
#3917=ORIENTED_EDGE('',*,*,#3916,.F.);
#3918=ORIENTED_EDGE('',*,*,#3363,.F.);
#3919=CARTESIAN_POINT('',(264.978472255,-184.933569462,-6.82));
#3920=DIRECTION('',(0.,0.,-1.));
#3921=VECTOR('',#3920,1.5);
#3922=LINE('',#3919,#3921);
#3923=EDGE_CURVE('',#3350,#280,#3922,.T.);
#3924=ORIENTED_EDGE('',*,*,#3923,.T.);
#3925=EDGE_LOOP('',(#3911,#3917,#3918,#3924));
#3926=FACE_BOUND('',#3925,.T.);
#3927=ADVANCED_FACE('',(#3926),#3910,.F.);
#3928=CARTESIAN_POINT('',(264.949545075,-184.942552792,-6.82));
#3929=DIRECTION('',(-0.296577743,0.955008713,0.));
#3930=DIRECTION('',(-0.955008713,-0.296577743,0.));
#3931=AXIS2_PLACEMENT_3D('',#3928,#3929,#3930);
#3932=PLANE('',#3931);
#3933=ORIENTED_EDGE('',*,*,#295,.T.);
#3934=ORIENTED_EDGE('',*,*,#3923,.F.);
#3935=ORIENTED_EDGE('',*,*,#3355,.F.);
#3936=CARTESIAN_POINT('',(264.920617894,-184.951536121,-6.82));
#3937=DIRECTION('',(0.,0.,-1.));
#3938=VECTOR('',#3937,1.5);
#3939=LINE('',#3936,#3938);
#3940=EDGE_CURVE('',#3342,#290,#3939,.T.);
#3941=ORIENTED_EDGE('',*,*,#3940,.T.);
#3942=EDGE_LOOP('',(#3933,#3934,#3935,#3941));
#3943=FACE_BOUND('',#3942,.T.);
#3944=ADVANCED_FACE('',(#3943),#3932,.F.);
#3945=CARTESIAN_POINT('',(264.890578447,-184.955269347,-6.82));
#3946=DIRECTION('',(-0.123328707,0.992365875,0.));
#3947=DIRECTION('',(-0.992365875,-0.123328707,0.));
#3948=AXIS2_PLACEMENT_3D('',#3945,#3946,#3947);
#3949=PLANE('',#3948);
#3950=ORIENTED_EDGE('',*,*,#303,.T.);
#3951=ORIENTED_EDGE('',*,*,#3940,.F.);
#3952=ORIENTED_EDGE('',*,*,#3347,.F.);
#3953=CARTESIAN_POINT('',(264.860539001,-184.959002573,-6.82));
#3954=DIRECTION('',(0.,0.,-1.));
#3955=VECTOR('',#3954,1.5);
#3956=LINE('',#3953,#3955);
#3957=EDGE_CURVE('',#3334,#298,#3956,.T.);
#3958=ORIENTED_EDGE('',*,*,#3957,.T.);
#3959=EDGE_LOOP('',(#3950,#3951,#3952,#3958));
#3960=FACE_BOUND('',#3959,.T.);
#3961=ADVANCED_FACE('',(#3960),#3949,.F.);
#3962=CARTESIAN_POINT('',(264.683305252,-184.998952723,-6.82));
#3963=DIRECTION('',(-0.219892298,0.975524155,0.));
#3964=DIRECTION('',(-0.975524155,-0.219892298,0.));
#3965=AXIS2_PLACEMENT_3D('',#3962,#3963,#3964);
#3966=PLANE('',#3965);
#3967=ORIENTED_EDGE('',*,*,#311,.T.);
#3968=ORIENTED_EDGE('',*,*,#3957,.F.);
#3969=ORIENTED_EDGE('',*,*,#3339,.F.);
#3970=CARTESIAN_POINT('',(264.506071504,-185.038902873,-6.82));
#3971=DIRECTION('',(0.,0.,-1.));
#3972=VECTOR('',#3971,1.5);
#3973=LINE('',#3970,#3972);
#3974=EDGE_CURVE('',#3326,#306,#3973,.T.);
#3975=ORIENTED_EDGE('',*,*,#3974,.T.);
#3976=EDGE_LOOP('',(#3967,#3968,#3969,#3975));
#3977=FACE_BOUND('',#3976,.T.);
#3978=ADVANCED_FACE('',(#3977),#3966,.F.);
#3979=CARTESIAN_POINT('',(264.477887545,-185.048232466,-6.82));
#3980=DIRECTION('',(-0.314254772,0.949338685,0.));
#3981=DIRECTION('',(-0.949338685,-0.314254772,0.));
#3982=AXIS2_PLACEMENT_3D('',#3979,#3980,#3981);
#3983=PLANE('',#3982);
#3984=ORIENTED_EDGE('',*,*,#319,.T.);
#3985=ORIENTED_EDGE('',*,*,#3974,.F.);
#3986=ORIENTED_EDGE('',*,*,#3331,.F.);
#3987=CARTESIAN_POINT('',(264.449703586,-185.057562059,-6.82));
#3988=DIRECTION('',(0.,0.,-1.));
#3989=VECTOR('',#3988,1.5);
#3990=LINE('',#3987,#3989);
#3991=EDGE_CURVE('',#3318,#314,#3990,.T.);
#3992=ORIENTED_EDGE('',*,*,#3991,.T.);
#3993=EDGE_LOOP('',(#3984,#3985,#3986,#3992));
#3994=FACE_BOUND('',#3993,.T.);
#3995=ADVANCED_FACE('',(#3994),#3983,.F.);
#3996=CARTESIAN_POINT('',(264.420360771,-185.061814641,-6.82));
#3997=DIRECTION('',(-0.143429072,0.989660599,0.));
#3998=DIRECTION('',(-0.989660599,-0.143429072,0.));
#3999=AXIS2_PLACEMENT_3D('',#3996,#3997,#3998);
#4000=PLANE('',#3999);
#4001=ORIENTED_EDGE('',*,*,#327,.T.);
#4002=ORIENTED_EDGE('',*,*,#3991,.F.);
#4003=ORIENTED_EDGE('',*,*,#3323,.F.);
#4004=CARTESIAN_POINT('',(264.391017956,-185.066067223,-6.82));
#4005=DIRECTION('',(0.,0.,-1.));
#4006=VECTOR('',#4005,1.5);
#4007=LINE('',#4004,#4006);
#4008=EDGE_CURVE('',#3310,#322,#4007,.T.);
#4009=ORIENTED_EDGE('',*,*,#4008,.T.);
#4010=EDGE_LOOP('',(#4001,#4002,#4003,#4009));
#4011=FACE_BOUND('',#4010,.T.);
#4012=ADVANCED_FACE('',(#4011),#4000,.F.);
#4013=CARTESIAN_POINT('',(264.204888226,-185.112011851,-6.82));
#4014=DIRECTION('',(-0.239648896,0.970859623,0.));
#4015=DIRECTION('',(-0.970859623,-0.239648896,0.));
#4016=AXIS2_PLACEMENT_3D('',#4013,#4014,#4015);
#4017=PLANE('',#4016);
#4018=ORIENTED_EDGE('',*,*,#335,.T.);
#4019=ORIENTED_EDGE('',*,*,#4008,.F.);
#4020=ORIENTED_EDGE('',*,*,#3315,.F.);
#4021=CARTESIAN_POINT('',(264.018758495,-185.15795648,-6.82));
#4022=DIRECTION('',(0.,0.,-1.));
#4023=VECTOR('',#4022,1.5);
#4024=LINE('',#4021,#4023);
#4025=EDGE_CURVE('',#3302,#330,#4024,.T.);
#4026=ORIENTED_EDGE('',*,*,#4025,.T.);
#4027=EDGE_LOOP('',(#4018,#4019,#4020,#4026));
#4028=FACE_BOUND('',#4027,.T.);
#4029=ADVANCED_FACE('',(#4028),#4017,.F.);
#4030=CARTESIAN_POINT('',(263.990703125,-185.167848595,-6.82));
#4031=DIRECTION('',(-0.33252777,0.943093464,0.));
#4032=DIRECTION('',(-0.943093464,-0.33252777,0.));
#4033=AXIS2_PLACEMENT_3D('',#4030,#4031,#4032);
#4034=PLANE('',#4033);
#4035=ORIENTED_EDGE('',*,*,#343,.T.);
#4036=ORIENTED_EDGE('',*,*,#4025,.F.);
#4037=ORIENTED_EDGE('',*,*,#3307,.F.);
#4038=CARTESIAN_POINT('',(263.962647756,-185.177740711,-6.82));
#4039=DIRECTION('',(0.,0.,-1.));
#4040=VECTOR('',#4039,1.5);
#4041=LINE('',#4038,#4040);
#4042=EDGE_CURVE('',#3294,#338,#4041,.T.);
#4043=ORIENTED_EDGE('',*,*,#4042,.T.);
#4044=EDGE_LOOP('',(#4035,#4036,#4037,#4043));
#4045=FACE_BOUND('',#4044,.T.);
#4046=ADVANCED_FACE('',(#4045),#4034,.F.);
#4047=CARTESIAN_POINT('',(263.933319152,-185.182594242,-6.82));
#4048=DIRECTION('',(-0.163267435,0.986581849,0.));
#4049=DIRECTION('',(-0.986581849,-0.163267435,0.));
#4050=AXIS2_PLACEMENT_3D('',#4047,#4048,#4049);
#4051=PLANE('',#4050);
#4052=ORIENTED_EDGE('',*,*,#351,.T.);
#4053=ORIENTED_EDGE('',*,*,#4042,.F.);
#4054=ORIENTED_EDGE('',*,*,#3299,.F.);
#4055=CARTESIAN_POINT('',(263.903990548,-185.187447773,-6.82));
#4056=DIRECTION('',(0.,0.,-1.));
#4057=VECTOR('',#4056,1.5);
#4058=LINE('',#4055,#4057);
#4059=EDGE_CURVE('',#3286,#346,#4058,.T.);
#4060=ORIENTED_EDGE('',*,*,#4059,.T.);
#4061=EDGE_LOOP('',(#4052,#4053,#4054,#4060));
#4062=FACE_BOUND('',#4061,.T.);
#4063=ADVANCED_FACE('',(#4062),#4051,.F.);
#4064=CARTESIAN_POINT('',(263.694464885,-185.2434187,-6.82));
#4065=DIRECTION('',(-0.258081995,0.966123017,0.));
#4066=DIRECTION('',(-0.966123017,-0.258081995,0.));
#4067=AXIS2_PLACEMENT_3D('',#4064,#4065,#4066);
#4068=PLANE('',#4067);
#4069=ORIENTED_EDGE('',*,*,#359,.T.);
#4070=ORIENTED_EDGE('',*,*,#4059,.F.);
#4071=ORIENTED_EDGE('',*,*,#3291,.F.);
#4072=CARTESIAN_POINT('',(263.484939223,-185.299389628,-6.82));
#4073=DIRECTION('',(0.,0.,-1.));
#4074=VECTOR('',#4073,1.5);
#4075=LINE('',#4072,#4074);
#4076=EDGE_CURVE('',#3278,#354,#4075,.T.);
#4077=ORIENTED_EDGE('',*,*,#4076,.T.);
#4078=EDGE_LOOP('',(#4069,#4070,#4071,#4077));
#4079=FACE_BOUND('',#4078,.T.);
#4080=ADVANCED_FACE('',(#4079),#4068,.F.);
#4081=CARTESIAN_POINT('',(263.456629685,-185.309983165,-6.82));
#4082=DIRECTION('',(-0.350469609,0.936574104,0.));
#4083=DIRECTION('',(-0.936574104,-0.350469609,0.));
#4084=AXIS2_PLACEMENT_3D('',#4081,#4082,#4083);
#4085=PLANE('',#4084);
#4086=ORIENTED_EDGE('',*,*,#367,.T.);
#4087=ORIENTED_EDGE('',*,*,#4076,.F.);
#4088=ORIENTED_EDGE('',*,*,#3283,.F.);
#4089=CARTESIAN_POINT('',(263.428320147,-185.320576702,-6.82));
#4090=DIRECTION('',(0.,0.,-1.));
#4091=VECTOR('',#4090,1.5);
#4092=LINE('',#4089,#4091);
#4093=EDGE_CURVE('',#3270,#362,#4092,.T.);
#4094=ORIENTED_EDGE('',*,*,#4093,.T.);
#4095=EDGE_LOOP('',(#4086,#4087,#4088,#4094));
#4096=FACE_BOUND('',#4095,.T.);
#4097=ADVANCED_FACE('',(#4096),#4085,.F.);
#4098=CARTESIAN_POINT('',(263.398649905,-185.326028162,-6.82));
#4099=DIRECTION('',(-0.180710005,0.983536422,0.));
#4100=DIRECTION('',(-0.983536422,-0.180710005,0.));
#4101=AXIS2_PLACEMENT_3D('',#4098,#4099,#4100);
#4102=PLANE('',#4101);
#4103=ORIENTED_EDGE('',*,*,#375,.T.);
#4104=ORIENTED_EDGE('',*,*,#4093,.F.);
#4105=ORIENTED_EDGE('',*,*,#3275,.F.);
#4106=CARTESIAN_POINT('',(263.368979663,-185.331479622,-6.82));
#4107=DIRECTION('',(0.,0.,-1.));
#4108=VECTOR('',#4107,1.5);
#4109=LINE('',#4106,#4108);
#4110=EDGE_CURVE('',#3262,#370,#4109,.T.);
#4111=ORIENTED_EDGE('',*,*,#4110,.T.);
#4112=EDGE_LOOP('',(#4103,#4104,#4105,#4111));
#4113=FACE_BOUND('',#4112,.T.);
#4114=ADVANCED_FACE('',(#4113),#4102,.F.);
#4115=CARTESIAN_POINT('',(263.150818264,-185.393955387,-6.82));
#4116=DIRECTION('',(-0.275307479,0.961356225,0.));
#4117=DIRECTION('',(-0.961356225,-0.275307479,0.));
#4118=AXIS2_PLACEMENT_3D('',#4115,#4116,#4117);
#4119=PLANE('',#4118);
#4120=ORIENTED_EDGE('',*,*,#383,.T.);
#4121=ORIENTED_EDGE('',*,*,#4110,.F.);
#4122=ORIENTED_EDGE('',*,*,#3267,.F.);
#4123=CARTESIAN_POINT('',(262.932656864,-185.456431151,-6.82));
#4124=DIRECTION('',(0.,0.,-1.));
#4125=VECTOR('',#4124,1.5);
#4126=LINE('',#4123,#4125);
#4127=EDGE_CURVE('',#3254,#378,#4126,.T.);
#4128=ORIENTED_EDGE('',*,*,#4127,.T.);
#4129=EDGE_LOOP('',(#4120,#4121,#4122,#4128));
#4130=FACE_BOUND('',#4129,.T.);
#4131=ADVANCED_FACE('',(#4130),#4119,.F.);
#4132=CARTESIAN_POINT('',(262.904011744,-185.467753716,-6.82));
#4133=DIRECTION('',(-0.367595699,0.9299857,0.));
#4134=DIRECTION('',(-0.9299857,-0.367595699,0.));
#4135=AXIS2_PLACEMENT_3D('',#4132,#4133,#4134);
#4136=PLANE('',#4135);
#4137=ORIENTED_EDGE('',*,*,#391,.T.);
#4138=ORIENTED_EDGE('',*,*,#4127,.F.);
#4139=ORIENTED_EDGE('',*,*,#3259,.F.);
#4140=CARTESIAN_POINT('',(262.875366624,-185.47907628,-6.82));
#4141=DIRECTION('',(0.,0.,-1.));
#4142=VECTOR('',#4141,1.5);
#4143=LINE('',#4140,#4142);
#4144=EDGE_CURVE('',#3246,#386,#4143,.T.);
#4145=ORIENTED_EDGE('',*,*,#4144,.T.);
#4146=EDGE_LOOP('',(#4137,#4138,#4139,#4145));
#4147=FACE_BOUND('',#4146,.T.);
#4148=ADVANCED_FACE('',(#4147),#4136,.F.);
#4149=CARTESIAN_POINT('',(262.84524102,-185.485120899,-6.82));
#4150=DIRECTION('',(-0.19672629,0.980458447,0.));
#4151=DIRECTION('',(-0.980458447,-0.19672629,0.));
#4152=AXIS2_PLACEMENT_3D('',#4149,#4150,#4151);
#4153=PLANE('',#4152);
#4154=ORIENTED_EDGE('',*,*,#399,.T.);
#4155=ORIENTED_EDGE('',*,*,#4144,.F.);
#4156=ORIENTED_EDGE('',*,*,#3251,.F.);
#4157=CARTESIAN_POINT('',(262.815115417,-185.491165519,-6.82));
#4158=DIRECTION('',(0.,0.,-1.));
#4159=VECTOR('',#4158,1.5);
#4160=LINE('',#4157,#4159);
#4161=EDGE_CURVE('',#3238,#394,#4160,.T.);
#4162=ORIENTED_EDGE('',*,*,#4161,.T.);
#4163=EDGE_LOOP('',(#4154,#4155,#4156,#4162));
#4164=FACE_BOUND('',#4163,.T.);
#4165=ADVANCED_FACE('',(#4164),#4153,.F.);
#4166=CARTESIAN_POINT('',(262.572588373,-185.565053035,-6.82));
#4167=DIRECTION('',(-0.291432122,0.956591511,0.));
#4168=DIRECTION('',(-0.956591511,-0.291432122,0.));
#4169=AXIS2_PLACEMENT_3D('',#4166,#4167,#4168);
#4170=PLANE('',#4169);
#4171=ORIENTED_EDGE('',*,*,#407,.T.);
#4172=ORIENTED_EDGE('',*,*,#4161,.F.);
#4173=ORIENTED_EDGE('',*,*,#3243,.F.);
#4174=CARTESIAN_POINT('',(262.33006133,-185.638940552,-6.82));
#4175=DIRECTION('',(0.,0.,-1.));
#4176=VECTOR('',#4175,1.5);
#4177=LINE('',#4174,#4176);
#4178=EDGE_CURVE('',#3230,#402,#4177,.T.);
#4179=ORIENTED_EDGE('',*,*,#4178,.T.);
#4180=EDGE_LOOP('',(#4171,#4172,#4173,#4179));
#4181=FACE_BOUND('',#4180,.T.);
#4182=ADVANCED_FACE('',(#4181),#4170,.F.);
#4183=CARTESIAN_POINT('',(262.301382664,-185.650829163,-6.82));
#4184=DIRECTION('',(-0.38294511,0.923771099,0.));
#4185=DIRECTION('',(-0.923771099,-0.38294511,0.));
#4186=AXIS2_PLACEMENT_3D('',#4183,#4184,#4185);
#4187=PLANE('',#4186);
#4188=ORIENTED_EDGE('',*,*,#415,.T.);
#4189=ORIENTED_EDGE('',*,*,#4178,.F.);
#4190=ORIENTED_EDGE('',*,*,#3235,.F.);
#4191=CARTESIAN_POINT('',(262.272703997,-185.662717773,-6.82));
#4192=DIRECTION('',(0.,0.,-1.));
#4193=VECTOR('',#4192,1.5);
#4194=LINE('',#4191,#4193);
#4195=EDGE_CURVE('',#3222,#410,#4194,.T.);
#4196=ORIENTED_EDGE('',*,*,#4195,.T.);
#4197=EDGE_LOOP('',(#4188,#4189,#4190,#4196));
#4198=FACE_BOUND('',#4197,.T.);
#4199=ADVANCED_FACE('',(#4198),#4187,.F.);
#4200=CARTESIAN_POINT('',(262.242429587,-185.669301421,-6.82));
#4201=DIRECTION('',(-0.21249911,0.97716126,0.));
#4202=DIRECTION('',(-0.97716126,-0.21249911,0.));
#4203=AXIS2_PLACEMENT_3D('',#4200,#4201,#4202);
#4204=PLANE('',#4203);
#4205=ORIENTED_EDGE('',*,*,#423,.T.);
#4206=ORIENTED_EDGE('',*,*,#4195,.F.);
#4207=ORIENTED_EDGE('',*,*,#3227,.F.);
#4208=CARTESIAN_POINT('',(262.212155177,-185.675885068,-6.82));
#4209=DIRECTION('',(0.,0.,-1.));
#4210=VECTOR('',#4209,1.5);
#4211=LINE('',#4208,#4210);
#4212=EDGE_CURVE('',#3214,#418,#4211,.T.);
#4213=ORIENTED_EDGE('',*,*,#4212,.T.);
#4214=EDGE_LOOP('',(#4205,#4206,#4207,#4213));
#4215=FACE_BOUND('',#4214,.T.);
#4216=ADVANCED_FACE('',(#4215),#4204,.F.);
#4217=CARTESIAN_POINT('',(261.960627466,-185.756889638,-6.82));
#4218=DIRECTION('',(-0.306545494,0.951856008,0.));
#4219=DIRECTION('',(-0.951856008,-0.306545494,0.));
#4220=AXIS2_PLACEMENT_3D('',#4217,#4218,#4219);
#4221=PLANE('',#4220);
#4222=ORIENTED_EDGE('',*,*,#431,.T.);
#4223=ORIENTED_EDGE('',*,*,#4212,.F.);
#4224=ORIENTED_EDGE('',*,*,#3219,.F.);
#4225=CARTESIAN_POINT('',(261.709099755,-185.837894208,-6.82));
#4226=DIRECTION('',(0.,0.,-1.));
#4227=VECTOR('',#4226,1.5);
#4228=LINE('',#4225,#4227);
#4229=EDGE_CURVE('',#3206,#426,#4228,.T.);
#4230=ORIENTED_EDGE('',*,*,#4229,.T.);
#4231=EDGE_LOOP('',(#4222,#4223,#4224,#4230));
#4232=FACE_BOUND('',#4231,.T.);
#4233=ADVANCED_FACE('',(#4232),#4221,.F.);
#4234=CARTESIAN_POINT('',(261.680179228,-185.85044144,-6.82));
#4235=DIRECTION('',(-0.398008101,0.917381901,0.));
#4236=DIRECTION('',(-0.917381901,-0.398008101,0.));
#4237=AXIS2_PLACEMENT_3D('',#4234,#4235,#4236);
#4238=PLANE('',#4237);
#4239=ORIENTED_EDGE('',*,*,#439,.T.);
#4240=ORIENTED_EDGE('',*,*,#4229,.F.);
#4241=ORIENTED_EDGE('',*,*,#3211,.F.);
#4242=CARTESIAN_POINT('',(261.651258702,-185.862988672,-6.82));
#4243=DIRECTION('',(0.,0.,-1.));
#4244=VECTOR('',#4243,1.5);
#4245=LINE('',#4242,#4244);
#4246=EDGE_CURVE('',#3198,#434,#4245,.T.);
#4247=ORIENTED_EDGE('',*,*,#4246,.T.);
#4248=EDGE_LOOP('',(#4239,#4240,#4241,#4247));
#4249=FACE_BOUND('',#4248,.T.);
#4250=ADVANCED_FACE('',(#4249),#4238,.F.);
#4251=CARTESIAN_POINT('',(261.620576369,-185.870129288,-6.82));
#4252=DIRECTION('',(-0.226669771,0.973971671,0.));
#4253=DIRECTION('',(-0.973971671,-0.226669771,0.));
#4254=AXIS2_PLACEMENT_3D('',#4251,#4252,#4253);
#4255=PLANE('',#4254);
#4256=ORIENTED_EDGE('',*,*,#447,.T.);
#4257=ORIENTED_EDGE('',*,*,#4246,.F.);
#4258=ORIENTED_EDGE('',*,*,#3203,.F.);
#4259=CARTESIAN_POINT('',(261.589894035,-185.877269904,-6.82));
#4260=DIRECTION('',(0.,0.,-1.));
#4261=VECTOR('',#4260,1.5);
#4262=LINE('',#4259,#4261);
#4263=EDGE_CURVE('',#3190,#442,#4262,.T.);
#4264=ORIENTED_EDGE('',*,*,#4263,.T.);
#4265=EDGE_LOOP('',(#4256,#4257,#4258,#4264));
#4266=FACE_BOUND('',#4265,.T.);
#4267=ADVANCED_FACE('',(#4266),#4255,.F.);
#4268=CARTESIAN_POINT('',(261.312562936,-185.971181442,-6.82));
#4269=DIRECTION('',(-0.320735987,0.947168637,0.));
#4270=DIRECTION('',(-0.947168637,-0.320735987,0.));
#4271=AXIS2_PLACEMENT_3D('',#4268,#4269,#4270);
#4272=PLANE('',#4271);
#4273=ORIENTED_EDGE('',*,*,#455,.T.);
#4274=ORIENTED_EDGE('',*,*,#4263,.F.);
#4275=ORIENTED_EDGE('',*,*,#3195,.F.);
#4276=CARTESIAN_POINT('',(261.035231837,-186.065092981,-6.82));
#4277=DIRECTION('',(0.,0.,-1.));
#4278=VECTOR('',#4277,1.5);
#4279=LINE('',#4276,#4278);
#4280=EDGE_CURVE('',#3182,#450,#4279,.T.);
#4281=ORIENTED_EDGE('',*,*,#4280,.T.);
#4282=EDGE_LOOP('',(#4273,#4274,#4275,#4281));
#4283=FACE_BOUND('',#4282,.T.);
#4284=ADVANCED_FACE('',(#4283),#4272,.F.);
#4285=CARTESIAN_POINT('',(261.006506297,-186.078037205,-6.82));
#4286=DIRECTION('',(-0.410832635,0.91171078,0.));
#4287=DIRECTION('',(-0.91171078,-0.410832635,0.));
#4288=AXIS2_PLACEMENT_3D('',#4285,#4286,#4287);
#4289=PLANE('',#4288);
#4290=ORIENTED_EDGE('',*,*,#463,.T.);
#4291=ORIENTED_EDGE('',*,*,#4280,.F.);
#4292=ORIENTED_EDGE('',*,*,#3187,.F.);
#4293=CARTESIAN_POINT('',(260.977780757,-186.09098143,-6.82));
#4294=DIRECTION('',(0.,0.,-1.));
#4295=VECTOR('',#4294,1.5);
#4296=LINE('',#4293,#4295);
#4297=EDGE_CURVE('',#3174,#458,#4296,.T.);
#4298=ORIENTED_EDGE('',*,*,#4297,.T.);
#4299=EDGE_LOOP('',(#4290,#4291,#4292,#4298));
#4300=FACE_BOUND('',#4299,.T.);
#4301=ADVANCED_FACE('',(#4300),#4289,.F.);
#4302=CARTESIAN_POINT('',(260.947266663,-186.098565516,-6.82));
#4303=DIRECTION('',(-0.241205221,0.970474132,0.));
#4304=DIRECTION('',(-0.970474132,-0.241205221,0.));
#4305=AXIS2_PLACEMENT_3D('',#4302,#4303,#4304);
#4306=PLANE('',#4305);
#4307=ORIENTED_EDGE('',*,*,#471,.T.);
#4308=ORIENTED_EDGE('',*,*,#4297,.F.);
#4309=ORIENTED_EDGE('',*,*,#3179,.F.);
#4310=CARTESIAN_POINT('',(260.91675257,-186.106149601,-6.82));
#4311=DIRECTION('',(0.,0.,-1.));
#4312=VECTOR('',#4311,1.5);
#4313=LINE('',#4310,#4312);
#4314=EDGE_CURVE('',#3166,#466,#4313,.T.);
#4315=ORIENTED_EDGE('',*,*,#4314,.T.);
#4316=EDGE_LOOP('',(#4307,#4308,#4309,#4315));
#4317=FACE_BOUND('',#4316,.T.);
#4318=ADVANCED_FACE('',(#4317),#4306,.F.);
#4319=CARTESIAN_POINT('',(260.630155694,-186.207735121,-6.82));
#4320=DIRECTION('',(-0.334088095,0.942541853,0.));
#4321=DIRECTION('',(-0.942541853,-0.334088095,0.));
#4322=AXIS2_PLACEMENT_3D('',#4319,#4320,#4321);
#4323=PLANE('',#4322);
#4324=ORIENTED_EDGE('',*,*,#479,.T.);
#4325=ORIENTED_EDGE('',*,*,#4314,.F.);
#4326=ORIENTED_EDGE('',*,*,#3171,.F.);
#4327=CARTESIAN_POINT('',(260.343558819,-186.309320641,-6.82));
#4328=DIRECTION('',(0.,0.,-1.));
#4329=VECTOR('',#4328,1.5);
#4330=LINE('',#4327,#4329);
#4331=EDGE_CURVE('',#3158,#474,#4330,.T.);
#4332=ORIENTED_EDGE('',*,*,#4331,.T.);
#4333=EDGE_LOOP('',(#4324,#4325,#4326,#4332));
#4334=FACE_BOUND('',#4333,.T.);
#4335=ADVANCED_FACE('',(#4334),#4323,.F.);
#4336=CARTESIAN_POINT('',(260.314651422,-186.322861143,-6.82));
#4337=DIRECTION('',(-0.424181122,0.905577372,0.));
#4338=DIRECTION('',(-0.905577372,-0.424181122,0.));
#4339=AXIS2_PLACEMENT_3D('',#4336,#4337,#4338);
#4340=PLANE('',#4339);
#4341=ORIENTED_EDGE('',*,*,#487,.T.);
#4342=ORIENTED_EDGE('',*,*,#4331,.F.);
#4343=ORIENTED_EDGE('',*,*,#3163,.F.);
#4344=CARTESIAN_POINT('',(260.285744024,-186.336401644,-6.82));
#4345=DIRECTION('',(0.,0.,-1.));
#4346=VECTOR('',#4345,1.5);
#4347=LINE('',#4344,#4346);
#4348=EDGE_CURVE('',#3150,#482,#4347,.T.);
#4349=ORIENTED_EDGE('',*,*,#4348,.T.);
#4350=EDGE_LOOP('',(#4341,#4342,#4343,#4349));
#4351=FACE_BOUND('',#4350,.T.);
#4352=ADVANCED_FACE('',(#4351),#4340,.F.);
#4353=CARTESIAN_POINT('',(260.254865571,-186.344504049,-6.82));
#4354=DIRECTION('',(-0.253804646,0.9672555,0.));
#4355=DIRECTION('',(-0.9672555,-0.253804646,0.));
#4356=AXIS2_PLACEMENT_3D('',#4353,#4354,#4355);
#4357=PLANE('',#4356);
#4358=ORIENTED_EDGE('',*,*,#495,.T.);
#4359=ORIENTED_EDGE('',*,*,#4348,.F.);
#4360=ORIENTED_EDGE('',*,*,#3155,.F.);
#4361=CARTESIAN_POINT('',(260.223987117,-186.352606453,-6.82));
#4362=DIRECTION('',(0.,0.,-1.));
#4363=VECTOR('',#4362,1.5);
#4364=LINE('',#4361,#4363);
#4365=EDGE_CURVE('',#3142,#490,#4364,.T.);
#4366=ORIENTED_EDGE('',*,*,#4365,.T.);
#4367=EDGE_LOOP('',(#4358,#4359,#4360,#4366));
#4368=FACE_BOUND('',#4367,.T.);
#4369=ADVANCED_FACE('',(#4368),#4357,.F.);
#4370=CARTESIAN_POINT('',(259.910786454,-186.468361449,-6.82));
#4371=DIRECTION('',(-0.346668388,0.937987755,0.));
#4372=DIRECTION('',(-0.937987755,-0.346668388,0.));
#4373=AXIS2_PLACEMENT_3D('',#4370,#4371,#4372);
#4374=PLANE('',#4373);
#4375=ORIENTED_EDGE('',*,*,#503,.T.);
#4376=ORIENTED_EDGE('',*,*,#4365,.F.);
#4377=ORIENTED_EDGE('',*,*,#3147,.F.);
#4378=CARTESIAN_POINT('',(259.597585791,-186.584116445,-6.82));
#4379=DIRECTION('',(0.,0.,-1.));
#4380=VECTOR('',#4379,1.5);
#4381=LINE('',#4378,#4380);
#4382=EDGE_CURVE('',#3134,#498,#4381,.T.);
#4383=ORIENTED_EDGE('',*,*,#4382,.T.);
#4384=EDGE_LOOP('',(#4375,#4376,#4377,#4383));
#4385=FACE_BOUND('',#4384,.T.);
#4386=ADVANCED_FACE('',(#4385),#4374,.F.);
#4387=CARTESIAN_POINT('',(259.568845334,-186.598020972,-6.82));
#4388=DIRECTION('',(-0.435506461,0.900185604,0.));
#4389=DIRECTION('',(-0.900185604,-0.435506461,0.));
#4390=AXIS2_PLACEMENT_3D('',#4387,#4388,#4389);
#4391=PLANE('',#4390);
#4392=ORIENTED_EDGE('',*,*,#511,.T.);
#4393=ORIENTED_EDGE('',*,*,#4382,.F.);
#4394=ORIENTED_EDGE('',*,*,#3139,.F.);
#4395=CARTESIAN_POINT('',(259.540104877,-186.611925498,-6.82));
#4396=DIRECTION('',(0.,0.,-1.));
#4397=VECTOR('',#4396,1.5);
#4398=LINE('',#4395,#4397);
#4399=EDGE_CURVE('',#3126,#506,#4398,.T.);
#4400=ORIENTED_EDGE('',*,*,#4399,.T.);
#4401=EDGE_LOOP('',(#4392,#4393,#4394,#4400));
#4402=FACE_BOUND('',#4401,.T.);
#4403=ADVANCED_FACE('',(#4402),#4391,.F.);
#4404=CARTESIAN_POINT('',(259.509405503,-186.620419661,-6.82));
#4405=DIRECTION('',(-0.266669055,0.963788159,0.));
#4406=DIRECTION('',(-0.963788159,-0.266669055,0.));
#4407=AXIS2_PLACEMENT_3D('',#4404,#4405,#4406);
#4408=PLANE('',#4407);
#4409=ORIENTED_EDGE('',*,*,#519,.T.);
#4410=ORIENTED_EDGE('',*,*,#4399,.F.);
#4411=ORIENTED_EDGE('',*,*,#3131,.F.);
#4412=CARTESIAN_POINT('',(259.478706129,-186.628913823,-6.82));
#4413=DIRECTION('',(0.,0.,-1.));
#4414=VECTOR('',#4413,1.5);
#4415=LINE('',#4412,#4414);
#4416=EDGE_CURVE('',#3118,#514,#4415,.T.);
#4417=ORIENTED_EDGE('',*,*,#4416,.T.);
#4418=EDGE_LOOP('',(#4409,#4410,#4411,#4417));
#4419=FACE_BOUND('',#4418,.T.);
#4420=ADVANCED_FACE('',(#4419),#4408,.F.);
#4421=CARTESIAN_POINT('',(259.156317428,-186.752738729,-6.82));
#4422=DIRECTION('',(-0.358548335,0.933511163,0.));
#4423=DIRECTION('',(-0.933511163,-0.358548335,0.));
#4424=AXIS2_PLACEMENT_3D('',#4421,#4422,#4423);
#4425=PLANE('',#4424);
#4426=ORIENTED_EDGE('',*,*,#527,.T.);
#4427=ORIENTED_EDGE('',*,*,#4416,.F.);
#4428=ORIENTED_EDGE('',*,*,#3123,.F.);
#4429=CARTESIAN_POINT('',(258.833928726,-186.876563635,-6.82));
#4430=DIRECTION('',(0.,0.,-1.));
#4431=VECTOR('',#4430,1.5);
#4432=LINE('',#4429,#4431);
#4433=EDGE_CURVE('',#3110,#522,#4432,.T.);
#4434=ORIENTED_EDGE('',*,*,#4433,.T.);
#4435=EDGE_LOOP('',(#4426,#4427,#4428,#4434));
#4436=FACE_BOUND('',#4435,.T.);
#4437=ADVANCED_FACE('',(#4436),#4425,.F.);
#4438=CARTESIAN_POINT('',(258.805037461,-186.891009267,-6.82));
#4439=DIRECTION('',(-0.447213596,0.894427191,0.));
#4440=DIRECTION('',(-0.894427191,-0.447213596,0.));
#4441=AXIS2_PLACEMENT_3D('',#4438,#4439,#4440);
#4442=PLANE('',#4441);
#4443=ORIENTED_EDGE('',*,*,#535,.T.);
#4444=ORIENTED_EDGE('',*,*,#4433,.F.);
#4445=ORIENTED_EDGE('',*,*,#3115,.F.);
#4446=CARTESIAN_POINT('',(258.776146196,-186.9054549,-6.82));
#4447=DIRECTION('',(0.,0.,-1.));
#4448=VECTOR('',#4447,1.5);
#4449=LINE('',#4446,#4448);
#4450=EDGE_CURVE('',#3102,#530,#4449,.T.);
#4451=ORIENTED_EDGE('',*,*,#4450,.T.);
#4452=EDGE_LOOP('',(#4443,#4444,#4445,#4451));
#4453=FACE_BOUND('',#4452,.T.);
#4454=ADVANCED_FACE('',(#4453),#4442,.F.);
#4455=CARTESIAN_POINT('',(258.745200932,-186.914407174,-6.82));
#4456=DIRECTION('',(-0.277898678,0.960610392,0.));
#4457=DIRECTION('',(-0.960610392,-0.277898678,0.));
#4458=AXIS2_PLACEMENT_3D('',#4455,#4456,#4457);
#4459=PLANE('',#4458);
#4460=ORIENTED_EDGE('',*,*,#543,.T.);
#4461=ORIENTED_EDGE('',*,*,#4450,.F.);
#4462=ORIENTED_EDGE('',*,*,#3107,.F.);
#4463=CARTESIAN_POINT('',(258.714255668,-186.923359449,-6.82));
#4464=DIRECTION('',(0.,0.,-1.));
#4465=VECTOR('',#4464,1.5);
#4466=LINE('',#4463,#4465);
#4467=EDGE_CURVE('',#3094,#538,#4466,.T.);
#4468=ORIENTED_EDGE('',*,*,#4467,.T.);
#4469=EDGE_LOOP('',(#4460,#4461,#4462,#4468));
#4470=FACE_BOUND('',#4469,.T.);
#4471=ADVANCED_FACE('',(#4470),#4459,.F.);
#4472=CARTESIAN_POINT('',(258.365287324,-187.062248568,-6.82));
#4473=DIRECTION('',(-0.369787553,0.929116336,0.));
#4474=DIRECTION('',(-0.929116336,-0.369787553,0.));
#4475=AXIS2_PLACEMENT_3D('',#4472,#4473,#4474);
#4476=PLANE('',#4475);
#4477=ORIENTED_EDGE('',*,*,#551,.T.);
#4478=ORIENTED_EDGE('',*,*,#4467,.F.);
#4479=ORIENTED_EDGE('',*,*,#3099,.F.);
#4480=CARTESIAN_POINT('',(258.016318981,-187.201137688,-6.82));
#4481=DIRECTION('',(0.,0.,-1.));
#4482=VECTOR('',#4481,1.5);
#4483=LINE('',#4480,#4482);
#4484=EDGE_CURVE('',#3086,#546,#4483,.T.);
#4485=ORIENTED_EDGE('',*,*,#4484,.T.);
#4486=EDGE_LOOP('',(#4477,#4478,#4479,#4485));
#4487=FACE_BOUND('',#4486,.T.);
#4488=ADVANCED_FACE('',(#4487),#4476,.F.);
#4489=CARTESIAN_POINT('',(257.987393524,-187.216047717,-6.82));
#4490=DIRECTION('',(-0.458176021,0.888861482,0.));
#4491=DIRECTION('',(-0.888861482,-0.458176021,0.));
#4492=AXIS2_PLACEMENT_3D('',#4489,#4490,#4491);
#4493=PLANE('',#4492);
#4494=ORIENTED_EDGE('',*,*,#559,.T.);
#4495=ORIENTED_EDGE('',*,*,#4484,.F.);
#4496=ORIENTED_EDGE('',*,*,#3091,.F.);
#4497=CARTESIAN_POINT('',(257.958468067,-187.230957746,-6.82));
#4498=DIRECTION('',(0.,0.,-1.));
#4499=VECTOR('',#4498,1.5);
#4500=LINE('',#4497,#4499);
#4501=EDGE_CURVE('',#3078,#554,#4500,.T.);
#4502=ORIENTED_EDGE('',*,*,#4501,.T.);
#4503=EDGE_LOOP('',(#4494,#4495,#4496,#4502));
#4504=FACE_BOUND('',#4503,.T.);
#4505=ADVANCED_FACE('',(#4504),#4493,.F.);
#4506=CARTESIAN_POINT('',(257.927350281,-187.240346081,-6.82));
#4507=DIRECTION('',(-0.288843469,0.957376337,0.));
#4508=DIRECTION('',(-0.957376337,-0.288843469,0.));
#4509=AXIS2_PLACEMENT_3D('',#4506,#4507,#4508);
#4510=PLANE('',#4509);
#4511=ORIENTED_EDGE('',*,*,#567,.T.);
#4512=ORIENTED_EDGE('',*,*,#4501,.F.);
#4513=ORIENTED_EDGE('',*,*,#3083,.F.);
#4514=CARTESIAN_POINT('',(257.896232495,-187.249734415,-6.82));
#4515=DIRECTION('',(0.,0.,-1.));
#4516=VECTOR('',#4515,1.5);
#4517=LINE('',#4514,#4516);
#4518=EDGE_CURVE('',#3070,#562,#4517,.T.);
#4519=ORIENTED_EDGE('',*,*,#4518,.T.);
#4520=EDGE_LOOP('',(#4511,#4512,#4513,#4519));
#4521=FACE_BOUND('',#4520,.T.);
#4522=ADVANCED_FACE('',(#4521),#4510,.F.);
#4523=CARTESIAN_POINT('',(257.538115276,-187.397055118,-6.82));
#4524=DIRECTION('',(-0.380442141,0.924804724,0.));
#4525=DIRECTION('',(-0.924804724,-0.380442141,0.));
#4526=AXIS2_PLACEMENT_3D('',#4523,#4524,#4525);
#4527=PLANE('',#4526);
#4528=ORIENTED_EDGE('',*,*,#575,.T.);
#4529=ORIENTED_EDGE('',*,*,#4518,.F.);
#4530=ORIENTED_EDGE('',*,*,#3075,.F.);
#4531=CARTESIAN_POINT('',(257.179998057,-187.54437582,-6.82));
#4532=DIRECTION('',(0.,0.,-1.));
#4533=VECTOR('',#4532,1.5);
#4534=LINE('',#4531,#4533);
#4535=EDGE_CURVE('',#3062,#570,#4534,.T.);
#4536=ORIENTED_EDGE('',*,*,#4535,.T.);
#4537=EDGE_LOOP('',(#4528,#4529,#4530,#4536));
#4538=FACE_BOUND('',#4537,.T.);
#4539=ADVANCED_FACE('',(#4538),#4527,.F.);
#4540=CARTESIAN_POINT('',(257.15137434,-187.5595111,-6.82));
#4541=DIRECTION('',(-0.46744254,0.884023457,0.));
#4542=DIRECTION('',(-0.884023457,-0.46744254,0.));
#4543=AXIS2_PLACEMENT_3D('',#4540,#4541,#4542);
#4544=PLANE('',#4543);
#4545=ORIENTED_EDGE('',*,*,#583,.T.);
#4546=ORIENTED_EDGE('',*,*,#4535,.F.);
#4547=ORIENTED_EDGE('',*,*,#3067,.F.);
#4548=CARTESIAN_POINT('',(257.122750622,-187.574646381,-6.82));
#4549=DIRECTION('',(0.,0.,-1.));
#4550=VECTOR('',#4549,1.5);
#4551=LINE('',#4548,#4550);
#4552=EDGE_CURVE('',#3054,#578,#4551,.T.);
#4553=ORIENTED_EDGE('',*,*,#4552,.T.);
#4554=EDGE_LOOP('',(#4545,#4546,#4547,#4553));
#4555=FACE_BOUND('',#4554,.T.);
#4556=ADVANCED_FACE('',(#4555),#4544,.F.);
#4557=CARTESIAN_POINT('',(257.091942517,-187.584342333,-6.82));
#4558=DIRECTION('',(-0.300204293,0.95387493,0.));
#4559=DIRECTION('',(-0.95387493,-0.300204293,0.));
#4560=AXIS2_PLACEMENT_3D('',#4557,#4558,#4559);
#4561=PLANE('',#4560);
#4562=ORIENTED_EDGE('',*,*,#591,.T.);
#4563=ORIENTED_EDGE('',*,*,#4552,.F.);
#4564=ORIENTED_EDGE('',*,*,#3059,.F.);
#4565=CARTESIAN_POINT('',(257.061134412,-187.594038285,-6.82));
#4566=DIRECTION('',(0.,0.,-1.));
#4567=VECTOR('',#4566,1.5);
#4568=LINE('',#4565,#4567);
#4569=EDGE_CURVE('',#3046,#586,#4568,.T.);
#4570=ORIENTED_EDGE('',*,*,#4569,.T.);
#4571=EDGE_LOOP('',(#4562,#4563,#4564,#4570));
#4572=FACE_BOUND('',#4571,.T.);
#4573=ADVANCED_FACE('',(#4572),#4561,.F.);
#4574=CARTESIAN_POINT('',(256.67584096,-187.757503005,-6.82));
#4575=DIRECTION('',(-0.390563801,0.920575862,0.));
#4576=DIRECTION('',(-0.920575862,-0.390563801,0.));
#4577=AXIS2_PLACEMENT_3D('',#4574,#4575,#4576);
#4578=PLANE('',#4577);
#4579=ORIENTED_EDGE('',*,*,#599,.T.);
#4580=ORIENTED_EDGE('',*,*,#4569,.F.);
#4581=ORIENTED_EDGE('',*,*,#3051,.F.);
#4582=CARTESIAN_POINT('',(256.290547507,-187.920967725,-6.82));
#4583=DIRECTION('',(0.,0.,-1.));
#4584=VECTOR('',#4583,1.5);
#4585=LINE('',#4582,#4584);
#4586=EDGE_CURVE('',#3038,#594,#4585,.T.);
#4587=ORIENTED_EDGE('',*,*,#4586,.T.);
#4588=EDGE_LOOP('',(#4579,#4580,#4581,#4587));
#4589=FACE_BOUND('',#4588,.T.);
#4590=ADVANCED_FACE('',(#4589),#4578,.F.);
#4591=CARTESIAN_POINT('',(256.262180732,-187.936336468,-6.82));
#4592=DIRECTION('',(-0.476364774,0.879247748,0.));
#4593=DIRECTION('',(-0.879247748,-0.476364774,0.));
#4594=AXIS2_PLACEMENT_3D('',#4591,#4592,#4593);
#4595=PLANE('',#4594);
#4596=ORIENTED_EDGE('',*,*,#607,.T.);
#4597=ORIENTED_EDGE('',*,*,#4586,.F.);
#4598=ORIENTED_EDGE('',*,*,#3043,.F.);
#4599=CARTESIAN_POINT('',(256.233813957,-187.95170521,-6.82));
#4600=DIRECTION('',(0.,0.,-1.));
#4601=VECTOR('',#4600,1.5);
#4602=LINE('',#4599,#4601);
#4603=EDGE_CURVE('',#3030,#602,#4602,.T.);
#4604=ORIENTED_EDGE('',*,*,#4603,.T.);
#4605=EDGE_LOOP('',(#4596,#4597,#4598,#4604));
#4606=FACE_BOUND('',#4605,.T.);
#4607=ADVANCED_FACE('',(#4606),#4595,.F.);
#4608=CARTESIAN_POINT('',(256.203260759,-187.961700007,-6.82));
#4609=DIRECTION('',(-0.310914519,0.950437879,0.));
#4610=DIRECTION('',(-0.950437879,-0.310914519,0.));
#4611=AXIS2_PLACEMENT_3D('',#4608,#4609,#4610);
#4612=PLANE('',#4611);
#4613=ORIENTED_EDGE('',*,*,#615,.T.);
#4614=ORIENTED_EDGE('',*,*,#4603,.F.);
#4615=ORIENTED_EDGE('',*,*,#3035,.F.);
#4616=CARTESIAN_POINT('',(256.172707561,-187.971694803,-6.82));
#4617=DIRECTION('',(0.,0.,-1.));
#4618=VECTOR('',#4617,1.5);
#4619=LINE('',#4616,#4618);
#4620=EDGE_CURVE('',#3022,#610,#4619,.T.);
#4621=ORIENTED_EDGE('',*,*,#4620,.T.);
#4622=EDGE_LOOP('',(#4613,#4614,#4615,#4621));
#4623=FACE_BOUND('',#4622,.T.);
#4624=ADVANCED_FACE('',(#4623),#4612,.F.);
#4625=CARTESIAN_POINT('',(255.779052827,-188.143602948,-6.82));
#4626=DIRECTION('',(-0.400201672,0.916427096,0.));
#4627=DIRECTION('',(-0.916427096,-0.400201672,0.));
#4628=AXIS2_PLACEMENT_3D('',#4625,#4626,#4627);
#4629=PLANE('',#4628);
#4630=ORIENTED_EDGE('',*,*,#623,.T.);
#4631=ORIENTED_EDGE('',*,*,#4620,.F.);
#4632=ORIENTED_EDGE('',*,*,#3027,.F.);
#4633=CARTESIAN_POINT('',(255.385398093,-188.315511094,-6.82));
#4634=DIRECTION('',(0.,0.,-1.));
#4635=VECTOR('',#4634,1.5);
#4636=LINE('',#4633,#4635);
#4637=EDGE_CURVE('',#3014,#618,#4636,.T.);
#4638=ORIENTED_EDGE('',*,*,#4637,.T.);
#4639=EDGE_LOOP('',(#4630,#4631,#4632,#4638));
#4640=FACE_BOUND('',#4639,.T.);
#4641=ADVANCED_FACE('',(#4640),#4629,.F.);
#4642=CARTESIAN_POINT('',(255.356963212,-188.331327457,-6.82));
#4643=DIRECTION('',(-0.486093928,0.87390657,0.));
#4644=DIRECTION('',(-0.87390657,-0.486093928,0.));
#4645=AXIS2_PLACEMENT_3D('',#4642,#4643,#4644);
#4646=PLANE('',#4645);
#4647=ORIENTED_EDGE('',*,*,#631,.T.);
#4648=ORIENTED_EDGE('',*,*,#4637,.F.);
#4649=ORIENTED_EDGE('',*,*,#3019,.F.);
#4650=CARTESIAN_POINT('',(255.32852833,-188.347143819,-6.82));
#4651=DIRECTION('',(0.,0.,-1.));
#4652=VECTOR('',#4651,1.5);
#4653=LINE('',#4650,#4652);
#4654=EDGE_CURVE('',#3006,#626,#4653,.T.);
#4655=ORIENTED_EDGE('',*,*,#4654,.T.);
#4656=EDGE_LOOP('',(#4647,#4648,#4649,#4655));
#4657=FACE_BOUND('',#4656,.T.);
#4658=ADVANCED_FACE('',(#4657),#4646,.F.);
#4659=CARTESIAN_POINT('',(255.297705877,-188.357560272,-6.82));
#4660=DIRECTION('',(-0.320161455,0.947362994,0.));
#4661=DIRECTION('',(-0.947362994,-0.320161455,0.));
#4662=AXIS2_PLACEMENT_3D('',#4659,#4660,#4661);
#4663=PLANE('',#4662);
#4664=ORIENTED_EDGE('',*,*,#639,.T.);
#4665=ORIENTED_EDGE('',*,*,#4654,.F.);
#4666=ORIENTED_EDGE('',*,*,#3011,.F.);
#4667=CARTESIAN_POINT('',(255.266883424,-188.367976724,-6.82));
#4668=DIRECTION('',(0.,0.,-1.));
#4669=VECTOR('',#4668,1.5);
#4670=LINE('',#4667,#4669);
#4671=EDGE_CURVE('',#2998,#634,#4670,.T.);
#4672=ORIENTED_EDGE('',*,*,#4671,.T.);
#4673=EDGE_LOOP('',(#4664,#4665,#4666,#4672));
#4674=FACE_BOUND('',#4673,.T.);
#4675=ADVANCED_FACE('',(#4674),#4663,.F.);
#4676=CARTESIAN_POINT('',(254.847650774,-188.556095679,-6.82));
#4677=DIRECTION('',(-0.409394881,0.912357294,0.));
#4678=DIRECTION('',(-0.912357294,-0.409394881,0.));
#4679=AXIS2_PLACEMENT_3D('',#4676,#4677,#4678);
#4680=PLANE('',#4679);
#4681=ORIENTED_EDGE('',*,*,#647,.T.);
#4682=ORIENTED_EDGE('',*,*,#4671,.F.);
#4683=ORIENTED_EDGE('',*,*,#3003,.F.);
#4684=CARTESIAN_POINT('',(254.428418124,-188.744214634,-6.82));
#4685=DIRECTION('',(0.,0.,-1.));
#4686=VECTOR('',#4685,1.5);
#4687=LINE('',#4684,#4686);
#4688=EDGE_CURVE('',#2990,#642,#4687,.T.);
#4689=ORIENTED_EDGE('',*,*,#4688,.T.);
#4690=EDGE_LOOP('',(#4681,#4682,#4683,#4689));
#4691=FACE_BOUND('',#4690,.T.);
#4692=ADVANCED_FACE('',(#4691),#4680,.F.);
#4693=CARTESIAN_POINT('',(254.4000816,-188.760343285,-6.82));
#4694=DIRECTION('',(-0.494666629,0.869082807,0.));
#4695=DIRECTION('',(-0.869082807,-0.494666629,0.));
#4696=AXIS2_PLACEMENT_3D('',#4693,#4694,#4695);
#4697=PLANE('',#4696);
#4698=ORIENTED_EDGE('',*,*,#655,.T.);
#4699=ORIENTED_EDGE('',*,*,#4688,.F.);
#4700=ORIENTED_EDGE('',*,*,#2995,.F.);
#4701=CARTESIAN_POINT('',(254.371745077,-188.776471935,-6.82));
#4702=DIRECTION('',(0.,0.,-1.));
#4703=VECTOR('',#4702,1.5);
#4704=LINE('',#4701,#4703);
#4705=EDGE_CURVE('',#2982,#650,#4704,.T.);
#4706=ORIENTED_EDGE('',*,*,#4705,.T.);
#4707=EDGE_LOOP('',(#4698,#4699,#4700,#4706));
#4708=FACE_BOUND('',#4707,.T.);
#4709=ADVANCED_FACE('',(#4708),#4697,.F.);
#4710=CARTESIAN_POINT('',(254.34097477,-188.78720996,-6.82));
#4711=DIRECTION('',(-0.329486964,0.944160124,0.));
#4712=DIRECTION('',(-0.944160124,-0.329486964,0.));
#4713=AXIS2_PLACEMENT_3D('',#4710,#4711,#4712);
#4714=PLANE('',#4713);
#4715=ORIENTED_EDGE('',*,*,#663,.T.);
#4716=ORIENTED_EDGE('',*,*,#4705,.F.);
#4717=ORIENTED_EDGE('',*,*,#2987,.F.);
#4718=CARTESIAN_POINT('',(254.310204463,-188.797947985,-6.82));
#4719=DIRECTION('',(0.,0.,-1.));
#4720=VECTOR('',#4719,1.5);
#4721=LINE('',#4718,#4720);
#4722=EDGE_CURVE('',#2974,#658,#4721,.T.);
#4723=ORIENTED_EDGE('',*,*,#4722,.T.);
#4724=EDGE_LOOP('',(#4715,#4716,#4717,#4723));
#4725=FACE_BOUND('',#4724,.T.);
#4726=ADVANCED_FACE('',(#4725),#4714,.F.);
#4727=CARTESIAN_POINT('',(253.883884986,-188.994217869,-6.82));
#4728=DIRECTION('',(-0.418192105,0.90835861,0.));
#4729=DIRECTION('',(-0.90835861,-0.418192105,0.));
#4730=AXIS2_PLACEMENT_3D('',#4727,#4728,#4729);
#4731=PLANE('',#4730);
#4732=ORIENTED_EDGE('',*,*,#671,.T.);
#4733=ORIENTED_EDGE('',*,*,#4722,.F.);
#4734=ORIENTED_EDGE('',*,*,#2979,.F.);
#4735=CARTESIAN_POINT('',(253.457565508,-189.190487754,-6.82));
#4736=DIRECTION('',(0.,0.,-1.));
#4737=VECTOR('',#4736,1.5);
#4738=LINE('',#4735,#4737);
#4739=EDGE_CURVE('',#2966,#666,#4738,.T.);
#4740=ORIENTED_EDGE('',*,*,#4739,.T.);
#4741=EDGE_LOOP('',(#4732,#4733,#4734,#4740));
#4742=FACE_BOUND('',#4741,.T.);
#4743=ADVANCED_FACE('',(#4742),#4731,.F.);
#4744=CARTESIAN_POINT('',(253.428757158,-189.207316394,-6.82));
#4745=DIRECTION('',(-0.504402486,0.863468663,0.));
#4746=DIRECTION('',(-0.863468663,-0.504402486,0.));
#4747=AXIS2_PLACEMENT_3D('',#4744,#4745,#4746);
#4748=PLANE('',#4747);
#4749=ORIENTED_EDGE('',*,*,#679,.T.);
#4750=ORIENTED_EDGE('',*,*,#4739,.F.);
#4751=ORIENTED_EDGE('',*,*,#2971,.F.);
#4752=CARTESIAN_POINT('',(253.399948808,-189.224145034,-6.82));
#4753=DIRECTION('',(0.,0.,-1.));
#4754=VECTOR('',#4753,1.5);
#4755=LINE('',#4752,#4754);
#4756=EDGE_CURVE('',#2958,#674,#4755,.T.);
#4757=ORIENTED_EDGE('',*,*,#4756,.T.);
#4758=EDGE_LOOP('',(#4749,#4750,#4751,#4757));
#4759=FACE_BOUND('',#4758,.T.);
#4760=ADVANCED_FACE('',(#4759),#4748,.F.);
#4761=CARTESIAN_POINT('',(253.368572291,-189.235364516,-6.82));
#4762=DIRECTION('',(-0.336697885,0.94161273,0.));
#4763=DIRECTION('',(-0.94161273,-0.336697885,0.));
#4764=AXIS2_PLACEMENT_3D('',#4761,#4762,#4763);
#4765=PLANE('',#4764);
#4766=ORIENTED_EDGE('',*,*,#687,.T.);
#4767=ORIENTED_EDGE('',*,*,#4756,.F.);
#4768=ORIENTED_EDGE('',*,*,#2963,.F.);
#4769=CARTESIAN_POINT('',(253.337195774,-189.246583998,-6.82));
#4770=DIRECTION('',(0.,0.,-1.));
#4771=VECTOR('',#4770,1.5);
#4772=LINE('',#4769,#4771);
#4773=EDGE_CURVE('',#2950,#682,#4772,.T.);
#4774=ORIENTED_EDGE('',*,*,#4773,.T.);
#4775=EDGE_LOOP('',(#4766,#4767,#4768,#4774));
#4776=FACE_BOUND('',#4775,.T.);
#4777=ADVANCED_FACE('',(#4776),#4765,.F.);
#4778=CARTESIAN_POINT('',(252.887413956,-189.458746476,-6.82));
#4779=DIRECTION('',(-0.42662072,0.904430628,0.));
#4780=DIRECTION('',(-0.904430628,-0.42662072,0.));
#4781=AXIS2_PLACEMENT_3D('',#4778,#4779,#4780);
#4782=PLANE('',#4781);
#4783=ORIENTED_EDGE('',*,*,#695,.T.);
#4784=ORIENTED_EDGE('',*,*,#4773,.F.);
#4785=ORIENTED_EDGE('',*,*,#2955,.F.);
#4786=CARTESIAN_POINT('',(252.437632138,-189.670908953,-6.82));
#4787=DIRECTION('',(0.,0.,-1.));
#4788=VECTOR('',#4787,1.5);
#4789=LINE('',#4786,#4788);
#4790=EDGE_CURVE('',#2942,#690,#4789,.T.);
#4791=ORIENTED_EDGE('',*,*,#4790,.T.);
#4792=EDGE_LOOP('',(#4783,#4784,#4785,#4791));
#4793=FACE_BOUND('',#4792,.T.);
#4794=ADVANCED_FACE('',(#4793),#4782,.F.);
#4795=CARTESIAN_POINT('',(252.409021588,-189.687957706,-6.82));
#4796=DIRECTION('',(-0.511897568,0.859046494,0.));
#4797=DIRECTION('',(-0.859046494,-0.511897568,0.));
#4798=AXIS2_PLACEMENT_3D('',#4795,#4796,#4797);
#4799=PLANE('',#4798);
#4800=ORIENTED_EDGE('',*,*,#703,.T.);
#4801=ORIENTED_EDGE('',*,*,#4790,.F.);
#4802=ORIENTED_EDGE('',*,*,#2947,.F.);
#4803=CARTESIAN_POINT('',(252.380411037,-189.705006458,-6.82));
#4804=DIRECTION('',(0.,0.,-1.));
#4805=VECTOR('',#4804,1.5);
#4806=LINE('',#4803,#4805);
#4807=EDGE_CURVE('',#2934,#698,#4806,.T.);
#4808=ORIENTED_EDGE('',*,*,#4807,.T.);
#4809=EDGE_LOOP('',(#4800,#4801,#4802,#4808));
#4810=FACE_BOUND('',#4809,.T.);
#4811=ADVANCED_FACE('',(#4810),#4799,.F.);
#4812=CARTESIAN_POINT('',(252.349248967,-189.716482014,-6.82));
#4813=DIRECTION('',(-0.345567303,0.938393968,0.));
#4814=DIRECTION('',(-0.938393968,-0.345567303,0.));
#4815=AXIS2_PLACEMENT_3D('',#4812,#4813,#4814);
#4816=PLANE('',#4815);
#4817=ORIENTED_EDGE('',*,*,#711,.T.);
#4818=ORIENTED_EDGE('',*,*,#4807,.F.);
#4819=ORIENTED_EDGE('',*,*,#2939,.F.);
#4820=CARTESIAN_POINT('',(252.318086897,-189.72795757,-6.82));
#4821=DIRECTION('',(0.,0.,-1.));
#4822=VECTOR('',#4821,1.5);
#4823=LINE('',#4820,#4822);
#4824=EDGE_CURVE('',#2926,#706,#4823,.T.);
#4825=ORIENTED_EDGE('',*,*,#4824,.T.);
#4826=EDGE_LOOP('',(#4817,#4818,#4819,#4825));
#4827=FACE_BOUND('',#4826,.T.);
#4828=ADVANCED_FACE('',(#4827),#4816,.F.);
#4829=CARTESIAN_POINT('',(251.861177517,-189.948520761,-6.82));
#4830=DIRECTION('',(-0.434727085,0.900562248,0.));
#4831=DIRECTION('',(-0.900562248,-0.434727085,0.));
#4832=AXIS2_PLACEMENT_3D('',#4829,#4830,#4831);
#4833=PLANE('',#4832);
#4834=ORIENTED_EDGE('',*,*,#719,.T.);
#4835=ORIENTED_EDGE('',*,*,#4824,.F.);
#4836=ORIENTED_EDGE('',*,*,#2931,.F.);
#4837=CARTESIAN_POINT('',(251.404268137,-190.169083952,-6.82));
#4838=DIRECTION('',(0.,0.,-1.));
#4839=VECTOR('',#4838,1.5);
#4840=LINE('',#4837,#4839);
#4841=EDGE_CURVE('',#2918,#714,#4840,.T.);
#4842=ORIENTED_EDGE('',*,*,#4841,.T.);
#4843=EDGE_LOOP('',(#4834,#4835,#4836,#4842));
#4844=FACE_BOUND('',#4843,.T.);
#4845=ADVANCED_FACE('',(#4844),#4833,.F.);
#4846=CARTESIAN_POINT('',(251.376093476,-190.186168586,-6.82));
#4847=DIRECTION('',(-0.518503304,0.855075624,0.));
#4848=DIRECTION('',(-0.855075624,-0.518503304,0.));
#4849=AXIS2_PLACEMENT_3D('',#4846,#4847,#4848);
#4850=PLANE('',#4849);
#4851=ORIENTED_EDGE('',*,*,#727,.T.);
#4852=ORIENTED_EDGE('',*,*,#4841,.F.);
#4853=ORIENTED_EDGE('',*,*,#2923,.F.);
#4854=CARTESIAN_POINT('',(251.347918815,-190.203253221,-6.82));
#4855=DIRECTION('',(0.,0.,-1.));
#4856=VECTOR('',#4855,1.5);
#4857=LINE('',#4854,#4856);
#4858=EDGE_CURVE('',#2910,#722,#4857,.T.);
#4859=ORIENTED_EDGE('',*,*,#4858,.T.);
#4860=EDGE_LOOP('',(#4851,#4852,#4853,#4859));
#4861=FACE_BOUND('',#4860,.T.);
#4862=ADVANCED_FACE('',(#4861),#4850,.F.);
#4863=CARTESIAN_POINT('',(251.31722584,-190.21490237,-6.82));
#4864=DIRECTION('',(-0.354840259,0.934926944,0.));
#4865=DIRECTION('',(-0.934926944,-0.354840259,0.));
#4866=AXIS2_PLACEMENT_3D('',#4863,#4864,#4865);
#4867=PLANE('',#4866);
#4868=ORIENTED_EDGE('',*,*,#735,.T.);
#4869=ORIENTED_EDGE('',*,*,#4858,.F.);
#4870=ORIENTED_EDGE('',*,*,#2915,.F.);
#4871=CARTESIAN_POINT('',(251.286532864,-190.22655152,-6.82));
#4872=DIRECTION('',(0.,0.,-1.));
#4873=VECTOR('',#4872,1.5);
#4874=LINE('',#4871,#4873);
#4875=EDGE_CURVE('',#2902,#730,#4874,.T.);
#4876=ORIENTED_EDGE('',*,*,#4875,.T.);
#4877=EDGE_LOOP('',(#4868,#4869,#4870,#4876));
#4878=FACE_BOUND('',#4877,.T.);
#4879=ADVANCED_FACE('',(#4878),#4867,.F.);
#4880=CARTESIAN_POINT('',(250.808715841,-190.462346438,-6.82));
#4881=DIRECTION('',(-0.44253269,0.896752373,0.));
#4882=DIRECTION('',(-0.896752373,-0.44253269,0.));
#4883=AXIS2_PLACEMENT_3D('',#4880,#4881,#4882);
#4884=PLANE('',#4883);
#4885=ORIENTED_EDGE('',*,*,#743,.T.);
#4886=ORIENTED_EDGE('',*,*,#4875,.F.);
#4887=ORIENTED_EDGE('',*,*,#2907,.F.);
#4888=CARTESIAN_POINT('',(250.330898819,-190.698141356,-6.82));
#4889=DIRECTION('',(0.,0.,-1.));
#4890=VECTOR('',#4889,1.5);
#4891=LINE('',#4888,#4890);
#4892=EDGE_CURVE('',#2894,#738,#4891,.T.);
#4893=ORIENTED_EDGE('',*,*,#4892,.T.);
#4894=EDGE_LOOP('',(#4885,#4886,#4887,#4893));
#4895=FACE_BOUND('',#4894,.T.);
#4896=ADVANCED_FACE('',(#4895),#4884,.F.);
#4897=CARTESIAN_POINT('',(250.302263975,-190.715918378,-6.82));
#4898=DIRECTION('',(-0.527441479,0.849591364,0.));
#4899=DIRECTION('',(-0.849591364,-0.527441479,0.));
#4900=AXIS2_PLACEMENT_3D('',#4897,#4898,#4899);
#4901=PLANE('',#4900);
#4902=ORIENTED_EDGE('',*,*,#751,.T.);
#4903=ORIENTED_EDGE('',*,*,#4892,.F.);
#4904=ORIENTED_EDGE('',*,*,#2899,.F.);
#4905=CARTESIAN_POINT('',(250.273629131,-190.7336954,-6.82));
#4906=DIRECTION('',(0.,0.,-1.));
#4907=VECTOR('',#4906,1.5);
#4908=LINE('',#4905,#4907);
#4909=EDGE_CURVE('',#2886,#746,#4908,.T.);
#4910=ORIENTED_EDGE('',*,*,#4909,.T.);
#4911=EDGE_LOOP('',(#4902,#4903,#4904,#4910));
#4912=FACE_BOUND('',#4911,.T.);
#4913=ADVANCED_FACE('',(#4912),#4901,.F.);
#4914=CARTESIAN_POINT('',(250.242289283,-190.745830358,-6.82));
#4915=DIRECTION('',(-0.361082187,0.932533996,0.));
#4916=DIRECTION('',(-0.932533996,-0.361082187,0.));
#4917=AXIS2_PLACEMENT_3D('',#4914,#4915,#4916);
#4918=PLANE('',#4917);
#4919=ORIENTED_EDGE('',*,*,#759,.T.);
#4920=ORIENTED_EDGE('',*,*,#4909,.F.);
#4921=ORIENTED_EDGE('',*,*,#2891,.F.);
#4922=CARTESIAN_POINT('',(250.210949434,-190.757965316,-6.82));
#4923=DIRECTION('',(0.,0.,-1.));
#4924=VECTOR('',#4923,1.5);
#4925=LINE('',#4922,#4924);
#4926=EDGE_CURVE('',#2878,#754,#4925,.T.);
#4927=ORIENTED_EDGE('',*,*,#4926,.T.);
#4928=EDGE_LOOP('',(#4919,#4920,#4921,#4927));
#4929=FACE_BOUND('',#4928,.T.);
#4930=ADVANCED_FACE('',(#4929),#4918,.F.);
#4931=CARTESIAN_POINT('',(249.728746842,-191.001002435,-6.82));
#4932=DIRECTION('',(-0.450079248,0.892988617,0.));
#4933=DIRECTION('',(-0.892988617,-0.450079248,0.));
#4934=AXIS2_PLACEMENT_3D('',#4931,#4932,#4933);
#4935=PLANE('',#4934);
#4936=ORIENTED_EDGE('',*,*,#767,.T.);
#4937=ORIENTED_EDGE('',*,*,#4926,.F.);
#4938=ORIENTED_EDGE('',*,*,#2883,.F.);
#4939=CARTESIAN_POINT('',(249.246544249,-191.244039553,-6.82));
#4940=DIRECTION('',(0.,0.,-1.));
#4941=VECTOR('',#4940,1.5);
#4942=LINE('',#4939,#4941);
#4943=EDGE_CURVE('',#2870,#762,#4942,.T.);
#4944=ORIENTED_EDGE('',*,*,#4943,.T.);
#4945=EDGE_LOOP('',(#4936,#4937,#4938,#4944));
#4946=FACE_BOUND('',#4945,.T.);
#4947=ADVANCED_FACE('',(#4946),#4935,.F.);
#4948=CARTESIAN_POINT('',(249.22818014,-191.255677432,-6.82));
#4949=DIRECTION('',(-0.535290933,0.844667756,0.));
#4950=DIRECTION('',(-0.844667756,-0.535290933,0.));
#4951=AXIS2_PLACEMENT_3D('',#4948,#4949,#4950);
#4952=PLANE('',#4951);
#4953=ORIENTED_EDGE('',*,*,#775,.T.);
#4954=ORIENTED_EDGE('',*,*,#4943,.F.);
#4955=ORIENTED_EDGE('',*,*,#2875,.F.);
#4956=CARTESIAN_POINT('',(249.20981603,-191.267315311,-6.82));
#4957=DIRECTION('',(0.,0.,-1.));
#4958=VECTOR('',#4957,1.5);
#4959=LINE('',#4956,#4958);
#4960=EDGE_CURVE('',#2862,#770,#4959,.T.);
#4961=ORIENTED_EDGE('',*,*,#4960,.T.);
#4962=EDGE_LOOP('',(#4953,#4954,#4955,#4961));
#4963=FACE_BOUND('',#4962,.T.);
#4964=ADVANCED_FACE('',(#4963),#4952,.F.);
#4965=CARTESIAN_POINT('',(249.189902942,-191.275999214,-6.82));
#4966=DIRECTION('',(-0.399733916,0.916631222,0.));
#4967=DIRECTION('',(-0.916631222,-0.399733916,0.));
#4968=AXIS2_PLACEMENT_3D('',#4965,#4966,#4967);
#4969=PLANE('',#4968);
#4970=ORIENTED_EDGE('',*,*,#783,.T.);
#4971=ORIENTED_EDGE('',*,*,#4960,.F.);
#4972=ORIENTED_EDGE('',*,*,#2867,.F.);
#4973=CARTESIAN_POINT('',(249.169989854,-191.284683118,-6.82));
#4974=DIRECTION('',(0.,0.,-1.));
#4975=VECTOR('',#4974,1.5);
#4976=LINE('',#4973,#4975);
#4977=EDGE_CURVE('',#2854,#778,#4976,.T.);
#4978=ORIENTED_EDGE('',*,*,#4977,.T.);
#4979=EDGE_LOOP('',(#4970,#4971,#4972,#4978));
#4980=FACE_BOUND('',#4979,.T.);
#4981=ADVANCED_FACE('',(#4980),#4969,.F.);
#4982=CARTESIAN_POINT('',(245.742505255,-193.198607484,-6.82));
#4983=DIRECTION('',(-0.48754284,0.873099066,0.));
#4984=DIRECTION('',(-0.873099066,-0.48754284,0.));
#4985=AXIS2_PLACEMENT_3D('',#4982,#4983,#4984);
#4986=PLANE('',#4985);
#4987=ORIENTED_EDGE('',*,*,#791,.T.);
#4988=ORIENTED_EDGE('',*,*,#4977,.F.);
#4989=ORIENTED_EDGE('',*,*,#2859,.F.);
#4990=CARTESIAN_POINT('',(242.325402618,-195.106734511,-6.82));
#4991=DIRECTION('',(0.,0.,-1.));
#4992=VECTOR('',#4991,1.5);
#4993=LINE('',#4990,#4992);
#4994=EDGE_CURVE('',#2845,#786,#4993,.T.);
#4995=ORIENTED_EDGE('',*,*,#4994,.T.);
#4996=EDGE_LOOP('',(#4987,#4988,#4989,#4995));
#4997=FACE_BOUND('',#4996,.T.);
#4998=ADVANCED_FACE('',(#4997),#4986,.F.);
#4999=CARTESIAN_POINT('',(240.070517547,-191.068652345,-6.82));
#5000=DIRECTION('',(0.,0.,-1.));
#5001=DIRECTION('',(-1.,0.,0.));
#5002=AXIS2_PLACEMENT_3D('',#4999,#5000,#5001);
#5003=CYLINDRICAL_SURFACE('',#5002,4.62499884);
#5004=ORIENTED_EDGE('',*,*,#800,.F.);
#5005=ORIENTED_EDGE('',*,*,#4994,.F.);
#5006=ORIENTED_EDGE('',*,*,#2851,.T.);
#5007=CARTESIAN_POINT('',(236.025402485,-193.310896398,-6.82));
#5008=DIRECTION('',(-0.,-0.,-1.));
#5009=VECTOR('',#5008,1.5);
#5010=LINE('',#5007,#5009);
#5011=EDGE_CURVE('',#2837,#794,#5010,.T.);
#5012=ORIENTED_EDGE('',*,*,#5011,.T.);
#5013=EDGE_LOOP('',(#5004,#5005,#5006,#5012));
#5014=FACE_BOUND('',#5013,.T.);
#5015=ADVANCED_FACE('',(#5014),#5003,.T.);
#5016=CARTESIAN_POINT('',(231.756101861,-185.608874743,-6.82));
#5017=DIRECTION('',(0.874619692,0.484809647,0.));
#5018=DIRECTION('',(-0.484809647,0.874619692,0.));
#5019=AXIS2_PLACEMENT_3D('',#5016,#5017,#5018);
#5020=PLANE('',#5019);
#5021=ORIENTED_EDGE('',*,*,#808,.T.);
#5022=ORIENTED_EDGE('',*,*,#5011,.F.);
#5023=ORIENTED_EDGE('',*,*,#2842,.F.);
#5024=CARTESIAN_POINT('',(227.486793827,-177.906839718,-6.82));
#5025=DIRECTION('',(0.,0.,-1.));
#5026=VECTOR('',#5025,1.5);
#5027=LINE('',#5024,#5026);
#5028=EDGE_CURVE('',#2828,#803,#5027,.T.);
#5029=ORIENTED_EDGE('',*,*,#5028,.T.);
#5030=EDGE_LOOP('',(#5021,#5022,#5023,#5029));
#5031=FACE_BOUND('',#5030,.T.);
#5032=ADVANCED_FACE('',(#5031),#5020,.F.);
#5033=CARTESIAN_POINT('',(231.652525075,-175.625802471,-6.82));
#5034=DIRECTION('',(0.,0.,-1.));
#5035=DIRECTION('',(-1.,0.,0.));
#5036=AXIS2_PLACEMENT_3D('',#5033,#5034,#5035);
#5037=CYLINDRICAL_SURFACE('',#5036,4.749362879);
#5038=ORIENTED_EDGE('',*,*,#817,.F.);
#5039=ORIENTED_EDGE('',*,*,#5028,.F.);
#5040=ORIENTED_EDGE('',*,*,#2834,.T.);
#5041=CARTESIAN_POINT('',(226.904496434,-175.73837148,-6.82));
#5042=DIRECTION('',(0.,0.,-1.));
#5043=VECTOR('',#5042,1.5);
#5044=LINE('',#5041,#5043);
#5045=EDGE_CURVE('',#2820,#811,#5044,.T.);
#5046=ORIENTED_EDGE('',*,*,#5045,.T.);
#5047=EDGE_LOOP('',(#5038,#5039,#5040,#5046));
#5048=FACE_BOUND('',#5047,.T.);
#5049=ADVANCED_FACE('',(#5048),#5037,.T.);
#5050=CARTESIAN_POINT('',(226.904496434,-172.005254689,-6.82));
#5051=DIRECTION('',(1.,0.,0.));
#5052=DIRECTION('',(0.,0.,-1.));
#5053=AXIS2_PLACEMENT_3D('',#5050,#5051,#5052);
#5054=PLANE('',#5053);
#5055=ORIENTED_EDGE('',*,*,#825,.T.);
#5056=ORIENTED_EDGE('',*,*,#5045,.F.);
#5057=ORIENTED_EDGE('',*,*,#2825,.F.);
#5058=CARTESIAN_POINT('',(226.904496434,-168.272137899,-6.82));
#5059=DIRECTION('',(0.,0.,-1.));
#5060=VECTOR('',#5059,1.5);
#5061=LINE('',#5058,#5060);
#5062=EDGE_CURVE('',#2812,#820,#5061,.T.);
#5063=ORIENTED_EDGE('',*,*,#5062,.T.);
#5064=EDGE_LOOP('',(#5055,#5056,#5057,#5063));
#5065=FACE_BOUND('',#5064,.T.);
#5066=ADVANCED_FACE('',(#5065),#5054,.F.);
#5067=CARTESIAN_POINT('',(226.904502434,-145.697138098,-6.82));
#5068=DIRECTION('',(1.,-0.000000266,0.));
#5069=DIRECTION('',(0.000000266,1.,0.));
#5070=AXIS2_PLACEMENT_3D('',#5067,#5068,#5069);
#5071=PLANE('',#5070);
#5072=ORIENTED_EDGE('',*,*,#833,.T.);
#5073=ORIENTED_EDGE('',*,*,#5062,.F.);
#5074=ORIENTED_EDGE('',*,*,#2817,.F.);
#5075=CARTESIAN_POINT('',(226.904508434,-123.122138298,-6.82));
#5076=DIRECTION('',(0.,0.,-1.));
#5077=VECTOR('',#5076,1.5);
#5078=LINE('',#5075,#5077);
#5079=EDGE_CURVE('',#2804,#828,#5078,.T.);
#5080=ORIENTED_EDGE('',*,*,#5079,.T.);
#5081=EDGE_LOOP('',(#5072,#5073,#5074,#5080));
#5082=FACE_BOUND('',#5081,.T.);
#5083=ADVANCED_FACE('',(#5082),#5071,.F.);
#5084=CARTESIAN_POINT('',(226.904508434,-113.733393298,-6.82));
#5085=DIRECTION('',(1.,0.,0.));
#5086=DIRECTION('',(0.,0.,-1.));
#5087=AXIS2_PLACEMENT_3D('',#5084,#5085,#5086);
#5088=PLANE('',#5087);
#5089=ORIENTED_EDGE('',*,*,#841,.T.);
#5090=ORIENTED_EDGE('',*,*,#5079,.F.);
#5091=ORIENTED_EDGE('',*,*,#2809,.F.);
#5092=CARTESIAN_POINT('',(226.904508434,-104.347246026,-6.82));
#5093=DIRECTION('',(0.,0.,-1.));
#5094=VECTOR('',#5093,1.5);
#5095=LINE('',#5092,#5094);
#5096=EDGE_CURVE('',#2795,#836,#5095,.T.);
#5097=ORIENTED_EDGE('',*,*,#5096,.T.);
#5098=EDGE_LOOP('',(#5089,#5090,#5091,#5097));
#5099=FACE_BOUND('',#5098,.T.);
#5100=ADVANCED_FACE('',(#5099),#5088,.F.);
#5101=CARTESIAN_POINT('',(231.534606512,-104.347246026,-6.82));
#5102=DIRECTION('',(0.,0.,-1.));
#5103=DIRECTION('',(-1.,0.,0.));
#5104=AXIS2_PLACEMENT_3D('',#5101,#5102,#5103);
#5105=CYLINDRICAL_SURFACE('',#5104,4.630098077);
#5106=ORIENTED_EDGE('',*,*,#850,.F.);
#5107=ORIENTED_EDGE('',*,*,#5096,.F.);
#5108=ORIENTED_EDGE('',*,*,#2801,.T.);
#5109=CARTESIAN_POINT('',(231.534606512,-99.717147949,-6.82));
#5110=DIRECTION('',(-0.,-0.,-1.));
#5111=VECTOR('',#5110,1.5);
#5112=LINE('',#5109,#5111);
#5113=EDGE_CURVE('',#2787,#844,#5112,.T.);
#5114=ORIENTED_EDGE('',*,*,#5113,.T.);
#5115=EDGE_LOOP('',(#5106,#5107,#5108,#5114));
#5116=FACE_BOUND('',#5115,.T.);
#5117=ADVANCED_FACE('',(#5116),#5105,.T.);
#5118=CARTESIAN_POINT('',(250.361944558,-99.717147949,-6.82));
#5119=DIRECTION('',(0.,-1.,0.));
#5120=DIRECTION('',(0.,0.,-1.));
#5121=AXIS2_PLACEMENT_3D('',#5118,#5119,#5120);
#5122=PLANE('',#5121);
#5123=CARTESIAN_POINT('',(242.278222381,-99.717147949,-7.32));
#5124=VERTEX_POINT('',#5123);
#5125=CARTESIAN_POINT('',(234.438222381,-99.717147949,-7.32));
#5126=VERTEX_POINT('',#5125);
#5127=CARTESIAN_POINT('',(242.278222381,-99.717147949,-7.32));
#5128=DIRECTION('',(-1.,0.,0.));
#5129=VECTOR('',#5128,7.84);
#5130=LINE('',#5127,#5129);
#5131=EDGE_CURVE('',#5124,#5126,#5130,.T.);
#5132=ORIENTED_EDGE('',*,*,#5131,.F.);
#5133=CARTESIAN_POINT('',(242.278222381,-99.717147949,-6.82));
#5134=DIRECTION('',(0.,-1.,0.));
#5135=DIRECTION('',(0.,0.,-1.));
#5136=AXIS2_PLACEMENT_3D('',#5133,#5134,#5135);
#5137=CIRCLE('',#5136,0.5);
#5138=EDGE_CURVE('',#5124,#2763,#5137,.T.);
#5139=ORIENTED_EDGE('',*,*,#5138,.T.);
#5140=ORIENTED_EDGE('',*,*,#3901,.F.);
#5141=CARTESIAN_POINT('',(269.206271771,-99.717147949,-6.82));
#5142=DIRECTION('',(0.,0.,-1.));
#5143=VECTOR('',#5142,1.5);
#5144=LINE('',#5141,#5143);
#5145=EDGE_CURVE('',#3889,#853,#5144,.T.);
#5146=ORIENTED_EDGE('',*,*,#5145,.T.);
#5147=ORIENTED_EDGE('',*,*,#858,.T.);
#5148=ORIENTED_EDGE('',*,*,#5113,.F.);
#5149=ORIENTED_EDGE('',*,*,#2792,.F.);
#5150=CARTESIAN_POINT('',(234.438222381,-99.717147949,-6.82));
#5151=DIRECTION('',(0.,-1.,0.));
#5152=DIRECTION('',(0.,0.,-1.));
#5153=AXIS2_PLACEMENT_3D('',#5150,#5151,#5152);
#5154=CIRCLE('',#5153,0.5);
#5155=EDGE_CURVE('',#2779,#5126,#5154,.T.);
#5156=ORIENTED_EDGE('',*,*,#5155,.T.);
#5157=EDGE_LOOP('',(#5132,#5139,#5140,#5146,#5147,#5148,#5149,#5156));
#5158=FACE_BOUND('',#5157,.T.);
#5159=ADVANCED_FACE('',(#5158),#5122,.F.);
#5160=CARTESIAN_POINT('',(269.206271771,-97.984090342,-6.82));
#5161=DIRECTION('',(0.,0.,1.));
#5162=DIRECTION('',(1.,0.,-0.));
#5163=AXIS2_PLACEMENT_3D('',#5160,#5161,#5162);
#5164=CYLINDRICAL_SURFACE('',#5163,1.733057607);
#5165=ORIENTED_EDGE('',*,*,#867,.T.);
#5166=ORIENTED_EDGE('',*,*,#5145,.F.);
#5167=ORIENTED_EDGE('',*,*,#3895,.F.);
#5168=CARTESIAN_POINT('',(270.693389758,-98.874016609,-6.82));
#5169=DIRECTION('',(-0.,-0.,-1.));
#5170=VECTOR('',#5169,1.5);
#5171=LINE('',#5168,#5170);
#5172=EDGE_CURVE('',#3881,#861,#5171,.T.);
#5173=ORIENTED_EDGE('',*,*,#5172,.T.);
#5174=EDGE_LOOP('',(#5165,#5166,#5167,#5173));
#5175=FACE_BOUND('',#5174,.T.);
#5176=ADVANCED_FACE('',(#5175),#5164,.F.);
#5177=CARTESIAN_POINT('',(271.195911282,-98.034274236,-6.82));
#5178=DIRECTION('',(0.858089183,-0.513500685,0.));
#5179=DIRECTION('',(0.513500685,0.858089183,0.));
#5180=AXIS2_PLACEMENT_3D('',#5177,#5178,#5179);
#5181=PLANE('',#5180);
#5182=ORIENTED_EDGE('',*,*,#875,.T.);
#5183=ORIENTED_EDGE('',*,*,#5172,.F.);
#5184=ORIENTED_EDGE('',*,*,#3886,.F.);
#5185=CARTESIAN_POINT('',(271.704710994,-97.184040648,-6.82));
#5186=DIRECTION('',(0.,0.,-1.));
#5187=VECTOR('',#5186,1.5);
#5188=LINE('',#5185,#5187);
#5189=EDGE_CURVE('',#3872,#870,#5188,.T.);
#5190=ORIENTED_EDGE('',*,*,#5189,.T.);
#5191=EDGE_LOOP('',(#5182,#5183,#5184,#5190));
#5192=FACE_BOUND('',#5191,.T.);
#5193=ADVANCED_FACE('',(#5192),#5181,.F.);
#5194=CARTESIAN_POINT('',(275.636919823,-99.537166599,-6.82));
#5195=DIRECTION('',(0.,0.,-1.));
#5196=DIRECTION('',(-1.,0.,0.));
#5197=AXIS2_PLACEMENT_3D('',#5194,#5195,#5196);
#5198=CYLINDRICAL_SURFACE('',#5197,4.58251765);
#5199=ORIENTED_EDGE('',*,*,#884,.F.);
#5200=ORIENTED_EDGE('',*,*,#5189,.F.);
#5201=ORIENTED_EDGE('',*,*,#3878,.T.);
#5202=CARTESIAN_POINT('',(275.636919823,-94.954648949,-6.82));
#5203=DIRECTION('',(-0.,-0.,-1.));
#5204=VECTOR('',#5203,1.5);
#5205=LINE('',#5202,#5204);
#5206=EDGE_CURVE('',#3864,#878,#5205,.T.);
#5207=ORIENTED_EDGE('',*,*,#5206,.T.);
#5208=EDGE_LOOP('',(#5199,#5200,#5201,#5207));
#5209=FACE_BOUND('',#5208,.T.);
#5210=ADVANCED_FACE('',(#5209),#5198,.T.);
#5211=CARTESIAN_POINT('',(282.179975718,-94.954648949,-6.82));
#5212=DIRECTION('',(0.,-1.,0.));
#5213=DIRECTION('',(0.,0.,-1.));
#5214=AXIS2_PLACEMENT_3D('',#5211,#5212,#5213);
#5215=PLANE('',#5214);
#5216=ORIENTED_EDGE('',*,*,#892,.T.);
#5217=ORIENTED_EDGE('',*,*,#5206,.F.);
#5218=ORIENTED_EDGE('',*,*,#3869,.F.);
#5219=CARTESIAN_POINT('',(288.678925336,-94.954648949,-6.82));
#5220=DIRECTION('',(0.,0.,-1.));
#5221=VECTOR('',#5220,1.5);
#5222=LINE('',#5219,#5221);
#5223=EDGE_CURVE('',#3855,#887,#5222,.T.);
#5224=ORIENTED_EDGE('',*,*,#5223,.T.);
#5225=EDGE_LOOP('',(#5216,#5217,#5218,#5224));
#5226=FACE_BOUND('',#5225,.T.);
#5227=ADVANCED_FACE('',(#5226),#5215,.F.);
#5228=CARTESIAN_POINT('',(288.678925336,-93.132459205,-6.82));
#5229=DIRECTION('',(0.,0.,1.));
#5230=DIRECTION('',(1.,0.,-0.));
#5231=AXIS2_PLACEMENT_3D('',#5228,#5229,#5230);
#5232=CYLINDRICAL_SURFACE('',#5231,1.822189744);
#5233=ORIENTED_EDGE('',*,*,#901,.T.);
#5234=ORIENTED_EDGE('',*,*,#5223,.F.);
#5235=ORIENTED_EDGE('',*,*,#3861,.F.);
#5236=CARTESIAN_POINT('',(289.982714955,-94.405450993,-6.82));
#5237=DIRECTION('',(-0.,-0.,-1.));
#5238=VECTOR('',#5237,1.5);
#5239=LINE('',#5236,#5238);
#5240=EDGE_CURVE('',#3847,#895,#5239,.T.);
#5241=ORIENTED_EDGE('',*,*,#5240,.T.);
#5242=EDGE_LOOP('',(#5233,#5234,#5235,#5241));
#5243=FACE_BOUND('',#5242,.T.);
#5244=ADVANCED_FACE('',(#5243),#5232,.F.);
#5245=CARTESIAN_POINT('',(291.36200794,-92.992788404,-6.82));
#5246=DIRECTION('',(0.715507056,-0.698605506,0.));
#5247=DIRECTION('',(0.698605506,0.715507056,0.));
#5248=AXIS2_PLACEMENT_3D('',#5245,#5246,#5247);
#5249=PLANE('',#5248);
#5250=ORIENTED_EDGE('',*,*,#909,.T.);
#5251=ORIENTED_EDGE('',*,*,#5240,.F.);
#5252=ORIENTED_EDGE('',*,*,#3852,.F.);
#5253=CARTESIAN_POINT('',(292.752473703,-91.56868273,-6.82));
#5254=DIRECTION('',(0.,0.,-1.));
#5255=VECTOR('',#5254,1.5);
#5256=LINE('',#5253,#5255);
#5257=EDGE_CURVE('',#3838,#904,#5256,.T.);
#5258=ORIENTED_EDGE('',*,*,#5257,.T.);
#5259=EDGE_LOOP('',(#5250,#5251,#5252,#5258));
#5260=FACE_BOUND('',#5259,.T.);
#5261=ADVANCED_FACE('',(#5260),#5249,.F.);
#5262=CARTESIAN_POINT('',(296.060213848,-94.798288167,-6.82));
#5263=DIRECTION('',(0.,0.,-1.));
#5264=DIRECTION('',(-1.,0.,0.));
#5265=AXIS2_PLACEMENT_3D('',#5262,#5263,#5264);
#5266=CYLINDRICAL_SURFACE('',#5265,4.622931552);
#5267=ORIENTED_EDGE('',*,*,#918,.F.);
#5268=ORIENTED_EDGE('',*,*,#5257,.F.);
#5269=ORIENTED_EDGE('',*,*,#3844,.T.);
#5270=CARTESIAN_POINT('',(296.002431752,-90.175717738,-6.82));
#5271=DIRECTION('',(-0.,-0.,-1.));
#5272=VECTOR('',#5271,1.5);
#5273=LINE('',#5270,#5272);
#5274=EDGE_CURVE('',#3830,#912,#5273,.T.);
#5275=ORIENTED_EDGE('',*,*,#5274,.T.);
#5276=EDGE_LOOP('',(#5267,#5268,#5269,#5275));
#5277=FACE_BOUND('',#5276,.T.);
#5278=ADVANCED_FACE('',(#5277),#5266,.T.);
#5279=CARTESIAN_POINT('',(301.845074265,-90.102684751,-6.82));
#5280=DIRECTION('',(0.012499016,-0.999921884,0.));
#5281=DIRECTION('',(0.999921884,0.012499016,0.));
#5282=AXIS2_PLACEMENT_3D('',#5279,#5280,#5281);
#5283=PLANE('',#5282);
#5284=ORIENTED_EDGE('',*,*,#926,.T.);
#5285=ORIENTED_EDGE('',*,*,#5274,.F.);
#5286=ORIENTED_EDGE('',*,*,#3835,.F.);
#5287=CARTESIAN_POINT('',(307.601302664,-90.030731939,-6.82));
#5288=DIRECTION('',(0.,0.,-1.));
#5289=VECTOR('',#5288,1.5);
#5290=LINE('',#5287,#5289);
#5291=EDGE_CURVE('',#3821,#921,#5290,.T.);
#5292=ORIENTED_EDGE('',*,*,#5291,.T.);
#5293=EDGE_LOOP('',(#5284,#5285,#5286,#5292));
#5294=FACE_BOUND('',#5293,.T.);
#5295=ADVANCED_FACE('',(#5294),#5283,.F.);
#5296=CARTESIAN_POINT('',(307.661127962,-94.816758622,-6.82));
#5297=DIRECTION('',(0.,0.,-1.));
#5298=DIRECTION('',(-1.,0.,0.));
#5299=AXIS2_PLACEMENT_3D('',#5296,#5297,#5298);
#5300=CYLINDRICAL_SURFACE('',#5299,4.786400576);
#5301=ORIENTED_EDGE('',*,*,#935,.F.);
#5302=ORIENTED_EDGE('',*,*,#5291,.F.);
#5303=ORIENTED_EDGE('',*,*,#3827,.T.);
#5304=CARTESIAN_POINT('',(311.147206009,-91.536988763,-6.82));
#5305=DIRECTION('',(-0.,-0.,-1.));
#5306=VECTOR('',#5305,1.5);
#5307=LINE('',#5304,#5306);
#5308=EDGE_CURVE('',#3813,#929,#5307,.T.);
#5309=ORIENTED_EDGE('',*,*,#5308,.T.);
#5310=EDGE_LOOP('',(#5301,#5302,#5303,#5309));
#5311=FACE_BOUND('',#5310,.T.);
#5312=ADVANCED_FACE('',(#5311),#5300,.T.);
#5313=CARTESIAN_POINT('',(312.458277974,-92.930531418,-6.82));
#5314=DIRECTION('',(-0.728329773,-0.685226781,0.));
#5315=DIRECTION('',(0.685226781,-0.728329773,0.));
#5316=AXIS2_PLACEMENT_3D('',#5313,#5314,#5315);
#5317=PLANE('',#5316);
#5318=ORIENTED_EDGE('',*,*,#943,.T.);
#5319=ORIENTED_EDGE('',*,*,#5308,.F.);
#5320=ORIENTED_EDGE('',*,*,#3818,.F.);
#5321=CARTESIAN_POINT('',(313.801374686,-94.35811328,-6.82));
#5322=DIRECTION('',(0.,0.,-1.));
#5323=VECTOR('',#5322,1.5);
#5324=LINE('',#5321,#5323);
#5325=EDGE_CURVE('',#3804,#938,#5324,.T.);
#5326=ORIENTED_EDGE('',*,*,#5325,.T.);
#5327=EDGE_LOOP('',(#5318,#5319,#5320,#5326));
#5328=FACE_BOUND('',#5327,.T.);
#5329=ADVANCED_FACE('',(#5328),#5317,.F.);
#5330=CARTESIAN_POINT('',(315.181648319,-93.059525068,-6.82));
#5331=DIRECTION('',(0.,0.,1.));
#5332=DIRECTION('',(1.,0.,-0.));
#5333=AXIS2_PLACEMENT_3D('',#5330,#5331,#5332);
#5334=CYLINDRICAL_SURFACE('',#5333,1.895121804);
#5335=ORIENTED_EDGE('',*,*,#952,.T.);
#5336=ORIENTED_EDGE('',*,*,#5325,.F.);
#5337=ORIENTED_EDGE('',*,*,#3810,.F.);
#5338=CARTESIAN_POINT('',(315.181648319,-94.954646871,-6.82));
#5339=DIRECTION('',(-0.,-0.,-1.));
#5340=VECTOR('',#5339,1.5);
#5341=LINE('',#5338,#5340);
#5342=EDGE_CURVE('',#3796,#946,#5341,.T.);
#5343=ORIENTED_EDGE('',*,*,#5342,.T.);
#5344=EDGE_LOOP('',(#5335,#5336,#5337,#5343));
#5345=FACE_BOUND('',#5344,.T.);
#5346=ADVANCED_FACE('',(#5345),#5334,.F.);
#5347=CARTESIAN_POINT('',(321.635003618,-94.954646871,-6.82));
#5348=DIRECTION('',(0.,-1.,0.));
#5349=DIRECTION('',(0.,0.,-1.));
#5350=AXIS2_PLACEMENT_3D('',#5347,#5348,#5349);
#5351=PLANE('',#5350);
#5352=ORIENTED_EDGE('',*,*,#960,.T.);
#5353=ORIENTED_EDGE('',*,*,#5342,.F.);
#5354=ORIENTED_EDGE('',*,*,#3801,.F.);
#5355=CARTESIAN_POINT('',(328.156569034,-94.954646871,-6.82));
#5356=DIRECTION('',(0.,0.,-1.));
#5357=VECTOR('',#5356,1.5);
#5358=LINE('',#5355,#5357);
#5359=EDGE_CURVE('',#3787,#955,#5358,.T.);
#5360=ORIENTED_EDGE('',*,*,#5359,.T.);
#5361=EDGE_LOOP('',(#5352,#5353,#5354,#5360));
#5362=FACE_BOUND('',#5361,.T.);
#5363=ADVANCED_FACE('',(#5362),#5351,.F.);
#5364=CARTESIAN_POINT('',(328.156569034,-99.537158576,-6.82));
#5365=DIRECTION('',(0.,0.,-1.));
#5366=DIRECTION('',(-1.,0.,0.));
#5367=AXIS2_PLACEMENT_3D('',#5364,#5365,#5366);
#5368=CYLINDRICAL_SURFACE('',#5367,4.582511704);
#5369=ORIENTED_EDGE('',*,*,#969,.F.);
#5370=ORIENTED_EDGE('',*,*,#5359,.F.);
#5371=ORIENTED_EDGE('',*,*,#3793,.T.);
#5372=CARTESIAN_POINT('',(332.08877003,-97.184031115,-6.82));
#5373=DIRECTION('',(-0.,-0.,-1.));
#5374=VECTOR('',#5373,1.5);
#5375=LINE('',#5372,#5374);
#5376=EDGE_CURVE('',#3779,#963,#5375,.T.);
#5377=ORIENTED_EDGE('',*,*,#5376,.T.);
#5378=EDGE_LOOP('',(#5369,#5370,#5371,#5377));
#5379=FACE_BOUND('',#5378,.T.);
#5380=ADVANCED_FACE('',(#5379),#5368,.T.);
#5381=CARTESIAN_POINT('',(332.597611306,-98.034331919,-6.82));
#5382=DIRECTION('',(-0.858088588,-0.51350168,0.));
#5383=DIRECTION('',(0.51350168,-0.858088588,0.));
#5384=AXIS2_PLACEMENT_3D('',#5381,#5382,#5383);
#5385=PLANE('',#5384);
#5386=ORIENTED_EDGE('',*,*,#977,.T.);
#5387=ORIENTED_EDGE('',*,*,#5376,.F.);
#5388=ORIENTED_EDGE('',*,*,#3784,.F.);
#5389=CARTESIAN_POINT('',(333.100846611,-98.875264849,-6.82));
#5390=DIRECTION('',(0.,0.,-1.));
#5391=VECTOR('',#5390,1.5);
#5392=LINE('',#5389,#5391);
#5393=EDGE_CURVE('',#3770,#972,#5392,.T.);
#5394=ORIENTED_EDGE('',*,*,#5393,.T.);
#5395=EDGE_LOOP('',(#5386,#5387,#5388,#5394));
#5396=FACE_BOUND('',#5395,.T.);
#5397=ADVANCED_FACE('',(#5396),#5385,.F.);
#5398=CARTESIAN_POINT('',(334.585750711,-97.986661083,-6.82));
#5399=DIRECTION('',(0.,0.,1.));
#5400=DIRECTION('',(1.,0.,-0.));
#5401=AXIS2_PLACEMENT_3D('',#5398,#5399,#5400);
#5402=CYLINDRICAL_SURFACE('',#5401,1.730478788);
#5403=ORIENTED_EDGE('',*,*,#986,.T.);
#5404=ORIENTED_EDGE('',*,*,#5393,.F.);
#5405=ORIENTED_EDGE('',*,*,#3776,.F.);
#5406=CARTESIAN_POINT('',(334.585750711,-99.717139871,-6.82));
#5407=DIRECTION('',(-0.,-0.,-1.));
#5408=VECTOR('',#5407,1.5);
#5409=LINE('',#5406,#5408);
#5410=EDGE_CURVE('',#3762,#980,#5409,.T.);
#5411=ORIENTED_EDGE('',*,*,#5410,.T.);
#5412=EDGE_LOOP('',(#5403,#5404,#5405,#5411));
#5413=FACE_BOUND('',#5412,.T.);
#5414=ADVANCED_FACE('',(#5413),#5402,.F.);
#5415=CARTESIAN_POINT('',(341.762498947,-99.717139871,-6.82));
#5416=DIRECTION('',(0.,-1.,0.));
#5417=DIRECTION('',(0.,0.,-1.));
#5418=AXIS2_PLACEMENT_3D('',#5415,#5416,#5417);
#5419=PLANE('',#5418);
#5420=ORIENTED_EDGE('',*,*,#994,.T.);
#5421=ORIENTED_EDGE('',*,*,#5410,.F.);
#5422=ORIENTED_EDGE('',*,*,#3767,.F.);
#5423=CARTESIAN_POINT('',(348.920787803,-99.717139871,-6.82));
#5424=DIRECTION('',(0.,0.,-1.));
#5425=VECTOR('',#5424,1.5);
#5426=LINE('',#5423,#5425);
#5427=EDGE_CURVE('',#3754,#989,#5426,.T.);
#5428=ORIENTED_EDGE('',*,*,#5427,.T.);
#5429=EDGE_LOOP('',(#5420,#5421,#5422,#5428));
#5430=FACE_BOUND('',#5429,.T.);
#5431=ADVANCED_FACE('',(#5430),#5419,.F.);
#5432=CARTESIAN_POINT('',(348.95678366,-99.71348547,-6.82));
#5433=DIRECTION('',(0.10100366,-0.994886054,0.));
#5434=DIRECTION('',(0.994886054,0.10100366,0.));
#5435=AXIS2_PLACEMENT_3D('',#5432,#5433,#5434);
#5436=PLANE('',#5435);
#5437=ORIENTED_EDGE('',*,*,#1002,.T.);
#5438=ORIENTED_EDGE('',*,*,#5427,.F.);
#5439=ORIENTED_EDGE('',*,*,#3759,.F.);
#5440=CARTESIAN_POINT('',(348.992779516,-99.709831068,-6.82));
#5441=DIRECTION('',(0.,0.,-1.));
#5442=VECTOR('',#5441,1.5);
#5443=LINE('',#5440,#5442);
#5444=EDGE_CURVE('',#3746,#997,#5443,.T.);
#5445=ORIENTED_EDGE('',*,*,#5444,.T.);
#5446=EDGE_LOOP('',(#5437,#5438,#5439,#5445));
#5447=FACE_BOUND('',#5446,.T.);
#5448=ADVANCED_FACE('',(#5447),#5436,.F.);
#5449=CARTESIAN_POINT('',(349.028887621,-99.713295987,-6.82));
#5450=DIRECTION('',(-0.095520814,-0.995427433,0.));
#5451=DIRECTION('',(0.995427433,-0.095520814,0.));
#5452=AXIS2_PLACEMENT_3D('',#5449,#5450,#5451);
#5453=PLANE('',#5452);
#5454=ORIENTED_EDGE('',*,*,#1010,.T.);
#5455=ORIENTED_EDGE('',*,*,#5444,.F.);
#5456=ORIENTED_EDGE('',*,*,#3751,.F.);
#5457=CARTESIAN_POINT('',(349.064995726,-99.716760906,-6.82));
#5458=DIRECTION('',(0.,0.,-1.));
#5459=VECTOR('',#5458,1.5);
#5460=LINE('',#5457,#5459);
#5461=EDGE_CURVE('',#3738,#1005,#5460,.T.);
#5462=ORIENTED_EDGE('',*,*,#5461,.T.);
#5463=EDGE_LOOP('',(#5454,#5455,#5456,#5462));
#5464=FACE_BOUND('',#5463,.T.);
#5465=ADVANCED_FACE('',(#5464),#5453,.F.);
#5466=CARTESIAN_POINT('',(350.453993563,-99.709450389,-6.82));
#5467=DIRECTION('',(0.005263087,-0.99998615,0.));
#5468=DIRECTION('',(0.99998615,0.005263087,0.));
#5469=AXIS2_PLACEMENT_3D('',#5466,#5467,#5468);
#5470=PLANE('',#5469);
#5471=ORIENTED_EDGE('',*,*,#1018,.T.);
#5472=ORIENTED_EDGE('',*,*,#5461,.F.);
#5473=ORIENTED_EDGE('',*,*,#3743,.F.);
#5474=CARTESIAN_POINT('',(351.8429914,-99.702139871,-6.82));
#5475=DIRECTION('',(0.,0.,-1.));
#5476=VECTOR('',#5475,1.5);
#5477=LINE('',#5474,#5476);
#5478=EDGE_CURVE('',#3730,#1013,#5477,.T.);
#5479=ORIENTED_EDGE('',*,*,#5478,.T.);
#5480=EDGE_LOOP('',(#5471,#5472,#5473,#5479));
#5481=FACE_BOUND('',#5480,.T.);
#5482=ADVANCED_FACE('',(#5481),#5470,.F.);
#5483=CARTESIAN_POINT('',(359.24486161,-99.702139871,-6.82));
#5484=DIRECTION('',(0.,-1.,0.));
#5485=DIRECTION('',(0.,0.,-1.));
#5486=AXIS2_PLACEMENT_3D('',#5483,#5484,#5485);
#5487=PLANE('',#5486);
#5488=ORIENTED_EDGE('',*,*,#1026,.T.);
#5489=ORIENTED_EDGE('',*,*,#5478,.F.);
#5490=ORIENTED_EDGE('',*,*,#3735,.F.);
#5491=CARTESIAN_POINT('',(366.646734434,-99.702139871,-6.82));
#5492=DIRECTION('',(0.,0.,-1.));
#5493=VECTOR('',#5492,1.5);
#5494=LINE('',#5491,#5493);
#5495=EDGE_CURVE('',#3721,#1021,#5494,.T.);
#5496=ORIENTED_EDGE('',*,*,#5495,.T.);
#5497=EDGE_LOOP('',(#5488,#5489,#5490,#5496));
#5498=FACE_BOUND('',#5497,.T.);
#5499=ADVANCED_FACE('',(#5498),#5487,.F.);
#5500=CARTESIAN_POINT('',(366.646734434,-104.327139871,-6.82));
#5501=DIRECTION('',(0.,0.,-1.));
#5502=DIRECTION('',(-1.,0.,0.));
#5503=AXIS2_PLACEMENT_3D('',#5500,#5501,#5502);
#5504=CYLINDRICAL_SURFACE('',#5503,4.625);
#5505=ORIENTED_EDGE('',*,*,#1035,.F.);
#5506=ORIENTED_EDGE('',*,*,#5495,.F.);
#5507=ORIENTED_EDGE('',*,*,#3727,.T.);
#5508=CARTESIAN_POINT('',(371.271734434,-104.327139871,-6.82));
#5509=DIRECTION('',(-0.,-0.,-1.));
#5510=VECTOR('',#5509,1.5);
#5511=LINE('',#5508,#5510);
#5512=EDGE_CURVE('',#3713,#1029,#5511,.T.);
#5513=ORIENTED_EDGE('',*,*,#5512,.T.);
#5514=EDGE_LOOP('',(#5505,#5506,#5507,#5513));
#5515=FACE_BOUND('',#5514,.T.);
#5516=ADVANCED_FACE('',(#5515),#5504,.T.);
#5517=CARTESIAN_POINT('',(371.271734434,-131.037138297,-6.82));
#5518=DIRECTION('',(-1.,0.,0.));
#5519=DIRECTION('',(0.,0.,1.));
#5520=AXIS2_PLACEMENT_3D('',#5517,#5518,#5519);
#5521=PLANE('',#5520);
#5522=ORIENTED_EDGE('',*,*,#1043,.T.);
#5523=ORIENTED_EDGE('',*,*,#5512,.F.);
#5524=ORIENTED_EDGE('',*,*,#3718,.F.);
#5525=CARTESIAN_POINT('',(371.271734434,-157.747138297,-6.82));
#5526=DIRECTION('',(0.,0.,-1.));
#5527=VECTOR('',#5526,1.5);
#5528=LINE('',#5525,#5527);
#5529=EDGE_CURVE('',#3704,#1038,#5528,.T.);
#5530=ORIENTED_EDGE('',*,*,#5529,.T.);
#5531=EDGE_LOOP('',(#5522,#5523,#5524,#5530));
#5532=FACE_BOUND('',#5531,.T.);
#5533=ADVANCED_FACE('',(#5532),#5521,.F.);
#5534=CARTESIAN_POINT('',(366.646735434,-157.747138297,-6.82));
#5535=DIRECTION('',(0.,0.,-1.));
#5536=DIRECTION('',(-1.,0.,0.));
#5537=AXIS2_PLACEMENT_3D('',#5534,#5535,#5536);
#5538=CYLINDRICAL_SURFACE('',#5537,4.624999);
#5539=ORIENTED_EDGE('',*,*,#1052,.F.);
#5540=ORIENTED_EDGE('',*,*,#5529,.F.);
#5541=ORIENTED_EDGE('',*,*,#3710,.T.);
#5542=CARTESIAN_POINT('',(366.646735434,-162.372137297,-6.82));
#5543=DIRECTION('',(0.,0.,-1.));
#5544=VECTOR('',#5543,1.5);
#5545=LINE('',#5542,#5544);
#5546=EDGE_CURVE('',#3696,#1046,#5545,.T.);
#5547=ORIENTED_EDGE('',*,*,#5546,.T.);
#5548=EDGE_LOOP('',(#5539,#5540,#5541,#5547));
#5549=FACE_BOUND('',#5548,.T.);
#5550=ADVANCED_FACE('',(#5549),#5538,.T.);
#5551=CARTESIAN_POINT('',(340.192867041,-162.372137297,-6.82));
#5552=DIRECTION('',(0.,1.,0.));
#5553=DIRECTION('',(0.,0.,1.));
#5554=AXIS2_PLACEMENT_3D('',#5551,#5552,#5553);
#5555=PLANE('',#5554);
#5556=ORIENTED_EDGE('',*,*,#1060,.T.);
#5557=ORIENTED_EDGE('',*,*,#5546,.F.);
#5558=ORIENTED_EDGE('',*,*,#3701,.F.);
#5559=CARTESIAN_POINT('',(313.739024937,-162.372137297,-6.82));
#5560=DIRECTION('',(0.,0.,-1.));
#5561=VECTOR('',#5560,1.5);
#5562=LINE('',#5559,#5561);
#5563=EDGE_CURVE('',#3687,#1055,#5562,.T.);
#5564=ORIENTED_EDGE('',*,*,#5563,.T.);
#5565=EDGE_LOOP('',(#5556,#5557,#5558,#5564));
#5566=FACE_BOUND('',#5565,.T.);
#5567=ADVANCED_FACE('',(#5566),#5555,.F.);
#5568=CARTESIAN_POINT('',(313.739024937,-164.147238825,-6.82));
#5569=DIRECTION('',(0.,0.,1.));
#5570=DIRECTION('',(1.,0.,-0.));
#5571=AXIS2_PLACEMENT_3D('',#5568,#5569,#5570);
#5572=CYLINDRICAL_SURFACE('',#5571,1.775101528);
#5573=ORIENTED_EDGE('',*,*,#1069,.T.);
#5574=ORIENTED_EDGE('',*,*,#5563,.F.);
#5575=ORIENTED_EDGE('',*,*,#3693,.F.);
#5576=CARTESIAN_POINT('',(312.379185132,-163.006265057,-6.82));
#5577=DIRECTION('',(-0.,-0.,-1.));
#5578=VECTOR('',#5577,1.5);
#5579=LINE('',#5576,#5578);
#5580=EDGE_CURVE('',#3679,#1063,#5579,.T.);
#5581=ORIENTED_EDGE('',*,*,#5580,.T.);
#5582=EDGE_LOOP('',(#5573,#5574,#5575,#5581));
#5583=FACE_BOUND('',#5582,.T.);
#5584=ADVANCED_FACE('',(#5583),#5572,.F.);
#5585=CARTESIAN_POINT('',(304.981300909,-171.823240282,-6.82));
#5586=DIRECTION('',(-0.766063115,0.642765357,0.));
#5587=DIRECTION('',(-0.642765357,-0.766063115,0.));
#5588=AXIS2_PLACEMENT_3D('',#5585,#5586,#5587);
#5589=PLANE('',#5588);
#5590=ORIENTED_EDGE('',*,*,#1077,.T.);
#5591=ORIENTED_EDGE('',*,*,#5580,.F.);
#5592=ORIENTED_EDGE('',*,*,#3684,.F.);
#5593=CARTESIAN_POINT('',(297.583386712,-180.640251231,-6.82));
#5594=DIRECTION('',(0.,0.,-1.));
#5595=VECTOR('',#5594,1.5);
#5596=LINE('',#5593,#5595);
#5597=EDGE_CURVE('',#3670,#1072,#5596,.T.);
#5598=ORIENTED_EDGE('',*,*,#5597,.T.);
#5599=EDGE_LOOP('',(#5590,#5591,#5592,#5598));
#5600=FACE_BOUND('',#5599,.T.);
#5601=ADVANCED_FACE('',(#5600),#5589,.F.);
#5602=CARTESIAN_POINT('',(293.908905622,-177.32170864,-6.82));
#5603=DIRECTION('',(0.,0.,-1.));
#5604=DIRECTION('',(-1.,0.,0.));
#5605=AXIS2_PLACEMENT_3D('',#5602,#5603,#5604);
#5606=CYLINDRICAL_SURFACE('',#5605,4.951215629);
#5607=ORIENTED_EDGE('',*,*,#1086,.F.);
#5608=ORIENTED_EDGE('',*,*,#5597,.F.);
#5609=ORIENTED_EDGE('',*,*,#3676,.T.);
#5610=CARTESIAN_POINT('',(294.012239105,-182.27184585,-6.82));
#5611=DIRECTION('',(0.,0.,-1.));
#5612=VECTOR('',#5611,1.5);
#5613=LINE('',#5610,#5612);
#5614=EDGE_CURVE('',#3662,#1080,#5613,.T.);
#5615=ORIENTED_EDGE('',*,*,#5614,.T.);
#5616=EDGE_LOOP('',(#5607,#5608,#5609,#5615));
#5617=FACE_BOUND('',#5616,.T.);
#5618=ADVANCED_FACE('',(#5617),#5606,.T.);
#5619=CARTESIAN_POINT('',(294.000880559,-182.270774289,-6.82));
#5620=DIRECTION('',(0.093922595,0.995579503,0.));
#5621=DIRECTION('',(-0.995579503,0.093922595,0.));
#5622=AXIS2_PLACEMENT_3D('',#5619,#5620,#5621);
#5623=PLANE('',#5622);
#5624=ORIENTED_EDGE('',*,*,#1094,.T.);
#5625=ORIENTED_EDGE('',*,*,#5614,.F.);
#5626=ORIENTED_EDGE('',*,*,#3667,.F.);
#5627=CARTESIAN_POINT('',(293.989522012,-182.269702728,-6.82));
#5628=DIRECTION('',(0.,0.,-1.));
#5629=VECTOR('',#5628,1.5);
#5630=LINE('',#5627,#5629);
#5631=EDGE_CURVE('',#3654,#1089,#5630,.T.);
#5632=ORIENTED_EDGE('',*,*,#5631,.T.);
#5633=EDGE_LOOP('',(#5624,#5625,#5626,#5632));
#5634=FACE_BOUND('',#5633,.T.);
#5635=ADVANCED_FACE('',(#5634),#5623,.F.);
#5636=CARTESIAN_POINT('',(288.666763164,-182.274635776,-6.82));
#5637=DIRECTION('',(-0.000926784,0.999999571,0.));
#5638=DIRECTION('',(-0.999999571,-0.000926784,0.));
#5639=AXIS2_PLACEMENT_3D('',#5636,#5637,#5638);
#5640=PLANE('',#5639);
#5641=ORIENTED_EDGE('',*,*,#1102,.T.);
#5642=ORIENTED_EDGE('',*,*,#5631,.F.);
#5643=ORIENTED_EDGE('',*,*,#3659,.F.);
#5644=CARTESIAN_POINT('',(283.344004315,-182.279568823,-6.82));
#5645=DIRECTION('',(0.,0.,-1.));
#5646=VECTOR('',#5645,1.5);
#5647=LINE('',#5644,#5646);
#5648=EDGE_CURVE('',#3646,#1097,#5647,.T.);
#5649=ORIENTED_EDGE('',*,*,#5648,.T.);
#5650=EDGE_LOOP('',(#5641,#5642,#5643,#5649));
#5651=FACE_BOUND('',#5650,.T.);
#5652=ADVANCED_FACE('',(#5651),#5640,.F.);
#5653=CARTESIAN_POINT('',(283.317323615,-182.282203638,-6.82));
#5654=DIRECTION('',(-0.098275553,0.995159241,0.));
#5655=DIRECTION('',(-0.995159241,-0.098275553,0.));
#5656=AXIS2_PLACEMENT_3D('',#5653,#5654,#5655);
#5657=PLANE('',#5656);
#5658=ORIENTED_EDGE('',*,*,#1110,.T.);
#5659=ORIENTED_EDGE('',*,*,#5648,.F.);
#5660=ORIENTED_EDGE('',*,*,#3651,.F.);
#5661=CARTESIAN_POINT('',(283.290642914,-182.284838454,-6.82));
#5662=DIRECTION('',(0.,0.,-1.));
#5663=VECTOR('',#5662,1.5);
#5664=LINE('',#5661,#5663);
#5665=EDGE_CURVE('',#3638,#1105,#5664,.T.);
#5666=ORIENTED_EDGE('',*,*,#5665,.T.);
#5667=EDGE_LOOP('',(#5658,#5659,#5660,#5666));
#5668=FACE_BOUND('',#5667,.T.);
#5669=ADVANCED_FACE('',(#5668),#5657,.F.);
#5670=CARTESIAN_POINT('',(283.26393939,-182.282996831,-6.82));
#5671=DIRECTION('',(0.068802092,0.997630328,0.));
#5672=DIRECTION('',(-0.997630328,0.068802092,0.));
#5673=AXIS2_PLACEMENT_3D('',#5670,#5671,#5672);
#5674=PLANE('',#5673);
#5675=ORIENTED_EDGE('',*,*,#1118,.T.);
#5676=ORIENTED_EDGE('',*,*,#5665,.F.);
#5677=ORIENTED_EDGE('',*,*,#3643,.F.);
#5678=CARTESIAN_POINT('',(283.237235865,-182.281155209,-6.82));
#5679=DIRECTION('',(0.,0.,-1.));
#5680=VECTOR('',#5679,1.5);
#5681=LINE('',#5678,#5680);
#5682=EDGE_CURVE('',#3630,#1113,#5681,.T.);
#5683=ORIENTED_EDGE('',*,*,#5682,.T.);
#5684=EDGE_LOOP('',(#5675,#5676,#5677,#5683));
#5685=FACE_BOUND('',#5684,.T.);
#5686=ADVANCED_FACE('',(#5685),#5674,.F.);
#5687=CARTESIAN_POINT('',(282.79658791,-182.293833878,-6.82));
#5688=DIRECTION('',(-0.028760882,0.99958632,0.));
#5689=DIRECTION('',(-0.99958632,-0.028760882,0.));
#5690=AXIS2_PLACEMENT_3D('',#5687,#5688,#5689);
#5691=PLANE('',#5690);
#5692=ORIENTED_EDGE('',*,*,#1126,.T.);
#5693=ORIENTED_EDGE('',*,*,#5682,.F.);
#5694=ORIENTED_EDGE('',*,*,#3635,.F.);
#5695=CARTESIAN_POINT('',(282.355939954,-182.306512546,-6.82));
#5696=DIRECTION('',(0.,0.,-1.));
#5697=VECTOR('',#5696,1.5);
#5698=LINE('',#5695,#5697);
#5699=EDGE_CURVE('',#3622,#1121,#5698,.T.);
#5700=ORIENTED_EDGE('',*,*,#5699,.T.);
#5701=EDGE_LOOP('',(#5692,#5693,#5694,#5700));
#5702=FACE_BOUND('',#5701,.T.);
#5703=ADVANCED_FACE('',(#5702),#5691,.F.);
#5704=CARTESIAN_POINT('',(282.324021607,-182.310560403,-6.82));
#5705=DIRECTION('',(-0.125811444,0.992054172,0.));
#5706=DIRECTION('',(-0.992054172,-0.125811444,0.));
#5707=AXIS2_PLACEMENT_3D('',#5704,#5705,#5706);
#5708=PLANE('',#5707);
#5709=ORIENTED_EDGE('',*,*,#1134,.T.);
#5710=ORIENTED_EDGE('',*,*,#5699,.F.);
#5711=ORIENTED_EDGE('',*,*,#3627,.F.);
#5712=CARTESIAN_POINT('',(282.29210326,-182.31460826,-6.82));
#5713=DIRECTION('',(0.,0.,-1.));
#5714=VECTOR('',#5713,1.5);
#5715=LINE('',#5712,#5714);
#5716=EDGE_CURVE('',#3614,#1129,#5715,.T.);
#5717=ORIENTED_EDGE('',*,*,#5716,.T.);
#5718=EDGE_LOOP('',(#5709,#5710,#5711,#5717));
#5719=FACE_BOUND('',#5718,.T.);
#5720=ADVANCED_FACE('',(#5719),#5708,.F.);
#5721=CARTESIAN_POINT('',(282.260052702,-182.312812897,-6.82));
#5722=DIRECTION('',(0.055928918,0.998434753,0.));
#5723=DIRECTION('',(-0.998434753,0.055928918,0.));
#5724=AXIS2_PLACEMENT_3D('',#5721,#5722,#5723);
#5725=PLANE('',#5724);
#5726=ORIENTED_EDGE('',*,*,#1142,.T.);
#5727=ORIENTED_EDGE('',*,*,#5716,.F.);
#5728=ORIENTED_EDGE('',*,*,#3619,.F.);
#5729=CARTESIAN_POINT('',(282.228002145,-182.311017534,-6.82));
#5730=DIRECTION('',(0.,0.,-1.));
#5731=VECTOR('',#5730,1.5);
#5732=LINE('',#5729,#5731);
#5733=EDGE_CURVE('',#3606,#1137,#5732,.T.);
#5734=ORIENTED_EDGE('',*,*,#5733,.T.);
#5735=EDGE_LOOP('',(#5726,#5727,#5728,#5734));
#5736=FACE_BOUND('',#5735,.T.);
#5737=ADVANCED_FACE('',(#5736),#5725,.F.);
#5738=CARTESIAN_POINT('',(281.87125147,-182.32587218,-6.82));
#5739=DIRECTION('',(-0.041602684,0.999134234,0.));
#5740=DIRECTION('',(-0.999134234,-0.041602684,0.));
#5741=AXIS2_PLACEMENT_3D('',#5738,#5739,#5740);
#5742=PLANE('',#5741);
#5743=ORIENTED_EDGE('',*,*,#1150,.T.);
#5744=ORIENTED_EDGE('',*,*,#5733,.F.);
#5745=ORIENTED_EDGE('',*,*,#3611,.F.);
#5746=CARTESIAN_POINT('',(281.514500796,-182.340726826,-6.82));
#5747=DIRECTION('',(0.,0.,-1.));
#5748=VECTOR('',#5747,1.5);
#5749=LINE('',#5746,#5748);
#5750=EDGE_CURVE('',#3598,#1145,#5749,.T.);
#5751=ORIENTED_EDGE('',*,*,#5750,.T.);
#5752=EDGE_LOOP('',(#5743,#5744,#5745,#5751));
#5753=FACE_BOUND('',#5752,.T.);
#5754=ADVANCED_FACE('',(#5753),#5742,.F.);
#5755=CARTESIAN_POINT('',(281.482494614,-182.345182444,-6.82));
#5756=DIRECTION('',(-0.137881494,0.990448733,0.));
#5757=DIRECTION('',(-0.990448733,-0.137881494,0.));
#5758=AXIS2_PLACEMENT_3D('',#5755,#5756,#5757);
#5759=PLANE('',#5758);
#5760=ORIENTED_EDGE('',*,*,#1158,.T.);
#5761=ORIENTED_EDGE('',*,*,#5750,.F.);
#5762=ORIENTED_EDGE('',*,*,#3603,.F.);
#5763=CARTESIAN_POINT('',(281.450488431,-182.349638061,-6.82));
#5764=DIRECTION('',(0.,0.,-1.));
#5765=VECTOR('',#5764,1.5);
#5766=LINE('',#5763,#5765);
#5767=EDGE_CURVE('',#3590,#1153,#5766,.T.);
#5768=ORIENTED_EDGE('',*,*,#5767,.T.);
#5769=EDGE_LOOP('',(#5760,#5761,#5762,#5768));
#5770=FACE_BOUND('',#5769,.T.);
#5771=ADVANCED_FACE('',(#5770),#5759,.F.);
#5772=CARTESIAN_POINT('',(281.41821414,-182.348231612,-6.82));
#5773=DIRECTION('',(0.043536662,0.99905183,0.));
#5774=DIRECTION('',(-0.99905183,0.043536662,0.));
#5775=AXIS2_PLACEMENT_3D('',#5772,#5773,#5774);
#5776=PLANE('',#5775);
#5777=ORIENTED_EDGE('',*,*,#1166,.T.);
#5778=ORIENTED_EDGE('',*,*,#5767,.F.);
#5779=ORIENTED_EDGE('',*,*,#3595,.F.);
#5780=CARTESIAN_POINT('',(281.38593985,-182.346825164,-6.82));
#5781=DIRECTION('',(0.,0.,-1.));
#5782=VECTOR('',#5781,1.5);
#5783=LINE('',#5780,#5782);
#5784=EDGE_CURVE('',#3582,#1161,#5783,.T.);
#5785=ORIENTED_EDGE('',*,*,#5784,.T.);
#5786=EDGE_LOOP('',(#5777,#5778,#5779,#5785));
#5787=FACE_BOUND('',#5786,.T.);
#5788=ADVANCED_FACE('',(#5787),#5776,.F.);
#5789=CARTESIAN_POINT('',(281.02590555,-182.365991689,-6.82));
#5790=DIRECTION('',(-0.053160001,0.998586007,0.));
#5791=DIRECTION('',(-0.998586007,-0.053160001,0.));
#5792=AXIS2_PLACEMENT_3D('',#5789,#5790,#5791);
#5793=PLANE('',#5792);
#5794=ORIENTED_EDGE('',*,*,#1174,.T.);
#5795=ORIENTED_EDGE('',*,*,#5784,.F.);
#5796=ORIENTED_EDGE('',*,*,#3587,.F.);
#5797=CARTESIAN_POINT('',(280.66587125,-182.385158214,-6.82));
#5798=DIRECTION('',(0.,0.,-1.));
#5799=VECTOR('',#5798,1.5);
#5800=LINE('',#5797,#5799);
#5801=EDGE_CURVE('',#3574,#1169,#5800,.T.);
#5802=ORIENTED_EDGE('',*,*,#5801,.T.);
#5803=EDGE_LOOP('',(#5794,#5795,#5796,#5802));
#5804=FACE_BOUND('',#5803,.T.);
#5805=ADVANCED_FACE('',(#5804),#5793,.F.);
#5806=CARTESIAN_POINT('',(280.635931467,-182.389674791,-6.82));
#5807=DIRECTION('',(-0.149167585,0.988811929,0.));
#5808=DIRECTION('',(-0.988811929,-0.149167585,0.));
#5809=AXIS2_PLACEMENT_3D('',#5806,#5807,#5808);
#5810=PLANE('',#5809);
#5811=ORIENTED_EDGE('',*,*,#1182,.T.);
#5812=ORIENTED_EDGE('',*,*,#5801,.F.);
#5813=ORIENTED_EDGE('',*,*,#3579,.F.);
#5814=CARTESIAN_POINT('',(280.605991683,-182.394191368,-6.82));
#5815=DIRECTION('',(0.,0.,-1.));
#5816=VECTOR('',#5815,1.5);
#5817=LINE('',#5814,#5816);
#5818=EDGE_CURVE('',#3566,#1177,#5817,.T.);
#5819=ORIENTED_EDGE('',*,*,#5818,.T.);
#5820=EDGE_LOOP('',(#5811,#5812,#5813,#5819));
#5821=FACE_BOUND('',#5820,.T.);
#5822=ADVANCED_FACE('',(#5821),#5810,.F.);
#5823=CARTESIAN_POINT('',(280.57579143,-182.393396625,-6.82));
#5824=DIRECTION('',(0.026306682,0.999653919,0.));
#5825=DIRECTION('',(-0.999653919,0.026306682,0.));
#5826=AXIS2_PLACEMENT_3D('',#5823,#5824,#5825);
#5827=PLANE('',#5826);
#5828=ORIENTED_EDGE('',*,*,#1190,.T.);
#5829=ORIENTED_EDGE('',*,*,#5818,.F.);
#5830=ORIENTED_EDGE('',*,*,#3571,.F.);
#5831=CARTESIAN_POINT('',(280.545591177,-182.392601881,-6.82));
#5832=DIRECTION('',(0.,0.,-1.));
#5833=VECTOR('',#5832,1.5);
#5834=LINE('',#5831,#5833);
#5835=EDGE_CURVE('',#3558,#1185,#5834,.T.);
#5836=ORIENTED_EDGE('',*,*,#5835,.T.);
#5837=EDGE_LOOP('',(#5828,#5829,#5830,#5836));
#5838=FACE_BOUND('',#5837,.T.);
#5839=ADVANCED_FACE('',(#5838),#5827,.F.);
#5840=CARTESIAN_POINT('',(279.748023297,-182.448848954,-6.82));
#5841=DIRECTION('',(-0.070348519,0.997522474,0.));
#5842=DIRECTION('',(-0.997522474,-0.070348519,0.));
#5843=AXIS2_PLACEMENT_3D('',#5840,#5841,#5842);
#5844=PLANE('',#5843);
#5845=ORIENTED_EDGE('',*,*,#1198,.T.);
#5846=ORIENTED_EDGE('',*,*,#5835,.F.);
#5847=ORIENTED_EDGE('',*,*,#3563,.F.);
#5848=CARTESIAN_POINT('',(278.950455417,-182.505096027,-6.82));
#5849=DIRECTION('',(0.,0.,-1.));
#5850=VECTOR('',#5849,1.5);
#5851=LINE('',#5848,#5850);
#5852=EDGE_CURVE('',#3550,#1193,#5851,.T.);
#5853=ORIENTED_EDGE('',*,*,#5852,.T.);
#5854=EDGE_LOOP('',(#5845,#5846,#5847,#5853));
#5855=FACE_BOUND('',#5854,.T.);
#5856=ADVANCED_FACE('',(#5855),#5844,.F.);
#5857=CARTESIAN_POINT('',(278.92214514,-182.509898363,-6.82));
#5858=DIRECTION('',(-0.167243112,0.985915687,0.));
#5859=DIRECTION('',(-0.985915687,-0.167243112,0.));
#5860=AXIS2_PLACEMENT_3D('',#5857,#5858,#5859);
#5861=PLANE('',#5860);
#5862=ORIENTED_EDGE('',*,*,#1206,.T.);
#5863=ORIENTED_EDGE('',*,*,#5852,.F.);
#5864=ORIENTED_EDGE('',*,*,#3555,.F.);
#5865=CARTESIAN_POINT('',(278.893834863,-182.5147007,-6.82));
#5866=DIRECTION('',(0.,0.,-1.));
#5867=VECTOR('',#5866,1.5);
#5868=LINE('',#5865,#5867);
#5869=EDGE_CURVE('',#3542,#1201,#5868,.T.);
#5870=ORIENTED_EDGE('',*,*,#5869,.T.);
#5871=EDGE_LOOP('',(#5862,#5863,#5864,#5870));
#5872=FACE_BOUND('',#5871,.T.);
#5873=ADVANCED_FACE('',(#5872),#5861,.F.);
#5874=CARTESIAN_POINT('',(278.865191245,-182.514566851,-6.82));
#5875=DIRECTION('',(0.004672846,0.999989082,0.));
#5876=DIRECTION('',(-0.999989082,0.004672846,0.));
#5877=AXIS2_PLACEMENT_3D('',#5874,#5875,#5876);
#5878=PLANE('',#5877);
#5879=ORIENTED_EDGE('',*,*,#1214,.T.);
#5880=ORIENTED_EDGE('',*,*,#5869,.F.);
#5881=ORIENTED_EDGE('',*,*,#3547,.F.);
#5882=CARTESIAN_POINT('',(278.836547626,-182.514433003,-6.82));
#5883=DIRECTION('',(0.,0.,-1.));
#5884=VECTOR('',#5883,1.5);
#5885=LINE('',#5882,#5884);
#5886=EDGE_CURVE('',#3534,#1209,#5885,.T.);
#5887=ORIENTED_EDGE('',*,*,#5886,.T.);
#5888=EDGE_LOOP('',(#5879,#5880,#5881,#5887));
#5889=FACE_BOUND('',#5888,.T.);
#5890=ADVANCED_FACE('',(#5889),#5878,.F.);
#5891=CARTESIAN_POINT('',(278.034269768,-182.589376223,-6.82));
#5892=DIRECTION('',(-0.093008135,0.995665349,0.));
#5893=DIRECTION('',(-0.995665349,-0.093008135,0.));
#5894=AXIS2_PLACEMENT_3D('',#5891,#5892,#5893);
#5895=PLANE('',#5894);
#5896=ORIENTED_EDGE('',*,*,#1222,.T.);
#5897=ORIENTED_EDGE('',*,*,#5886,.F.);
#5898=ORIENTED_EDGE('',*,*,#3539,.F.);
#5899=CARTESIAN_POINT('',(277.23199191,-182.664319443,-6.82));
#5900=DIRECTION('',(0.,0.,-1.));
#5901=VECTOR('',#5900,1.5);
#5902=LINE('',#5899,#5901);
#5903=EDGE_CURVE('',#3526,#1217,#5902,.T.);
#5904=ORIENTED_EDGE('',*,*,#5903,.T.);
#5905=EDGE_LOOP('',(#5896,#5897,#5898,#5904));
#5906=FACE_BOUND('',#5905,.T.);
#5907=ADVANCED_FACE('',(#5906),#5895,.F.);
#5908=CARTESIAN_POINT('',(277.203648158,-182.669804232,-6.82));
#5909=DIRECTION('',(-0.189985215,0.981786951,0.));
#5910=DIRECTION('',(-0.981786951,-0.189985215,0.));
#5911=AXIS2_PLACEMENT_3D('',#5908,#5909,#5910);
#5912=PLANE('',#5911);
#5913=ORIENTED_EDGE('',*,*,#1230,.T.);
#5914=ORIENTED_EDGE('',*,*,#5903,.F.);
#5915=ORIENTED_EDGE('',*,*,#3531,.F.);
#5916=CARTESIAN_POINT('',(277.175304406,-182.67528902,-6.82));
#5917=DIRECTION('',(0.,0.,-1.));
#5918=VECTOR('',#5917,1.5);
#5919=LINE('',#5916,#5918);
#5920=EDGE_CURVE('',#3518,#1225,#5919,.T.);
#5921=ORIENTED_EDGE('',*,*,#5920,.T.);
#5922=EDGE_LOOP('',(#5913,#5914,#5915,#5921));
#5923=FACE_BOUND('',#5922,.T.);
#5924=ADVANCED_FACE('',(#5923),#5912,.F.);
#5925=CARTESIAN_POINT('',(277.146458422,-182.675798067,-6.82));
#5926=DIRECTION('',(-0.017644312,0.999844327,0.));
#5927=DIRECTION('',(-0.999844327,-0.017644312,0.));
#5928=AXIS2_PLACEMENT_3D('',#5925,#5926,#5927);
#5929=PLANE('',#5928);
#5930=ORIENTED_EDGE('',*,*,#1238,.T.);
#5931=ORIENTED_EDGE('',*,*,#5920,.F.);
#5932=ORIENTED_EDGE('',*,*,#3523,.F.);
#5933=CARTESIAN_POINT('',(277.117612437,-182.676307114,-6.82));
#5934=DIRECTION('',(0.,0.,-1.));
#5935=VECTOR('',#5934,1.5);
#5936=LINE('',#5933,#5935);
#5937=EDGE_CURVE('',#3510,#1233,#5936,.T.);
#5938=ORIENTED_EDGE('',*,*,#5937,.T.);
#5939=EDGE_LOOP('',(#5930,#5931,#5932,#5938));
#5940=FACE_BOUND('',#5939,.T.);
#5941=ADVANCED_FACE('',(#5940),#5929,.F.);
#5942=CARTESIAN_POINT('',(276.313004755,-182.769821038,-6.82));
#5943=DIRECTION('',(-0.115445913,0.993313768,0.));
#5944=DIRECTION('',(-0.993313768,-0.115445913,0.));
#5945=AXIS2_PLACEMENT_3D('',#5942,#5943,#5944);
#5946=PLANE('',#5945);
#5947=ORIENTED_EDGE('',*,*,#1246,.T.);
#5948=ORIENTED_EDGE('',*,*,#5937,.F.);
#5949=ORIENTED_EDGE('',*,*,#3515,.F.);
#5950=CARTESIAN_POINT('',(275.508397073,-182.863334963,-6.82));
#5951=DIRECTION('',(0.,0.,-1.));
#5952=VECTOR('',#5951,1.5);
#5953=LINE('',#5950,#5952);
#5954=EDGE_CURVE('',#3502,#1241,#5953,.T.);
#5955=ORIENTED_EDGE('',*,*,#5954,.T.);
#5956=EDGE_LOOP('',(#5947,#5948,#5949,#5955));
#5957=FACE_BOUND('',#5956,.T.);
#5958=ADVANCED_FACE('',(#5957),#5946,.F.);
#5959=CARTESIAN_POINT('',(275.480272678,-182.86942689,-6.82));
#5960=DIRECTION('',(-0.211697179,0.977335308,0.));
#5961=DIRECTION('',(-0.977335308,-0.211697179,0.));
#5962=AXIS2_PLACEMENT_3D('',#5959,#5960,#5961);
#5963=PLANE('',#5962);
#5964=ORIENTED_EDGE('',*,*,#1254,.T.);
#5965=ORIENTED_EDGE('',*,*,#5954,.F.);
#5966=ORIENTED_EDGE('',*,*,#3507,.F.);
#5967=CARTESIAN_POINT('',(275.452148284,-182.875518816,-6.82));
#5968=DIRECTION('',(0.,0.,-1.));
#5969=VECTOR('',#5968,1.5);
#5970=LINE('',#5967,#5969);
#5971=EDGE_CURVE('',#3494,#1249,#5970,.T.);
#5972=ORIENTED_EDGE('',*,*,#5971,.T.);
#5973=EDGE_LOOP('',(#5964,#5965,#5966,#5972));
#5974=FACE_BOUND('',#5973,.T.);
#5975=ADVANCED_FACE('',(#5974),#5963,.F.);
#5976=CARTESIAN_POINT('',(275.423436712,-182.876680951,-6.82));
#5977=DIRECTION('',(-0.040443075,0.999181844,0.));
#5978=DIRECTION('',(-0.999181844,-0.040443075,0.));
#5979=AXIS2_PLACEMENT_3D('',#5976,#5977,#5978);
#5980=PLANE('',#5979);
#5981=ORIENTED_EDGE('',*,*,#1262,.T.);
#5982=ORIENTED_EDGE('',*,*,#5971,.F.);
#5983=ORIENTED_EDGE('',*,*,#3499,.F.);
#5984=CARTESIAN_POINT('',(275.394725141,-182.877843086,-6.82));
#5985=DIRECTION('',(0.,0.,-1.));
#5986=VECTOR('',#5985,1.5);
#5987=LINE('',#5984,#5986);
#5988=EDGE_CURVE('',#3486,#1257,#5987,.T.);
#5989=ORIENTED_EDGE('',*,*,#5988,.T.);
#5990=EDGE_LOOP('',(#5981,#5982,#5983,#5989));
#5991=FACE_BOUND('',#5990,.T.);
#5992=ADVANCED_FACE('',(#5991),#5980,.F.);
#5993=CARTESIAN_POINT('',(274.590563469,-182.989657684,-6.82));
#5994=DIRECTION('',(-0.137719992,0.990471203,0.));
#5995=DIRECTION('',(-0.990471203,-0.137719992,0.));
#5996=AXIS2_PLACEMENT_3D('',#5993,#5994,#5995);
#5997=PLANE('',#5996);
#5998=ORIENTED_EDGE('',*,*,#1270,.T.);
#5999=ORIENTED_EDGE('',*,*,#5988,.F.);
#6000=ORIENTED_EDGE('',*,*,#3491,.F.);
#6001=CARTESIAN_POINT('',(273.786401798,-183.101472282,-6.82));
#6002=DIRECTION('',(0.,0.,-1.));
#6003=VECTOR('',#6002,1.5);
#6004=LINE('',#6001,#6003);
#6005=EDGE_CURVE('',#3478,#1265,#6004,.T.);
#6006=ORIENTED_EDGE('',*,*,#6005,.T.);
#6007=EDGE_LOOP('',(#5998,#5999,#6000,#6006));
#6008=FACE_BOUND('',#6007,.T.);
#6009=ADVANCED_FACE('',(#6008),#5997,.F.);
#6010=CARTESIAN_POINT('',(273.758407476,-183.108197747,-6.82));
#6011=DIRECTION('',(-0.233597185,0.972333459,0.));
#6012=DIRECTION('',(-0.972333459,-0.233597185,0.));
#6013=AXIS2_PLACEMENT_3D('',#6010,#6011,#6012);
#6014=PLANE('',#6013);
#6015=ORIENTED_EDGE('',*,*,#1278,.T.);
#6016=ORIENTED_EDGE('',*,*,#6005,.F.);
#6017=ORIENTED_EDGE('',*,*,#3483,.F.);
#6018=CARTESIAN_POINT('',(273.730413155,-183.114923212,-6.82));
#6019=DIRECTION('',(0.,0.,-1.));
#6020=VECTOR('',#6019,1.5);
#6021=LINE('',#6018,#6020);
#6022=EDGE_CURVE('',#3470,#1273,#6021,.T.);
#6023=ORIENTED_EDGE('',*,*,#6022,.T.);
#6024=EDGE_LOOP('',(#6015,#6016,#6017,#6023));
#6025=FACE_BOUND('',#6024,.T.);
#6026=ADVANCED_FACE('',(#6025),#6014,.F.);
#6027=CARTESIAN_POINT('',(273.701713179,-183.116729742,-6.82));
#6028=DIRECTION('',(-0.062821039,0.998024808,0.));
#6029=DIRECTION('',(-0.998024808,-0.062821039,0.));
#6030=AXIS2_PLACEMENT_3D('',#6027,#6028,#6029);
#6031=PLANE('',#6030);
#6032=ORIENTED_EDGE('',*,*,#1286,.T.);
#6033=ORIENTED_EDGE('',*,*,#6022,.F.);
#6034=ORIENTED_EDGE('',*,*,#3475,.F.);
#6035=CARTESIAN_POINT('',(273.673013203,-183.118536273,-6.82));
#6036=DIRECTION('',(0.,0.,-1.));
#6037=VECTOR('',#6036,1.5);
#6038=LINE('',#6035,#6037);
#6039=EDGE_CURVE('',#3462,#1281,#6038,.T.);
#6040=ORIENTED_EDGE('',*,*,#6039,.T.);
#6041=EDGE_LOOP('',(#6032,#6033,#6034,#6040));
#6042=FACE_BOUND('',#6041,.T.);
#6043=ADVANCED_FACE('',(#6042),#6031,.F.);
#6044=CARTESIAN_POINT('',(272.872122377,-183.248252084,-6.82));
#6045=DIRECTION('',(-0.159880951,0.987136303,0.));
#6046=DIRECTION('',(-0.987136303,-0.159880951,0.));
#6047=AXIS2_PLACEMENT_3D('',#6044,#6045,#6046);
#6048=PLANE('',#6047);
#6049=ORIENTED_EDGE('',*,*,#1294,.T.);
#6050=ORIENTED_EDGE('',*,*,#6039,.F.);
#6051=ORIENTED_EDGE('',*,*,#3467,.F.);
#6052=CARTESIAN_POINT('',(272.071231551,-183.377967896,-6.82));
#6053=DIRECTION('',(0.,0.,-1.));
#6054=VECTOR('',#6053,1.5);
#6055=LINE('',#6052,#6054);
#6056=EDGE_CURVE('',#3454,#1289,#6055,.T.);
#6057=ORIENTED_EDGE('',*,*,#6056,.T.);
#6058=EDGE_LOOP('',(#6049,#6050,#6051,#6057));
#6059=FACE_BOUND('',#6058,.T.);
#6060=ADVANCED_FACE('',(#6059),#6048,.F.);
#6061=CARTESIAN_POINT('',(272.043369996,-183.385326906,-6.82));
#6062=DIRECTION('',(-0.255370174,0.966843356,0.));
#6063=DIRECTION('',(-0.966843356,-0.255370174,0.));
#6064=AXIS2_PLACEMENT_3D('',#6061,#6062,#6063);
#6065=PLANE('',#6064);
#6066=ORIENTED_EDGE('',*,*,#1302,.T.);
#6067=ORIENTED_EDGE('',*,*,#6056,.F.);
#6068=ORIENTED_EDGE('',*,*,#3459,.F.);
#6069=CARTESIAN_POINT('',(272.015508442,-183.392685916,-6.82));
#6070=DIRECTION('',(0.,0.,-1.));
#6071=VECTOR('',#6070,1.5);
#6072=LINE('',#6069,#6071);
#6073=EDGE_CURVE('',#3446,#1297,#6072,.T.);
#6074=ORIENTED_EDGE('',*,*,#6073,.T.);
#6075=EDGE_LOOP('',(#6066,#6067,#6068,#6074));
#6076=FACE_BOUND('',#6075,.T.);
#6077=ADVANCED_FACE('',(#6076),#6065,.F.);
#6078=CARTESIAN_POINT('',(271.986844457,-183.395134086,-6.82));
#6079=DIRECTION('',(-0.085099428,0.996372464,0.));
#6080=DIRECTION('',(-0.996372464,-0.085099428,0.));
#6081=AXIS2_PLACEMENT_3D('',#6078,#6079,#6080);
#6082=PLANE('',#6081);
#6083=ORIENTED_EDGE('',*,*,#1310,.T.);
#6084=ORIENTED_EDGE('',*,*,#6073,.F.);
#6085=ORIENTED_EDGE('',*,*,#3451,.F.);
#6086=CARTESIAN_POINT('',(271.958180473,-183.397582255,-6.82));
#6087=DIRECTION('',(0.,0.,-1.));
#6088=VECTOR('',#6087,1.5);
#6089=LINE('',#6086,#6088);
#6090=EDGE_CURVE('',#3438,#1305,#6089,.T.);
#6091=ORIENTED_EDGE('',*,*,#6090,.T.);
#6092=EDGE_LOOP('',(#6083,#6084,#6085,#6091));
#6093=FACE_BOUND('',#6092,.T.);
#6094=ADVANCED_FACE('',(#6093),#6082,.F.);
#6095=CARTESIAN_POINT('',(271.163087027,-183.544729033,-6.82));
#6096=DIRECTION('',(-0.181978358,0.983302536,0.));
#6097=DIRECTION('',(-0.983302536,-0.181978358,0.));
#6098=AXIS2_PLACEMENT_3D('',#6095,#6096,#6097);
#6099=PLANE('',#6098);
#6100=ORIENTED_EDGE('',*,*,#1318,.T.);
#6101=ORIENTED_EDGE('',*,*,#6090,.F.);
#6102=ORIENTED_EDGE('',*,*,#3443,.F.);
#6103=CARTESIAN_POINT('',(270.367993581,-183.69187581,-6.82));
#6104=DIRECTION('',(0.,0.,-1.));
#6105=VECTOR('',#6104,1.5);
#6106=LINE('',#6103,#6105);
#6107=EDGE_CURVE('',#3430,#1313,#6106,.T.);
#6108=ORIENTED_EDGE('',*,*,#6107,.T.);
#6109=EDGE_LOOP('',(#6100,#6101,#6102,#6108));
#6110=FACE_BOUND('',#6109,.T.);
#6111=ADVANCED_FACE('',(#6110),#6099,.F.);
#6112=CARTESIAN_POINT('',(270.340357641,-183.699844456,-6.82));
#6113=DIRECTION('',(-0.277055996,0.960853774,0.));
#6114=DIRECTION('',(-0.960853774,-0.277055996,0.));
#6115=AXIS2_PLACEMENT_3D('',#6112,#6113,#6114);
#6116=PLANE('',#6115);
#6117=ORIENTED_EDGE('',*,*,#1326,.T.);
#6118=ORIENTED_EDGE('',*,*,#6107,.F.);
#6119=ORIENTED_EDGE('',*,*,#3435,.F.);
#6120=CARTESIAN_POINT('',(270.312721701,-183.707813101,-6.82));
#6121=DIRECTION('',(0.,0.,-1.));
#6122=VECTOR('',#6121,1.5);
#6123=LINE('',#6120,#6122);
#6124=EDGE_CURVE('',#3422,#1321,#6123,.T.);
#6125=ORIENTED_EDGE('',*,*,#6124,.T.);
#6126=EDGE_LOOP('',(#6117,#6118,#6119,#6125));
#6127=FACE_BOUND('',#6126,.T.);
#6128=ADVANCED_FACE('',(#6127),#6116,.F.);
#6129=CARTESIAN_POINT('',(270.284120329,-183.710907899,-6.82));
#6130=DIRECTION('',(-0.107576586,0.994196801,0.));
#6131=DIRECTION('',(-0.994196801,-0.107576586,0.));
#6132=AXIS2_PLACEMENT_3D('',#6129,#6130,#6131);
#6133=PLANE('',#6132);
#6134=ORIENTED_EDGE('',*,*,#1334,.T.);
#6135=ORIENTED_EDGE('',*,*,#6124,.F.);
#6136=ORIENTED_EDGE('',*,*,#3427,.F.);
#6137=CARTESIAN_POINT('',(270.255518957,-183.714002696,-6.82));
#6138=DIRECTION('',(0.,0.,-1.));
#6139=VECTOR('',#6138,1.5);
#6140=LINE('',#6137,#6139);
#6141=EDGE_CURVE('',#3414,#1329,#6140,.T.);
#6142=ORIENTED_EDGE('',*,*,#6141,.T.);
#6143=EDGE_LOOP('',(#6134,#6135,#6136,#6142));
#6144=FACE_BOUND('',#6143,.T.);
#6145=ADVANCED_FACE('',(#6144),#6133,.F.);
#6146=CARTESIAN_POINT('',(269.468131896,-183.878124077,-6.82));
#6147=DIRECTION('',(-0.204052451,0.978959957,0.));
#6148=DIRECTION('',(-0.978959957,-0.204052451,0.));
#6149=AXIS2_PLACEMENT_3D('',#6146,#6147,#6148);
#6150=PLANE('',#6149);
#6151=ORIENTED_EDGE('',*,*,#1342,.T.);
#6152=ORIENTED_EDGE('',*,*,#6141,.F.);
#6153=ORIENTED_EDGE('',*,*,#3419,.F.);
#6154=CARTESIAN_POINT('',(268.680744834,-184.042245458,-6.82));
#6155=DIRECTION('',(0.,0.,-1.));
#6156=VECTOR('',#6155,1.5);
#6157=LINE('',#6154,#6156);
#6158=EDGE_CURVE('',#3406,#1337,#6157,.T.);
#6159=ORIENTED_EDGE('',*,*,#6158,.T.);
#6160=EDGE_LOOP('',(#6151,#6152,#6153,#6159));
#6161=FACE_BOUND('',#6160,.T.);
#6162=ADVANCED_FACE('',(#6161),#6150,.F.);
#6163=CARTESIAN_POINT('',(268.653572879,-184.050724176,-6.82));
#6164=DIRECTION('',(-0.297874318,0.954605097,0.));
#6165=DIRECTION('',(-0.954605097,-0.297874318,0.));
#6166=AXIS2_PLACEMENT_3D('',#6163,#6164,#6165);
#6167=PLANE('',#6166);
#6168=ORIENTED_EDGE('',*,*,#1350,.T.);
#6169=ORIENTED_EDGE('',*,*,#6158,.F.);
#6170=ORIENTED_EDGE('',*,*,#3411,.F.);
#6171=CARTESIAN_POINT('',(268.626400923,-184.059202895,-6.82));
#6172=DIRECTION('',(0.,0.,-1.));
#6173=VECTOR('',#6172,1.5);
#6174=LINE('',#6171,#6173);
#6175=EDGE_CURVE('',#3398,#1345,#6174,.T.);
#6176=ORIENTED_EDGE('',*,*,#6175,.T.);
#6177=EDGE_LOOP('',(#6168,#6169,#6170,#6176));
#6178=FACE_BOUND('',#6177,.T.);
#6179=ADVANCED_FACE('',(#6178),#6167,.F.);
#6180=CARTESIAN_POINT('',(268.598208995,-184.062919408,-6.82));
#6181=DIRECTION('',(-0.130698177,0.991422204,0.));
#6182=DIRECTION('',(-0.991422204,-0.130698177,0.));
#6183=AXIS2_PLACEMENT_3D('',#6180,#6181,#6182);
#6184=PLANE('',#6183);
#6185=ORIENTED_EDGE('',*,*,#1358,.T.);
#6186=ORIENTED_EDGE('',*,*,#6175,.F.);
#6187=ORIENTED_EDGE('',*,*,#3403,.F.);
#6188=CARTESIAN_POINT('',(268.570017067,-184.066635921,-6.82));
#6189=DIRECTION('',(0.,0.,-1.));
#6190=VECTOR('',#6189,1.5);
#6191=LINE('',#6188,#6190);
#6192=EDGE_CURVE('',#3390,#1353,#6191,.T.);
#6193=ORIENTED_EDGE('',*,*,#6192,.T.);
#6194=EDGE_LOOP('',(#6185,#6186,#6187,#6193));
#6195=FACE_BOUND('',#6194,.T.);
#6196=ADVANCED_FACE('',(#6195),#6184,.F.);
#6197=CARTESIAN_POINT('',(267.792737866,-184.247084348,-6.82));
#6198=DIRECTION('',(-0.226139949,0.974094823,0.));
#6199=DIRECTION('',(-0.974094823,-0.226139949,0.));
#6200=AXIS2_PLACEMENT_3D('',#6197,#6198,#6199);
#6201=PLANE('',#6200);
#6202=ORIENTED_EDGE('',*,*,#1366,.T.);
#6203=ORIENTED_EDGE('',*,*,#6192,.F.);
#6204=ORIENTED_EDGE('',*,*,#3395,.F.);
#6205=CARTESIAN_POINT('',(267.015458666,-184.427532776,-6.82));
#6206=DIRECTION('',(0.,0.,-1.));
#6207=VECTOR('',#6206,1.5);
#6208=LINE('',#6205,#6207);
#6209=EDGE_CURVE('',#3382,#1361,#6208,.T.);
#6210=ORIENTED_EDGE('',*,*,#6209,.T.);
#6211=EDGE_LOOP('',(#6202,#6203,#6204,#6210));
#6212=FACE_BOUND('',#6211,.T.);
#6213=ADVANCED_FACE('',(#6212),#6201,.F.);
#6214=CARTESIAN_POINT('',(266.988274869,-184.436716944,-6.82));
#6215=DIRECTION('',(-0.320080135,0.947390472,0.));
#6216=DIRECTION('',(-0.947390472,-0.320080135,0.));
#6217=AXIS2_PLACEMENT_3D('',#6214,#6215,#6216);
#6218=PLANE('',#6217);
#6219=ORIENTED_EDGE('',*,*,#1374,.T.);
#6220=ORIENTED_EDGE('',*,*,#6209,.F.);
#6221=ORIENTED_EDGE('',*,*,#3387,.F.);
#6222=CARTESIAN_POINT('',(266.961091072,-184.445901112,-6.82));
#6223=DIRECTION('',(0.,0.,-1.));
#6224=VECTOR('',#6223,1.5);
#6225=LINE('',#6222,#6224);
#6226=EDGE_CURVE('',#3374,#1369,#6225,.T.);
#6227=ORIENTED_EDGE('',*,*,#6226,.T.);
#6228=EDGE_LOOP('',(#6219,#6220,#6221,#6227));
#6229=FACE_BOUND('',#6228,.T.);
#6230=ADVANCED_FACE('',(#6229),#6218,.F.);
#6231=CARTESIAN_POINT('',(266.932771292,-184.450270831,-6.82));
#6232=DIRECTION('',(-0.152494541,0.988304313,0.));
#6233=DIRECTION('',(-0.988304313,-0.152494541,0.));
#6234=AXIS2_PLACEMENT_3D('',#6231,#6232,#6233);
#6235=PLANE('',#6234);
#6236=ORIENTED_EDGE('',*,*,#1382,.T.);
#6237=ORIENTED_EDGE('',*,*,#6226,.F.);
#6238=ORIENTED_EDGE('',*,*,#3379,.F.);
#6239=CARTESIAN_POINT('',(266.904451511,-184.454640549,-6.82));
#6240=DIRECTION('',(0.,0.,-1.));
#6241=VECTOR('',#6240,1.5);
#6242=LINE('',#6239,#6241);
#6243=EDGE_CURVE('',#3366,#1377,#6242,.T.);
#6244=ORIENTED_EDGE('',*,*,#6243,.T.);
#6245=EDGE_LOOP('',(#6236,#6237,#6238,#6244));
#6246=FACE_BOUND('',#6245,.T.);
#6247=ADVANCED_FACE('',(#6246),#6235,.F.);
#6248=CARTESIAN_POINT('',(266.087366259,-184.664059291,-6.82));
#6249=DIRECTION('',(-0.248274901,0.968689617,0.));
#6250=DIRECTION('',(-0.968689617,-0.248274901,0.));
#6251=AXIS2_PLACEMENT_3D('',#6248,#6249,#6250);
#6252=PLANE('',#6251);
#6253=ORIENTED_EDGE('',*,*,#1388,.T.);
#6254=ORIENTED_EDGE('',*,*,#6243,.F.);
#6255=ORIENTED_EDGE('',*,*,#3371,.F.);
#6256=ORIENTED_EDGE('',*,*,#3916,.T.);
#6257=EDGE_LOOP('',(#6253,#6254,#6255,#6256));
#6258=FACE_BOUND('',#6257,.T.);
#6259=ADVANCED_FACE('',(#6258),#6252,.F.);
#6260=CARTESIAN_POINT('',(228.404502434,-145.697178196,-7.62));
#6261=DIRECTION('',(-1.,0.000000266,0.));
#6262=DIRECTION('',(-0.000000266,-1.,0.));
#6263=AXIS2_PLACEMENT_3D('',#6260,#6261,#6262);
#6264=PLANE('',#6263);
#6265=ORIENTED_EDGE('',*,*,#2653,.T.);
#6266=CARTESIAN_POINT('',(228.404496567,-167.77149829,-7.32));
#6267=VERTEX_POINT('',#6266);
#6268=CARTESIAN_POINT('',(228.404496567,-167.77149829,-6.82));
#6269=DIRECTION('',(-0.,-0.,-1.));
#6270=VECTOR('',#6269,0.5);
#6271=LINE('',#6268,#6270);
#6272=EDGE_CURVE('',#2639,#6267,#6271,.T.);
#6273=ORIENTED_EDGE('',*,*,#6272,.T.);
#6274=CARTESIAN_POINT('',(228.404508301,-123.622217961,-7.32));
#6275=VERTEX_POINT('',#6274);
#6276=CARTESIAN_POINT('',(228.404508301,-123.622217961,-7.32));
#6277=DIRECTION('',(-0.000000266,-1.,0.));
#6278=VECTOR('',#6277,44.149280328);
#6279=LINE('',#6276,#6278);
#6280=EDGE_CURVE('',#6275,#6267,#6279,.T.);
#6281=ORIENTED_EDGE('',*,*,#6280,.F.);
#6282=CARTESIAN_POINT('',(228.404508301,-123.622217961,-7.32));
#6283=DIRECTION('',(0.,0.,1.));
#6284=VECTOR('',#6283,0.5);
#6285=LINE('',#6282,#6284);
#6286=EDGE_CURVE('',#6275,#2648,#6285,.T.);
#6287=ORIENTED_EDGE('',*,*,#6286,.T.);
#6288=EDGE_LOOP('',(#6265,#6273,#6281,#6287));
#6289=FACE_BOUND('',#6288,.T.);
#6290=ADVANCED_FACE('',(#6289),#6264,.F.);
#6291=CARTESIAN_POINT('',(296.130542489,-153.068096461,-7.32));
#6292=DIRECTION('',(0.,0.,1.));
#6293=DIRECTION('',(1.,0.,0.));
#6294=AXIS2_PLACEMENT_3D('',#6291,#6292,#6293);
#6295=PLANE('',#6294);
#6296=ORIENTED_EDGE('',*,*,#6280,.T.);
#6297=CARTESIAN_POINT('',(228.904496567,-167.771498423,-7.32));
#6298=DIRECTION('',(0.,0.,1.));
#6299=DIRECTION('',(1.,0.,-0.));
#6300=AXIS2_PLACEMENT_3D('',#6297,#6298,#6299);
#6301=CIRCLE('',#6300,0.5);
#6302=EDGE_CURVE('',#6267,#63,#6301,.T.);
#6303=ORIENTED_EDGE('',*,*,#6302,.T.);
#6304=ORIENTED_EDGE('',*,*,#68,.F.);
#6305=CARTESIAN_POINT('',(253.917749312,-167.739508175,-7.32));
#6306=DIRECTION('',(0.,0.,1.));
#6307=DIRECTION('',(1.,0.,-0.));
#6308=AXIS2_PLACEMENT_3D('',#6305,#6306,#6307);
#6309=CIRCLE('',#6308,0.5);
#6310=EDGE_CURVE('',#61,#103,#6309,.T.);
#6311=ORIENTED_EDGE('',*,*,#6310,.T.);
#6312=ORIENTED_EDGE('',*,*,#108,.F.);
#6313=CARTESIAN_POINT('',(253.978918684,-123.622218094,-7.32));
#6314=DIRECTION('',(0.,0.,1.));
#6315=DIRECTION('',(1.,0.,-0.));
#6316=AXIS2_PLACEMENT_3D('',#6313,#6314,#6315);
#6317=CIRCLE('',#6316,0.5);
#6318=EDGE_CURVE('',#101,#141,#6317,.T.);
#6319=ORIENTED_EDGE('',*,*,#6318,.T.);
#6320=ORIENTED_EDGE('',*,*,#148,.T.);
#6321=CARTESIAN_POINT('',(228.904508301,-123.622218094,-7.32));
#6322=DIRECTION('',(0.,0.,1.));
#6323=DIRECTION('',(1.,0.,-0.));
#6324=AXIS2_PLACEMENT_3D('',#6321,#6322,#6323);
#6325=CIRCLE('',#6324,0.5);
#6326=EDGE_CURVE('',#143,#6275,#6325,.T.);
#6327=ORIENTED_EDGE('',*,*,#6326,.T.);
#6328=EDGE_LOOP('',(#6296,#6303,#6304,#6311,#6312,#6319,#6320,#6327));
#6329=FACE_BOUND('',#6328,.T.);
#6330=ADVANCED_FACE('',(#6329),#6295,.T.);
#6331=CARTESIAN_POINT('',(359.043333857,-154.219637798,-7.42));
#6332=DIRECTION('',(0.,0.,1.));
#6333=DIRECTION('',(1.,0.,-0.));
#6334=AXIS2_PLACEMENT_3D('',#6331,#6332,#6333);
#6335=CYLINDRICAL_SURFACE('',#6334,2.6);
#6336=CARTESIAN_POINT('',(361.643333857,-154.219637798,-7.32));
#6337=VERTEX_POINT('',#6336);
#6338=CARTESIAN_POINT('',(361.643333857,-154.219637798,-6.82));
#6339=DIRECTION('',(-0.,-0.,-1.));
#6340=VECTOR('',#6339,0.5);
#6341=LINE('',#6338,#6340);
#6342=EDGE_CURVE('',#2673,#6337,#6341,.T.);
#6343=ORIENTED_EDGE('',*,*,#6342,.F.);
#6344=ORIENTED_EDGE('',*,*,#2679,.T.);
#6345=ORIENTED_EDGE('',*,*,#6342,.T.);
#6346=CARTESIAN_POINT('',(359.043333857,-154.219637798,-7.32));
#6347=DIRECTION('',(0.,0.,1.));
#6348=DIRECTION('',(1.,0.,-0.));
#6349=AXIS2_PLACEMENT_3D('',#6346,#6347,#6348);
#6350=CIRCLE('',#6349,2.6);
#6351=EDGE_CURVE('',#6337,#6337,#6350,.T.);
#6352=ORIENTED_EDGE('',*,*,#6351,.F.);
#6353=EDGE_LOOP('',(#6343,#6344,#6345,#6352));
#6354=FACE_BOUND('',#6353,.T.);
#6355=ADVANCED_FACE('',(#6354),#6335,.F.);
#6356=CARTESIAN_POINT('',(296.130542489,-153.068096461,-7.32));
#6357=DIRECTION('',(0.,0.,1.));
#6358=DIRECTION('',(1.,0.,0.));
#6359=AXIS2_PLACEMENT_3D('',#6356,#6357,#6358);
#6360=PLANE('',#6359);
#6361=ORIENTED_EDGE('',*,*,#6351,.T.);
#6362=EDGE_LOOP('',(#6361));
#6363=FACE_BOUND('',#6362,.T.);
#6364=ADVANCED_FACE('',(#6363),#6360,.T.);
#6365=CARTESIAN_POINT('',(241.387741098,-112.169723094,-7.42));
#6366=DIRECTION('',(0.,0.,1.));
#6367=DIRECTION('',(1.,0.,-0.));
#6368=AXIS2_PLACEMENT_3D('',#6365,#6366,#6367);
#6369=CYLINDRICAL_SURFACE('',#6368,2.6);
#6370=CARTESIAN_POINT('',(243.987741098,-112.169723094,-7.32));
#6371=VERTEX_POINT('',#6370);
#6372=CARTESIAN_POINT('',(243.987741098,-112.169723094,-6.82));
#6373=DIRECTION('',(-0.,-0.,-1.));
#6374=VECTOR('',#6373,0.5);
#6375=LINE('',#6372,#6374);
#6376=EDGE_CURVE('',#2684,#6371,#6375,.T.);
#6377=ORIENTED_EDGE('',*,*,#6376,.F.);
#6378=ORIENTED_EDGE('',*,*,#2690,.T.);
#6379=ORIENTED_EDGE('',*,*,#6376,.T.);
#6380=CARTESIAN_POINT('',(241.387741098,-112.169723094,-7.32));
#6381=DIRECTION('',(0.,0.,1.));
#6382=DIRECTION('',(1.,0.,-0.));
#6383=AXIS2_PLACEMENT_3D('',#6380,#6381,#6382);
#6384=CIRCLE('',#6383,2.6);
#6385=EDGE_CURVE('',#6371,#6371,#6384,.T.);
#6386=ORIENTED_EDGE('',*,*,#6385,.F.);
#6387=EDGE_LOOP('',(#6377,#6378,#6379,#6386));
#6388=FACE_BOUND('',#6387,.T.);
#6389=ADVANCED_FACE('',(#6388),#6369,.F.);
#6390=CARTESIAN_POINT('',(296.130542489,-153.068096461,-7.32));
#6391=DIRECTION('',(0.,0.,1.));
#6392=DIRECTION('',(1.,0.,0.));
#6393=AXIS2_PLACEMENT_3D('',#6390,#6391,#6392);
#6394=PLANE('',#6393);
#6395=ORIENTED_EDGE('',*,*,#6385,.T.);
#6396=EDGE_LOOP('',(#6395));
#6397=FACE_BOUND('',#6396,.T.);
#6398=ADVANCED_FACE('',(#6397),#6394,.T.);
#6399=CARTESIAN_POINT('',(359.046737434,-107.809679021,-7.42));
#6400=DIRECTION('',(0.,0.,1.));
#6401=DIRECTION('',(1.,0.,-0.));
#6402=AXIS2_PLACEMENT_3D('',#6399,#6400,#6401);
#6403=CYLINDRICAL_SURFACE('',#6402,2.6);
#6404=CARTESIAN_POINT('',(361.646737434,-107.809679021,-7.32));
#6405=VERTEX_POINT('',#6404);
#6406=CARTESIAN_POINT('',(361.646737434,-107.809679021,-6.82));
#6407=DIRECTION('',(-0.,-0.,-1.));
#6408=VECTOR('',#6407,0.5);
#6409=LINE('',#6406,#6408);
#6410=EDGE_CURVE('',#2695,#6405,#6409,.T.);
#6411=ORIENTED_EDGE('',*,*,#6410,.F.);
#6412=ORIENTED_EDGE('',*,*,#2701,.T.);
#6413=ORIENTED_EDGE('',*,*,#6410,.T.);
#6414=CARTESIAN_POINT('',(359.046737434,-107.809679021,-7.32));
#6415=DIRECTION('',(0.,0.,1.));
#6416=DIRECTION('',(1.,0.,-0.));
#6417=AXIS2_PLACEMENT_3D('',#6414,#6415,#6416);
#6418=CIRCLE('',#6417,2.6);
#6419=EDGE_CURVE('',#6405,#6405,#6418,.T.);
#6420=ORIENTED_EDGE('',*,*,#6419,.F.);
#6421=EDGE_LOOP('',(#6411,#6412,#6413,#6420));
#6422=FACE_BOUND('',#6421,.T.);
#6423=ADVANCED_FACE('',(#6422),#6403,.F.);
#6424=CARTESIAN_POINT('',(296.130542489,-153.068096461,-7.32));
#6425=DIRECTION('',(0.,0.,1.));
#6426=DIRECTION('',(1.,0.,0.));
#6427=AXIS2_PLACEMENT_3D('',#6424,#6425,#6426);
#6428=PLANE('',#6427);
#6429=ORIENTED_EDGE('',*,*,#6419,.T.);
#6430=EDGE_LOOP('',(#6429));
#6431=FACE_BOUND('',#6430,.T.);
#6432=ADVANCED_FACE('',(#6431),#6428,.T.);
#6433=CARTESIAN_POINT('',(241.404497118,-181.075073901,-7.42));
#6434=DIRECTION('',(0.,0.,1.));
#6435=DIRECTION('',(1.,0.,-0.));
#6436=AXIS2_PLACEMENT_3D('',#6433,#6434,#6435);
#6437=CYLINDRICAL_SURFACE('',#6436,2.6);
#6438=CARTESIAN_POINT('',(244.004497118,-181.075073901,-7.32));
#6439=VERTEX_POINT('',#6438);
#6440=CARTESIAN_POINT('',(244.004497118,-181.075073901,-6.82));
#6441=DIRECTION('',(-0.,-0.,-1.));
#6442=VECTOR('',#6441,0.5);
#6443=LINE('',#6440,#6442);
#6444=EDGE_CURVE('',#2706,#6439,#6443,.T.);
#6445=ORIENTED_EDGE('',*,*,#6444,.F.);
#6446=ORIENTED_EDGE('',*,*,#2712,.T.);
#6447=ORIENTED_EDGE('',*,*,#6444,.T.);
#6448=CARTESIAN_POINT('',(241.404497118,-181.075073901,-7.32));
#6449=DIRECTION('',(0.,0.,1.));
#6450=DIRECTION('',(1.,0.,-0.));
#6451=AXIS2_PLACEMENT_3D('',#6448,#6449,#6450);
#6452=CIRCLE('',#6451,2.6);
#6453=EDGE_CURVE('',#6439,#6439,#6452,.T.);
#6454=ORIENTED_EDGE('',*,*,#6453,.F.);
#6455=EDGE_LOOP('',(#6445,#6446,#6447,#6454));
#6456=FACE_BOUND('',#6455,.T.);
#6457=ADVANCED_FACE('',(#6456),#6437,.F.);
#6458=CARTESIAN_POINT('',(296.130542489,-153.068096461,-7.32));
#6459=DIRECTION('',(0.,0.,1.));
#6460=DIRECTION('',(1.,0.,0.));
#6461=AXIS2_PLACEMENT_3D('',#6458,#6459,#6460);
#6462=PLANE('',#6461);
#6463=ORIENTED_EDGE('',*,*,#6453,.T.);
#6464=EDGE_LOOP('',(#6463));
#6465=FACE_BOUND('',#6464,.T.);
#6466=ADVANCED_FACE('',(#6465),#6462,.T.);
#6467=CARTESIAN_POINT('',(272.789496434,-162.087138298,-7.32));
#6468=DIRECTION('',(0.,0.,-1.));
#6469=DIRECTION('',(-1.,0.,0.));
#6470=AXIS2_PLACEMENT_3D('',#6467,#6468,#6469);
#6471=CYLINDRICAL_SURFACE('',#6470,2.6);
#6472=CARTESIAN_POINT('',(270.189496434,-162.087138298,-7.92));
#6473=VERTEX_POINT('',#6472);
#6474=CARTESIAN_POINT('',(270.189496434,-162.087138298,-8.32));
#6475=DIRECTION('',(-0.,-0.,1.));
#6476=VECTOR('',#6475,0.4);
#6477=LINE('',#6474,#6476);
#6478=EDGE_CURVE('',#269,#6473,#6477,.T.);
#6479=ORIENTED_EDGE('',*,*,#6478,.F.);
#6480=ORIENTED_EDGE('',*,*,#275,.T.);
#6481=ORIENTED_EDGE('',*,*,#6478,.T.);
#6482=CARTESIAN_POINT('',(272.789496434,-162.087138298,-7.92));
#6483=DIRECTION('',(0.,0.,-1.));
#6484=DIRECTION('',(-1.,0.,0.));
#6485=AXIS2_PLACEMENT_3D('',#6482,#6483,#6484);
#6486=CIRCLE('',#6485,2.6);
#6487=EDGE_CURVE('',#6473,#6473,#6486,.T.);
#6488=ORIENTED_EDGE('',*,*,#6487,.F.);
#6489=EDGE_LOOP('',(#6479,#6480,#6481,#6488));
#6490=FACE_BOUND('',#6489,.T.);
#6491=ADVANCED_FACE('',(#6490),#6471,.F.);
#6492=CARTESIAN_POINT('',(296.130542489,-153.068096461,-7.92));
#6493=DIRECTION('',(0.,0.,-1.));
#6494=DIRECTION('',(-1.,0.,0.));
#6495=AXIS2_PLACEMENT_3D('',#6492,#6493,#6494);
#6496=PLANE('',#6495);
#6497=CARTESIAN_POINT('',(271.689496434,-162.087138298,-7.92));
#6498=VERTEX_POINT('',#6497);
#6499=CARTESIAN_POINT('',(272.789496434,-162.087138298,-7.92));
#6500=DIRECTION('',(0.,0.,-1.));
#6501=DIRECTION('',(-1.,0.,0.));
#6502=AXIS2_PLACEMENT_3D('',#6499,#6500,#6501);
#6503=CIRCLE('',#6502,1.1);
#6504=EDGE_CURVE('',#6498,#6498,#6503,.T.);
#6505=ORIENTED_EDGE('',*,*,#6504,.F.);
#6506=EDGE_LOOP('',(#6505));
#6507=FACE_BOUND('',#6506,.T.);
#6508=ORIENTED_EDGE('',*,*,#6487,.T.);
#6509=EDGE_LOOP('',(#6508));
#6510=FACE_BOUND('',#6509,.T.);
#6511=ADVANCED_FACE('',(#6507,#6510),#6496,.T.);
#6512=CARTESIAN_POINT('',(272.789496434,-162.087138298,-2.52));
#6513=DIRECTION('',(0.,0.,-1.));
#6514=DIRECTION('',(-1.,0.,0.));
#6515=AXIS2_PLACEMENT_3D('',#6512,#6513,#6514);
#6516=CYLINDRICAL_SURFACE('',#6515,1.1);
#6517=CARTESIAN_POINT('',(271.689496434,-162.087138298,-7.92));
#6518=DIRECTION('',(-0.,-0.,1.));
#6519=VECTOR('',#6518,1.1);
#6520=LINE('',#6517,#6519);
#6521=EDGE_CURVE('',#6498,#2717,#6520,.T.);
#6522=ORIENTED_EDGE('',*,*,#6521,.F.);
#6523=ORIENTED_EDGE('',*,*,#6504,.T.);
#6524=ORIENTED_EDGE('',*,*,#6521,.T.);
#6525=ORIENTED_EDGE('',*,*,#2723,.F.);
#6526=EDGE_LOOP('',(#6522,#6523,#6524,#6525));
#6527=FACE_BOUND('',#6526,.T.);
#6528=ADVANCED_FACE('',(#6527),#6516,.F.);
#6529=CARTESIAN_POINT('',(349.139496434,-139.237138298,-7.32));
#6530=DIRECTION('',(0.,0.,-1.));
#6531=DIRECTION('',(-1.,0.,0.));
#6532=AXIS2_PLACEMENT_3D('',#6529,#6530,#6531);
#6533=CYLINDRICAL_SURFACE('',#6532,2.6);
#6534=CARTESIAN_POINT('',(346.539496434,-139.237138298,-7.92));
#6535=VERTEX_POINT('',#6534);
#6536=CARTESIAN_POINT('',(346.539496434,-139.237138298,-8.32));
#6537=DIRECTION('',(-0.,-0.,1.));
#6538=VECTOR('',#6537,0.4);
#6539=LINE('',#6536,#6538);
#6540=EDGE_CURVE('',#258,#6535,#6539,.T.);
#6541=ORIENTED_EDGE('',*,*,#6540,.F.);
#6542=ORIENTED_EDGE('',*,*,#264,.T.);
#6543=ORIENTED_EDGE('',*,*,#6540,.T.);
#6544=CARTESIAN_POINT('',(349.139496434,-139.237138298,-7.92));
#6545=DIRECTION('',(0.,0.,-1.));
#6546=DIRECTION('',(-1.,0.,0.));
#6547=AXIS2_PLACEMENT_3D('',#6544,#6545,#6546);
#6548=CIRCLE('',#6547,2.6);
#6549=EDGE_CURVE('',#6535,#6535,#6548,.T.);
#6550=ORIENTED_EDGE('',*,*,#6549,.F.);
#6551=EDGE_LOOP('',(#6541,#6542,#6543,#6550));
#6552=FACE_BOUND('',#6551,.T.);
#6553=ADVANCED_FACE('',(#6552),#6533,.F.);
#6554=CARTESIAN_POINT('',(296.130542489,-153.068096461,-7.92));
#6555=DIRECTION('',(0.,0.,-1.));
#6556=DIRECTION('',(-1.,0.,0.));
#6557=AXIS2_PLACEMENT_3D('',#6554,#6555,#6556);
#6558=PLANE('',#6557);
#6559=CARTESIAN_POINT('',(348.039496434,-139.237138298,-7.92));
#6560=VERTEX_POINT('',#6559);
#6561=CARTESIAN_POINT('',(349.139496434,-139.237138298,-7.92));
#6562=DIRECTION('',(0.,0.,-1.));
#6563=DIRECTION('',(-1.,0.,0.));
#6564=AXIS2_PLACEMENT_3D('',#6561,#6562,#6563);
#6565=CIRCLE('',#6564,1.1);
#6566=EDGE_CURVE('',#6560,#6560,#6565,.T.);
#6567=ORIENTED_EDGE('',*,*,#6566,.F.);
#6568=EDGE_LOOP('',(#6567));
#6569=FACE_BOUND('',#6568,.T.);
#6570=ORIENTED_EDGE('',*,*,#6549,.T.);
#6571=EDGE_LOOP('',(#6570));
#6572=FACE_BOUND('',#6571,.T.);
#6573=ADVANCED_FACE('',(#6569,#6572),#6558,.T.);
#6574=CARTESIAN_POINT('',(349.139496434,-119.987138298,-7.32));
#6575=DIRECTION('',(0.,0.,-1.));
#6576=DIRECTION('',(-1.,0.,0.));
#6577=AXIS2_PLACEMENT_3D('',#6574,#6575,#6576);
#6578=CYLINDRICAL_SURFACE('',#6577,2.6);
#6579=CARTESIAN_POINT('',(346.539496434,-119.987138298,-7.92));
#6580=VERTEX_POINT('',#6579);
#6581=CARTESIAN_POINT('',(346.539496434,-119.987138298,-8.32));
#6582=DIRECTION('',(-0.,-0.,1.));
#6583=VECTOR('',#6582,0.4);
#6584=LINE('',#6581,#6583);
#6585=EDGE_CURVE('',#247,#6580,#6584,.T.);
#6586=ORIENTED_EDGE('',*,*,#6585,.F.);
#6587=ORIENTED_EDGE('',*,*,#253,.T.);
#6588=ORIENTED_EDGE('',*,*,#6585,.T.);
#6589=CARTESIAN_POINT('',(349.139496434,-119.987138298,-7.92));
#6590=DIRECTION('',(0.,0.,-1.));
#6591=DIRECTION('',(-1.,0.,0.));
#6592=AXIS2_PLACEMENT_3D('',#6589,#6590,#6591);
#6593=CIRCLE('',#6592,2.6);
#6594=EDGE_CURVE('',#6580,#6580,#6593,.T.);
#6595=ORIENTED_EDGE('',*,*,#6594,.F.);
#6596=EDGE_LOOP('',(#6586,#6587,#6588,#6595));
#6597=FACE_BOUND('',#6596,.T.);
#6598=ADVANCED_FACE('',(#6597),#6578,.F.);
#6599=CARTESIAN_POINT('',(296.130542489,-153.068096461,-7.92));
#6600=DIRECTION('',(0.,0.,-1.));
#6601=DIRECTION('',(-1.,0.,0.));
#6602=AXIS2_PLACEMENT_3D('',#6599,#6600,#6601);
#6603=PLANE('',#6602);
#6604=CARTESIAN_POINT('',(348.039496434,-119.987138298,-7.92));
#6605=VERTEX_POINT('',#6604);
#6606=CARTESIAN_POINT('',(349.139496434,-119.987138298,-7.92));
#6607=DIRECTION('',(0.,0.,-1.));
#6608=DIRECTION('',(-1.,0.,0.));
#6609=AXIS2_PLACEMENT_3D('',#6606,#6607,#6608);
#6610=CIRCLE('',#6609,1.1);
#6611=EDGE_CURVE('',#6605,#6605,#6610,.T.);
#6612=ORIENTED_EDGE('',*,*,#6611,.F.);
#6613=EDGE_LOOP('',(#6612));
#6614=FACE_BOUND('',#6613,.T.);
#6615=ORIENTED_EDGE('',*,*,#6594,.T.);
#6616=EDGE_LOOP('',(#6615));
#6617=FACE_BOUND('',#6616,.T.);
#6618=ADVANCED_FACE('',(#6614,#6617),#6603,.T.);
#6619=CARTESIAN_POINT('',(292.439496434,-100.187138298,-7.32));
#6620=DIRECTION('',(0.,0.,-1.));
#6621=DIRECTION('',(-1.,0.,0.));
#6622=AXIS2_PLACEMENT_3D('',#6619,#6620,#6621);
#6623=CYLINDRICAL_SURFACE('',#6622,2.6);
#6624=CARTESIAN_POINT('',(289.839496434,-100.187138298,-7.92));
#6625=VERTEX_POINT('',#6624);
#6626=CARTESIAN_POINT('',(289.839496434,-100.187138298,-8.32));
#6627=DIRECTION('',(-0.,-0.,1.));
#6628=VECTOR('',#6627,0.4);
#6629=LINE('',#6626,#6628);
#6630=EDGE_CURVE('',#236,#6625,#6629,.T.);
#6631=ORIENTED_EDGE('',*,*,#6630,.F.);
#6632=ORIENTED_EDGE('',*,*,#242,.T.);
#6633=ORIENTED_EDGE('',*,*,#6630,.T.);
#6634=CARTESIAN_POINT('',(292.439496434,-100.187138298,-7.92));
#6635=DIRECTION('',(0.,0.,-1.));
#6636=DIRECTION('',(-1.,0.,0.));
#6637=AXIS2_PLACEMENT_3D('',#6634,#6635,#6636);
#6638=CIRCLE('',#6637,2.6);
#6639=EDGE_CURVE('',#6625,#6625,#6638,.T.);
#6640=ORIENTED_EDGE('',*,*,#6639,.F.);
#6641=EDGE_LOOP('',(#6631,#6632,#6633,#6640));
#6642=FACE_BOUND('',#6641,.T.);
#6643=ADVANCED_FACE('',(#6642),#6623,.F.);
#6644=CARTESIAN_POINT('',(296.130542489,-153.068096461,-7.92));
#6645=DIRECTION('',(0.,0.,-1.));
#6646=DIRECTION('',(-1.,0.,0.));
#6647=AXIS2_PLACEMENT_3D('',#6644,#6645,#6646);
#6648=PLANE('',#6647);
#6649=CARTESIAN_POINT('',(291.339496434,-100.187138298,-7.92));
#6650=VERTEX_POINT('',#6649);
#6651=CARTESIAN_POINT('',(292.439496434,-100.187138298,-7.92));
#6652=DIRECTION('',(0.,0.,-1.));
#6653=DIRECTION('',(-1.,0.,0.));
#6654=AXIS2_PLACEMENT_3D('',#6651,#6652,#6653);
#6655=CIRCLE('',#6654,1.1);
#6656=EDGE_CURVE('',#6650,#6650,#6655,.T.);
#6657=ORIENTED_EDGE('',*,*,#6656,.F.);
#6658=EDGE_LOOP('',(#6657));
#6659=FACE_BOUND('',#6658,.T.);
#6660=ORIENTED_EDGE('',*,*,#6639,.T.);
#6661=EDGE_LOOP('',(#6660));
#6662=FACE_BOUND('',#6661,.T.);
#6663=ADVANCED_FACE('',(#6659,#6662),#6648,.T.);
#6664=CARTESIAN_POINT('',(349.139496434,-139.237138298,-5.82));
#6665=DIRECTION('',(0.,0.,-1.));
#6666=DIRECTION('',(-1.,0.,0.));
#6667=AXIS2_PLACEMENT_3D('',#6664,#6665,#6666);
#6668=CYLINDRICAL_SURFACE('',#6667,1.1);
#6669=CARTESIAN_POINT('',(348.039496434,-139.237138298,-7.92));
#6670=DIRECTION('',(-0.,-0.,1.));
#6671=VECTOR('',#6670,1.1);
#6672=LINE('',#6669,#6671);
#6673=EDGE_CURVE('',#6560,#2728,#6672,.T.);
#6674=ORIENTED_EDGE('',*,*,#6673,.F.);
#6675=ORIENTED_EDGE('',*,*,#6566,.T.);
#6676=ORIENTED_EDGE('',*,*,#6673,.T.);
#6677=ORIENTED_EDGE('',*,*,#2734,.F.);
#6678=EDGE_LOOP('',(#6674,#6675,#6676,#6677));
#6679=FACE_BOUND('',#6678,.T.);
#6680=ADVANCED_FACE('',(#6679),#6668,.F.);
#6681=CARTESIAN_POINT('',(349.139496434,-119.987138298,-5.82));
#6682=DIRECTION('',(0.,0.,-1.));
#6683=DIRECTION('',(-1.,0.,0.));
#6684=AXIS2_PLACEMENT_3D('',#6681,#6682,#6683);
#6685=CYLINDRICAL_SURFACE('',#6684,1.1);
#6686=CARTESIAN_POINT('',(348.039496434,-119.987138298,-7.92));
#6687=DIRECTION('',(-0.,-0.,1.));
#6688=VECTOR('',#6687,1.1);
#6689=LINE('',#6686,#6688);
#6690=EDGE_CURVE('',#6605,#2739,#6689,.T.);
#6691=ORIENTED_EDGE('',*,*,#6690,.F.);
#6692=ORIENTED_EDGE('',*,*,#6611,.T.);
#6693=ORIENTED_EDGE('',*,*,#6690,.T.);
#6694=ORIENTED_EDGE('',*,*,#2745,.F.);
#6695=EDGE_LOOP('',(#6691,#6692,#6693,#6694));
#6696=FACE_BOUND('',#6695,.T.);
#6697=ADVANCED_FACE('',(#6696),#6685,.F.);
#6698=CARTESIAN_POINT('',(292.439496434,-100.187138298,-5.82));
#6699=DIRECTION('',(0.,0.,-1.));
#6700=DIRECTION('',(-1.,0.,0.));
#6701=AXIS2_PLACEMENT_3D('',#6698,#6699,#6700);
#6702=CYLINDRICAL_SURFACE('',#6701,1.1);
#6703=CARTESIAN_POINT('',(291.339496434,-100.187138298,-7.92));
#6704=DIRECTION('',(-0.,-0.,1.));
#6705=VECTOR('',#6704,1.1);
#6706=LINE('',#6703,#6705);
#6707=EDGE_CURVE('',#6650,#2750,#6706,.T.);
#6708=ORIENTED_EDGE('',*,*,#6707,.F.);
#6709=ORIENTED_EDGE('',*,*,#6656,.T.);
#6710=ORIENTED_EDGE('',*,*,#6707,.T.);
#6711=ORIENTED_EDGE('',*,*,#2756,.F.);
#6712=EDGE_LOOP('',(#6708,#6709,#6710,#6711));
#6713=FACE_BOUND('',#6712,.T.);
#6714=ADVANCED_FACE('',(#6713),#6702,.F.);
#6715=CARTESIAN_POINT('',(234.388222381,-107.422218094,-7.62));
#6716=DIRECTION('',(0.,1.,0.));
#6717=DIRECTION('',(0.,0.,1.));
#6718=AXIS2_PLACEMENT_3D('',#6715,#6716,#6717);
#6719=PLANE('',#6718);
#6720=CARTESIAN_POINT('',(242.278222381,-107.422218094,-7.32));
#6721=VERTEX_POINT('',#6720);
#6722=CARTESIAN_POINT('',(234.438222381,-107.422218094,-7.32));
#6723=VERTEX_POINT('',#6722);
#6724=CARTESIAN_POINT('',(242.278222381,-107.422218094,-7.32));
#6725=DIRECTION('',(-1.,0.,0.));
#6726=VECTOR('',#6725,7.84);
#6727=LINE('',#6724,#6726);
#6728=EDGE_CURVE('',#6721,#6723,#6727,.T.);
#6729=ORIENTED_EDGE('',*,*,#6728,.T.);
#6730=CARTESIAN_POINT('',(234.438222381,-107.422218094,-6.82));
#6731=DIRECTION('',(0.,1.,0.));
#6732=DIRECTION('',(0.,-0.,1.));
#6733=AXIS2_PLACEMENT_3D('',#6730,#6731,#6732);
#6734=CIRCLE('',#6733,0.5);
#6735=EDGE_CURVE('',#6723,#2771,#6734,.T.);
#6736=ORIENTED_EDGE('',*,*,#6735,.T.);
#6737=ORIENTED_EDGE('',*,*,#2776,.F.);
#6738=CARTESIAN_POINT('',(242.278222381,-107.422218094,-6.82));
#6739=DIRECTION('',(0.,1.,0.));
#6740=DIRECTION('',(0.,-0.,1.));
#6741=AXIS2_PLACEMENT_3D('',#6738,#6739,#6740);
#6742=CIRCLE('',#6741,0.5);
#6743=EDGE_CURVE('',#2761,#6721,#6742,.T.);
#6744=ORIENTED_EDGE('',*,*,#6743,.T.);
#6745=EDGE_LOOP('',(#6729,#6736,#6737,#6744));
#6746=FACE_BOUND('',#6745,.T.);
#6747=ADVANCED_FACE('',(#6746),#6719,.T.);
#6748=CARTESIAN_POINT('',(296.130542489,-153.068096461,-7.32));
#6749=DIRECTION('',(0.,0.,1.));
#6750=DIRECTION('',(1.,0.,0.));
#6751=AXIS2_PLACEMENT_3D('',#6748,#6749,#6750);
#6752=PLANE('',#6751);
#6753=ORIENTED_EDGE('',*,*,#5131,.T.);
#6754=CARTESIAN_POINT('',(234.438222381,-99.717147949,-7.32));
#6755=DIRECTION('',(-0.,-1.,-0.));
#6756=VECTOR('',#6755,7.705070146);
#6757=LINE('',#6754,#6756);
#6758=EDGE_CURVE('',#5126,#6723,#6757,.T.);
#6759=ORIENTED_EDGE('',*,*,#6758,.T.);
#6760=ORIENTED_EDGE('',*,*,#6728,.F.);
#6761=CARTESIAN_POINT('',(242.278222381,-107.422218094,-7.32));
#6762=DIRECTION('',(0.,1.,0.));
#6763=VECTOR('',#6762,7.705070146);
#6764=LINE('',#6761,#6763);
#6765=EDGE_CURVE('',#6721,#5124,#6764,.T.);
#6766=ORIENTED_EDGE('',*,*,#6765,.T.);
#6767=EDGE_LOOP('',(#6753,#6759,#6760,#6766));
#6768=FACE_BOUND('',#6767,.T.);
#6769=ADVANCED_FACE('',(#6768),#6752,.T.);
#6770=CARTESIAN_POINT('',(242.278222381,-153.068096461,-6.82));
#6771=DIRECTION('',(0.,1.,0.));
#6772=DIRECTION('',(0.,-0.,1.));
#6773=AXIS2_PLACEMENT_3D('',#6770,#6771,#6772);
#6774=CYLINDRICAL_SURFACE('',#6773,0.5);
#6775=ORIENTED_EDGE('',*,*,#6743,.F.);
#6776=ORIENTED_EDGE('',*,*,#2768,.T.);
#6777=ORIENTED_EDGE('',*,*,#5138,.F.);
#6778=ORIENTED_EDGE('',*,*,#6765,.F.);
#6779=EDGE_LOOP('',(#6775,#6776,#6777,#6778));
#6780=FACE_BOUND('',#6779,.T.);
#6781=ADVANCED_FACE('',(#6780),#6774,.F.);
#6782=CARTESIAN_POINT('',(234.438222381,-153.068096461,-6.82));
#6783=DIRECTION('',(0.,-1.,0.));
#6784=DIRECTION('',(0.,0.,-1.));
#6785=AXIS2_PLACEMENT_3D('',#6782,#6783,#6784);
#6786=CYLINDRICAL_SURFACE('',#6785,0.5);
#6787=ORIENTED_EDGE('',*,*,#5155,.F.);
#6788=ORIENTED_EDGE('',*,*,#2784,.T.);
#6789=ORIENTED_EDGE('',*,*,#6735,.F.);
#6790=ORIENTED_EDGE('',*,*,#6758,.F.);
#6791=EDGE_LOOP('',(#6787,#6788,#6789,#6790));
#6792=FACE_BOUND('',#6791,.T.);
#6793=ADVANCED_FACE('',(#6792),#6786,.F.);
#6794=CARTESIAN_POINT('',(359.046737434,-147.567138298,-7.32));
#6795=DIRECTION('',(0.,0.,-1.));
#6796=DIRECTION('',(-1.,0.,0.));
#6797=AXIS2_PLACEMENT_3D('',#6794,#6795,#6796);
#6798=CYLINDRICAL_SURFACE('',#6797,2.6);
#6799=CARTESIAN_POINT('',(356.446737434,-147.567138298,-7.92));
#6800=VERTEX_POINT('',#6799);
#6801=CARTESIAN_POINT('',(356.446737434,-147.567138298,-8.32));
#6802=DIRECTION('',(-0.,-0.,1.));
#6803=VECTOR('',#6802,0.4);
#6804=LINE('',#6801,#6803);
#6805=EDGE_CURVE('',#225,#6800,#6804,.T.);
#6806=ORIENTED_EDGE('',*,*,#6805,.F.);
#6807=ORIENTED_EDGE('',*,*,#231,.T.);
#6808=ORIENTED_EDGE('',*,*,#6805,.T.);
#6809=CARTESIAN_POINT('',(359.046737434,-147.567138298,-7.92));
#6810=DIRECTION('',(0.,0.,-1.));
#6811=DIRECTION('',(-1.,0.,0.));
#6812=AXIS2_PLACEMENT_3D('',#6809,#6810,#6811);
#6813=CIRCLE('',#6812,2.6);
#6814=EDGE_CURVE('',#6800,#6800,#6813,.T.);
#6815=ORIENTED_EDGE('',*,*,#6814,.F.);
#6816=EDGE_LOOP('',(#6806,#6807,#6808,#6815));
#6817=FACE_BOUND('',#6816,.T.);
#6818=ADVANCED_FACE('',(#6817),#6798,.F.);
#6819=CARTESIAN_POINT('',(296.130542489,-153.068096461,-7.92));
#6820=DIRECTION('',(0.,0.,-1.));
#6821=DIRECTION('',(-1.,0.,0.));
#6822=AXIS2_PLACEMENT_3D('',#6819,#6820,#6821);
#6823=PLANE('',#6822);
#6824=ORIENTED_EDGE('',*,*,#6814,.T.);
#6825=EDGE_LOOP('',(#6824));
#6826=FACE_BOUND('',#6825,.T.);
#6827=ADVANCED_FACE('',(#6826),#6823,.T.);
#6828=CARTESIAN_POINT('',(359.046737434,-114.417138298,-7.32));
#6829=DIRECTION('',(0.,0.,-1.));
#6830=DIRECTION('',(-1.,0.,0.));
#6831=AXIS2_PLACEMENT_3D('',#6828,#6829,#6830);
#6832=CYLINDRICAL_SURFACE('',#6831,2.6);
#6833=CARTESIAN_POINT('',(356.446737434,-114.417138298,-7.92));
#6834=VERTEX_POINT('',#6833);
#6835=CARTESIAN_POINT('',(356.446737434,-114.417138298,-8.32));
#6836=DIRECTION('',(-0.,-0.,1.));
#6837=VECTOR('',#6836,0.4);
#6838=LINE('',#6835,#6837);
#6839=EDGE_CURVE('',#214,#6834,#6838,.T.);
#6840=ORIENTED_EDGE('',*,*,#6839,.F.);
#6841=ORIENTED_EDGE('',*,*,#220,.T.);
#6842=ORIENTED_EDGE('',*,*,#6839,.T.);
#6843=CARTESIAN_POINT('',(359.046737434,-114.417138298,-7.92));
#6844=DIRECTION('',(0.,0.,-1.));
#6845=DIRECTION('',(-1.,0.,0.));
#6846=AXIS2_PLACEMENT_3D('',#6843,#6844,#6845);
#6847=CIRCLE('',#6846,2.6);
#6848=EDGE_CURVE('',#6834,#6834,#6847,.T.);
#6849=ORIENTED_EDGE('',*,*,#6848,.F.);
#6850=EDGE_LOOP('',(#6840,#6841,#6842,#6849));
#6851=FACE_BOUND('',#6850,.T.);
#6852=ADVANCED_FACE('',(#6851),#6832,.F.);
#6853=CARTESIAN_POINT('',(296.130542489,-153.068096461,-7.92));
#6854=DIRECTION('',(0.,0.,-1.));
#6855=DIRECTION('',(-1.,0.,0.));
#6856=AXIS2_PLACEMENT_3D('',#6853,#6854,#6855);
#6857=PLANE('',#6856);
#6858=ORIENTED_EDGE('',*,*,#6848,.T.);
#6859=EDGE_LOOP('',(#6858));
#6860=FACE_BOUND('',#6859,.T.);
#6861=ADVANCED_FACE('',(#6860),#6857,.T.);
#6862=CARTESIAN_POINT('',(241.396124766,-117.645970594,-7.32));
#6863=DIRECTION('',(0.,0.,-1.));
#6864=DIRECTION('',(-1.,0.,0.));
#6865=AXIS2_PLACEMENT_3D('',#6862,#6863,#6864);
#6866=CYLINDRICAL_SURFACE('',#6865,2.6);
#6867=CARTESIAN_POINT('',(238.796124766,-117.645970594,-7.92));
#6868=VERTEX_POINT('',#6867);
#6869=CARTESIAN_POINT('',(238.796124766,-117.645970594,-8.32));
#6870=DIRECTION('',(-0.,-0.,1.));
#6871=VECTOR('',#6870,0.4);
#6872=LINE('',#6869,#6871);
#6873=EDGE_CURVE('',#203,#6868,#6872,.T.);
#6874=ORIENTED_EDGE('',*,*,#6873,.F.);
#6875=ORIENTED_EDGE('',*,*,#209,.T.);
#6876=ORIENTED_EDGE('',*,*,#6873,.T.);
#6877=CARTESIAN_POINT('',(241.396124766,-117.645970594,-7.92));
#6878=DIRECTION('',(0.,0.,-1.));
#6879=DIRECTION('',(-1.,0.,0.));
#6880=AXIS2_PLACEMENT_3D('',#6877,#6878,#6879);
#6881=CIRCLE('',#6880,2.6);
#6882=EDGE_CURVE('',#6868,#6868,#6881,.T.);
#6883=ORIENTED_EDGE('',*,*,#6882,.F.);
#6884=EDGE_LOOP('',(#6874,#6875,#6876,#6883));
#6885=FACE_BOUND('',#6884,.T.);
#6886=ADVANCED_FACE('',(#6885),#6866,.F.);
#6887=CARTESIAN_POINT('',(296.130542489,-153.068096461,-7.92));
#6888=DIRECTION('',(0.,0.,-1.));
#6889=DIRECTION('',(-1.,0.,0.));
#6890=AXIS2_PLACEMENT_3D('',#6887,#6888,#6889);
#6891=PLANE('',#6890);
#6892=ORIENTED_EDGE('',*,*,#6882,.T.);
#6893=EDGE_LOOP('',(#6892));
#6894=FACE_BOUND('',#6893,.T.);
#6895=ADVANCED_FACE('',(#6894),#6891,.T.);
#6896=CARTESIAN_POINT('',(241.40449146,-174.665293049,-7.32));
#6897=DIRECTION('',(0.,0.,-1.));
#6898=DIRECTION('',(-1.,0.,0.));
#6899=AXIS2_PLACEMENT_3D('',#6896,#6897,#6898);
#6900=CYLINDRICAL_SURFACE('',#6899,2.6);
#6901=CARTESIAN_POINT('',(238.80449146,-174.665293049,-7.92));
#6902=VERTEX_POINT('',#6901);
#6903=CARTESIAN_POINT('',(238.80449146,-174.665293049,-8.32));
#6904=DIRECTION('',(-0.,-0.,1.));
#6905=VECTOR('',#6904,0.4);
#6906=LINE('',#6903,#6905);
#6907=EDGE_CURVE('',#192,#6902,#6906,.T.);
#6908=ORIENTED_EDGE('',*,*,#6907,.F.);
#6909=ORIENTED_EDGE('',*,*,#198,.T.);
#6910=ORIENTED_EDGE('',*,*,#6907,.T.);
#6911=CARTESIAN_POINT('',(241.40449146,-174.665293049,-7.92));
#6912=DIRECTION('',(0.,0.,-1.));
#6913=DIRECTION('',(-1.,0.,0.));
#6914=AXIS2_PLACEMENT_3D('',#6911,#6912,#6913);
#6915=CIRCLE('',#6914,2.6);
#6916=EDGE_CURVE('',#6902,#6902,#6915,.T.);
#6917=ORIENTED_EDGE('',*,*,#6916,.F.);
#6918=EDGE_LOOP('',(#6908,#6909,#6910,#6917));
#6919=FACE_BOUND('',#6918,.T.);
#6920=ADVANCED_FACE('',(#6919),#6900,.F.);
#6921=CARTESIAN_POINT('',(296.130542489,-153.068096461,-7.92));
#6922=DIRECTION('',(0.,0.,-1.));
#6923=DIRECTION('',(-1.,0.,0.));
#6924=AXIS2_PLACEMENT_3D('',#6921,#6922,#6923);
#6925=PLANE('',#6924);
#6926=ORIENTED_EDGE('',*,*,#6916,.T.);
#6927=EDGE_LOOP('',(#6926));
#6928=FACE_BOUND('',#6927,.T.);
#6929=ADVANCED_FACE('',(#6928),#6925,.T.);
#6930=CARTESIAN_POINT('',(290.050575953,-127.930677558,-7.82));
#6931=DIRECTION('',(0.,0.,-1.));
#6932=DIRECTION('',(-1.,0.,0.));
#6933=AXIS2_PLACEMENT_3D('',#6930,#6931,#6932);
#6934=CYLINDRICAL_SURFACE('',#6933,0.350658082);
#6935=ORIENTED_EDGE('',*,*,#1413,.F.);
#6936=CARTESIAN_POINT('',(289.786609405,-128.161508127,-7.82));
#6937=VERTEX_POINT('',#6936);
#6938=CARTESIAN_POINT('',(289.786609405,-128.161508127,-7.82));
#6939=DIRECTION('',(0.,0.,-1.));
#6940=VECTOR('',#6939,0.5);
#6941=LINE('',#6938,#6940);
#6942=EDGE_CURVE('',#6937,#1395,#6941,.T.);
#6943=ORIENTED_EDGE('',*,*,#6942,.F.);
#6944=CARTESIAN_POINT('',(290.03464905,-128.280973753,-7.82));
#6945=VERTEX_POINT('',#6944);
#6946=CARTESIAN_POINT('',(290.050575953,-127.930677558,-7.82));
#6947=DIRECTION('',(-0.,-0.,1.));
#6948=DIRECTION('',(-1.,0.,0.));
#6949=AXIS2_PLACEMENT_3D('',#6946,#6947,#6948);
#6950=CIRCLE('',#6949,0.350658082);
#6951=EDGE_CURVE('',#6937,#6945,#6950,.T.);
#6952=ORIENTED_EDGE('',*,*,#6951,.T.);
#6953=CARTESIAN_POINT('',(290.03465339,-128.28097395,-7.82));
#6954=DIRECTION('',(0.,0.,-1.));
#6955=VECTOR('',#6954,0.5);
#6956=LINE('',#6953,#6955);
#6957=EDGE_CURVE('',#6945,#1407,#6956,.T.);
#6958=ORIENTED_EDGE('',*,*,#6957,.T.);
#6959=EDGE_LOOP('',(#6935,#6943,#6952,#6958));
#6960=FACE_BOUND('',#6959,.T.);
#6961=ADVANCED_FACE('',(#6960),#6934,.F.);
#6962=CARTESIAN_POINT('',(289.664035212,-127.917742215,-7.82));
#6963=CARTESIAN_POINT('',(289.664035212,-127.917742215,-8.32));
#6964=CARTESIAN_POINT('',(289.681990212,-128.007338715,-7.82));
#6965=CARTESIAN_POINT('',(289.681990212,-128.007338715,-8.32));
#6966=CARTESIAN_POINT('',(289.722310212,-128.087978715,-7.82));
#6967=CARTESIAN_POINT('',(289.722310212,-128.087978715,-8.32));
#6968=CARTESIAN_POINT('',(289.784995212,-128.159662215,-7.82));
#6969=CARTESIAN_POINT('',(289.784995212,-128.159662215,-8.32));
#6970=CARTESIAN_POINT('',(289.785533276,-128.160277519,-7.82));
#6971=CARTESIAN_POINT('',(289.785533276,-128.160277519,-8.32));
#6972=CARTESIAN_POINT('',(289.78607134,-128.160892823,-7.82));
#6973=CARTESIAN_POINT('',(289.78607134,-128.160892823,-8.32));
#6974=CARTESIAN_POINT('',(289.786609405,-128.161508127,-7.82));
#6975=CARTESIAN_POINT('',(289.786609405,-128.161508127,-8.32));
#6976=B_SPLINE_SURFACE_WITH_KNOTS('',3,1,((#6962,#6963),(#6964,#6965),(#6966,#6967),(#6968,#6969),(#6970,#6971),(#6972,#6973),(#6974,#6975)),.UNSPECIFIED.,.F.,.F.,.U.,(4,3,4),(2,2),(0.,1.,1.008583622),(1.,2.),.UNSPECIFIED.);
#6977=ORIENTED_EDGE('',*,*,#1404,.F.);
#6978=CARTESIAN_POINT('',(289.664035212,-127.917742215,-7.82));
#6979=VERTEX_POINT('',#6978);
#6980=CARTESIAN_POINT('',(289.664035212,-127.917742215,-7.82));
#6981=DIRECTION('',(0.,0.,-1.));
#6982=VECTOR('',#6981,0.5);
#6983=LINE('',#6980,#6982);
#6984=EDGE_CURVE('',#6979,#1393,#6983,.T.);
#6985=ORIENTED_EDGE('',*,*,#6984,.F.);
#6986=CARTESIAN_POINT('',(289.664035212,-127.917742215,-7.82));
#6987=CARTESIAN_POINT('',(289.673080916,-127.96288081,-7.82));
#6988=CARTESIAN_POINT('',(289.688106845,-128.006669939,-7.82));
#6989=CARTESIAN_POINT('',(289.708934503,-128.047790175,-7.82));
#6990=CARTESIAN_POINT('',(289.729762162,-128.08891041,-7.82));
#6991=CARTESIAN_POINT('',(289.756287351,-128.126833309,-7.82));
#6992=CARTESIAN_POINT('',(289.786609405,-128.161508127,-7.82));
#6993=B_SPLINE_CURVE_WITH_KNOTS('',3,(#6986,#6987,#6988,#6989,#6990,#6991,#6992),.UNSPECIFIED.,.F.,.F.,(4,3,4),(0.0011075,0.001245608,0.001383716),.UNSPECIFIED.);
#6994=EDGE_CURVE('',#6979,#6937,#6993,.T.);
#6995=ORIENTED_EDGE('',*,*,#6994,.T.);
#6996=ORIENTED_EDGE('',*,*,#6942,.T.);
#6997=EDGE_LOOP('',(#6977,#6985,#6995,#6996));
#6998=FACE_BOUND('',#6997,.T.);
#6999=ADVANCED_FACE('',(#6998),#6976,.T.);
#7000=CARTESIAN_POINT('',(289.664035212,-127.635502215,-7.82));
#7001=CARTESIAN_POINT('',(289.664035212,-127.635502215,-8.32));
#7002=CARTESIAN_POINT('',(289.637155212,-127.725098715,-7.82));
#7003=CARTESIAN_POINT('',(289.637155212,-127.725098715,-8.32));
#7004=CARTESIAN_POINT('',(289.637155212,-127.819178715,-7.82));
#7005=CARTESIAN_POINT('',(289.637155212,-127.819178715,-8.32));
#7006=CARTESIAN_POINT('',(289.664035212,-127.917742215,-7.82));
#7007=CARTESIAN_POINT('',(289.664035212,-127.917742215,-8.32));
#7008=B_SPLINE_SURFACE_WITH_KNOTS('',3,1,((#7000,#7001),(#7002,#7003),(#7004,#7005),(#7006,#7007)),.UNSPECIFIED.,.F.,.F.,.U.,(4,4),(2,2),(0.,1.),(1.,2.),.UNSPECIFIED.);
#7009=ORIENTED_EDGE('',*,*,#1728,.F.);
#7010=CARTESIAN_POINT('',(289.664035212,-127.635502215,-7.82));
#7011=VERTEX_POINT('',#7010);
#7012=CARTESIAN_POINT('',(289.664035212,-127.635502215,-7.82));
#7013=DIRECTION('',(0.,0.,-1.));
#7014=VECTOR('',#7013,0.5);
#7015=LINE('',#7012,#7014);
#7016=EDGE_CURVE('',#7011,#1712,#7015,.T.);
#7017=ORIENTED_EDGE('',*,*,#7016,.F.);
#7018=CARTESIAN_POINT('',(289.664035212,-127.635502215,-7.82));
#7019=CARTESIAN_POINT('',(289.650286317,-127.681330075,-7.82));
#7020=CARTESIAN_POINT('',(289.643550051,-127.728983629,-7.82));
#7021=CARTESIAN_POINT('',(289.643887568,-127.776755408,-7.82));
#7022=CARTESIAN_POINT('',(289.644225085,-127.824527188,-7.82));
#7023=CARTESIAN_POINT('',(289.651461258,-127.871636082,-7.82));
#7024=CARTESIAN_POINT('',(289.664035212,-127.917742215,-7.82));
#7025=B_SPLINE_CURVE_WITH_KNOTS('',3,(#7018,#7019,#7020,#7021,#7022,#7023,#7024),.UNSPECIFIED.,.F.,.F.,(4,3,4),(0.,0.000143074,0.000286149),.UNSPECIFIED.);
#7026=EDGE_CURVE('',#7011,#6979,#7025,.T.);
#7027=ORIENTED_EDGE('',*,*,#7026,.T.);
#7028=ORIENTED_EDGE('',*,*,#6984,.T.);
#7029=EDGE_LOOP('',(#7009,#7017,#7027,#7028));
#7030=FACE_BOUND('',#7029,.T.);
#7031=ADVANCED_FACE('',(#7030),#7008,.T.);
#7032=CARTESIAN_POINT('',(289.825315212,-127.420462215,-7.82));
#7033=CARTESIAN_POINT('',(289.825315212,-127.420462215,-8.32));
#7034=CARTESIAN_POINT('',(289.744675212,-127.474222215,-7.82));
#7035=CARTESIAN_POINT('',(289.744675212,-127.474222215,-8.32));
#7036=CARTESIAN_POINT('',(289.690915212,-127.545905715,-7.82));
#7037=CARTESIAN_POINT('',(289.690915212,-127.545905715,-8.32));
#7038=CARTESIAN_POINT('',(289.664035212,-127.635502215,-7.82));
#7039=CARTESIAN_POINT('',(289.664035212,-127.635502215,-8.32));
#7040=B_SPLINE_SURFACE_WITH_KNOTS('',3,1,((#7032,#7033),(#7034,#7035),(#7036,#7037),(#7038,#7039)),.UNSPECIFIED.,.F.,.F.,.U.,(4,4),(2,2),(0.,1.),(1.,2.),.UNSPECIFIED.);
#7041=ORIENTED_EDGE('',*,*,#1721,.F.);
#7042=CARTESIAN_POINT('',(289.825315212,-127.420462215,-7.82));
#7043=VERTEX_POINT('',#7042);
#7044=CARTESIAN_POINT('',(289.825315212,-127.420462215,-7.82));
#7045=DIRECTION('',(0.,0.,-1.));
#7046=VECTOR('',#7045,0.5);
#7047=LINE('',#7044,#7046);
#7048=EDGE_CURVE('',#7043,#1700,#7047,.T.);
#7049=ORIENTED_EDGE('',*,*,#7048,.F.);
#7050=CARTESIAN_POINT('',(289.825315212,-127.420462215,-7.82));
#7051=CARTESIAN_POINT('',(289.787182397,-127.445884091,-7.82));
#7052=CARTESIAN_POINT('',(289.752939086,-127.476908542,-7.82));
#7053=CARTESIAN_POINT('',(289.725290255,-127.513513829,-7.82));
#7054=CARTESIAN_POINT('',(289.697641425,-127.550119116,-7.82));
#7055=CARTESIAN_POINT('',(289.677195353,-127.591636789,-7.82));
#7056=CARTESIAN_POINT('',(289.664035212,-127.635502215,-7.82));
#7057=B_SPLINE_CURVE_WITH_KNOTS('',3,(#7050,#7051,#7052,#7053,#7054,#7055,#7056),.UNSPECIFIED.,.F.,.F.,(4,3,4),(0.001163007,0.001300496,0.001437986),.UNSPECIFIED.);
#7058=EDGE_CURVE('',#7043,#7011,#7057,.T.);
#7059=ORIENTED_EDGE('',*,*,#7058,.T.);
#7060=ORIENTED_EDGE('',*,*,#7016,.T.);
#7061=EDGE_LOOP('',(#7041,#7049,#7059,#7060));
#7062=FACE_BOUND('',#7061,.T.);
#7063=ADVANCED_FACE('',(#7062),#7040,.T.);
#7064=CARTESIAN_POINT('',(290.147875212,-127.353262215,-7.82));
#7065=CARTESIAN_POINT('',(290.147875212,-127.353262215,-8.32));
#7066=CARTESIAN_POINT('',(290.013475212,-127.335338715,-7.82));
#7067=CARTESIAN_POINT('',(290.013475212,-127.335338715,-8.32));
#7068=CARTESIAN_POINT('',(289.905955212,-127.357745715,-7.82));
#7069=CARTESIAN_POINT('',(289.905955212,-127.357745715,-8.32));
#7070=CARTESIAN_POINT('',(289.825315212,-127.420462215,-7.82));
#7071=CARTESIAN_POINT('',(289.825315212,-127.420462215,-8.32));
#7072=B_SPLINE_SURFACE_WITH_KNOTS('',3,1,((#7064,#7065),(#7066,#7067),(#7068,#7069),(#7070,#7071)),.UNSPECIFIED.,.F.,.F.,.U.,(4,4),(2,2),(0.,1.),(1.,2.),.UNSPECIFIED.);
#7073=ORIENTED_EDGE('',*,*,#1709,.F.);
#7074=CARTESIAN_POINT('',(290.147875212,-127.353262215,-7.82));
#7075=VERTEX_POINT('',#7074);
#7076=CARTESIAN_POINT('',(290.147875212,-127.353262215,-7.82));
#7077=DIRECTION('',(0.,0.,-1.));
#7078=VECTOR('',#7077,0.5);
#7079=LINE('',#7076,#7078);
#7080=EDGE_CURVE('',#7075,#1692,#7079,.T.);
#7081=ORIENTED_EDGE('',*,*,#7080,.F.);
#7082=CARTESIAN_POINT('',(290.147875212,-127.353262215,-7.82));
#7083=CARTESIAN_POINT('',(290.091836941,-127.345788986,-7.82));
#7084=CARTESIAN_POINT('',(290.034838506,-127.344406596,-7.82));
#7085=CARTESIAN_POINT('',(289.979184683,-127.354176941,-7.82));
#7086=CARTESIAN_POINT('',(289.923530859,-127.363947287,-7.82));
#7087=CARTESIAN_POINT('',(289.869882888,-127.3858004,-7.82));
#7088=CARTESIAN_POINT('',(289.825315212,-127.420462215,-7.82));
#7089=B_SPLINE_CURVE_WITH_KNOTS('',3,(#7082,#7083,#7084,#7085,#7086,#7087,#7088),.UNSPECIFIED.,.F.,.F.,(4,3,4),(0.000854373,0.001023976,0.001193579),.UNSPECIFIED.);
#7090=EDGE_CURVE('',#7075,#7043,#7089,.T.);
#7091=ORIENTED_EDGE('',*,*,#7090,.T.);
#7092=ORIENTED_EDGE('',*,*,#7048,.T.);
#7093=EDGE_LOOP('',(#7073,#7081,#7091,#7092));
#7094=FACE_BOUND('',#7093,.T.);
#7095=ADVANCED_FACE('',(#7094),#7072,.T.);
#7096=CARTESIAN_POINT('',(290.356195212,-127.366702215,-7.32));
#7097=DIRECTION('',(-0.064382278,-0.997925309,0.));
#7098=DIRECTION('',(0.997925309,-0.064382278,0.));
#7099=AXIS2_PLACEMENT_3D('',#7096,#7097,#7098);
#7100=PLANE('',#7099);
#7101=ORIENTED_EDGE('',*,*,#1697,.F.);
#7102=CARTESIAN_POINT('',(290.564515212,-127.380142215,-7.82));
#7103=VERTEX_POINT('',#7102);
#7104=CARTESIAN_POINT('',(290.564515212,-127.380142215,-7.82));
#7105=DIRECTION('',(0.,0.,-1.));
#7106=VECTOR('',#7105,0.5);
#7107=LINE('',#7104,#7106);
#7108=EDGE_CURVE('',#7103,#1677,#7107,.T.);
#7109=ORIENTED_EDGE('',*,*,#7108,.F.);
#7110=CARTESIAN_POINT('',(290.564515212,-127.380142215,-7.82));
#7111=DIRECTION('',(-0.997925309,0.064382278,0.));
#7112=VECTOR('',#7111,0.417506196);
#7113=LINE('',#7110,#7112);
#7114=EDGE_CURVE('',#7103,#7075,#7113,.T.);
#7115=ORIENTED_EDGE('',*,*,#7114,.T.);
#7116=ORIENTED_EDGE('',*,*,#7080,.T.);
#7117=EDGE_LOOP('',(#7101,#7109,#7115,#7116));
#7118=FACE_BOUND('',#7117,.T.);
#7119=ADVANCED_FACE('',(#7118),#7100,.T.);
#7120=CARTESIAN_POINT('',(292.446115212,-128.173102215,-7.82));
#7121=CARTESIAN_POINT('',(292.446115212,-128.173102215,-8.32));
#7122=CARTESIAN_POINT('',(292.016035212,-127.716142215,-7.82));
#7123=CARTESIAN_POINT('',(292.016035212,-127.716142215,-8.32));
#7124=CARTESIAN_POINT('',(291.388870212,-127.451825715,-7.82));
#7125=CARTESIAN_POINT('',(291.388870212,-127.451825715,-8.32));
#7126=CARTESIAN_POINT('',(290.564515212,-127.380142215,-7.82));
#7127=CARTESIAN_POINT('',(290.564515212,-127.380142215,-8.32));
#7128=B_SPLINE_SURFACE_WITH_KNOTS('',3,1,((#7120,#7121),(#7122,#7123),(#7124,#7125),(#7126,#7127)),.UNSPECIFIED.,.F.,.F.,.U.,(4,4),(2,2),(0.,1.),(1.,2.),.UNSPECIFIED.);
#7129=ORIENTED_EDGE('',*,*,#1689,.F.);
#7130=CARTESIAN_POINT('',(292.446115212,-128.173102215,-7.82));
#7131=VERTEX_POINT('',#7130);
#7132=CARTESIAN_POINT('',(292.446115212,-128.173102215,-7.82));
#7133=DIRECTION('',(0.,0.,-1.));
#7134=VECTOR('',#7133,0.5);
#7135=LINE('',#7132,#7134);
#7136=EDGE_CURVE('',#7131,#1656,#7135,.T.);
#7137=ORIENTED_EDGE('',*,*,#7136,.F.);
#7138=CARTESIAN_POINT('',(292.446115212,-128.173102215,-7.82));
#7139=CARTESIAN_POINT('',(292.32612314,-128.045610639,-7.82));
#7140=CARTESIAN_POINT('',(292.189869828,-127.932984618,-7.82));
#7141=CARTESIAN_POINT('',(292.04441063,-127.83840145,-7.82));
#7142=CARTESIAN_POINT('',(291.898951433,-127.743818281,-7.82));
#7143=CARTESIAN_POINT('',(291.742236466,-127.665512059,-7.82));
#7144=CARTESIAN_POINT('',(291.579474277,-127.602324953,-7.82));
#7145=CARTESIAN_POINT('',(291.253949901,-127.475950743,-7.82));
#7146=CARTESIAN_POINT('',(290.912447137,-127.410397357,-7.82));
#7147=CARTESIAN_POINT('',(290.564515212,-127.380142215,-7.82));
#7148=B_SPLINE_CURVE_WITH_KNOTS('',3,(#7138,#7139,#7140,#7141,#7142,#7143,#7144,#7145,#7146,#7147),.UNSPECIFIED.,.F.,.F.,(4,3,3,4),(0.003762473,0.004287706,0.004812939,0.005863405),.UNSPECIFIED.);
#7149=EDGE_CURVE('',#7131,#7103,#7148,.T.);
#7150=ORIENTED_EDGE('',*,*,#7149,.T.);
#7151=ORIENTED_EDGE('',*,*,#7108,.T.);
#7152=EDGE_LOOP('',(#7129,#7137,#7150,#7151));
#7153=FACE_BOUND('',#7152,.T.);
#7154=ADVANCED_FACE('',(#7153),#7128,.T.);
#7155=CARTESIAN_POINT('',(293.077795212,-130.148782215,-7.82));
#7156=CARTESIAN_POINT('',(293.077795212,-130.148782215,-8.32));
#7157=CARTESIAN_POINT('',(293.077795212,-129.279665715,-7.82));
#7158=CARTESIAN_POINT('',(293.077795212,-129.279665715,-8.32));
#7159=CARTESIAN_POINT('',(292.867270212,-128.621105715,-7.82));
#7160=CARTESIAN_POINT('',(292.867270212,-128.621105715,-8.32));
#7161=CARTESIAN_POINT('',(292.446115212,-128.173102215,-7.82));
#7162=CARTESIAN_POINT('',(292.446115212,-128.173102215,-8.32));
#7163=B_SPLINE_SURFACE_WITH_KNOTS('',3,1,((#7155,#7156),(#7157,#7158),(#7159,#7160),(#7161,#7162)),.UNSPECIFIED.,.F.,.F.,.U.,(4,4),(2,2),(0.,1.),(1.,2.),.UNSPECIFIED.);
#7164=ORIENTED_EDGE('',*,*,#1674,.F.);
#7165=CARTESIAN_POINT('',(293.077795212,-130.148782215,-7.82));
#7166=VERTEX_POINT('',#7165);
#7167=CARTESIAN_POINT('',(293.077795212,-130.148782215,-7.82));
#7168=DIRECTION('',(0.,0.,-1.));
#7169=VECTOR('',#7168,0.5);
#7170=LINE('',#7167,#7169);
#7171=EDGE_CURVE('',#7166,#1648,#7170,.T.);
#7172=ORIENTED_EDGE('',*,*,#7171,.F.);
#7173=CARTESIAN_POINT('',(293.077795212,-130.148782215,-7.82));
#7174=CARTESIAN_POINT('',(293.077795212,-129.971123395,-7.82));
#7175=CARTESIAN_POINT('',(293.069038192,-129.793499352,-7.82));
#7176=CARTESIAN_POINT('',(293.048689858,-129.618177775,-7.82));
#7177=CARTESIAN_POINT('',(293.028341524,-129.442856198,-7.82));
#7178=CARTESIAN_POINT('',(292.996493436,-129.269353795,-7.82));
#7179=CARTESIAN_POINT('',(292.948497717,-129.098405826,-7.82));
#7180=CARTESIAN_POINT('',(292.900501998,-128.927457857,-7.82));
#7181=CARTESIAN_POINT('',(292.836425575,-128.760932833,-7.82));
#7182=CARTESIAN_POINT('',(292.7539128,-128.605630252,-7.82));
#7183=CARTESIAN_POINT('',(292.712656413,-128.527978962,-7.82));
#7184=CARTESIAN_POINT('',(292.666678855,-128.452780957,-7.82));
#7185=CARTESIAN_POINT('',(292.615382787,-128.380346634,-7.82));
#7186=CARTESIAN_POINT('',(292.56408672,-128.307912311,-7.82));
#7187=CARTESIAN_POINT('',(292.507269337,-128.238154896,-7.82));
#7188=CARTESIAN_POINT('',(292.446115212,-128.173102215,-7.82));
#7189=B_SPLINE_CURVE_WITH_KNOTS('',3,(#7173,#7174,#7175,#7176,#7177,#7178,#7179,#7180,#7181,#7182,#7183,#7184,#7185,#7186,#7187,#7188),.UNSPECIFIED.,.F.,.F.,(4,3,3,3,3,4),(0.005818111,0.006351088,0.006884064,0.007417041,0.007683529,0.007950017),.UNSPECIFIED.);
#7190=EDGE_CURVE('',#7166,#7131,#7189,.T.);
#7191=ORIENTED_EDGE('',*,*,#7190,.T.);
#7192=ORIENTED_EDGE('',*,*,#7136,.T.);
#7193=EDGE_LOOP('',(#7164,#7172,#7191,#7192));
#7194=FACE_BOUND('',#7193,.T.);
#7195=ADVANCED_FACE('',(#7194),#7163,.T.);
#7196=CARTESIAN_POINT('',(293.077795212,-130.236142215,-7.32));
#7197=DIRECTION('',(-1.,0.,0.));
#7198=DIRECTION('',(0.,0.,1.));
#7199=AXIS2_PLACEMENT_3D('',#7196,#7197,#7198);
#7200=PLANE('',#7199);
#7201=ORIENTED_EDGE('',*,*,#1653,.F.);
#7202=CARTESIAN_POINT('',(293.077795212,-130.323502215,-7.82));
#7203=VERTEX_POINT('',#7202);
#7204=CARTESIAN_POINT('',(293.077795212,-130.323502215,-7.82));
#7205=DIRECTION('',(0.,0.,-1.));
#7206=VECTOR('',#7205,0.5);
#7207=LINE('',#7204,#7206);
#7208=EDGE_CURVE('',#7203,#1640,#7207,.T.);
#7209=ORIENTED_EDGE('',*,*,#7208,.F.);
#7210=CARTESIAN_POINT('',(293.077795212,-130.323502215,-7.82));
#7211=DIRECTION('',(0.,1.,0.));
#7212=VECTOR('',#7211,0.17472);
#7213=LINE('',#7210,#7212);
#7214=EDGE_CURVE('',#7203,#7166,#7213,.T.);
#7215=ORIENTED_EDGE('',*,*,#7214,.T.);
#7216=ORIENTED_EDGE('',*,*,#7171,.T.);
#7217=EDGE_LOOP('',(#7201,#7209,#7215,#7216));
#7218=FACE_BOUND('',#7217,.T.);
#7219=ADVANCED_FACE('',(#7218),#7200,.T.);
#7220=CARTESIAN_POINT('',(293.480995212,-130.323502215,-7.32));
#7221=DIRECTION('',(0.,-1.,0.));
#7222=DIRECTION('',(0.,0.,-1.));
#7223=AXIS2_PLACEMENT_3D('',#7220,#7221,#7222);
#7224=PLANE('',#7223);
#7225=ORIENTED_EDGE('',*,*,#1645,.F.);
#7226=CARTESIAN_POINT('',(293.884195212,-130.323502215,-7.82));
#7227=VERTEX_POINT('',#7226);
#7228=CARTESIAN_POINT('',(293.884195212,-130.323502215,-7.82));
#7229=DIRECTION('',(0.,0.,-1.));
#7230=VECTOR('',#7229,0.5);
#7231=LINE('',#7228,#7230);
#7232=EDGE_CURVE('',#7227,#1628,#7231,.T.);
#7233=ORIENTED_EDGE('',*,*,#7232,.F.);
#7234=CARTESIAN_POINT('',(293.884195212,-130.323502215,-7.82));
#7235=DIRECTION('',(-1.,0.,0.));
#7236=VECTOR('',#7235,0.8064);
#7237=LINE('',#7234,#7236);
#7238=EDGE_CURVE('',#7227,#7203,#7237,.T.);
#7239=ORIENTED_EDGE('',*,*,#7238,.T.);
#7240=ORIENTED_EDGE('',*,*,#7208,.T.);
#7241=EDGE_LOOP('',(#7225,#7233,#7239,#7240));
#7242=FACE_BOUND('',#7241,.T.);
#7243=ADVANCED_FACE('',(#7242),#7224,.T.);
#7244=CARTESIAN_POINT('',(294.260515212,-130.444462215,-7.82));
#7245=CARTESIAN_POINT('',(294.260515212,-130.444462215,-8.32));
#7246=CARTESIAN_POINT('',(294.170950212,-130.363822215,-7.82));
#7247=CARTESIAN_POINT('',(294.170950212,-130.363822215,-8.32));
#7248=CARTESIAN_POINT('',(294.045475212,-130.323502215,-7.82));
#7249=CARTESIAN_POINT('',(294.045475212,-130.323502215,-8.32));
#7250=CARTESIAN_POINT('',(293.884195212,-130.323502215,-7.82));
#7251=CARTESIAN_POINT('',(293.884195212,-130.323502215,-8.32));
#7252=B_SPLINE_SURFACE_WITH_KNOTS('',3,1,((#7244,#7245),(#7246,#7247),(#7248,#7249),(#7250,#7251)),.UNSPECIFIED.,.F.,.F.,.U.,(4,4),(2,2),(0.,1.),(1.,2.),.UNSPECIFIED.);
#7253=ORIENTED_EDGE('',*,*,#1637,.F.);
#7254=CARTESIAN_POINT('',(294.260515212,-130.444462215,-7.82));
#7255=VERTEX_POINT('',#7254);
#7256=CARTESIAN_POINT('',(294.260515212,-130.444462215,-7.82));
#7257=DIRECTION('',(0.,0.,-1.));
#7258=VECTOR('',#7257,0.5);
#7259=LINE('',#7256,#7258);
#7260=EDGE_CURVE('',#7255,#1616,#7259,.T.);
#7261=ORIENTED_EDGE('',*,*,#7260,.F.);
#7262=CARTESIAN_POINT('',(294.260515212,-130.444462215,-7.82));
#7263=CARTESIAN_POINT('',(294.210134254,-130.399101634,-7.82));
#7264=CARTESIAN_POINT('',(294.148426685,-130.367647256,-7.82));
#7265=CARTESIAN_POINT('',(294.083508031,-130.348948933,-7.82));
#7266=CARTESIAN_POINT('',(294.018589376,-130.330250609,-7.82));
#7267=CARTESIAN_POINT('',(293.951766348,-130.323507237,-7.82));
#7268=CARTESIAN_POINT('',(293.884195212,-130.323502212,-7.82));
#7269=B_SPLINE_CURVE_WITH_KNOTS('',3,(#7262,#7263,#7264,#7265,#7266,#7267,#7268),.UNSPECIFIED.,.F.,.F.,(4,3,4),(0.000577147,0.000780524,0.000983902),.UNSPECIFIED.);
#7270=EDGE_CURVE('',#7255,#7227,#7269,.T.);
#7271=ORIENTED_EDGE('',*,*,#7270,.T.);
#7272=ORIENTED_EDGE('',*,*,#7232,.T.);
#7273=EDGE_LOOP('',(#7253,#7261,#7271,#7272));
#7274=FACE_BOUND('',#7273,.T.);
#7275=ADVANCED_FACE('',(#7274),#7252,.T.);
#7276=CARTESIAN_POINT('',(294.394915212,-130.793902215,-7.82));
#7277=CARTESIAN_POINT('',(294.394915212,-130.793902215,-8.32));
#7278=CARTESIAN_POINT('',(294.394915212,-130.641578715,-7.82));
#7279=CARTESIAN_POINT('',(294.394915212,-130.641578715,-8.32));
#7280=CARTESIAN_POINT('',(294.350080212,-130.525102215,-7.82));
#7281=CARTESIAN_POINT('',(294.350080212,-130.525102215,-8.32));
#7282=CARTESIAN_POINT('',(294.260515212,-130.444462215,-7.82));
#7283=CARTESIAN_POINT('',(294.260515212,-130.444462215,-8.32));
#7284=B_SPLINE_SURFACE_WITH_KNOTS('',3,1,((#7276,#7277),(#7278,#7279),(#7280,#7281),(#7282,#7283)),.UNSPECIFIED.,.F.,.F.,.U.,(4,4),(2,2),(0.,1.),(1.,2.),.UNSPECIFIED.);
#7285=ORIENTED_EDGE('',*,*,#1625,.F.);
#7286=CARTESIAN_POINT('',(294.394915212,-130.793902215,-7.82));
#7287=VERTEX_POINT('',#7286);
#7288=CARTESIAN_POINT('',(294.394915212,-130.793902215,-7.82));
#7289=DIRECTION('',(0.,0.,-1.));
#7290=VECTOR('',#7289,0.5);
#7291=LINE('',#7288,#7290);
#7292=EDGE_CURVE('',#7287,#1604,#7291,.T.);
#7293=ORIENTED_EDGE('',*,*,#7292,.F.);
#7294=CARTESIAN_POINT('',(294.394915212,-130.793902215,-7.82));
#7295=CARTESIAN_POINT('',(294.394915212,-130.729370222,-7.82));
#7296=CARTESIAN_POINT('',(294.387166073,-130.665515715,-7.82));
#7297=CARTESIAN_POINT('',(294.365819115,-130.604596392,-7.82));
#7298=CARTESIAN_POINT('',(294.344472158,-130.543677069,-7.82));
#7299=CARTESIAN_POINT('',(294.308629495,-130.487781992,-7.82));
#7300=CARTESIAN_POINT('',(294.260515212,-130.444462215,-7.82));
#7301=B_SPLINE_CURVE_WITH_KNOTS('',3,(#7294,#7295,#7296,#7297,#7298,#7299,#7300),.UNSPECIFIED.,.F.,.F.,(4,3,4),(0.0008878,0.001081396,0.001274992),.UNSPECIFIED.);
#7302=EDGE_CURVE('',#7287,#7255,#7301,.T.);
#7303=ORIENTED_EDGE('',*,*,#7302,.T.);
#7304=ORIENTED_EDGE('',*,*,#7260,.T.);
#7305=EDGE_LOOP('',(#7285,#7293,#7303,#7304));
#7306=FACE_BOUND('',#7305,.T.);
#7307=ADVANCED_FACE('',(#7306),#7284,.T.);
#7308=CARTESIAN_POINT('',(294.260515212,-131.143342215,-7.82));
#7309=CARTESIAN_POINT('',(294.260515212,-131.143342215,-8.32));
#7310=CARTESIAN_POINT('',(294.350080212,-131.053745715,-7.82));
#7311=CARTESIAN_POINT('',(294.350080212,-131.053745715,-8.32));
#7312=CARTESIAN_POINT('',(294.394915212,-130.937258715,-7.82));
#7313=CARTESIAN_POINT('',(294.394915212,-130.937258715,-8.32));
#7314=CARTESIAN_POINT('',(294.394915212,-130.793902215,-7.82));
#7315=CARTESIAN_POINT('',(294.394915212,-130.793902215,-8.32));
#7316=B_SPLINE_SURFACE_WITH_KNOTS('',3,1,((#7308,#7309),(#7310,#7311),(#7312,#7313),(#7314,#7315)),.UNSPECIFIED.,.F.,.F.,.U.,(4,4),(2,2),(0.,1.),(1.,2.),.UNSPECIFIED.);
#7317=ORIENTED_EDGE('',*,*,#1613,.F.);
#7318=CARTESIAN_POINT('',(294.260515212,-131.143342215,-7.82));
#7319=VERTEX_POINT('',#7318);
#7320=CARTESIAN_POINT('',(294.260515212,-131.143342215,-7.82));
#7321=DIRECTION('',(0.,0.,-1.));
#7322=VECTOR('',#7321,0.5);
#7323=LINE('',#7320,#7322);
#7324=EDGE_CURVE('',#7319,#1592,#7323,.T.);
#7325=ORIENTED_EDGE('',*,*,#7324,.F.);
#7326=CARTESIAN_POINT('',(294.260515212,-131.143342215,-7.82));
#7327=CARTESIAN_POINT('',(294.305876866,-131.097964607,-7.82));
#7328=CARTESIAN_POINT('',(294.341336566,-131.043091391,-7.82));
#7329=CARTESIAN_POINT('',(294.36357607,-130.982743563,-7.82));
#7330=CARTESIAN_POINT('',(294.385815575,-130.922395735,-7.82));
#7331=CARTESIAN_POINT('',(294.394915212,-130.858128262,-7.82));
#7332=CARTESIAN_POINT('',(294.394915212,-130.793902215,-7.82));
#7333=B_SPLINE_CURVE_WITH_KNOTS('',3,(#7326,#7327,#7328,#7329,#7330,#7331,#7332),.UNSPECIFIED.,.F.,.F.,(4,3,4),(0.001520236,0.001712723,0.00190521),.UNSPECIFIED.);
#7334=EDGE_CURVE('',#7319,#7287,#7333,.T.);
#7335=ORIENTED_EDGE('',*,*,#7334,.T.);
#7336=ORIENTED_EDGE('',*,*,#7292,.T.);
#7337=EDGE_LOOP('',(#7317,#7325,#7335,#7336));
#7338=FACE_BOUND('',#7337,.T.);
#7339=ADVANCED_FACE('',(#7338),#7316,.T.);
#7340=CARTESIAN_POINT('',(293.884195212,-131.264302215,-7.82));
#7341=CARTESIAN_POINT('',(293.884195212,-131.264302215,-8.32));
#7342=CARTESIAN_POINT('',(294.045475212,-131.264302215,-7.82));
#7343=CARTESIAN_POINT('',(294.045475212,-131.264302215,-8.32));
#7344=CARTESIAN_POINT('',(294.170950212,-131.223982215,-7.82));
#7345=CARTESIAN_POINT('',(294.170950212,-131.223982215,-8.32));
#7346=CARTESIAN_POINT('',(294.260515212,-131.143342215,-7.82));
#7347=CARTESIAN_POINT('',(294.260515212,-131.143342215,-8.32));
#7348=B_SPLINE_SURFACE_WITH_KNOTS('',3,1,((#7340,#7341),(#7342,#7343),(#7344,#7345),(#7346,#7347)),.UNSPECIFIED.,.F.,.F.,.U.,(4,4),(2,2),(0.,1.),(1.,2.),.UNSPECIFIED.);
#7349=ORIENTED_EDGE('',*,*,#1601,.F.);
#7350=CARTESIAN_POINT('',(293.884195212,-131.264302215,-7.82));
#7351=VERTEX_POINT('',#7350);
#7352=CARTESIAN_POINT('',(293.884195212,-131.264302215,-7.82));
#7353=DIRECTION('',(0.,0.,-1.));
#7354=VECTOR('',#7353,0.5);
#7355=LINE('',#7352,#7354);
#7356=EDGE_CURVE('',#7351,#1584,#7355,.T.);
#7357=ORIENTED_EDGE('',*,*,#7356,.F.);
#7358=CARTESIAN_POINT('',(293.884195212,-131.264302215,-7.82));
#7359=CARTESIAN_POINT('',(293.951646486,-131.264302215,-7.82));
#7360=CARTESIAN_POINT('',(294.019246834,-131.257438238,-7.82));
#7361=CARTESIAN_POINT('',(294.084064917,-131.238694779,-7.82));
#7362=CARTESIAN_POINT('',(294.148883,-131.21995132,-7.82));
#7363=CARTESIAN_POINT('',(294.210285382,-131.188566727,-7.82));
#7364=CARTESIAN_POINT('',(294.260515212,-131.143342215,-7.82));
#7365=B_SPLINE_CURVE_WITH_KNOTS('',3,(#7358,#7359,#7360,#7361,#7362,#7363,#7364),.UNSPECIFIED.,.F.,.F.,(4,3,4),(0.001149794,0.001352148,0.001554502),.UNSPECIFIED.);
#7366=EDGE_CURVE('',#7351,#7319,#7365,.T.);
#7367=ORIENTED_EDGE('',*,*,#7366,.T.);
#7368=ORIENTED_EDGE('',*,*,#7324,.T.);
#7369=EDGE_LOOP('',(#7349,#7357,#7367,#7368));
#7370=FACE_BOUND('',#7369,.T.);
#7371=ADVANCED_FACE('',(#7370),#7348,.T.);
#7372=CARTESIAN_POINT('',(293.480995212,-131.264302215,-7.32));
#7373=DIRECTION('',(0.,1.,0.));
#7374=DIRECTION('',(0.,0.,1.));
#7375=AXIS2_PLACEMENT_3D('',#7372,#7373,#7374);
#7376=PLANE('',#7375);
#7377=ORIENTED_EDGE('',*,*,#1589,.F.);
#7378=CARTESIAN_POINT('',(293.077795212,-131.264302215,-7.82));
#7379=VERTEX_POINT('',#7378);
#7380=CARTESIAN_POINT('',(293.077795212,-131.264302215,-7.82));
#7381=DIRECTION('',(0.,0.,-1.));
#7382=VECTOR('',#7381,0.5);
#7383=LINE('',#7380,#7382);
#7384=EDGE_CURVE('',#7379,#1576,#7383,.T.);
#7385=ORIENTED_EDGE('',*,*,#7384,.F.);
#7386=CARTESIAN_POINT('',(293.077795212,-131.264302215,-7.82));
#7387=DIRECTION('',(1.,0.,-0.));
#7388=VECTOR('',#7387,0.8064);
#7389=LINE('',#7386,#7388);
#7390=EDGE_CURVE('',#7379,#7351,#7389,.T.);
#7391=ORIENTED_EDGE('',*,*,#7390,.T.);
#7392=ORIENTED_EDGE('',*,*,#7356,.T.);
#7393=EDGE_LOOP('',(#7377,#7385,#7391,#7392));
#7394=FACE_BOUND('',#7393,.T.);
#7395=ADVANCED_FACE('',(#7394),#7376,.T.);
#7396=CARTESIAN_POINT('',(293.077795212,-133.797742215,-7.32));
#7397=DIRECTION('',(-1.,0.,0.));
#7398=DIRECTION('',(0.,0.,1.));
#7399=AXIS2_PLACEMENT_3D('',#7396,#7397,#7398);
#7400=PLANE('',#7399);
#7401=ORIENTED_EDGE('',*,*,#1581,.F.);
#7402=CARTESIAN_POINT('',(293.077795212,-136.331182215,-7.82));
#7403=VERTEX_POINT('',#7402);
#7404=CARTESIAN_POINT('',(293.077795212,-136.331182215,-7.82));
#7405=DIRECTION('',(0.,0.,-1.));
#7406=VECTOR('',#7405,0.5);
#7407=LINE('',#7404,#7406);
#7408=EDGE_CURVE('',#7403,#1564,#7407,.T.);
#7409=ORIENTED_EDGE('',*,*,#7408,.F.);
#7410=CARTESIAN_POINT('',(293.077795212,-136.331182215,-7.82));
#7411=DIRECTION('',(0.,1.,0.));
#7412=VECTOR('',#7411,5.06688);
#7413=LINE('',#7410,#7412);
#7414=EDGE_CURVE('',#7403,#7379,#7413,.T.);
#7415=ORIENTED_EDGE('',*,*,#7414,.T.);
#7416=ORIENTED_EDGE('',*,*,#7384,.T.);
#7417=EDGE_LOOP('',(#7401,#7409,#7415,#7416));
#7418=FACE_BOUND('',#7417,.T.);
#7419=ADVANCED_FACE('',(#7418),#7400,.T.);
#7420=CARTESIAN_POINT('',(292.916515212,-136.801582215,-7.82));
#7421=CARTESIAN_POINT('',(292.916515212,-136.801582215,-8.32));
#7422=CARTESIAN_POINT('',(293.024035212,-136.694062215,-7.82));
#7423=CARTESIAN_POINT('',(293.024035212,-136.694062215,-8.32));
#7424=CARTESIAN_POINT('',(293.077795212,-136.537297215,-7.82));
#7425=CARTESIAN_POINT('',(293.077795212,-136.537297215,-8.32));
#7426=CARTESIAN_POINT('',(293.077795212,-136.331182215,-7.82));
#7427=CARTESIAN_POINT('',(293.077795212,-136.331182215,-8.32));
#7428=B_SPLINE_SURFACE_WITH_KNOTS('',3,1,((#7420,#7421),(#7422,#7423),(#7424,#7425),(#7426,#7427)),.UNSPECIFIED.,.F.,.F.,.U.,(4,4),(2,2),(0.,1.),(1.,2.),.UNSPECIFIED.);
#7429=ORIENTED_EDGE('',*,*,#1573,.F.);
#7430=CARTESIAN_POINT('',(292.916515212,-136.801582215,-7.82));
#7431=VERTEX_POINT('',#7430);
#7432=CARTESIAN_POINT('',(292.916515212,-136.801582215,-7.82));
#7433=DIRECTION('',(0.,0.,-1.));
#7434=VECTOR('',#7433,0.5);
#7435=LINE('',#7432,#7434);
#7436=EDGE_CURVE('',#7431,#1552,#7435,.T.);
#7437=ORIENTED_EDGE('',*,*,#7436,.F.);
#7438=CARTESIAN_POINT('',(292.916515212,-136.801582215,-7.82));
#7439=CARTESIAN_POINT('',(292.976933029,-136.741164397,-7.82));
#7440=CARTESIAN_POINT('',(293.019079812,-136.664703997,-7.82));
#7441=CARTESIAN_POINT('',(293.043990851,-136.583252528,-7.82));
#7442=CARTESIAN_POINT('',(293.06890189,-136.50180106,-7.82));
#7443=CARTESIAN_POINT('',(293.077795212,-136.41636068,-7.82));
#7444=CARTESIAN_POINT('',(293.077795212,-136.331182215,-7.82));
#7445=B_SPLINE_CURVE_WITH_KNOTS('',3,(#7438,#7439,#7440,#7441,#7442,#7443,#7444),.UNSPECIFIED.,.F.,.F.,(4,3,4),(0.001297897,0.001553433,0.001808968),.UNSPECIFIED.);
#7446=EDGE_CURVE('',#7431,#7403,#7445,.T.);
#7447=ORIENTED_EDGE('',*,*,#7446,.T.);
#7448=ORIENTED_EDGE('',*,*,#7408,.T.);
#7449=EDGE_LOOP('',(#7429,#7437,#7447,#7448));
#7450=FACE_BOUND('',#7449,.T.);
#7451=ADVANCED_FACE('',(#7450),#7428,.T.);
#7452=CARTESIAN_POINT('',(292.459555212,-136.962862215,-7.82));
#7453=CARTESIAN_POINT('',(292.459555212,-136.962862215,-8.32));
#7454=CARTESIAN_POINT('',(292.656640212,-136.962862215,-7.82));
#7455=CARTESIAN_POINT('',(292.656640212,-136.962862215,-8.32));
#7456=CARTESIAN_POINT('',(292.808995212,-136.909102215,-7.82));
#7457=CARTESIAN_POINT('',(292.808995212,-136.909102215,-8.32));
#7458=CARTESIAN_POINT('',(292.916515212,-136.801582215,-7.82));
#7459=CARTESIAN_POINT('',(292.916515212,-136.801582215,-8.32));
#7460=B_SPLINE_SURFACE_WITH_KNOTS('',3,1,((#7452,#7453),(#7454,#7455),(#7456,#7457),(#7458,#7459)),.UNSPECIFIED.,.F.,.F.,.U.,(4,4),(2,2),(0.,1.),(1.,2.),.UNSPECIFIED.);
#7461=ORIENTED_EDGE('',*,*,#1561,.F.);
#7462=CARTESIAN_POINT('',(292.459555212,-136.962862215,-7.82));
#7463=VERTEX_POINT('',#7462);
#7464=CARTESIAN_POINT('',(292.459555212,-136.962862215,-7.82));
#7465=DIRECTION('',(0.,0.,-1.));
#7466=VECTOR('',#7465,0.5);
#7467=LINE('',#7464,#7466);
#7468=EDGE_CURVE('',#7463,#1531,#7467,.T.);
#7469=ORIENTED_EDGE('',*,*,#7468,.F.);
#7470=CARTESIAN_POINT('',(292.459555212,-136.962862215,-7.82));
#7471=CARTESIAN_POINT('',(292.542720167,-136.962862215,-7.82));
#7472=CARTESIAN_POINT('',(292.626034432,-136.953487762,-7.82));
#7473=CARTESIAN_POINT('',(292.705155782,-136.928088158,-7.82));
#7474=CARTESIAN_POINT('',(292.784277132,-136.902688554,-7.82));
#7475=CARTESIAN_POINT('',(292.857974456,-136.86012297,-7.82));
#7476=CARTESIAN_POINT('',(292.916515212,-136.801582215,-7.82));
#7477=B_SPLINE_CURVE_WITH_KNOTS('',3,(#7470,#7471,#7472,#7473,#7474,#7475,#7476),.UNSPECIFIED.,.F.,.F.,(4,3,4),(0.001267689,0.001517184,0.001766678),.UNSPECIFIED.);
#7478=EDGE_CURVE('',#7463,#7431,#7477,.T.);
#7479=ORIENTED_EDGE('',*,*,#7478,.T.);
#7480=ORIENTED_EDGE('',*,*,#7436,.T.);
#7481=EDGE_LOOP('',(#7461,#7469,#7479,#7480));
#7482=FACE_BOUND('',#7481,.T.);
#7483=ADVANCED_FACE('',(#7482),#7460,.T.);
#7484=CARTESIAN_POINT('',(291.854755212,-136.331182215,-7.82));
#7485=CARTESIAN_POINT('',(291.854755212,-136.331182215,-8.32));
#7486=CARTESIAN_POINT('',(291.854755212,-136.752337215,-7.82));
#7487=CARTESIAN_POINT('',(291.854755212,-136.752337215,-8.32));
#7488=CARTESIAN_POINT('',(292.056355212,-136.962862215,-7.82));
#7489=CARTESIAN_POINT('',(292.056355212,-136.962862215,-8.32));
#7490=CARTESIAN_POINT('',(292.459555212,-136.962862215,-7.82));
#7491=CARTESIAN_POINT('',(292.459555212,-136.962862215,-8.32));
#7492=B_SPLINE_SURFACE_WITH_KNOTS('',3,1,((#7484,#7485),(#7486,#7487),(#7488,#7489),(#7490,#7491)),.UNSPECIFIED.,.F.,.F.,.U.,(4,4),(2,2),(0.,1.),(1.,2.),.UNSPECIFIED.);
#7493=ORIENTED_EDGE('',*,*,#1549,.F.);
#7494=CARTESIAN_POINT('',(291.854755212,-136.331182215,-7.82));
#7495=VERTEX_POINT('',#7494);
#7496=CARTESIAN_POINT('',(291.854755212,-136.331182215,-7.82));
#7497=DIRECTION('',(0.,0.,-1.));
#7498=VECTOR('',#7497,0.5);
#7499=LINE('',#7496,#7498);
#7500=EDGE_CURVE('',#7495,#1523,#7499,.T.);
#7501=ORIENTED_EDGE('',*,*,#7500,.F.);
#7502=CARTESIAN_POINT('',(291.854755212,-136.331182215,-7.82));
#7503=CARTESIAN_POINT('',(291.854755212,-136.415122802,-7.82));
#7504=CARTESIAN_POINT('',(291.862350695,-136.498864087,-7.82));
#7505=CARTESIAN_POINT('',(291.884354582,-136.579768954,-7.82));
#7506=CARTESIAN_POINT('',(291.895356525,-136.620221387,-7.82));
#7507=CARTESIAN_POINT('',(291.90986085,-136.659247931,-7.82));
#7508=CARTESIAN_POINT('',(291.929038721,-136.696371782,-7.82));
#7509=CARTESIAN_POINT('',(291.948216592,-136.733495632,-7.82));
#7510=CARTESIAN_POINT('',(291.972250436,-136.768639913,-7.82));
#7511=CARTESIAN_POINT('',(292.000909209,-136.799595846,-7.82));
#7512=CARTESIAN_POINT('',(292.058226755,-136.861507711,-7.82));
#7513=CARTESIAN_POINT('',(292.132967669,-136.904219851,-7.82));
#7514=CARTESIAN_POINT('',(292.212284701,-136.929120017,-7.82));
#7515=CARTESIAN_POINT('',(292.291601733,-136.954020183,-7.82));
#7516=CARTESIAN_POINT('',(292.376065639,-136.962862215,-7.82));
#7517=CARTESIAN_POINT('',(292.459555212,-136.962862215,-7.82));
#7518=B_SPLINE_CURVE_WITH_KNOTS('',3,(#7502,#7503,#7504,#7505,#7506,#7507,#7508,#7509,#7510,#7511,#7512,#7513,#7514,#7515,#7516,#7517),.UNSPECIFIED.,.F.,.F.,(4,3,3,3,3,4),(0.002314014,0.002565835,0.002691746,0.002817657,0.003069479,0.003321301),.UNSPECIFIED.);
#7519=EDGE_CURVE('',#7495,#7463,#7518,.T.);
#7520=ORIENTED_EDGE('',*,*,#7519,.T.);
#7521=ORIENTED_EDGE('',*,*,#7468,.T.);
#7522=EDGE_LOOP('',(#7493,#7501,#7520,#7521));
#7523=FACE_BOUND('',#7522,.T.);
#7524=ADVANCED_FACE('',(#7523),#7492,.T.);
#7525=CARTESIAN_POINT('',(291.854755212,-133.797742215,-7.32));
#7526=DIRECTION('',(1.,0.,0.));
#7527=DIRECTION('',(0.,0.,-1.));
#7528=AXIS2_PLACEMENT_3D('',#7525,#7526,#7527);
#7529=PLANE('',#7528);
#7530=ORIENTED_EDGE('',*,*,#1528,.F.);
#7531=CARTESIAN_POINT('',(291.854755212,-131.264302215,-7.82));
#7532=VERTEX_POINT('',#7531);
#7533=CARTESIAN_POINT('',(291.854755212,-131.264302215,-7.82));
#7534=DIRECTION('',(0.,0.,-1.));
#7535=VECTOR('',#7534,0.5);
#7536=LINE('',#7533,#7535);
#7537=EDGE_CURVE('',#7532,#1515,#7536,.T.);
#7538=ORIENTED_EDGE('',*,*,#7537,.F.);
#7539=CARTESIAN_POINT('',(291.854755212,-131.264302215,-7.82));
#7540=DIRECTION('',(0.,-1.,0.));
#7541=VECTOR('',#7540,5.06688);
#7542=LINE('',#7539,#7541);
#7543=EDGE_CURVE('',#7532,#7495,#7542,.T.);
#7544=ORIENTED_EDGE('',*,*,#7543,.T.);
#7545=ORIENTED_EDGE('',*,*,#7500,.T.);
#7546=EDGE_LOOP('',(#7530,#7538,#7544,#7545));
#7547=FACE_BOUND('',#7546,.T.);
#7548=ADVANCED_FACE('',(#7547),#7529,.T.);
#7549=CARTESIAN_POINT('',(291.169315212,-131.264302215,-7.32));
#7550=DIRECTION('',(0.,1.,0.));
#7551=DIRECTION('',(0.,0.,1.));
#7552=AXIS2_PLACEMENT_3D('',#7549,#7550,#7551);
#7553=PLANE('',#7552);
#7554=ORIENTED_EDGE('',*,*,#1520,.F.);
#7555=CARTESIAN_POINT('',(290.483875212,-131.264302215,-7.82));
#7556=VERTEX_POINT('',#7555);
#7557=CARTESIAN_POINT('',(290.483875212,-131.264302215,-7.82));
#7558=DIRECTION('',(0.,0.,-1.));
#7559=VECTOR('',#7558,0.5);
#7560=LINE('',#7557,#7559);
#7561=EDGE_CURVE('',#7556,#1503,#7560,.T.);
#7562=ORIENTED_EDGE('',*,*,#7561,.F.);
#7563=CARTESIAN_POINT('',(290.483875212,-131.264302215,-7.82));
#7564=DIRECTION('',(1.,0.,-0.));
#7565=VECTOR('',#7564,1.37088);
#7566=LINE('',#7563,#7565);
#7567=EDGE_CURVE('',#7556,#7532,#7566,.T.);
#7568=ORIENTED_EDGE('',*,*,#7567,.T.);
#7569=ORIENTED_EDGE('',*,*,#7537,.T.);
#7570=EDGE_LOOP('',(#7554,#7562,#7568,#7569));
#7571=FACE_BOUND('',#7570,.T.);
#7572=ADVANCED_FACE('',(#7571),#7553,.T.);
#7573=CARTESIAN_POINT('',(290.094115256,-131.143342255,-7.82));
#7574=CARTESIAN_POINT('',(290.094115256,-131.143342255,-8.32));
#7575=CARTESIAN_POINT('',(290.183680255,-131.223982228,-7.82));
#7576=CARTESIAN_POINT('',(290.183680255,-131.223982228,-8.32));
#7577=CARTESIAN_POINT('',(290.31367024,-131.264302215,-7.82));
#7578=CARTESIAN_POINT('',(290.31367024,-131.264302215,-8.32));
#7579=CARTESIAN_POINT('',(290.483875212,-131.264302215,-7.82));
#7580=CARTESIAN_POINT('',(290.483875212,-131.264302215,-8.32));
#7581=B_SPLINE_SURFACE_WITH_KNOTS('',3,1,((#7573,#7574),(#7575,#7576),(#7577,#7578),(#7579,#7580)),.UNSPECIFIED.,.F.,.F.,.U.,(4,4),(2,2),(0.000000166,1.),(1.,2.),.UNSPECIFIED.);
#7582=ORIENTED_EDGE('',*,*,#1512,.F.);
#7583=CARTESIAN_POINT('',(290.094115212,-131.143342215,-7.82));
#7584=VERTEX_POINT('',#7583);
#7585=CARTESIAN_POINT('',(290.094115212,-131.143342215,-7.82));
#7586=DIRECTION('',(0.,0.,-1.));
#7587=VECTOR('',#7586,0.5);
#7588=LINE('',#7585,#7587);
#7589=EDGE_CURVE('',#7584,#1491,#7588,.T.);
#7590=ORIENTED_EDGE('',*,*,#7589,.F.);
#7591=CARTESIAN_POINT('',(290.094115212,-131.143342215,-7.82));
#7592=CARTESIAN_POINT('',(290.146003703,-131.190060107,-7.82));
#7593=CARTESIAN_POINT('',(290.210166972,-131.221126652,-7.82));
#7594=CARTESIAN_POINT('',(290.277319434,-131.239473538,-7.82));
#7595=CARTESIAN_POINT('',(290.344471896,-131.257820424,-7.82));
#7596=CARTESIAN_POINT('',(290.414258667,-131.264302215,-7.82));
#7597=CARTESIAN_POINT('',(290.483875212,-131.264302215,-7.82));
#7598=B_SPLINE_CURVE_WITH_KNOTS('',3,(#7591,#7592,#7593,#7594,#7595,#7596,#7597),.UNSPECIFIED.,.F.,.F.,(4,3,4),(0.00108994,0.001298789,0.001507639),.UNSPECIFIED.);
#7599=EDGE_CURVE('',#7584,#7556,#7598,.T.);
#7600=ORIENTED_EDGE('',*,*,#7599,.T.);
#7601=ORIENTED_EDGE('',*,*,#7561,.T.);
#7602=EDGE_LOOP('',(#7582,#7590,#7600,#7601));
#7603=FACE_BOUND('',#7602,.T.);
#7604=ADVANCED_FACE('',(#7603),#7581,.T.);
#7605=CARTESIAN_POINT('',(289.959715212,-130.793902215,-7.82));
#7606=CARTESIAN_POINT('',(289.959715212,-130.793902215,-8.32));
#7607=CARTESIAN_POINT('',(289.959715212,-130.937258715,-7.82));
#7608=CARTESIAN_POINT('',(289.959715212,-130.937258715,-8.32));
#7609=CARTESIAN_POINT('',(290.004550212,-131.053745715,-7.82));
#7610=CARTESIAN_POINT('',(290.004550212,-131.053745715,-8.32));
#7611=CARTESIAN_POINT('',(290.094115212,-131.143342215,-7.82));
#7612=CARTESIAN_POINT('',(290.094115212,-131.143342215,-8.32));
#7613=B_SPLINE_SURFACE_WITH_KNOTS('',3,1,((#7605,#7606),(#7607,#7608),(#7609,#7610),(#7611,#7612)),.UNSPECIFIED.,.F.,.F.,.U.,(4,4),(2,2),(0.,1.),(1.,2.),.UNSPECIFIED.);
#7614=ORIENTED_EDGE('',*,*,#1500,.F.);
#7615=CARTESIAN_POINT('',(289.959715212,-130.793902215,-7.82));
#7616=VERTEX_POINT('',#7615);
#7617=CARTESIAN_POINT('',(289.959715212,-130.793902215,-7.82));
#7618=DIRECTION('',(0.,0.,-1.));
#7619=VECTOR('',#7618,0.5);
#7620=LINE('',#7617,#7619);
#7621=EDGE_CURVE('',#7616,#1479,#7620,.T.);
#7622=ORIENTED_EDGE('',*,*,#7621,.F.);
#7623=CARTESIAN_POINT('',(289.959715212,-130.793902215,-7.82));
#7624=CARTESIAN_POINT('',(289.959715212,-130.858160466,-7.82));
#7625=CARTESIAN_POINT('',(289.968820745,-130.92241859,-7.82));
#7626=CARTESIAN_POINT('',(289.991060188,-130.982759396,-7.82));
#7627=CARTESIAN_POINT('',(290.013299631,-131.043100201,-7.82));
#7628=CARTESIAN_POINT('',(290.048759059,-131.097970111,-7.82));
#7629=CARTESIAN_POINT('',(290.094115212,-131.143342215,-7.82));
#7630=B_SPLINE_CURVE_WITH_KNOTS('',3,(#7623,#7624,#7625,#7626,#7627,#7628,#7629),.UNSPECIFIED.,.F.,.F.,(4,3,4),(0.001720278,0.001913053,0.002105828),.UNSPECIFIED.);
#7631=EDGE_CURVE('',#7616,#7584,#7630,.T.);
#7632=ORIENTED_EDGE('',*,*,#7631,.T.);
#7633=ORIENTED_EDGE('',*,*,#7589,.T.);
#7634=EDGE_LOOP('',(#7614,#7622,#7632,#7633));
#7635=FACE_BOUND('',#7634,.T.);
#7636=ADVANCED_FACE('',(#7635),#7613,.T.);
#7637=CARTESIAN_POINT('',(290.094115212,-130.444462215,-7.82));
#7638=CARTESIAN_POINT('',(290.094115212,-130.444462215,-8.32));
#7639=CARTESIAN_POINT('',(290.004550212,-130.525102215,-7.82));
#7640=CARTESIAN_POINT('',(290.004550212,-130.525102215,-8.32));
#7641=CARTESIAN_POINT('',(289.959715212,-130.641578715,-7.82));
#7642=CARTESIAN_POINT('',(289.959715212,-130.641578715,-8.32));
#7643=CARTESIAN_POINT('',(289.959715212,-130.793902215,-7.82));
#7644=CARTESIAN_POINT('',(289.959715212,-130.793902215,-8.32));
#7645=B_SPLINE_SURFACE_WITH_KNOTS('',3,1,((#7637,#7638),(#7639,#7640),(#7641,#7642),(#7643,#7644)),.UNSPECIFIED.,.F.,.F.,.U.,(4,4),(2,2),(0.,1.),(1.,2.),.UNSPECIFIED.);
#7646=ORIENTED_EDGE('',*,*,#1488,.F.);
#7647=CARTESIAN_POINT('',(290.094115212,-130.444462215,-7.82));
#7648=VERTEX_POINT('',#7647);
#7649=CARTESIAN_POINT('',(290.094115212,-130.444462215,-7.82));
#7650=DIRECTION('',(0.,0.,-1.));
#7651=VECTOR('',#7650,0.5);
#7652=LINE('',#7649,#7651);
#7653=EDGE_CURVE('',#7648,#1467,#7652,.T.);
#7654=ORIENTED_EDGE('',*,*,#7653,.F.);
#7655=CARTESIAN_POINT('',(290.094115212,-130.444462215,-7.82));
#7656=CARTESIAN_POINT('',(290.046000928,-130.487781992,-7.82));
#7657=CARTESIAN_POINT('',(290.010158265,-130.543677069,-7.82));
#7658=CARTESIAN_POINT('',(289.988811308,-130.604596392,-7.82));
#7659=CARTESIAN_POINT('',(289.96746435,-130.665515715,-7.82));
#7660=CARTESIAN_POINT('',(289.959715212,-130.729370222,-7.82));
#7661=CARTESIAN_POINT('',(289.959715212,-130.793902215,-7.82));
#7662=B_SPLINE_CURVE_WITH_KNOTS('',3,(#7655,#7656,#7657,#7658,#7659,#7660,#7661),.UNSPECIFIED.,.F.,.F.,(4,3,4),(0.0008878,0.001081396,0.001274992),.UNSPECIFIED.);
#7663=EDGE_CURVE('',#7648,#7616,#7662,.T.);
#7664=ORIENTED_EDGE('',*,*,#7663,.T.);
#7665=ORIENTED_EDGE('',*,*,#7621,.T.);
#7666=EDGE_LOOP('',(#7646,#7654,#7664,#7665));
#7667=FACE_BOUND('',#7666,.T.);
#7668=ADVANCED_FACE('',(#7667),#7645,.T.);
#7669=CARTESIAN_POINT('',(290.483875212,-130.323502215,-7.82));
#7670=CARTESIAN_POINT('',(290.483875212,-130.323502215,-8.32));
#7671=CARTESIAN_POINT('',(290.31367024,-130.323502215,-7.82));
#7672=CARTESIAN_POINT('',(290.31367024,-130.323502215,-8.32));
#7673=CARTESIAN_POINT('',(290.183680255,-130.363822201,-7.82));
#7674=CARTESIAN_POINT('',(290.183680255,-130.363822201,-8.32));
#7675=CARTESIAN_POINT('',(290.094115256,-130.444462175,-7.82));
#7676=CARTESIAN_POINT('',(290.094115256,-130.444462175,-8.32));
#7677=B_SPLINE_SURFACE_WITH_KNOTS('',3,1,((#7669,#7670),(#7671,#7672),(#7673,#7674),(#7675,#7676)),.UNSPECIFIED.,.F.,.F.,.U.,(4,4),(2,2),(0.,0.999999834),(1.,2.),.UNSPECIFIED.);
#7678=ORIENTED_EDGE('',*,*,#1476,.F.);
#7679=CARTESIAN_POINT('',(290.483875212,-130.323502215,-7.82));
#7680=VERTEX_POINT('',#7679);
#7681=CARTESIAN_POINT('',(290.483875212,-130.323502215,-7.82));
#7682=DIRECTION('',(0.,0.,-1.));
#7683=VECTOR('',#7682,0.5);
#7684=LINE('',#7681,#7683);
#7685=EDGE_CURVE('',#7680,#1459,#7684,.T.);
#7686=ORIENTED_EDGE('',*,*,#7685,.F.);
#7687=CARTESIAN_POINT('',(290.483875212,-130.323502215,-7.82));
#7688=CARTESIAN_POINT('',(290.414215516,-130.323502215,-7.82));
#7689=CARTESIAN_POINT('',(290.344462069,-130.329980451,-7.82));
#7690=CARTESIAN_POINT('',(290.277270734,-130.348344199,-7.82));
#7691=CARTESIAN_POINT('',(290.210079398,-130.366707947,-7.82));
#7692=CARTESIAN_POINT('',(290.145731327,-130.397989558,-7.82));
#7693=CARTESIAN_POINT('',(290.094115212,-130.444462215,-7.82));
#7694=B_SPLINE_CURVE_WITH_KNOTS('',3,(#7687,#7688,#7689,#7690,#7691,#7692,#7693),.UNSPECIFIED.,.F.,.F.,(4,3,4),(0.001206151,0.00141513,0.001624109),.UNSPECIFIED.);
#7695=EDGE_CURVE('',#7680,#7648,#7694,.T.);
#7696=ORIENTED_EDGE('',*,*,#7695,.T.);
#7697=ORIENTED_EDGE('',*,*,#7653,.T.);
#7698=EDGE_LOOP('',(#7678,#7686,#7696,#7697));
#7699=FACE_BOUND('',#7698,.T.);
#7700=ADVANCED_FACE('',(#7699),#7677,.T.);
#7701=CARTESIAN_POINT('',(291.169315212,-130.323502215,-7.32));
#7702=DIRECTION('',(0.,-1.,0.));
#7703=DIRECTION('',(0.,0.,-1.));
#7704=AXIS2_PLACEMENT_3D('',#7701,#7702,#7703);
#7705=PLANE('',#7704);
#7706=ORIENTED_EDGE('',*,*,#1464,.F.);
#7707=CARTESIAN_POINT('',(291.854755212,-130.323502215,-7.82));
#7708=VERTEX_POINT('',#7707);
#7709=CARTESIAN_POINT('',(291.854755212,-130.323502215,-7.82));
#7710=DIRECTION('',(0.,0.,-1.));
#7711=VECTOR('',#7710,0.5);
#7712=LINE('',#7709,#7711);
#7713=EDGE_CURVE('',#7708,#1451,#7712,.T.);
#7714=ORIENTED_EDGE('',*,*,#7713,.F.);
#7715=CARTESIAN_POINT('',(291.854755212,-130.323502215,-7.82));
#7716=DIRECTION('',(-1.,0.,0.));
#7717=VECTOR('',#7716,1.37088);
#7718=LINE('',#7715,#7717);
#7719=EDGE_CURVE('',#7708,#7680,#7718,.T.);
#7720=ORIENTED_EDGE('',*,*,#7719,.T.);
#7721=ORIENTED_EDGE('',*,*,#7685,.T.);
#7722=EDGE_LOOP('',(#7706,#7714,#7720,#7721));
#7723=FACE_BOUND('',#7722,.T.);
#7724=ADVANCED_FACE('',(#7723),#7705,.T.);
#7725=CARTESIAN_POINT('',(291.854755212,-130.155502215,-7.32));
#7726=DIRECTION('',(1.,0.,0.));
#7727=DIRECTION('',(0.,0.,-1.));
#7728=AXIS2_PLACEMENT_3D('',#7725,#7726,#7727);
#7729=PLANE('',#7728);
#7730=ORIENTED_EDGE('',*,*,#1456,.F.);
#7731=CARTESIAN_POINT('',(291.854755212,-129.987502215,-7.82));
#7732=VERTEX_POINT('',#7731);
#7733=CARTESIAN_POINT('',(291.854755212,-129.987502215,-7.82));
#7734=DIRECTION('',(0.,0.,-1.));
#7735=VECTOR('',#7734,0.5);
#7736=LINE('',#7733,#7735);
#7737=EDGE_CURVE('',#7732,#1436,#7736,.T.);
#7738=ORIENTED_EDGE('',*,*,#7737,.F.);
#7739=CARTESIAN_POINT('',(291.854755212,-129.987502215,-7.82));
#7740=DIRECTION('',(0.,-1.,0.));
#7741=VECTOR('',#7740,0.336);
#7742=LINE('',#7739,#7741);
#7743=EDGE_CURVE('',#7732,#7708,#7742,.T.);
#7744=ORIENTED_EDGE('',*,*,#7743,.T.);
#7745=ORIENTED_EDGE('',*,*,#7713,.T.);
#7746=EDGE_LOOP('',(#7730,#7738,#7744,#7745));
#7747=FACE_BOUND('',#7746,.T.);
#7748=ADVANCED_FACE('',(#7747),#7729,.T.);
#7749=CARTESIAN_POINT('',(291.491875212,-128.777902215,-7.82));
#7750=CARTESIAN_POINT('',(291.491875212,-128.777902215,-8.32));
#7751=CARTESIAN_POINT('',(291.733795212,-129.046702215,-7.82));
#7752=CARTESIAN_POINT('',(291.733795212,-129.046702215,-8.32));
#7753=CARTESIAN_POINT('',(291.854755212,-129.449902215,-7.82));
#7754=CARTESIAN_POINT('',(291.854755212,-129.449902215,-8.32));
#7755=CARTESIAN_POINT('',(291.854755212,-129.987502215,-7.82));
#7756=CARTESIAN_POINT('',(291.854755212,-129.987502215,-8.32));
#7757=B_SPLINE_SURFACE_WITH_KNOTS('',3,1,((#7749,#7750),(#7751,#7752),(#7753,#7754),(#7755,#7756)),.UNSPECIFIED.,.F.,.F.,.U.,(4,4),(2,2),(0.,1.),(1.,2.),.UNSPECIFIED.);
#7758=ORIENTED_EDGE('',*,*,#1448,.F.);
#7759=CARTESIAN_POINT('',(291.491875212,-128.777902215,-7.82));
#7760=VERTEX_POINT('',#7759);
#7761=CARTESIAN_POINT('',(291.491875212,-128.777902215,-7.82));
#7762=DIRECTION('',(0.,0.,-1.));
#7763=VECTOR('',#7762,0.5);
#7764=LINE('',#7761,#7763);
#7765=EDGE_CURVE('',#7760,#1424,#7764,.T.);
#7766=ORIENTED_EDGE('',*,*,#7765,.F.);
#7767=CARTESIAN_POINT('',(291.491875212,-128.777902215,-7.82));
#7768=CARTESIAN_POINT('',(291.563825715,-128.857847219,-7.82));
#7769=CARTESIAN_POINT('',(291.623871251,-128.948968164,-7.82));
#7770=CARTESIAN_POINT('',(291.671547298,-129.045102198,-7.82));
#7771=CARTESIAN_POINT('',(291.719223345,-129.141236233,-7.82));
#7772=CARTESIAN_POINT('',(291.755331375,-129.243159075,-7.82));
#7773=CARTESIAN_POINT('',(291.782330222,-129.347459107,-7.82));
#7774=CARTESIAN_POINT('',(291.836327916,-129.556059169,-7.82));
#7775=CARTESIAN_POINT('',(291.854755212,-129.772413382,-7.82));
#7776=CARTESIAN_POINT('',(291.854755212,-129.987502215,-7.82));
#7777=B_SPLINE_CURVE_WITH_KNOTS('',3,(#7767,#7768,#7769,#7770,#7771,#7772,#7773,#7774,#7775,#7776),.UNSPECIFIED.,.F.,.F.,(4,3,3,4),(0.002159113,0.002481778,0.002804443,0.003449773),.UNSPECIFIED.);
#7778=EDGE_CURVE('',#7760,#7732,#7777,.T.);
#7779=ORIENTED_EDGE('',*,*,#7778,.T.);
#7780=ORIENTED_EDGE('',*,*,#7737,.T.);
#7781=EDGE_LOOP('',(#7758,#7766,#7779,#7780));
#7782=FACE_BOUND('',#7781,.T.);
#7783=ADVANCED_FACE('',(#7782),#7757,.T.);
#7784=CARTESIAN_POINT('',(290.322595212,-128.294062215,-7.82));
#7785=CARTESIAN_POINT('',(290.322595212,-128.294062215,-8.32));
#7786=CARTESIAN_POINT('',(290.860195212,-128.338865715,-7.82));
#7787=CARTESIAN_POINT('',(290.860195212,-128.338865715,-8.32));
#7788=CARTESIAN_POINT('',(291.249955212,-128.500145715,-7.82));
#7789=CARTESIAN_POINT('',(291.249955212,-128.500145715,-8.32));
#7790=CARTESIAN_POINT('',(291.491875212,-128.777902215,-7.82));
#7791=CARTESIAN_POINT('',(291.491875212,-128.777902215,-8.32));
#7792=B_SPLINE_SURFACE_WITH_KNOTS('',3,1,((#7784,#7785),(#7786,#7787),(#7788,#7789),(#7790,#7791)),.UNSPECIFIED.,.F.,.F.,.U.,(4,4),(2,2),(0.,1.),(1.,2.),.UNSPECIFIED.);
#7793=ORIENTED_EDGE('',*,*,#1433,.F.);
#7794=CARTESIAN_POINT('',(290.322595212,-128.294062215,-7.82));
#7795=VERTEX_POINT('',#7794);
#7796=CARTESIAN_POINT('',(290.322595212,-128.294062215,-7.82));
#7797=DIRECTION('',(0.,0.,-1.));
#7798=VECTOR('',#7797,0.5);
#7799=LINE('',#7796,#7798);
#7800=EDGE_CURVE('',#7795,#1416,#7799,.T.);
#7801=ORIENTED_EDGE('',*,*,#7800,.F.);
#7802=CARTESIAN_POINT('',(290.322595212,-128.294062215,-7.82));
#7803=CARTESIAN_POINT('',(290.538759915,-128.312077347,-7.82));
#7804=CARTESIAN_POINT('',(290.75341045,-128.349674356,-7.82));
#7805=CARTESIAN_POINT('',(290.95684617,-128.424680011,-7.82));
#7806=CARTESIAN_POINT('',(291.16028189,-128.499685666,-7.82));
#7807=CARTESIAN_POINT('',(291.348329441,-128.61309248,-7.82));
#7808=CARTESIAN_POINT('',(291.491875212,-128.777902215,-7.82));
#7809=B_SPLINE_CURVE_WITH_KNOTS('',3,(#7802,#7803,#7804,#7805,#7806,#7807,#7808),.UNSPECIFIED.,.F.,.F.,(4,3,4),(0.003795158,0.0044459,0.005096642),.UNSPECIFIED.);
#7810=EDGE_CURVE('',#7795,#7760,#7809,.T.);
#7811=ORIENTED_EDGE('',*,*,#7810,.T.);
#7812=ORIENTED_EDGE('',*,*,#7765,.T.);
#7813=EDGE_LOOP('',(#7793,#7801,#7811,#7812));
#7814=FACE_BOUND('',#7813,.T.);
#7815=ADVANCED_FACE('',(#7814),#7792,.T.);
#7816=CARTESIAN_POINT('',(290.174755212,-128.287342215,-7.32));
#7817=DIRECTION('',(0.045407661,0.99896854,0.));
#7818=DIRECTION('',(-0.99896854,0.045407661,0.));
#7819=AXIS2_PLACEMENT_3D('',#7816,#7817,#7818);
#7820=PLANE('',#7819);
#7821=ORIENTED_EDGE('',*,*,#1421,.F.);
#7822=ORIENTED_EDGE('',*,*,#6957,.F.);
#7823=CARTESIAN_POINT('',(290.03464905,-128.280973753,-7.82));
#7824=DIRECTION('',(0.99896854,-0.045407661,0.));
#7825=VECTOR('',#7824,0.288243473);
#7826=LINE('',#7823,#7825);
#7827=EDGE_CURVE('',#6945,#7795,#7826,.T.);
#7828=ORIENTED_EDGE('',*,*,#7827,.T.);
#7829=ORIENTED_EDGE('',*,*,#7800,.T.);
#7830=EDGE_LOOP('',(#7821,#7822,#7828,#7829));
#7831=FACE_BOUND('',#7830,.T.);
#7832=ADVANCED_FACE('',(#7831),#7820,.T.);
#7833=CARTESIAN_POINT('',(296.130542489,-153.068096461,-7.82));
#7834=DIRECTION('',(0.,0.,-1.));
#7835=DIRECTION('',(-1.,0.,0.));
#7836=AXIS2_PLACEMENT_3D('',#7833,#7834,#7835);
#7837=PLANE('',#7836);
#7838=ORIENTED_EDGE('',*,*,#6951,.F.);
#7839=ORIENTED_EDGE('',*,*,#6994,.F.);
#7840=ORIENTED_EDGE('',*,*,#7026,.F.);
#7841=ORIENTED_EDGE('',*,*,#7058,.F.);
#7842=ORIENTED_EDGE('',*,*,#7090,.F.);
#7843=ORIENTED_EDGE('',*,*,#7114,.F.);
#7844=ORIENTED_EDGE('',*,*,#7149,.F.);
#7845=ORIENTED_EDGE('',*,*,#7190,.F.);
#7846=ORIENTED_EDGE('',*,*,#7214,.F.);
#7847=ORIENTED_EDGE('',*,*,#7238,.F.);
#7848=ORIENTED_EDGE('',*,*,#7270,.F.);
#7849=ORIENTED_EDGE('',*,*,#7302,.F.);
#7850=ORIENTED_EDGE('',*,*,#7334,.F.);
#7851=ORIENTED_EDGE('',*,*,#7366,.F.);
#7852=ORIENTED_EDGE('',*,*,#7390,.F.);
#7853=ORIENTED_EDGE('',*,*,#7414,.F.);
#7854=ORIENTED_EDGE('',*,*,#7446,.F.);
#7855=ORIENTED_EDGE('',*,*,#7478,.F.);
#7856=ORIENTED_EDGE('',*,*,#7519,.F.);
#7857=ORIENTED_EDGE('',*,*,#7543,.F.);
#7858=ORIENTED_EDGE('',*,*,#7567,.F.);
#7859=ORIENTED_EDGE('',*,*,#7599,.F.);
#7860=ORIENTED_EDGE('',*,*,#7631,.F.);
#7861=ORIENTED_EDGE('',*,*,#7663,.F.);
#7862=ORIENTED_EDGE('',*,*,#7695,.F.);
#7863=ORIENTED_EDGE('',*,*,#7719,.F.);
#7864=ORIENTED_EDGE('',*,*,#7743,.F.);
#7865=ORIENTED_EDGE('',*,*,#7778,.F.);
#7866=ORIENTED_EDGE('',*,*,#7810,.F.);
#7867=ORIENTED_EDGE('',*,*,#7827,.F.);
#7868=EDGE_LOOP('',(#7838,#7839,#7840,#7841,#7842,#7843,#7844,#7845,#7846,#7847,#7848,#7849,#7850,#7851,#7852,#7853,#7854,#7855,#7856,#7857,#7858,#7859,#7860,#7861,#7862,#7863,
#7864,#7865,#7866,#7867));
#7869=FACE_BOUND('',#7868,.T.);
#7870=ADVANCED_FACE('',(#7869),#7837,.T.);
#7871=CARTESIAN_POINT('',(294.649855212,-135.927982215,-7.82));
#7872=CARTESIAN_POINT('',(294.649855212,-135.927982215,-8.32));
#7873=CARTESIAN_POINT('',(294.551260212,-135.919057215,-7.82));
#7874=CARTESIAN_POINT('',(294.551260212,-135.919057215,-8.32));
#7875=CARTESIAN_POINT('',(294.479650212,-135.945937215,-7.82));
#7876=CARTESIAN_POINT('',(294.479650212,-135.945937215,-8.32));
#7877=CARTESIAN_POINT('',(294.434815212,-136.008622215,-7.82));
#7878=CARTESIAN_POINT('',(294.434815212,-136.008622215,-8.32));
#7879=B_SPLINE_SURFACE_WITH_KNOTS('',3,1,((#7871,#7872),(#7873,#7874),(#7875,#7876),(#7877,#7878)),.UNSPECIFIED.,.F.,.F.,.U.,(4,4),(2,2),(0.,1.),(1.,2.),.UNSPECIFIED.);
#7880=ORIENTED_EDGE('',*,*,#1753,.F.);
#7881=CARTESIAN_POINT('',(294.649855212,-135.927982215,-7.82));
#7882=VERTEX_POINT('',#7881);
#7883=CARTESIAN_POINT('',(294.649855212,-135.927982215,-7.82));
#7884=DIRECTION('',(0.,0.,-1.));
#7885=VECTOR('',#7884,0.5);
#7886=LINE('',#7883,#7885);
#7887=EDGE_CURVE('',#7882,#1735,#7886,.T.);
#7888=ORIENTED_EDGE('',*,*,#7887,.F.);
#7889=CARTESIAN_POINT('',(294.434815212,-136.008622215,-7.82));
#7890=VERTEX_POINT('',#7889);
#7891=CARTESIAN_POINT('',(294.649855212,-135.927982215,-7.82));
#7892=CARTESIAN_POINT('',(294.609715458,-135.924348691,-7.82));
#7893=CARTESIAN_POINT('',(294.568873308,-135.925964088,-7.82));
#7894=CARTESIAN_POINT('',(294.530533783,-135.938515473,-7.82));
#7895=CARTESIAN_POINT('',(294.492194258,-135.951066858,-7.82));
#7896=CARTESIAN_POINT('',(294.458205149,-135.975920124,-7.82));
#7897=CARTESIAN_POINT('',(294.434815212,-136.008622215,-7.82));
#7898=B_SPLINE_CURVE_WITH_KNOTS('',3,(#7891,#7892,#7893,#7894,#7895,#7896,#7897),.UNSPECIFIED.,.F.,.F.,(4,3,4),(0.000395168,0.000516079,0.000636991),.UNSPECIFIED.);
#7899=EDGE_CURVE('',#7882,#7890,#7898,.T.);
#7900=ORIENTED_EDGE('',*,*,#7899,.T.);
#7901=CARTESIAN_POINT('',(294.434815212,-136.008622215,-7.82));
#7902=DIRECTION('',(0.,0.,-1.));
#7903=VECTOR('',#7902,0.5);
#7904=LINE('',#7901,#7903);
#7905=EDGE_CURVE('',#7890,#1744,#7904,.T.);
#7906=ORIENTED_EDGE('',*,*,#7905,.T.);
#7907=EDGE_LOOP('',(#7880,#7888,#7900,#7906));
#7908=FACE_BOUND('',#7907,.T.);
#7909=ADVANCED_FACE('',(#7908),#7879,.T.);
#7910=CARTESIAN_POINT('',(294.838015177,-135.95486221,-7.82));
#7911=CARTESIAN_POINT('',(294.838015177,-135.95486221,-8.32));
#7912=CARTESIAN_POINT('',(294.775330188,-135.945937211,-7.82));
#7913=CARTESIAN_POINT('',(294.775330188,-135.945937211,-8.32));
#7914=CARTESIAN_POINT('',(294.7125402,-135.936907213,-7.82));
#7915=CARTESIAN_POINT('',(294.7125402,-135.936907213,-8.32));
#7916=CARTESIAN_POINT('',(294.649855212,-135.927982215,-7.82));
#7917=CARTESIAN_POINT('',(294.649855212,-135.927982215,-8.32));
#7918=B_SPLINE_SURFACE_WITH_KNOTS('',3,1,((#7910,#7911),(#7912,#7913),(#7914,#7915),(#7916,#7917)),.UNSPECIFIED.,.F.,.F.,.U.,(4,4),(2,2),(0.000000185,1.),(1.,2.),.UNSPECIFIED.);
#7919=ORIENTED_EDGE('',*,*,#1741,.F.);
#7920=CARTESIAN_POINT('',(294.838015212,-135.954862215,-7.82));
#7921=VERTEX_POINT('',#7920);
#7922=CARTESIAN_POINT('',(294.838015212,-135.954862215,-7.82));
#7923=DIRECTION('',(0.,0.,-1.));
#7924=VECTOR('',#7923,0.5);
#7925=LINE('',#7922,#7924);
#7926=EDGE_CURVE('',#7921,#1733,#7925,.T.);
#7927=ORIENTED_EDGE('',*,*,#7926,.F.);
#7928=CARTESIAN_POINT('',(294.838015212,-135.954862215,-7.82));
#7929=CARTESIAN_POINT('',(294.775291013,-135.945931634,-7.82));
#7930=CARTESIAN_POINT('',(294.712579414,-135.936912796,-7.82));
#7931=CARTESIAN_POINT('',(294.649855212,-135.927982215,-7.82));
#7932=B_SPLINE_CURVE_WITH_KNOTS('',3,(#7928,#7929,#7930,#7931),.UNSPECIFIED.,.F.,.F.,(4,4),(0.,0.00019007),.UNSPECIFIED.);
#7933=EDGE_CURVE('',#7921,#7882,#7932,.T.);
#7934=ORIENTED_EDGE('',*,*,#7933,.T.);
#7935=ORIENTED_EDGE('',*,*,#7887,.T.);
#7936=EDGE_LOOP('',(#7919,#7927,#7934,#7935));
#7937=FACE_BOUND('',#7936,.T.);
#7938=ADVANCED_FACE('',(#7937),#7918,.T.);
#7939=CARTESIAN_POINT('',(294.945535212,-135.954862215,-7.32));
#7940=DIRECTION('',(0.,-1.,0.));
#7941=DIRECTION('',(0.,0.,-1.));
#7942=AXIS2_PLACEMENT_3D('',#7939,#7940,#7941);
#7943=PLANE('',#7942);
#7944=ORIENTED_EDGE('',*,*,#1940,.F.);
#7945=CARTESIAN_POINT('',(295.053055212,-135.954862215,-7.82));
#7946=VERTEX_POINT('',#7945);
#7947=CARTESIAN_POINT('',(295.053055212,-135.954862215,-7.82));
#7948=DIRECTION('',(0.,0.,-1.));
#7949=VECTOR('',#7948,0.5);
#7950=LINE('',#7947,#7949);
#7951=EDGE_CURVE('',#7946,#1922,#7950,.T.);
#7952=ORIENTED_EDGE('',*,*,#7951,.F.);
#7953=CARTESIAN_POINT('',(295.053055212,-135.954862215,-7.82));
#7954=DIRECTION('',(-1.,0.,0.));
#7955=VECTOR('',#7954,0.21504);
#7956=LINE('',#7953,#7955);
#7957=EDGE_CURVE('',#7946,#7921,#7956,.T.);
#7958=ORIENTED_EDGE('',*,*,#7957,.T.);
#7959=ORIENTED_EDGE('',*,*,#7926,.T.);
#7960=EDGE_LOOP('',(#7944,#7952,#7958,#7959));
#7961=FACE_BOUND('',#7960,.T.);
#7962=ADVANCED_FACE('',(#7961),#7943,.T.);
#7963=CARTESIAN_POINT('',(295.886335212,-135.618862215,-7.82));
#7964=CARTESIAN_POINT('',(295.886335212,-135.618862215,-8.32));
#7965=CARTESIAN_POINT('',(295.689250212,-135.842827215,-7.82));
#7966=CARTESIAN_POINT('',(295.689250212,-135.842827215,-8.32));
#7967=CARTESIAN_POINT('',(295.411420212,-135.954862215,-7.82));
#7968=CARTESIAN_POINT('',(295.411420212,-135.954862215,-8.32));
#7969=CARTESIAN_POINT('',(295.053055212,-135.954862215,-7.82));
#7970=CARTESIAN_POINT('',(295.053055212,-135.954862215,-8.32));
#7971=B_SPLINE_SURFACE_WITH_KNOTS('',3,1,((#7963,#7964),(#7965,#7966),(#7967,#7968),(#7969,#7970)),.UNSPECIFIED.,.F.,.F.,.U.,(4,4),(2,2),(0.,1.),(1.,2.),.UNSPECIFIED.);
#7972=ORIENTED_EDGE('',*,*,#1934,.F.);
#7973=CARTESIAN_POINT('',(295.886335212,-135.618862215,-7.82));
#7974=VERTEX_POINT('',#7973);
#7975=CARTESIAN_POINT('',(295.886335212,-135.618862215,-7.82));
#7976=DIRECTION('',(0.,0.,-1.));
#7977=VECTOR('',#7976,0.5);
#7978=LINE('',#7975,#7977);
#7979=EDGE_CURVE('',#7974,#1910,#7978,.T.);
#7980=ORIENTED_EDGE('',*,*,#7979,.F.);
#7981=CARTESIAN_POINT('',(295.886335212,-135.618862215,-7.82));
#7982=CARTESIAN_POINT('',(295.83472579,-135.677510535,-7.82));
#7983=CARTESIAN_POINT('',(295.776659133,-135.729337299,-7.82));
#7984=CARTESIAN_POINT('',(295.7131119,-135.773011315,-7.82));
#7985=CARTESIAN_POINT('',(295.649564667,-135.816685331,-7.82));
#7986=CARTESIAN_POINT('',(295.579248895,-135.852825872,-7.82));
#7987=CARTESIAN_POINT('',(295.506378878,-135.880096788,-7.82));
#7988=CARTESIAN_POINT('',(295.360638844,-135.934638619,-7.82));
#7989=CARTESIAN_POINT('',(295.208452061,-135.954858533,-7.82));
#7990=CARTESIAN_POINT('',(295.053055212,-135.954862215,-7.82));
#7991=B_SPLINE_CURVE_WITH_KNOTS('',3,(#7981,#7982,#7983,#7984,#7985,#7986,#7987,#7988,#7989,#7990),.UNSPECIFIED.,.F.,.F.,(4,3,3,4),(0.001119808,0.001354176,0.001588545,0.002057281),.UNSPECIFIED.);
#7992=EDGE_CURVE('',#7974,#7946,#7991,.T.);
#7993=ORIENTED_EDGE('',*,*,#7992,.T.);
#7994=ORIENTED_EDGE('',*,*,#7951,.T.);
#7995=EDGE_LOOP('',(#7972,#7980,#7993,#7994));
#7996=FACE_BOUND('',#7995,.T.);
#7997=ADVANCED_FACE('',(#7996),#7971,.T.);
#7998=CARTESIAN_POINT('',(296.168575212,-134.570542215,-7.82));
#7999=CARTESIAN_POINT('',(296.168575212,-134.570542215,-8.32));
#8000=CARTESIAN_POINT('',(296.168575212,-135.036427215,-7.82));
#8001=CARTESIAN_POINT('',(296.168575212,-135.036427215,-8.32));
#8002=CARTESIAN_POINT('',(296.074495212,-135.385867215,-7.82));
#8003=CARTESIAN_POINT('',(296.074495212,-135.385867215,-8.32));
#8004=CARTESIAN_POINT('',(295.886335212,-135.618862215,-7.82));
#8005=CARTESIAN_POINT('',(295.886335212,-135.618862215,-8.32));
#8006=B_SPLINE_SURFACE_WITH_KNOTS('',3,1,((#7998,#7999),(#8000,#8001),(#8002,#8003),(#8004,#8005)),.UNSPECIFIED.,.F.,.F.,.U.,(4,4),(2,2),(0.,1.),(1.,2.),.UNSPECIFIED.);
#8007=ORIENTED_EDGE('',*,*,#1919,.F.);
#8008=CARTESIAN_POINT('',(296.168575212,-134.570542215,-7.82));
#8009=VERTEX_POINT('',#8008);
#8010=CARTESIAN_POINT('',(296.168575212,-134.570542215,-7.82));
#8011=DIRECTION('',(0.,0.,-1.));
#8012=VECTOR('',#8011,0.5);
#8013=LINE('',#8010,#8012);
#8014=EDGE_CURVE('',#8009,#1902,#8013,.T.);
#8015=ORIENTED_EDGE('',*,*,#8014,.F.);
#8016=CARTESIAN_POINT('',(296.168575212,-134.570542215,-7.82));
#8017=CARTESIAN_POINT('',(296.168575212,-134.755169322,-7.82));
#8018=CARTESIAN_POINT('',(296.154777385,-134.939078581,-7.82));
#8019=CARTESIAN_POINT('',(296.113700185,-135.118902119,-7.82));
#8020=CARTESIAN_POINT('',(296.072622984,-135.298725657,-7.82));
#8021=CARTESIAN_POINT('',(296.002671055,-135.474805722,-7.82));
#8022=CARTESIAN_POINT('',(295.886335212,-135.618862215,-7.82));
#8023=B_SPLINE_CURVE_WITH_KNOTS('',3,(#8016,#8017,#8018,#8019,#8020,#8021,#8022),.UNSPECIFIED.,.F.,.F.,(4,3,4),(0.00559062,0.006144501,0.006698383),.UNSPECIFIED.);
#8024=EDGE_CURVE('',#8009,#7974,#8023,.T.);
#8025=ORIENTED_EDGE('',*,*,#8024,.T.);
#8026=ORIENTED_EDGE('',*,*,#7979,.T.);
#8027=EDGE_LOOP('',(#8007,#8015,#8025,#8026));
#8028=FACE_BOUND('',#8027,.T.);
#8029=ADVANCED_FACE('',(#8028),#8006,.T.);
#8030=CARTESIAN_POINT('',(296.168575212,-131.244142215,-7.32));
#8031=DIRECTION('',(1.,0.,0.));
#8032=DIRECTION('',(0.,0.,-1.));
#8033=AXIS2_PLACEMENT_3D('',#8030,#8031,#8032);
#8034=PLANE('',#8033);
#8035=ORIENTED_EDGE('',*,*,#1907,.F.);
#8036=CARTESIAN_POINT('',(296.168575212,-127.917742215,-7.82));
#8037=VERTEX_POINT('',#8036);
#8038=CARTESIAN_POINT('',(296.168575212,-127.917742215,-7.82));
#8039=DIRECTION('',(0.,0.,-1.));
#8040=VECTOR('',#8039,0.5);
#8041=LINE('',#8038,#8040);
#8042=EDGE_CURVE('',#8037,#1890,#8041,.T.);
#8043=ORIENTED_EDGE('',*,*,#8042,.F.);
#8044=CARTESIAN_POINT('',(296.168575212,-127.917742215,-7.82));
#8045=DIRECTION('',(0.,-1.,0.));
#8046=VECTOR('',#8045,6.6528);
#8047=LINE('',#8044,#8046);
#8048=EDGE_CURVE('',#8037,#8009,#8047,.T.);
#8049=ORIENTED_EDGE('',*,*,#8048,.T.);
#8050=ORIENTED_EDGE('',*,*,#8014,.T.);
#8051=EDGE_LOOP('',(#8035,#8043,#8049,#8050));
#8052=FACE_BOUND('',#8051,.T.);
#8053=ADVANCED_FACE('',(#8052),#8034,.T.);
#8054=CARTESIAN_POINT('',(296.329855212,-127.460782215,-7.82));
#8055=CARTESIAN_POINT('',(296.329855212,-127.460782215,-8.32));
#8056=CARTESIAN_POINT('',(296.222335212,-127.559345715,-7.82));
#8057=CARTESIAN_POINT('',(296.222335212,-127.559345715,-8.32));
#8058=CARTESIAN_POINT('',(296.168575212,-127.711658715,-7.82));
#8059=CARTESIAN_POINT('',(296.168575212,-127.711658715,-8.32));
#8060=CARTESIAN_POINT('',(296.168575212,-127.917742215,-7.82));
#8061=CARTESIAN_POINT('',(296.168575212,-127.917742215,-8.32));
#8062=B_SPLINE_SURFACE_WITH_KNOTS('',3,1,((#8054,#8055),(#8056,#8057),(#8058,#8059),(#8060,#8061)),.UNSPECIFIED.,.F.,.F.,.U.,(4,4),(2,2),(0.,1.),(1.,2.),.UNSPECIFIED.);
#8063=ORIENTED_EDGE('',*,*,#1899,.F.);
#8064=CARTESIAN_POINT('',(296.329855212,-127.460782215,-7.82));
#8065=VERTEX_POINT('',#8064);
#8066=CARTESIAN_POINT('',(296.329855212,-127.460782215,-7.82));
#8067=DIRECTION('',(0.,0.,-1.));
#8068=VECTOR('',#8067,0.5);
#8069=LINE('',#8066,#8068);
#8070=EDGE_CURVE('',#8065,#1878,#8069,.T.);
#8071=ORIENTED_EDGE('',*,*,#8070,.F.);
#8072=CARTESIAN_POINT('',(296.329855212,-127.460782215,-7.82));
#8073=CARTESIAN_POINT('',(296.268245257,-127.517260012,-7.82));
#8074=CARTESIAN_POINT('',(296.225842459,-127.592194559,-7.82));
#8075=CARTESIAN_POINT('',(296.201363273,-127.671773706,-7.82));
#8076=CARTESIAN_POINT('',(296.176884087,-127.751352853,-7.82));
#8077=CARTESIAN_POINT('',(296.168575212,-127.834440586,-7.82));
#8078=CARTESIAN_POINT('',(296.168575212,-127.917742215,-7.82));
#8079=B_SPLINE_CURVE_WITH_KNOTS('',3,(#8072,#8073,#8074,#8075,#8076,#8077,#8078),.UNSPECIFIED.,.F.,.F.,(4,3,4),(0.000700932,0.00095167,0.001202409),.UNSPECIFIED.);
#8080=EDGE_CURVE('',#8065,#8037,#8079,.T.);
#8081=ORIENTED_EDGE('',*,*,#8080,.T.);
#8082=ORIENTED_EDGE('',*,*,#8042,.T.);
#8083=EDGE_LOOP('',(#8063,#8071,#8081,#8082));
#8084=FACE_BOUND('',#8083,.T.);
#8085=ADVANCED_FACE('',(#8084),#8062,.T.);
#8086=CARTESIAN_POINT('',(296.786815212,-127.299502215,-7.82));
#8087=CARTESIAN_POINT('',(296.786815212,-127.299502215,-8.32));
#8088=CARTESIAN_POINT('',(296.589730212,-127.299502215,-7.82));
#8089=CARTESIAN_POINT('',(296.589730212,-127.299502215,-8.32));
#8090=CARTESIAN_POINT('',(296.437375212,-127.353262215,-7.82));
#8091=CARTESIAN_POINT('',(296.437375212,-127.353262215,-8.32));
#8092=CARTESIAN_POINT('',(296.329855212,-127.460782215,-7.82));
#8093=CARTESIAN_POINT('',(296.329855212,-127.460782215,-8.32));
#8094=B_SPLINE_SURFACE_WITH_KNOTS('',3,1,((#8086,#8087),(#8088,#8089),(#8090,#8091),(#8092,#8093)),.UNSPECIFIED.,.F.,.F.,.U.,(4,4),(2,2),(0.,1.),(1.,2.),.UNSPECIFIED.);
#8095=ORIENTED_EDGE('',*,*,#1887,.F.);
#8096=CARTESIAN_POINT('',(296.786815212,-127.299502215,-7.82));
#8097=VERTEX_POINT('',#8096);
#8098=CARTESIAN_POINT('',(296.786815212,-127.299502215,-7.82));
#8099=DIRECTION('',(0.,0.,-1.));
#8100=VECTOR('',#8099,0.5);
#8101=LINE('',#8098,#8100);
#8102=EDGE_CURVE('',#8097,#1866,#8101,.T.);
#8103=ORIENTED_EDGE('',*,*,#8102,.F.);
#8104=CARTESIAN_POINT('',(296.786815212,-127.299502215,-7.82));
#8105=CARTESIAN_POINT('',(296.703650256,-127.299502215,-7.82));
#8106=CARTESIAN_POINT('',(296.620335991,-127.308876668,-7.82));
#8107=CARTESIAN_POINT('',(296.541214641,-127.334276272,-7.82));
#8108=CARTESIAN_POINT('',(296.462093292,-127.359675875,-7.82));
#8109=CARTESIAN_POINT('',(296.388395967,-127.40224146,-7.82));
#8110=CARTESIAN_POINT('',(296.329855212,-127.460782215,-7.82));
#8111=B_SPLINE_CURVE_WITH_KNOTS('',3,(#8104,#8105,#8106,#8107,#8108,#8109,#8110),.UNSPECIFIED.,.F.,.F.,(4,3,4),(0.001267689,0.001517184,0.001766678),.UNSPECIFIED.);
#8112=EDGE_CURVE('',#8097,#8065,#8111,.T.);
#8113=ORIENTED_EDGE('',*,*,#8112,.T.);
#8114=ORIENTED_EDGE('',*,*,#8070,.T.);
#8115=EDGE_LOOP('',(#8095,#8103,#8113,#8114));
#8116=FACE_BOUND('',#8115,.T.);
#8117=ADVANCED_FACE('',(#8116),#8094,.T.);
#8118=CARTESIAN_POINT('',(297.230335212,-127.460782215,-7.82));
#8119=CARTESIAN_POINT('',(297.230335212,-127.460782215,-8.32));
#8120=CARTESIAN_POINT('',(297.122815212,-127.353262215,-7.82));
#8121=CARTESIAN_POINT('',(297.122815212,-127.353262215,-8.32));
#8122=CARTESIAN_POINT('',(296.974975212,-127.299502215,-7.82));
#8123=CARTESIAN_POINT('',(296.974975212,-127.299502215,-8.32));
#8124=CARTESIAN_POINT('',(296.786815212,-127.299502215,-7.82));
#8125=CARTESIAN_POINT('',(296.786815212,-127.299502215,-8.32));
#8126=B_SPLINE_SURFACE_WITH_KNOTS('',3,1,((#8118,#8119),(#8120,#8121),(#8122,#8123),(#8124,#8125)),.UNSPECIFIED.,.F.,.F.,.U.,(4,4),(2,2),(0.,1.),(1.,2.),.UNSPECIFIED.);
#8127=ORIENTED_EDGE('',*,*,#1875,.F.);
#8128=CARTESIAN_POINT('',(297.230335212,-127.460782215,-7.82));
#8129=VERTEX_POINT('',#8128);
#8130=CARTESIAN_POINT('',(297.230335212,-127.460782215,-7.82));
#8131=DIRECTION('',(0.,0.,-1.));
#8132=VECTOR('',#8131,0.5);
#8133=LINE('',#8130,#8132);
#8134=EDGE_CURVE('',#8129,#1854,#8133,.T.);
#8135=ORIENTED_EDGE('',*,*,#8134,.F.);
#8136=CARTESIAN_POINT('',(297.230335212,-127.460782215,-7.82));
#8137=CARTESIAN_POINT('',(297.173148383,-127.403595386,-7.82));
#8138=CARTESIAN_POINT('',(297.102279376,-127.360998,-7.82));
#8139=CARTESIAN_POINT('',(297.02548993,-127.335158968,-7.82));
#8140=CARTESIAN_POINT('',(296.948700484,-127.309319936,-7.82));
#8141=CARTESIAN_POINT('',(296.867463639,-127.299502215,-7.82));
#8142=CARTESIAN_POINT('',(296.786815212,-127.299502215,-7.82));
#8143=B_SPLINE_CURVE_WITH_KNOTS('',3,(#8136,#8137,#8138,#8139,#8140,#8141,#8142),.UNSPECIFIED.,.F.,.F.,(4,3,4),(0.000806017,0.00104864,0.001291263),.UNSPECIFIED.);
#8144=EDGE_CURVE('',#8129,#8097,#8143,.T.);
#8145=ORIENTED_EDGE('',*,*,#8144,.T.);
#8146=ORIENTED_EDGE('',*,*,#8102,.T.);
#8147=EDGE_LOOP('',(#8127,#8135,#8145,#8146));
#8148=FACE_BOUND('',#8147,.T.);
#8149=ADVANCED_FACE('',(#8148),#8126,.T.);
#8150=CARTESIAN_POINT('',(297.391615212,-127.917742215,-7.82));
#8151=CARTESIAN_POINT('',(297.391615212,-127.917742215,-8.32));
#8152=CARTESIAN_POINT('',(297.391615212,-127.711658715,-7.82));
#8153=CARTESIAN_POINT('',(297.391615212,-127.711658715,-8.32));
#8154=CARTESIAN_POINT('',(297.337855212,-127.559345715,-7.82));
#8155=CARTESIAN_POINT('',(297.337855212,-127.559345715,-8.32));
#8156=CARTESIAN_POINT('',(297.230335212,-127.460782215,-7.82));
#8157=CARTESIAN_POINT('',(297.230335212,-127.460782215,-8.32));
#8158=B_SPLINE_SURFACE_WITH_KNOTS('',3,1,((#8150,#8151),(#8152,#8153),(#8154,#8155),(#8156,#8157)),.UNSPECIFIED.,.F.,.F.,.U.,(4,4),(2,2),(0.,1.),(1.,2.),.UNSPECIFIED.);
#8159=ORIENTED_EDGE('',*,*,#1863,.F.);
#8160=CARTESIAN_POINT('',(297.391615212,-127.917742215,-7.82));
#8161=VERTEX_POINT('',#8160);
#8162=CARTESIAN_POINT('',(297.391615212,-127.917742215,-7.82));
#8163=DIRECTION('',(0.,0.,-1.));
#8164=VECTOR('',#8163,0.5);
#8165=LINE('',#8162,#8164);
#8166=EDGE_CURVE('',#8161,#1846,#8165,.T.);
#8167=ORIENTED_EDGE('',*,*,#8166,.F.);
#8168=CARTESIAN_POINT('',(297.391615212,-127.917742215,-7.82));
#8169=CARTESIAN_POINT('',(297.391615212,-127.834497775,-7.82));
#8170=CARTESIAN_POINT('',(297.383229276,-127.7509345,-7.82));
#8171=CARTESIAN_POINT('',(297.358721412,-127.67143033,-7.82));
#8172=CARTESIAN_POINT('',(297.334213548,-127.59192616,-7.82));
#8173=CARTESIAN_POINT('',(297.29198049,-127.51729273,-7.82));
#8174=CARTESIAN_POINT('',(297.230335212,-127.460782215,-7.82));
#8175=B_SPLINE_CURVE_WITH_KNOTS('',3,(#8168,#8169,#8170,#8171,#8172,#8173,#8174),.UNSPECIFIED.,.F.,.F.,(4,3,4),(0.001198796,0.001448529,0.001698263),.UNSPECIFIED.);
#8176=EDGE_CURVE('',#8161,#8129,#8175,.T.);
#8177=ORIENTED_EDGE('',*,*,#8176,.T.);
#8178=ORIENTED_EDGE('',*,*,#8134,.T.);
#8179=EDGE_LOOP('',(#8159,#8167,#8177,#8178));
#8180=FACE_BOUND('',#8179,.T.);
#8181=ADVANCED_FACE('',(#8180),#8158,.T.);
#8182=CARTESIAN_POINT('',(297.391615212,-131.291182215,-7.32));
#8183=DIRECTION('',(-1.,0.,0.));
#8184=DIRECTION('',(0.,0.,1.));
#8185=AXIS2_PLACEMENT_3D('',#8182,#8183,#8184);
#8186=PLANE('',#8185);
#8187=ORIENTED_EDGE('',*,*,#1851,.F.);
#8188=CARTESIAN_POINT('',(297.391615212,-134.664622215,-7.82));
#8189=VERTEX_POINT('',#8188);
#8190=CARTESIAN_POINT('',(297.391615212,-134.664622215,-7.82));
#8191=DIRECTION('',(0.,0.,-1.));
#8192=VECTOR('',#8191,0.5);
#8193=LINE('',#8190,#8192);
#8194=EDGE_CURVE('',#8189,#1831,#8193,.T.);
#8195=ORIENTED_EDGE('',*,*,#8194,.F.);
#8196=CARTESIAN_POINT('',(297.391615212,-134.664622215,-7.82));
#8197=DIRECTION('',(0.,1.,0.));
#8198=VECTOR('',#8197,6.74688);
#8199=LINE('',#8196,#8198);
#8200=EDGE_CURVE('',#8189,#8161,#8199,.T.);
#8201=ORIENTED_EDGE('',*,*,#8200,.T.);
#8202=ORIENTED_EDGE('',*,*,#8166,.T.);
#8203=EDGE_LOOP('',(#8187,#8195,#8201,#8202));
#8204=FACE_BOUND('',#8203,.T.);
#8205=ADVANCED_FACE('',(#8204),#8186,.T.);
#8206=CARTESIAN_POINT('',(296.867455212,-136.398382215,-7.82));
#8207=CARTESIAN_POINT('',(296.867455212,-136.398382215,-8.32));
#8208=CARTESIAN_POINT('',(297.216895212,-135.995182215,-7.82));
#8209=CARTESIAN_POINT('',(297.216895212,-135.995182215,-8.32));
#8210=CARTESIAN_POINT('',(297.391615212,-135.417262215,-7.82));
#8211=CARTESIAN_POINT('',(297.391615212,-135.417262215,-8.32));
#8212=CARTESIAN_POINT('',(297.391615212,-134.664622215,-7.82));
#8213=CARTESIAN_POINT('',(297.391615212,-134.664622215,-8.32));
#8214=B_SPLINE_SURFACE_WITH_KNOTS('',3,1,((#8206,#8207),(#8208,#8209),(#8210,#8211),(#8212,#8213)),.UNSPECIFIED.,.F.,.F.,.U.,(4,4),(2,2),(0.,1.),(1.,2.),.UNSPECIFIED.);
#8215=ORIENTED_EDGE('',*,*,#1843,.F.);
#8216=CARTESIAN_POINT('',(296.867455212,-136.398382215,-7.82));
#8217=VERTEX_POINT('',#8216);
#8218=CARTESIAN_POINT('',(296.867455212,-136.398382215,-7.82));
#8219=DIRECTION('',(0.,0.,-1.));
#8220=VECTOR('',#8219,0.5);
#8221=LINE('',#8218,#8220);
#8222=EDGE_CURVE('',#8217,#1813,#8221,.T.);
#8223=ORIENTED_EDGE('',*,*,#8222,.F.);
#8224=CARTESIAN_POINT('',(296.867455212,-136.398382215,-7.82));
#8225=CARTESIAN_POINT('',(296.968749188,-136.281504549,-7.82));
#8226=CARTESIAN_POINT('',(297.054344392,-136.150330507,-7.82));
#8227=CARTESIAN_POINT('',(297.12310145,-136.012177406,-7.82));
#8228=CARTESIAN_POINT('',(297.191858508,-135.874024305,-7.82));
#8229=CARTESIAN_POINT('',(297.244778372,-135.7277212,-7.82));
#8230=CARTESIAN_POINT('',(297.284464432,-135.578350459,-7.82));
#8231=CARTESIAN_POINT('',(297.363836553,-135.279608976,-7.82));
#8232=CARTESIAN_POINT('',(297.391613162,-134.973821187,-7.82));
#8233=CARTESIAN_POINT('',(297.391615212,-134.664622215,-7.82));
#8234=B_SPLINE_CURVE_WITH_KNOTS('',3,(#8224,#8225,#8226,#8227,#8228,#8229,#8230,#8231,#8232,#8233),.UNSPECIFIED.,.F.,.F.,(4,3,3,4),(0.003278142,0.003742133,0.004206124,0.005134106),.UNSPECIFIED.);
#8235=EDGE_CURVE('',#8217,#8189,#8234,.T.);
#8236=ORIENTED_EDGE('',*,*,#8235,.T.);
#8237=ORIENTED_EDGE('',*,*,#8194,.T.);
#8238=EDGE_LOOP('',(#8215,#8223,#8236,#8237));
#8239=FACE_BOUND('',#8238,.T.);
#8240=ADVANCED_FACE('',(#8239),#8214,.T.);
#8241=CARTESIAN_POINT('',(295.335295212,-136.989742215,-7.82));
#8242=CARTESIAN_POINT('',(295.335295212,-136.989742215,-8.32));
#8243=CARTESIAN_POINT('',(296.007295212,-136.989742215,-7.82));
#8244=CARTESIAN_POINT('',(296.007295212,-136.989742215,-8.32));
#8245=CARTESIAN_POINT('',(296.518015212,-136.792657215,-7.82));
#8246=CARTESIAN_POINT('',(296.518015212,-136.792657215,-8.32));
#8247=CARTESIAN_POINT('',(296.867455212,-136.398382215,-7.82));
#8248=CARTESIAN_POINT('',(296.867455212,-136.398382215,-8.32));
#8249=B_SPLINE_SURFACE_WITH_KNOTS('',3,1,((#8241,#8242),(#8243,#8244),(#8245,#8246),(#8247,#8248)),.UNSPECIFIED.,.F.,.F.,.U.,(4,4),(2,2),(0.,1.),(1.,2.),.UNSPECIFIED.);
#8250=ORIENTED_EDGE('',*,*,#1828,.F.);
#8251=CARTESIAN_POINT('',(295.335295212,-136.989742215,-7.82));
#8252=VERTEX_POINT('',#8251);
#8253=CARTESIAN_POINT('',(295.335295212,-136.989742215,-7.82));
#8254=DIRECTION('',(0.,0.,-1.));
#8255=VECTOR('',#8254,0.5);
#8256=LINE('',#8253,#8255);
#8257=EDGE_CURVE('',#8252,#1804,#8256,.T.);
#8258=ORIENTED_EDGE('',*,*,#8257,.F.);
#8259=CARTESIAN_POINT('',(295.335295212,-136.989742215,-7.82));
#8260=CARTESIAN_POINT('',(295.477011653,-136.989742215,-7.82));
#8261=CARTESIAN_POINT('',(295.619024035,-136.980956359,-7.82));
#8262=CARTESIAN_POINT('',(295.758179465,-136.960721354,-7.82));
#8263=CARTESIAN_POINT('',(295.897334894,-136.94048635,-7.82));
#8264=CARTESIAN_POINT('',(296.034205498,-136.908901038,-7.82));
#8265=CARTESIAN_POINT('',(296.167980068,-136.861935593,-7.82));
#8266=CARTESIAN_POINT('',(296.301754638,-136.814970147,-7.82));
#8267=CARTESIAN_POINT('',(296.429689565,-136.753113588,-7.82));
#8268=CARTESIAN_POINT('',(296.547079878,-136.67597549,-7.82));
#8269=CARTESIAN_POINT('',(296.664470191,-136.598837391,-7.82));
#8270=CARTESIAN_POINT('',(296.773280547,-136.504639986,-7.82));
#8271=CARTESIAN_POINT('',(296.867455212,-136.398382215,-7.82));
#8272=B_SPLINE_CURVE_WITH_KNOTS('',3,(#8259,#8260,#8261,#8262,#8263,#8264,#8265,#8266,#8267,#8268,#8269,#8270,#8271),.UNSPECIFIED.,.F.,.F.,(4,3,3,3,4),(0.002360163,0.002786116,0.003212069,0.003638023,0.004063976),.UNSPECIFIED.);
#8273=EDGE_CURVE('',#8252,#8217,#8272,.T.);
#8274=ORIENTED_EDGE('',*,*,#8273,.T.);
#8275=ORIENTED_EDGE('',*,*,#8222,.T.);
#8276=EDGE_LOOP('',(#8250,#8258,#8274,#8275));
#8277=FACE_BOUND('',#8276,.T.);
#8278=ADVANCED_FACE('',(#8277),#8249,.T.);
#8279=CARTESIAN_POINT('',(295.093375212,-136.976302215,-7.82));
#8280=CARTESIAN_POINT('',(295.093375212,-136.976302215,-8.32));
#8281=CARTESIAN_POINT('',(295.174015211,-136.985227215,-7.82));
#8282=CARTESIAN_POINT('',(295.174015211,-136.985227215,-8.32));
#8283=CARTESIAN_POINT('',(295.254655211,-136.989742215,-7.82));
#8284=CARTESIAN_POINT('',(295.254655211,-136.989742215,-8.32));
#8285=CARTESIAN_POINT('',(295.33529521,-136.989742215,-7.82));
#8286=CARTESIAN_POINT('',(295.33529521,-136.989742215,-8.32));
#8287=B_SPLINE_SURFACE_WITH_KNOTS('',3,1,((#8279,#8280),(#8281,#8282),(#8283,#8284),(#8285,#8286)),.UNSPECIFIED.,.F.,.F.,.U.,(4,4),(2,2),(0.,0.999999994),(1.,2.),.UNSPECIFIED.);
#8288=ORIENTED_EDGE('',*,*,#1810,.F.);
#8289=CARTESIAN_POINT('',(295.093375212,-136.976302215,-7.82));
#8290=VERTEX_POINT('',#8289);
#8291=CARTESIAN_POINT('',(295.093375212,-136.976302215,-7.82));
#8292=DIRECTION('',(0.,0.,-1.));
#8293=VECTOR('',#8292,0.5);
#8294=LINE('',#8291,#8293);
#8295=EDGE_CURVE('',#8290,#1795,#8294,.T.);
#8296=ORIENTED_EDGE('',*,*,#8295,.F.);
#8297=CARTESIAN_POINT('',(295.093375212,-136.976302215,-7.82));
#8298=CARTESIAN_POINT('',(295.173695111,-136.985191787,-7.82));
#8299=CARTESIAN_POINT('',(295.254485015,-136.989742215,-7.82));
#8300=CARTESIAN_POINT('',(295.335295212,-136.989742215,-7.82));
#8301=B_SPLINE_CURVE_WITH_KNOTS('',3,(#8297,#8298,#8299,#8300),.UNSPECIFIED.,.F.,.F.,(4,4),(0.000973589,0.00121602),.UNSPECIFIED.);
#8302=EDGE_CURVE('',#8290,#8252,#8301,.T.);
#8303=ORIENTED_EDGE('',*,*,#8302,.T.);
#8304=ORIENTED_EDGE('',*,*,#8257,.T.);
#8305=EDGE_LOOP('',(#8288,#8296,#8303,#8304));
#8306=FACE_BOUND('',#8305,.T.);
#8307=ADVANCED_FACE('',(#8306),#8287,.T.);
#8308=CARTESIAN_POINT('',(294.851455212,-136.962862215,-7.82));
#8309=CARTESIAN_POINT('',(294.851455212,-136.962862215,-8.32));
#8310=CARTESIAN_POINT('',(294.932095211,-136.971787215,-7.82));
#8311=CARTESIAN_POINT('',(294.932095211,-136.971787215,-8.32));
#8312=CARTESIAN_POINT('',(295.012735211,-136.976302215,-7.82));
#8313=CARTESIAN_POINT('',(295.012735211,-136.976302215,-8.32));
#8314=CARTESIAN_POINT('',(295.09337521,-136.976302215,-7.82));
#8315=CARTESIAN_POINT('',(295.09337521,-136.976302215,-8.32));
#8316=B_SPLINE_SURFACE_WITH_KNOTS('',3,1,((#8308,#8309),(#8310,#8311),(#8312,#8313),(#8314,#8315)),.UNSPECIFIED.,.F.,.F.,.U.,(4,4),(2,2),(0.,0.999999994),(1.,2.),.UNSPECIFIED.);
#8317=ORIENTED_EDGE('',*,*,#1801,.F.);
#8318=CARTESIAN_POINT('',(294.851455212,-136.962862215,-7.82));
#8319=VERTEX_POINT('',#8318);
#8320=CARTESIAN_POINT('',(294.851455212,-136.962862215,-7.82));
#8321=DIRECTION('',(0.,0.,-1.));
#8322=VECTOR('',#8321,0.5);
#8323=LINE('',#8320,#8322);
#8324=EDGE_CURVE('',#8319,#1783,#8323,.T.);
#8325=ORIENTED_EDGE('',*,*,#8324,.F.);
#8326=CARTESIAN_POINT('',(294.851455212,-136.962862215,-7.82));
#8327=CARTESIAN_POINT('',(294.931782327,-136.971752586,-7.82));
#8328=CARTESIAN_POINT('',(295.012557371,-136.976302215,-7.82));
#8329=CARTESIAN_POINT('',(295.093375212,-136.976302215,-7.82));
#8330=B_SPLINE_CURVE_WITH_KNOTS('',3,(#8326,#8327,#8328,#8329),.UNSPECIFIED.,.F.,.F.,(4,4),(0.000973589,0.001216042),.UNSPECIFIED.);
#8331=EDGE_CURVE('',#8319,#8290,#8330,.T.);
#8332=ORIENTED_EDGE('',*,*,#8331,.T.);
#8333=ORIENTED_EDGE('',*,*,#8295,.T.);
#8334=EDGE_LOOP('',(#8317,#8325,#8332,#8333));
#8335=FACE_BOUND('',#8334,.T.);
#8336=ADVANCED_FACE('',(#8335),#8316,.T.);
#8337=CARTESIAN_POINT('',(294.488575288,-136.78814231,-7.82));
#8338=CARTESIAN_POINT('',(294.488575288,-136.78814231,-8.32));
#8339=CARTESIAN_POINT('',(294.560290297,-136.877707256,-7.82));
#8340=CARTESIAN_POINT('',(294.560290297,-136.877707256,-8.32));
#8341=CARTESIAN_POINT('',(294.681250272,-136.935982224,-7.82));
#8342=CARTESIAN_POINT('',(294.681250272,-136.935982224,-8.32));
#8343=CARTESIAN_POINT('',(294.851455212,-136.962862215,-7.82));
#8344=CARTESIAN_POINT('',(294.851455212,-136.962862215,-8.32));
#8345=B_SPLINE_SURFACE_WITH_KNOTS('',3,1,((#8337,#8338),(#8339,#8340),(#8341,#8342),(#8343,#8344)),.UNSPECIFIED.,.F.,.F.,.U.,(4,4),(2,2),(0.000000354,1.),(1.,2.),.UNSPECIFIED.);
#8346=ORIENTED_EDGE('',*,*,#1792,.F.);
#8347=CARTESIAN_POINT('',(294.488575212,-136.788142215,-7.82));
#8348=VERTEX_POINT('',#8347);
#8349=CARTESIAN_POINT('',(294.488575212,-136.788142215,-7.82));
#8350=DIRECTION('',(0.,0.,-1.));
#8351=VECTOR('',#8350,0.5);
#8352=LINE('',#8349,#8351);
#8353=EDGE_CURVE('',#8348,#1771,#8352,.T.);
#8354=ORIENTED_EDGE('',*,*,#8353,.F.);
#8355=CARTESIAN_POINT('',(294.488575212,-136.788142215,-7.82));
#8356=CARTESIAN_POINT('',(294.531920335,-136.842276022,-7.82));
#8357=CARTESIAN_POINT('',(294.589885741,-136.880693027,-7.82));
#8358=CARTESIAN_POINT('',(294.653031879,-136.908138205,-7.82));
#8359=CARTESIAN_POINT('',(294.716178017,-136.935583384,-7.82));
#8360=CARTESIAN_POINT('',(294.78356172,-136.952139985,-7.82));
#8361=CARTESIAN_POINT('',(294.851455212,-136.962862215,-7.82));
#8362=B_SPLINE_CURVE_WITH_KNOTS('',3,(#8355,#8356,#8357,#8358,#8359,#8360,#8361),.UNSPECIFIED.,.F.,.F.,(4,3,4),(0.000646885,0.000854932,0.001062979),.UNSPECIFIED.);
#8363=EDGE_CURVE('',#8348,#8319,#8362,.T.);
#8364=ORIENTED_EDGE('',*,*,#8363,.T.);
#8365=ORIENTED_EDGE('',*,*,#8324,.T.);
#8366=EDGE_LOOP('',(#8346,#8354,#8364,#8365));
#8367=FACE_BOUND('',#8366,.T.);
#8368=ADVANCED_FACE('',(#8367),#8345,.T.);
#8369=CARTESIAN_POINT('',(294.367615212,-136.384942215,-7.82));
#8370=CARTESIAN_POINT('',(294.367615212,-136.384942215,-8.32));
#8371=CARTESIAN_POINT('',(294.367615212,-136.555147195,-7.82));
#8372=CARTESIAN_POINT('',(294.367615212,-136.555147195,-8.32));
#8373=CARTESIAN_POINT('',(294.407935203,-136.689547184,-7.82));
#8374=CARTESIAN_POINT('',(294.407935203,-136.689547184,-8.32));
#8375=CARTESIAN_POINT('',(294.488575184,-136.788142181,-7.82));
#8376=CARTESIAN_POINT('',(294.488575184,-136.788142181,-8.32));
#8377=B_SPLINE_SURFACE_WITH_KNOTS('',3,1,((#8369,#8370),(#8371,#8372),(#8373,#8374),(#8375,#8376)),.UNSPECIFIED.,.F.,.F.,.U.,(4,4),(2,2),(0.,0.999999887),(1.,2.),.UNSPECIFIED.);
#8378=ORIENTED_EDGE('',*,*,#1780,.F.);
#8379=CARTESIAN_POINT('',(294.367615212,-136.384942215,-7.82));
#8380=VERTEX_POINT('',#8379);
#8381=CARTESIAN_POINT('',(294.367615212,-136.384942215,-7.82));
#8382=DIRECTION('',(0.,0.,-1.));
#8383=VECTOR('',#8382,0.5);
#8384=LINE('',#8381,#8383);
#8385=EDGE_CURVE('',#8380,#1756,#8384,.T.);
#8386=ORIENTED_EDGE('',*,*,#8385,.F.);
#8387=CARTESIAN_POINT('',(294.367615212,-136.384942215,-7.82));
#8388=CARTESIAN_POINT('',(294.367615212,-136.45662981,-7.82));
#8389=CARTESIAN_POINT('',(294.374538159,-136.528082534,-7.82));
#8390=CARTESIAN_POINT('',(294.393259009,-136.59727606,-7.82));
#8391=CARTESIAN_POINT('',(294.411979859,-136.666469586,-7.82));
#8392=CARTESIAN_POINT('',(294.44322777,-136.732697882,-7.82));
#8393=CARTESIAN_POINT('',(294.488575212,-136.788142215,-7.82));
#8394=B_SPLINE_CURVE_WITH_KNOTS('',3,(#8387,#8388,#8389,#8390,#8391,#8392,#8393),.UNSPECIFIED.,.F.,.F.,(4,3,4),(0.00109256,0.001307623,0.001522686),.UNSPECIFIED.);
#8395=EDGE_CURVE('',#8380,#8348,#8394,.T.);
#8396=ORIENTED_EDGE('',*,*,#8395,.T.);
#8397=ORIENTED_EDGE('',*,*,#8353,.T.);
#8398=EDGE_LOOP('',(#8378,#8386,#8396,#8397));
#8399=FACE_BOUND('',#8398,.T.);
#8400=ADVANCED_FACE('',(#8399),#8377,.T.);
#8401=CARTESIAN_POINT('',(294.434815212,-136.008622215,-7.82));
#8402=CARTESIAN_POINT('',(294.434815212,-136.008622215,-8.32));
#8403=CARTESIAN_POINT('',(294.389980212,-136.071307215,-7.82));
#8404=CARTESIAN_POINT('',(294.389980212,-136.071307215,-8.32));
#8405=CARTESIAN_POINT('',(294.367615212,-136.196782215,-7.82));
#8406=CARTESIAN_POINT('',(294.367615212,-136.196782215,-8.32));
#8407=CARTESIAN_POINT('',(294.367615212,-136.384942215,-7.82));
#8408=CARTESIAN_POINT('',(294.367615212,-136.384942215,-8.32));
#8409=B_SPLINE_SURFACE_WITH_KNOTS('',3,1,((#8401,#8402),(#8403,#8404),(#8405,#8406),(#8407,#8408)),.UNSPECIFIED.,.F.,.F.,.U.,(4,4),(2,2),(0.,1.),(1.,2.),.UNSPECIFIED.);
#8410=ORIENTED_EDGE('',*,*,#1768,.F.);
#8411=ORIENTED_EDGE('',*,*,#7905,.F.);
#8412=CARTESIAN_POINT('',(294.434815212,-136.008622215,-7.82));
#8413=CARTESIAN_POINT('',(294.416108647,-136.034776357,-7.82));
#8414=CARTESIAN_POINT('',(294.404766598,-136.065597322,-7.82));
#8415=CARTESIAN_POINT('',(294.39621609,-136.096693436,-7.82));
#8416=CARTESIAN_POINT('',(294.387665582,-136.12778955,-7.82));
#8417=CARTESIAN_POINT('',(294.382099544,-136.159767752,-7.82));
#8418=CARTESIAN_POINT('',(294.378033263,-136.191767339,-7.82));
#8419=CARTESIAN_POINT('',(294.3699007,-136.255766512,-7.82));
#8420=CARTESIAN_POINT('',(294.367615212,-136.320357202,-7.82));
#8421=CARTESIAN_POINT('',(294.367615212,-136.384942215,-7.82));
#8422=B_SPLINE_CURVE_WITH_KNOTS('',3,(#8412,#8413,#8414,#8415,#8416,#8417,#8418,#8419,#8420,#8421),.UNSPECIFIED.,.F.,.F.,(4,3,3,4),(0.000924825,0.001021291,0.001117757,0.00131069),.UNSPECIFIED.);
#8423=EDGE_CURVE('',#7890,#8380,#8422,.T.);
#8424=ORIENTED_EDGE('',*,*,#8423,.T.);
#8425=ORIENTED_EDGE('',*,*,#8385,.T.);
#8426=EDGE_LOOP('',(#8410,#8411,#8424,#8425));
#8427=FACE_BOUND('',#8426,.T.);
#8428=ADVANCED_FACE('',(#8427),#8409,.T.);
#8429=CARTESIAN_POINT('',(296.130542489,-153.068096461,-7.82));
#8430=DIRECTION('',(0.,0.,-1.));
#8431=DIRECTION('',(-1.,0.,0.));
#8432=AXIS2_PLACEMENT_3D('',#8429,#8430,#8431);
#8433=PLANE('',#8432);
#8434=ORIENTED_EDGE('',*,*,#7899,.F.);
#8435=ORIENTED_EDGE('',*,*,#7933,.F.);
#8436=ORIENTED_EDGE('',*,*,#7957,.F.);
#8437=ORIENTED_EDGE('',*,*,#7992,.F.);
#8438=ORIENTED_EDGE('',*,*,#8024,.F.);
#8439=ORIENTED_EDGE('',*,*,#8048,.F.);
#8440=ORIENTED_EDGE('',*,*,#8080,.F.);
#8441=ORIENTED_EDGE('',*,*,#8112,.F.);
#8442=ORIENTED_EDGE('',*,*,#8144,.F.);
#8443=ORIENTED_EDGE('',*,*,#8176,.F.);
#8444=ORIENTED_EDGE('',*,*,#8200,.F.);
#8445=ORIENTED_EDGE('',*,*,#8235,.F.);
#8446=ORIENTED_EDGE('',*,*,#8273,.F.);
#8447=ORIENTED_EDGE('',*,*,#8302,.F.);
#8448=ORIENTED_EDGE('',*,*,#8331,.F.);
#8449=ORIENTED_EDGE('',*,*,#8363,.F.);
#8450=ORIENTED_EDGE('',*,*,#8395,.F.);
#8451=ORIENTED_EDGE('',*,*,#8423,.F.);
#8452=EDGE_LOOP('',(#8434,#8435,#8436,#8437,#8438,#8439,#8440,#8441,#8442,#8443,#8444,#8445,#8446,#8447,#8448,#8449,#8450,#8451));
#8453=FACE_BOUND('',#8452,.T.);
#8454=ADVANCED_FACE('',(#8453),#8433,.T.);
#8455=CARTESIAN_POINT('',(300.909826584,-133.403899244,-7.32));
#8456=DIRECTION('',(0.775874221,0.630887624,0.));
#8457=DIRECTION('',(-0.630887624,0.775874221,0.));
#8458=AXIS2_PLACEMENT_3D('',#8455,#8456,#8457);
#8459=PLANE('',#8458);
#8460=ORIENTED_EDGE('',*,*,#1967,.F.);
#8461=CARTESIAN_POINT('',(300.149860212,-132.469282215,-7.82));
#8462=VERTEX_POINT('',#8461);
#8463=CARTESIAN_POINT('',(300.149860212,-132.469282215,-7.82));
#8464=DIRECTION('',(0.,0.,-1.));
#8465=VECTOR('',#8464,0.5);
#8466=LINE('',#8463,#8465);
#8467=EDGE_CURVE('',#8462,#1945,#8466,.T.);
#8468=ORIENTED_EDGE('',*,*,#8467,.F.);
#8469=CARTESIAN_POINT('',(301.669792956,-134.338516273,-7.82));
#8470=VERTEX_POINT('',#8469);
#8471=CARTESIAN_POINT('',(300.149860212,-132.469282215,-7.82));
#8472=DIRECTION('',(0.630887624,-0.775874221,0.));
#8473=VECTOR('',#8472,2.409197276);
#8474=LINE('',#8471,#8473);
#8475=EDGE_CURVE('',#8462,#8470,#8474,.T.);
#8476=ORIENTED_EDGE('',*,*,#8475,.T.);
#8477=CARTESIAN_POINT('',(301.669792956,-134.338516273,-7.82));
#8478=DIRECTION('',(0.,0.,-1.));
#8479=VECTOR('',#8478,0.5);
#8480=LINE('',#8477,#8479);
#8481=EDGE_CURVE('',#8470,#1962,#8480,.T.);
#8482=ORIENTED_EDGE('',*,*,#8481,.T.);
#8483=EDGE_LOOP('',(#8460,#8468,#8476,#8482));
#8484=FACE_BOUND('',#8483,.T.);
#8485=ADVANCED_FACE('',(#8484),#8459,.T.);
#8486=CARTESIAN_POINT('',(300.149860212,-132.469282215,-7.82));
#8487=CARTESIAN_POINT('',(300.149860212,-132.469282215,-8.32));
#8488=CARTESIAN_POINT('',(299.907833005,-132.227255008,-7.82));
#8489=CARTESIAN_POINT('',(299.907833005,-132.227255008,-8.32));
#8490=CARTESIAN_POINT('',(299.897875987,-131.939365819,-7.82));
#8491=CARTESIAN_POINT('',(299.897875987,-131.939365819,-8.32));
#8492=CARTESIAN_POINT('',(300.034360212,-131.734282215,-7.82));
#8493=CARTESIAN_POINT('',(300.034360212,-131.734282215,-8.32));
#8494=B_SPLINE_SURFACE_WITH_KNOTS('',3,1,((#8486,#8487),(#8488,#8489),(#8490,#8491),(#8492,#8493)),.UNSPECIFIED.,.F.,.F.,.U.,(4,4),(2,2),(0.,1.),(1.,2.),.UNSPECIFIED.);
#8495=ORIENTED_EDGE('',*,*,#1959,.T.);
#8496=CARTESIAN_POINT('',(300.034360212,-131.734282215,-7.82));
#8497=VERTEX_POINT('',#8496);
#8498=CARTESIAN_POINT('',(300.034360212,-131.734282215,-7.82));
#8499=DIRECTION('',(0.,0.,-1.));
#8500=VECTOR('',#8499,0.5);
#8501=LINE('',#8498,#8500);
#8502=EDGE_CURVE('',#8497,#1947,#8501,.T.);
#8503=ORIENTED_EDGE('',*,*,#8502,.F.);
#8504=CARTESIAN_POINT('',(300.149860212,-132.469282215,-7.82));
#8505=CARTESIAN_POINT('',(300.101854818,-132.421276821,-7.82));
#8506=CARTESIAN_POINT('',(300.060131637,-132.36881771,-7.82));
#8507=CARTESIAN_POINT('',(300.026525887,-132.310603823,-7.82));
#8508=CARTESIAN_POINT('',(299.992920137,-132.252389936,-7.82));
#8509=CARTESIAN_POINT('',(299.967882626,-132.188227362,-7.82));
#8510=CARTESIAN_POINT('',(299.955435813,-132.121891034,-7.82));
#8511=CARTESIAN_POINT('',(299.942989001,-132.055554706,-7.82));
#8512=CARTESIAN_POINT('',(299.94309642,-131.986827274,-7.82));
#8513=CARTESIAN_POINT('',(299.956560334,-131.920590534,-7.82));
#8514=CARTESIAN_POINT('',(299.970024249,-131.854353794,-7.82));
#8515=CARTESIAN_POINT('',(299.996547595,-131.79110012,-7.82));
#8516=CARTESIAN_POINT('',(300.034360212,-131.734282215,-7.82));
#8517=B_SPLINE_CURVE_WITH_KNOTS('',3,(#8504,#8505,#8506,#8507,#8508,#8509,#8510,#8511,#8512,#8513,#8514,#8515,#8516),.UNSPECIFIED.,.F.,.F.,(4,3,3,3,4),(0.,0.000200778,0.000401557,0.000602335,0.000803114),.UNSPECIFIED.);
#8518=EDGE_CURVE('',#8462,#8497,#8517,.T.);
#8519=ORIENTED_EDGE('',*,*,#8518,.F.);
#8520=ORIENTED_EDGE('',*,*,#8467,.T.);
#8521=EDGE_LOOP('',(#8495,#8503,#8519,#8520));
#8522=FACE_BOUND('',#8521,.T.);
#8523=ADVANCED_FACE('',(#8522),#8494,.F.);
#8524=CARTESIAN_POINT('',(300.852076584,-130.726399244,-7.32));
#8525=DIRECTION('',(0.776561986,-0.630040857,0.));
#8526=DIRECTION('',(0.630040857,0.776561986,0.));
#8527=AXIS2_PLACEMENT_3D('',#8524,#8525,#8526);
#8528=PLANE('',#8527);
#8529=ORIENTED_EDGE('',*,*,#2290,.F.);
#8530=CARTESIAN_POINT('',(301.669792956,-129.718516273,-7.82));
#8531=VERTEX_POINT('',#8530);
#8532=CARTESIAN_POINT('',(301.669792956,-129.718516273,-7.82));
#8533=DIRECTION('',(0.,0.,-1.));
#8534=VECTOR('',#8533,0.5);
#8535=LINE('',#8532,#8534);
#8536=EDGE_CURVE('',#8531,#2279,#8535,.T.);
#8537=ORIENTED_EDGE('',*,*,#8536,.F.);
#8538=CARTESIAN_POINT('',(301.669792956,-129.718516273,-7.82));
#8539=DIRECTION('',(-0.630040857,-0.776561986,0.));
#8540=VECTOR('',#8539,2.595756651);
#8541=LINE('',#8538,#8540);
#8542=EDGE_CURVE('',#8531,#8497,#8541,.T.);
#8543=ORIENTED_EDGE('',*,*,#8542,.T.);
#8544=ORIENTED_EDGE('',*,*,#8502,.T.);
#8545=EDGE_LOOP('',(#8529,#8537,#8543,#8544));
#8546=FACE_BOUND('',#8545,.T.);
#8547=ADVANCED_FACE('',(#8546),#8528,.T.);
#8548=CARTESIAN_POINT('',(300.909826584,-128.783899244,-7.32));
#8549=DIRECTION('',(0.775874221,0.630887624,0.));
#8550=DIRECTION('',(-0.630887624,0.775874221,0.));
#8551=AXIS2_PLACEMENT_3D('',#8548,#8549,#8550);
#8552=PLANE('',#8551);
#8553=ORIENTED_EDGE('',*,*,#2284,.F.);
#8554=CARTESIAN_POINT('',(300.149860212,-127.849282215,-7.82));
#8555=VERTEX_POINT('',#8554);
#8556=CARTESIAN_POINT('',(300.149860212,-127.849282215,-7.82));
#8557=DIRECTION('',(0.,0.,-1.));
#8558=VECTOR('',#8557,0.5);
#8559=LINE('',#8556,#8558);
#8560=EDGE_CURVE('',#8555,#2267,#8559,.T.);
#8561=ORIENTED_EDGE('',*,*,#8560,.F.);
#8562=CARTESIAN_POINT('',(300.149860212,-127.849282215,-7.82));
#8563=DIRECTION('',(0.630887624,-0.775874221,0.));
#8564=VECTOR('',#8563,2.409197276);
#8565=LINE('',#8562,#8564);
#8566=EDGE_CURVE('',#8555,#8531,#8565,.T.);
#8567=ORIENTED_EDGE('',*,*,#8566,.T.);
#8568=ORIENTED_EDGE('',*,*,#8536,.T.);
#8569=EDGE_LOOP('',(#8553,#8561,#8567,#8568));
#8570=FACE_BOUND('',#8569,.T.);
#8571=ADVANCED_FACE('',(#8570),#8552,.T.);
#8572=CARTESIAN_POINT('',(300.023860207,-127.513282286,-7.82));
#8573=CARTESIAN_POINT('',(300.023860207,-127.513282286,-8.32));
#8574=CARTESIAN_POINT('',(300.016825231,-127.618282266,-7.82));
#8575=CARTESIAN_POINT('',(300.016825231,-127.618282266,-8.32));
#8576=CARTESIAN_POINT('',(300.058825232,-127.730285742,-7.82));
#8577=CARTESIAN_POINT('',(300.058825232,-127.730285742,-8.32));
#8578=CARTESIAN_POINT('',(300.149860212,-127.849282215,-7.82));
#8579=CARTESIAN_POINT('',(300.149860212,-127.849282215,-8.32));
#8580=B_SPLINE_SURFACE_WITH_KNOTS('',3,1,((#8572,#8573),(#8574,#8575),(#8576,#8577),(#8578,#8579)),.UNSPECIFIED.,.F.,.F.,.U.,(4,4),(2,2),(0.000000227,1.),(1.,2.),.UNSPECIFIED.);
#8581=ORIENTED_EDGE('',*,*,#2276,.F.);
#8582=CARTESIAN_POINT('',(300.023860212,-127.513282215,-7.82));
#8583=VERTEX_POINT('',#8582);
#8584=CARTESIAN_POINT('',(300.023860212,-127.513282215,-7.82));
#8585=DIRECTION('',(0.,0.,-1.));
#8586=VECTOR('',#8585,0.5);
#8587=LINE('',#8584,#8586);
#8588=EDGE_CURVE('',#8583,#2255,#8587,.T.);
#8589=ORIENTED_EDGE('',*,*,#8588,.F.);
#8590=CARTESIAN_POINT('',(300.023860212,-127.513282215,-7.82));
#8591=CARTESIAN_POINT('',(300.019762356,-127.574444232,-7.82));
#8592=CARTESIAN_POINT('',(300.033035153,-127.635659856,-7.82));
#8593=CARTESIAN_POINT('',(300.056450662,-127.692161218,-7.82));
#8594=CARTESIAN_POINT('',(300.079866172,-127.74866258,-7.82));
#8595=CARTESIAN_POINT('',(300.112695456,-127.800702263,-7.82));
#8596=CARTESIAN_POINT('',(300.149860212,-127.849282215,-7.82));
#8597=B_SPLINE_CURVE_WITH_KNOTS('',3,(#8590,#8591,#8592,#8593,#8594,#8595,#8596),.UNSPECIFIED.,.F.,.F.,(4,3,4),(0.000984917,0.001168414,0.001351911),.UNSPECIFIED.);
#8598=EDGE_CURVE('',#8583,#8555,#8597,.T.);
#8599=ORIENTED_EDGE('',*,*,#8598,.T.);
#8600=ORIENTED_EDGE('',*,*,#8560,.T.);
#8601=EDGE_LOOP('',(#8581,#8589,#8599,#8600));
#8602=FACE_BOUND('',#8601,.T.);
#8603=ADVANCED_FACE('',(#8602),#8580,.T.);
#8604=CARTESIAN_POINT('',(300.139360212,-127.261282215,-7.82));
#8605=CARTESIAN_POINT('',(300.139360212,-127.261282215,-8.32));
#8606=CARTESIAN_POINT('',(300.062395212,-127.324282215,-7.82));
#8607=CARTESIAN_POINT('',(300.062395212,-127.324282215,-8.32));
#8608=CARTESIAN_POINT('',(300.023860212,-127.408282215,-7.82));
#8609=CARTESIAN_POINT('',(300.023860212,-127.408282215,-8.32));
#8610=CARTESIAN_POINT('',(300.023860212,-127.513282215,-7.82));
#8611=CARTESIAN_POINT('',(300.023860212,-127.513282215,-8.32));
#8612=B_SPLINE_SURFACE_WITH_KNOTS('',3,1,((#8604,#8605),(#8606,#8607),(#8608,#8609),(#8610,#8611)),.UNSPECIFIED.,.F.,.F.,.U.,(4,4),(2,2),(0.,1.),(1.,2.),.UNSPECIFIED.);
#8613=ORIENTED_EDGE('',*,*,#2264,.F.);
#8614=CARTESIAN_POINT('',(300.139360212,-127.261282215,-7.82));
#8615=VERTEX_POINT('',#8614);
#8616=CARTESIAN_POINT('',(300.139360212,-127.261282215,-7.82));
#8617=DIRECTION('',(0.,0.,-1.));
#8618=VECTOR('',#8617,0.5);
#8619=LINE('',#8616,#8618);
#8620=EDGE_CURVE('',#8615,#2243,#8619,.T.);
#8621=ORIENTED_EDGE('',*,*,#8620,.F.);
#8622=CARTESIAN_POINT('',(300.139360211,-127.261282214,-7.82));
#8623=CARTESIAN_POINT('',(300.102152827,-127.291741637,-7.82));
#8624=CARTESIAN_POINT('',(300.071499927,-127.329748021,-7.82));
#8625=CARTESIAN_POINT('',(300.051801232,-127.37361967,-7.82));
#8626=CARTESIAN_POINT('',(300.032102536,-127.417491319,-7.82));
#8627=CARTESIAN_POINT('',(300.023860212,-127.465508603,-7.82));
#8628=CARTESIAN_POINT('',(300.023860212,-127.513282215,-7.82));
#8629=B_SPLINE_CURVE_WITH_KNOTS('',3,(#8622,#8623,#8624,#8625,#8626,#8627,#8628),.UNSPECIFIED.,.F.,.F.,(4,3,4),(0.000413045,0.000557301,0.000701556),.UNSPECIFIED.);
#8630=EDGE_CURVE('',#8615,#8583,#8629,.T.);
#8631=ORIENTED_EDGE('',*,*,#8630,.T.);
#8632=ORIENTED_EDGE('',*,*,#8588,.T.);
#8633=EDGE_LOOP('',(#8613,#8621,#8631,#8632));
#8634=FACE_BOUND('',#8633,.T.);
#8635=ADVANCED_FACE('',(#8634),#8612,.T.);
#8636=CARTESIAN_POINT('',(300.412360212,-127.166782215,-7.82));
#8637=CARTESIAN_POINT('',(300.412360212,-127.166782215,-8.32));
#8638=CARTESIAN_POINT('',(300.300325212,-127.166782215,-7.82));
#8639=CARTESIAN_POINT('',(300.300325212,-127.166782215,-8.32));
#8640=CARTESIAN_POINT('',(300.209395212,-127.198282215,-7.82));
#8641=CARTESIAN_POINT('',(300.209395212,-127.198282215,-8.32));
#8642=CARTESIAN_POINT('',(300.139360212,-127.261282215,-7.82));
#8643=CARTESIAN_POINT('',(300.139360212,-127.261282215,-8.32));
#8644=B_SPLINE_SURFACE_WITH_KNOTS('',3,1,((#8636,#8637),(#8638,#8639),(#8640,#8641),(#8642,#8643)),.UNSPECIFIED.,.F.,.F.,.U.,(4,4),(2,2),(0.,1.),(1.,2.),.UNSPECIFIED.);
#8645=ORIENTED_EDGE('',*,*,#2252,.F.);
#8646=CARTESIAN_POINT('',(300.412360212,-127.166782215,-7.82));
#8647=VERTEX_POINT('',#8646);
#8648=CARTESIAN_POINT('',(300.412360212,-127.166782215,-7.82));
#8649=DIRECTION('',(0.,0.,-1.));
#8650=VECTOR('',#8649,0.5);
#8651=LINE('',#8648,#8650);
#8652=EDGE_CURVE('',#8647,#2234,#8651,.T.);
#8653=ORIENTED_EDGE('',*,*,#8652,.F.);
#8654=CARTESIAN_POINT('',(300.412360212,-127.166782215,-7.82));
#8655=CARTESIAN_POINT('',(300.362979892,-127.166782215,-7.82));
#8656=CARTESIAN_POINT('',(300.313570354,-127.172901355,-7.82));
#8657=CARTESIAN_POINT('',(300.266611601,-127.188221576,-7.82));
#8658=CARTESIAN_POINT('',(300.219652849,-127.203541797,-7.82));
#8659=CARTESIAN_POINT('',(300.175998353,-127.228324367,-7.82));
#8660=CARTESIAN_POINT('',(300.139360212,-127.261282215,-7.82));
#8661=B_SPLINE_CURVE_WITH_KNOTS('',3,(#8654,#8655,#8656,#8657,#8658,#8659,#8660),.UNSPECIFIED.,.F.,.F.,(4,3,4),(0.00134442,0.001492561,0.001640702),.UNSPECIFIED.);
#8662=EDGE_CURVE('',#8647,#8615,#8661,.T.);
#8663=ORIENTED_EDGE('',*,*,#8662,.T.);
#8664=ORIENTED_EDGE('',*,*,#8620,.T.);
#8665=EDGE_LOOP('',(#8645,#8653,#8663,#8664));
#8666=FACE_BOUND('',#8665,.T.);
#8667=ADVANCED_FACE('',(#8666),#8644,.T.);
#8668=CARTESIAN_POINT('',(300.706359999,-127.229782109,-7.82));
#8669=CARTESIAN_POINT('',(300.706359999,-127.229782109,-8.32));
#8670=CARTESIAN_POINT('',(300.622360047,-127.187782179,-7.82));
#8671=CARTESIAN_POINT('',(300.622360047,-127.187782179,-8.32));
#8672=CARTESIAN_POINT('',(300.524395117,-127.166782215,-7.82));
#8673=CARTESIAN_POINT('',(300.524395117,-127.166782215,-8.32));
#8674=CARTESIAN_POINT('',(300.412360212,-127.166782215,-7.82));
#8675=CARTESIAN_POINT('',(300.412360212,-127.166782215,-8.32));
#8676=B_SPLINE_SURFACE_WITH_KNOTS('',3,1,((#8668,#8669),(#8670,#8671),(#8672,#8673),(#8674,#8675)),.UNSPECIFIED.,.F.,.F.,.U.,(4,4),(2,2),(0.000000843,1.),(1.,2.),.UNSPECIFIED.);
#8677=ORIENTED_EDGE('',*,*,#2240,.F.);
#8678=CARTESIAN_POINT('',(300.706360212,-127.229782215,-7.82));
#8679=VERTEX_POINT('',#8678);
#8680=CARTESIAN_POINT('',(300.706360212,-127.229782215,-7.82));
#8681=DIRECTION('',(0.,0.,-1.));
#8682=VECTOR('',#8681,0.5);
#8683=LINE('',#8680,#8682);
#8684=EDGE_CURVE('',#8679,#2225,#8683,.T.);
#8685=ORIENTED_EDGE('',*,*,#8684,.F.);
#8686=CARTESIAN_POINT('',(300.706360212,-127.229782215,-7.82));
#8687=CARTESIAN_POINT('',(300.615819746,-127.184511982,-7.82));
#8688=CARTESIAN_POINT('',(300.513550507,-127.166782215,-7.82));
#8689=CARTESIAN_POINT('',(300.412360212,-127.166782215,-7.82));
#8690=B_SPLINE_CURVE_WITH_KNOTS('',3,(#8686,#8687,#8688,#8689),.UNSPECIFIED.,.F.,.F.,(4,4),(0.001126978,0.00143066),.UNSPECIFIED.);
#8691=EDGE_CURVE('',#8679,#8647,#8690,.T.);
#8692=ORIENTED_EDGE('',*,*,#8691,.T.);
#8693=ORIENTED_EDGE('',*,*,#8652,.T.);
#8694=EDGE_LOOP('',(#8677,#8685,#8692,#8693));
#8695=FACE_BOUND('',#8694,.T.);
#8696=ADVANCED_FACE('',(#8695),#8676,.T.);
#8697=CARTESIAN_POINT('',(300.926860212,-127.429282215,-7.82));
#8698=CARTESIAN_POINT('',(300.926860212,-127.429282215,-8.32));
#8699=CARTESIAN_POINT('',(300.856825212,-127.338278715,-7.82));
#8700=CARTESIAN_POINT('',(300.856825212,-127.338278715,-8.32));
#8701=CARTESIAN_POINT('',(300.783325212,-127.271782215,-7.82));
#8702=CARTESIAN_POINT('',(300.783325212,-127.271782215,-8.32));
#8703=CARTESIAN_POINT('',(300.706360212,-127.229782215,-7.82));
#8704=CARTESIAN_POINT('',(300.706360212,-127.229782215,-8.32));
#8705=B_SPLINE_SURFACE_WITH_KNOTS('',3,1,((#8697,#8698),(#8699,#8700),(#8701,#8702),(#8703,#8704)),.UNSPECIFIED.,.F.,.F.,.U.,(4,4),(2,2),(0.,1.),(1.,2.),.UNSPECIFIED.);
#8706=ORIENTED_EDGE('',*,*,#2231,.F.);
#8707=CARTESIAN_POINT('',(300.926860212,-127.429282215,-7.82));
#8708=VERTEX_POINT('',#8707);
#8709=CARTESIAN_POINT('',(300.926860212,-127.429282215,-7.82));
#8710=DIRECTION('',(0.,0.,-1.));
#8711=VECTOR('',#8710,0.5);
#8712=LINE('',#8709,#8711);
#8713=EDGE_CURVE('',#8708,#2217,#8712,.T.);
#8714=ORIENTED_EDGE('',*,*,#8713,.F.);
#8715=CARTESIAN_POINT('',(300.926860212,-127.429282215,-7.82));
#8716=CARTESIAN_POINT('',(300.896381063,-127.3896776,-7.82));
#8717=CARTESIAN_POINT('',(300.86348171,-127.352278573,-7.82));
#8718=CARTESIAN_POINT('',(300.826910742,-127.318225574,-7.82));
#8719=CARTESIAN_POINT('',(300.790339773,-127.284172575,-7.82));
#8720=CARTESIAN_POINT('',(300.750214755,-127.253713753,-7.82));
#8721=CARTESIAN_POINT('',(300.706360212,-127.229782215,-7.82));
#8722=B_SPLINE_CURVE_WITH_KNOTS('',3,(#8715,#8716,#8717,#8718,#8719,#8720,#8721),.UNSPECIFIED.,.F.,.F.,(4,3,4),(0.001377992,0.001527917,0.001677842),.UNSPECIFIED.);
#8723=EDGE_CURVE('',#8708,#8679,#8722,.T.);
#8724=ORIENTED_EDGE('',*,*,#8723,.T.);
#8725=ORIENTED_EDGE('',*,*,#8684,.T.);
#8726=EDGE_LOOP('',(#8706,#8714,#8724,#8725));
#8727=FACE_BOUND('',#8726,.T.);
#8728=ADVANCED_FACE('',(#8727),#8705,.T.);
#8729=CARTESIAN_POINT('',(301.567360212,-128.241510476,-7.32));
#8730=DIRECTION('',(-0.78522721,-0.619207743,0.));
#8731=DIRECTION('',(0.619207743,-0.78522721,0.));
#8732=AXIS2_PLACEMENT_3D('',#8729,#8730,#8731);
#8733=PLANE('',#8732);
#8734=ORIENTED_EDGE('',*,*,#2222,.F.);
#8735=CARTESIAN_POINT('',(302.207860212,-129.053738736,-7.82));
#8736=VERTEX_POINT('',#8735);
#8737=CARTESIAN_POINT('',(302.207860212,-129.053738736,-7.82));
#8738=DIRECTION('',(0.,0.,-1.));
#8739=VECTOR('',#8738,0.5);
#8740=LINE('',#8737,#8739);
#8741=EDGE_CURVE('',#8736,#2209,#8740,.T.);
#8742=ORIENTED_EDGE('',*,*,#8741,.F.);
#8743=CARTESIAN_POINT('',(302.207860212,-129.053738736,-7.82));
#8744=DIRECTION('',(-0.619207743,0.78522721,0.));
#8745=VECTOR('',#8744,2.068772581);
#8746=LINE('',#8743,#8745);
#8747=EDGE_CURVE('',#8736,#8708,#8746,.T.);
#8748=ORIENTED_EDGE('',*,*,#8747,.T.);
#8749=ORIENTED_EDGE('',*,*,#8713,.T.);
#8750=EDGE_LOOP('',(#8734,#8742,#8748,#8749));
#8751=FACE_BOUND('',#8750,.T.);
#8752=ADVANCED_FACE('',(#8751),#8733,.T.);
#8753=CARTESIAN_POINT('',(302.848360212,-128.241510476,-7.32));
#8754=DIRECTION('',(0.78522721,-0.619207743,0.));
#8755=DIRECTION('',(0.619207743,0.78522721,0.));
#8756=AXIS2_PLACEMENT_3D('',#8753,#8754,#8755);
#8757=PLANE('',#8756);
#8758=ORIENTED_EDGE('',*,*,#2214,.F.);
#8759=CARTESIAN_POINT('',(303.488860212,-127.429282215,-7.82));
#8760=VERTEX_POINT('',#8759);
#8761=CARTESIAN_POINT('',(303.488860212,-127.429282215,-7.82));
#8762=DIRECTION('',(0.,0.,-1.));
#8763=VECTOR('',#8762,0.5);
#8764=LINE('',#8761,#8763);
#8765=EDGE_CURVE('',#8760,#2200,#8764,.T.);
#8766=ORIENTED_EDGE('',*,*,#8765,.F.);
#8767=CARTESIAN_POINT('',(303.488860212,-127.429282215,-7.82));
#8768=DIRECTION('',(-0.619207743,-0.78522721,0.));
#8769=VECTOR('',#8768,2.068772581);
#8770=LINE('',#8767,#8769);
#8771=EDGE_CURVE('',#8760,#8736,#8770,.T.);
#8772=ORIENTED_EDGE('',*,*,#8771,.T.);
#8773=ORIENTED_EDGE('',*,*,#8741,.T.);
#8774=EDGE_LOOP('',(#8758,#8766,#8772,#8773));
#8775=FACE_BOUND('',#8774,.T.);
#8776=ADVANCED_FACE('',(#8775),#8757,.T.);
#8777=CARTESIAN_POINT('',(303.719859894,-127.229782373,-7.82));
#8778=CARTESIAN_POINT('',(303.719859894,-127.229782373,-8.32));
#8779=CARTESIAN_POINT('',(303.635860018,-127.271782382,-7.82));
#8780=CARTESIAN_POINT('',(303.635860018,-127.271782382,-8.32));
#8781=CARTESIAN_POINT('',(303.558895123,-127.338278829,-7.82));
#8782=CARTESIAN_POINT('',(303.558895123,-127.338278829,-8.32));
#8783=CARTESIAN_POINT('',(303.488860212,-127.429282215,-7.82));
#8784=CARTESIAN_POINT('',(303.488860212,-127.429282215,-8.32));
#8785=B_SPLINE_SURFACE_WITH_KNOTS('',3,1,((#8777,#8778),(#8779,#8780),(#8781,#8782),(#8783,#8784)),.UNSPECIFIED.,.F.,.F.,.U.,(4,4),(2,2),(0.000001258,1.),(1.,2.),.UNSPECIFIED.);
#8786=ORIENTED_EDGE('',*,*,#2206,.F.);
#8787=CARTESIAN_POINT('',(303.719860212,-127.229782215,-7.82));
#8788=VERTEX_POINT('',#8787);
#8789=CARTESIAN_POINT('',(303.719860212,-127.229782215,-7.82));
#8790=DIRECTION('',(0.,0.,-1.));
#8791=VECTOR('',#8790,0.5);
#8792=LINE('',#8789,#8791);
#8793=EDGE_CURVE('',#8788,#2188,#8792,.T.);
#8794=ORIENTED_EDGE('',*,*,#8793,.F.);
#8795=CARTESIAN_POINT('',(303.719860212,-127.229782215,-7.82));
#8796=CARTESIAN_POINT('',(303.627955683,-127.275734479,-7.82));
#8797=CARTESIAN_POINT('',(303.551469545,-127.347927628,-7.82));
#8798=CARTESIAN_POINT('',(303.488860212,-127.429282215,-7.82));
#8799=B_SPLINE_CURVE_WITH_KNOTS('',3,(#8795,#8796,#8797,#8798),.UNSPECIFIED.,.F.,.F.,(4,4),(0.001126978,0.001435235),.UNSPECIFIED.);
#8800=EDGE_CURVE('',#8788,#8760,#8799,.T.);
#8801=ORIENTED_EDGE('',*,*,#8800,.T.);
#8802=ORIENTED_EDGE('',*,*,#8765,.T.);
#8803=EDGE_LOOP('',(#8786,#8794,#8801,#8802));
#8804=FACE_BOUND('',#8803,.T.);
#8805=ADVANCED_FACE('',(#8804),#8785,.T.);
#8806=CARTESIAN_POINT('',(304.013860212,-127.166782215,-7.82));
#8807=CARTESIAN_POINT('',(304.013860212,-127.166782215,-8.32));
#8808=CARTESIAN_POINT('',(303.894895212,-127.166782215,-7.82));
#8809=CARTESIAN_POINT('',(303.894895212,-127.166782215,-8.32));
#8810=CARTESIAN_POINT('',(303.796825212,-127.187782215,-7.82));
#8811=CARTESIAN_POINT('',(303.796825212,-127.187782215,-8.32));
#8812=CARTESIAN_POINT('',(303.719860212,-127.229782215,-7.82));
#8813=CARTESIAN_POINT('',(303.719860212,-127.229782215,-8.32));
#8814=B_SPLINE_SURFACE_WITH_KNOTS('',3,1,((#8806,#8807),(#8808,#8809),(#8810,#8811),(#8812,#8813)),.UNSPECIFIED.,.F.,.F.,.U.,(4,4),(2,2),(0.,1.),(1.,2.),.UNSPECIFIED.);
#8815=ORIENTED_EDGE('',*,*,#2197,.F.);
#8816=CARTESIAN_POINT('',(304.013860212,-127.166782215,-7.82));
#8817=VERTEX_POINT('',#8816);
#8818=CARTESIAN_POINT('',(304.013860212,-127.166782215,-7.82));
#8819=DIRECTION('',(0.,0.,-1.));
#8820=VECTOR('',#8819,0.5);
#8821=LINE('',#8818,#8820);
#8822=EDGE_CURVE('',#8817,#2176,#8821,.T.);
#8823=ORIENTED_EDGE('',*,*,#8822,.F.);
#8824=CARTESIAN_POINT('',(304.013860212,-127.166782215,-7.82));
#8825=CARTESIAN_POINT('',(303.963185411,-127.166782215,-7.82));
#8826=CARTESIAN_POINT('',(303.91248118,-127.170500146,-7.82));
#8827=CARTESIAN_POINT('',(303.862747106,-127.180156852,-7.82));
#8828=CARTESIAN_POINT('',(303.813013032,-127.189813558,-7.82));
#8829=CARTESIAN_POINT('',(303.764279471,-127.20554251,-7.82));
#8830=CARTESIAN_POINT('',(303.719860212,-127.229782215,-7.82));
#8831=B_SPLINE_CURVE_WITH_KNOTS('',3,(#8824,#8825,#8826,#8827,#8828,#8829,#8830),.UNSPECIFIED.,.F.,.F.,(4,3,4),(0.00142758,0.001579604,0.001731629),.UNSPECIFIED.);
#8832=EDGE_CURVE('',#8817,#8788,#8831,.T.);
#8833=ORIENTED_EDGE('',*,*,#8832,.T.);
#8834=ORIENTED_EDGE('',*,*,#8793,.T.);
#8835=EDGE_LOOP('',(#8815,#8823,#8833,#8834));
#8836=FACE_BOUND('',#8835,.T.);
#8837=ADVANCED_FACE('',(#8836),#8814,.T.);
#8838=CARTESIAN_POINT('',(304.297360212,-127.261282215,-7.82));
#8839=CARTESIAN_POINT('',(304.297360212,-127.261282215,-8.32));
#8840=CARTESIAN_POINT('',(304.220395212,-127.198282215,-7.82));
#8841=CARTESIAN_POINT('',(304.220395212,-127.198282215,-8.32));
#8842=CARTESIAN_POINT('',(304.125895212,-127.166782215,-7.82));
#8843=CARTESIAN_POINT('',(304.125895212,-127.166782215,-8.32));
#8844=CARTESIAN_POINT('',(304.013860212,-127.166782215,-7.82));
#8845=CARTESIAN_POINT('',(304.013860212,-127.166782215,-8.32));
#8846=B_SPLINE_SURFACE_WITH_KNOTS('',3,1,((#8838,#8839),(#8840,#8841),(#8842,#8843),(#8844,#8845)),.UNSPECIFIED.,.F.,.F.,.U.,(4,4),(2,2),(0.,1.),(1.,2.),.UNSPECIFIED.);
#8847=ORIENTED_EDGE('',*,*,#2185,.F.);
#8848=CARTESIAN_POINT('',(304.297360212,-127.261282215,-7.82));
#8849=VERTEX_POINT('',#8848);
#8850=CARTESIAN_POINT('',(304.297360212,-127.261282215,-7.82));
#8851=DIRECTION('',(0.,0.,-1.));
#8852=VECTOR('',#8851,0.5);
#8853=LINE('',#8850,#8852);
#8854=EDGE_CURVE('',#8849,#2164,#8853,.T.);
#8855=ORIENTED_EDGE('',*,*,#8854,.F.);
#8856=CARTESIAN_POINT('',(304.297360212,-127.261282215,-7.82));
#8857=CARTESIAN_POINT('',(304.25800658,-127.229069147,-7.82));
#8858=CARTESIAN_POINT('',(304.212690409,-127.204464208,-7.82));
#8859=CARTESIAN_POINT('',(304.164172587,-127.188906768,-7.82));
#8860=CARTESIAN_POINT('',(304.115654766,-127.173349329,-7.82));
#8861=CARTESIAN_POINT('',(304.064764193,-127.166782215,-7.82));
#8862=CARTESIAN_POINT('',(304.013860212,-127.166782215,-7.82));
#8863=B_SPLINE_CURVE_WITH_KNOTS('',3,(#8856,#8857,#8858,#8859,#8860,#8861,#8862),.UNSPECIFIED.,.F.,.F.,(4,3,4),(0.001193539,0.001346109,0.001498679),.UNSPECIFIED.);
#8864=EDGE_CURVE('',#8849,#8817,#8863,.T.);
#8865=ORIENTED_EDGE('',*,*,#8864,.T.);
#8866=ORIENTED_EDGE('',*,*,#8822,.T.);
#8867=EDGE_LOOP('',(#8847,#8855,#8865,#8866));
#8868=FACE_BOUND('',#8867,.T.);
#8869=ADVANCED_FACE('',(#8868),#8846,.T.);
#8870=CARTESIAN_POINT('',(304.412860212,-127.513282215,-7.82));
#8871=CARTESIAN_POINT('',(304.412860212,-127.513282215,-8.32));
#8872=CARTESIAN_POINT('',(304.405825212,-127.408282215,-7.82));
#8873=CARTESIAN_POINT('',(304.405825212,-127.408282215,-8.32));
#8874=CARTESIAN_POINT('',(304.367395212,-127.324282215,-7.82));
#8875=CARTESIAN_POINT('',(304.367395212,-127.324282215,-8.32));
#8876=CARTESIAN_POINT('',(304.297360212,-127.261282215,-7.82));
#8877=CARTESIAN_POINT('',(304.297360212,-127.261282215,-8.32));
#8878=B_SPLINE_SURFACE_WITH_KNOTS('',3,1,((#8870,#8871),(#8872,#8873),(#8874,#8875),(#8876,#8877)),.UNSPECIFIED.,.F.,.F.,.U.,(4,4),(2,2),(0.,1.),(1.,2.),.UNSPECIFIED.);
#8879=ORIENTED_EDGE('',*,*,#2173,.F.);
#8880=CARTESIAN_POINT('',(304.412860212,-127.513282215,-7.82));
#8881=VERTEX_POINT('',#8880);
#8882=CARTESIAN_POINT('',(304.412860212,-127.513282215,-7.82));
#8883=DIRECTION('',(0.,0.,-1.));
#8884=VECTOR('',#8883,0.5);
#8885=LINE('',#8882,#8884);
#8886=EDGE_CURVE('',#8881,#2152,#8885,.T.);
#8887=ORIENTED_EDGE('',*,*,#8886,.F.);
#8888=CARTESIAN_POINT('',(304.412860212,-127.513282215,-7.82));
#8889=CARTESIAN_POINT('',(304.409682888,-127.465859468,-7.82));
#8890=CARTESIAN_POINT('',(304.399760372,-127.418906123,-7.82));
#8891=CARTESIAN_POINT('',(304.38048598,-127.375417323,-7.82));
#8892=CARTESIAN_POINT('',(304.361211588,-127.331928523,-7.82));
#8893=CARTESIAN_POINT('',(304.332641494,-127.2930195,-7.82));
#8894=CARTESIAN_POINT('',(304.297360212,-127.261282215,-7.82));
#8895=B_SPLINE_CURVE_WITH_KNOTS('',3,(#8888,#8889,#8890,#8891,#8892,#8893,#8894),.UNSPECIFIED.,.F.,.F.,(4,3,4),(0.001262825,0.001405412,0.001547999),.UNSPECIFIED.);
#8896=EDGE_CURVE('',#8881,#8849,#8895,.T.);
#8897=ORIENTED_EDGE('',*,*,#8896,.T.);
#8898=ORIENTED_EDGE('',*,*,#8854,.T.);
#8899=EDGE_LOOP('',(#8879,#8887,#8897,#8898));
#8900=FACE_BOUND('',#8899,.T.);
#8901=ADVANCED_FACE('',(#8900),#8878,.T.);
#8902=CARTESIAN_POINT('',(304.276360212,-127.849282215,-7.82));
#8903=CARTESIAN_POINT('',(304.276360212,-127.849282215,-8.32));
#8904=CARTESIAN_POINT('',(304.374325191,-127.73028574,-7.82));
#8905=CARTESIAN_POINT('',(304.374325191,-127.73028574,-8.32));
#8906=CARTESIAN_POINT('',(304.419895192,-127.618282263,-7.82));
#8907=CARTESIAN_POINT('',(304.419895192,-127.618282263,-8.32));
#8908=CARTESIAN_POINT('',(304.412860216,-127.513282282,-7.82));
#8909=CARTESIAN_POINT('',(304.412860216,-127.513282282,-8.32));
#8910=B_SPLINE_SURFACE_WITH_KNOTS('',3,1,((#8902,#8903),(#8904,#8905),(#8906,#8907),(#8908,#8909)),.UNSPECIFIED.,.F.,.F.,.U.,(4,4),(2,2),(0.,0.999999786),(1.,2.),.UNSPECIFIED.);
#8911=ORIENTED_EDGE('',*,*,#2161,.F.);
#8912=CARTESIAN_POINT('',(304.276360212,-127.849282215,-7.82));
#8913=VERTEX_POINT('',#8912);
#8914=CARTESIAN_POINT('',(304.276360212,-127.849282215,-7.82));
#8915=DIRECTION('',(0.,0.,-1.));
#8916=VECTOR('',#8915,0.5);
#8917=LINE('',#8914,#8916);
#8918=EDGE_CURVE('',#8913,#2144,#8917,.T.);
#8919=ORIENTED_EDGE('',*,*,#8918,.F.);
#8920=CARTESIAN_POINT('',(304.276360212,-127.849282215,-7.82));
#8921=CARTESIAN_POINT('',(304.315734419,-127.801455002,-7.82));
#8922=CARTESIAN_POINT('',(304.35095502,-127.749967363,-7.82));
#8923=CARTESIAN_POINT('',(304.376468999,-127.693539503,-7.82));
#8924=CARTESIAN_POINT('',(304.401982979,-127.637111642,-7.82));
#8925=CARTESIAN_POINT('',(304.417014936,-127.575293024,-7.82));
#8926=CARTESIAN_POINT('',(304.412860212,-127.513282215,-7.82));
#8927=B_SPLINE_CURVE_WITH_KNOTS('',3,(#8920,#8921,#8922,#8923,#8924,#8925,#8926),.UNSPECIFIED.,.F.,.F.,(4,3,4),(0.000970388,0.001156238,0.001342087),.UNSPECIFIED.);
#8928=EDGE_CURVE('',#8913,#8881,#8927,.T.);
#8929=ORIENTED_EDGE('',*,*,#8928,.T.);
#8930=ORIENTED_EDGE('',*,*,#8886,.T.);
#8931=EDGE_LOOP('',(#8911,#8919,#8929,#8930));
#8932=FACE_BOUND('',#8931,.T.);
#8933=ADVANCED_FACE('',(#8932),#8910,.T.);
#8934=CARTESIAN_POINT('',(303.521224499,-128.781548526,-7.32));
#8935=DIRECTION('',(-0.777063878,0.629421742,0.));
#8936=DIRECTION('',(-0.629421742,-0.777063878,0.));
#8937=AXIS2_PLACEMENT_3D('',#8934,#8935,#8936);
#8938=PLANE('',#8937);
#8939=ORIENTED_EDGE('',*,*,#2149,.F.);
#8940=CARTESIAN_POINT('',(302.766088787,-129.713814838,-7.82));
#8941=VERTEX_POINT('',#8940);
#8942=CARTESIAN_POINT('',(302.766088787,-129.713814838,-7.82));
#8943=DIRECTION('',(0.,0.,-1.));
#8944=VECTOR('',#8943,0.5);
#8945=LINE('',#8942,#8944);
#8946=EDGE_CURVE('',#8941,#2136,#8945,.T.);
#8947=ORIENTED_EDGE('',*,*,#8946,.F.);
#8948=CARTESIAN_POINT('',(302.766088787,-129.713814838,-7.82));
#8949=DIRECTION('',(0.629421742,0.777063878,0.));
#8950=VECTOR('',#8949,2.399458622);
#8951=LINE('',#8948,#8950);
#8952=EDGE_CURVE('',#8941,#8913,#8951,.T.);
#8953=ORIENTED_EDGE('',*,*,#8952,.T.);
#8954=ORIENTED_EDGE('',*,*,#8918,.T.);
#8955=EDGE_LOOP('',(#8939,#8947,#8953,#8954));
#8956=FACE_BOUND('',#8955,.T.);
#8957=ADVANCED_FACE('',(#8956),#8938,.T.);
#8958=CARTESIAN_POINT('',(303.578974499,-130.724048526,-7.32));
#8959=DIRECTION('',(-0.779098019,-0.626902127,0.));
#8960=DIRECTION('',(0.626902127,-0.779098019,0.));
#8961=AXIS2_PLACEMENT_3D('',#8958,#8959,#8960);
#8962=PLANE('',#8961);
#8963=ORIENTED_EDGE('',*,*,#2141,.F.);
#8964=CARTESIAN_POINT('',(304.391860212,-131.734282215,-7.82));
#8965=VERTEX_POINT('',#8964);
#8966=CARTESIAN_POINT('',(304.391860212,-131.734282215,-7.82));
#8967=DIRECTION('',(0.,0.,-1.));
#8968=VECTOR('',#8967,0.5);
#8969=LINE('',#8966,#8968);
#8970=EDGE_CURVE('',#8965,#2118,#8969,.T.);
#8971=ORIENTED_EDGE('',*,*,#8970,.F.);
#8972=CARTESIAN_POINT('',(304.391860212,-131.734282215,-7.82));
#8973=DIRECTION('',(-0.626902127,0.779098019,0.));
#8974=VECTOR('',#8973,2.593341695);
#8975=LINE('',#8972,#8974);
#8976=EDGE_CURVE('',#8965,#8941,#8975,.T.);
#8977=ORIENTED_EDGE('',*,*,#8976,.T.);
#8978=ORIENTED_EDGE('',*,*,#8946,.T.);
#8979=EDGE_LOOP('',(#8963,#8971,#8977,#8978));
#8980=FACE_BOUND('',#8979,.T.);
#8981=ADVANCED_FACE('',(#8980),#8962,.T.);
#8982=CARTESIAN_POINT('',(304.276360212,-132.469282215,-7.82));
#8983=CARTESIAN_POINT('',(304.276360212,-132.469282215,-8.32));
#8984=CARTESIAN_POINT('',(304.534115843,-132.211526584,-7.82));
#8985=CARTESIAN_POINT('',(304.534115843,-132.211526584,-8.32));
#8986=CARTESIAN_POINT('',(304.572615843,-131.966526584,-7.82));
#8987=CARTESIAN_POINT('',(304.572615843,-131.966526584,-8.32));
#8988=CARTESIAN_POINT('',(304.391860212,-131.734282215,-7.82));
#8989=CARTESIAN_POINT('',(304.391860212,-131.734282215,-8.32));
#8990=B_SPLINE_SURFACE_WITH_KNOTS('',3,1,((#8982,#8983),(#8984,#8985),(#8986,#8987),(#8988,#8989)),.UNSPECIFIED.,.F.,.F.,.U.,(4,4),(2,2),(0.,1.),(1.,2.),.UNSPECIFIED.);
#8991=ORIENTED_EDGE('',*,*,#2133,.F.);
#8992=CARTESIAN_POINT('',(304.276360212,-132.469282215,-7.82));
#8993=VERTEX_POINT('',#8992);
#8994=CARTESIAN_POINT('',(304.276360212,-132.469282215,-7.82));
#8995=DIRECTION('',(0.,0.,-1.));
#8996=VECTOR('',#8995,0.5);
#8997=LINE('',#8994,#8996);
#8998=EDGE_CURVE('',#8993,#2110,#8997,.T.);
#8999=ORIENTED_EDGE('',*,*,#8998,.F.);
#9000=CARTESIAN_POINT('',(304.276360212,-132.469282215,-7.82));
#9001=CARTESIAN_POINT('',(304.325357168,-132.420285258,-7.82));
#9002=CARTESIAN_POINT('',(304.370515839,-132.367986636,-7.82));
#9003=CARTESIAN_POINT('',(304.408559314,-132.310375216,-7.82));
#9004=CARTESIAN_POINT('',(304.44660279,-132.252763796,-7.82));
#9005=CARTESIAN_POINT('',(304.477181156,-132.189943564,-7.82));
#9006=CARTESIAN_POINT('',(304.492670252,-132.122590991,-7.82));
#9007=CARTESIAN_POINT('',(304.508159348,-132.055238419,-7.82));
#9008=CARTESIAN_POINT('',(304.506879881,-131.983546584,-7.82));
#9009=CARTESIAN_POINT('',(304.488079474,-131.91693323,-7.82));
#9010=CARTESIAN_POINT('',(304.469279066,-131.850319877,-7.82));
#9011=CARTESIAN_POINT('',(304.434307449,-131.788820664,-7.82));
#9012=CARTESIAN_POINT('',(304.391860212,-131.734282215,-7.82));
#9013=B_SPLINE_CURVE_WITH_KNOTS('',3,(#9000,#9001,#9002,#9003,#9004,#9005,#9006,#9007,#9008,#9009,#9010,#9011,#9012),.UNSPECIFIED.,.F.,.F.,(4,3,3,3,4),(0.001182754,0.001390631,0.001598507,0.001806384,0.00201426),.UNSPECIFIED.);
#9014=EDGE_CURVE('',#8993,#8965,#9013,.T.);
#9015=ORIENTED_EDGE('',*,*,#9014,.T.);
#9016=ORIENTED_EDGE('',*,*,#8970,.T.);
#9017=EDGE_LOOP('',(#8991,#8999,#9015,#9016));
#9018=FACE_BOUND('',#9017,.T.);
#9019=ADVANCED_FACE('',(#9018),#8990,.T.);
#9020=CARTESIAN_POINT('',(303.521224499,-133.401548526,-7.32));
#9021=DIRECTION('',(-0.777063878,0.629421742,0.));
#9022=DIRECTION('',(-0.629421742,-0.777063878,0.));
#9023=AXIS2_PLACEMENT_3D('',#9020,#9021,#9022);
#9024=PLANE('',#9023);
#9025=ORIENTED_EDGE('',*,*,#2115,.F.);
#9026=CARTESIAN_POINT('',(302.766088787,-134.333814838,-7.82));
#9027=VERTEX_POINT('',#9026);
#9028=CARTESIAN_POINT('',(302.766088787,-134.333814838,-7.82));
#9029=DIRECTION('',(0.,0.,-1.));
#9030=VECTOR('',#9029,0.5);
#9031=LINE('',#9028,#9030);
#9032=EDGE_CURVE('',#9027,#2102,#9031,.T.);
#9033=ORIENTED_EDGE('',*,*,#9032,.F.);
#9034=CARTESIAN_POINT('',(302.766088787,-134.333814838,-7.82));
#9035=DIRECTION('',(0.629421742,0.777063878,0.));
#9036=VECTOR('',#9035,2.399458622);
#9037=LINE('',#9034,#9036);
#9038=EDGE_CURVE('',#9027,#8993,#9037,.T.);
#9039=ORIENTED_EDGE('',*,*,#9038,.T.);
#9040=ORIENTED_EDGE('',*,*,#8998,.T.);
#9041=EDGE_LOOP('',(#9025,#9033,#9039,#9040));
#9042=FACE_BOUND('',#9041,.T.);
#9043=ADVANCED_FACE('',(#9042),#9024,.T.);
#9044=CARTESIAN_POINT('',(303.578974499,-135.344048526,-7.32));
#9045=DIRECTION('',(-0.779098019,-0.626902127,0.));
#9046=DIRECTION('',(0.626902127,-0.779098019,0.));
#9047=AXIS2_PLACEMENT_3D('',#9044,#9045,#9046);
#9048=PLANE('',#9047);
#9049=ORIENTED_EDGE('',*,*,#2107,.F.);
#9050=CARTESIAN_POINT('',(304.391860212,-136.354282215,-7.82));
#9051=VERTEX_POINT('',#9050);
#9052=CARTESIAN_POINT('',(304.391860212,-136.354282215,-7.82));
#9053=DIRECTION('',(0.,0.,-1.));
#9054=VECTOR('',#9053,0.5);
#9055=LINE('',#9052,#9054);
#9056=EDGE_CURVE('',#9051,#2090,#9055,.T.);
#9057=ORIENTED_EDGE('',*,*,#9056,.F.);
#9058=CARTESIAN_POINT('',(304.391860212,-136.354282215,-7.82));
#9059=DIRECTION('',(-0.626902127,0.779098019,0.));
#9060=VECTOR('',#9059,2.593341695);
#9061=LINE('',#9058,#9060);
#9062=EDGE_CURVE('',#9051,#9027,#9061,.T.);
#9063=ORIENTED_EDGE('',*,*,#9062,.T.);
#9064=ORIENTED_EDGE('',*,*,#9032,.T.);
#9065=EDGE_LOOP('',(#9049,#9057,#9063,#9064));
#9066=FACE_BOUND('',#9065,.T.);
#9067=ADVANCED_FACE('',(#9066),#9048,.T.);
#9068=CARTESIAN_POINT('',(304.528360212,-136.690282081,-7.82));
#9069=CARTESIAN_POINT('',(304.528360212,-136.690282081,-8.32));
#9070=CARTESIAN_POINT('',(304.528360173,-136.58528212,-7.82));
#9071=CARTESIAN_POINT('',(304.528360173,-136.58528212,-8.32));
#9072=CARTESIAN_POINT('',(304.482895173,-136.473247164,-7.82));
#9073=CARTESIAN_POINT('',(304.482895173,-136.473247164,-8.32));
#9074=CARTESIAN_POINT('',(304.391860212,-136.354282215,-7.82));
#9075=CARTESIAN_POINT('',(304.391860212,-136.354282215,-8.32));
#9076=B_SPLINE_SURFACE_WITH_KNOTS('',3,1,((#9068,#9069),(#9070,#9071),(#9072,#9073),(#9074,#9075)),.UNSPECIFIED.,.F.,.F.,.U.,(4,4),(2,2),(0.000000424,1.),(1.,2.),.UNSPECIFIED.);
#9077=ORIENTED_EDGE('',*,*,#2099,.F.);
#9078=CARTESIAN_POINT('',(304.528360212,-136.690282215,-7.82));
#9079=VERTEX_POINT('',#9078);
#9080=CARTESIAN_POINT('',(304.528360212,-136.690282215,-7.82));
#9081=DIRECTION('',(0.,0.,-1.));
#9082=VECTOR('',#9081,0.5);
#9083=LINE('',#9080,#9082);
#9084=EDGE_CURVE('',#9079,#2078,#9083,.T.);
#9085=ORIENTED_EDGE('',*,*,#9084,.F.);
#9086=CARTESIAN_POINT('',(304.528360212,-136.690282215,-7.82));
#9087=CARTESIAN_POINT('',(304.528360212,-136.628645542,-7.82));
#9088=CARTESIAN_POINT('',(304.51238637,-136.567924075,-7.82));
#9089=CARTESIAN_POINT('',(304.487505369,-136.511618379,-7.82));
#9090=CARTESIAN_POINT('',(304.462624368,-136.455312684,-7.82));
#9091=CARTESIAN_POINT('',(304.42927043,-136.403170078,-7.82));
#9092=CARTESIAN_POINT('',(304.391860212,-136.354282215,-7.82));
#9093=B_SPLINE_CURVE_WITH_KNOTS('',3,(#9086,#9087,#9088,#9089,#9090,#9091,#9092),.UNSPECIFIED.,.F.,.F.,(4,3,4),(0.00126,0.00144491,0.00162982),.UNSPECIFIED.);
#9094=EDGE_CURVE('',#9079,#9051,#9093,.T.);
#9095=ORIENTED_EDGE('',*,*,#9094,.T.);
#9096=ORIENTED_EDGE('',*,*,#9056,.T.);
#9097=EDGE_LOOP('',(#9077,#9085,#9095,#9096));
#9098=FACE_BOUND('',#9097,.T.);
#9099=ADVANCED_FACE('',(#9098),#9076,.T.);
#9100=CARTESIAN_POINT('',(304.402360212,-136.942282215,-7.82));
#9101=CARTESIAN_POINT('',(304.402360212,-136.942282215,-8.32));
#9102=CARTESIAN_POINT('',(304.479325212,-136.879282215,-7.82));
#9103=CARTESIAN_POINT('',(304.479325212,-136.879282215,-8.32));
#9104=CARTESIAN_POINT('',(304.521325212,-136.795282215,-7.82));
#9105=CARTESIAN_POINT('',(304.521325212,-136.795282215,-8.32));
#9106=CARTESIAN_POINT('',(304.528360212,-136.690282215,-7.82));
#9107=CARTESIAN_POINT('',(304.528360212,-136.690282215,-8.32));
#9108=B_SPLINE_SURFACE_WITH_KNOTS('',3,1,((#9100,#9101),(#9102,#9103),(#9104,#9105),(#9106,#9107)),.UNSPECIFIED.,.F.,.F.,.U.,(4,4),(2,2),(0.,1.),(1.,2.),.UNSPECIFIED.);
#9109=ORIENTED_EDGE('',*,*,#2087,.F.);
#9110=CARTESIAN_POINT('',(304.402360212,-136.942282215,-7.82));
#9111=VERTEX_POINT('',#9110);
#9112=CARTESIAN_POINT('',(304.402360212,-136.942282215,-7.82));
#9113=DIRECTION('',(0.,0.,-1.));
#9114=VECTOR('',#9113,0.5);
#9115=LINE('',#9112,#9114);
#9116=EDGE_CURVE('',#9111,#2066,#9115,.T.);
#9117=ORIENTED_EDGE('',*,*,#9116,.F.);
#9118=CARTESIAN_POINT('',(304.402360212,-136.942282215,-7.82));
#9119=CARTESIAN_POINT('',(304.439820803,-136.911618702,-7.82));
#9120=CARTESIAN_POINT('',(304.471106291,-136.873696697,-7.82));
#9121=CARTESIAN_POINT('',(304.492549437,-136.830085039,-7.82));
#9122=CARTESIAN_POINT('',(304.513992583,-136.786473382,-7.82));
#9123=CARTESIAN_POINT('',(304.525118702,-136.738662951,-7.82));
#9124=CARTESIAN_POINT('',(304.528360212,-136.690282215,-7.82));
#9125=B_SPLINE_CURVE_WITH_KNOTS('',3,(#9118,#9119,#9120,#9121,#9122,#9123,#9124),.UNSPECIFIED.,.F.,.F.,(4,3,4),(0.001193539,0.00133877,0.001484),.UNSPECIFIED.);
#9126=EDGE_CURVE('',#9111,#9079,#9125,.T.);
#9127=ORIENTED_EDGE('',*,*,#9126,.T.);
#9128=ORIENTED_EDGE('',*,*,#9084,.T.);
#9129=EDGE_LOOP('',(#9109,#9117,#9127,#9128));
#9130=FACE_BOUND('',#9129,.T.);
#9131=ADVANCED_FACE('',(#9130),#9108,.T.);
#9132=CARTESIAN_POINT('',(304.129360212,-137.036782215,-7.82));
#9133=CARTESIAN_POINT('',(304.129360212,-137.036782215,-8.32));
#9134=CARTESIAN_POINT('',(304.234360212,-137.036782215,-7.82));
#9135=CARTESIAN_POINT('',(304.234360212,-137.036782215,-8.32));
#9136=CARTESIAN_POINT('',(304.325395212,-137.005282215,-7.82));
#9137=CARTESIAN_POINT('',(304.325395212,-137.005282215,-8.32));
#9138=CARTESIAN_POINT('',(304.402360212,-136.942282215,-7.82));
#9139=CARTESIAN_POINT('',(304.402360212,-136.942282215,-8.32));
#9140=B_SPLINE_SURFACE_WITH_KNOTS('',3,1,((#9132,#9133),(#9134,#9135),(#9136,#9137),(#9138,#9139)),.UNSPECIFIED.,.F.,.F.,.U.,(4,4),(2,2),(0.,1.),(1.,2.),.UNSPECIFIED.);
#9141=ORIENTED_EDGE('',*,*,#2075,.F.);
#9142=CARTESIAN_POINT('',(304.129360212,-137.036782215,-7.82));
#9143=VERTEX_POINT('',#9142);
#9144=CARTESIAN_POINT('',(304.129360212,-137.036782215,-7.82));
#9145=DIRECTION('',(0.,0.,-1.));
#9146=VECTOR('',#9145,0.5);
#9147=LINE('',#9144,#9146);
#9148=EDGE_CURVE('',#9143,#2057,#9147,.T.);
#9149=ORIENTED_EDGE('',*,*,#9148,.F.);
#9150=CARTESIAN_POINT('',(304.129360212,-137.036782215,-7.82));
#9151=CARTESIAN_POINT('',(304.178596226,-137.036782215,-7.82));
#9152=CARTESIAN_POINT('',(304.227720126,-137.029722889,-7.82));
#9153=CARTESIAN_POINT('',(304.274369003,-137.013845093,-7.82));
#9154=CARTESIAN_POINT('',(304.32101788,-136.997967298,-7.82));
#9155=CARTESIAN_POINT('',(304.364294328,-136.973441192,-7.82));
#9156=CARTESIAN_POINT('',(304.402360212,-136.942282215,-7.82));
#9157=B_SPLINE_CURVE_WITH_KNOTS('',3,(#9150,#9151,#9152,#9153,#9154,#9155,#9156),.UNSPECIFIED.,.F.,.F.,(4,3,4),(0.00126,0.001407708,0.001555416),.UNSPECIFIED.);
#9158=EDGE_CURVE('',#9143,#9111,#9157,.T.);
#9159=ORIENTED_EDGE('',*,*,#9158,.T.);
#9160=ORIENTED_EDGE('',*,*,#9116,.T.);
#9161=EDGE_LOOP('',(#9141,#9149,#9159,#9160));
#9162=FACE_BOUND('',#9161,.T.);
#9163=ADVANCED_FACE('',(#9162),#9140,.T.);
#9164=CARTESIAN_POINT('',(303.835360212,-136.973782215,-7.82));
#9165=CARTESIAN_POINT('',(303.835360212,-136.973782215,-8.32));
#9166=CARTESIAN_POINT('',(303.912325212,-137.015782215,-7.82));
#9167=CARTESIAN_POINT('',(303.912325212,-137.015782215,-8.32));
#9168=CARTESIAN_POINT('',(304.010395212,-137.036782215,-7.82));
#9169=CARTESIAN_POINT('',(304.010395212,-137.036782215,-8.32));
#9170=CARTESIAN_POINT('',(304.129360212,-137.036782215,-7.82));
#9171=CARTESIAN_POINT('',(304.129360212,-137.036782215,-8.32));
#9172=B_SPLINE_SURFACE_WITH_KNOTS('',3,1,((#9164,#9165),(#9166,#9167),(#9168,#9169),(#9170,#9171)),.UNSPECIFIED.,.F.,.F.,.U.,(4,4),(2,2),(0.,1.),(1.,2.),.UNSPECIFIED.);
#9173=ORIENTED_EDGE('',*,*,#2063,.F.);
#9174=CARTESIAN_POINT('',(303.835360212,-136.973782215,-7.82));
#9175=VERTEX_POINT('',#9174);
#9176=CARTESIAN_POINT('',(303.835360212,-136.973782215,-7.82));
#9177=DIRECTION('',(0.,0.,-1.));
#9178=VECTOR('',#9177,0.5);
#9179=LINE('',#9176,#9178);
#9180=EDGE_CURVE('',#9175,#2048,#9179,.T.);
#9181=ORIENTED_EDGE('',*,*,#9180,.F.);
#9182=CARTESIAN_POINT('',(303.835360212,-136.973782215,-7.82));
#9183=CARTESIAN_POINT('',(303.924539985,-137.022447848,-7.82));
#9184=CARTESIAN_POINT('',(304.027967381,-137.036782215,-7.82));
#9185=CARTESIAN_POINT('',(304.129360212,-137.036782215,-7.82));
#9186=B_SPLINE_CURVE_WITH_KNOTS('',3,(#9182,#9183,#9184,#9185),.UNSPECIFIED.,.F.,.F.,(4,4),(0.001052148,0.001356931),.UNSPECIFIED.);
#9187=EDGE_CURVE('',#9175,#9143,#9186,.T.);
#9188=ORIENTED_EDGE('',*,*,#9187,.T.);
#9189=ORIENTED_EDGE('',*,*,#9148,.T.);
#9190=EDGE_LOOP('',(#9173,#9181,#9188,#9189));
#9191=FACE_BOUND('',#9190,.T.);
#9192=ADVANCED_FACE('',(#9191),#9172,.T.);
#9193=CARTESIAN_POINT('',(303.604360212,-136.774282215,-7.82));
#9194=CARTESIAN_POINT('',(303.604360212,-136.774282215,-8.32));
#9195=CARTESIAN_POINT('',(303.674395212,-136.858282215,-7.82));
#9196=CARTESIAN_POINT('',(303.674395212,-136.858282215,-8.32));
#9197=CARTESIAN_POINT('',(303.751360212,-136.924747215,-7.82));
#9198=CARTESIAN_POINT('',(303.751360212,-136.924747215,-8.32));
#9199=CARTESIAN_POINT('',(303.835360212,-136.973782215,-7.82));
#9200=CARTESIAN_POINT('',(303.835360212,-136.973782215,-8.32));
#9201=B_SPLINE_SURFACE_WITH_KNOTS('',3,1,((#9193,#9194),(#9195,#9196),(#9197,#9198),(#9199,#9200)),.UNSPECIFIED.,.F.,.F.,.U.,(4,4),(2,2),(0.,1.),(1.,2.),.UNSPECIFIED.);
#9202=ORIENTED_EDGE('',*,*,#2054,.F.);
#9203=CARTESIAN_POINT('',(303.604360212,-136.774282215,-7.82));
#9204=VERTEX_POINT('',#9203);
#9205=CARTESIAN_POINT('',(303.604360212,-136.774282215,-7.82));
#9206=DIRECTION('',(0.,0.,-1.));
#9207=VECTOR('',#9206,0.5);
#9208=LINE('',#9205,#9207);
#9209=EDGE_CURVE('',#9204,#2040,#9208,.T.);
#9210=ORIENTED_EDGE('',*,*,#9209,.F.);
#9211=CARTESIAN_POINT('',(303.60436021,-136.774282216,-7.82));
#9212=CARTESIAN_POINT('',(303.669880598,-136.852858435,-7.82));
#9213=CARTESIAN_POINT('',(303.747035306,-136.922222551,-7.82));
#9214=CARTESIAN_POINT('',(303.835360212,-136.973782215,-7.82));
#9215=B_SPLINE_CURVE_WITH_KNOTS('',3,(#9211,#9212,#9213,#9214),.UNSPECIFIED.,.F.,.F.,(4,4),(0.001312391,0.001619319),.UNSPECIFIED.);
#9216=EDGE_CURVE('',#9204,#9175,#9215,.T.);
#9217=ORIENTED_EDGE('',*,*,#9216,.T.);
#9218=ORIENTED_EDGE('',*,*,#9180,.T.);
#9219=EDGE_LOOP('',(#9202,#9210,#9217,#9218));
#9220=FACE_BOUND('',#9219,.T.);
#9221=ADVANCED_FACE('',(#9220),#9201,.T.);
#9222=CARTESIAN_POINT('',(302.913435381,-135.895350627,-7.32));
#9223=DIRECTION('',(0.786172432,0.618007206,0.));
#9224=DIRECTION('',(-0.618007206,0.786172432,0.));
#9225=AXIS2_PLACEMENT_3D('',#9222,#9223,#9224);
#9226=PLANE('',#9225);
#9227=ORIENTED_EDGE('',*,*,#2045,.F.);
#9228=CARTESIAN_POINT('',(302.222510549,-135.016419039,-7.82));
#9229=VERTEX_POINT('',#9228);
#9230=CARTESIAN_POINT('',(302.222510549,-135.016419039,-7.82));
#9231=DIRECTION('',(0.,0.,-1.));
#9232=VECTOR('',#9231,0.5);
#9233=LINE('',#9230,#9232);
#9234=EDGE_CURVE('',#9229,#2032,#9233,.T.);
#9235=ORIENTED_EDGE('',*,*,#9234,.F.);
#9236=CARTESIAN_POINT('',(302.222510549,-135.016419039,-7.82));
#9237=DIRECTION('',(0.618007206,-0.786172432,0.));
#9238=VECTOR('',#9237,2.235976617);
#9239=LINE('',#9236,#9238);
#9240=EDGE_CURVE('',#9229,#9204,#9239,.T.);
#9241=ORIENTED_EDGE('',*,*,#9240,.T.);
#9242=ORIENTED_EDGE('',*,*,#9209,.T.);
#9243=EDGE_LOOP('',(#9227,#9235,#9241,#9242));
#9244=FACE_BOUND('',#9243,.T.);
#9245=ADVANCED_FACE('',(#9244),#9226,.T.);
#9246=CARTESIAN_POINT('',(301.522185381,-135.895350627,-7.32));
#9247=DIRECTION('',(-0.7820914,0.623163736,0.));
#9248=DIRECTION('',(-0.623163736,-0.7820914,0.));
#9249=AXIS2_PLACEMENT_3D('',#9246,#9247,#9248);
#9250=PLANE('',#9249);
#9251=ORIENTED_EDGE('',*,*,#2037,.F.);
#9252=CARTESIAN_POINT('',(300.821860212,-136.774282215,-7.82));
#9253=VERTEX_POINT('',#9252);
#9254=CARTESIAN_POINT('',(300.821860212,-136.774282215,-7.82));
#9255=DIRECTION('',(0.,0.,-1.));
#9256=VECTOR('',#9255,0.5);
#9257=LINE('',#9254,#9256);
#9258=EDGE_CURVE('',#9253,#2023,#9257,.T.);
#9259=ORIENTED_EDGE('',*,*,#9258,.F.);
#9260=CARTESIAN_POINT('',(300.821860212,-136.774282215,-7.82));
#9261=DIRECTION('',(0.623163736,0.7820914,0.));
#9262=VECTOR('',#9261,2.24764417);
#9263=LINE('',#9260,#9262);
#9264=EDGE_CURVE('',#9253,#9229,#9263,.T.);
#9265=ORIENTED_EDGE('',*,*,#9264,.T.);
#9266=ORIENTED_EDGE('',*,*,#9234,.T.);
#9267=EDGE_LOOP('',(#9251,#9259,#9265,#9266));
#9268=FACE_BOUND('',#9267,.T.);
#9269=ADVANCED_FACE('',(#9268),#9250,.T.);
#9270=CARTESIAN_POINT('',(300.601360212,-136.973782215,-7.82));
#9271=CARTESIAN_POINT('',(300.601360212,-136.973782215,-8.32));
#9272=CARTESIAN_POINT('',(300.678325212,-136.931782215,-7.82));
#9273=CARTESIAN_POINT('',(300.678325212,-136.931782215,-8.32));
#9274=CARTESIAN_POINT('',(300.751825212,-136.865317215,-7.82));
#9275=CARTESIAN_POINT('',(300.751825212,-136.865317215,-8.32));
#9276=CARTESIAN_POINT('',(300.821860212,-136.774282215,-7.82));
#9277=CARTESIAN_POINT('',(300.821860212,-136.774282215,-8.32));
#9278=B_SPLINE_SURFACE_WITH_KNOTS('',3,1,((#9270,#9271),(#9272,#9273),(#9274,#9275),(#9276,#9277)),.UNSPECIFIED.,.F.,.F.,.U.,(4,4),(2,2),(0.,1.),(1.,2.),.UNSPECIFIED.);
#9279=ORIENTED_EDGE('',*,*,#2029,.F.);
#9280=CARTESIAN_POINT('',(300.601360212,-136.973782215,-7.82));
#9281=VERTEX_POINT('',#9280);
#9282=CARTESIAN_POINT('',(300.601360212,-136.973782215,-7.82));
#9283=DIRECTION('',(0.,0.,-1.));
#9284=VECTOR('',#9283,0.5);
#9285=LINE('',#9282,#9284);
#9286=EDGE_CURVE('',#9281,#2014,#9285,.T.);
#9287=ORIENTED_EDGE('',*,*,#9286,.F.);
#9288=CARTESIAN_POINT('',(300.601360212,-136.973782215,-7.82));
#9289=CARTESIAN_POINT('',(300.689233007,-136.925829802,-7.82));
#9290=CARTESIAN_POINT('',(300.760921584,-136.853493295,-7.82));
#9291=CARTESIAN_POINT('',(300.821860212,-136.774282215,-7.82));
#9292=B_SPLINE_CURVE_WITH_KNOTS('',3,(#9288,#9289,#9290,#9291),.UNSPECIFIED.,.F.,.F.,(4,4),(0.001052148,0.001352464),.UNSPECIFIED.);
#9293=EDGE_CURVE('',#9281,#9253,#9292,.T.);
#9294=ORIENTED_EDGE('',*,*,#9293,.T.);
#9295=ORIENTED_EDGE('',*,*,#9258,.T.);
#9296=EDGE_LOOP('',(#9279,#9287,#9294,#9295));
#9297=FACE_BOUND('',#9296,.T.);
#9298=ADVANCED_FACE('',(#9297),#9278,.T.);
#9299=CARTESIAN_POINT('',(300.296860212,-137.036782215,-7.82));
#9300=CARTESIAN_POINT('',(300.296860212,-137.036782215,-8.32));
#9301=CARTESIAN_POINT('',(300.415825212,-137.036782215,-7.82));
#9302=CARTESIAN_POINT('',(300.415825212,-137.036782215,-8.32));
#9303=CARTESIAN_POINT('',(300.517360212,-137.015782215,-7.82));
#9304=CARTESIAN_POINT('',(300.517360212,-137.015782215,-8.32));
#9305=CARTESIAN_POINT('',(300.601360212,-136.973782215,-7.82));
#9306=CARTESIAN_POINT('',(300.601360212,-136.973782215,-8.32));
#9307=B_SPLINE_SURFACE_WITH_KNOTS('',3,1,((#9299,#9300),(#9301,#9302),(#9303,#9304),(#9305,#9306)),.UNSPECIFIED.,.F.,.F.,.U.,(4,4),(2,2),(0.,1.),(1.,2.),.UNSPECIFIED.);
#9308=ORIENTED_EDGE('',*,*,#2020,.F.);
#9309=CARTESIAN_POINT('',(300.296860212,-137.036782215,-7.82));
#9310=VERTEX_POINT('',#9309);
#9311=CARTESIAN_POINT('',(300.296860212,-137.036782215,-7.82));
#9312=DIRECTION('',(0.,0.,-1.));
#9313=VECTOR('',#9312,0.5);
#9314=LINE('',#9311,#9313);
#9315=EDGE_CURVE('',#9310,#2002,#9314,.T.);
#9316=ORIENTED_EDGE('',*,*,#9315,.F.);
#9317=CARTESIAN_POINT('',(300.296860212,-137.036782215,-7.82));
#9318=CARTESIAN_POINT('',(300.349235893,-137.036782215,-7.82));
#9319=CARTESIAN_POINT('',(300.401232997,-137.032807471,-7.82));
#9320=CARTESIAN_POINT('',(300.452668533,-137.022936734,-7.82));
#9321=CARTESIAN_POINT('',(300.504104069,-137.013065998,-7.82));
#9322=CARTESIAN_POINT('',(300.554528757,-136.997197942,-7.82));
#9323=CARTESIAN_POINT('',(300.601360212,-136.973782215,-7.82));
#9324=B_SPLINE_CURVE_WITH_KNOTS('',3,(#9317,#9318,#9319,#9320,#9321,#9322,#9323),.UNSPECIFIED.,.F.,.F.,(4,3,4),(0.00142758,0.001584707,0.001741834),.UNSPECIFIED.);
#9325=EDGE_CURVE('',#9310,#9281,#9324,.T.);
#9326=ORIENTED_EDGE('',*,*,#9325,.T.);
#9327=ORIENTED_EDGE('',*,*,#9286,.T.);
#9328=EDGE_LOOP('',(#9308,#9316,#9326,#9327));
#9329=FACE_BOUND('',#9328,.T.);
#9330=ADVANCED_FACE('',(#9329),#9307,.T.);
#9331=CARTESIAN_POINT('',(300.023860212,-136.942282215,-7.82));
#9332=CARTESIAN_POINT('',(300.023860212,-136.942282215,-8.32));
#9333=CARTESIAN_POINT('',(300.093895212,-137.005282215,-7.82));
#9334=CARTESIAN_POINT('',(300.093895212,-137.005282215,-8.32));
#9335=CARTESIAN_POINT('',(300.184825212,-137.036782215,-7.82));
#9336=CARTESIAN_POINT('',(300.184825212,-137.036782215,-8.32));
#9337=CARTESIAN_POINT('',(300.296860212,-137.036782215,-7.82));
#9338=CARTESIAN_POINT('',(300.296860212,-137.036782215,-8.32));
#9339=B_SPLINE_SURFACE_WITH_KNOTS('',3,1,((#9331,#9332),(#9333,#9334),(#9335,#9336),(#9337,#9338)),.UNSPECIFIED.,.F.,.F.,.U.,(4,4),(2,2),(0.,1.),(1.,2.),.UNSPECIFIED.);
#9340=ORIENTED_EDGE('',*,*,#2011,.F.);
#9341=CARTESIAN_POINT('',(300.023860212,-136.942282215,-7.82));
#9342=VERTEX_POINT('',#9341);
#9343=CARTESIAN_POINT('',(300.023860212,-136.942282215,-7.82));
#9344=DIRECTION('',(0.,0.,-1.));
#9345=VECTOR('',#9344,0.5);
#9346=LINE('',#9343,#9345);
#9347=EDGE_CURVE('',#9342,#1990,#9346,.T.);
#9348=ORIENTED_EDGE('',*,*,#9347,.F.);
#9349=CARTESIAN_POINT('',(300.023860212,-136.942282215,-7.82));
#9350=CARTESIAN_POINT('',(300.060555579,-136.975291541,-7.82));
#9351=CARTESIAN_POINT('',(300.104211421,-137.000048969,-7.82));
#9352=CARTESIAN_POINT('',(300.151162563,-137.015359476,-7.82));
#9353=CARTESIAN_POINT('',(300.198113705,-137.030669983,-7.82));
#9354=CARTESIAN_POINT('',(300.247514343,-137.036782215,-7.82));
#9355=CARTESIAN_POINT('',(300.296860212,-137.036782215,-7.82));
#9356=B_SPLINE_CURVE_WITH_KNOTS('',3,(#9349,#9350,#9351,#9352,#9353,#9354,#9355),.UNSPECIFIED.,.F.,.F.,(4,3,4),(0.001130417,0.001278489,0.001426562),.UNSPECIFIED.);
#9357=EDGE_CURVE('',#9342,#9310,#9356,.T.);
#9358=ORIENTED_EDGE('',*,*,#9357,.T.);
#9359=ORIENTED_EDGE('',*,*,#9315,.T.);
#9360=EDGE_LOOP('',(#9340,#9348,#9358,#9359));
#9361=FACE_BOUND('',#9360,.T.);
#9362=ADVANCED_FACE('',(#9361),#9339,.T.);
#9363=CARTESIAN_POINT('',(299.897860212,-136.679782215,-7.82));
#9364=CARTESIAN_POINT('',(299.897860212,-136.679782215,-8.32));
#9365=CARTESIAN_POINT('',(299.904895212,-136.784782215,-7.82));
#9366=CARTESIAN_POINT('',(299.904895212,-136.784782215,-8.32));
#9367=CARTESIAN_POINT('',(299.946895212,-136.872247215,-7.82));
#9368=CARTESIAN_POINT('',(299.946895212,-136.872247215,-8.32));
#9369=CARTESIAN_POINT('',(300.023860212,-136.942282215,-7.82));
#9370=CARTESIAN_POINT('',(300.023860212,-136.942282215,-8.32));
#9371=B_SPLINE_SURFACE_WITH_KNOTS('',3,1,((#9363,#9364),(#9365,#9366),(#9367,#9368),(#9369,#9370)),.UNSPECIFIED.,.F.,.F.,.U.,(4,4),(2,2),(0.,1.),(1.,2.),.UNSPECIFIED.);
#9372=ORIENTED_EDGE('',*,*,#1999,.F.);
#9373=CARTESIAN_POINT('',(299.897860212,-136.679782215,-7.82));
#9374=VERTEX_POINT('',#9373);
#9375=CARTESIAN_POINT('',(299.897860212,-136.679782215,-7.82));
#9376=DIRECTION('',(0.,0.,-1.));
#9377=VECTOR('',#9376,0.5);
#9378=LINE('',#9375,#9377);
#9379=EDGE_CURVE('',#9374,#1978,#9378,.T.);
#9380=ORIENTED_EDGE('',*,*,#9379,.F.);
#9381=CARTESIAN_POINT('',(299.897860212,-136.679782215,-7.82));
#9382=CARTESIAN_POINT('',(299.901196841,-136.729582653,-7.82));
#9383=CARTESIAN_POINT('',(299.912864477,-136.778649056,-7.82));
#9384=CARTESIAN_POINT('',(299.934443841,-136.823742203,-7.82));
#9385=CARTESIAN_POINT('',(299.956023206,-136.86883535,-7.82));
#9386=CARTESIAN_POINT('',(299.986960913,-136.908705363,-7.82));
#9387=CARTESIAN_POINT('',(300.023860212,-136.942282215,-7.82));
#9388=B_SPLINE_CURVE_WITH_KNOTS('',3,(#9381,#9382,#9383,#9384,#9385,#9386,#9387),.UNSPECIFIED.,.F.,.F.,(4,3,4),(0.001262825,0.001412561,0.001562297),.UNSPECIFIED.);
#9389=EDGE_CURVE('',#9374,#9342,#9388,.T.);
#9390=ORIENTED_EDGE('',*,*,#9389,.T.);
#9391=ORIENTED_EDGE('',*,*,#9347,.T.);
#9392=EDGE_LOOP('',(#9372,#9380,#9390,#9391));
#9393=FACE_BOUND('',#9392,.T.);
#9394=ADVANCED_FACE('',(#9393),#9371,.T.);
#9395=CARTESIAN_POINT('',(300.034360212,-136.354282215,-7.82));
#9396=CARTESIAN_POINT('',(300.034360212,-136.354282215,-8.32));
#9397=CARTESIAN_POINT('',(299.936395212,-136.466317214,-7.82));
#9398=CARTESIAN_POINT('',(299.936395212,-136.466317214,-8.32));
#9399=CARTESIAN_POINT('',(299.890825212,-136.574782214,-7.82));
#9400=CARTESIAN_POINT('',(299.890825212,-136.574782214,-8.32));
#9401=CARTESIAN_POINT('',(299.897860212,-136.679782213,-7.82));
#9402=CARTESIAN_POINT('',(299.897860212,-136.679782213,-8.32));
#9403=B_SPLINE_SURFACE_WITH_KNOTS('',3,1,((#9395,#9396),(#9397,#9398),(#9399,#9400),(#9401,#9402)),.UNSPECIFIED.,.F.,.F.,.U.,(4,4),(2,2),(0.,0.999999996),(1.,2.),.UNSPECIFIED.);
#9404=ORIENTED_EDGE('',*,*,#1987,.F.);
#9405=CARTESIAN_POINT('',(300.034360212,-136.354282215,-7.82));
#9406=VERTEX_POINT('',#9405);
#9407=CARTESIAN_POINT('',(300.034360212,-136.354282215,-7.82));
#9408=DIRECTION('',(0.,0.,-1.));
#9409=VECTOR('',#9408,0.5);
#9410=LINE('',#9407,#9409);
#9411=EDGE_CURVE('',#9406,#1970,#9410,.T.);
#9412=ORIENTED_EDGE('',*,*,#9411,.F.);
#9413=CARTESIAN_POINT('',(300.034360212,-136.354282215,-7.82));
#9414=CARTESIAN_POINT('',(299.994554606,-136.399804809,-7.82));
#9415=CARTESIAN_POINT('',(299.959039337,-136.449326019,-7.82));
#9416=CARTESIAN_POINT('',(299.933583927,-136.504171142,-7.82));
#9417=CARTESIAN_POINT('',(299.908128517,-136.559016265,-7.82));
#9418=CARTESIAN_POINT('',(299.893828179,-136.619602622,-7.82));
#9419=CARTESIAN_POINT('',(299.897860212,-136.679782215,-7.82));
#9420=B_SPLINE_CURVE_WITH_KNOTS('',3,(#9413,#9414,#9415,#9416,#9417,#9418,#9419),.UNSPECIFIED.,.F.,.F.,(4,3,4),(0.000945558,0.001126972,0.001308386),.UNSPECIFIED.);
#9421=EDGE_CURVE('',#9406,#9374,#9420,.T.);
#9422=ORIENTED_EDGE('',*,*,#9421,.T.);
#9423=ORIENTED_EDGE('',*,*,#9379,.T.);
#9424=EDGE_LOOP('',(#9404,#9412,#9422,#9423));
#9425=FACE_BOUND('',#9424,.T.);
#9426=ADVANCED_FACE('',(#9425),#9403,.T.);
#9427=CARTESIAN_POINT('',(301.567360212,-132.861510476,-7.32));
#9428=DIRECTION('',(-0.78522721,-0.619207743,0.));
#9429=DIRECTION('',(0.619207743,-0.78522721,0.));
#9430=AXIS2_PLACEMENT_3D('',#9427,#9428,#9429);
#9431=PLANE('',#9430);
#9432=CARTESIAN_POINT('',(302.207860212,-133.673738736,-8.32));
#9433=VERTEX_POINT('',#9432);
#9434=CARTESIAN_POINT('',(300.926860212,-132.049282215,-8.32));
#9435=VERTEX_POINT('',#9434);
#9436=CARTESIAN_POINT('',(302.207860212,-133.673738736,-8.32));
#9437=DIRECTION('',(-0.619207743,0.78522721,0.));
#9438=VECTOR('',#9437,2.068772581);
#9439=LINE('',#9436,#9438);
#9440=EDGE_CURVE('',#9433,#9435,#9439,.T.);
#9441=ORIENTED_EDGE('',*,*,#9440,.F.);
#9442=CARTESIAN_POINT('',(302.207860212,-133.673738736,-7.82));
#9443=VERTEX_POINT('',#9442);
#9444=CARTESIAN_POINT('',(302.207860212,-133.673738736,-7.82));
#9445=DIRECTION('',(0.,0.,-1.));
#9446=VECTOR('',#9445,0.5);
#9447=LINE('',#9444,#9446);
#9448=EDGE_CURVE('',#9443,#9433,#9447,.T.);
#9449=ORIENTED_EDGE('',*,*,#9448,.F.);
#9450=CARTESIAN_POINT('',(300.926860212,-132.049282215,-7.82));
#9451=VERTEX_POINT('',#9450);
#9452=CARTESIAN_POINT('',(302.207860212,-133.673738736,-7.82));
#9453=DIRECTION('',(-0.619207743,0.78522721,0.));
#9454=VECTOR('',#9453,2.068772581);
#9455=LINE('',#9452,#9454);
#9456=EDGE_CURVE('',#9443,#9451,#9455,.T.);
#9457=ORIENTED_EDGE('',*,*,#9456,.T.);
#9458=CARTESIAN_POINT('',(300.926860212,-132.049282215,-7.82));
#9459=DIRECTION('',(0.,0.,-1.));
#9460=VECTOR('',#9459,0.5);
#9461=LINE('',#9458,#9460);
#9462=EDGE_CURVE('',#9451,#9435,#9461,.T.);
#9463=ORIENTED_EDGE('',*,*,#9462,.T.);
#9464=EDGE_LOOP('',(#9441,#9449,#9457,#9463));
#9465=FACE_BOUND('',#9464,.T.);
#9466=ADVANCED_FACE('',(#9465),#9431,.T.);
#9467=CARTESIAN_POINT('',(302.848360212,-132.861510476,-7.32));
#9468=DIRECTION('',(0.78522721,-0.619207743,0.));
#9469=DIRECTION('',(0.619207743,0.78522721,0.));
#9470=AXIS2_PLACEMENT_3D('',#9467,#9468,#9469);
#9471=PLANE('',#9470);
#9472=CARTESIAN_POINT('',(303.488860212,-132.049282215,-8.32));
#9473=VERTEX_POINT('',#9472);
#9474=CARTESIAN_POINT('',(303.488860212,-132.049282215,-8.32));
#9475=DIRECTION('',(-0.619207743,-0.78522721,0.));
#9476=VECTOR('',#9475,2.068772581);
#9477=LINE('',#9474,#9476);
#9478=EDGE_CURVE('',#9473,#9433,#9477,.T.);
#9479=ORIENTED_EDGE('',*,*,#9478,.F.);
#9480=CARTESIAN_POINT('',(303.488860212,-132.049282215,-7.82));
#9481=VERTEX_POINT('',#9480);
#9482=CARTESIAN_POINT('',(303.488860212,-132.049282215,-7.82));
#9483=DIRECTION('',(0.,0.,-1.));
#9484=VECTOR('',#9483,0.5);
#9485=LINE('',#9482,#9484);
#9486=EDGE_CURVE('',#9481,#9473,#9485,.T.);
#9487=ORIENTED_EDGE('',*,*,#9486,.F.);
#9488=CARTESIAN_POINT('',(303.488860212,-132.049282215,-7.82));
#9489=DIRECTION('',(-0.619207743,-0.78522721,0.));
#9490=VECTOR('',#9489,2.068772581);
#9491=LINE('',#9488,#9490);
#9492=EDGE_CURVE('',#9481,#9443,#9491,.T.);
#9493=ORIENTED_EDGE('',*,*,#9492,.T.);
#9494=ORIENTED_EDGE('',*,*,#9448,.T.);
#9495=EDGE_LOOP('',(#9479,#9487,#9493,#9494));
#9496=FACE_BOUND('',#9495,.T.);
#9497=ADVANCED_FACE('',(#9496),#9471,.T.);
#9498=CARTESIAN_POINT('',(303.505403953,-132.028399125,-7.82));
#9499=CARTESIAN_POINT('',(303.505403953,-132.028399125,-8.32));
#9500=CARTESIAN_POINT('',(303.49984703,-132.035210537,-7.82));
#9501=CARTESIAN_POINT('',(303.49984703,-132.035210537,-8.32));
#9502=CARTESIAN_POINT('',(303.494332466,-132.042171566,-7.82));
#9503=CARTESIAN_POINT('',(303.494332466,-132.042171566,-8.32));
#9504=CARTESIAN_POINT('',(303.488860212,-132.049282215,-7.82));
#9505=CARTESIAN_POINT('',(303.488860212,-132.049282215,-8.32));
#9506=B_SPLINE_SURFACE_WITH_KNOTS('',3,1,((#9498,#9499),(#9500,#9501),(#9502,#9503),(#9504,#9505)),.UNSPECIFIED.,.F.,.F.,.U.,(4,4),(2,2),(0.921864004,1.),(1.,2.),.UNSPECIFIED.);
#9507=CARTESIAN_POINT('',(303.50540397,-132.028399105,-8.32));
#9508=VERTEX_POINT('',#9507);
#9509=CARTESIAN_POINT('',(303.50540397,-132.028399105,-8.32));
#9510=CARTESIAN_POINT('',(303.499789869,-132.035280602,-8.32));
#9511=CARTESIAN_POINT('',(303.494276654,-132.042244088,-8.32));
#9512=CARTESIAN_POINT('',(303.488860212,-132.049282215,-8.32));
#9513=B_SPLINE_CURVE_WITH_KNOTS('',3,(#9509,#9510,#9511,#9512),.UNSPECIFIED.,.F.,.F.,(4,4),(0.000105487,0.00013213),.UNSPECIFIED.);
#9514=EDGE_CURVE('',#9508,#9473,#9513,.T.);
#9515=ORIENTED_EDGE('',*,*,#9514,.F.);
#9516=CARTESIAN_POINT('',(303.50540397,-132.028399105,-7.82));
#9517=VERTEX_POINT('',#9516);
#9518=CARTESIAN_POINT('',(303.50540397,-132.028399105,-7.82));
#9519=DIRECTION('',(0.,0.,-1.));
#9520=VECTOR('',#9519,0.5);
#9521=LINE('',#9518,#9520);
#9522=EDGE_CURVE('',#9517,#9508,#9521,.T.);
#9523=ORIENTED_EDGE('',*,*,#9522,.F.);
#9524=CARTESIAN_POINT('',(303.50540397,-132.028399105,-7.82));
#9525=CARTESIAN_POINT('',(303.499789879,-132.03528059,-7.82));
#9526=CARTESIAN_POINT('',(303.494276654,-132.04224409,-7.82));
#9527=CARTESIAN_POINT('',(303.488860212,-132.049282215,-7.82));
#9528=B_SPLINE_CURVE_WITH_KNOTS('',3,(#9524,#9525,#9526,#9527),.UNSPECIFIED.,.F.,.F.,(4,4),(0.000105487,0.00013213),.UNSPECIFIED.);
#9529=EDGE_CURVE('',#9517,#9481,#9528,.T.);
#9530=ORIENTED_EDGE('',*,*,#9529,.T.);
#9531=ORIENTED_EDGE('',*,*,#9486,.T.);
#9532=EDGE_LOOP('',(#9515,#9523,#9530,#9531));
#9533=FACE_BOUND('',#9532,.T.);
#9534=ADVANCED_FACE('',(#9533),#9506,.T.);
#9535=CARTESIAN_POINT('',(302.86395726,-131.212409072,-7.32));
#9536=DIRECTION('',(0.786172432,0.618007206,0.));
#9537=DIRECTION('',(-0.618007206,0.786172432,0.));
#9538=AXIS2_PLACEMENT_3D('',#9535,#9536,#9537);
#9539=PLANE('',#9538);
#9540=CARTESIAN_POINT('',(302.222510549,-130.396419039,-8.32));
#9541=VERTEX_POINT('',#9540);
#9542=CARTESIAN_POINT('',(302.222510549,-130.396419039,-8.32));
#9543=DIRECTION('',(0.618007206,-0.786172432,0.));
#9544=VECTOR('',#9543,2.075855116);
#9545=LINE('',#9542,#9544);
#9546=EDGE_CURVE('',#9541,#9508,#9545,.T.);
#9547=ORIENTED_EDGE('',*,*,#9546,.F.);
#9548=CARTESIAN_POINT('',(302.222510549,-130.396419039,-7.82));
#9549=VERTEX_POINT('',#9548);
#9550=CARTESIAN_POINT('',(302.222510549,-130.396419039,-7.82));
#9551=DIRECTION('',(0.,0.,-1.));
#9552=VECTOR('',#9551,0.5);
#9553=LINE('',#9550,#9552);
#9554=EDGE_CURVE('',#9549,#9541,#9553,.T.);
#9555=ORIENTED_EDGE('',*,*,#9554,.F.);
#9556=CARTESIAN_POINT('',(302.222510549,-130.396419039,-7.82));
#9557=DIRECTION('',(0.618007206,-0.786172432,0.));
#9558=VECTOR('',#9557,2.075855116);
#9559=LINE('',#9556,#9558);
#9560=EDGE_CURVE('',#9549,#9517,#9559,.T.);
#9561=ORIENTED_EDGE('',*,*,#9560,.T.);
#9562=ORIENTED_EDGE('',*,*,#9522,.T.);
#9563=EDGE_LOOP('',(#9547,#9555,#9561,#9562));
#9564=FACE_BOUND('',#9563,.T.);
#9565=ADVANCED_FACE('',(#9564),#9539,.T.);
#9566=CARTESIAN_POINT('',(301.569400912,-131.21609355,-7.32));
#9567=DIRECTION('',(-0.7820914,0.623163736,0.));
#9568=DIRECTION('',(-0.623163736,-0.7820914,0.));
#9569=AXIS2_PLACEMENT_3D('',#9566,#9567,#9568);
#9570=PLANE('',#9569);
#9571=CARTESIAN_POINT('',(300.916291275,-132.035768061,-8.32));
#9572=VERTEX_POINT('',#9571);
#9573=CARTESIAN_POINT('',(300.916291275,-132.035768061,-8.32));
#9574=DIRECTION('',(0.623163736,0.7820914,0.));
#9575=VECTOR('',#9574,2.096109255);
#9576=LINE('',#9573,#9575);
#9577=EDGE_CURVE('',#9572,#9541,#9576,.T.);
#9578=ORIENTED_EDGE('',*,*,#9577,.F.);
#9579=CARTESIAN_POINT('',(300.916291275,-132.035768061,-7.82));
#9580=VERTEX_POINT('',#9579);
#9581=CARTESIAN_POINT('',(300.916291275,-132.035768061,-7.82));
#9582=DIRECTION('',(0.,0.,-1.));
#9583=VECTOR('',#9582,0.5);
#9584=LINE('',#9581,#9583);
#9585=EDGE_CURVE('',#9580,#9572,#9584,.T.);
#9586=ORIENTED_EDGE('',*,*,#9585,.F.);
#9587=CARTESIAN_POINT('',(300.916291275,-132.035768061,-7.82));
#9588=DIRECTION('',(0.623163736,0.7820914,0.));
#9589=VECTOR('',#9588,2.096109255);
#9590=LINE('',#9587,#9589);
#9591=EDGE_CURVE('',#9580,#9549,#9590,.T.);
#9592=ORIENTED_EDGE('',*,*,#9591,.T.);
#9593=ORIENTED_EDGE('',*,*,#9554,.T.);
#9594=EDGE_LOOP('',(#9578,#9586,#9592,#9593));
#9595=FACE_BOUND('',#9594,.T.);
#9596=ADVANCED_FACE('',(#9595),#9570,.T.);
#9597=CARTESIAN_POINT('',(300.926860212,-132.049282215,-7.82));
#9598=CARTESIAN_POINT('',(300.926860212,-132.049282215,-8.32));
#9599=CARTESIAN_POINT('',(300.923345957,-132.044715791,-7.82));
#9600=CARTESIAN_POINT('',(300.923345957,-132.044715791,-8.32));
#9601=CARTESIAN_POINT('',(300.919822978,-132.040211074,-7.82));
#9602=CARTESIAN_POINT('',(300.919822978,-132.040211074,-8.32));
#9603=CARTESIAN_POINT('',(300.916291275,-132.035768061,-7.82));
#9604=CARTESIAN_POINT('',(300.916291275,-132.035768061,-8.32));
#9605=B_SPLINE_SURFACE_WITH_KNOTS('',3,1,((#9597,#9598),(#9599,#9600),(#9601,#9602),(#9603,#9604)),.UNSPECIFIED.,.F.,.F.,.U.,(4,4),(2,2),(0.,0.050178546),(1.,2.),.UNSPECIFIED.);
#9606=CARTESIAN_POINT('',(300.926860212,-132.049282215,-8.32));
#9607=CARTESIAN_POINT('',(300.92337239,-132.044750138,-8.32));
#9608=CARTESIAN_POINT('',(300.919849776,-132.040244855,-8.32));
#9609=CARTESIAN_POINT('',(300.916291275,-132.035768061,-8.32));
#9610=B_SPLINE_CURVE_WITH_KNOTS('',3,(#9606,#9607,#9608,#9609),.UNSPECIFIED.,.F.,.F.,(4,4),(0.000069146,0.000086302),.UNSPECIFIED.);
#9611=EDGE_CURVE('',#9435,#9572,#9610,.T.);
#9612=ORIENTED_EDGE('',*,*,#9611,.F.);
#9613=ORIENTED_EDGE('',*,*,#9462,.F.);
#9614=CARTESIAN_POINT('',(300.926860212,-132.049282215,-7.82));
#9615=CARTESIAN_POINT('',(300.923372384,-132.04475013,-7.82));
#9616=CARTESIAN_POINT('',(300.919849816,-132.040244837,-7.82));
#9617=CARTESIAN_POINT('',(300.916291275,-132.035768061,-7.82));
#9618=B_SPLINE_CURVE_WITH_KNOTS('',3,(#9614,#9615,#9616,#9617),.UNSPECIFIED.,.F.,.F.,(4,4),(0.000069146,0.000086302),.UNSPECIFIED.);
#9619=EDGE_CURVE('',#9451,#9580,#9618,.T.);
#9620=ORIENTED_EDGE('',*,*,#9619,.T.);
#9621=ORIENTED_EDGE('',*,*,#9585,.T.);
#9622=EDGE_LOOP('',(#9612,#9613,#9620,#9621));
#9623=FACE_BOUND('',#9622,.T.);
#9624=ADVANCED_FACE('',(#9623),#9605,.T.);
#9625=CARTESIAN_POINT('',(300.852076584,-135.346399244,-7.32));
#9626=DIRECTION('',(0.776561986,-0.630040857,0.));
#9627=DIRECTION('',(0.630040857,0.776561986,0.));
#9628=AXIS2_PLACEMENT_3D('',#9625,#9626,#9627);
#9629=PLANE('',#9628);
#9630=ORIENTED_EDGE('',*,*,#1975,.F.);
#9631=ORIENTED_EDGE('',*,*,#8481,.F.);
#9632=CARTESIAN_POINT('',(301.669792956,-134.338516273,-7.82));
#9633=DIRECTION('',(-0.630040857,-0.776561986,0.));
#9634=VECTOR('',#9633,2.595756651);
#9635=LINE('',#9632,#9634);
#9636=EDGE_CURVE('',#8470,#9406,#9635,.T.);
#9637=ORIENTED_EDGE('',*,*,#9636,.T.);
#9638=ORIENTED_EDGE('',*,*,#9411,.T.);
#9639=EDGE_LOOP('',(#9630,#9631,#9637,#9638));
#9640=FACE_BOUND('',#9639,.T.);
#9641=ADVANCED_FACE('',(#9640),#9629,.T.);
#9642=CARTESIAN_POINT('',(296.130542489,-153.068096461,-7.82));
#9643=DIRECTION('',(0.,0.,-1.));
#9644=DIRECTION('',(-1.,0.,0.));
#9645=AXIS2_PLACEMENT_3D('',#9642,#9643,#9644);
#9646=PLANE('',#9645);
#9647=ORIENTED_EDGE('',*,*,#9456,.F.);
#9648=ORIENTED_EDGE('',*,*,#9492,.F.);
#9649=ORIENTED_EDGE('',*,*,#9529,.F.);
#9650=ORIENTED_EDGE('',*,*,#9560,.F.);
#9651=ORIENTED_EDGE('',*,*,#9591,.F.);
#9652=ORIENTED_EDGE('',*,*,#9619,.F.);
#9653=EDGE_LOOP('',(#9647,#9648,#9649,#9650,#9651,#9652));
#9654=FACE_BOUND('',#9653,.T.);
#9655=ORIENTED_EDGE('',*,*,#8475,.F.);
#9656=ORIENTED_EDGE('',*,*,#8518,.T.);
#9657=ORIENTED_EDGE('',*,*,#8542,.F.);
#9658=ORIENTED_EDGE('',*,*,#8566,.F.);
#9659=ORIENTED_EDGE('',*,*,#8598,.F.);
#9660=ORIENTED_EDGE('',*,*,#8630,.F.);
#9661=ORIENTED_EDGE('',*,*,#8662,.F.);
#9662=ORIENTED_EDGE('',*,*,#8691,.F.);
#9663=ORIENTED_EDGE('',*,*,#8723,.F.);
#9664=ORIENTED_EDGE('',*,*,#8747,.F.);
#9665=ORIENTED_EDGE('',*,*,#8771,.F.);
#9666=ORIENTED_EDGE('',*,*,#8800,.F.);
#9667=ORIENTED_EDGE('',*,*,#8832,.F.);
#9668=ORIENTED_EDGE('',*,*,#8864,.F.);
#9669=ORIENTED_EDGE('',*,*,#8896,.F.);
#9670=ORIENTED_EDGE('',*,*,#8928,.F.);
#9671=ORIENTED_EDGE('',*,*,#8952,.F.);
#9672=ORIENTED_EDGE('',*,*,#8976,.F.);
#9673=ORIENTED_EDGE('',*,*,#9014,.F.);
#9674=ORIENTED_EDGE('',*,*,#9038,.F.);
#9675=ORIENTED_EDGE('',*,*,#9062,.F.);
#9676=ORIENTED_EDGE('',*,*,#9094,.F.);
#9677=ORIENTED_EDGE('',*,*,#9126,.F.);
#9678=ORIENTED_EDGE('',*,*,#9158,.F.);
#9679=ORIENTED_EDGE('',*,*,#9187,.F.);
#9680=ORIENTED_EDGE('',*,*,#9216,.F.);
#9681=ORIENTED_EDGE('',*,*,#9240,.F.);
#9682=ORIENTED_EDGE('',*,*,#9264,.F.);
#9683=ORIENTED_EDGE('',*,*,#9293,.F.);
#9684=ORIENTED_EDGE('',*,*,#9325,.F.);
#9685=ORIENTED_EDGE('',*,*,#9357,.F.);
#9686=ORIENTED_EDGE('',*,*,#9389,.F.);
#9687=ORIENTED_EDGE('',*,*,#9421,.F.);
#9688=ORIENTED_EDGE('',*,*,#9636,.F.);
#9689=EDGE_LOOP('',(#9655,#9656,#9657,#9658,#9659,#9660,#9661,#9662,#9663,#9664,#9665,#9666,#9667,#9668,#9669,#9670,#9671,#9672,#9673,#9674,#9675,#9676,#9677,#9678,#9679,#9680,
#9681,#9682,#9683,#9684,#9685,#9686,#9687,#9688));
#9690=FACE_BOUND('',#9689,.T.);
#9691=ADVANCED_FACE('',(#9654,#9690),#9646,.T.);
#9692=CARTESIAN_POINT('',(296.130542489,-153.068096461,-8.32));
#9693=DIRECTION('',(0.,0.,-1.));
#9694=DIRECTION('',(-1.,0.,0.));
#9695=AXIS2_PLACEMENT_3D('',#9692,#9693,#9694);
#9696=PLANE('',#9695);
#9697=ORIENTED_EDGE('',*,*,#9478,.T.);
#9698=ORIENTED_EDGE('',*,*,#9440,.T.);
#9699=ORIENTED_EDGE('',*,*,#9611,.T.);
#9700=ORIENTED_EDGE('',*,*,#9577,.T.);
#9701=ORIENTED_EDGE('',*,*,#9546,.T.);
#9702=ORIENTED_EDGE('',*,*,#9514,.T.);
#9703=EDGE_LOOP('',(#9697,#9698,#9699,#9700,#9701,#9702));
#9704=FACE_BOUND('',#9703,.T.);
#9705=ADVANCED_FACE('',(#9704),#9696,.T.);
#9706=CARTESIAN_POINT('',(306.019780212,-127.514542215,-7.82));
#9707=CARTESIAN_POINT('',(306.019780212,-127.514542215,-8.32));
#9708=CARTESIAN_POINT('',(305.921185212,-127.657898715,-7.82));
#9709=CARTESIAN_POINT('',(305.921185212,-127.657898715,-8.32));
#9710=CARTESIAN_POINT('',(305.907745212,-127.832618715,-7.82));
#9711=CARTESIAN_POINT('',(305.907745212,-127.832618715,-8.32));
#9712=CARTESIAN_POINT('',(305.979460212,-128.038702215,-7.82));
#9713=CARTESIAN_POINT('',(305.979460212,-128.038702215,-8.32));
#9714=B_SPLINE_SURFACE_WITH_KNOTS('',3,1,((#9706,#9707),(#9708,#9709),(#9710,#9711),(#9712,#9713)),.UNSPECIFIED.,.F.,.F.,.U.,(4,4),(2,2),(0.,1.),(1.,2.),.UNSPECIFIED.);
#9715=ORIENTED_EDGE('',*,*,#2324,.F.);
#9716=CARTESIAN_POINT('',(306.019780212,-127.514542215,-7.82));
#9717=VERTEX_POINT('',#9716);
#9718=CARTESIAN_POINT('',(306.019780212,-127.514542215,-7.82));
#9719=DIRECTION('',(0.,0.,-1.));
#9720=VECTOR('',#9719,0.5);
#9721=LINE('',#9718,#9720);
#9722=EDGE_CURVE('',#9717,#2297,#9721,.T.);
#9723=ORIENTED_EDGE('',*,*,#9722,.F.);
#9724=CARTESIAN_POINT('',(305.979460212,-128.038702215,-7.82));
#9725=VERTEX_POINT('',#9724);
#9726=CARTESIAN_POINT('',(306.019780212,-127.514542215,-7.82));
#9727=CARTESIAN_POINT('',(305.993733485,-127.552413989,-7.82));
#9728=CARTESIAN_POINT('',(305.97310879,-127.59344638,-7.82));
#9729=CARTESIAN_POINT('',(305.958850054,-127.636583891,-7.82));
#9730=CARTESIAN_POINT('',(305.944591319,-127.679721402,-7.82));
#9731=CARTESIAN_POINT('',(305.936592255,-127.725821262,-7.82));
#9732=CARTESIAN_POINT('',(305.934657215,-127.77152479,-7.82));
#9733=CARTESIAN_POINT('',(305.930787136,-127.862931845,-7.82));
#9734=CARTESIAN_POINT('',(305.949413182,-127.952357697,-7.82));
#9735=CARTESIAN_POINT('',(305.979460212,-128.038702215,-7.82));
#9736=B_SPLINE_CURVE_WITH_KNOTS('',3,(#9726,#9727,#9728,#9729,#9730,#9731,#9732,#9733,#9734,#9735),.UNSPECIFIED.,.F.,.F.,(4,3,3,4),(0.000621372,0.000759265,0.000897157,0.001172942),.UNSPECIFIED.);
#9737=EDGE_CURVE('',#9717,#9725,#9736,.T.);
#9738=ORIENTED_EDGE('',*,*,#9737,.T.);
#9739=CARTESIAN_POINT('',(305.979460212,-128.038702215,-7.82));
#9740=DIRECTION('',(0.,0.,-1.));
#9741=VECTOR('',#9740,0.5);
#9742=LINE('',#9739,#9741);
#9743=EDGE_CURVE('',#9725,#2309,#9742,.T.);
#9744=ORIENTED_EDGE('',*,*,#9743,.T.);
#9745=EDGE_LOOP('',(#9715,#9723,#9738,#9744));
#9746=FACE_BOUND('',#9745,.T.);
#9747=ADVANCED_FACE('',(#9746),#9714,.T.);
#9748=CARTESIAN_POINT('',(306.476740212,-127.299502215,-7.82));
#9749=CARTESIAN_POINT('',(306.476740212,-127.299502215,-8.32));
#9750=CARTESIAN_POINT('',(306.270625212,-127.299502215,-7.82));
#9751=CARTESIAN_POINT('',(306.270625212,-127.299502215,-8.32));
#9752=CARTESIAN_POINT('',(306.118375212,-127.371185715,-7.82));
#9753=CARTESIAN_POINT('',(306.118375212,-127.371185715,-8.32));
#9754=CARTESIAN_POINT('',(306.019780212,-127.514542215,-7.82));
#9755=CARTESIAN_POINT('',(306.019780212,-127.514542215,-8.32));
#9756=B_SPLINE_SURFACE_WITH_KNOTS('',3,1,((#9748,#9749),(#9750,#9751),(#9752,#9753),(#9754,#9755)),.UNSPECIFIED.,.F.,.F.,.U.,(4,4),(2,2),(0.,1.),(1.,2.),.UNSPECIFIED.);
#9757=ORIENTED_EDGE('',*,*,#2306,.F.);
#9758=CARTESIAN_POINT('',(306.476740212,-127.299502215,-7.82));
#9759=VERTEX_POINT('',#9758);
#9760=CARTESIAN_POINT('',(306.476740212,-127.299502215,-7.82));
#9761=DIRECTION('',(0.,0.,-1.));
#9762=VECTOR('',#9761,0.5);
#9763=LINE('',#9760,#9762);
#9764=EDGE_CURVE('',#9759,#2295,#9763,.T.);
#9765=ORIENTED_EDGE('',*,*,#9764,.F.);
#9766=CARTESIAN_POINT('',(306.476740212,-127.299502215,-7.82));
#9767=CARTESIAN_POINT('',(306.432618051,-127.299502215,-7.82));
#9768=CARTESIAN_POINT('',(306.389026975,-127.302747022,-7.82));
#9769=CARTESIAN_POINT('',(306.346145327,-127.31032628,-7.82));
#9770=CARTESIAN_POINT('',(306.303263679,-127.317905539,-7.82));
#9771=CARTESIAN_POINT('',(306.260526956,-127.330056512,-7.82));
#9772=CARTESIAN_POINT('',(306.22017325,-127.347710775,-7.82));
#9773=CARTESIAN_POINT('',(306.139465838,-127.383019303,-7.82));
#9774=CARTESIAN_POINT('',(306.07008986,-127.441392308,-7.82));
#9775=CARTESIAN_POINT('',(306.019780212,-127.514542215,-7.82));
#9776=B_SPLINE_CURVE_WITH_KNOTS('',3,(#9766,#9767,#9768,#9769,#9770,#9771,#9772,#9773,#9774,#9775),.UNSPECIFIED.,.F.,.F.,(4,3,3,4),(0.,0.000130628,0.000261257,0.000522513),.UNSPECIFIED.);
#9777=EDGE_CURVE('',#9759,#9717,#9776,.T.);
#9778=ORIENTED_EDGE('',*,*,#9777,.T.);
#9779=ORIENTED_EDGE('',*,*,#9722,.T.);
#9780=EDGE_LOOP('',(#9757,#9765,#9778,#9779));
#9781=FACE_BOUND('',#9780,.T.);
#9782=ADVANCED_FACE('',(#9781),#9756,.T.);
#9783=CARTESIAN_POINT('',(306.893380212,-127.433902215,-7.82));
#9784=CARTESIAN_POINT('',(306.893380212,-127.433902215,-8.32));
#9785=CARTESIAN_POINT('',(306.794785212,-127.344305715,-7.82));
#9786=CARTESIAN_POINT('',(306.794785212,-127.344305715,-8.32));
#9787=CARTESIAN_POINT('',(306.655975212,-127.299502215,-7.82));
#9788=CARTESIAN_POINT('',(306.655975212,-127.299502215,-8.32));
#9789=CARTESIAN_POINT('',(306.476740212,-127.299502215,-7.82));
#9790=CARTESIAN_POINT('',(306.476740212,-127.299502215,-8.32));
#9791=B_SPLINE_SURFACE_WITH_KNOTS('',3,1,((#9783,#9784),(#9785,#9786),(#9787,#9788),(#9789,#9790)),.UNSPECIFIED.,.F.,.F.,.U.,(4,4),(2,2),(0.,1.),(1.,2.),.UNSPECIFIED.);
#9792=ORIENTED_EDGE('',*,*,#2608,.F.);
#9793=CARTESIAN_POINT('',(306.893380212,-127.433902215,-7.82));
#9794=VERTEX_POINT('',#9793);
#9795=CARTESIAN_POINT('',(306.893380212,-127.433902215,-7.82));
#9796=DIRECTION('',(0.,0.,-1.));
#9797=VECTOR('',#9796,0.5);
#9798=LINE('',#9795,#9797);
#9799=EDGE_CURVE('',#9794,#2589,#9798,.T.);
#9800=ORIENTED_EDGE('',*,*,#9799,.F.);
#9801=CARTESIAN_POINT('',(306.893380212,-127.433902215,-7.82));
#9802=CARTESIAN_POINT('',(306.837710998,-127.38331378,-7.82));
#9803=CARTESIAN_POINT('',(306.769420895,-127.348410027,-7.82));
#9804=CARTESIAN_POINT('',(306.697530085,-127.327678366,-7.82));
#9805=CARTESIAN_POINT('',(306.625639276,-127.306946705,-7.82));
#9806=CARTESIAN_POINT('',(306.551580451,-127.299510179,-7.82));
#9807=CARTESIAN_POINT('',(306.476740212,-127.299502209,-7.82));
#9808=B_SPLINE_CURVE_WITH_KNOTS('',3,(#9801,#9802,#9803,#9804,#9805,#9806,#9807),.UNSPECIFIED.,.F.,.F.,(4,3,4),(0.000603134,0.000828798,0.001054462),.UNSPECIFIED.);
#9809=EDGE_CURVE('',#9794,#9759,#9808,.T.);
#9810=ORIENTED_EDGE('',*,*,#9809,.T.);
#9811=ORIENTED_EDGE('',*,*,#9764,.T.);
#9812=EDGE_LOOP('',(#9792,#9800,#9810,#9811));
#9813=FACE_BOUND('',#9812,.T.);
#9814=ADVANCED_FACE('',(#9813),#9791,.T.);
#9815=CARTESIAN_POINT('',(307.135300212,-127.823662215,-7.82));
#9816=CARTESIAN_POINT('',(307.135300212,-127.823662215,-8.32));
#9817=CARTESIAN_POINT('',(307.072615212,-127.644458715,-7.82));
#9818=CARTESIAN_POINT('',(307.072615212,-127.644458715,-8.32));
#9819=CARTESIAN_POINT('',(306.991975212,-127.514542215,-7.82));
#9820=CARTESIAN_POINT('',(306.991975212,-127.514542215,-8.32));
#9821=CARTESIAN_POINT('',(306.893380212,-127.433902215,-7.82));
#9822=CARTESIAN_POINT('',(306.893380212,-127.433902215,-8.32));
#9823=B_SPLINE_SURFACE_WITH_KNOTS('',3,1,((#9815,#9816),(#9817,#9818),(#9819,#9820),(#9821,#9822)),.UNSPECIFIED.,.F.,.F.,.U.,(4,4),(2,2),(0.,1.),(1.,2.),.UNSPECIFIED.);
#9824=ORIENTED_EDGE('',*,*,#2598,.F.);
#9825=CARTESIAN_POINT('',(307.135300212,-127.823662215,-7.82));
#9826=VERTEX_POINT('',#9825);
#9827=CARTESIAN_POINT('',(307.135300212,-127.823662215,-7.82));
#9828=DIRECTION('',(0.,0.,-1.));
#9829=VECTOR('',#9828,0.5);
#9830=LINE('',#9827,#9829);
#9831=EDGE_CURVE('',#9826,#2581,#9830,.T.);
#9832=ORIENTED_EDGE('',*,*,#9831,.F.);
#9833=CARTESIAN_POINT('',(307.135300212,-127.823662215,-7.82));
#9834=CARTESIAN_POINT('',(307.109721276,-127.750537307,-7.82));
#9835=CARTESIAN_POINT('',(307.079111786,-127.679070485,-7.82));
#9836=CARTESIAN_POINT('',(307.040071437,-127.61219809,-7.82));
#9837=CARTESIAN_POINT('',(307.001031087,-127.545325696,-7.82));
#9838=CARTESIAN_POINT('',(306.953255726,-127.482873881,-7.82));
#9839=CARTESIAN_POINT('',(306.893380212,-127.433902215,-7.82));
#9840=B_SPLINE_CURVE_WITH_KNOTS('',3,(#9833,#9834,#9835,#9836,#9837,#9838,#9839),.UNSPECIFIED.,.F.,.F.,(4,3,4),(0.002278209,0.002510618,0.002743026),.UNSPECIFIED.);
#9841=EDGE_CURVE('',#9826,#9794,#9840,.T.);
#9842=ORIENTED_EDGE('',*,*,#9841,.T.);
#9843=ORIENTED_EDGE('',*,*,#9799,.T.);
#9844=EDGE_LOOP('',(#9824,#9832,#9842,#9843));
#9845=FACE_BOUND('',#9844,.T.);
#9846=ADVANCED_FACE('',(#9845),#9823,.T.);
#9847=CARTESIAN_POINT('',(308.391948783,-131.475990575,-7.32));
#9848=DIRECTION('',(-0.945594178,-0.325348505,0.));
#9849=DIRECTION('',(0.325348505,-0.945594178,0.));
#9850=AXIS2_PLACEMENT_3D('',#9847,#9848,#9849);
#9851=PLANE('',#9850);
#9852=ORIENTED_EDGE('',*,*,#2586,.F.);
#9853=CARTESIAN_POINT('',(309.648597354,-135.128318934,-7.82));
#9854=VERTEX_POINT('',#9853);
#9855=CARTESIAN_POINT('',(309.648597354,-135.128318934,-7.82));
#9856=DIRECTION('',(0.,0.,-1.));
#9857=VECTOR('',#9856,0.5);
#9858=LINE('',#9855,#9857);
#9859=EDGE_CURVE('',#9854,#2573,#9858,.T.);
#9860=ORIENTED_EDGE('',*,*,#9859,.F.);
#9861=CARTESIAN_POINT('',(309.648597354,-135.128318934,-7.82));
#9862=DIRECTION('',(-0.325348505,0.945594178,0.));
#9863=VECTOR('',#9862,7.724938337);
#9864=LINE('',#9861,#9863);
#9865=EDGE_CURVE('',#9854,#9826,#9864,.T.);
#9866=ORIENTED_EDGE('',*,*,#9865,.T.);
#9867=ORIENTED_EDGE('',*,*,#9831,.T.);
#9868=EDGE_LOOP('',(#9852,#9860,#9866,#9867));
#9869=FACE_BOUND('',#9868,.T.);
#9870=ADVANCED_FACE('',(#9869),#9851,.T.);
#9871=CARTESIAN_POINT('',(310.898508783,-131.496150575,-7.32));
#9872=DIRECTION('',(0.945578218,-0.325394889,0.));
#9873=DIRECTION('',(0.325394889,0.945578218,0.));
#9874=AXIS2_PLACEMENT_3D('',#9871,#9872,#9873);
#9875=PLANE('',#9874);
#9876=ORIENTED_EDGE('',*,*,#2578,.F.);
#9877=CARTESIAN_POINT('',(312.148420212,-127.863982215,-7.82));
#9878=VERTEX_POINT('',#9877);
#9879=CARTESIAN_POINT('',(312.148420212,-127.863982215,-7.82));
#9880=DIRECTION('',(0.,0.,-1.));
#9881=VECTOR('',#9880,0.5);
#9882=LINE('',#9879,#9881);
#9883=EDGE_CURVE('',#9878,#2561,#9882,.T.);
#9884=ORIENTED_EDGE('',*,*,#9883,.F.);
#9885=CARTESIAN_POINT('',(312.148420212,-127.863982215,-7.82));
#9886=DIRECTION('',(-0.325394889,-0.945578218,0.));
#9887=VECTOR('',#9886,7.682428151);
#9888=LINE('',#9885,#9887);
#9889=EDGE_CURVE('',#9878,#9854,#9888,.T.);
#9890=ORIENTED_EDGE('',*,*,#9889,.T.);
#9891=ORIENTED_EDGE('',*,*,#9859,.T.);
#9892=EDGE_LOOP('',(#9876,#9884,#9890,#9891));
#9893=FACE_BOUND('',#9892,.T.);
#9894=ADVANCED_FACE('',(#9893),#9875,.T.);
#9895=CARTESIAN_POINT('',(312.390340212,-127.433902215,-7.82));
#9896=CARTESIAN_POINT('',(312.390340212,-127.433902215,-8.32));
#9897=CARTESIAN_POINT('',(312.291776712,-127.523498715,-7.82));
#9898=CARTESIAN_POINT('',(312.291776712,-127.523498715,-8.32));
#9899=CARTESIAN_POINT('',(312.211136712,-127.666865715,-7.82));
#9900=CARTESIAN_POINT('',(312.211136712,-127.666865715,-8.32));
#9901=CARTESIAN_POINT('',(312.148420212,-127.863982215,-7.82));
#9902=CARTESIAN_POINT('',(312.148420212,-127.863982215,-8.32));
#9903=B_SPLINE_SURFACE_WITH_KNOTS('',3,1,((#9895,#9896),(#9897,#9898),(#9899,#9900),(#9901,#9902)),.UNSPECIFIED.,.F.,.F.,.U.,(4,4),(2,2),(0.,1.),(1.,2.),.UNSPECIFIED.);
#9904=ORIENTED_EDGE('',*,*,#2570,.F.);
#9905=CARTESIAN_POINT('',(312.390340212,-127.433902215,-7.82));
#9906=VERTEX_POINT('',#9905);
#9907=CARTESIAN_POINT('',(312.390340212,-127.433902215,-7.82));
#9908=DIRECTION('',(0.,0.,-1.));
#9909=VECTOR('',#9908,0.5);
#9910=LINE('',#9907,#9909);
#9911=EDGE_CURVE('',#9906,#2549,#9910,.T.);
#9912=ORIENTED_EDGE('',*,*,#9911,.F.);
#9913=CARTESIAN_POINT('',(312.390340212,-127.433902215,-7.82));
#9914=CARTESIAN_POINT('',(312.328392947,-127.49021371,-7.82));
#9915=CARTESIAN_POINT('',(312.281333488,-127.559548261,-7.82));
#9916=CARTESIAN_POINT('',(312.242555036,-127.633219702,-7.82));
#9917=CARTESIAN_POINT('',(312.203776585,-127.706891143,-7.82));
#9918=CARTESIAN_POINT('',(312.173674449,-127.784608733,-7.82));
#9919=CARTESIAN_POINT('',(312.148420212,-127.863982215,-7.82));
#9920=B_SPLINE_CURVE_WITH_KNOTS('',3,(#9913,#9914,#9915,#9916,#9917,#9918,#9919),.UNSPECIFIED.,.F.,.F.,(4,3,4),(0.001598403,0.001849552,0.002100701),.UNSPECIFIED.);
#9921=EDGE_CURVE('',#9906,#9878,#9920,.T.);
#9922=ORIENTED_EDGE('',*,*,#9921,.T.);
#9923=ORIENTED_EDGE('',*,*,#9883,.T.);
#9924=EDGE_LOOP('',(#9904,#9912,#9922,#9923));
#9925=FACE_BOUND('',#9924,.T.);
#9926=ADVANCED_FACE('',(#9925),#9903,.T.);
#9927=CARTESIAN_POINT('',(312.780100212,-127.299502215,-7.82));
#9928=CARTESIAN_POINT('',(312.780100212,-127.299502215,-8.32));
#9929=CARTESIAN_POINT('',(312.609863712,-127.299502215,-7.82));
#9930=CARTESIAN_POINT('',(312.609863712,-127.299502215,-8.32));
#9931=CARTESIAN_POINT('',(312.479936712,-127.344305715,-7.82));
#9932=CARTESIAN_POINT('',(312.479936712,-127.344305715,-8.32));
#9933=CARTESIAN_POINT('',(312.390340212,-127.433902215,-7.82));
#9934=CARTESIAN_POINT('',(312.390340212,-127.433902215,-8.32));
#9935=B_SPLINE_SURFACE_WITH_KNOTS('',3,1,((#9927,#9928),(#9929,#9930),(#9931,#9932),(#9933,#9934)),.UNSPECIFIED.,.F.,.F.,.U.,(4,4),(2,2),(0.,1.),(1.,2.),.UNSPECIFIED.);
#9936=ORIENTED_EDGE('',*,*,#2558,.F.);
#9937=CARTESIAN_POINT('',(312.780100212,-127.299502215,-7.82));
#9938=VERTEX_POINT('',#9937);
#9939=CARTESIAN_POINT('',(312.780100212,-127.299502215,-7.82));
#9940=DIRECTION('',(0.,0.,-1.));
#9941=VECTOR('',#9940,0.5);
#9942=LINE('',#9939,#9941);
#9943=EDGE_CURVE('',#9938,#2537,#9942,.T.);
#9944=ORIENTED_EDGE('',*,*,#9943,.F.);
#9945=CARTESIAN_POINT('',(312.780100212,-127.299502215,-7.82));
#9946=CARTESIAN_POINT('',(312.709435622,-127.299502215,-7.82));
#9947=CARTESIAN_POINT('',(312.638564904,-127.306997428,-7.82));
#9948=CARTESIAN_POINT('',(312.571061114,-127.327850685,-7.82));
#9949=CARTESIAN_POINT('',(312.503557323,-127.348703942,-7.82));
#9950=CARTESIAN_POINT('',(312.44026246,-127.383979967,-7.82));
#9951=CARTESIAN_POINT('',(312.390340212,-127.433902215,-7.82));
#9952=B_SPLINE_CURVE_WITH_KNOTS('',3,(#9945,#9946,#9947,#9948,#9949,#9950,#9951),.UNSPECIFIED.,.F.,.F.,(4,3,4),(0.001088558,0.001300552,0.001512545),.UNSPECIFIED.);
#9953=EDGE_CURVE('',#9938,#9906,#9952,.T.);
#9954=ORIENTED_EDGE('',*,*,#9953,.T.);
#9955=ORIENTED_EDGE('',*,*,#9911,.T.);
#9956=EDGE_LOOP('',(#9936,#9944,#9954,#9955));
#9957=FACE_BOUND('',#9956,.T.);
#9958=ADVANCED_FACE('',(#9957),#9935,.T.);
#9959=CARTESIAN_POINT('',(313.169860212,-127.433902215,-7.82));
#9960=CARTESIAN_POINT('',(313.169860212,-127.433902215,-8.32));
#9961=CARTESIAN_POINT('',(313.071296712,-127.344305715,-7.82));
#9962=CARTESIAN_POINT('',(313.071296712,-127.344305715,-8.32));
#9963=CARTESIAN_POINT('',(312.941380212,-127.299502215,-7.82));
#9964=CARTESIAN_POINT('',(312.941380212,-127.299502215,-8.32));
#9965=CARTESIAN_POINT('',(312.780100212,-127.299502215,-7.82));
#9966=CARTESIAN_POINT('',(312.780100212,-127.299502215,-8.32));
#9967=B_SPLINE_SURFACE_WITH_KNOTS('',3,1,((#9959,#9960),(#9961,#9962),(#9963,#9964),(#9965,#9966)),.UNSPECIFIED.,.F.,.F.,.U.,(4,4),(2,2),(0.,1.),(1.,2.),.UNSPECIFIED.);
#9968=ORIENTED_EDGE('',*,*,#2546,.F.);
#9969=CARTESIAN_POINT('',(313.169860212,-127.433902215,-7.82));
#9970=VERTEX_POINT('',#9969);
#9971=CARTESIAN_POINT('',(313.169860212,-127.433902215,-7.82));
#9972=DIRECTION('',(0.,0.,-1.));
#9973=VECTOR('',#9972,0.5);
#9974=LINE('',#9971,#9973);
#9975=EDGE_CURVE('',#9970,#2525,#9974,.T.);
#9976=ORIENTED_EDGE('',*,*,#9975,.F.);
#9977=CARTESIAN_POINT('',(313.169860212,-127.433902215,-7.82));
#9978=CARTESIAN_POINT('',(313.117404958,-127.386219176,-7.82));
#9979=CARTESIAN_POINT('',(313.056043551,-127.351638557,-7.82));
#9980=CARTESIAN_POINT('',(312.988776612,-127.329853504,-7.82));
#9981=CARTESIAN_POINT('',(312.921509673,-127.308068452,-7.82));
#9982=CARTESIAN_POINT('',(312.850757973,-127.299502215,-7.82));
#9983=CARTESIAN_POINT('',(312.780100212,-127.299502215,-7.82));
#9984=B_SPLINE_CURVE_WITH_KNOTS('',3,(#9977,#9978,#9979,#9980,#9981,#9982,#9983),.UNSPECIFIED.,.F.,.F.,(4,3,4),(0.000521758,0.000734425,0.000947091),.UNSPECIFIED.);
#9985=EDGE_CURVE('',#9970,#9938,#9984,.T.);
#9986=ORIENTED_EDGE('',*,*,#9985,.T.);
#9987=ORIENTED_EDGE('',*,*,#9943,.T.);
#9988=EDGE_LOOP('',(#9968,#9976,#9986,#9987));
#9989=FACE_BOUND('',#9988,.T.);
#9990=ADVANCED_FACE('',(#9989),#9967,.T.);
#9991=CARTESIAN_POINT('',(313.425220212,-127.850542215,-7.82));
#9992=CARTESIAN_POINT('',(313.425220212,-127.850542215,-8.32));
#9993=CARTESIAN_POINT('',(313.353536712,-127.662382215,-7.82));
#9994=CARTESIAN_POINT('',(313.353536712,-127.662382215,-8.32));
#9995=CARTESIAN_POINT('',(313.268423712,-127.523498715,-7.82));
#9996=CARTESIAN_POINT('',(313.268423712,-127.523498715,-8.32));
#9997=CARTESIAN_POINT('',(313.169860212,-127.433902215,-7.82));
#9998=CARTESIAN_POINT('',(313.169860212,-127.433902215,-8.32));
#9999=B_SPLINE_SURFACE_WITH_KNOTS('',3,1,((#9991,#9992),(#9993,#9994),(#9995,#9996),(#9997,#9998)),.UNSPECIFIED.,.F.,.F.,.U.,(4,4),(2,2),(0.,1.),(1.,2.),.UNSPECIFIED.);
#10000=ORIENTED_EDGE('',*,*,#2534,.F.);
#10001=CARTESIAN_POINT('',(313.425220212,-127.850542215,-7.82));
#10002=VERTEX_POINT('',#10001);
#10003=CARTESIAN_POINT('',(313.425220212,-127.850542215,-7.82));
#10004=DIRECTION('',(0.,0.,-1.));
#10005=VECTOR('',#10004,0.5);
#10006=LINE('',#10003,#10005);
#10007=EDGE_CURVE('',#10002,#2517,#10006,.T.);
#10008=ORIENTED_EDGE('',*,*,#10007,.F.);
#10009=CARTESIAN_POINT('',(313.425220212,-127.850542215,-7.82));
#10010=CARTESIAN_POINT('',(313.395947768,-127.773705803,-7.82));
#10011=CARTESIAN_POINT('',(313.362163573,-127.698513094,-7.82));
#10012=CARTESIAN_POINT('',(313.320861169,-127.627449151,-7.82));
#10013=CARTESIAN_POINT('',(313.279558766,-127.556385209,-7.82));
#10014=CARTESIAN_POINT('',(313.230628221,-127.48914174,-7.82));
#10015=CARTESIAN_POINT('',(313.169860212,-127.433902215,-7.82));
#10016=B_SPLINE_CURVE_WITH_KNOTS('',3,(#10009,#10010,#10011,#10012,#10013,#10014,#10015),.UNSPECIFIED.,.F.,.F.,(4,3,4),(0.002416226,0.002662897,0.002909568),.UNSPECIFIED.);
#10017=EDGE_CURVE('',#10002,#9970,#10016,.T.);
#10018=ORIENTED_EDGE('',*,*,#10017,.T.);
#10019=ORIENTED_EDGE('',*,*,#9975,.T.);
#10020=EDGE_LOOP('',(#10000,#10008,#10018,#10019));
#10021=FACE_BOUND('',#10020,.T.);
#10022=ADVANCED_FACE('',(#10021),#9999,.T.);
#10023=CARTESIAN_POINT('',(314.686888887,-131.451810084,-7.32));
#10024=DIRECTION('',(-0.943758222,-0.330636384,0.));
#10025=DIRECTION('',(0.330636384,-0.943758222,0.));
#10026=AXIS2_PLACEMENT_3D('',#10023,#10024,#10025);
#10027=PLANE('',#10026);
#10028=ORIENTED_EDGE('',*,*,#2522,.F.);
#10029=CARTESIAN_POINT('',(315.948557562,-135.053077953,-7.82));
#10030=VERTEX_POINT('',#10029);
#10031=CARTESIAN_POINT('',(315.948557562,-135.053077953,-7.82));
#10032=DIRECTION('',(0.,0.,-1.));
#10033=VECTOR('',#10032,0.5);
#10034=LINE('',#10031,#10033);
#10035=EDGE_CURVE('',#10030,#2509,#10034,.T.);
#10036=ORIENTED_EDGE('',*,*,#10035,.F.);
#10037=CARTESIAN_POINT('',(315.948557562,-135.053077953,-7.82));
#10038=DIRECTION('',(-0.330636384,0.943758222,0.));
#10039=VECTOR('',#10038,7.631759459);
#10040=LINE('',#10037,#10039);
#10041=EDGE_CURVE('',#10030,#10002,#10040,.T.);
#10042=ORIENTED_EDGE('',*,*,#10041,.T.);
#10043=ORIENTED_EDGE('',*,*,#10007,.T.);
#10044=EDGE_LOOP('',(#10028,#10036,#10042,#10043));
#10045=FACE_BOUND('',#10044,.T.);
#10046=ADVANCED_FACE('',(#10045),#10027,.T.);
#10047=CARTESIAN_POINT('',(317.180008887,-131.438370084,-7.32));
#10048=DIRECTION('',(0.946576986,-0.322477922,0.));
#10049=DIRECTION('',(0.322477922,0.946576986,0.));
#10050=AXIS2_PLACEMENT_3D('',#10047,#10048,#10049);
#10051=PLANE('',#10050);
#10052=ORIENTED_EDGE('',*,*,#2514,.F.);
#10053=CARTESIAN_POINT('',(318.411460212,-127.823662215,-7.82));
#10054=VERTEX_POINT('',#10053);
#10055=CARTESIAN_POINT('',(318.411460212,-127.823662215,-7.82));
#10056=DIRECTION('',(0.,0.,-1.));
#10057=VECTOR('',#10056,0.5);
#10058=LINE('',#10055,#10057);
#10059=EDGE_CURVE('',#10054,#2497,#10058,.T.);
#10060=ORIENTED_EDGE('',*,*,#10059,.F.);
#10061=CARTESIAN_POINT('',(318.411460212,-127.823662215,-7.82));
#10062=DIRECTION('',(-0.322477922,-0.946576986,0.));
#10063=VECTOR('',#10062,7.637430286);
#10064=LINE('',#10061,#10063);
#10065=EDGE_CURVE('',#10054,#10030,#10064,.T.);
#10066=ORIENTED_EDGE('',*,*,#10065,.T.);
#10067=ORIENTED_EDGE('',*,*,#10035,.T.);
#10068=EDGE_LOOP('',(#10052,#10060,#10066,#10067));
#10069=FACE_BOUND('',#10068,.T.);
#10070=ADVANCED_FACE('',(#10069),#10051,.T.);
#10071=CARTESIAN_POINT('',(318.653380212,-127.420462215,-7.82));
#10072=CARTESIAN_POINT('',(318.653380212,-127.420462215,-8.32));
#10073=CARTESIAN_POINT('',(318.554816712,-127.501102215,-7.82));
#10074=CARTESIAN_POINT('',(318.554816712,-127.501102215,-8.32));
#10075=CARTESIAN_POINT('',(318.474176712,-127.635502215,-7.82));
#10076=CARTESIAN_POINT('',(318.474176712,-127.635502215,-8.32));
#10077=CARTESIAN_POINT('',(318.411460212,-127.823662215,-7.82));
#10078=CARTESIAN_POINT('',(318.411460212,-127.823662215,-8.32));
#10079=B_SPLINE_SURFACE_WITH_KNOTS('',3,1,((#10071,#10072),(#10073,#10074),(#10075,#10076),(#10077,#10078)),.UNSPECIFIED.,.F.,.F.,.U.,(4,4),(2,2),(0.,1.),(1.,2.),.UNSPECIFIED.);
#10080=ORIENTED_EDGE('',*,*,#2506,.F.);
#10081=CARTESIAN_POINT('',(318.653380212,-127.420462215,-7.82));
#10082=VERTEX_POINT('',#10081);
#10083=CARTESIAN_POINT('',(318.653380212,-127.420462215,-7.82));
#10084=DIRECTION('',(0.,0.,-1.));
#10085=VECTOR('',#10084,0.5);
#10086=LINE('',#10083,#10085);
#10087=EDGE_CURVE('',#10082,#2485,#10086,.T.);
#10088=ORIENTED_EDGE('',*,*,#10087,.F.);
#10089=CARTESIAN_POINT('',(318.653380212,-127.420462215,-7.82));
#10090=CARTESIAN_POINT('',(318.591466465,-127.471117117,-7.82));
#10091=CARTESIAN_POINT('',(318.544266931,-127.535722647,-7.82));
#10092=CARTESIAN_POINT('',(318.505456805,-127.60508066,-7.82));
#10093=CARTESIAN_POINT('',(318.466646679,-127.674438674,-7.82));
#10094=CARTESIAN_POINT('',(318.436602652,-127.748230686,-7.82));
#10095=CARTESIAN_POINT('',(318.411460212,-127.823662215,-7.82));
#10096=B_SPLINE_CURVE_WITH_KNOTS('',3,(#10089,#10090,#10091,#10092,#10093,#10094,#10095),.UNSPECIFIED.,.F.,.F.,(4,3,4),(0.001528179,0.001768164,0.00200815),.UNSPECIFIED.);
#10097=EDGE_CURVE('',#10082,#10054,#10096,.T.);
#10098=ORIENTED_EDGE('',*,*,#10097,.T.);
#10099=ORIENTED_EDGE('',*,*,#10059,.T.);
#10100=EDGE_LOOP('',(#10080,#10088,#10098,#10099));
#10101=FACE_BOUND('',#10100,.T.);
#10102=ADVANCED_FACE('',(#10101),#10079,.T.);
#10103=CARTESIAN_POINT('',(319.056580212,-127.299502215,-7.82));
#10104=CARTESIAN_POINT('',(319.056580212,-127.299502215,-8.32));
#10105=CARTESIAN_POINT('',(318.886343731,-127.299502215,-7.82));
#10106=CARTESIAN_POINT('',(318.886343731,-127.299502215,-8.32));
#10107=CARTESIAN_POINT('',(318.751943742,-127.339822206,-7.82));
#10108=CARTESIAN_POINT('',(318.751943742,-127.339822206,-8.32));
#10109=CARTESIAN_POINT('',(318.653380245,-127.420462187,-7.82));
#10110=CARTESIAN_POINT('',(318.653380245,-127.420462187,-8.32));
#10111=B_SPLINE_SURFACE_WITH_KNOTS('',3,1,((#10103,#10104),(#10105,#10106),(#10107,#10108),(#10109,#10110)),.UNSPECIFIED.,.F.,.F.,.U.,(4,4),(2,2),(0.,0.999999886),(1.,2.),.UNSPECIFIED.);
#10112=ORIENTED_EDGE('',*,*,#2494,.F.);
#10113=CARTESIAN_POINT('',(319.056580212,-127.299502215,-7.82));
#10114=VERTEX_POINT('',#10113);
#10115=CARTESIAN_POINT('',(319.056580212,-127.299502215,-7.82));
#10116=DIRECTION('',(0.,0.,-1.));
#10117=VECTOR('',#10116,0.5);
#10118=LINE('',#10115,#10117);
#10119=EDGE_CURVE('',#10114,#2470,#10118,.T.);
#10120=ORIENTED_EDGE('',*,*,#10119,.F.);
#10121=CARTESIAN_POINT('',(319.056580212,-127.299502215,-7.82));
#10122=CARTESIAN_POINT('',(318.984892437,-127.299502215,-7.82));
#10123=CARTESIAN_POINT('',(318.913437695,-127.306422248,-7.82));
#10124=CARTESIAN_POINT('',(318.844243319,-127.325140485,-7.82));
#10125=CARTESIAN_POINT('',(318.775048944,-127.343858721,-7.82));
#10126=CARTESIAN_POINT('',(318.708818264,-127.375105419,-7.82));
#10127=CARTESIAN_POINT('',(318.653380212,-127.420462215,-7.82));
#10128=B_SPLINE_CURVE_WITH_KNOTS('',3,(#10121,#10122,#10123,#10124,#10125,#10126,#10127),.UNSPECIFIED.,.F.,.F.,(4,3,4),(0.001091791,0.001306855,0.001521918),.UNSPECIFIED.);
#10129=EDGE_CURVE('',#10114,#10082,#10128,.T.);
#10130=ORIENTED_EDGE('',*,*,#10129,.T.);
#10131=ORIENTED_EDGE('',*,*,#10087,.T.);
#10132=EDGE_LOOP('',(#10112,#10120,#10130,#10131));
#10133=FACE_BOUND('',#10132,.T.);
#10134=ADVANCED_FACE('',(#10133),#10111,.T.);
#10135=CARTESIAN_POINT('',(319.580740212,-127.514542215,-7.82));
#10136=CARTESIAN_POINT('',(319.580740212,-127.514542215,-8.32));
#10137=CARTESIAN_POINT('',(319.473220212,-127.371185715,-7.82));
#10138=CARTESIAN_POINT('',(319.473220212,-127.371185715,-8.32));
#10139=CARTESIAN_POINT('',(319.298500212,-127.299502215,-7.82));
#10140=CARTESIAN_POINT('',(319.298500212,-127.299502215,-8.32));
#10141=CARTESIAN_POINT('',(319.056580212,-127.299502215,-7.82));
#10142=CARTESIAN_POINT('',(319.056580212,-127.299502215,-8.32));
#10143=B_SPLINE_SURFACE_WITH_KNOTS('',3,1,((#10135,#10136),(#10137,#10138),(#10139,#10140),(#10141,#10142)),.UNSPECIFIED.,.F.,.F.,.U.,(4,4),(2,2),(0.,1.),(1.,2.),.UNSPECIFIED.);
#10144=ORIENTED_EDGE('',*,*,#2482,.F.);
#10145=CARTESIAN_POINT('',(319.580740212,-127.514542215,-7.82));
#10146=VERTEX_POINT('',#10145);
#10147=CARTESIAN_POINT('',(319.580740212,-127.514542215,-7.82));
#10148=DIRECTION('',(0.,0.,-1.));
#10149=VECTOR('',#10148,0.5);
#10150=LINE('',#10147,#10149);
#10151=EDGE_CURVE('',#10146,#2455,#10150,.T.);
#10152=ORIENTED_EDGE('',*,*,#10151,.F.);
#10153=CARTESIAN_POINT('',(319.580740212,-127.514542215,-7.82));
#10154=CARTESIAN_POINT('',(319.551168277,-127.475113932,-7.82));
#10155=CARTESIAN_POINT('',(319.515241551,-127.44001914,-7.82));
#10156=CARTESIAN_POINT('',(319.475610043,-127.411687809,-7.82));
#10157=CARTESIAN_POINT('',(319.435978534,-127.383356478,-7.82));
#10158=CARTESIAN_POINT('',(319.391852675,-127.360954176,-7.82));
#10159=CARTESIAN_POINT('',(319.345602108,-127.344216235,-7.82));
#10160=CARTESIAN_POINT('',(319.253100974,-127.310740353,-7.82));
#10161=CARTESIAN_POINT('',(319.154954298,-127.299502215,-7.82));
#10162=CARTESIAN_POINT('',(319.056580212,-127.299502215,-7.82));
#10163=B_SPLINE_CURVE_WITH_KNOTS('',3,(#10153,#10154,#10155,#10156,#10157,#10158,#10159,#10160,#10161,#10162),.UNSPECIFIED.,.F.,.F.,(4,3,3,4),(0.002150366,0.002298224,0.002446081,0.002741796),.UNSPECIFIED.);
#10164=EDGE_CURVE('',#10146,#10114,#10163,.T.);
#10165=ORIENTED_EDGE('',*,*,#10164,.T.);
#10166=ORIENTED_EDGE('',*,*,#10119,.T.);
#10167=EDGE_LOOP('',(#10144,#10152,#10165,#10166));
#10168=FACE_BOUND('',#10167,.T.);
#10169=ADVANCED_FACE('',(#10168),#10143,.T.);
#10170=CARTESIAN_POINT('',(319.607620212,-128.038702215,-7.82));
#10171=CARTESIAN_POINT('',(319.607620212,-128.038702215,-8.32));
#10172=CARTESIAN_POINT('',(319.688260212,-127.832618715,-7.82));
#10173=CARTESIAN_POINT('',(319.688260212,-127.832618715,-8.32));
#10174=CARTESIAN_POINT('',(319.679300562,-127.657898715,-7.82));
#10175=CARTESIAN_POINT('',(319.679300562,-127.657898715,-8.32));
#10176=CARTESIAN_POINT('',(319.580740212,-127.514542215,-7.82));
#10177=CARTESIAN_POINT('',(319.580740212,-127.514542215,-8.32));
#10178=B_SPLINE_SURFACE_WITH_KNOTS('',3,1,((#10170,#10171),(#10172,#10173),(#10174,#10175),(#10176,#10177)),.UNSPECIFIED.,.F.,.F.,.U.,(4,4),(2,2),(0.,1.),(1.,2.),.UNSPECIFIED.);
#10179=ORIENTED_EDGE('',*,*,#2467,.F.);
#10180=CARTESIAN_POINT('',(319.607620212,-128.038702215,-7.82));
#10181=VERTEX_POINT('',#10180);
#10182=CARTESIAN_POINT('',(319.607620212,-128.038702215,-7.82));
#10183=DIRECTION('',(0.,0.,-1.));
#10184=VECTOR('',#10183,0.5);
#10185=LINE('',#10182,#10184);
#10186=EDGE_CURVE('',#10181,#2447,#10185,.T.);
#10187=ORIENTED_EDGE('',*,*,#10186,.F.);
#10188=CARTESIAN_POINT('',(319.607620212,-128.038702215,-7.82));
#10189=CARTESIAN_POINT('',(319.640970151,-127.953473144,-7.82));
#10190=CARTESIAN_POINT('',(319.66328707,-127.863774335,-7.82));
#10191=CARTESIAN_POINT('',(319.662000616,-127.772159905,-7.82));
#10192=CARTESIAN_POINT('',(319.661357389,-127.72635269,-7.82));
#10193=CARTESIAN_POINT('',(319.654563398,-127.680840518,-7.82));
#10194=CARTESIAN_POINT('',(319.640909933,-127.637301513,-7.82));
#10195=CARTESIAN_POINT('',(319.627256468,-127.593762507,-7.82));
#10196=CARTESIAN_POINT('',(319.606590158,-127.552141085,-7.82));
#10197=CARTESIAN_POINT('',(319.580740212,-127.514542215,-7.82));
#10198=B_SPLINE_CURVE_WITH_KNOTS('',3,(#10188,#10189,#10190,#10191,#10192,#10193,#10194,#10195,#10196,#10197),.UNSPECIFIED.,.F.,.F.,(4,3,3,4),(0.0009967,0.001271265,0.001408548,0.00154583),.UNSPECIFIED.);
#10199=EDGE_CURVE('',#10181,#10146,#10198,.T.);
#10200=ORIENTED_EDGE('',*,*,#10199,.T.);
#10201=ORIENTED_EDGE('',*,*,#10151,.T.);
#10202=EDGE_LOOP('',(#10179,#10187,#10200,#10201));
#10203=FACE_BOUND('',#10202,.T.);
#10204=ADVANCED_FACE('',(#10203),#10178,.T.);
#10205=CARTESIAN_POINT('',(318.142660212,-132.218542215,-7.32));
#10206=DIRECTION('',(-0.943716346,0.33075589,0.));
#10207=DIRECTION('',(-0.33075589,-0.943716346,0.));
#10208=AXIS2_PLACEMENT_3D('',#10205,#10206,#10207);
#10209=PLANE('',#10208);
#10210=ORIENTED_EDGE('',*,*,#2452,.F.);
#10211=CARTESIAN_POINT('',(316.677700212,-136.398382215,-7.82));
#10212=VERTEX_POINT('',#10211);
#10213=CARTESIAN_POINT('',(316.677700212,-136.398382215,-7.82));
#10214=DIRECTION('',(0.,0.,-1.));
#10215=VECTOR('',#10214,0.5);
#10216=LINE('',#10213,#10215);
#10217=EDGE_CURVE('',#10212,#2435,#10216,.T.);
#10218=ORIENTED_EDGE('',*,*,#10217,.F.);
#10219=CARTESIAN_POINT('',(316.677700212,-136.398382215,-7.82));
#10220=DIRECTION('',(0.33075589,0.943716346,0.));
#10221=VECTOR('',#10220,8.858254958);
#10222=LINE('',#10219,#10221);
#10223=EDGE_CURVE('',#10212,#10181,#10222,.T.);
#10224=ORIENTED_EDGE('',*,*,#10223,.T.);
#10225=ORIENTED_EDGE('',*,*,#10186,.T.);
#10226=EDGE_LOOP('',(#10210,#10218,#10224,#10225));
#10227=FACE_BOUND('',#10226,.T.);
#10228=ADVANCED_FACE('',(#10227),#10209,.T.);
#10229=CARTESIAN_POINT('',(316.408900212,-136.828462215,-7.82));
#10230=CARTESIAN_POINT('',(316.408900212,-136.828462215,-8.32));
#10231=CARTESIAN_POINT('',(316.516420212,-136.738897215,-7.82));
#10232=CARTESIAN_POINT('',(316.516420212,-136.738897215,-8.32));
#10233=CARTESIAN_POINT('',(316.606016712,-136.595467215,-7.82));
#10234=CARTESIAN_POINT('',(316.606016712,-136.595467215,-8.32));
#10235=CARTESIAN_POINT('',(316.677700212,-136.398382215,-7.82));
#10236=CARTESIAN_POINT('',(316.677700212,-136.398382215,-8.32));
#10237=B_SPLINE_SURFACE_WITH_KNOTS('',3,1,((#10229,#10230),(#10231,#10232),(#10233,#10234),(#10235,#10236)),.UNSPECIFIED.,.F.,.F.,.U.,(4,4),(2,2),(0.,1.),(1.,2.),.UNSPECIFIED.);
#10238=ORIENTED_EDGE('',*,*,#2444,.F.);
#10239=CARTESIAN_POINT('',(316.408900212,-136.828462215,-7.82));
#10240=VERTEX_POINT('',#10239);
#10241=CARTESIAN_POINT('',(316.408900212,-136.828462215,-7.82));
#10242=DIRECTION('',(0.,0.,-1.));
#10243=VECTOR('',#10242,0.5);
#10244=LINE('',#10241,#10243);
#10245=EDGE_CURVE('',#10240,#2423,#10244,.T.);
#10246=ORIENTED_EDGE('',*,*,#10245,.F.);
#10247=CARTESIAN_POINT('',(316.408900212,-136.828462215,-7.82));
#10248=CARTESIAN_POINT('',(316.474944245,-136.773447019,-7.82));
#10249=CARTESIAN_POINT('',(316.527080493,-136.704766767,-7.82));
#10250=CARTESIAN_POINT('',(316.570520082,-136.631025718,-7.82));
#10251=CARTESIAN_POINT('',(316.61395967,-136.557284669,-7.82));
#10252=CARTESIAN_POINT('',(316.648434891,-136.478843627,-7.82));
#10253=CARTESIAN_POINT('',(316.677700212,-136.398382215,-7.82));
#10254=B_SPLINE_CURVE_WITH_KNOTS('',3,(#10247,#10248,#10249,#10250,#10251,#10252,#10253),.UNSPECIFIED.,.F.,.F.,(4,3,4),(0.001679247,0.001937116,0.002194985),.UNSPECIFIED.);
#10255=EDGE_CURVE('',#10240,#10212,#10254,.T.);
#10256=ORIENTED_EDGE('',*,*,#10255,.T.);
#10257=ORIENTED_EDGE('',*,*,#10217,.T.);
#10258=EDGE_LOOP('',(#10238,#10246,#10256,#10257));
#10259=FACE_BOUND('',#10258,.T.);
#10260=ADVANCED_FACE('',(#10259),#10237,.T.);
#10261=CARTESIAN_POINT('',(315.978820212,-136.962862215,-7.82));
#10262=CARTESIAN_POINT('',(315.978820212,-136.962862215,-8.32));
#10263=CARTESIAN_POINT('',(316.158023712,-136.962862215,-7.82));
#10264=CARTESIAN_POINT('',(316.158023712,-136.962862215,-8.32));
#10265=CARTESIAN_POINT('',(316.301380212,-136.918027215,-7.82));
#10266=CARTESIAN_POINT('',(316.301380212,-136.918027215,-8.32));
#10267=CARTESIAN_POINT('',(316.408900212,-136.828462215,-7.82));
#10268=CARTESIAN_POINT('',(316.408900212,-136.828462215,-8.32));
#10269=B_SPLINE_SURFACE_WITH_KNOTS('',3,1,((#10261,#10262),(#10263,#10264),(#10265,#10266),(#10267,#10268)),.UNSPECIFIED.,.F.,.F.,.U.,(4,4),(2,2),(0.,1.),(1.,2.),.UNSPECIFIED.);
#10270=ORIENTED_EDGE('',*,*,#2432,.F.);
#10271=CARTESIAN_POINT('',(315.978820212,-136.962862215,-7.82));
#10272=VERTEX_POINT('',#10271);
#10273=CARTESIAN_POINT('',(315.978820212,-136.962862215,-7.82));
#10274=DIRECTION('',(0.,0.,-1.));
#10275=VECTOR('',#10274,0.5);
#10276=LINE('',#10273,#10275);
#10277=EDGE_CURVE('',#10272,#2411,#10276,.T.);
#10278=ORIENTED_EDGE('',*,*,#10277,.F.);
#10279=CARTESIAN_POINT('',(315.978820212,-136.962862215,-7.82));
#10280=CARTESIAN_POINT('',(316.055788691,-136.962862215,-7.82));
#10281=CARTESIAN_POINT('',(316.13287694,-136.95471819,-7.82));
#10282=CARTESIAN_POINT('',(316.206854512,-136.933417309,-7.82));
#10283=CARTESIAN_POINT('',(316.280832085,-136.912116429,-7.82));
#10284=CARTESIAN_POINT('',(316.349506084,-136.877937987,-7.82));
#10285=CARTESIAN_POINT('',(316.408900212,-136.828462215,-7.82));
#10286=B_SPLINE_CURVE_WITH_KNOTS('',3,(#10279,#10280,#10281,#10282,#10283,#10284,#10285),.UNSPECIFIED.,.F.,.F.,(4,3,4),(0.000579752,0.000811657,0.001043561),.UNSPECIFIED.);
#10287=EDGE_CURVE('',#10272,#10240,#10286,.T.);
#10288=ORIENTED_EDGE('',*,*,#10287,.T.);
#10289=ORIENTED_EDGE('',*,*,#10245,.T.);
#10290=EDGE_LOOP('',(#10270,#10278,#10288,#10289));
#10291=FACE_BOUND('',#10290,.T.);
#10292=ADVANCED_FACE('',(#10291),#10269,.T.);
#10293=CARTESIAN_POINT('',(315.562180212,-136.828462215,-7.82));
#10294=CARTESIAN_POINT('',(315.562180212,-136.828462215,-8.32));
#10295=CARTESIAN_POINT('',(315.660743712,-136.918027215,-7.82));
#10296=CARTESIAN_POINT('',(315.660743712,-136.918027215,-8.32));
#10297=CARTESIAN_POINT('',(315.799616712,-136.962862215,-7.82));
#10298=CARTESIAN_POINT('',(315.799616712,-136.962862215,-8.32));
#10299=CARTESIAN_POINT('',(315.978820212,-136.962862215,-7.82));
#10300=CARTESIAN_POINT('',(315.978820212,-136.962862215,-8.32));
#10301=B_SPLINE_SURFACE_WITH_KNOTS('',3,1,((#10293,#10294),(#10295,#10296),(#10297,#10298),(#10299,#10300)),.UNSPECIFIED.,.F.,.F.,.U.,(4,4),(2,2),(0.,1.),(1.,2.),.UNSPECIFIED.);
#10302=ORIENTED_EDGE('',*,*,#2420,.F.);
#10303=CARTESIAN_POINT('',(315.562180212,-136.828462215,-7.82));
#10304=VERTEX_POINT('',#10303);
#10305=CARTESIAN_POINT('',(315.562180212,-136.828462215,-7.82));
#10306=DIRECTION('',(0.,0.,-1.));
#10307=VECTOR('',#10306,0.5);
#10308=LINE('',#10305,#10307);
#10309=EDGE_CURVE('',#10304,#2399,#10308,.T.);
#10310=ORIENTED_EDGE('',*,*,#10309,.F.);
#10311=CARTESIAN_POINT('',(315.562180212,-136.828462215,-7.82));
#10312=CARTESIAN_POINT('',(315.617856974,-136.879055885,-7.82));
#10313=CARTESIAN_POINT('',(315.686146799,-136.913943173,-7.82));
#10314=CARTESIAN_POINT('',(315.758034592,-136.93467598,-7.82));
#10315=CARTESIAN_POINT('',(315.829922386,-136.955408787,-7.82));
#10316=CARTESIAN_POINT('',(315.903981736,-136.962854055,-7.82));
#10317=CARTESIAN_POINT('',(315.978820212,-136.962862221,-7.82));
#10318=B_SPLINE_CURVE_WITH_KNOTS('',3,(#10311,#10312,#10313,#10314,#10315,#10316,#10317),.UNSPECIFIED.,.F.,.F.,(4,3,4),(0.0006005,0.000826191,0.001051882),.UNSPECIFIED.);
#10319=EDGE_CURVE('',#10304,#10272,#10318,.T.);
#10320=ORIENTED_EDGE('',*,*,#10319,.T.);
#10321=ORIENTED_EDGE('',*,*,#10277,.T.);
#10322=EDGE_LOOP('',(#10302,#10310,#10320,#10321));
#10323=FACE_BOUND('',#10322,.T.);
#10324=ADVANCED_FACE('',(#10323),#10301,.T.);
#10325=CARTESIAN_POINT('',(315.293380212,-136.411822215,-7.82));
#10326=CARTESIAN_POINT('',(315.293380212,-136.411822215,-8.32));
#10327=CARTESIAN_POINT('',(315.365063712,-136.599982215,-7.82));
#10328=CARTESIAN_POINT('',(315.365063712,-136.599982215,-8.32));
#10329=CARTESIAN_POINT('',(315.454660212,-136.738897215,-7.82));
#10330=CARTESIAN_POINT('',(315.454660212,-136.738897215,-8.32));
#10331=CARTESIAN_POINT('',(315.562180212,-136.828462215,-7.82));
#10332=CARTESIAN_POINT('',(315.562180212,-136.828462215,-8.32));
#10333=B_SPLINE_SURFACE_WITH_KNOTS('',3,1,((#10325,#10326),(#10327,#10328),(#10329,#10330),(#10331,#10332)),.UNSPECIFIED.,.F.,.F.,.U.,(4,4),(2,2),(0.,1.),(1.,2.),.UNSPECIFIED.);
#10334=ORIENTED_EDGE('',*,*,#2408,.F.);
#10335=CARTESIAN_POINT('',(315.293380212,-136.411822215,-7.82));
#10336=VERTEX_POINT('',#10335);
#10337=CARTESIAN_POINT('',(315.293380212,-136.411822215,-7.82));
#10338=DIRECTION('',(0.,0.,-1.));
#10339=VECTOR('',#10338,0.5);
#10340=LINE('',#10337,#10339);
#10341=EDGE_CURVE('',#10336,#2391,#10340,.T.);
#10342=ORIENTED_EDGE('',*,*,#10341,.F.);
#10343=CARTESIAN_POINT('',(315.293380212,-136.411822215,-7.82));
#10344=CARTESIAN_POINT('',(315.323150665,-136.48996584,-7.82));
#10345=CARTESIAN_POINT('',(315.358267256,-136.566124953,-7.82));
#10346=CARTESIAN_POINT('',(315.401932975,-136.637378653,-7.82));
#10347=CARTESIAN_POINT('',(315.445598695,-136.708632352,-7.82));
#10348=CARTESIAN_POINT('',(315.498048009,-136.775039589,-7.82));
#10349=CARTESIAN_POINT('',(315.562180212,-136.828462215,-7.82));
#10350=B_SPLINE_CURVE_WITH_KNOTS('',3,(#10343,#10344,#10345,#10346,#10347,#10348,#10349),.UNSPECIFIED.,.F.,.F.,(4,3,4),(0.002416226,0.002667094,0.002917961),.UNSPECIFIED.);
#10351=EDGE_CURVE('',#10336,#10304,#10350,.T.);
#10352=ORIENTED_EDGE('',*,*,#10351,.T.);
#10353=ORIENTED_EDGE('',*,*,#10309,.T.);
#10354=EDGE_LOOP('',(#10334,#10342,#10352,#10353));
#10355=FACE_BOUND('',#10354,.T.);
#10356=ADVANCED_FACE('',(#10355),#10333,.T.);
#10357=CARTESIAN_POINT('',(314.050303324,-132.853831737,-7.32));
#10358=DIRECTION('',(0.944041855,0.329825675,0.));
#10359=DIRECTION('',(-0.329825675,0.944041855,0.));
#10360=AXIS2_PLACEMENT_3D('',#10357,#10358,#10359);
#10361=PLANE('',#10360);
#10362=ORIENTED_EDGE('',*,*,#2396,.F.);
#10363=CARTESIAN_POINT('',(312.807226437,-129.295841259,-7.82));
#10364=VERTEX_POINT('',#10363);
#10365=CARTESIAN_POINT('',(312.807226437,-129.295841259,-7.82));
#10366=DIRECTION('',(0.,0.,-1.));
#10367=VECTOR('',#10366,0.5);
#10368=LINE('',#10365,#10367);
#10369=EDGE_CURVE('',#10364,#2383,#10368,.T.);
#10370=ORIENTED_EDGE('',*,*,#10369,.F.);
#10371=CARTESIAN_POINT('',(312.807226437,-129.295841259,-7.82));
#10372=DIRECTION('',(0.329825675,-0.944041855,0.));
#10373=VECTOR('',#10372,7.537781209);
#10374=LINE('',#10371,#10373);
#10375=EDGE_CURVE('',#10364,#10336,#10374,.T.);
#10376=ORIENTED_EDGE('',*,*,#10375,.T.);
#10377=ORIENTED_EDGE('',*,*,#10341,.T.);
#10378=EDGE_LOOP('',(#10362,#10370,#10376,#10377));
#10379=FACE_BOUND('',#10378,.T.);
#10380=ADVANCED_FACE('',(#10379),#10361,.T.);
#10381=CARTESIAN_POINT('',(311.570623324,-132.847111737,-7.32));
#10382=DIRECTION('',(-0.944382986,0.328847647,0.));
#10383=DIRECTION('',(-0.328847647,-0.944382986,0.));
#10384=AXIS2_PLACEMENT_3D('',#10381,#10382,#10383);
#10385=PLANE('',#10384);
#10386=ORIENTED_EDGE('',*,*,#2388,.F.);
#10387=CARTESIAN_POINT('',(310.334020212,-136.398382215,-7.82));
#10388=VERTEX_POINT('',#10387);
#10389=CARTESIAN_POINT('',(310.334020212,-136.398382215,-7.82));
#10390=DIRECTION('',(0.,0.,-1.));
#10391=VECTOR('',#10390,0.5);
#10392=LINE('',#10389,#10391);
#10393=EDGE_CURVE('',#10388,#2371,#10392,.T.);
#10394=ORIENTED_EDGE('',*,*,#10393,.F.);
#10395=CARTESIAN_POINT('',(310.334020212,-136.398382215,-7.82));
#10396=DIRECTION('',(0.328847647,0.944382986,0.));
#10397=VECTOR('',#10396,7.520826887);
#10398=LINE('',#10395,#10397);
#10399=EDGE_CURVE('',#10388,#10364,#10398,.T.);
#10400=ORIENTED_EDGE('',*,*,#10399,.T.);
#10401=ORIENTED_EDGE('',*,*,#10369,.T.);
#10402=EDGE_LOOP('',(#10386,#10394,#10400,#10401));
#10403=FACE_BOUND('',#10402,.T.);
#10404=ADVANCED_FACE('',(#10403),#10385,.T.);
#10405=CARTESIAN_POINT('',(310.065220212,-136.828462215,-7.82));
#10406=CARTESIAN_POINT('',(310.065220212,-136.828462215,-8.32));
#10407=CARTESIAN_POINT('',(310.172740212,-136.738897215,-7.82));
#10408=CARTESIAN_POINT('',(310.172740212,-136.738897215,-8.32));
#10409=CARTESIAN_POINT('',(310.262336712,-136.595467215,-7.82));
#10410=CARTESIAN_POINT('',(310.262336712,-136.595467215,-8.32));
#10411=CARTESIAN_POINT('',(310.334020212,-136.398382215,-7.82));
#10412=CARTESIAN_POINT('',(310.334020212,-136.398382215,-8.32));
#10413=B_SPLINE_SURFACE_WITH_KNOTS('',3,1,((#10405,#10406),(#10407,#10408),(#10409,#10410),(#10411,#10412)),.UNSPECIFIED.,.F.,.F.,.U.,(4,4),(2,2),(0.,1.),(1.,2.),.UNSPECIFIED.);
#10414=ORIENTED_EDGE('',*,*,#2380,.F.);
#10415=CARTESIAN_POINT('',(310.065220212,-136.828462215,-7.82));
#10416=VERTEX_POINT('',#10415);
#10417=CARTESIAN_POINT('',(310.065220212,-136.828462215,-7.82));
#10418=DIRECTION('',(0.,0.,-1.));
#10419=VECTOR('',#10418,0.5);
#10420=LINE('',#10417,#10419);
#10421=EDGE_CURVE('',#10416,#2359,#10420,.T.);
#10422=ORIENTED_EDGE('',*,*,#10421,.F.);
#10423=CARTESIAN_POINT('',(310.065220212,-136.828462215,-7.82));
#10424=CARTESIAN_POINT('',(310.131264245,-136.773447019,-7.82));
#10425=CARTESIAN_POINT('',(310.183400493,-136.704766767,-7.82));
#10426=CARTESIAN_POINT('',(310.226840082,-136.631025718,-7.82));
#10427=CARTESIAN_POINT('',(310.27027967,-136.557284669,-7.82));
#10428=CARTESIAN_POINT('',(310.304754891,-136.478843627,-7.82));
#10429=CARTESIAN_POINT('',(310.334020212,-136.398382215,-7.82));
#10430=B_SPLINE_CURVE_WITH_KNOTS('',3,(#10423,#10424,#10425,#10426,#10427,#10428,#10429),.UNSPECIFIED.,.F.,.F.,(4,3,4),(0.001679247,0.001937116,0.002194985),.UNSPECIFIED.);
#10431=EDGE_CURVE('',#10416,#10388,#10430,.T.);
#10432=ORIENTED_EDGE('',*,*,#10431,.T.);
#10433=ORIENTED_EDGE('',*,*,#10393,.T.);
#10434=EDGE_LOOP('',(#10414,#10422,#10432,#10433));
#10435=FACE_BOUND('',#10434,.T.);
#10436=ADVANCED_FACE('',(#10435),#10413,.T.);
#10437=CARTESIAN_POINT('',(309.621700212,-136.962862215,-7.82));
#10438=CARTESIAN_POINT('',(309.621700212,-136.962862215,-8.32));
#10439=CARTESIAN_POINT('',(309.809860191,-136.962862215,-7.82));
#10440=CARTESIAN_POINT('',(309.809860191,-136.962862215,-8.32));
#10441=CARTESIAN_POINT('',(309.957700179,-136.918027225,-7.82));
#10442=CARTESIAN_POINT('',(309.957700179,-136.918027225,-8.32));
#10443=CARTESIAN_POINT('',(310.065220176,-136.828462244,-7.82));
#10444=CARTESIAN_POINT('',(310.065220176,-136.828462244,-8.32));
#10445=B_SPLINE_SURFACE_WITH_KNOTS('',3,1,((#10437,#10438),(#10439,#10440),(#10441,#10442),(#10443,#10444)),.UNSPECIFIED.,.F.,.F.,.U.,(4,4),(2,2),(0.,0.999999889),(1.,2.),.UNSPECIFIED.);
#10446=ORIENTED_EDGE('',*,*,#2368,.F.);
#10447=CARTESIAN_POINT('',(309.621700212,-136.962862215,-7.82));
#10448=VERTEX_POINT('',#10447);
#10449=CARTESIAN_POINT('',(309.621700212,-136.962862215,-7.82));
#10450=DIRECTION('',(0.,0.,-1.));
#10451=VECTOR('',#10450,0.5);
#10452=LINE('',#10449,#10451);
#10453=EDGE_CURVE('',#10448,#2347,#10452,.T.);
#10454=ORIENTED_EDGE('',*,*,#10453,.F.);
#10455=CARTESIAN_POINT('',(309.621700212,-136.962862215,-7.82));
#10456=CARTESIAN_POINT('',(309.700652713,-136.962862215,-7.82));
#10457=CARTESIAN_POINT('',(309.779397815,-136.955227126,-7.82));
#10458=CARTESIAN_POINT('',(309.855565543,-136.934465815,-7.82));
#10459=CARTESIAN_POINT('',(309.931733271,-136.913704505,-7.82));
#10460=CARTESIAN_POINT('',(310.004577568,-136.878978011,-7.82));
#10461=CARTESIAN_POINT('',(310.065220212,-136.828462215,-7.82));
#10462=B_SPLINE_CURVE_WITH_KNOTS('',3,(#10455,#10456,#10457,#10458,#10459,#10460,#10461),.UNSPECIFIED.,.F.,.F.,(4,3,4),(0.001176463,0.00141332,0.001650178),.UNSPECIFIED.);
#10463=EDGE_CURVE('',#10448,#10416,#10462,.T.);
#10464=ORIENTED_EDGE('',*,*,#10463,.T.);
#10465=ORIENTED_EDGE('',*,*,#10421,.T.);
#10466=EDGE_LOOP('',(#10446,#10454,#10464,#10465));
#10467=FACE_BOUND('',#10466,.T.);
#10468=ADVANCED_FACE('',(#10467),#10445,.T.);
#10469=CARTESIAN_POINT('',(309.191620212,-136.828462215,-7.82));
#10470=CARTESIAN_POINT('',(309.191620212,-136.828462215,-8.32));
#10471=CARTESIAN_POINT('',(309.299140212,-136.918027215,-7.82));
#10472=CARTESIAN_POINT('',(309.299140212,-136.918027215,-8.32));
#10473=CARTESIAN_POINT('',(309.442465212,-136.962862215,-7.82));
#10474=CARTESIAN_POINT('',(309.442465212,-136.962862215,-8.32));
#10475=CARTESIAN_POINT('',(309.621700212,-136.962862215,-7.82));
#10476=CARTESIAN_POINT('',(309.621700212,-136.962862215,-8.32));
#10477=B_SPLINE_SURFACE_WITH_KNOTS('',3,1,((#10469,#10470),(#10471,#10472),(#10473,#10474),(#10475,#10476)),.UNSPECIFIED.,.F.,.F.,.U.,(4,4),(2,2),(0.,1.),(1.,2.),.UNSPECIFIED.);
#10478=ORIENTED_EDGE('',*,*,#2356,.F.);
#10479=CARTESIAN_POINT('',(309.191620212,-136.828462215,-7.82));
#10480=VERTEX_POINT('',#10479);
#10481=CARTESIAN_POINT('',(309.191620212,-136.828462215,-7.82));
#10482=DIRECTION('',(0.,0.,-1.));
#10483=VECTOR('',#10482,0.5);
#10484=LINE('',#10481,#10483);
#10485=EDGE_CURVE('',#10480,#2335,#10484,.T.);
#10486=ORIENTED_EDGE('',*,*,#10485,.F.);
#10487=CARTESIAN_POINT('',(309.191620212,-136.828462215,-7.82));
#10488=CARTESIAN_POINT('',(309.250984517,-136.877913145,-7.82));
#10489=CARTESIAN_POINT('',(309.319851464,-136.912189107,-7.82));
#10490=CARTESIAN_POINT('',(309.393833884,-136.933469254,-7.82));
#10491=CARTESIAN_POINT('',(309.467816303,-136.9547494,-7.82));
#10492=CARTESIAN_POINT('',(309.544963191,-136.962862215,-7.82));
#10493=CARTESIAN_POINT('',(309.621700212,-136.962862215,-7.82));
#10494=B_SPLINE_CURVE_WITH_KNOTS('',3,(#10487,#10488,#10489,#10490,#10491,#10492,#10493),.UNSPECIFIED.,.F.,.F.,(4,3,4),(0.000556355,0.000788142,0.00101993),.UNSPECIFIED.);
#10495=EDGE_CURVE('',#10480,#10448,#10494,.T.);
#10496=ORIENTED_EDGE('',*,*,#10495,.T.);
#10497=ORIENTED_EDGE('',*,*,#10453,.T.);
#10498=EDGE_LOOP('',(#10478,#10486,#10496,#10497));
#10499=FACE_BOUND('',#10498,.T.);
#10500=ADVANCED_FACE('',(#10499),#10477,.T.);
#10501=CARTESIAN_POINT('',(308.936260212,-136.411822215,-7.82));
#10502=CARTESIAN_POINT('',(308.936260212,-136.411822215,-8.32));
#10503=CARTESIAN_POINT('',(308.998945212,-136.599982215,-7.82));
#10504=CARTESIAN_POINT('',(308.998945212,-136.599982215,-8.32));
#10505=CARTESIAN_POINT('',(309.084100212,-136.738897215,-7.82));
#10506=CARTESIAN_POINT('',(309.084100212,-136.738897215,-8.32));
#10507=CARTESIAN_POINT('',(309.191620212,-136.828462215,-7.82));
#10508=CARTESIAN_POINT('',(309.191620212,-136.828462215,-8.32));
#10509=B_SPLINE_SURFACE_WITH_KNOTS('',3,1,((#10501,#10502),(#10503,#10504),(#10505,#10506),(#10507,#10508)),.UNSPECIFIED.,.F.,.F.,.U.,(4,4),(2,2),(0.,1.),(1.,2.),.UNSPECIFIED.);
#10510=ORIENTED_EDGE('',*,*,#2344,.F.);
#10511=CARTESIAN_POINT('',(308.936260212,-136.411822215,-7.82));
#10512=VERTEX_POINT('',#10511);
#10513=CARTESIAN_POINT('',(308.936260212,-136.411822215,-7.82));
#10514=DIRECTION('',(0.,0.,-1.));
#10515=VECTOR('',#10514,0.5);
#10516=LINE('',#10513,#10515);
#10517=EDGE_CURVE('',#10512,#2327,#10516,.T.);
#10518=ORIENTED_EDGE('',*,*,#10517,.F.);
#10519=CARTESIAN_POINT('',(308.936260212,-136.411822215,-7.82));
#10520=CARTESIAN_POINT('',(308.962356626,-136.490155171,-7.82));
#10521=CARTESIAN_POINT('',(308.99434553,-136.566618096,-7.82));
#10522=CARTESIAN_POINT('',(309.035744068,-136.638019609,-7.82));
#10523=CARTESIAN_POINT('',(309.077142607,-136.709421122,-7.82));
#10524=CARTESIAN_POINT('',(309.128286982,-136.77570514,-7.82));
#10525=CARTESIAN_POINT('',(309.191620212,-136.828462215,-7.82));
#10526=B_SPLINE_CURVE_WITH_KNOTS('',3,(#10519,#10520,#10521,#10522,#10523,#10524,#10525),.UNSPECIFIED.,.F.,.F.,(4,3,4),(0.002379924,0.002627621,0.002875317),.UNSPECIFIED.);
#10527=EDGE_CURVE('',#10512,#10480,#10526,.T.);
#10528=ORIENTED_EDGE('',*,*,#10527,.T.);
#10529=ORIENTED_EDGE('',*,*,#10485,.T.);
#10530=EDGE_LOOP('',(#10510,#10518,#10528,#10529));
#10531=FACE_BOUND('',#10530,.T.);
#10532=ADVANCED_FACE('',(#10531),#10509,.T.);
#10533=CARTESIAN_POINT('',(307.457860212,-132.225262215,-7.32));
#10534=DIRECTION('',(0.942934436,0.332978452,0.));
#10535=DIRECTION('',(-0.332978452,0.942934436,0.));
#10536=AXIS2_PLACEMENT_3D('',#10533,#10534,#10535);
#10537=PLANE('',#10536);
#10538=ORIENTED_EDGE('',*,*,#2332,.F.);
#10539=ORIENTED_EDGE('',*,*,#9743,.F.);
#10540=CARTESIAN_POINT('',(305.979460212,-128.038702215,-7.82));
#10541=DIRECTION('',(0.332978452,-0.942934436,0.));
#10542=VECTOR('',#10541,8.879853871);
#10543=LINE('',#10540,#10542);
#10544=EDGE_CURVE('',#9725,#10512,#10543,.T.);
#10545=ORIENTED_EDGE('',*,*,#10544,.T.);
#10546=ORIENTED_EDGE('',*,*,#10517,.T.);
#10547=EDGE_LOOP('',(#10538,#10539,#10545,#10546));
#10548=FACE_BOUND('',#10547,.T.);
#10549=ADVANCED_FACE('',(#10548),#10537,.T.);
#10550=CARTESIAN_POINT('',(296.130542489,-153.068096461,-7.82));
#10551=DIRECTION('',(0.,0.,-1.));
#10552=DIRECTION('',(-1.,0.,0.));
#10553=AXIS2_PLACEMENT_3D('',#10550,#10551,#10552);
#10554=PLANE('',#10553);
#10555=ORIENTED_EDGE('',*,*,#9737,.F.);
#10556=ORIENTED_EDGE('',*,*,#9777,.F.);
#10557=ORIENTED_EDGE('',*,*,#9809,.F.);
#10558=ORIENTED_EDGE('',*,*,#9841,.F.);
#10559=ORIENTED_EDGE('',*,*,#9865,.F.);
#10560=ORIENTED_EDGE('',*,*,#9889,.F.);
#10561=ORIENTED_EDGE('',*,*,#9921,.F.);
#10562=ORIENTED_EDGE('',*,*,#9953,.F.);
#10563=ORIENTED_EDGE('',*,*,#9985,.F.);
#10564=ORIENTED_EDGE('',*,*,#10017,.F.);
#10565=ORIENTED_EDGE('',*,*,#10041,.F.);
#10566=ORIENTED_EDGE('',*,*,#10065,.F.);
#10567=ORIENTED_EDGE('',*,*,#10097,.F.);
#10568=ORIENTED_EDGE('',*,*,#10129,.F.);
#10569=ORIENTED_EDGE('',*,*,#10164,.F.);
#10570=ORIENTED_EDGE('',*,*,#10199,.F.);
#10571=ORIENTED_EDGE('',*,*,#10223,.F.);
#10572=ORIENTED_EDGE('',*,*,#10255,.F.);
#10573=ORIENTED_EDGE('',*,*,#10287,.F.);
#10574=ORIENTED_EDGE('',*,*,#10319,.F.);
#10575=ORIENTED_EDGE('',*,*,#10351,.F.);
#10576=ORIENTED_EDGE('',*,*,#10375,.F.);
#10577=ORIENTED_EDGE('',*,*,#10399,.F.);
#10578=ORIENTED_EDGE('',*,*,#10431,.F.);
#10579=ORIENTED_EDGE('',*,*,#10463,.F.);
#10580=ORIENTED_EDGE('',*,*,#10495,.F.);
#10581=ORIENTED_EDGE('',*,*,#10527,.F.);
#10582=ORIENTED_EDGE('',*,*,#10544,.F.);
#10583=EDGE_LOOP('',(#10555,#10556,#10557,#10558,#10559,#10560,#10561,#10562,#10563,#10564,#10565,#10566,#10567,#10568,#10569,#10570,#10571,#10572,#10573,#10574,#10575,#10576,#10577,#10578,#10579,#10580,
#10581,#10582));
#10584=FACE_BOUND('',#10583,.T.);
#10585=ADVANCED_FACE('',(#10584),#10554,.T.);
#10586=CARTESIAN_POINT('',(228.904508301,-123.622218094,-7.62));
#10587=DIRECTION('',(0.,0.,-1.));
#10588=DIRECTION('',(-1.,0.,0.));
#10589=AXIS2_PLACEMENT_3D('',#10586,#10587,#10588);
#10590=CYLINDRICAL_SURFACE('',#10589,0.5);
#10591=ORIENTED_EDGE('',*,*,#6326,.F.);
#10592=ORIENTED_EDGE('',*,*,#170,.F.);
#10593=ORIENTED_EDGE('',*,*,#2660,.F.);
#10594=ORIENTED_EDGE('',*,*,#6286,.F.);
#10595=EDGE_LOOP('',(#10591,#10592,#10593,#10594));
#10596=FACE_BOUND('',#10595,.T.);
#10597=ADVANCED_FACE('',(#10596),#10590,.F.);
#10598=CARTESIAN_POINT('',(253.978918684,-123.622218094,-7.62));
#10599=DIRECTION('',(0.,0.,1.));
#10600=DIRECTION('',(1.,0.,-0.));
#10601=AXIS2_PLACEMENT_3D('',#10598,#10599,#10600);
#10602=CYLINDRICAL_SURFACE('',#10601,0.5);
#10603=ORIENTED_EDGE('',*,*,#6318,.F.);
#10604=ORIENTED_EDGE('',*,*,#130,.F.);
#10605=ORIENTED_EDGE('',*,*,#2668,.F.);
#10606=ORIENTED_EDGE('',*,*,#156,.F.);
#10607=EDGE_LOOP('',(#10603,#10604,#10605,#10606));
#10608=FACE_BOUND('',#10607,.T.);
#10609=ADVANCED_FACE('',(#10608),#10602,.F.);
#10610=CARTESIAN_POINT('',(253.917749312,-167.739508175,-7.62));
#10611=DIRECTION('',(0.,0.,1.));
#10612=DIRECTION('',(1.,0.,-0.));
#10613=AXIS2_PLACEMENT_3D('',#10610,#10611,#10612);
#10614=CYLINDRICAL_SURFACE('',#10613,0.5);
#10615=ORIENTED_EDGE('',*,*,#2635,.F.);
#10616=ORIENTED_EDGE('',*,*,#116,.F.);
#10617=ORIENTED_EDGE('',*,*,#6310,.F.);
#10618=ORIENTED_EDGE('',*,*,#90,.F.);
#10619=EDGE_LOOP('',(#10615,#10616,#10617,#10618));
#10620=FACE_BOUND('',#10619,.T.);
#10621=ADVANCED_FACE('',(#10620),#10614,.F.);
#10622=CARTESIAN_POINT('',(228.904496567,-167.771498423,-7.62));
#10623=DIRECTION('',(0.,0.,1.));
#10624=DIRECTION('',(1.,0.,-0.));
#10625=AXIS2_PLACEMENT_3D('',#10622,#10623,#10624);
#10626=CYLINDRICAL_SURFACE('',#10625,0.5);
#10627=ORIENTED_EDGE('',*,*,#6302,.F.);
#10628=ORIENTED_EDGE('',*,*,#6272,.F.);
#10629=ORIENTED_EDGE('',*,*,#2645,.F.);
#10630=ORIENTED_EDGE('',*,*,#76,.F.);
#10631=EDGE_LOOP('',(#10627,#10628,#10629,#10630));
#10632=FACE_BOUND('',#10631,.T.);
#10633=ADVANCED_FACE('',(#10632),#10626,.F.);
#10634=CARTESIAN_POINT('',(297.18,-169.8525,-6.82));
#10635=DIRECTION('',(0.,0.,-1.));
#10636=DIRECTION('',(-1.,0.,0.));
#10637=AXIS2_PLACEMENT_3D('',#10634,#10635,#10636);
#10638=CYLINDRICAL_SURFACE('',#10637,0.75);
#10639=CARTESIAN_POINT('',(296.43,-169.8525,-8.32));
#10640=DIRECTION('',(-0.,-0.,1.));
#10641=VECTOR('',#10640,1.5);
#10642=LINE('',#10639,#10641);
#10643=EDGE_CURVE('',#181,#2619,#10642,.T.);
#10644=ORIENTED_EDGE('',*,*,#10643,.F.);
#10645=ORIENTED_EDGE('',*,*,#187,.T.);
#10646=ORIENTED_EDGE('',*,*,#10643,.T.);
#10647=ORIENTED_EDGE('',*,*,#2625,.F.);
#10648=EDGE_LOOP('',(#10644,#10645,#10646,#10647));
#10649=FACE_BOUND('',#10648,.T.);
#10650=ADVANCED_FACE('',(#10649),#10638,.F.);
#10651=CLOSED_SHELL('',(#94,#134,#174,#2612,#3905,#3927,#3944,#3961,#3978,#3995,#4012,#4029,#4046,#4063,#4080,#4097,#4114,#4131,#4148,#4165,#4182,#4199,#4216,#4233,#4250,#4267,
#4284,#4301,#4318,#4335,#4352,#4369,#4386,#4403,#4420,#4437,#4454,#4471,#4488,#4505,#4522,#4539,#4556,#4573,#4590,#4607,#4624,#4641,#4658,#4675,#4692,
#4709,#4726,#4743,#4760,#4777,#4794,#4811,#4828,#4845,#4862,#4879,#4896,#4913,#4930,#4947,#4964,#4981,#4998,#5015,#5032,#5049,#5066,#5083,#5100,#5117,
#5159,#5176,#5193,#5210,#5227,#5244,#5261,#5278,#5295,#5312,#5329,#5346,#5363,#5380,#5397,#5414,#5431,#5448,#5465,#5482,#5499,#5516,#5533,#5550,#5567,
#5584,#5601,#5618,#5635,#5652,#5669,#5686,#5703,#5720,#5737,#5754,#5771,#5788,#5805,#5822,#5839,#5856,#5873,#5890,#5907,#5924,#5941,#5958,#5975,#5992,
#6009,#6026,#6043,#6060,#6077,#6094,#6111,#6128,#6145,#6162,#6179,#6196,#6213,#6230,#6247,#6259,#6290,#6330,#6355,#6364,#6389,#6398,#6423,#6432,#6457,
#6466,#6491,#6511,#6528,#6553,#6573,#6598,#6618,#6643,#6663,#6680,#6697,#6714,#6747,#6769,#6781,#6793,#6818,#6827,#6852,#6861,#6886,#6895,#6920,#6929,
#6961,#6999,#7031,#7063,#7095,#7119,#7154,#7195,#7219,#7243,#7275,#7307,#7339,#7371,#7395,#7419,#7451,#7483,#7524,#7548,#7572,#7604,#7636,#7668,#7700,
#7724,#7748,#7783,#7815,#7832,#7870,#7909,#7938,#7962,#7997,#8029,#8053,#8085,#8117,#8149,#8181,#8205,#8240,#8278,#8307,#8336,#8368,#8400,#8428,#8454,
#8485,#8523,#8547,#8571,#8603,#8635,#8667,#8696,#8728,#8752,#8776,#8805,#8837,#8869,#8901,#8933,#8957,#8981,#9019,#9043,#9067,#9099,#9131,#9163,#9192,
#9221,#9245,#9269,#9298,#9330,#9362,#9394,#9426,#9466,#9497,#9534,#9565,#9596,#9624,#9641,#9691,#9705,#9747,#9782,#9814,#9846,#9870,#9894,#9926,#9958,
#9990,#10022,#10046,#10070,#10102,#10134,#10169,#10204,#10228,#10260,#10292,#10324,#10356,#10380,#10404,#10436,#10468,#10500,#10532,#10549,#10585,#10597,#10609,#10621,#10633,
#10650));
#10652=MANIFOLD_SOLID_BREP('R Bottom Plate',#10651);
#10653=COLOUR_RGB('',0.517647088,0.517647088,0.517647088);
#10654=FILL_AREA_STYLE_COLOUR('',#10653);
#10655=FILL_AREA_STYLE('',(#10654));
#10656=SURFACE_STYLE_FILL_AREA(#10655);
#10657=SURFACE_SIDE_STYLE('',(#10656));
#10658=SURFACE_STYLE_USAGE(.BOTH.,#10657);
#10659=PRESENTATION_STYLE_ASSIGNMENT((#10658));
#54=STYLED_ITEM('',(#10659),#10652);
#35=SHAPE_REPRESENTATION('Right',(#15),#33);
#36=ADVANCED_BREP_SHAPE_REPRESENTATION('Right',(#10652),#33);
#10667=SHAPE_REPRESENTATION_RELATIONSHIP('','',#35,#36);
#10668=CARTESIAN_POINT('',(0.,0.,0.));
#10669=DIRECTION('',(0.,0.,1.));
#10670=DIRECTION('',(1.,0.,0.));
#10671=AXIS2_PLACEMENT_3D('',#10668,#10669,#10670);
#10673=MAPPED_ITEM('',#10672,#10671);
#10672=REPRESENTATION_MAP(#10671,#35);
#10674=APPLICATION_CONTEXT('Managed model based 3d engineering');
#10675=APPLICATION_PROTOCOL_DEFINITION('international standard','ap242_managed_model_based_3d_engineering',2014,#10674);
#10676=PRODUCT_CONTEXT('',#10674,'mechanical');
#10677=PRODUCT_DEFINITION_CONTEXT('part definition',#10674,'design');
#43=PRODUCT('Right','Right','',(#10676));
#10678=PRODUCT_RELATED_PRODUCT_CATEGORY('part','',(#43));
#10679=PRODUCT_DEFINITION_FORMATION_WITH_SPECIFIED_SOURCE('','',#43,.NOT_KNOWN.);
#44=PRODUCT_DEFINITION('design','',#10679,#10677);
#42=PRODUCT_DEFINITION_SHAPE('','',#44);
#10680=SHAPE_DEFINITION_REPRESENTATION(#42,#35);
#34=DRAUGHTING_MODEL('',(#10673),#33);
#16=SHAPE_REPRESENTATION('root',(#15,#48),#10);
#10681=CARTESIAN_POINT('',(0.,0.,0.));
#10682=DIRECTION('',(0.,0.,1.));
#10683=DIRECTION('',(1.,0.,0.));
#10684=AXIS2_PLACEMENT_3D('',#10681,#10682,#10683);
#10686=MAPPED_ITEM('',#10685,#10684);
#10685=REPRESENTATION_MAP(#10684,#16);
#24=PRODUCT('root','root','',(#10676));
#10687=PRODUCT_RELATED_PRODUCT_CATEGORY('part','',(#24));
#10688=PRODUCT_DEFINITION_FORMATION_WITH_SPECIFIED_SOURCE('','',#24,.NOT_KNOWN.);
#25=PRODUCT_DEFINITION('design','',#10688,#10677);
#23=PRODUCT_DEFINITION_SHAPE('','',#25);
#10689=SHAPE_DEFINITION_REPRESENTATION(#23,#16);
#11=DRAUGHTING_MODEL('',(#10686),#10);
#10690=DESCRIPTIVE_REPRESENTATION_ITEM('KEY','/Users/will/Library/Containers/com.shapr3d.shapr/Data/tmp/5DF50A08-6F26-41ED-A61B-311A4168DF12.tmp');
#10691=PROPERTY_DEFINITION('KEY','',#25);
#10692=REPRESENTATION('',(#10690),#10);
#10693=PROPERTY_DEFINITION_REPRESENTATION(#10691,#10692);
#10694=GENERAL_PROPERTY('','KEY','');
#10695=GENERAL_PROPERTY_ASSOCIATION('','',#10694,#10691);
#1=MECHANICAL_DESIGN_GEOMETRIC_PRESENTATION_REPRESENTATION('',(#54),#10);
ENDSEC;
END-ISO-10303-21;
