  0
SECTION
  2
HEADER
  9
$ACADVER
  1
AC1024
  9
$ACADMAINTVER
 70
     6
  9
$DWGCODEPAGE
  3
MAC-ROMAN
  9
$INSBASE
 10
0.0
 20
0.0
 30
0.0
  9
$EXTMIN
 10
1.000000000000000E+20
 20
1.000000000000000E+20
 30
1.000000000000000E+20
  9
$EXTMAX
 10
-1.000000000000000E+20
 20
-1.000000000000000E+20
 30
-1.000000000000000E+20
  9
$LIMMIN
 10
0.0
 20
0.0
  9
$LIMMAX
 10
420.0
 20
297.0
  9
$ORTHOMODE
 70
     0
  9
$REGENMODE
 70
     1
  9
$FILLMODE
 70
     1
  9
$QTEXTMODE
 70
     0
  9
$MIRRTEXT
 70
     1
  9
$LTSCALE
 40
1.0
  9
$ATTMODE
 70
     1
  9
$TEXTSIZE
 40
2.5
  9
$TRACEWID
 40
1.0
  9
$TEXTSTYLE
  7
Standard
  9
$CLAYER
  8
0
  9
$CELTYPE
  6
ByLayer
  9
$CECOLOR
 62
   256
  9
$CELTSCALE
 40
1.0
  9
$DISPSILH
 70
     0
  9
$DIMSCALE
 40
1.0
  9
$DIMASZ
 40
2.5
  9
$DIMEXO
 40
0.625
  9
$DIMDLI
 40
3.75
  9
$DIMRND
 40
0.0
  9
$DIMDLE
 40
0.0
  9
$DIMEXE
 40
1.25
  9
$DIMTP
 40
0.0
  9
$DIMTM
 40
0.0
  9
$DIMTXT
 40
2.5
  9
$DIMCEN
 40
2.5
  9
$DIMTSZ
 40
0.0
  9
$DIMTOL
 70
     0
  9
$DIMLIM
 70
     0
  9
$DIMTIH
 70
     0
  9
$DIMTOH
 70
     0
  9
$DIMSE1
 70
     0
  9
$DIMSE2
 70
     0
  9
$DIMTAD
 70
     1
  9
$DIMZIN
 70
     8
  9
$DIMBLK
  1

  9
$DIMASO
 70
     1
  9
$DIMSHO
 70
     1
  9
$DIMPOST
  1

  9
$DIMAPOST
  1

  9
$DIMALT
 70
     0
  9
$DIMALTD
 70
     3
  9
$DIMALTF
 40
0.03937007874016
  9
$DIMLFAC
 40
1.0
  9
$DIMTOFL
 70
     1
  9
$DIMTVP
 40
0.0
  9
$DIMTIX
 70
     0
  9
$DIMSOXD
 70
     0
  9
$DIMSAH
 70
     0
  9
$DIMBLK1
  1

  9
$DIMBLK2
  1

  9
$DIMSTYLE
  2
ISO-25
  9
$DIMCLRD
 70
     0
  9
$DIMCLRE
 70
     0
  9
$DIMCLRT
 70
     0
  9
$DIMTFAC
 40
1.0
  9
$DIMGAP
 40
0.625
  9
$DIMJUST
 70
     0
  9
$DIMSD1
 70
     0
  9
$DIMSD2
 70
     0
  9
$DIMTOLJ
 70
     0
  9
$DIMTZIN
 70
     8
  9
$DIMALTZ
 70
     0
  9
$DIMALTTZ
 70
     0
  9
$DIMUPT
 70
     0
  9
$DIMDEC
 70
     2
  9
$DIMTDEC
 70
     2
  9
$DIMALTU
 70
     2
  9
$DIMALTTD
 70
     3
  9
$DIMTXSTY
  7
Standard
  9
$DIMAUNIT
 70
     0
  9
$DIMADEC
 70
     0
  9
$DIMALTRND
 40
0.0
  9
$DIMAZIN
 70
     0
  9
$DIMDSEP
 70
    44
  9
$DIMATFIT
 70
     3
  9
$DIMFRAC
 70
     0
  9
$DIMLDRBLK
  1

  9
$DIMLUNIT
 70
     2
  9
$DIMLWD
 70
    -2
  9
$DIMLWE
 70
    -2
  9
$DIMTMOVE
 70
     0
  9
$DIMFXL
 40
1.0
  9
$DIMFXLON
 70
     0
  9
$DIMJOGANG
 40
0.7853981633974483
  9
$DIMTFILL
 70
     0
  9
$DIMTFILLCLR
 70
     0
  9
$DIMARCSYM
 70
     0
  9
$DIMLTYPE
  6

  9
$DIMLTEX1
  6

  9
$DIMLTEX2
  6

  9
$DIMTXTDIRECTION
 70
     0
  9
$LUNITS
 70
     2
  9
$LUPREC
 70
     4
  9
$SKETCHINC
 40
1.0
  9
$FILLETRAD
 40
0.0
  9
$AUNITS
 70
     0
  9
$AUPREC
 70
     0
  9
$MENU
  1
.
  9
$ELEVATION
 40
0.0
  9
$PELEVATION
 40
0.0
  9
$THICKNESS
 40
0.0
  9
$LIMCHECK
 70
     0
  9
$CHAMFERA
 40
0.0
  9
$CHAMFERB
 40
0.0
  9
$CHAMFERC
 40
0.0
  9
$CHAMFERD
 40
0.0
  9
$SKPOLY
 70
     0
  9
$TDCREATE
 40
2461281.467429526
  9
$TDUCREATE
 40
2461281.592429526
  9
$TDUPDATE
 40
2461281.467430521
  9
$TDUUPDATE
 40
2461281.592430521
  9
$TDINDWG
 40
0.0000000116
  9
$TDUSRTIMER
 40
0.0000000116
  9
$USRTIMER
 70
     1
  9
$ANGBASE
 50
0.0
  9
$ANGDIR
 70
     0
  9
$PDMODE
 70
     0
  9
$PDSIZE
 40
0.0
  9
$PLINEWID
 40
0.0
  9
$SPLFRAME
 70
     0
  9
$SPLINETYPE
 70
     6
  9
$SPLINESEGS
 70
     8
  9
$HANDSEED
  5
C7A
  9
$SURFTAB1
 70
     6
  9
$SURFTAB2
 70
     6
  9
$SURFTYPE
 70
     6
  9
$SURFU
 70
     6
  9
$SURFV
 70
     6
  9
$UCSBASE
  2

  9
$UCSNAME
  2

  9
$UCSORG
 10
0.0
 20
0.0
 30
0.0
  9
$UCSXDIR
 10
1.0
 20
0.0
 30
0.0
  9
$UCSYDIR
 10
0.0
 20
1.0
 30
0.0
  9
$UCSORTHOREF
  2

  9
$UCSORTHOVIEW
 70
     0
  9
$UCSORGTOP
 10
0.0
 20
0.0
 30
0.0
  9
$UCSORGBOTTOM
 10
0.0
 20
0.0
 30
0.0
  9
$UCSORGLEFT
 10
0.0
 20
0.0
 30
0.0
  9
$UCSORGRIGHT
 10
0.0
 20
0.0
 30
0.0
  9
$UCSORGFRONT
 10
0.0
 20
0.0
 30
0.0
  9
$UCSORGBACK
 10
0.0
 20
0.0
 30
0.0
  9
$PUCSBASE
  2

  9
$PUCSNAME
  2

  9
$PUCSORG
 10
0.0
 20
0.0
 30
0.0
  9
$PUCSXDIR
 10
1.0
 20
0.0
 30
0.0
  9
$PUCSYDIR
 10
0.0
 20
1.0
 30
0.0
  9
$PUCSORTHOREF
  2

  9
$PUCSORTHOVIEW
 70
     0
  9
$PUCSORGTOP
 10
0.0
 20
0.0
 30
0.0
  9
$PUCSORGBOTTOM
 10
0.0
 20
0.0
 30
0.0
  9
$PUCSORGLEFT
 10
0.0
 20
0.0
 30
0.0
  9
$PUCSORGRIGHT
 10
0.0
 20
0.0
 30
0.0
  9
$PUCSORGFRONT
 10
0.0
 20
0.0
 30
0.0
  9
$PUCSORGBACK
 10
0.0
 20
0.0
 30
0.0
  9
$USERI1
 70
     0
  9
$USERI2
 70
     0
  9
$USERI3
 70
     0
  9
$USERI4
 70
     0
  9
$USERI5
 70
     0
  9
$USERR1
 40
0.0
  9
$USERR2
 40
0.0
  9
$USERR3
 40
0.0
  9
$USERR4
 40
0.0
  9
$USERR5
 40
0.0
  9
$WORLDVIEW
 70
     1
  9
$SHADEDGE
 70
     3
  9
$SHADEDIF
 70
    70
  9
$TILEMODE
 70
     1
  9
$MAXACTVP
 70
    64
  9
$PINSBASE
 10
0.0
 20
0.0
 30
0.0
  9
$PLIMCHECK
 70
     0
  9
$PEXTMIN
 10
1.000000000000000E+20
 20
1.000000000000000E+20
 30
1.000000000000000E+20
  9
$PEXTMAX
 10
-1.000000000000000E+20
 20
-1.000000000000000E+20
 30
-1.000000000000000E+20
  9
$PLIMMIN
 10
0.0
 20
0.0
  9
$PLIMMAX
 10
420.0
 20
297.0
  9
$UNITMODE
 70
     0
  9
$VISRETAIN
 70
     1
  9
$PLINEGEN
 70
     0
  9
$PSLTSCALE
 70
     1
  9
$TREEDEPTH
 70
  3020
  9
$CMLSTYLE
  2
Standard
  9
$CMLJUST
 70
     0
  9
$CMLSCALE
 40
20.0
  9
$PROXYGRAPHICS
 70
     1
  9
$MEASUREMENT
 70
     1
  9
$CELWEIGHT
370
    -1
  9
$ENDCAPS
280
     0
  9
$JOINSTYLE
280
     0
  9
$LWDISPLAY
290
     0
  9
$INSUNITS
 70
     4
  9
$HYPERLINKBASE
  1

  9
$STYLESHEET
  1

  9
$XEDIT
290
     1
  9
$CEPSNTYPE
380
     0
  9
$PSTYLEMODE
290
     1
  9
$FINGERPRINTGUID
  2
{f42eb609-3c3a-354d-8aa3-d9905844a514}
  9
$VERSIONGUID
  2
{FAEB1C32-E019-11D5-929B-00C0DF256EC4}
  9
$EXTNAMES
290
     1
  9
$PSVPSCALE
 40
0.0
  9
$OLESTARTUP
290
     0
  9
$SORTENTS
280
   127
  9
$INDEXCTL
280
     0
  9
$HIDETEXT
280
     1
  9
$XCLIPFRAME
280
     2
  9
$HALOGAP
280
     0
  9
$OBSCOLOR
 70
   257
  9
$OBSLTYPE
280
     0
  9
$INTERSECTIONDISPLAY
280
     0
  9
$INTERSECTIONCOLOR
 70
   257
  9
$DIMASSOC
280
     2
  9
$PROJECTNAME
  1

  9
$CAMERADISPLAY
290
     0
  9
$LENSLENGTH
 40
50.0
  9
$CAMERAHEIGHT
 40
0.0
  9
$STEPSPERSEC
 40
2.0
  9
$STEPSIZE
 40
6.0
  9
$3DDWFPREC
 40
2.0
  9
$PSOLWIDTH
 40
5.0
  9
$PSOLHEIGHT
 40
80.0
  9
$LOFTANG1
 40
1.570796326794897
  9
$LOFTANG2
 40
1.570796326794897
  9
$LOFTMAG1
 40
0.0
  9
$LOFTMAG2
 40
0.0
  9
$LOFTPARAM
 70
     7
  9
$LOFTNORMALS
280
     1
  9
$LATITUDE
 40
37.795
  9
$LONGITUDE
 40
-122.394
  9
$NORTHDIRECTION
 40
0.0
  9
$TIMEZONE
 70
 -8000
  9
$LIGHTGLYPHDISPLAY
280
     1
  9
$TILEMODELIGHTSYNCH
280
     1
  9
$CMATERIAL
347
44
  9
$SOLIDHIST
280
     0
  9
$SHOWHIST
280
     1
  9
$DWFFRAME
280
     2
  9
$DGNFRAME
280
     2
  9
$REALWORLDSCALE
290
     1
  9
$INTERFERECOLOR
 62
   256
  9
$CSHADOW
280
     0
  9
$SHADOWPLANELOCATION
 40
0.0
  0
ENDSEC
  0
SECTION
  2
CLASSES
  0
CLASS
  1
ACDBDICTIONARYWDFLT
  2
AcDbDictionaryWithDefault
  3
ObjectDBX Classes
 90
        0
 91
        3
280
     0
281
     0
  0
CLASS
  1
VISUALSTYLE
  2
AcDbVisualStyle
  3
ObjectDBX Classes
 90
     4095
 91
        3
280
     0
281
     0
  0
CLASS
  1
MATERIAL
  2
AcDbMaterial
  3
ObjectDBX Classes
 90
     1153
 91
        3
280
     0
281
     0
  0
CLASS
  1
SCALE
  2
AcDbScale
  3
ObjectDBX Classes
 90
     1153
 91
        3
280
     0
281
     0
  0
CLASS
  1
TABLESTYLE
  2
AcDbTableStyle
  3
ObjectDBX Classes
 90
     4095
 91
        3
280
     0
281
     0
  0
CLASS
  1
MLEADERSTYLE
  2
AcDbMLeaderStyle
  3
ACDB_MLEADERSTYLE_CLASS
 90
     4095
 91
        3
280
     0
281
     0
  0
CLASS
  1
SUN
  2
AcDbSun
  3
SCENEOE
 90
     1153
 91
        3
280
     0
281
     0
  0
CLASS
  1
DICTIONARYVAR
  2
AcDbDictionaryVar
  3
ObjectDBX Classes
 90
        0
 91
        3
280
     0
281
     0
  0
CLASS
  1
CELLSTYLEMAP
  2
AcDbCellStyleMap
  3
ObjectDBX Classes
 90
     1152
 91
        3
280
     0
281
     0
  0
ENDSEC
  0
SECTION
  2
TABLES
  0
TABLE
  2
VPORT
  5
8
330
0
100
AcDbSymbolTable
 70
     1
  0
VPORT
  5
29
330
8
100
AcDbSymbolTableRecord
100
AcDbViewportTableRecord
  2
*Active
 70
     0
 10
0.0
 20
0.0
 11
1.0
 21
1.0
 12
344.1869158878504
 22
148.5
 13
0.0
 23
0.0
 14
10.0
 24
10.0
 15
10.0
 25
10.0
 16
0.0
 26
0.0
 36
1.0
 17
0.0
 27
0.0
 37
0.0
 40
297.0
 41
1.972972972850329
 42
50.0
 43
0.0
 44
0.0
 50
0.0
 51
0.0
 71
     0
 72
   100
 73
     1
 74
     3
 75
     0
 76
     0
 77
     0
 78
     0
281
     0
 65
     1
110
0.0
120
0.0
130
0.0
111
1.0
121
0.0
131
0.0
112
0.0
122
1.0
132
0.0
 79
     0
146
0.0
348
2F
 60
     3
 61
     5
292
     1
282
     1
141
0.0
142
0.0
 63
   250
361
5D
  0
ENDTAB
  0
TABLE
  2
LTYPE
  5
5
330
0
100
AcDbSymbolTable
 70
     1
  0
LTYPE
  5
14
330
5
100
AcDbSymbolTableRecord
100
AcDbLinetypeTableRecord
  2
ByBlock
 70
     0
  3

 72
    65
 73
     0
 40
0.0
  0
LTYPE
  5
15
330
5
100
AcDbSymbolTableRecord
100
AcDbLinetypeTableRecord
  2
ByLayer
 70
     0
  3

 72
    65
 73
     0
 40
0.0
  0
LTYPE
  5
16
330
5
100
AcDbSymbolTableRecord
100
AcDbLinetypeTableRecord
  2
Continuous
 70
     0
  3
Solid line
 72
    65
 73
     0
 40
0.0
  0
ENDTAB
  0
TABLE
  2
LAYER
  5
2
330
0
100
AcDbSymbolTable
 70
     6
  0
LAYER
  5
10
330
2
100
AcDbSymbolTableRecord
100
AcDbLayerTableRecord
  2
0
 70
     0
 62
     7
  6
Continuous
370
    -3
390
F
347
46
  0
LAYER
  5
5E
330
2
100
AcDbSymbolTableRecord
100
AcDbLayerTableRecord
  2
Edge.Cuts
 70
     0
 62
     7
  6
Continuous
370
    -3
390
F
347
46
  0
LAYER
  5
8C7
330
2
100
AcDbSymbolTableRecord
100
AcDbLayerTableRecord
  2
Dimensions
 70
     0
 62
     7
  6
Continuous
370
    -3
390
F
347
46
  0
LAYER
  5
8C9
330
2
100
AcDbSymbolTableRecord
100
AcDbLayerTableRecord
  2
Defpoints
 70
     0
 62
     7
  6
Continuous
290
     0
370
    -3
390
F
347
46
  0
LAYER
  5
92B
330
2
100
AcDbSymbolTableRecord
100
AcDbLayerTableRecord
  2
User.2
 70
     0
 62
     7
  6
Continuous
370
    -3
390
F
347
46
  0
LAYER
  5
94C
330
2
100
AcDbSymbolTableRecord
100
AcDbLayerTableRecord
  2
User.3
 70
     0
 62
     7
  6
Continuous
370
    -3
390
F
347
46
  0
ENDTAB
  0
TABLE
  2
STYLE
  5
3
330
0
100
AcDbSymbolTable
 70
     1
  0
STYLE
  5
11
330
3
100
AcDbSymbolTableRecord
100
AcDbTextStyleTableRecord
  2
Standard
 70
     0
 40
0.0
 41
1.0
 50
0.0
 71
     0
 42
2.5
  3
txt
  4

  0
ENDTAB
  0
TABLE
  2
VIEW
  5
6
330
0
100
AcDbSymbolTable
 70
     0
  0
ENDTAB
  0
TABLE
  2
UCS
  5
7
330
0
100
AcDbSymbolTable
 70
     0
  0
ENDTAB
  0
TABLE
  2
APPID
  5
9
330
0
100
AcDbSymbolTable
 70
     1
  0
APPID
  5
12
330
9
100
AcDbSymbolTableRecord
100
AcDbRegAppTableRecord
  2
ACAD
 70
     0
  0
ENDTAB
  0
TABLE
  2
DIMSTYLE
  5
A
330
0
100
AcDbSymbolTable
 70
     1
100
AcDbDimStyleTable
  0
DIMSTYLE
105
27
102
{ACAD_REACTORS
330
8C8
330
8D6
330
8E3
330
8F0
330
8FD
330
906
330
90F
330
91D
330
C1B
330
C24
330
C2D
330
C36
102
}
330
A
100
AcDbSymbolTableRecord
100
AcDbDimStyleTableRecord
  2
ISO-25
 70
     0
 41
2.5
 42
0.625
 43
3.75
 44
1.25
 73
     0
 74
     0
 77
     1
 78
     8
140
2.5
141
2.5
143
0.03937007874016
147
0.625
171
     3
172
     1
178
     0
271
     2
272
     2
274
     3
278
    44
283
     0
284
     8
340
11
  0
ENDTAB
  0
TABLE
  2
BLOCK_RECORD
  5
1
330
0
100
AcDbSymbolTable
 70
    13
  0
BLOCK_RECORD
  5
1F
330
1
100
AcDbSymbolTableRecord
100
AcDbBlockTableRecord
  2
*Model_Space
340
22
 70
     0
280
     1
281
     0
  0
BLOCK_RECORD
  5
1B
330
1
100
AcDbSymbolTableRecord
100
AcDbBlockTableRecord
  2
*Paper_Space
340
1E
 70
     0
280
     1
281
     0
  0
BLOCK_RECORD
  5
23
330
1
100
AcDbSymbolTableRecord
100
AcDbBlockTableRecord
  2
*Paper_Space0
340
26
 70
     0
280
     1
281
     0
  0
BLOCK_RECORD
  5
8CA
330
1
100
AcDbSymbolTableRecord
100
AcDbBlockTableRecord
  2
*D1
340
0
 70
     0
280
     1
281
     0
  0
BLOCK_RECORD
  5
8D7
330
1
100
AcDbSymbolTableRecord
100
AcDbBlockTableRecord
  2
*D2
340
0
 70
     0
280
     1
281
     0
  0
BLOCK_RECORD
  5
8E4
330
1
100
AcDbSymbolTableRecord
100
AcDbBlockTableRecord
  2
*D3
340
0
 70
     0
280
     1
281
     0
  0
BLOCK_RECORD
  5
8F1
330
1
100
AcDbSymbolTableRecord
100
AcDbBlockTableRecord
  2
*D4
340
0
 70
     0
280
     1
281
     0
  0
BLOCK_RECORD
  5
8FE
330
1
100
AcDbSymbolTableRecord
100
AcDbBlockTableRecord
  2
*D5
340
0
 70
     0
280
     1
281
     0
  0
BLOCK_RECORD
  5
907
330
1
100
AcDbSymbolTableRecord
100
AcDbBlockTableRecord
  2
*D6
340
0
 70
     0
280
     1
281
     0
  0
BLOCK_RECORD
  5
910
330
1
100
AcDbSymbolTableRecord
100
AcDbBlockTableRecord
  2
*D7
340
0
 70
     0
280
     1
281
     0
  0
BLOCK_RECORD
  5
91E
330
1
100
AcDbSymbolTableRecord
100
AcDbBlockTableRecord
  2
*D8
340
0
 70
     0
280
     1
281
     0
  0
BLOCK_RECORD
  5
C1C
330
1
100
AcDbSymbolTableRecord
100
AcDbBlockTableRecord
  2
*D9
340
0
 70
     0
280
     1
281
     0
  0
BLOCK_RECORD
  5
C25
330
1
100
AcDbSymbolTableRecord
100
AcDbBlockTableRecord
  2
*D10
340
0
 70
     0
280
     1
281
     0
  0
BLOCK_RECORD
  5
C2E
330
1
100
AcDbSymbolTableRecord
100
AcDbBlockTableRecord
  2
*D11
340
0
 70
     0
280
     1
281
     0
  0
BLOCK_RECORD
  5
C37
330
1
100
AcDbSymbolTableRecord
100
AcDbBlockTableRecord
  2
*D12
340
0
 70
     0
280
     1
281
     0
  0
ENDTAB
  0
ENDSEC
  0
SECTION
  2
BLOCKS
  0
BLOCK
  5
20
330
1F
100
AcDbEntity
  8
0
100
AcDbBlockBegin
  2
*Model_Space
 70
     0
 10
0.0
 20
0.0
 30
0.0
  3
*Model_Space
  1

  0
ENDBLK
  5
21
330
1F
100
AcDbEntity
  8
0
100
AcDbBlockEnd
  0
BLOCK
  5
1C
330
1B
100
AcDbEntity
 67
     1
  8
0
100
AcDbBlockBegin
  2
*Paper_Space
 70
     0
 10
0.0
 20
0.0
 30
0.0
  3
*Paper_Space
  1

  0
ENDBLK
  5
1D
330
1B
100
AcDbEntity
 67
     1
  8
0
100
AcDbBlockEnd
  0
BLOCK
  5
24
330
23
100
AcDbEntity
  8
0
100
AcDbBlockBegin
  2
*Paper_Space0
 70
     0
 10
0.0
 20
0.0
 30
0.0
  3
*Paper_Space0
  1

  0
ENDBLK
  5
25
330
23
100
AcDbEntity
  8
0
100
AcDbBlockEnd
  0
BLOCK
  5
8CB
330
8CA
100
AcDbEntity
  8
0
100
AcDbBlockBegin
  2
*D1
 70
     1
 10
0.0
 20
0.0
 30
0.0
  3
*D1
  1

  0
LINE
  5
8CD
330
8CA
100
AcDbEntity
  8
Dimensions
 62
   140
370
    -2
100
AcDbLine
 10
255.1525244516179
 20
-123.2041150162772
 30
0.0
 11
260.2979319981865
 21
-123.2112197177764
 31
0.0
  0
LINE
  5
8CE
330
8CA
100
AcDbEntity
  8
Dimensions
 62
   140
370
    -2
100
AcDbLine
 10
255.0903891863743
 20
-168.2040721185768
 30
0.0
 11
260.235796732943
 21
-168.2111768200761
 31
0.0
  0
LINE
  5
8CF
330
8CA
100
AcDbEntity
  8
Dimensions
 62
   140
370
    -2
100
AcDbLine
 10
259.0035436256096
 20
-125.7910847131812
 30
0.0
 11
258.9485377601654
 21
-165.6277471247717
 31
0.0
  0
SOLID
  5
8D0
330
8CA
100
AcDbEntity
  8
Dimensions
 62
   140
100
AcDbTrace
 10
259.4338181831686
 20
-125.7916788298311
 30
0.0
 11
258.5732690680505
 21
-125.7904905965312
 31
0.0
 12
259.0071083255093
 22
-123.2094373678266
 32
0.0
 13
259.0071083255093
 23
-123.2094373678266
 33
0.0
  0
SOLID
  5
8D1
330
8CA
100
AcDbEntity
  8
Dimensions
 62
   140
100
AcDbTrace
 10
258.5182632026063
 20
-165.6271530081217
 30
0.0
 11
259.3788123177245
 21
-165.6283412414216
 31
0.0
 12
258.9449730602657
 22
-168.2093944701263
 32
0.0
 13
258.9449730602657
 23
-168.2093944701263
 33
0.0
  0
MTEXT
  5
8D2
330
8CA
100
AcDbEntity
  8
Dimensions
 62
   140
100
AcDbMText
 10
257.0398051838715
 20
-145.7067423940517
 30
0.0
 40
2.581649806395483
 41
0.0
 46
0.0
 71
     5
 72
     1
  1
45
 11
0.00138078367207931
 21
0.9999990467177711
 31
0.0
 73
     1
 44
1.0
  0
POINT
  5
8D3
330
8CA
100
AcDbEntity
  8
Defpoints
 62
     0
100
AcDbPoint
 10
254.5071126152793
 20
-123.2032238413022
 30
0.0
  0
POINT
  5
8D4
330
8CA
100
AcDbEntity
  8
Defpoints
 62
     0
100
AcDbPoint
 10
254.4449773500357
 20
-168.2031809436019
 30
0.0
  0
POINT
  5
8D5
330
8CA
100
AcDbEntity
  8
Defpoints
 62
     0
100
AcDbPoint
 10
258.9449730602657
 20
-168.2093944701263
 30
0.0
  0
ENDBLK
  5
8CC
330
8CA
100
AcDbEntity
  8
0
100
AcDbBlockEnd
  0
BLOCK
  5
8D8
330
8D7
100
AcDbEntity
  8
0
100
AcDbBlockBegin
  2
*D2
 70
     1
 10
0.0
 20
0.0
 30
0.0
  3
*D2
  1

  0
LINE
  5
8DA
330
8D7
100
AcDbEntity
  8
Dimensions
 62
   140
370
    -2
100
AcDbLine
 10
254.5042408137721
 20
-123.8486299037427
 30
0.0
 11
254.4898001559467
 21
-127.094010227895
 31
0.0
  0
LINE
  5
8DB
330
8D7
100
AcDbEntity
  8
Dimensions
 62
   140
370
    -2
100
AcDbLine
 10
228.5044981966547
 20
-123.7329413405598
 30
0.0
 11
228.4900575388293
 21
-126.978321664712
 31
0.0
  0
LINE
  5
8DC
330
8D7
100
AcDbEntity
  8
Dimensions
 62
   140
370
    -2
100
AcDbLine
 10
251.9139195091989
 20
-125.7917108969854
 30
0.0
 11
231.0774253916057
 21
-125.6989967458596
 31
0.0
  0
SOLID
  5
8DD
330
8D7
100
AcDbEntity
  8
Dimensions
 62
   140
100
AcDbTrace
 10
251.9120049748608
 20
-126.221981605279
 30
0.0
 11
251.915834043537
 21
-125.3614401886917
 31
0.0
 12
254.495543758961
 22
-125.803198103014
 32
0.0
 13
254.495543758961
 23
-125.803198103014
 33
0.0
  0
SOLID
  5
8DE
330
8D7
100
AcDbEntity
  8
Dimensions
 62
   140
100
AcDbTrace
 10
231.0793399259438
 20
-125.2687260375659
 30
0.0
 11
231.0755108572675
 21
-126.1292674541533
 31
0.0
 12
228.4958011418436
 22
-125.687509539831
 32
0.0
 13
228.4958011418436
 23
-125.687509539831
 33
0.0
  0
MTEXT
  5
8DF
330
8D7
100
AcDbEntity
  8
Dimensions
 62
   140
100
AcDbMText
 10
241.5042878549237
 20
-123.8091356341009
 30
0.0
 40
2.581649806395483
 41
0.0
 46
0.0
 71
     5
 72
     1
  1
26
 11
0.99999010065836
 21
-0.004449560122422505
 31
0.0
 73
     1
 44
1.0
  0
POINT
  5
8E0
330
8D7
100
AcDbEntity
  8
Defpoints
 62
     0
100
AcDbPoint
 10
254.5071126152793
 20
-123.2032238413022
 30
0.0
  0
POINT
  5
8E1
330
8D7
100
AcDbEntity
  8
Defpoints
 62
     0
100
AcDbPoint
 10
228.5073699981619
 20
-123.0875352781192
 30
0.0
  0
POINT
  5
8E2
330
8D7
100
AcDbEntity
  8
Defpoints
 62
     0
100
AcDbPoint
 10
228.4958011418436
 20
-125.687509539831
 30
0.0
  0
ENDBLK
  5
8D9
330
8D7
100
AcDbEntity
  8
0
100
AcDbBlockEnd
  0
BLOCK
  5
8E5
330
8E4
100
AcDbEntity
  8
0
100
AcDbBlockBegin
  2
*D3
 70
     1
 10
0.0
 20
0.0
 30
0.0
  3
*D3
  1

  0
LINE
  5
8E7
330
8E4
100
AcDbEntity
  8
Dimensions
 62
   140
370
    -2
100
AcDbLine
 10
254.4458292710485
 20
-168.8485928329481
 30
0.0
 11
254.4501130977021
 21
-172.0940024572979
 31
0.0
  0
LINE
  5
8E8
330
8E4
100
AcDbEntity
  8
Dimensions
 62
   140
370
    -2
100
AcDbLine
 10
228.4458519210129
 20
-168.8829118893562
 30
0.0
 11
228.4501357476665
 21
-172.128321513706
 31
0.0
  0
LINE
  5
8E9
330
8E4
100
AcDbEntity
  8
Dimensions
 62
   140
370
    -2
100
AcDbLine
 10
251.8667616982916
 20
-170.8065863626567
 30
0.0
 11
231.0300794630257
 21
-170.8340900509624
 31
0.0
  0
SOLID
  5
8EA
330
8E4
100
AcDbEntity
  8
Dimensions
 62
   140
100
AcDbTrace
 10
251.8673296456335
 20
-171.2368609555542
 30
0.0
 11
251.8661937509498
 21
-170.3763117697592
 31
0.0
 12
254.4484092556765
 22
-170.8031786786055
 32
0.0
 13
254.4484092556765
 23
-170.8031786786055
 33
0.0
  0
SOLID
  5
8EB
330
8E4
100
AcDbEntity
  8
Dimensions
 62
   140
100
AcDbTrace
 10
231.0295115156839
 20
-170.4038154580649
 30
0.0
 11
231.0306474103676
 21
-171.2643646438599
 31
0.0
 12
228.4484319056409
 22
-170.8374977350136
 32
0.0
 13
228.4484319056409
 23
-170.8374977350136
 33
0.0
  0
MTEXT
  5
8EC
330
8E4
100
AcDbEntity
  8
Dimensions
 62
   140
100
AcDbMText
 10
241.4458648176203
 20
-168.8841025387709
 30
0.0
 40
2.581649806395483
 41
0.0
 46
0.0
 71
     5
 72
     1
  1
26
 11
0.9999991288475254
 21
0.001319963708002531
 31
0.0
 73
     1
 44
1.0
  0
POINT
  5
8ED
330
8E4
100
AcDbEntity
  8
Defpoints
 62
     0
100
AcDbPoint
 10
254.4449773500357
 20
-168.2031809436019
 30
0.0
  0
POINT
  5
8EE
330
8E4
100
AcDbEntity
  8
Defpoints
 62
     0
100
AcDbPoint
 10
228.4450000000001
 20
-168.23750000001
 30
0.0
  0
POINT
  5
8EF
330
8E4
100
AcDbEntity
  8
Defpoints
 62
     0
100
AcDbPoint
 10
228.4484319056409
 20
-170.8374977350136
 30
0.0
  0
ENDBLK
  5
8E6
330
8E4
100
AcDbEntity
  8
0
100
AcDbBlockEnd
  0
BLOCK
  5
8F2
330
8F1
100
AcDbEntity
  8
0
100
AcDbBlockBegin
  2
*D4
 70
     1
 10
0.0
 20
0.0
 30
0.0
  3
*D4
  1

  0
LINE
  5
8F4
330
8F1
100
AcDbEntity
  8
Dimensions
 62
   140
370
    -2
100
AcDbLine
 10
186.4204077022785
 20
-122.8973931477569
 30
0.0
 11
191.5658201538774
 21
-122.8973931477569
 31
0.0
  0
LINE
  5
8F5
330
8F1
100
AcDbEntity
  8
Dimensions
 62
   140
370
    -2
100
AcDbLine
 10
186.4204077022785
 20
-167.897393147757
 30
0.0
 11
191.5658201538774
 21
-167.897393147757
 31
0.0
  0
LINE
  5
8F6
330
8F1
100
AcDbEntity
  8
Dimensions
 62
   140
370
    -2
100
AcDbLine
 10
190.2749952506797
 20
-125.4790429541524
 30
0.0
 11
190.2749952506797
 21
-165.3157433413615
 31
0.0
  0
SOLID
  5
8F7
330
8F1
100
AcDbEntity
  8
Dimensions
 62
   140
100
AcDbTrace
 10
190.7052702184122
 20
-125.4790429541524
 30
0.0
 11
189.8447202829471
 21
-125.4790429541524
 31
0.0
 12
190.2749952506797
 22
-122.8973931477569
 32
0.0
 13
190.2749952506797
 23
-122.8973931477569
 33
0.0
  0
SOLID
  5
8F8
330
8F1
100
AcDbEntity
  8
Dimensions
 62
   140
100
AcDbTrace
 10
189.8447202829471
 20
-165.3157433413615
 30
0.0
 11
190.7052702184122
 21
-165.3157433413615
 31
0.0
 12
190.2749952506797
 22
-167.897393147757
 32
0.0
 13
190.2749952506797
 23
-167.897393147757
 33
0.0
  0
MTEXT
  5
8F9
330
8F1
100
AcDbEntity
  8
Dimensions
 62
   140
100
AcDbMText
 10
188.338757895883
 20
-145.397393147757
 30
0.0
 40
2.581649806395483
 41
0.0
 46
0.0
 71
     5
 72
     1
  1
45
 11
0.0
 21
1.0
 31
0.0
 73
     1
 44
1.0
  0
POINT
  5
8FA
330
8F1
100
AcDbEntity
  8
Defpoints
 62
     0
100
AcDbPoint
 10
185.7749952506797
 20
-122.8973931477569
 30
0.0
  0
POINT
  5
8FB
330
8F1
100
AcDbEntity
  8
Defpoints
 62
     0
100
AcDbPoint
 10
185.7749952506797
 20
-167.897393147757
 30
0.0
  0
POINT
  5
8FC
330
8F1
100
AcDbEntity
  8
Defpoints
 62
     0
100
AcDbPoint
 10
190.2749952506797
 20
-167.897393147757
 30
0.0
  0
ENDBLK
  5
8F3
330
8F1
100
AcDbEntity
  8
0
100
AcDbBlockEnd
  0
BLOCK
  5
8FF
330
8FE
100
AcDbEntity
  8
0
100
AcDbBlockBegin
  2
*D5
 70
     1
 10
0.0
 20
0.0
 30
0.0
  3
*D5
  1

  0
LINE
  5
901
330
8FE
100
AcDbEntity
  8
Dimensions
 62
   140
370
    -2
100
AcDbLine
 10
241.4549742768102
 20
-117.611727148314
 30
0.0
 11
229.8402399269094
 21
-117.3617484108439
 31
0.0
  0
MTEXT
  5
902
330
8FE
100
AcDbEntity
  8
Dimensions
 62
   140
100
AcDbMText
 10
234.404034741184
 20
-115.2773588223919
 30
0.0
 40
2.581649806395483
 41
0.0
 46
0.0
 71
     5
 72
     1
  1
%%c5,2
 11
0.9997684702866074
 21
-0.02151757004814792
 31
0.0
 73
     1
 44
1.0
  0
SOLID
  5
903
330
8FE
100
AcDbEntity
  8
Dimensions
 62
   140
100
AcDbTrace
 10
241.4457158050521
 20
-118.0419024946066
 30
0.0
 11
241.4642327485684
 21
-117.1815518020214
 31
0.0
 12
244.0360263545659
 22
-117.6672779788629
 32
0.0
 13
244.0360263545659
 23
-117.6672779788629
 33
0.0
  0
POINT
  5
904
330
8FE
100
AcDbEntity
  8
Defpoints
 62
     0
100
AcDbPoint
 10
244.0360263545659
 20
-117.6672779788629
 30
0.0
  0
POINT
  5
905
330
8FE
100
AcDbEntity
  8
Defpoints
 62
     0
100
AcDbPoint
 10
238.8372303090756
 20
-117.5553866146125
 30
0.0
  0
ENDBLK
  5
900
330
8FE
100
AcDbEntity
  8
0
100
AcDbBlockEnd
  0
BLOCK
  5
908
330
907
100
AcDbEntity
  8
0
100
AcDbBlockBegin
  2
*D6
 70
     1
 10
0.0
 20
0.0
 30
0.0
  3
*D6
  1

  0
LINE
  5
90A
330
907
100
AcDbEntity
  8
Dimensions
 62
   140
370
    -2
100
AcDbLine
 10
241.4633421028879
 20
-174.630316550323
 30
0.0
 11
229.8478912344524
 21
-174.8444298635833
 31
0.0
  0
MTEXT
  5
90B
330
907
100
AcDbEntity
  8
Dimensions
 62
   140
100
AcDbMText
 10
234.3247939657184
 20
-172.5794254490114
 30
0.0
 40
2.581649806395483
 41
0.0
 46
0.0
 71
     5
 72
     1
  1
%%c5,2
 11
0.9998301464832141
 21
0.0184303603696362
 31
0.0
 73
     1
 44
1.0
  0
SOLID
  5
90C
330
907
100
AcDbEntity
  8
Dimensions
 62
   140
100
AcDbTrace
 10
241.4712722256012
 20
-175.0605184343391
 30
0.0
 11
241.4554119801745
 21
-174.2001146663068
 31
0.0
 12
244.0445534069846
 22
-174.5827358140429
 32
0.0
 13
244.0445534069846
 23
-174.5827358140429
 33
0.0
  0
POINT
  5
90D
330
907
100
AcDbEntity
  8
Defpoints
 62
     0
100
AcDbPoint
 10
244.0445534069846
 20
-174.5827358140429
 30
0.0
  0
POINT
  5
90E
330
907
100
AcDbEntity
  8
Defpoints
 62
     0
100
AcDbPoint
 10
238.845436645272
 20
-174.678573687965
 30
0.0
  0
ENDBLK
  5
909
330
907
100
AcDbEntity
  8
0
100
AcDbBlockEnd
  0
BLOCK
  5
911
330
910
100
AcDbEntity
  8
0
100
AcDbBlockBegin
  2
*D7
 70
     1
 10
0.0
 20
0.0
 30
0.0
  3
*D7
  1

  0
LINE
  5
913
330
910
100
AcDbEntity
  8
Dimensions
 62
   140
370
    -2
100
AcDbLine
 10
283.2985472889445
 20
-180.0996869132293
 30
0.0
 11
282.8870461323092
 21
-156.7686895964694
 31
0.0
  0
LINE
  5
914
330
910
100
AcDbEntity
  8
Dimensions
 62
   140
370
    -2
100
AcDbLine
 10
248.2356128963276
 20
-189.3378265843577
 30
0.0
 11
237.0975512561226
 21
-168.8329893039606
 31
0.0
  0
ARC
  5
915
330
910
100
AcDbEntity
  8
Dimensions
 62
   140
370
    -2
100
AcDbCircle
 10
284.6436604852657
 20
-256.3639497666308
 30
0.0
 40
98.31992523124876
100
AcDbArc
 50
92.51494676724766
 51
117.0059557128418
  0
SOLID
  5
916
330
910
100
AcDbEntity
  8
Dimensions
 62
   140
100
AcDbTrace
 10
280.3426166694074
 20
-158.5687968039365
 30
0.0
 11
280.3161461116484
 21
-157.708654082639
 31
0.0
 12
282.9098095544203
 22
-158.0593137700108
 32
0.0
 13
282.9098095544203
 23
-158.0593137700108
 33
0.0
  0
SOLID
  5
917
330
910
100
AcDbEntity
  8
Dimensions
 62
   140
100
AcDbTrace
 10
239.7978458217341
 20
-168.3841358641572
 30
0.0
 11
240.1986394037322
 21
-169.1456545415764
 31
0.0
 12
237.7136865804757
 22
-169.9672759488612
 32
0.0
 13
237.7136865804757
 23
-169.9672759488612
 33
0.0
  0
MTEXT
  5
918
330
910
100
AcDbEntity
  8
Dimensions
 62
   140
100
AcDbMText
 10
259.0222582772574
 20
-159.1190956458534
 30
0.0
 40
2.581649806395483
 41
0.0
 46
0.0
 71
     5
 72
     1
  1
27,5%%d
 11
0.9669994812538775
 21
0.2547783414160867
 31
0.0
 73
     1
 44
1.0
  0
POINT
  5
919
330
910
100
AcDbEntity
  8
Defpoints
 62
     0
100
AcDbPoint
 10
284.6436604852657
 20
-256.3639497666308
 30
0.0
  0
POINT
  5
91A
330
910
100
AcDbEntity
  8
Defpoints
 62
     0
100
AcDbPoint
 10
283.309929
 20
-180.744999
 30
0.0
  0
POINT
  5
91B
330
910
100
AcDbEntity
  8
Defpoints
 62
     0
100
AcDbPoint
 10
248.5436805585041
 20
-189.904969906808
 30
0.0
  0
POINT
  5
91C
330
910
100
AcDbEntity
  8
Defpoints
 62
     0
100
AcDbPoint
 10
267.2713486913901
 20
-159.5909655178502
 30
0.0
  0
ENDBLK
  5
912
330
910
100
AcDbEntity
  8
0
100
AcDbBlockEnd
  0
BLOCK
  5
91F
330
91E
100
AcDbEntity
  8
0
100
AcDbBlockBegin
  2
*D8
 70
     1
 10
0.0
 20
0.0
 30
0.0
  3
*D8
  1

  0
LINE
  5
921
330
91E
100
AcDbEntity
  8
Dimensions
 62
   140
370
    -2
100
AcDbLine
 10
194.0833087087668
 20
-190.794906576526
 30
0.0
 11
206.2921265393703
 21
-169.3678624682762
 31
0.0
  0
LINE
  5
922
330
91E
100
AcDbEntity
  8
Dimensions
 62
   140
370
    -2
100
AcDbLine
 10
157.1938230514977
 20
-180.2700490352503
 30
0.0
 11
158.1292688248322
 21
-155.6266240857248
 31
0.0
  0
ARC
  5
923
330
91E
100
AcDbEntity
  8
Dimensions
 62
   140
370
    -2
100
AcDbCircle
 10
154.1327945266452
 20
-260.909920282588
 30
0.0
 40
104.0682955605404
100
AcDbArc
 50
61.74752729509964
 51
86.40475120444918
  0
SOLID
  5
924
330
91E
100
AcDbEntity
  8
Dimensions
 62
   140
100
AcDbTrace
 10
203.1859623340626
 20
-169.6157094594762
 30
0.0
 11
203.602681282782
 21
-168.8627874786527
 31
0.0
 12
205.653087750893
 22
-170.4894053152227
 32
0.0
 13
205.653087750893
 23
-170.4894053152227
 33
0.0
  0
SOLID
  5
925
330
91E
100
AcDbEntity
  8
Dimensions
 62
   140
100
AcDbTrace
 10
160.680337135911
 20
-156.6167084283635
 30
0.0
 11
160.6370310675941
 21
-157.4761680119834
 31
0.0
 12
158.080305350893
 22
-156.9165200152227
 32
0.0
 13
158.080305350893
 23
-156.9165200152227
 33
0.0
  0
MTEXT
  5
926
330
91E
100
AcDbEntity
  8
Dimensions
 62
   140
100
AcDbMText
 10
183.3004890317818
 20
-158.6775390951819
 30
0.0
 40
2.581649806395483
 41
0.0
 46
0.0
 71
     5
 72
     1
  1
27,5%%d
 11
0.9616271362076425
 21
-0.2743597107978658
 31
0.0
 73
     1
 44
1.0
  0
POINT
  5
927
330
91E
100
AcDbEntity
  8
Defpoints
 62
     0
100
AcDbPoint
 10
154.1327945266452
 20
-260.909920282588
 30
0.0
  0
POINT
  5
928
330
91E
100
AcDbEntity
  8
Defpoints
 62
     0
100
AcDbPoint
 10
193.7637893145281
 20
-191.3556779999993
 30
0.0
  0
POINT
  5
929
330
91E
100
AcDbEntity
  8
Defpoints
 62
     0
100
AcDbPoint
 10
157.1693413145281
 20
-180.9149969999993
 30
0.0
  0
POINT
  5
92A
330
91E
100
AcDbEntity
  8
Defpoints
 62
     0
100
AcDbPoint
 10
190.5905188654629
 20
-163.4366189282644
 30
0.0
  0
ENDBLK
  5
920
330
91E
100
AcDbEntity
  8
0
100
AcDbBlockEnd
  0
BLOCK
  5
C1D
330
C1C
100
AcDbEntity
  8
0
100
AcDbBlockBegin
  2
*D9
 70
     1
 10
0.0
 20
0.0
 30
0.0
  3
*D9
  1

  0
LINE
  5
C1F
330
C1C
100
AcDbEntity
  8
Dimensions
 62
   140
370
    -2
100
AcDbLine
 10
359.1804701175441
 20
-114.387254907597
 30
0.0
 11
347.9151887975903
 21
-113.8126986622783
 31
0.0
  0
MTEXT
  5
C20
330
C1C
100
AcDbEntity
  8
Dimensions
 62
   140
100
AcDbMText
 10
352.4040508278835
 20
-111.9201716631913
 30
0.0
 40
2.506649705387205
 41
0.0
 46
0.0
 71
     5
 72
     1
  1
%%c5,2
 11
0.9987019101625607
 21
-0.0509361820089864
 31
0.0
 73
     1
 44
1.0
  0
SOLID
  5
C21
330
C1C
100
AcDbEntity
  8
Dimensions
 62
   140
100
AcDbTrace
 10
359.1591902566063
 20
-114.8044875490768
 30
0.0
 11
359.2017499784818
 21
-113.9700222661172
 31
0.0
 12
361.6838659664227
 22
-114.5149340732234
 32
0.0
 13
361.6838659664227
 23
-114.5149340732234
 33
0.0
  0
POINT
  5
C22
330
C1C
100
AcDbEntity
  8
Defpoints
 62
     0
100
AcDbPoint
 10
361.6838659664227
 20
-114.5149340732234
 30
0.0
  0
POINT
  5
C23
330
C1C
100
AcDbEntity
  8
Defpoints
 62
     0
100
AcDbPoint
 10
356.4906160335773
 20
-114.2500659267766
 30
0.0
  0
ENDBLK
  5
C1E
330
C1C
100
AcDbEntity
  8
0
100
AcDbBlockEnd
  0
BLOCK
  5
C26
330
C25
100
AcDbEntity
  8
0
100
AcDbBlockBegin
  2
*D10
 70
     1
 10
0.0
 20
0.0
 30
0.0
  3
*D10
  1

  0
LINE
  5
C28
330
C25
100
AcDbEntity
  8
Dimensions
 62
   140
370
    -2
100
AcDbLine
 10
359.1803564794002
 20
-147.5391170235278
 30
0.0
 11
347.9288065525218
 21
-146.739553180112
 31
0.0
  0
MTEXT
  5
C29
330
C25
100
AcDbEntity
  8
Dimensions
 62
   140
100
AcDbMText
 10
352.4545919285368
 20
-144.9371083128468
 30
0.0
 40
2.506649705387205
 41
0.0
 46
0.0
 71
     5
 72
     1
  1
%%c5,2
 11
0.9974845798443794
 21
-0.07088379908471258
 31
0.0
 73
     1
 44
1.0
  0
SOLID
  5
C2A
330
C25
100
AcDbEntity
  8
Dimensions
 62
   140
100
AcDbTrace
 10
359.1507430037181
 20
-147.9558410948937
 30
0.0
 11
359.2099699550823
 21
-147.122392952162
 31
0.0
 12
361.6807009075954
 22
-147.7167978776203
 32
0.0
 13
361.6807009075954
 23
-147.7167978776203
 33
0.0
  0
POINT
  5
C2B
330
C25
100
AcDbEntity
  8
Defpoints
 62
     0
100
AcDbPoint
 10
361.6807009075954
 20
-147.7167978776203
 30
0.0
  0
POINT
  5
C2C
330
C25
100
AcDbEntity
  8
Defpoints
 62
     0
100
AcDbPoint
 10
356.4937810924046
 20
-147.3482021223797
 30
0.0
  0
ENDBLK
  5
C27
330
C25
100
AcDbEntity
  8
0
100
AcDbBlockEnd
  0
BLOCK
  5
C2F
330
C2E
100
AcDbEntity
  8
0
100
AcDbBlockBegin
  2
*D11
 70
     1
 10
0.0
 20
0.0
 30
0.0
  3
*D11
  1

  0
LINE
  5
C31
330
C2E
100
AcDbEntity
  8
Dimensions
 62
   140
370
    -2
100
AcDbLine
 10
81.08053444961634
 20
-147.535757263111
 30
0.0
 11
69.80747960448294
 21
-147.1421679398955
 31
0.0
  0
MTEXT
  5
C32
330
C2E
100
AcDbEntity
  8
Dimensions
 62
   140
100
AcDbMText
 10
74.26537353089275
 20
-145.1778048089648
 30
0.0
 40
2.506649705387205
 41
0.0
 46
0.0
 71
     5
 72
     1
  1
%%c5,2
 11
0.9993910571288072
 21
-0.03489290659955545
 31
0.0
 73
     1
 44
1.0
  0
SOLID
  5
C33
330
C2E
100
AcDbEntity
  8
Dimensions
 62
   140
100
AcDbTrace
 10
81.06595706727502
 20
-147.9532778129307
 30
0.0
 11
81.09511183195765
 21
-147.1182367132912
 31
0.0
 12
83.58565774853487
 22
-147.6232215571588
 32
0.0
 13
83.58565774853487
 23
-147.6232215571588
 33
0.0
  0
POINT
  5
C34
330
C2E
100
AcDbEntity
  8
Defpoints
 62
     0
100
AcDbPoint
 10
83.58565774853487
 20
-147.6232215571588
 30
0.0
  0
POINT
  5
C35
330
C2E
100
AcDbEntity
  8
Defpoints
 62
     0
100
AcDbPoint
 10
78.3888242514651
 20
-147.4417784428412
 30
0.0
  0
ENDBLK
  5
C30
330
C2E
100
AcDbEntity
  8
0
100
AcDbBlockEnd
  0
BLOCK
  5
C38
330
C37
100
AcDbEntity
  8
0
100
AcDbBlockBegin
  2
*D12
 70
     1
 10
0.0
 20
0.0
 30
0.0
  3
*D12
  1

  0
LINE
  5
C3A
330
C37
100
AcDbEntity
  8
Dimensions
 62
   140
370
    -2
100
AcDbLine
 10
81.08043739007306
 20
-114.3878582069428
 30
0.0
 11
69.8191106733264
 21
-113.7404026676022
 31
0.0
  0
MTEXT
  5
C3B
330
C37
100
AcDbEntity
  8
Dimensions
 62
   140
100
AcDbMText
 10
74.32012752691092
 20
-111.8769681898087
 30
0.0
 40
2.506649705387205
 41
0.0
 46
0.0
 71
     5
 72
     1
  1
%%c5,2
 11
0.9983513223996149
 21
-0.05739892910969931
 31
0.0
 73
     1
 44
1.0
  0
SOLID
  5
C3C
330
C37
100
AcDbEntity
  8
Dimensions
 62
   140
100
AcDbTrace
 10
81.05645755528266
 20
-114.8049443816372
 30
0.0
 11
81.10441722486345
 21
-113.9707720322485
 31
0.0
 12
83.58295443823899
 22
-114.5317372156852
 32
0.0
 13
83.58295443823899
 23
-114.5317372156852
 33
0.0
  0
POINT
  5
C3D
330
C37
100
AcDbEntity
  8
Defpoints
 62
     0
100
AcDbPoint
 10
83.58295443823899
 20
-114.5317372156852
 30
0.0
  0
POINT
  5
C3E
330
C37
100
AcDbEntity
  8
Defpoints
 62
     0
100
AcDbPoint
 10
78.39152756176098
 20
-114.2332627843148
 30
0.0
  0
ENDBLK
  5
C39
330
C37
100
AcDbEntity
  8
0
100
AcDbBlockEnd
  0
ENDSEC
  0
SECTION
  2
ENTITIES
  0
LINE
  5
5F
330
1F
100
AcDbEntity
  8
Edge.Cuts
100
AcDbLine
 10
273.257141
 20
-159.538529
 30
0.0
 11
273.535931
 21
-159.602161
 31
0.0
  0
LINE
  5
60
330
1F
100
AcDbEntity
  8
Edge.Cuts
100
AcDbLine
 10
273.535931
 20
-159.602161
 30
0.0
 11
273.805843
 21
-159.696607
 31
0.0
  0
LINE
  5
61
330
1F
100
AcDbEntity
  8
Edge.Cuts
100
AcDbLine
 10
273.805843
 20
-159.696607
 30
0.0
 11
274.0634830000001
 21
-159.82068
 31
0.0
  0
LINE
  5
62
330
1F
100
AcDbEntity
  8
Edge.Cuts
100
AcDbLine
 10
274.0634830000001
 20
-159.82068
 30
0.0
 11
274.305612
 21
-159.97282
 31
0.0
  0
LINE
  5
63
330
1F
100
AcDbEntity
  8
Edge.Cuts
100
AcDbLine
 10
274.305612
 20
-159.97282
 30
0.0
 11
274.529184
 21
-160.151112
 31
0.0
  0
LINE
  5
64
330
1F
100
AcDbEntity
  8
Edge.Cuts
100
AcDbLine
 10
274.529184
 20
-160.151112
 30
0.0
 11
274.731388
 21
-160.353316
 31
0.0
  0
LINE
  5
65
330
1F
100
AcDbEntity
  8
Edge.Cuts
100
AcDbLine
 10
274.731388
 20
-160.353316
 30
0.0
 11
274.90968
 21
-160.576888
 31
0.0
  0
LINE
  5
66
330
1F
100
AcDbEntity
  8
Edge.Cuts
100
AcDbLine
 10
274.90968
 20
-160.576888
 30
0.0
 11
275.06182
 21
-160.819017
 31
0.0
  0
LINE
  5
67
330
1F
100
AcDbEntity
  8
Edge.Cuts
100
AcDbLine
 10
275.06182
 20
-160.819017
 30
0.0
 11
275.185893
 21
-161.076657
 31
0.0
  0
LINE
  5
68
330
1F
100
AcDbEntity
  8
Edge.Cuts
100
AcDbLine
 10
275.185893
 20
-161.076657
 30
0.0
 11
275.280339
 21
-161.346569
 31
0.0
  0
LINE
  5
69
330
1F
100
AcDbEntity
  8
Edge.Cuts
100
AcDbLine
 10
275.280339
 20
-161.346569
 30
0.0
 11
275.343971
 21
-161.625359
 31
0.0
  0
LINE
  5
6A
330
1F
100
AcDbEntity
  8
Edge.Cuts
100
AcDbLine
 10
275.343971
 20
-161.625359
 30
0.0
 11
275.3759879999999
 21
-161.90952
 31
0.0
  0
LINE
  5
6B
330
1F
100
AcDbEntity
  8
Edge.Cuts
100
AcDbLine
 10
275.3759879999999
 20
-161.90952
 30
0.0
 11
275.3759879999999
 21
-162.19548
 31
0.0
  0
LINE
  5
6C
330
1F
100
AcDbEntity
  8
Edge.Cuts
100
AcDbLine
 10
275.3759879999999
 20
-162.19548
 30
0.0
 11
275.343971
 21
-162.479641
 31
0.0
  0
LINE
  5
6D
330
1F
100
AcDbEntity
  8
Edge.Cuts
100
AcDbLine
 10
275.343971
 20
-162.479641
 30
0.0
 11
275.280339
 21
-162.758431
 31
0.0
  0
LINE
  5
6E
330
1F
100
AcDbEntity
  8
Edge.Cuts
100
AcDbLine
 10
275.280339
 20
-162.758431
 30
0.0
 11
275.185893
 21
-163.028343
 31
0.0
  0
LINE
  5
6F
330
1F
100
AcDbEntity
  8
Edge.Cuts
100
AcDbLine
 10
275.185893
 20
-163.028343
 30
0.0
 11
275.06182
 21
-163.285983
 31
0.0
  0
LINE
  5
70
330
1F
100
AcDbEntity
  8
Edge.Cuts
100
AcDbLine
 10
275.06182
 20
-163.285983
 30
0.0
 11
274.90968
 21
-163.528112
 31
0.0
  0
LINE
  5
71
330
1F
100
AcDbEntity
  8
Edge.Cuts
100
AcDbLine
 10
274.90968
 20
-163.528112
 30
0.0
 11
274.731388
 21
-163.751684
 31
0.0
  0
LINE
  5
72
330
1F
100
AcDbEntity
  8
Edge.Cuts
100
AcDbLine
 10
274.731388
 20
-163.751684
 30
0.0
 11
274.529184
 21
-163.953888
 31
0.0
  0
LINE
  5
73
330
1F
100
AcDbEntity
  8
Edge.Cuts
100
AcDbLine
 10
274.529184
 20
-163.953888
 30
0.0
 11
274.305612
 21
-164.13218
 31
0.0
  0
LINE
  5
74
330
1F
100
AcDbEntity
  8
Edge.Cuts
100
AcDbLine
 10
274.305612
 20
-164.13218
 30
0.0
 11
274.0634830000001
 21
-164.28432
 31
0.0
  0
LINE
  5
75
330
1F
100
AcDbEntity
  8
Edge.Cuts
100
AcDbLine
 10
274.0634830000001
 20
-164.28432
 30
0.0
 11
273.805843
 21
-164.408393
 31
0.0
  0
LINE
  5
76
330
1F
100
AcDbEntity
  8
Edge.Cuts
100
AcDbLine
 10
273.805843
 20
-164.408393
 30
0.0
 11
273.535931
 21
-164.502839
 31
0.0
  0
LINE
  5
77
330
1F
100
AcDbEntity
  8
Edge.Cuts
100
AcDbLine
 10
273.535931
 20
-164.502839
 30
0.0
 11
273.257141
 21
-164.566471
 31
0.0
  0
LINE
  5
78
330
1F
100
AcDbEntity
  8
Edge.Cuts
100
AcDbLine
 10
273.257141
 20
-164.566471
 30
0.0
 11
272.9729799999999
 21
-164.598488
 31
0.0
  0
LINE
  5
79
330
1F
100
AcDbEntity
  8
Edge.Cuts
100
AcDbLine
 10
272.9729799999999
 20
-164.598488
 30
0.0
 11
272.68702
 21
-164.598488
 31
0.0
  0
LINE
  5
7A
330
1F
100
AcDbEntity
  8
Edge.Cuts
100
AcDbLine
 10
272.68702
 20
-164.598488
 30
0.0
 11
272.402859
 21
-164.566471
 31
0.0
  0
LINE
  5
7B
330
1F
100
AcDbEntity
  8
Edge.Cuts
100
AcDbLine
 10
272.402859
 20
-164.566471
 30
0.0
 11
272.124069
 21
-164.502839
 31
0.0
  0
LINE
  5
7C
330
1F
100
AcDbEntity
  8
Edge.Cuts
100
AcDbLine
 10
272.124069
 20
-164.502839
 30
0.0
 11
271.854157
 21
-164.408393
 31
0.0
  0
LINE
  5
7D
330
1F
100
AcDbEntity
  8
Edge.Cuts
100
AcDbLine
 10
271.854157
 20
-164.408393
 30
0.0
 11
271.5965170000001
 21
-164.28432
 31
0.0
  0
LINE
  5
7E
330
1F
100
AcDbEntity
  8
Edge.Cuts
100
AcDbLine
 10
271.5965170000001
 20
-164.28432
 30
0.0
 11
271.354388
 21
-164.13218
 31
0.0
  0
LINE
  5
7F
330
1F
100
AcDbEntity
  8
Edge.Cuts
100
AcDbLine
 10
271.354388
 20
-164.13218
 30
0.0
 11
271.130816
 21
-163.953888
 31
0.0
  0
LINE
  5
80
330
1F
100
AcDbEntity
  8
Edge.Cuts
100
AcDbLine
 10
271.130816
 20
-163.953888
 30
0.0
 11
270.9286119999999
 21
-163.751684
 31
0.0
  0
LINE
  5
81
330
1F
100
AcDbEntity
  8
Edge.Cuts
100
AcDbLine
 10
270.9286119999999
 20
-163.751684
 30
0.0
 11
270.75032
 21
-163.528112
 31
0.0
  0
LINE
  5
82
330
1F
100
AcDbEntity
  8
Edge.Cuts
100
AcDbLine
 10
270.75032
 20
-163.528112
 30
0.0
 11
270.59818
 21
-163.285983
 31
0.0
  0
LINE
  5
83
330
1F
100
AcDbEntity
  8
Edge.Cuts
100
AcDbLine
 10
270.59818
 20
-163.285983
 30
0.0
 11
270.474107
 21
-163.028343
 31
0.0
  0
LINE
  5
84
330
1F
100
AcDbEntity
  8
Edge.Cuts
100
AcDbLine
 10
270.474107
 20
-163.028343
 30
0.0
 11
270.379661
 21
-162.758431
 31
0.0
  0
LINE
  5
85
330
1F
100
AcDbEntity
  8
Edge.Cuts
100
AcDbLine
 10
270.379661
 20
-162.758431
 30
0.0
 11
270.316029
 21
-162.479641
 31
0.0
  0
LINE
  5
86
330
1F
100
AcDbEntity
  8
Edge.Cuts
100
AcDbLine
 10
270.316029
 20
-162.479641
 30
0.0
 11
270.284012
 21
-162.19548
 31
0.0
  0
LINE
  5
87
330
1F
100
AcDbEntity
  8
Edge.Cuts
100
AcDbLine
 10
270.284012
 20
-162.19548
 30
0.0
 11
270.284012
 21
-161.914911
 31
0.0
  0
LINE
  5
88
330
1F
100
AcDbEntity
  8
Edge.Cuts
100
AcDbLine
 10
270.284012
 20
-161.914911
 30
0.0
 11
270.284012
 21
-161.90952
 31
0.0
  0
LINE
  5
89
330
1F
100
AcDbEntity
  8
Edge.Cuts
100
AcDbLine
 10
270.284012
 20
-161.90952
 30
0.0
 11
270.316029
 21
-161.625359
 31
0.0
  0
LINE
  5
8A
330
1F
100
AcDbEntity
  8
Edge.Cuts
100
AcDbLine
 10
270.316029
 20
-161.625359
 30
0.0
 11
270.379661
 21
-161.346569
 31
0.0
  0
LINE
  5
8B
330
1F
100
AcDbEntity
  8
Edge.Cuts
100
AcDbLine
 10
270.379661
 20
-161.346569
 30
0.0
 11
270.474107
 21
-161.076657
 31
0.0
  0
LINE
  5
8C
330
1F
100
AcDbEntity
  8
Edge.Cuts
100
AcDbLine
 10
270.474107
 20
-161.076657
 30
0.0
 11
270.59818
 21
-160.819017
 31
0.0
  0
LINE
  5
8D
330
1F
100
AcDbEntity
  8
Edge.Cuts
100
AcDbLine
 10
270.59818
 20
-160.819017
 30
0.0
 11
270.75032
 21
-160.576888
 31
0.0
  0
LINE
  5
8E
330
1F
100
AcDbEntity
  8
Edge.Cuts
100
AcDbLine
 10
270.75032
 20
-160.576888
 30
0.0
 11
270.9286119999999
 21
-160.353316
 31
0.0
  0
LINE
  5
8F
330
1F
100
AcDbEntity
  8
Edge.Cuts
100
AcDbLine
 10
270.9286119999999
 20
-160.353316
 30
0.0
 11
271.130816
 21
-160.151112
 31
0.0
  0
LINE
  5
90
330
1F
100
AcDbEntity
  8
Edge.Cuts
100
AcDbLine
 10
271.130816
 20
-160.151112
 30
0.0
 11
271.354388
 21
-159.97282
 31
0.0
  0
LINE
  5
91
330
1F
100
AcDbEntity
  8
Edge.Cuts
100
AcDbLine
 10
271.354388
 20
-159.97282
 30
0.0
 11
271.5965170000001
 21
-159.82068
 31
0.0
  0
LINE
  5
92
330
1F
100
AcDbEntity
  8
Edge.Cuts
100
AcDbLine
 10
271.5965170000001
 20
-159.82068
 30
0.0
 11
271.854157
 21
-159.696607
 31
0.0
  0
LINE
  5
93
330
1F
100
AcDbEntity
  8
Edge.Cuts
100
AcDbLine
 10
271.854157
 20
-159.696607
 30
0.0
 11
272.124069
 21
-159.602161
 31
0.0
  0
LINE
  5
94
330
1F
100
AcDbEntity
  8
Edge.Cuts
100
AcDbLine
 10
272.124069
 20
-159.602161
 30
0.0
 11
272.402859
 21
-159.538529
 31
0.0
  0
LINE
  5
95
330
1F
100
AcDbEntity
  8
Edge.Cuts
100
AcDbLine
 10
272.402859
 20
-159.538529
 30
0.0
 11
272.68702
 21
-159.506512
 31
0.0
  0
LINE
  5
96
330
1F
100
AcDbEntity
  8
Edge.Cuts
100
AcDbLine
 10
272.68702
 20
-159.506512
 30
0.0
 11
272.9729799999999
 21
-159.506512
 31
0.0
  0
LINE
  5
97
330
1F
100
AcDbEntity
  8
Edge.Cuts
100
AcDbLine
 10
272.9729799999999
 20
-159.506512
 30
0.0
 11
273.257141
 21
-159.538529
 31
0.0
  0
LINE
  5
98
330
1F
100
AcDbEntity
  8
Edge.Cuts
100
AcDbLine
 10
349.607141
 20
-136.688529
 30
0.0
 11
349.885931
 21
-136.752161
 31
0.0
  0
LINE
  5
99
330
1F
100
AcDbEntity
  8
Edge.Cuts
100
AcDbLine
 10
349.885931
 20
-136.752161
 30
0.0
 11
350.1558429999999
 21
-136.846607
 31
0.0
  0
LINE
  5
9A
330
1F
100
AcDbEntity
  8
Edge.Cuts
100
AcDbLine
 10
350.1558429999999
 20
-136.846607
 30
0.0
 11
350.413483
 21
-136.97068
 31
0.0
  0
LINE
  5
9B
330
1F
100
AcDbEntity
  8
Edge.Cuts
100
AcDbLine
 10
350.413483
 20
-136.97068
 30
0.0
 11
350.655612
 21
-137.12282
 31
0.0
  0
LINE
  5
9C
330
1F
100
AcDbEntity
  8
Edge.Cuts
100
AcDbLine
 10
350.655612
 20
-137.12282
 30
0.0
 11
350.879184
 21
-137.301112
 31
0.0
  0
LINE
  5
9D
330
1F
100
AcDbEntity
  8
Edge.Cuts
100
AcDbLine
 10
350.879184
 20
-137.301112
 30
0.0
 11
351.081388
 21
-137.503316
 31
0.0
  0
LINE
  5
9E
330
1F
100
AcDbEntity
  8
Edge.Cuts
100
AcDbLine
 10
351.081388
 20
-137.503316
 30
0.0
 11
351.2596799999999
 21
-137.726888
 31
0.0
  0
LINE
  5
9F
330
1F
100
AcDbEntity
  8
Edge.Cuts
100
AcDbLine
 10
351.2596799999999
 20
-137.726888
 30
0.0
 11
351.41182
 21
-137.969017
 31
0.0
  0
LINE
  5
A0
330
1F
100
AcDbEntity
  8
Edge.Cuts
100
AcDbLine
 10
351.41182
 20
-137.969017
 30
0.0
 11
351.535893
 21
-138.226657
 31
0.0
  0
LINE
  5
A1
330
1F
100
AcDbEntity
  8
Edge.Cuts
100
AcDbLine
 10
351.535893
 20
-138.226657
 30
0.0
 11
351.630339
 21
-138.496569
 31
0.0
  0
LINE
  5
A2
330
1F
100
AcDbEntity
  8
Edge.Cuts
100
AcDbLine
 10
351.630339
 20
-138.496569
 30
0.0
 11
351.693971
 21
-138.775359
 31
0.0
  0
LINE
  5
A3
330
1F
100
AcDbEntity
  8
Edge.Cuts
100
AcDbLine
 10
351.693971
 20
-138.775359
 30
0.0
 11
351.725988
 21
-139.05952
 31
0.0
  0
LINE
  5
A4
330
1F
100
AcDbEntity
  8
Edge.Cuts
100
AcDbLine
 10
351.725988
 20
-139.05952
 30
0.0
 11
351.725988
 21
-139.34548
 31
0.0
  0
LINE
  5
A5
330
1F
100
AcDbEntity
  8
Edge.Cuts
100
AcDbLine
 10
351.725988
 20
-139.34548
 30
0.0
 11
351.693971
 21
-139.629641
 31
0.0
  0
LINE
  5
A6
330
1F
100
AcDbEntity
  8
Edge.Cuts
100
AcDbLine
 10
351.693971
 20
-139.629641
 30
0.0
 11
351.630339
 21
-139.908431
 31
0.0
  0
LINE
  5
A7
330
1F
100
AcDbEntity
  8
Edge.Cuts
100
AcDbLine
 10
351.630339
 20
-139.908431
 30
0.0
 11
351.535893
 21
-140.178343
 31
0.0
  0
LINE
  5
A8
330
1F
100
AcDbEntity
  8
Edge.Cuts
100
AcDbLine
 10
351.535893
 20
-140.178343
 30
0.0
 11
351.41182
 21
-140.435983
 31
0.0
  0
LINE
  5
A9
330
1F
100
AcDbEntity
  8
Edge.Cuts
100
AcDbLine
 10
351.41182
 20
-140.435983
 30
0.0
 11
351.2596799999999
 21
-140.678112
 31
0.0
  0
LINE
  5
AA
330
1F
100
AcDbEntity
  8
Edge.Cuts
100
AcDbLine
 10
351.2596799999999
 20
-140.678112
 30
0.0
 11
351.081388
 21
-140.901684
 31
0.0
  0
LINE
  5
AB
330
1F
100
AcDbEntity
  8
Edge.Cuts
100
AcDbLine
 10
351.081388
 20
-140.901684
 30
0.0
 11
350.879184
 21
-141.103888
 31
0.0
  0
LINE
  5
AC
330
1F
100
AcDbEntity
  8
Edge.Cuts
100
AcDbLine
 10
350.879184
 20
-141.103888
 30
0.0
 11
350.655612
 21
-141.28218
 31
0.0
  0
LINE
  5
AD
330
1F
100
AcDbEntity
  8
Edge.Cuts
100
AcDbLine
 10
350.655612
 20
-141.28218
 30
0.0
 11
350.413483
 21
-141.43432
 31
0.0
  0
LINE
  5
AE
330
1F
100
AcDbEntity
  8
Edge.Cuts
100
AcDbLine
 10
350.413483
 20
-141.43432
 30
0.0
 11
350.1558429999999
 21
-141.558393
 31
0.0
  0
LINE
  5
AF
330
1F
100
AcDbEntity
  8
Edge.Cuts
100
AcDbLine
 10
350.1558429999999
 20
-141.558393
 30
0.0
 11
349.885931
 21
-141.652839
 31
0.0
  0
LINE
  5
B0
330
1F
100
AcDbEntity
  8
Edge.Cuts
100
AcDbLine
 10
349.885931
 20
-141.652839
 30
0.0
 11
349.607141
 21
-141.716471
 31
0.0
  0
LINE
  5
B1
330
1F
100
AcDbEntity
  8
Edge.Cuts
100
AcDbLine
 10
349.607141
 20
-141.716471
 30
0.0
 11
349.32298
 21
-141.748488
 31
0.0
  0
LINE
  5
B2
330
1F
100
AcDbEntity
  8
Edge.Cuts
100
AcDbLine
 10
349.32298
 20
-141.748488
 30
0.0
 11
349.03702
 21
-141.748488
 31
0.0
  0
LINE
  5
B3
330
1F
100
AcDbEntity
  8
Edge.Cuts
100
AcDbLine
 10
349.03702
 20
-141.748488
 30
0.0
 11
348.7528589999999
 21
-141.716471
 31
0.0
  0
LINE
  5
B4
330
1F
100
AcDbEntity
  8
Edge.Cuts
100
AcDbLine
 10
348.7528589999999
 20
-141.716471
 30
0.0
 11
348.474069
 21
-141.652839
 31
0.0
  0
LINE
  5
B5
330
1F
100
AcDbEntity
  8
Edge.Cuts
100
AcDbLine
 10
348.474069
 20
-141.652839
 30
0.0
 11
348.204157
 21
-141.558393
 31
0.0
  0
LINE
  5
B6
330
1F
100
AcDbEntity
  8
Edge.Cuts
100
AcDbLine
 10
348.204157
 20
-141.558393
 30
0.0
 11
347.946517
 21
-141.43432
 31
0.0
  0
LINE
  5
B7
330
1F
100
AcDbEntity
  8
Edge.Cuts
100
AcDbLine
 10
347.946517
 20
-141.43432
 30
0.0
 11
347.704388
 21
-141.28218
 31
0.0
  0
LINE
  5
B8
330
1F
100
AcDbEntity
  8
Edge.Cuts
100
AcDbLine
 10
347.704388
 20
-141.28218
 30
0.0
 11
347.480816
 21
-141.103888
 31
0.0
  0
LINE
  5
B9
330
1F
100
AcDbEntity
  8
Edge.Cuts
100
AcDbLine
 10
347.480816
 20
-141.103888
 30
0.0
 11
347.2786120000001
 21
-140.901684
 31
0.0
  0
LINE
  5
BA
330
1F
100
AcDbEntity
  8
Edge.Cuts
100
AcDbLine
 10
347.2786120000001
 20
-140.901684
 30
0.0
 11
347.10032
 21
-140.678112
 31
0.0
  0
LINE
  5
BB
330
1F
100
AcDbEntity
  8
Edge.Cuts
100
AcDbLine
 10
347.10032
 20
-140.678112
 30
0.0
 11
346.94818
 21
-140.435983
 31
0.0
  0
LINE
  5
BC
330
1F
100
AcDbEntity
  8
Edge.Cuts
100
AcDbLine
 10
346.94818
 20
-140.435983
 30
0.0
 11
346.824107
 21
-140.178343
 31
0.0
  0
LINE
  5
BD
330
1F
100
AcDbEntity
  8
Edge.Cuts
100
AcDbLine
 10
346.824107
 20
-140.178343
 30
0.0
 11
346.729661
 21
-139.908431
 31
0.0
  0
LINE
  5
BE
330
1F
100
AcDbEntity
  8
Edge.Cuts
100
AcDbLine
 10
346.729661
 20
-139.908431
 30
0.0
 11
346.666029
 21
-139.629641
 31
0.0
  0
LINE
  5
BF
330
1F
100
AcDbEntity
  8
Edge.Cuts
100
AcDbLine
 10
346.666029
 20
-139.629641
 30
0.0
 11
346.634012
 21
-139.34548
 31
0.0
  0
LINE
  5
C0
330
1F
100
AcDbEntity
  8
Edge.Cuts
100
AcDbLine
 10
346.634012
 20
-139.34548
 30
0.0
 11
346.634012
 21
-139.064911
 31
0.0
  0
LINE
  5
C1
330
1F
100
AcDbEntity
  8
Edge.Cuts
100
AcDbLine
 10
346.634012
 20
-139.064911
 30
0.0
 11
346.634012
 21
-139.05952
 31
0.0
  0
LINE
  5
C2
330
1F
100
AcDbEntity
  8
Edge.Cuts
100
AcDbLine
 10
346.634012
 20
-139.05952
 30
0.0
 11
346.666029
 21
-138.775359
 31
0.0
  0
LINE
  5
C3
330
1F
100
AcDbEntity
  8
Edge.Cuts
100
AcDbLine
 10
346.666029
 20
-138.775359
 30
0.0
 11
346.729661
 21
-138.496569
 31
0.0
  0
LINE
  5
C4
330
1F
100
AcDbEntity
  8
Edge.Cuts
100
AcDbLine
 10
346.729661
 20
-138.496569
 30
0.0
 11
346.824107
 21
-138.226657
 31
0.0
  0
LINE
  5
C5
330
1F
100
AcDbEntity
  8
Edge.Cuts
100
AcDbLine
 10
346.824107
 20
-138.226657
 30
0.0
 11
346.94818
 21
-137.969017
 31
0.0
  0
LINE
  5
C6
330
1F
100
AcDbEntity
  8
Edge.Cuts
100
AcDbLine
 10
346.94818
 20
-137.969017
 30
0.0
 11
347.10032
 21
-137.726888
 31
0.0
  0
LINE
  5
C7
330
1F
100
AcDbEntity
  8
Edge.Cuts
100
AcDbLine
 10
347.10032
 20
-137.726888
 30
0.0
 11
347.2786120000001
 21
-137.503316
 31
0.0
  0
LINE
  5
C8
330
1F
100
AcDbEntity
  8
Edge.Cuts
100
AcDbLine
 10
347.2786120000001
 20
-137.503316
 30
0.0
 11
347.480816
 21
-137.301112
 31
0.0
  0
LINE
  5
C9
330
1F
100
AcDbEntity
  8
Edge.Cuts
100
AcDbLine
 10
347.480816
 20
-137.301112
 30
0.0
 11
347.704388
 21
-137.12282
 31
0.0
  0
LINE
  5
CA
330
1F
100
AcDbEntity
  8
Edge.Cuts
100
AcDbLine
 10
347.704388
 20
-137.12282
 30
0.0
 11
347.946517
 21
-136.97068
 31
0.0
  0
LINE
  5
CB
330
1F
100
AcDbEntity
  8
Edge.Cuts
100
AcDbLine
 10
347.946517
 20
-136.97068
 30
0.0
 11
348.204157
 21
-136.846607
 31
0.0
  0
LINE
  5
CC
330
1F
100
AcDbEntity
  8
Edge.Cuts
100
AcDbLine
 10
348.204157
 20
-136.846607
 30
0.0
 11
348.474069
 21
-136.752161
 31
0.0
  0
LINE
  5
CD
330
1F
100
AcDbEntity
  8
Edge.Cuts
100
AcDbLine
 10
348.474069
 20
-136.752161
 30
0.0
 11
348.7528589999999
 21
-136.688529
 31
0.0
  0
LINE
  5
CE
330
1F
100
AcDbEntity
  8
Edge.Cuts
100
AcDbLine
 10
348.7528589999999
 20
-136.688529
 30
0.0
 11
349.03702
 21
-136.656512
 31
0.0
  0
LINE
  5
CF
330
1F
100
AcDbEntity
  8
Edge.Cuts
100
AcDbLine
 10
349.03702
 20
-136.656512
 30
0.0
 11
349.32298
 21
-136.656512
 31
0.0
  0
LINE
  5
D0
330
1F
100
AcDbEntity
  8
Edge.Cuts
100
AcDbLine
 10
349.32298
 20
-136.656512
 30
0.0
 11
349.607141
 21
-136.688529
 31
0.0
  0
LINE
  5
D1
330
1F
100
AcDbEntity
  8
Edge.Cuts
100
AcDbLine
 10
349.607141
 20
-117.438529
 30
0.0
 11
349.885931
 21
-117.502161
 31
0.0
  0
LINE
  5
D2
330
1F
100
AcDbEntity
  8
Edge.Cuts
100
AcDbLine
 10
349.885931
 20
-117.502161
 30
0.0
 11
350.1558429999999
 21
-117.596607
 31
0.0
  0
LINE
  5
D3
330
1F
100
AcDbEntity
  8
Edge.Cuts
100
AcDbLine
 10
350.1558429999999
 20
-117.596607
 30
0.0
 11
350.413483
 21
-117.72068
 31
0.0
  0
LINE
  5
D4
330
1F
100
AcDbEntity
  8
Edge.Cuts
100
AcDbLine
 10
350.413483
 20
-117.72068
 30
0.0
 11
350.655612
 21
-117.87282
 31
0.0
  0
LINE
  5
D5
330
1F
100
AcDbEntity
  8
Edge.Cuts
100
AcDbLine
 10
350.655612
 20
-117.87282
 30
0.0
 11
350.879184
 21
-118.051112
 31
0.0
  0
LINE
  5
D6
330
1F
100
AcDbEntity
  8
Edge.Cuts
100
AcDbLine
 10
350.879184
 20
-118.051112
 30
0.0
 11
351.081388
 21
-118.253316
 31
0.0
  0
LINE
  5
D7
330
1F
100
AcDbEntity
  8
Edge.Cuts
100
AcDbLine
 10
351.081388
 20
-118.253316
 30
0.0
 11
351.2596799999999
 21
-118.476888
 31
0.0
  0
LINE
  5
D8
330
1F
100
AcDbEntity
  8
Edge.Cuts
100
AcDbLine
 10
351.2596799999999
 20
-118.476888
 30
0.0
 11
351.41182
 21
-118.719017
 31
0.0
  0
LINE
  5
D9
330
1F
100
AcDbEntity
  8
Edge.Cuts
100
AcDbLine
 10
351.41182
 20
-118.719017
 30
0.0
 11
351.535893
 21
-118.976657
 31
0.0
  0
LINE
  5
DA
330
1F
100
AcDbEntity
  8
Edge.Cuts
100
AcDbLine
 10
351.535893
 20
-118.976657
 30
0.0
 11
351.630339
 21
-119.246569
 31
0.0
  0
LINE
  5
DB
330
1F
100
AcDbEntity
  8
Edge.Cuts
100
AcDbLine
 10
351.630339
 20
-119.246569
 30
0.0
 11
351.693971
 21
-119.525359
 31
0.0
  0
LINE
  5
DC
330
1F
100
AcDbEntity
  8
Edge.Cuts
100
AcDbLine
 10
351.693971
 20
-119.525359
 30
0.0
 11
351.725988
 21
-119.80952
 31
0.0
  0
LINE
  5
DD
330
1F
100
AcDbEntity
  8
Edge.Cuts
100
AcDbLine
 10
351.725988
 20
-119.80952
 30
0.0
 11
351.725988
 21
-120.09548
 31
0.0
  0
LINE
  5
DE
330
1F
100
AcDbEntity
  8
Edge.Cuts
100
AcDbLine
 10
351.725988
 20
-120.09548
 30
0.0
 11
351.693971
 21
-120.379641
 31
0.0
  0
LINE
  5
DF
330
1F
100
AcDbEntity
  8
Edge.Cuts
100
AcDbLine
 10
351.693971
 20
-120.379641
 30
0.0
 11
351.630339
 21
-120.658431
 31
0.0
  0
LINE
  5
E0
330
1F
100
AcDbEntity
  8
Edge.Cuts
100
AcDbLine
 10
351.630339
 20
-120.658431
 30
0.0
 11
351.535893
 21
-120.928343
 31
0.0
  0
LINE
  5
E1
330
1F
100
AcDbEntity
  8
Edge.Cuts
100
AcDbLine
 10
351.535893
 20
-120.928343
 30
0.0
 11
351.41182
 21
-121.185983
 31
0.0
  0
LINE
  5
E2
330
1F
100
AcDbEntity
  8
Edge.Cuts
100
AcDbLine
 10
351.41182
 20
-121.185983
 30
0.0
 11
351.2596799999999
 21
-121.428112
 31
0.0
  0
LINE
  5
E3
330
1F
100
AcDbEntity
  8
Edge.Cuts
100
AcDbLine
 10
351.2596799999999
 20
-121.428112
 30
0.0
 11
351.081388
 21
-121.651684
 31
0.0
  0
LINE
  5
E4
330
1F
100
AcDbEntity
  8
Edge.Cuts
100
AcDbLine
 10
351.081388
 20
-121.651684
 30
0.0
 11
350.879184
 21
-121.853888
 31
0.0
  0
LINE
  5
E5
330
1F
100
AcDbEntity
  8
Edge.Cuts
100
AcDbLine
 10
350.879184
 20
-121.853888
 30
0.0
 11
350.655612
 21
-122.03218
 31
0.0
  0
LINE
  5
E6
330
1F
100
AcDbEntity
  8
Edge.Cuts
100
AcDbLine
 10
350.655612
 20
-122.03218
 30
0.0
 11
350.413483
 21
-122.18432
 31
0.0
  0
LINE
  5
E7
330
1F
100
AcDbEntity
  8
Edge.Cuts
100
AcDbLine
 10
350.413483
 20
-122.18432
 30
0.0
 11
350.1558429999999
 21
-122.308393
 31
0.0
  0
LINE
  5
E8
330
1F
100
AcDbEntity
  8
Edge.Cuts
100
AcDbLine
 10
350.1558429999999
 20
-122.308393
 30
0.0
 11
349.885931
 21
-122.402839
 31
0.0
  0
LINE
  5
E9
330
1F
100
AcDbEntity
  8
Edge.Cuts
100
AcDbLine
 10
349.885931
 20
-122.402839
 30
0.0
 11
349.607141
 21
-122.466471
 31
0.0
  0
LINE
  5
EA
330
1F
100
AcDbEntity
  8
Edge.Cuts
100
AcDbLine
 10
349.607141
 20
-122.466471
 30
0.0
 11
349.32298
 21
-122.498488
 31
0.0
  0
LINE
  5
EB
330
1F
100
AcDbEntity
  8
Edge.Cuts
100
AcDbLine
 10
349.32298
 20
-122.498488
 30
0.0
 11
349.03702
 21
-122.498488
 31
0.0
  0
LINE
  5
EC
330
1F
100
AcDbEntity
  8
Edge.Cuts
100
AcDbLine
 10
349.03702
 20
-122.498488
 30
0.0
 11
348.7528589999999
 21
-122.466471
 31
0.0
  0
LINE
  5
ED
330
1F
100
AcDbEntity
  8
Edge.Cuts
100
AcDbLine
 10
348.7528589999999
 20
-122.466471
 30
0.0
 11
348.474069
 21
-122.402839
 31
0.0
  0
LINE
  5
EE
330
1F
100
AcDbEntity
  8
Edge.Cuts
100
AcDbLine
 10
348.474069
 20
-122.402839
 30
0.0
 11
348.204157
 21
-122.308393
 31
0.0
  0
LINE
  5
EF
330
1F
100
AcDbEntity
  8
Edge.Cuts
100
AcDbLine
 10
348.204157
 20
-122.308393
 30
0.0
 11
347.946517
 21
-122.18432
 31
0.0
  0
LINE
  5
F0
330
1F
100
AcDbEntity
  8
Edge.Cuts
100
AcDbLine
 10
347.946517
 20
-122.18432
 30
0.0
 11
347.704388
 21
-122.03218
 31
0.0
  0
LINE
  5
F1
330
1F
100
AcDbEntity
  8
Edge.Cuts
100
AcDbLine
 10
347.704388
 20
-122.03218
 30
0.0
 11
347.480816
 21
-121.853888
 31
0.0
  0
LINE
  5
F2
330
1F
100
AcDbEntity
  8
Edge.Cuts
100
AcDbLine
 10
347.480816
 20
-121.853888
 30
0.0
 11
347.2786120000001
 21
-121.651684
 31
0.0
  0
LINE
  5
F3
330
1F
100
AcDbEntity
  8
Edge.Cuts
100
AcDbLine
 10
347.2786120000001
 20
-121.651684
 30
0.0
 11
347.10032
 21
-121.428112
 31
0.0
  0
LINE
  5
F4
330
1F
100
AcDbEntity
  8
Edge.Cuts
100
AcDbLine
 10
347.10032
 20
-121.428112
 30
0.0
 11
346.94818
 21
-121.185983
 31
0.0
  0
LINE
  5
F5
330
1F
100
AcDbEntity
  8
Edge.Cuts
100
AcDbLine
 10
346.94818
 20
-121.185983
 30
0.0
 11
346.824107
 21
-120.928343
 31
0.0
  0
LINE
  5
F6
330
1F
100
AcDbEntity
  8
Edge.Cuts
100
AcDbLine
 10
346.824107
 20
-120.928343
 30
0.0
 11
346.729661
 21
-120.658431
 31
0.0
  0
LINE
  5
F7
330
1F
100
AcDbEntity
  8
Edge.Cuts
100
AcDbLine
 10
346.729661
 20
-120.658431
 30
0.0
 11
346.666029
 21
-120.379641
 31
0.0
  0
LINE
  5
F8
330
1F
100
AcDbEntity
  8
Edge.Cuts
100
AcDbLine
 10
346.666029
 20
-120.379641
 30
0.0
 11
346.634012
 21
-120.09548
 31
0.0
  0
LINE
  5
F9
330
1F
100
AcDbEntity
  8
Edge.Cuts
100
AcDbLine
 10
346.634012
 20
-120.09548
 30
0.0
 11
346.634012
 21
-119.814911
 31
0.0
  0
LINE
  5
FA
330
1F
100
AcDbEntity
  8
Edge.Cuts
100
AcDbLine
 10
346.634012
 20
-119.814911
 30
0.0
 11
346.634012
 21
-119.80952
 31
0.0
  0
LINE
  5
FB
330
1F
100
AcDbEntity
  8
Edge.Cuts
100
AcDbLine
 10
346.634012
 20
-119.80952
 30
0.0
 11
346.666029
 21
-119.525359
 31
0.0
  0
LINE
  5
FC
330
1F
100
AcDbEntity
  8
Edge.Cuts
100
AcDbLine
 10
346.666029
 20
-119.525359
 30
0.0
 11
346.729661
 21
-119.246569
 31
0.0
  0
LINE
  5
FD
330
1F
100
AcDbEntity
  8
Edge.Cuts
100
AcDbLine
 10
346.729661
 20
-119.246569
 30
0.0
 11
346.824107
 21
-118.976657
 31
0.0
  0
LINE
  5
FE
330
1F
100
AcDbEntity
  8
Edge.Cuts
100
AcDbLine
 10
346.824107
 20
-118.976657
 30
0.0
 11
346.94818
 21
-118.719017
 31
0.0
  0
LINE
  5
FF
330
1F
100
AcDbEntity
  8
Edge.Cuts
100
AcDbLine
 10
346.94818
 20
-118.719017
 30
0.0
 11
347.10032
 21
-118.476888
 31
0.0
  0
LINE
  5
100
330
1F
100
AcDbEntity
  8
Edge.Cuts
100
AcDbLine
 10
347.10032
 20
-118.476888
 30
0.0
 11
347.2786120000001
 21
-118.253316
 31
0.0
  0
LINE
  5
101
330
1F
100
AcDbEntity
  8
Edge.Cuts
100
AcDbLine
 10
347.2786120000001
 20
-118.253316
 30
0.0
 11
347.480816
 21
-118.051112
 31
0.0
  0
LINE
  5
102
330
1F
100
AcDbEntity
  8
Edge.Cuts
100
AcDbLine
 10
347.480816
 20
-118.051112
 30
0.0
 11
347.704388
 21
-117.87282
 31
0.0
  0
LINE
  5
103
330
1F
100
AcDbEntity
  8
Edge.Cuts
100
AcDbLine
 10
347.704388
 20
-117.87282
 30
0.0
 11
347.946517
 21
-117.72068
 31
0.0
  0
LINE
  5
104
330
1F
100
AcDbEntity
  8
Edge.Cuts
100
AcDbLine
 10
347.946517
 20
-117.72068
 30
0.0
 11
348.204157
 21
-117.596607
 31
0.0
  0
LINE
  5
105
330
1F
100
AcDbEntity
  8
Edge.Cuts
100
AcDbLine
 10
348.204157
 20
-117.596607
 30
0.0
 11
348.474069
 21
-117.502161
 31
0.0
  0
LINE
  5
106
330
1F
100
AcDbEntity
  8
Edge.Cuts
100
AcDbLine
 10
348.474069
 20
-117.502161
 30
0.0
 11
348.7528589999999
 21
-117.438529
 31
0.0
  0
LINE
  5
107
330
1F
100
AcDbEntity
  8
Edge.Cuts
100
AcDbLine
 10
348.7528589999999
 20
-117.438529
 30
0.0
 11
349.03702
 21
-117.406512
 31
0.0
  0
LINE
  5
108
330
1F
100
AcDbEntity
  8
Edge.Cuts
100
AcDbLine
 10
349.03702
 20
-117.406512
 30
0.0
 11
349.32298
 21
-117.406512
 31
0.0
  0
LINE
  5
109
330
1F
100
AcDbEntity
  8
Edge.Cuts
100
AcDbLine
 10
349.32298
 20
-117.406512
 30
0.0
 11
349.607141
 21
-117.438529
 31
0.0
  0
LINE
  5
10A
330
1F
100
AcDbEntity
  8
Edge.Cuts
100
AcDbLine
 10
292.907141
 20
-97.63852899999999
 30
0.0
 11
293.185931
 21
-97.70216099999999
 31
0.0
  0
LINE
  5
10B
330
1F
100
AcDbEntity
  8
Edge.Cuts
100
AcDbLine
 10
293.185931
 20
-97.70216099999999
 30
0.0
 11
293.4558430000001
 21
-97.796607
 31
0.0
  0
LINE
  5
10C
330
1F
100
AcDbEntity
  8
Edge.Cuts
100
AcDbLine
 10
293.4558430000001
 20
-97.796607
 30
0.0
 11
293.713483
 21
-97.92067999999999
 31
0.0
  0
LINE
  5
10D
330
1F
100
AcDbEntity
  8
Edge.Cuts
100
AcDbLine
 10
293.713483
 20
-97.92067999999999
 30
0.0
 11
293.955612
 21
-98.07282
 31
0.0
  0
LINE
  5
10E
330
1F
100
AcDbEntity
  8
Edge.Cuts
100
AcDbLine
 10
293.955612
 20
-98.07282
 30
0.0
 11
294.179184
 21
-98.25111199999999
 31
0.0
  0
LINE
  5
10F
330
1F
100
AcDbEntity
  8
Edge.Cuts
100
AcDbLine
 10
294.179184
 20
-98.25111199999999
 30
0.0
 11
294.381388
 21
-98.453316
 31
0.0
  0
LINE
  5
110
330
1F
100
AcDbEntity
  8
Edge.Cuts
100
AcDbLine
 10
294.381388
 20
-98.453316
 30
0.0
 11
294.5596800000001
 21
-98.67688799999999
 31
0.0
  0
LINE
  5
111
330
1F
100
AcDbEntity
  8
Edge.Cuts
100
AcDbLine
 10
294.5596800000001
 20
-98.67688799999999
 30
0.0
 11
294.7118199999999
 21
-98.91901699999998
 31
0.0
  0
LINE
  5
112
330
1F
100
AcDbEntity
  8
Edge.Cuts
100
AcDbLine
 10
294.7118199999999
 20
-98.91901699999998
 30
0.0
 11
294.835893
 21
-99.17665699999999
 31
0.0
  0
LINE
  5
113
330
1F
100
AcDbEntity
  8
Edge.Cuts
100
AcDbLine
 10
294.835893
 20
-99.17665699999999
 30
0.0
 11
294.930339
 21
-99.446569
 31
0.0
  0
LINE
  5
114
330
1F
100
AcDbEntity
  8
Edge.Cuts
100
AcDbLine
 10
294.930339
 20
-99.446569
 30
0.0
 11
294.993971
 21
-99.725359
 31
0.0
  0
LINE
  5
115
330
1F
100
AcDbEntity
  8
Edge.Cuts
100
AcDbLine
 10
294.993971
 20
-99.725359
 30
0.0
 11
295.025988
 21
-100.00952
 31
0.0
  0
LINE
  5
116
330
1F
100
AcDbEntity
  8
Edge.Cuts
100
AcDbLine
 10
295.025988
 20
-100.00952
 30
0.0
 11
295.025988
 21
-100.29548
 31
0.0
  0
LINE
  5
117
330
1F
100
AcDbEntity
  8
Edge.Cuts
100
AcDbLine
 10
295.025988
 20
-100.29548
 30
0.0
 11
294.993971
 21
-100.579641
 31
0.0
  0
LINE
  5
118
330
1F
100
AcDbEntity
  8
Edge.Cuts
100
AcDbLine
 10
294.993971
 20
-100.579641
 30
0.0
 11
294.930339
 21
-100.858431
 31
0.0
  0
LINE
  5
119
330
1F
100
AcDbEntity
  8
Edge.Cuts
100
AcDbLine
 10
294.930339
 20
-100.858431
 30
0.0
 11
294.835893
 21
-101.128343
 31
0.0
  0
LINE
  5
11A
330
1F
100
AcDbEntity
  8
Edge.Cuts
100
AcDbLine
 10
294.835893
 20
-101.128343
 30
0.0
 11
294.7118199999999
 21
-101.385983
 31
0.0
  0
LINE
  5
11B
330
1F
100
AcDbEntity
  8
Edge.Cuts
100
AcDbLine
 10
294.7118199999999
 20
-101.385983
 30
0.0
 11
294.5596800000001
 21
-101.628112
 31
0.0
  0
LINE
  5
11C
330
1F
100
AcDbEntity
  8
Edge.Cuts
100
AcDbLine
 10
294.5596800000001
 20
-101.628112
 30
0.0
 11
294.381388
 21
-101.851684
 31
0.0
  0
LINE
  5
11D
330
1F
100
AcDbEntity
  8
Edge.Cuts
100
AcDbLine
 10
294.381388
 20
-101.851684
 30
0.0
 11
294.179184
 21
-102.053888
 31
0.0
  0
LINE
  5
11E
330
1F
100
AcDbEntity
  8
Edge.Cuts
100
AcDbLine
 10
294.179184
 20
-102.053888
 30
0.0
 11
293.955612
 21
-102.23218
 31
0.0
  0
LINE
  5
11F
330
1F
100
AcDbEntity
  8
Edge.Cuts
100
AcDbLine
 10
293.955612
 20
-102.23218
 30
0.0
 11
293.713483
 21
-102.38432
 31
0.0
  0
LINE
  5
120
330
1F
100
AcDbEntity
  8
Edge.Cuts
100
AcDbLine
 10
293.713483
 20
-102.38432
 30
0.0
 11
293.4558430000001
 21
-102.508393
 31
0.0
  0
LINE
  5
121
330
1F
100
AcDbEntity
  8
Edge.Cuts
100
AcDbLine
 10
293.4558430000001
 20
-102.508393
 30
0.0
 11
293.185931
 21
-102.602839
 31
0.0
  0
LINE
  5
122
330
1F
100
AcDbEntity
  8
Edge.Cuts
100
AcDbLine
 10
293.185931
 20
-102.602839
 30
0.0
 11
292.907141
 21
-102.666471
 31
0.0
  0
LINE
  5
123
330
1F
100
AcDbEntity
  8
Edge.Cuts
100
AcDbLine
 10
292.907141
 20
-102.666471
 30
0.0
 11
292.62298
 21
-102.698488
 31
0.0
  0
LINE
  5
124
330
1F
100
AcDbEntity
  8
Edge.Cuts
100
AcDbLine
 10
292.62298
 20
-102.698488
 30
0.0
 11
292.33702
 21
-102.698488
 31
0.0
  0
LINE
  5
125
330
1F
100
AcDbEntity
  8
Edge.Cuts
100
AcDbLine
 10
292.33702
 20
-102.698488
 30
0.0
 11
292.052859
 21
-102.666471
 31
0.0
  0
LINE
  5
126
330
1F
100
AcDbEntity
  8
Edge.Cuts
100
AcDbLine
 10
292.052859
 20
-102.666471
 30
0.0
 11
291.774069
 21
-102.602839
 31
0.0
  0
LINE
  5
127
330
1F
100
AcDbEntity
  8
Edge.Cuts
100
AcDbLine
 10
291.774069
 20
-102.602839
 30
0.0
 11
291.504157
 21
-102.508393
 31
0.0
  0
LINE
  5
128
330
1F
100
AcDbEntity
  8
Edge.Cuts
100
AcDbLine
 10
291.504157
 20
-102.508393
 30
0.0
 11
291.246517
 21
-102.38432
 31
0.0
  0
LINE
  5
129
330
1F
100
AcDbEntity
  8
Edge.Cuts
100
AcDbLine
 10
291.246517
 20
-102.38432
 30
0.0
 11
291.004388
 21
-102.23218
 31
0.0
  0
LINE
  5
12A
330
1F
100
AcDbEntity
  8
Edge.Cuts
100
AcDbLine
 10
291.004388
 20
-102.23218
 30
0.0
 11
290.780816
 21
-102.053888
 31
0.0
  0
LINE
  5
12B
330
1F
100
AcDbEntity
  8
Edge.Cuts
100
AcDbLine
 10
290.780816
 20
-102.053888
 30
0.0
 11
290.578612
 21
-101.851684
 31
0.0
  0
LINE
  5
12C
330
1F
100
AcDbEntity
  8
Edge.Cuts
100
AcDbLine
 10
290.578612
 20
-101.851684
 30
0.0
 11
290.40032
 21
-101.628112
 31
0.0
  0
LINE
  5
12D
330
1F
100
AcDbEntity
  8
Edge.Cuts
100
AcDbLine
 10
290.40032
 20
-101.628112
 30
0.0
 11
290.24818
 21
-101.385983
 31
0.0
  0
LINE
  5
12E
330
1F
100
AcDbEntity
  8
Edge.Cuts
100
AcDbLine
 10
290.24818
 20
-101.385983
 30
0.0
 11
290.124107
 21
-101.128343
 31
0.0
  0
LINE
  5
12F
330
1F
100
AcDbEntity
  8
Edge.Cuts
100
AcDbLine
 10
290.124107
 20
-101.128343
 30
0.0
 11
290.029661
 21
-100.858431
 31
0.0
  0
LINE
  5
130
330
1F
100
AcDbEntity
  8
Edge.Cuts
100
AcDbLine
 10
290.029661
 20
-100.858431
 30
0.0
 11
289.966029
 21
-100.579641
 31
0.0
  0
LINE
  5
131
330
1F
100
AcDbEntity
  8
Edge.Cuts
100
AcDbLine
 10
289.966029
 20
-100.579641
 30
0.0
 11
289.9340119999999
 21
-100.29548
 31
0.0
  0
LINE
  5
132
330
1F
100
AcDbEntity
  8
Edge.Cuts
100
AcDbLine
 10
289.9340119999999
 20
-100.29548
 30
0.0
 11
289.9340119999999
 21
-100.014911
 31
0.0
  0
LINE
  5
133
330
1F
100
AcDbEntity
  8
Edge.Cuts
100
AcDbLine
 10
289.9340119999999
 20
-100.014911
 30
0.0
 11
289.9340119999999
 21
-100.00952
 31
0.0
  0
LINE
  5
134
330
1F
100
AcDbEntity
  8
Edge.Cuts
100
AcDbLine
 10
289.9340119999999
 20
-100.00952
 30
0.0
 11
289.966029
 21
-99.725359
 31
0.0
  0
LINE
  5
135
330
1F
100
AcDbEntity
  8
Edge.Cuts
100
AcDbLine
 10
289.966029
 20
-99.725359
 30
0.0
 11
290.029661
 21
-99.446569
 31
0.0
  0
LINE
  5
136
330
1F
100
AcDbEntity
  8
Edge.Cuts
100
AcDbLine
 10
290.029661
 20
-99.446569
 30
0.0
 11
290.124107
 21
-99.17665699999999
 31
0.0
  0
LINE
  5
137
330
1F
100
AcDbEntity
  8
Edge.Cuts
100
AcDbLine
 10
290.124107
 20
-99.17665699999999
 30
0.0
 11
290.24818
 21
-98.91901699999998
 31
0.0
  0
LINE
  5
138
330
1F
100
AcDbEntity
  8
Edge.Cuts
100
AcDbLine
 10
290.24818
 20
-98.91901699999998
 30
0.0
 11
290.40032
 21
-98.67688799999999
 31
0.0
  0
LINE
  5
139
330
1F
100
AcDbEntity
  8
Edge.Cuts
100
AcDbLine
 10
290.40032
 20
-98.67688799999999
 30
0.0
 11
290.578612
 21
-98.453316
 31
0.0
  0
LINE
  5
13A
330
1F
100
AcDbEntity
  8
Edge.Cuts
100
AcDbLine
 10
290.578612
 20
-98.453316
 30
0.0
 11
290.780816
 21
-98.25111199999999
 31
0.0
  0
LINE
  5
13B
330
1F
100
AcDbEntity
  8
Edge.Cuts
100
AcDbLine
 10
290.780816
 20
-98.25111199999999
 30
0.0
 11
291.004388
 21
-98.07282
 31
0.0
  0
LINE
  5
13C
330
1F
100
AcDbEntity
  8
Edge.Cuts
100
AcDbLine
 10
291.004388
 20
-98.07282
 30
0.0
 11
291.246517
 21
-97.92067999999999
 31
0.0
  0
LINE
  5
13D
330
1F
100
AcDbEntity
  8
Edge.Cuts
100
AcDbLine
 10
291.246517
 20
-97.92067999999999
 30
0.0
 11
291.504157
 21
-97.796607
 31
0.0
  0
LINE
  5
13E
330
1F
100
AcDbEntity
  8
Edge.Cuts
100
AcDbLine
 10
291.504157
 20
-97.796607
 30
0.0
 11
291.774069
 21
-97.70216099999999
 31
0.0
  0
LINE
  5
13F
330
1F
100
AcDbEntity
  8
Edge.Cuts
100
AcDbLine
 10
291.774069
 20
-97.70216099999999
 30
0.0
 11
292.052859
 21
-97.63852899999999
 31
0.0
  0
LINE
  5
140
330
1F
100
AcDbEntity
  8
Edge.Cuts
100
AcDbLine
 10
292.052859
 20
-97.63852899999999
 30
0.0
 11
292.33702
 21
-97.606512
 31
0.0
  0
LINE
  5
141
330
1F
100
AcDbEntity
  8
Edge.Cuts
100
AcDbLine
 10
292.33702
 20
-97.606512
 30
0.0
 11
292.62298
 21
-97.606512
 31
0.0
  0
LINE
  5
142
330
1F
100
AcDbEntity
  8
Edge.Cuts
100
AcDbLine
 10
292.62298
 20
-97.606512
 30
0.0
 11
292.907141
 21
-97.63852899999999
 31
0.0
  0
LINE
  5
143
330
1F
100
AcDbEntity
  8
Edge.Cuts
100
AcDbLine
 10
307.7938641663485
 20
-91.49508748614966
 30
0.0
 11
296.1248971663485
 21
-91.64094948614965
 31
0.0
  0
LINE
  5
144
330
1F
100
AcDbEntity
  8
Edge.Cuts
100
AcDbLine
 10
293.9279981663485
 20
-92.58256248614963
 30
0.0
 11
291.1449511663484
 21
-95.43294048614965
 31
0.0
  0
LINE
  5
145
330
1F
100
AcDbEntity
  8
Edge.Cuts
100
AcDbLine
 10
288.8016651663531
 20
-96.42000848614961
 30
0.0
 11
275.7638661663485
 21
-96.42000848614961
 31
0.0
  0
LINE
  5
146
330
1F
100
AcDbEntity
  8
Edge.Cuts
100
AcDbLine
 10
273.0823401663485
 20
-97.94031548614957
 30
0.0
 11
272.0955931663485
 21
-99.5892264861496
 31
0.0
  0
LINE
  5
147
330
1F
100
AcDbEntity
  8
Edge.Cuts
100
AcDbLine
 10
272.0955931663485
 20
-99.5892264861496
 30
0.0
 11
272.0955821663486
 21
-99.58924048614958
 31
0.0
  0
LINE
  5
148
330
1F
100
AcDbEntity
  8
Edge.Cuts
100
AcDbLine
 10
269.2823701663486
 20
-101.1825074861495
 30
0.0
 11
231.6400641663486
 21
-101.1825074861495
 31
0.0
  0
LINE
  5
149
330
1F
100
AcDbEntity
  8
Edge.Cuts
100
AcDbLine
 10
228.5073701663487
 20
-104.3100074861495
 30
0.0
 11
228.5073699981619
 21
-123.0875352781192
 31
0.0
  0
LINE
  5
14A
330
1F
100
AcDbEntity
  8
Edge.Cuts
100
AcDbLine
 10
254.5071126152793
 20
-123.2032238413022
 30
0.0
 11
254.4449773500357
 21
-168.2031809436019
 31
0.0
  0
LINE
  5
14B
330
1F
100
AcDbEntity
  8
Edge.Cuts
100
AcDbLine
 10
228.4450000000001
 20
-168.23750000001
 30
0.0
 11
228.445
 21
-175.684272
 31
0.0
  0
LINE
  5
14C
330
1F
100
AcDbEntity
  8
Edge.Cuts
100
AcDbLine
 10
228.841284
 20
-177.148698
 30
0.0
 11
237.377843
 21
-192.549057
 31
0.0
  0
LINE
  5
14D
330
1F
100
AcDbEntity
  8
Edge.Cuts
100
AcDbLine
 10
241.626058
 20
-193.767213
 30
0.0
 11
248.5436805585041
 21
-189.904969906808
 31
0.0
  0
LINE
  5
14E
330
1F
100
AcDbEntity
  8
Edge.Cuts
100
AcDbLine
 10
283.309929
 20
-180.744999
 30
0.0
 11
294.09993
 21
-180.734999
 31
0.0
  0
LINE
  5
14F
330
1F
100
AcDbEntity
  8
Edge.Cuts
100
AcDbLine
 10
294.09993
 20
-180.734999
 30
0.0
 11
294.099983
 21
-180.735004
 31
0.0
  0
LINE
  5
150
330
1F
100
AcDbEntity
  8
Edge.Cuts
100
AcDbLine
 10
294.099983
 20
-180.735004
 30
0.0
 11
294.0999990000001
 21
-180.734999
 31
0.0
  0
LINE
  5
151
330
1F
100
AcDbEntity
  8
Edge.Cuts
100
AcDbLine
 10
296.4939459999999
 20
-179.618641
 30
0.0
 11
311.270624
 21
-162.007443
 31
0.0
  0
LINE
  5
152
330
1F
100
AcDbEntity
  8
Edge.Cuts
100
AcDbLine
 10
313.7794799999999
 20
-160.837499
 30
0.0
 11
366.6872389999788
 21
-160.837499
 31
0.0
  0
LINE
  5
153
330
1F
100
AcDbEntity
  8
Edge.Cuts
100
AcDbLine
 10
369.8122379999789
 20
-157.7125
 30
0.0
 11
369.8122379999789
 21
-104.2925794468493
 31
0.0
  0
LINE
  5
154
330
1F
100
AcDbEntity
  8
Edge.Cuts
100
AcDbLine
 10
366.7495941663485
 20
-101.1674991362612
 30
0.0
 11
351.9498001663484
 21
-101.1674991362612
 31
0.0
  0
LINE
  5
155
330
1F
100
AcDbEntity
  8
Edge.Cuts
100
AcDbLine
 10
351.9498001663484
 20
-101.1674991362612
 30
0.0
 11
349.0999911663484
 21
-101.1824981362612
 31
0.0
  0
LINE
  5
156
330
1F
100
AcDbEntity
  8
Edge.Cuts
100
AcDbLine
 10
349.0999911663484
 20
-101.1824981362612
 30
0.0
 11
349.0997931663485
 21
-101.1824791362612
 31
0.0
  0
LINE
  5
157
330
1F
100
AcDbEntity
  8
Edge.Cuts
100
AcDbLine
 10
349.0997931663485
 20
-101.1824791362612
 30
0.0
 11
349.0995927199473
 21
-101.1824994861497
 31
0.0
  0
LINE
  5
158
330
1F
100
AcDbEntity
  8
Edge.Cuts
100
AcDbLine
 10
349.0995927199473
 20
-101.1824994861497
 30
0.0
 11
334.7138541663485
 21
-101.1824994861497
 31
0.0
  0
LINE
  5
159
330
1F
100
AcDbEntity
  8
Edge.Cuts
100
AcDbLine
 10
331.9036141663485
 20
-99.58921848614965
 30
0.0
 11
330.9168651663485
 21
-97.94030848614963
 31
0.0
  0
LINE
  5
15A
330
1F
100
AcDbEntity
  8
Edge.Cuts
100
AcDbLine
 10
328.2353431663485
 20
-96.42000648614965
 30
0.0
 11
315.2325941663485
 21
-96.42000648614965
 31
0.0
  0
LINE
  5
15B
330
1F
100
AcDbEntity
  8
Edge.Cuts
100
AcDbLine
 10
312.8473151663486
 20
-95.38912448614967
 30
0.0
 11
310.1089511663486
 21
-92.47850848614966
 31
0.0
  0
LINE
  5
15C
330
1F
100
AcDbEntity
  8
Edge.Cuts
100
AcDbLine
 10
167.707141
 20
-159.538529
 30
0.0
 11
167.985931
 21
-159.602161
 31
0.0
  0
LINE
  5
15D
330
1F
100
AcDbEntity
  8
Edge.Cuts
100
AcDbLine
 10
167.985931
 20
-159.602161
 30
0.0
 11
168.255843
 21
-159.696607
 31
0.0
  0
LINE
  5
15E
330
1F
100
AcDbEntity
  8
Edge.Cuts
100
AcDbLine
 10
168.255843
 20
-159.696607
 30
0.0
 11
168.513483
 21
-159.82068
 31
0.0
  0
LINE
  5
15F
330
1F
100
AcDbEntity
  8
Edge.Cuts
100
AcDbLine
 10
168.513483
 20
-159.82068
 30
0.0
 11
168.755612
 21
-159.97282
 31
0.0
  0
LINE
  5
160
330
1F
100
AcDbEntity
  8
Edge.Cuts
100
AcDbLine
 10
168.755612
 20
-159.97282
 30
0.0
 11
168.979184
 21
-160.151112
 31
0.0
  0
LINE
  5
161
330
1F
100
AcDbEntity
  8
Edge.Cuts
100
AcDbLine
 10
168.979184
 20
-160.151112
 30
0.0
 11
169.181388
 21
-160.353316
 31
0.0
  0
LINE
  5
162
330
1F
100
AcDbEntity
  8
Edge.Cuts
100
AcDbLine
 10
169.181388
 20
-160.353316
 30
0.0
 11
169.35968
 21
-160.576888
 31
0.0
  0
LINE
  5
163
330
1F
100
AcDbEntity
  8
Edge.Cuts
100
AcDbLine
 10
169.35968
 20
-160.576888
 30
0.0
 11
169.51182
 21
-160.819017
 31
0.0
  0
LINE
  5
164
330
1F
100
AcDbEntity
  8
Edge.Cuts
100
AcDbLine
 10
169.51182
 20
-160.819017
 30
0.0
 11
169.635893
 21
-161.076657
 31
0.0
  0
LINE
  5
165
330
1F
100
AcDbEntity
  8
Edge.Cuts
100
AcDbLine
 10
169.635893
 20
-161.076657
 30
0.0
 11
169.730339
 21
-161.346569
 31
0.0
  0
LINE
  5
166
330
1F
100
AcDbEntity
  8
Edge.Cuts
100
AcDbLine
 10
169.730339
 20
-161.346569
 30
0.0
 11
169.793971
 21
-161.625359
 31
0.0
  0
LINE
  5
167
330
1F
100
AcDbEntity
  8
Edge.Cuts
100
AcDbLine
 10
169.793971
 20
-161.625359
 30
0.0
 11
169.825988
 21
-161.90952
 31
0.0
  0
LINE
  5
168
330
1F
100
AcDbEntity
  8
Edge.Cuts
100
AcDbLine
 10
169.825988
 20
-161.90952
 30
0.0
 11
169.825988
 21
-162.19548
 31
0.0
  0
LINE
  5
169
330
1F
100
AcDbEntity
  8
Edge.Cuts
100
AcDbLine
 10
169.825988
 20
-162.19548
 30
0.0
 11
169.793971
 21
-162.479641
 31
0.0
  0
LINE
  5
16A
330
1F
100
AcDbEntity
  8
Edge.Cuts
100
AcDbLine
 10
169.793971
 20
-162.479641
 30
0.0
 11
169.730339
 21
-162.758431
 31
0.0
  0
LINE
  5
16B
330
1F
100
AcDbEntity
  8
Edge.Cuts
100
AcDbLine
 10
169.730339
 20
-162.758431
 30
0.0
 11
169.635893
 21
-163.028343
 31
0.0
  0
LINE
  5
16C
330
1F
100
AcDbEntity
  8
Edge.Cuts
100
AcDbLine
 10
169.635893
 20
-163.028343
 30
0.0
 11
169.51182
 21
-163.285983
 31
0.0
  0
LINE
  5
16D
330
1F
100
AcDbEntity
  8
Edge.Cuts
100
AcDbLine
 10
169.51182
 20
-163.285983
 30
0.0
 11
169.35968
 21
-163.528112
 31
0.0
  0
LINE
  5
16E
330
1F
100
AcDbEntity
  8
Edge.Cuts
100
AcDbLine
 10
169.35968
 20
-163.528112
 30
0.0
 11
169.181388
 21
-163.751684
 31
0.0
  0
LINE
  5
16F
330
1F
100
AcDbEntity
  8
Edge.Cuts
100
AcDbLine
 10
169.181388
 20
-163.751684
 30
0.0
 11
168.979184
 21
-163.953888
 31
0.0
  0
LINE
  5
170
330
1F
100
AcDbEntity
  8
Edge.Cuts
100
AcDbLine
 10
168.979184
 20
-163.953888
 30
0.0
 11
168.755612
 21
-164.13218
 31
0.0
  0
LINE
  5
171
330
1F
100
AcDbEntity
  8
Edge.Cuts
100
AcDbLine
 10
168.755612
 20
-164.13218
 30
0.0
 11
168.513483
 21
-164.28432
 31
0.0
  0
LINE
  5
172
330
1F
100
AcDbEntity
  8
Edge.Cuts
100
AcDbLine
 10
168.513483
 20
-164.28432
 30
0.0
 11
168.255843
 21
-164.408393
 31
0.0
  0
LINE
  5
173
330
1F
100
AcDbEntity
  8
Edge.Cuts
100
AcDbLine
 10
168.255843
 20
-164.408393
 30
0.0
 11
167.985931
 21
-164.502839
 31
0.0
  0
LINE
  5
174
330
1F
100
AcDbEntity
  8
Edge.Cuts
100
AcDbLine
 10
167.985931
 20
-164.502839
 30
0.0
 11
167.707141
 21
-164.566471
 31
0.0
  0
LINE
  5
175
330
1F
100
AcDbEntity
  8
Edge.Cuts
100
AcDbLine
 10
167.707141
 20
-164.566471
 30
0.0
 11
167.42298
 21
-164.598488
 31
0.0
  0
LINE
  5
176
330
1F
100
AcDbEntity
  8
Edge.Cuts
100
AcDbLine
 10
167.42298
 20
-164.598488
 30
0.0
 11
167.13702
 21
-164.598488
 31
0.0
  0
LINE
  5
177
330
1F
100
AcDbEntity
  8
Edge.Cuts
100
AcDbLine
 10
167.13702
 20
-164.598488
 30
0.0
 11
166.852859
 21
-164.566471
 31
0.0
  0
LINE
  5
178
330
1F
100
AcDbEntity
  8
Edge.Cuts
100
AcDbLine
 10
166.852859
 20
-164.566471
 30
0.0
 11
166.574069
 21
-164.502839
 31
0.0
  0
LINE
  5
179
330
1F
100
AcDbEntity
  8
Edge.Cuts
100
AcDbLine
 10
166.574069
 20
-164.502839
 30
0.0
 11
166.304157
 21
-164.408393
 31
0.0
  0
LINE
  5
17A
330
1F
100
AcDbEntity
  8
Edge.Cuts
100
AcDbLine
 10
166.304157
 20
-164.408393
 30
0.0
 11
166.046517
 21
-164.28432
 31
0.0
  0
LINE
  5
17B
330
1F
100
AcDbEntity
  8
Edge.Cuts
100
AcDbLine
 10
166.046517
 20
-164.28432
 30
0.0
 11
165.804388
 21
-164.13218
 31
0.0
  0
LINE
  5
17C
330
1F
100
AcDbEntity
  8
Edge.Cuts
100
AcDbLine
 10
165.804388
 20
-164.13218
 30
0.0
 11
165.580816
 21
-163.953888
 31
0.0
  0
LINE
  5
17D
330
1F
100
AcDbEntity
  8
Edge.Cuts
100
AcDbLine
 10
165.580816
 20
-163.953888
 30
0.0
 11
165.378612
 21
-163.751684
 31
0.0
  0
LINE
  5
17E
330
1F
100
AcDbEntity
  8
Edge.Cuts
100
AcDbLine
 10
165.378612
 20
-163.751684
 30
0.0
 11
165.20032
 21
-163.528112
 31
0.0
  0
LINE
  5
17F
330
1F
100
AcDbEntity
  8
Edge.Cuts
100
AcDbLine
 10
165.20032
 20
-163.528112
 30
0.0
 11
165.04818
 21
-163.285983
 31
0.0
  0
LINE
  5
180
330
1F
100
AcDbEntity
  8
Edge.Cuts
100
AcDbLine
 10
165.04818
 20
-163.285983
 30
0.0
 11
164.924107
 21
-163.028343
 31
0.0
  0
LINE
  5
181
330
1F
100
AcDbEntity
  8
Edge.Cuts
100
AcDbLine
 10
164.924107
 20
-163.028343
 30
0.0
 11
164.829661
 21
-162.758431
 31
0.0
  0
LINE
  5
182
330
1F
100
AcDbEntity
  8
Edge.Cuts
100
AcDbLine
 10
164.829661
 20
-162.758431
 30
0.0
 11
164.766029
 21
-162.479641
 31
0.0
  0
LINE
  5
183
330
1F
100
AcDbEntity
  8
Edge.Cuts
100
AcDbLine
 10
164.766029
 20
-162.479641
 30
0.0
 11
164.734012
 21
-162.19548
 31
0.0
  0
LINE
  5
184
330
1F
100
AcDbEntity
  8
Edge.Cuts
100
AcDbLine
 10
164.734012
 20
-162.19548
 30
0.0
 11
164.734012
 21
-161.914911
 31
0.0
  0
LINE
  5
185
330
1F
100
AcDbEntity
  8
Edge.Cuts
100
AcDbLine
 10
164.734012
 20
-161.914911
 30
0.0
 11
164.734012
 21
-161.90952
 31
0.0
  0
LINE
  5
186
330
1F
100
AcDbEntity
  8
Edge.Cuts
100
AcDbLine
 10
164.734012
 20
-161.90952
 30
0.0
 11
164.766029
 21
-161.625359
 31
0.0
  0
LINE
  5
187
330
1F
100
AcDbEntity
  8
Edge.Cuts
100
AcDbLine
 10
164.766029
 20
-161.625359
 30
0.0
 11
164.829661
 21
-161.346569
 31
0.0
  0
LINE
  5
188
330
1F
100
AcDbEntity
  8
Edge.Cuts
100
AcDbLine
 10
164.829661
 20
-161.346569
 30
0.0
 11
164.924107
 21
-161.076657
 31
0.0
  0
LINE
  5
189
330
1F
100
AcDbEntity
  8
Edge.Cuts
100
AcDbLine
 10
164.924107
 20
-161.076657
 30
0.0
 11
165.04818
 21
-160.819017
 31
0.0
  0
LINE
  5
18A
330
1F
100
AcDbEntity
  8
Edge.Cuts
100
AcDbLine
 10
165.04818
 20
-160.819017
 30
0.0
 11
165.20032
 21
-160.576888
 31
0.0
  0
LINE
  5
18B
330
1F
100
AcDbEntity
  8
Edge.Cuts
100
AcDbLine
 10
165.20032
 20
-160.576888
 30
0.0
 11
165.378612
 21
-160.353316
 31
0.0
  0
LINE
  5
18C
330
1F
100
AcDbEntity
  8
Edge.Cuts
100
AcDbLine
 10
165.378612
 20
-160.353316
 30
0.0
 11
165.580816
 21
-160.151112
 31
0.0
  0
LINE
  5
18D
330
1F
100
AcDbEntity
  8
Edge.Cuts
100
AcDbLine
 10
165.580816
 20
-160.151112
 30
0.0
 11
165.804388
 21
-159.97282
 31
0.0
  0
LINE
  5
18E
330
1F
100
AcDbEntity
  8
Edge.Cuts
100
AcDbLine
 10
165.804388
 20
-159.97282
 30
0.0
 11
166.046517
 21
-159.82068
 31
0.0
  0
LINE
  5
18F
330
1F
100
AcDbEntity
  8
Edge.Cuts
100
AcDbLine
 10
166.046517
 20
-159.82068
 30
0.0
 11
166.304157
 21
-159.696607
 31
0.0
  0
LINE
  5
190
330
1F
100
AcDbEntity
  8
Edge.Cuts
100
AcDbLine
 10
166.304157
 20
-159.696607
 30
0.0
 11
166.574069
 21
-159.602161
 31
0.0
  0
LINE
  5
191
330
1F
100
AcDbEntity
  8
Edge.Cuts
100
AcDbLine
 10
166.574069
 20
-159.602161
 30
0.0
 11
166.852859
 21
-159.538529
 31
0.0
  0
LINE
  5
192
330
1F
100
AcDbEntity
  8
Edge.Cuts
100
AcDbLine
 10
166.852859
 20
-159.538529
 30
0.0
 11
167.13702
 21
-159.506512
 31
0.0
  0
LINE
  5
193
330
1F
100
AcDbEntity
  8
Edge.Cuts
100
AcDbLine
 10
167.13702
 20
-159.506512
 30
0.0
 11
167.42298
 21
-159.506512
 31
0.0
  0
LINE
  5
194
330
1F
100
AcDbEntity
  8
Edge.Cuts
100
AcDbLine
 10
167.42298
 20
-159.506512
 30
0.0
 11
167.707141
 21
-159.538529
 31
0.0
  0
LINE
  5
195
330
1F
100
AcDbEntity
  8
Edge.Cuts
100
AcDbLine
 10
91.00714099999999
 20
-136.688529
 30
0.0
 11
91.28593099999999
 21
-136.752161
 31
0.0
  0
LINE
  5
196
330
1F
100
AcDbEntity
  8
Edge.Cuts
100
AcDbLine
 10
91.28593099999999
 20
-136.752161
 30
0.0
 11
91.555843
 21
-136.846607
 31
0.0
  0
LINE
  5
197
330
1F
100
AcDbEntity
  8
Edge.Cuts
100
AcDbLine
 10
91.555843
 20
-136.846607
 30
0.0
 11
91.813483
 21
-136.97068
 31
0.0
  0
LINE
  5
198
330
1F
100
AcDbEntity
  8
Edge.Cuts
100
AcDbLine
 10
91.813483
 20
-136.97068
 30
0.0
 11
92.055612
 21
-137.12282
 31
0.0
  0
LINE
  5
199
330
1F
100
AcDbEntity
  8
Edge.Cuts
100
AcDbLine
 10
92.055612
 20
-137.12282
 30
0.0
 11
92.27918399999999
 21
-137.301112
 31
0.0
  0
LINE
  5
19A
330
1F
100
AcDbEntity
  8
Edge.Cuts
100
AcDbLine
 10
92.27918399999999
 20
-137.301112
 30
0.0
 11
92.481388
 21
-137.503316
 31
0.0
  0
LINE
  5
19B
330
1F
100
AcDbEntity
  8
Edge.Cuts
100
AcDbLine
 10
92.481388
 20
-137.503316
 30
0.0
 11
92.65968
 21
-137.726888
 31
0.0
  0
LINE
  5
19C
330
1F
100
AcDbEntity
  8
Edge.Cuts
100
AcDbLine
 10
92.65968
 20
-137.726888
 30
0.0
 11
92.81181999999998
 21
-137.969017
 31
0.0
  0
LINE
  5
19D
330
1F
100
AcDbEntity
  8
Edge.Cuts
100
AcDbLine
 10
92.81181999999998
 20
-137.969017
 30
0.0
 11
92.935893
 21
-138.226657
 31
0.0
  0
LINE
  5
19E
330
1F
100
AcDbEntity
  8
Edge.Cuts
100
AcDbLine
 10
92.935893
 20
-138.226657
 30
0.0
 11
93.030339
 21
-138.496569
 31
0.0
  0
LINE
  5
19F
330
1F
100
AcDbEntity
  8
Edge.Cuts
100
AcDbLine
 10
93.030339
 20
-138.496569
 30
0.0
 11
93.093971
 21
-138.775359
 31
0.0
  0
LINE
  5
1A0
330
1F
100
AcDbEntity
  8
Edge.Cuts
100
AcDbLine
 10
93.093971
 20
-138.775359
 30
0.0
 11
93.12598799999999
 21
-139.05952
 31
0.0
  0
LINE
  5
1A1
330
1F
100
AcDbEntity
  8
Edge.Cuts
100
AcDbLine
 10
93.12598799999999
 20
-139.05952
 30
0.0
 11
93.12598799999999
 21
-139.34548
 31
0.0
  0
LINE
  5
1A2
330
1F
100
AcDbEntity
  8
Edge.Cuts
100
AcDbLine
 10
93.12598799999999
 20
-139.34548
 30
0.0
 11
93.093971
 21
-139.629641
 31
0.0
  0
LINE
  5
1A3
330
1F
100
AcDbEntity
  8
Edge.Cuts
100
AcDbLine
 10
93.093971
 20
-139.629641
 30
0.0
 11
93.030339
 21
-139.908431
 31
0.0
  0
LINE
  5
1A4
330
1F
100
AcDbEntity
  8
Edge.Cuts
100
AcDbLine
 10
93.030339
 20
-139.908431
 30
0.0
 11
92.935893
 21
-140.178343
 31
0.0
  0
LINE
  5
1A5
330
1F
100
AcDbEntity
  8
Edge.Cuts
100
AcDbLine
 10
92.935893
 20
-140.178343
 30
0.0
 11
92.81181999999998
 21
-140.435983
 31
0.0
  0
LINE
  5
1A6
330
1F
100
AcDbEntity
  8
Edge.Cuts
100
AcDbLine
 10
92.81181999999998
 20
-140.435983
 30
0.0
 11
92.65968
 21
-140.678112
 31
0.0
  0
LINE
  5
1A7
330
1F
100
AcDbEntity
  8
Edge.Cuts
100
AcDbLine
 10
92.65968
 20
-140.678112
 30
0.0
 11
92.481388
 21
-140.901684
 31
0.0
  0
LINE
  5
1A8
330
1F
100
AcDbEntity
  8
Edge.Cuts
100
AcDbLine
 10
92.481388
 20
-140.901684
 30
0.0
 11
92.27918399999999
 21
-141.103888
 31
0.0
  0
LINE
  5
1A9
330
1F
100
AcDbEntity
  8
Edge.Cuts
100
AcDbLine
 10
92.27918399999999
 20
-141.103888
 30
0.0
 11
92.055612
 21
-141.28218
 31
0.0
  0
LINE
  5
1AA
330
1F
100
AcDbEntity
  8
Edge.Cuts
100
AcDbLine
 10
92.055612
 20
-141.28218
 30
0.0
 11
91.813483
 21
-141.43432
 31
0.0
  0
LINE
  5
1AB
330
1F
100
AcDbEntity
  8
Edge.Cuts
100
AcDbLine
 10
91.813483
 20
-141.43432
 30
0.0
 11
91.555843
 21
-141.558393
 31
0.0
  0
LINE
  5
1AC
330
1F
100
AcDbEntity
  8
Edge.Cuts
100
AcDbLine
 10
91.555843
 20
-141.558393
 30
0.0
 11
91.28593099999999
 21
-141.652839
 31
0.0
  0
LINE
  5
1AD
330
1F
100
AcDbEntity
  8
Edge.Cuts
100
AcDbLine
 10
91.28593099999999
 20
-141.652839
 30
0.0
 11
91.00714099999999
 21
-141.716471
 31
0.0
  0
LINE
  5
1AE
330
1F
100
AcDbEntity
  8
Edge.Cuts
100
AcDbLine
 10
91.00714099999999
 20
-141.716471
 30
0.0
 11
90.72297999999999
 21
-141.748488
 31
0.0
  0
LINE
  5
1AF
330
1F
100
AcDbEntity
  8
Edge.Cuts
100
AcDbLine
 10
90.72297999999999
 20
-141.748488
 30
0.0
 11
90.43701999999999
 21
-141.748488
 31
0.0
  0
LINE
  5
1B0
330
1F
100
AcDbEntity
  8
Edge.Cuts
100
AcDbLine
 10
90.43701999999999
 20
-141.748488
 30
0.0
 11
90.152859
 21
-141.716471
 31
0.0
  0
LINE
  5
1B1
330
1F
100
AcDbEntity
  8
Edge.Cuts
100
AcDbLine
 10
90.152859
 20
-141.716471
 30
0.0
 11
89.874069
 21
-141.652839
 31
0.0
  0
LINE
  5
1B2
330
1F
100
AcDbEntity
  8
Edge.Cuts
100
AcDbLine
 10
89.874069
 20
-141.652839
 30
0.0
 11
89.60415699999999
 21
-141.558393
 31
0.0
  0
LINE
  5
1B3
330
1F
100
AcDbEntity
  8
Edge.Cuts
100
AcDbLine
 10
89.60415699999999
 20
-141.558393
 30
0.0
 11
89.34651700000002
 21
-141.43432
 31
0.0
  0
LINE
  5
1B4
330
1F
100
AcDbEntity
  8
Edge.Cuts
100
AcDbLine
 10
89.34651700000002
 20
-141.43432
 30
0.0
 11
89.10438799999999
 21
-141.28218
 31
0.0
  0
LINE
  5
1B5
330
1F
100
AcDbEntity
  8
Edge.Cuts
100
AcDbLine
 10
89.10438799999999
 20
-141.28218
 30
0.0
 11
88.880816
 21
-141.103888
 31
0.0
  0
LINE
  5
1B6
330
1F
100
AcDbEntity
  8
Edge.Cuts
100
AcDbLine
 10
88.880816
 20
-141.103888
 30
0.0
 11
88.678612
 21
-140.901684
 31
0.0
  0
LINE
  5
1B7
330
1F
100
AcDbEntity
  8
Edge.Cuts
100
AcDbLine
 10
88.678612
 20
-140.901684
 30
0.0
 11
88.50031999999999
 21
-140.678112
 31
0.0
  0
LINE
  5
1B8
330
1F
100
AcDbEntity
  8
Edge.Cuts
100
AcDbLine
 10
88.50031999999999
 20
-140.678112
 30
0.0
 11
88.34818
 21
-140.435983
 31
0.0
  0
LINE
  5
1B9
330
1F
100
AcDbEntity
  8
Edge.Cuts
100
AcDbLine
 10
88.34818
 20
-140.435983
 30
0.0
 11
88.22410699999999
 21
-140.178343
 31
0.0
  0
LINE
  5
1BA
330
1F
100
AcDbEntity
  8
Edge.Cuts
100
AcDbLine
 10
88.22410699999999
 20
-140.178343
 30
0.0
 11
88.129661
 21
-139.908431
 31
0.0
  0
LINE
  5
1BB
330
1F
100
AcDbEntity
  8
Edge.Cuts
100
AcDbLine
 10
88.129661
 20
-139.908431
 30
0.0
 11
88.066029
 21
-139.629641
 31
0.0
  0
LINE
  5
1BC
330
1F
100
AcDbEntity
  8
Edge.Cuts
100
AcDbLine
 10
88.066029
 20
-139.629641
 30
0.0
 11
88.03401199999999
 21
-139.34548
 31
0.0
  0
LINE
  5
1BD
330
1F
100
AcDbEntity
  8
Edge.Cuts
100
AcDbLine
 10
88.03401199999999
 20
-139.34548
 30
0.0
 11
88.03401199999999
 21
-139.064911
 31
0.0
  0
LINE
  5
1BE
330
1F
100
AcDbEntity
  8
Edge.Cuts
100
AcDbLine
 10
88.03401199999999
 20
-139.064911
 30
0.0
 11
88.03401199999999
 21
-139.05952
 31
0.0
  0
LINE
  5
1BF
330
1F
100
AcDbEntity
  8
Edge.Cuts
100
AcDbLine
 10
88.03401199999999
 20
-139.05952
 30
0.0
 11
88.066029
 21
-138.775359
 31
0.0
  0
LINE
  5
1C0
330
1F
100
AcDbEntity
  8
Edge.Cuts
100
AcDbLine
 10
88.066029
 20
-138.775359
 30
0.0
 11
88.129661
 21
-138.496569
 31
0.0
  0
LINE
  5
1C1
330
1F
100
AcDbEntity
  8
Edge.Cuts
100
AcDbLine
 10
88.129661
 20
-138.496569
 30
0.0
 11
88.22410699999999
 21
-138.226657
 31
0.0
  0
LINE
  5
1C2
330
1F
100
AcDbEntity
  8
Edge.Cuts
100
AcDbLine
 10
88.22410699999999
 20
-138.226657
 30
0.0
 11
88.34818
 21
-137.969017
 31
0.0
  0
LINE
  5
1C3
330
1F
100
AcDbEntity
  8
Edge.Cuts
100
AcDbLine
 10
88.34818
 20
-137.969017
 30
0.0
 11
88.50031999999999
 21
-137.726888
 31
0.0
  0
LINE
  5
1C4
330
1F
100
AcDbEntity
  8
Edge.Cuts
100
AcDbLine
 10
88.50031999999999
 20
-137.726888
 30
0.0
 11
88.678612
 21
-137.503316
 31
0.0
  0
LINE
  5
1C5
330
1F
100
AcDbEntity
  8
Edge.Cuts
100
AcDbLine
 10
88.678612
 20
-137.503316
 30
0.0
 11
88.880816
 21
-137.301112
 31
0.0
  0
LINE
  5
1C6
330
1F
100
AcDbEntity
  8
Edge.Cuts
100
AcDbLine
 10
88.880816
 20
-137.301112
 30
0.0
 11
89.10438799999999
 21
-137.12282
 31
0.0
  0
LINE
  5
1C7
330
1F
100
AcDbEntity
  8
Edge.Cuts
100
AcDbLine
 10
89.10438799999999
 20
-137.12282
 30
0.0
 11
89.34651700000002
 21
-136.97068
 31
0.0
  0
LINE
  5
1C8
330
1F
100
AcDbEntity
  8
Edge.Cuts
100
AcDbLine
 10
89.34651700000002
 20
-136.97068
 30
0.0
 11
89.60415699999999
 21
-136.846607
 31
0.0
  0
LINE
  5
1C9
330
1F
100
AcDbEntity
  8
Edge.Cuts
100
AcDbLine
 10
89.60415699999999
 20
-136.846607
 30
0.0
 11
89.874069
 21
-136.752161
 31
0.0
  0
LINE
  5
1CA
330
1F
100
AcDbEntity
  8
Edge.Cuts
100
AcDbLine
 10
89.874069
 20
-136.752161
 30
0.0
 11
90.152859
 21
-136.688529
 31
0.0
  0
LINE
  5
1CB
330
1F
100
AcDbEntity
  8
Edge.Cuts
100
AcDbLine
 10
90.152859
 20
-136.688529
 30
0.0
 11
90.43701999999999
 21
-136.656512
 31
0.0
  0
LINE
  5
1CC
330
1F
100
AcDbEntity
  8
Edge.Cuts
100
AcDbLine
 10
90.43701999999999
 20
-136.656512
 30
0.0
 11
90.72297999999999
 21
-136.656512
 31
0.0
  0
LINE
  5
1CD
330
1F
100
AcDbEntity
  8
Edge.Cuts
100
AcDbLine
 10
90.72297999999999
 20
-136.656512
 30
0.0
 11
91.00714099999999
 21
-136.688529
 31
0.0
  0
LINE
  5
1CE
330
1F
100
AcDbEntity
  8
Edge.Cuts
100
AcDbLine
 10
91.00714099999999
 20
-117.438529
 30
0.0
 11
91.28593099999999
 21
-117.502161
 31
0.0
  0
LINE
  5
1CF
330
1F
100
AcDbEntity
  8
Edge.Cuts
100
AcDbLine
 10
91.28593099999999
 20
-117.502161
 30
0.0
 11
91.555843
 21
-117.596607
 31
0.0
  0
LINE
  5
1D0
330
1F
100
AcDbEntity
  8
Edge.Cuts
100
AcDbLine
 10
91.555843
 20
-117.596607
 30
0.0
 11
91.813483
 21
-117.72068
 31
0.0
  0
LINE
  5
1D1
330
1F
100
AcDbEntity
  8
Edge.Cuts
100
AcDbLine
 10
91.813483
 20
-117.72068
 30
0.0
 11
92.055612
 21
-117.87282
 31
0.0
  0
LINE
  5
1D2
330
1F
100
AcDbEntity
  8
Edge.Cuts
100
AcDbLine
 10
92.055612
 20
-117.87282
 30
0.0
 11
92.27918399999999
 21
-118.051112
 31
0.0
  0
LINE
  5
1D3
330
1F
100
AcDbEntity
  8
Edge.Cuts
100
AcDbLine
 10
92.27918399999999
 20
-118.051112
 30
0.0
 11
92.481388
 21
-118.253316
 31
0.0
  0
LINE
  5
1D4
330
1F
100
AcDbEntity
  8
Edge.Cuts
100
AcDbLine
 10
92.481388
 20
-118.253316
 30
0.0
 11
92.65968
 21
-118.476888
 31
0.0
  0
LINE
  5
1D5
330
1F
100
AcDbEntity
  8
Edge.Cuts
100
AcDbLine
 10
92.65968
 20
-118.476888
 30
0.0
 11
92.81181999999998
 21
-118.719017
 31
0.0
  0
LINE
  5
1D6
330
1F
100
AcDbEntity
  8
Edge.Cuts
100
AcDbLine
 10
92.81181999999998
 20
-118.719017
 30
0.0
 11
92.935893
 21
-118.976657
 31
0.0
  0
LINE
  5
1D7
330
1F
100
AcDbEntity
  8
Edge.Cuts
100
AcDbLine
 10
92.935893
 20
-118.976657
 30
0.0
 11
93.030339
 21
-119.246569
 31
0.0
  0
LINE
  5
1D8
330
1F
100
AcDbEntity
  8
Edge.Cuts
100
AcDbLine
 10
93.030339
 20
-119.246569
 30
0.0
 11
93.093971
 21
-119.525359
 31
0.0
  0
LINE
  5
1D9
330
1F
100
AcDbEntity
  8
Edge.Cuts
100
AcDbLine
 10
93.093971
 20
-119.525359
 30
0.0
 11
93.12598799999999
 21
-119.80952
 31
0.0
  0
LINE
  5
1DA
330
1F
100
AcDbEntity
  8
Edge.Cuts
100
AcDbLine
 10
93.12598799999999
 20
-119.80952
 30
0.0
 11
93.12598799999999
 21
-120.09548
 31
0.0
  0
LINE
  5
1DB
330
1F
100
AcDbEntity
  8
Edge.Cuts
100
AcDbLine
 10
93.12598799999999
 20
-120.09548
 30
0.0
 11
93.093971
 21
-120.379641
 31
0.0
  0
LINE
  5
1DC
330
1F
100
AcDbEntity
  8
Edge.Cuts
100
AcDbLine
 10
93.093971
 20
-120.379641
 30
0.0
 11
93.030339
 21
-120.658431
 31
0.0
  0
LINE
  5
1DD
330
1F
100
AcDbEntity
  8
Edge.Cuts
100
AcDbLine
 10
93.030339
 20
-120.658431
 30
0.0
 11
92.935893
 21
-120.928343
 31
0.0
  0
LINE
  5
1DE
330
1F
100
AcDbEntity
  8
Edge.Cuts
100
AcDbLine
 10
92.935893
 20
-120.928343
 30
0.0
 11
92.81181999999998
 21
-121.185983
 31
0.0
  0
LINE
  5
1DF
330
1F
100
AcDbEntity
  8
Edge.Cuts
100
AcDbLine
 10
92.81181999999998
 20
-121.185983
 30
0.0
 11
92.65968
 21
-121.428112
 31
0.0
  0
LINE
  5
1E0
330
1F
100
AcDbEntity
  8
Edge.Cuts
100
AcDbLine
 10
92.65968
 20
-121.428112
 30
0.0
 11
92.481388
 21
-121.651684
 31
0.0
  0
LINE
  5
1E1
330
1F
100
AcDbEntity
  8
Edge.Cuts
100
AcDbLine
 10
92.481388
 20
-121.651684
 30
0.0
 11
92.27918399999999
 21
-121.853888
 31
0.0
  0
LINE
  5
1E2
330
1F
100
AcDbEntity
  8
Edge.Cuts
100
AcDbLine
 10
92.27918399999999
 20
-121.853888
 30
0.0
 11
92.055612
 21
-122.03218
 31
0.0
  0
LINE
  5
1E3
330
1F
100
AcDbEntity
  8
Edge.Cuts
100
AcDbLine
 10
92.055612
 20
-122.03218
 30
0.0
 11
91.813483
 21
-122.18432
 31
0.0
  0
LINE
  5
1E4
330
1F
100
AcDbEntity
  8
Edge.Cuts
100
AcDbLine
 10
91.813483
 20
-122.18432
 30
0.0
 11
91.555843
 21
-122.308393
 31
0.0
  0
LINE
  5
1E5
330
1F
100
AcDbEntity
  8
Edge.Cuts
100
AcDbLine
 10
91.555843
 20
-122.308393
 30
0.0
 11
91.28593099999999
 21
-122.402839
 31
0.0
  0
LINE
  5
1E6
330
1F
100
AcDbEntity
  8
Edge.Cuts
100
AcDbLine
 10
91.28593099999999
 20
-122.402839
 30
0.0
 11
91.00714099999999
 21
-122.466471
 31
0.0
  0
LINE
  5
1E7
330
1F
100
AcDbEntity
  8
Edge.Cuts
100
AcDbLine
 10
91.00714099999999
 20
-122.466471
 30
0.0
 11
90.72297999999999
 21
-122.498488
 31
0.0
  0
LINE
  5
1E8
330
1F
100
AcDbEntity
  8
Edge.Cuts
100
AcDbLine
 10
90.72297999999999
 20
-122.498488
 30
0.0
 11
90.43701999999999
 21
-122.498488
 31
0.0
  0
LINE
  5
1E9
330
1F
100
AcDbEntity
  8
Edge.Cuts
100
AcDbLine
 10
90.43701999999999
 20
-122.498488
 30
0.0
 11
90.152859
 21
-122.466471
 31
0.0
  0
LINE
  5
1EA
330
1F
100
AcDbEntity
  8
Edge.Cuts
100
AcDbLine
 10
90.152859
 20
-122.466471
 30
0.0
 11
89.874069
 21
-122.402839
 31
0.0
  0
LINE
  5
1EB
330
1F
100
AcDbEntity
  8
Edge.Cuts
100
AcDbLine
 10
89.874069
 20
-122.402839
 30
0.0
 11
89.60415699999999
 21
-122.308393
 31
0.0
  0
LINE
  5
1EC
330
1F
100
AcDbEntity
  8
Edge.Cuts
100
AcDbLine
 10
89.60415699999999
 20
-122.308393
 30
0.0
 11
89.34651700000002
 21
-122.18432
 31
0.0
  0
LINE
  5
1ED
330
1F
100
AcDbEntity
  8
Edge.Cuts
100
AcDbLine
 10
89.34651700000002
 20
-122.18432
 30
0.0
 11
89.10438799999999
 21
-122.03218
 31
0.0
  0
LINE
  5
1EE
330
1F
100
AcDbEntity
  8
Edge.Cuts
100
AcDbLine
 10
89.10438799999999
 20
-122.03218
 30
0.0
 11
88.880816
 21
-121.853888
 31
0.0
  0
LINE
  5
1EF
330
1F
100
AcDbEntity
  8
Edge.Cuts
100
AcDbLine
 10
88.880816
 20
-121.853888
 30
0.0
 11
88.678612
 21
-121.651684
 31
0.0
  0
LINE
  5
1F0
330
1F
100
AcDbEntity
  8
Edge.Cuts
100
AcDbLine
 10
88.678612
 20
-121.651684
 30
0.0
 11
88.50031999999999
 21
-121.428112
 31
0.0
  0
LINE
  5
1F1
330
1F
100
AcDbEntity
  8
Edge.Cuts
100
AcDbLine
 10
88.50031999999999
 20
-121.428112
 30
0.0
 11
88.34818
 21
-121.185983
 31
0.0
  0
LINE
  5
1F2
330
1F
100
AcDbEntity
  8
Edge.Cuts
100
AcDbLine
 10
88.34818
 20
-121.185983
 30
0.0
 11
88.22410699999999
 21
-120.928343
 31
0.0
  0
LINE
  5
1F3
330
1F
100
AcDbEntity
  8
Edge.Cuts
100
AcDbLine
 10
88.22410699999999
 20
-120.928343
 30
0.0
 11
88.129661
 21
-120.658431
 31
0.0
  0
LINE
  5
1F4
330
1F
100
AcDbEntity
  8
Edge.Cuts
100
AcDbLine
 10
88.129661
 20
-120.658431
 30
0.0
 11
88.066029
 21
-120.379641
 31
0.0
  0
LINE
  5
1F5
330
1F
100
AcDbEntity
  8
Edge.Cuts
100
AcDbLine
 10
88.066029
 20
-120.379641
 30
0.0
 11
88.03401199999999
 21
-120.09548
 31
0.0
  0
LINE
  5
1F6
330
1F
100
AcDbEntity
  8
Edge.Cuts
100
AcDbLine
 10
88.03401199999999
 20
-120.09548
 30
0.0
 11
88.03401199999999
 21
-119.814911
 31
0.0
  0
LINE
  5
1F7
330
1F
100
AcDbEntity
  8
Edge.Cuts
100
AcDbLine
 10
88.03401199999999
 20
-119.814911
 30
0.0
 11
88.03401199999999
 21
-119.80952
 31
0.0
  0
LINE
  5
1F8
330
1F
100
AcDbEntity
  8
Edge.Cuts
100
AcDbLine
 10
88.03401199999999
 20
-119.80952
 30
0.0
 11
88.066029
 21
-119.525359
 31
0.0
  0
LINE
  5
1F9
330
1F
100
AcDbEntity
  8
Edge.Cuts
100
AcDbLine
 10
88.066029
 20
-119.525359
 30
0.0
 11
88.129661
 21
-119.246569
 31
0.0
  0
LINE
  5
1FA
330
1F
100
AcDbEntity
  8
Edge.Cuts
100
AcDbLine
 10
88.129661
 20
-119.246569
 30
0.0
 11
88.22410699999999
 21
-118.976657
 31
0.0
  0
LINE
  5
1FB
330
1F
100
AcDbEntity
  8
Edge.Cuts
100
AcDbLine
 10
88.22410699999999
 20
-118.976657
 30
0.0
 11
88.34818
 21
-118.719017
 31
0.0
  0
LINE
  5
1FC
330
1F
100
AcDbEntity
  8
Edge.Cuts
100
AcDbLine
 10
88.34818
 20
-118.719017
 30
0.0
 11
88.50031999999999
 21
-118.476888
 31
0.0
  0
LINE
  5
1FD
330
1F
100
AcDbEntity
  8
Edge.Cuts
100
AcDbLine
 10
88.50031999999999
 20
-118.476888
 30
0.0
 11
88.678612
 21
-118.253316
 31
0.0
  0
LINE
  5
1FE
330
1F
100
AcDbEntity
  8
Edge.Cuts
100
AcDbLine
 10
88.678612
 20
-118.253316
 30
0.0
 11
88.880816
 21
-118.051112
 31
0.0
  0
LINE
  5
1FF
330
1F
100
AcDbEntity
  8
Edge.Cuts
100
AcDbLine
 10
88.880816
 20
-118.051112
 30
0.0
 11
89.10438799999999
 21
-117.87282
 31
0.0
  0
LINE
  5
200
330
1F
100
AcDbEntity
  8
Edge.Cuts
100
AcDbLine
 10
89.10438799999999
 20
-117.87282
 30
0.0
 11
89.34651700000002
 21
-117.72068
 31
0.0
  0
LINE
  5
201
330
1F
100
AcDbEntity
  8
Edge.Cuts
100
AcDbLine
 10
89.34651700000002
 20
-117.72068
 30
0.0
 11
89.60415699999999
 21
-117.596607
 31
0.0
  0
LINE
  5
202
330
1F
100
AcDbEntity
  8
Edge.Cuts
100
AcDbLine
 10
89.60415699999999
 20
-117.596607
 30
0.0
 11
89.874069
 21
-117.502161
 31
0.0
  0
LINE
  5
203
330
1F
100
AcDbEntity
  8
Edge.Cuts
100
AcDbLine
 10
89.874069
 20
-117.502161
 30
0.0
 11
90.152859
 21
-117.438529
 31
0.0
  0
LINE
  5
204
330
1F
100
AcDbEntity
  8
Edge.Cuts
100
AcDbLine
 10
90.152859
 20
-117.438529
 30
0.0
 11
90.43701999999999
 21
-117.406512
 31
0.0
  0
LINE
  5
205
330
1F
100
AcDbEntity
  8
Edge.Cuts
100
AcDbLine
 10
90.43701999999999
 20
-117.406512
 30
0.0
 11
90.72297999999999
 21
-117.406512
 31
0.0
  0
LINE
  5
206
330
1F
100
AcDbEntity
  8
Edge.Cuts
100
AcDbLine
 10
90.72297999999999
 20
-117.406512
 30
0.0
 11
91.00714099999999
 21
-117.438529
 31
0.0
  0
LINE
  5
207
330
1F
100
AcDbEntity
  8
Edge.Cuts
100
AcDbLine
 10
148.057141
 20
-97.63852899999999
 30
0.0
 11
148.335931
 21
-97.70216099999999
 31
0.0
  0
LINE
  5
208
330
1F
100
AcDbEntity
  8
Edge.Cuts
100
AcDbLine
 10
148.335931
 20
-97.70216099999999
 30
0.0
 11
148.605843
 21
-97.796607
 31
0.0
  0
LINE
  5
209
330
1F
100
AcDbEntity
  8
Edge.Cuts
100
AcDbLine
 10
148.605843
 20
-97.796607
 30
0.0
 11
148.863483
 21
-97.92067999999999
 31
0.0
  0
LINE
  5
20A
330
1F
100
AcDbEntity
  8
Edge.Cuts
100
AcDbLine
 10
148.863483
 20
-97.92067999999999
 30
0.0
 11
149.105612
 21
-98.07282
 31
0.0
  0
LINE
  5
20B
330
1F
100
AcDbEntity
  8
Edge.Cuts
100
AcDbLine
 10
149.105612
 20
-98.07282
 30
0.0
 11
149.329184
 21
-98.25111199999999
 31
0.0
  0
LINE
  5
20C
330
1F
100
AcDbEntity
  8
Edge.Cuts
100
AcDbLine
 10
149.329184
 20
-98.25111199999999
 30
0.0
 11
149.531388
 21
-98.453316
 31
0.0
  0
LINE
  5
20D
330
1F
100
AcDbEntity
  8
Edge.Cuts
100
AcDbLine
 10
149.531388
 20
-98.453316
 30
0.0
 11
149.70968
 21
-98.67688799999999
 31
0.0
  0
LINE
  5
20E
330
1F
100
AcDbEntity
  8
Edge.Cuts
100
AcDbLine
 10
149.70968
 20
-98.67688799999999
 30
0.0
 11
149.86182
 21
-98.91901699999998
 31
0.0
  0
LINE
  5
20F
330
1F
100
AcDbEntity
  8
Edge.Cuts
100
AcDbLine
 10
149.86182
 20
-98.91901699999998
 30
0.0
 11
149.985893
 21
-99.17665699999999
 31
0.0
  0
LINE
  5
210
330
1F
100
AcDbEntity
  8
Edge.Cuts
100
AcDbLine
 10
149.985893
 20
-99.17665699999999
 30
0.0
 11
150.080339
 21
-99.446569
 31
0.0
  0
LINE
  5
211
330
1F
100
AcDbEntity
  8
Edge.Cuts
100
AcDbLine
 10
150.080339
 20
-99.446569
 30
0.0
 11
150.143971
 21
-99.725359
 31
0.0
  0
LINE
  5
212
330
1F
100
AcDbEntity
  8
Edge.Cuts
100
AcDbLine
 10
150.143971
 20
-99.725359
 30
0.0
 11
150.175988
 21
-100.00952
 31
0.0
  0
LINE
  5
213
330
1F
100
AcDbEntity
  8
Edge.Cuts
100
AcDbLine
 10
150.175988
 20
-100.00952
 30
0.0
 11
150.175988
 21
-100.29548
 31
0.0
  0
LINE
  5
214
330
1F
100
AcDbEntity
  8
Edge.Cuts
100
AcDbLine
 10
150.175988
 20
-100.29548
 30
0.0
 11
150.143971
 21
-100.579641
 31
0.0
  0
LINE
  5
215
330
1F
100
AcDbEntity
  8
Edge.Cuts
100
AcDbLine
 10
150.143971
 20
-100.579641
 30
0.0
 11
150.080339
 21
-100.858431
 31
0.0
  0
LINE
  5
216
330
1F
100
AcDbEntity
  8
Edge.Cuts
100
AcDbLine
 10
150.080339
 20
-100.858431
 30
0.0
 11
149.985893
 21
-101.128343
 31
0.0
  0
LINE
  5
217
330
1F
100
AcDbEntity
  8
Edge.Cuts
100
AcDbLine
 10
149.985893
 20
-101.128343
 30
0.0
 11
149.86182
 21
-101.385983
 31
0.0
  0
LINE
  5
218
330
1F
100
AcDbEntity
  8
Edge.Cuts
100
AcDbLine
 10
149.86182
 20
-101.385983
 30
0.0
 11
149.70968
 21
-101.628112
 31
0.0
  0
LINE
  5
219
330
1F
100
AcDbEntity
  8
Edge.Cuts
100
AcDbLine
 10
149.70968
 20
-101.628112
 30
0.0
 11
149.531388
 21
-101.851684
 31
0.0
  0
LINE
  5
21A
330
1F
100
AcDbEntity
  8
Edge.Cuts
100
AcDbLine
 10
149.531388
 20
-101.851684
 30
0.0
 11
149.329184
 21
-102.053888
 31
0.0
  0
LINE
  5
21B
330
1F
100
AcDbEntity
  8
Edge.Cuts
100
AcDbLine
 10
149.329184
 20
-102.053888
 30
0.0
 11
149.105612
 21
-102.23218
 31
0.0
  0
LINE
  5
21C
330
1F
100
AcDbEntity
  8
Edge.Cuts
100
AcDbLine
 10
149.105612
 20
-102.23218
 30
0.0
 11
148.863483
 21
-102.38432
 31
0.0
  0
LINE
  5
21D
330
1F
100
AcDbEntity
  8
Edge.Cuts
100
AcDbLine
 10
148.863483
 20
-102.38432
 30
0.0
 11
148.605843
 21
-102.508393
 31
0.0
  0
LINE
  5
21E
330
1F
100
AcDbEntity
  8
Edge.Cuts
100
AcDbLine
 10
148.605843
 20
-102.508393
 30
0.0
 11
148.335931
 21
-102.602839
 31
0.0
  0
LINE
  5
21F
330
1F
100
AcDbEntity
  8
Edge.Cuts
100
AcDbLine
 10
148.335931
 20
-102.602839
 30
0.0
 11
148.057141
 21
-102.666471
 31
0.0
  0
LINE
  5
220
330
1F
100
AcDbEntity
  8
Edge.Cuts
100
AcDbLine
 10
148.057141
 20
-102.666471
 30
0.0
 11
147.77298
 21
-102.698488
 31
0.0
  0
LINE
  5
221
330
1F
100
AcDbEntity
  8
Edge.Cuts
100
AcDbLine
 10
147.77298
 20
-102.698488
 30
0.0
 11
147.48702
 21
-102.698488
 31
0.0
  0
LINE
  5
222
330
1F
100
AcDbEntity
  8
Edge.Cuts
100
AcDbLine
 10
147.48702
 20
-102.698488
 30
0.0
 11
147.202859
 21
-102.666471
 31
0.0
  0
LINE
  5
223
330
1F
100
AcDbEntity
  8
Edge.Cuts
100
AcDbLine
 10
147.202859
 20
-102.666471
 30
0.0
 11
146.924069
 21
-102.602839
 31
0.0
  0
LINE
  5
224
330
1F
100
AcDbEntity
  8
Edge.Cuts
100
AcDbLine
 10
146.924069
 20
-102.602839
 30
0.0
 11
146.654157
 21
-102.508393
 31
0.0
  0
LINE
  5
225
330
1F
100
AcDbEntity
  8
Edge.Cuts
100
AcDbLine
 10
146.654157
 20
-102.508393
 30
0.0
 11
146.396517
 21
-102.38432
 31
0.0
  0
LINE
  5
226
330
1F
100
AcDbEntity
  8
Edge.Cuts
100
AcDbLine
 10
146.396517
 20
-102.38432
 30
0.0
 11
146.154388
 21
-102.23218
 31
0.0
  0
LINE
  5
227
330
1F
100
AcDbEntity
  8
Edge.Cuts
100
AcDbLine
 10
146.154388
 20
-102.23218
 30
0.0
 11
145.930816
 21
-102.053888
 31
0.0
  0
LINE
  5
228
330
1F
100
AcDbEntity
  8
Edge.Cuts
100
AcDbLine
 10
145.930816
 20
-102.053888
 30
0.0
 11
145.728612
 21
-101.851684
 31
0.0
  0
LINE
  5
229
330
1F
100
AcDbEntity
  8
Edge.Cuts
100
AcDbLine
 10
145.728612
 20
-101.851684
 30
0.0
 11
145.55032
 21
-101.628112
 31
0.0
  0
LINE
  5
22A
330
1F
100
AcDbEntity
  8
Edge.Cuts
100
AcDbLine
 10
145.55032
 20
-101.628112
 30
0.0
 11
145.39818
 21
-101.385983
 31
0.0
  0
LINE
  5
22B
330
1F
100
AcDbEntity
  8
Edge.Cuts
100
AcDbLine
 10
145.39818
 20
-101.385983
 30
0.0
 11
145.274107
 21
-101.128343
 31
0.0
  0
LINE
  5
22C
330
1F
100
AcDbEntity
  8
Edge.Cuts
100
AcDbLine
 10
145.274107
 20
-101.128343
 30
0.0
 11
145.179661
 21
-100.858431
 31
0.0
  0
LINE
  5
22D
330
1F
100
AcDbEntity
  8
Edge.Cuts
100
AcDbLine
 10
145.179661
 20
-100.858431
 30
0.0
 11
145.116029
 21
-100.579641
 31
0.0
  0
LINE
  5
22E
330
1F
100
AcDbEntity
  8
Edge.Cuts
100
AcDbLine
 10
145.116029
 20
-100.579641
 30
0.0
 11
145.084012
 21
-100.29548
 31
0.0
  0
LINE
  5
22F
330
1F
100
AcDbEntity
  8
Edge.Cuts
100
AcDbLine
 10
145.084012
 20
-100.29548
 30
0.0
 11
145.084012
 21
-100.014911
 31
0.0
  0
LINE
  5
230
330
1F
100
AcDbEntity
  8
Edge.Cuts
100
AcDbLine
 10
145.084012
 20
-100.014911
 30
0.0
 11
145.084012
 21
-100.00952
 31
0.0
  0
LINE
  5
231
330
1F
100
AcDbEntity
  8
Edge.Cuts
100
AcDbLine
 10
145.084012
 20
-100.00952
 30
0.0
 11
145.116029
 21
-99.725359
 31
0.0
  0
LINE
  5
232
330
1F
100
AcDbEntity
  8
Edge.Cuts
100
AcDbLine
 10
145.116029
 20
-99.725359
 30
0.0
 11
145.179661
 21
-99.446569
 31
0.0
  0
LINE
  5
233
330
1F
100
AcDbEntity
  8
Edge.Cuts
100
AcDbLine
 10
145.179661
 20
-99.446569
 30
0.0
 11
145.274107
 21
-99.17665699999999
 31
0.0
  0
LINE
  5
234
330
1F
100
AcDbEntity
  8
Edge.Cuts
100
AcDbLine
 10
145.274107
 20
-99.17665699999999
 30
0.0
 11
145.39818
 21
-98.91901699999998
 31
0.0
  0
LINE
  5
235
330
1F
100
AcDbEntity
  8
Edge.Cuts
100
AcDbLine
 10
145.39818
 20
-98.91901699999998
 30
0.0
 11
145.55032
 21
-98.67688799999999
 31
0.0
  0
LINE
  5
236
330
1F
100
AcDbEntity
  8
Edge.Cuts
100
AcDbLine
 10
145.55032
 20
-98.67688799999999
 30
0.0
 11
145.728612
 21
-98.453316
 31
0.0
  0
LINE
  5
237
330
1F
100
AcDbEntity
  8
Edge.Cuts
100
AcDbLine
 10
145.728612
 20
-98.453316
 30
0.0
 11
145.930816
 21
-98.25111199999999
 31
0.0
  0
LINE
  5
238
330
1F
100
AcDbEntity
  8
Edge.Cuts
100
AcDbLine
 10
145.930816
 20
-98.25111199999999
 30
0.0
 11
146.154388
 21
-98.07282
 31
0.0
  0
LINE
  5
239
330
1F
100
AcDbEntity
  8
Edge.Cuts
100
AcDbLine
 10
146.154388
 20
-98.07282
 30
0.0
 11
146.396517
 21
-97.92067999999999
 31
0.0
  0
LINE
  5
23A
330
1F
100
AcDbEntity
  8
Edge.Cuts
100
AcDbLine
 10
146.396517
 20
-97.92067999999999
 30
0.0
 11
146.654157
 21
-97.796607
 31
0.0
  0
LINE
  5
23B
330
1F
100
AcDbEntity
  8
Edge.Cuts
100
AcDbLine
 10
146.654157
 20
-97.796607
 30
0.0
 11
146.924069
 21
-97.70216099999999
 31
0.0
  0
LINE
  5
23C
330
1F
100
AcDbEntity
  8
Edge.Cuts
100
AcDbLine
 10
146.924069
 20
-97.70216099999999
 30
0.0
 11
147.202859
 21
-97.63852899999999
 31
0.0
  0
LINE
  5
23D
330
1F
100
AcDbEntity
  8
Edge.Cuts
100
AcDbLine
 10
147.202859
 20
-97.63852899999999
 30
0.0
 11
147.48702
 21
-97.606512
 31
0.0
  0
LINE
  5
23E
330
1F
100
AcDbEntity
  8
Edge.Cuts
100
AcDbLine
 10
147.48702
 20
-97.606512
 30
0.0
 11
147.77298
 21
-97.606512
 31
0.0
  0
LINE
  5
23F
330
1F
100
AcDbEntity
  8
Edge.Cuts
100
AcDbLine
 10
147.77298
 20
-97.606512
 30
0.0
 11
148.057141
 21
-97.63852899999999
 31
0.0
  0
LINE
  5
240
330
1F
100
AcDbEntity
  8
Edge.Cuts
100
AcDbLine
 10
146.3161733145281
 20
-92.47776600000006
 30
0.0
 11
149.0992203145281
 21
-95.32814400000008
 31
0.0
  0
LINE
  5
241
330
1F
100
AcDbEntity
  8
Edge.Cuts
100
AcDbLine
 10
151.3351763400518
 20
-96.26999799999923
 30
0.0
 11
164.3729753145281
 21
-96.26999799999923
 31
0.0
  0
LINE
  5
242
330
1F
100
AcDbEntity
  8
Edge.Cuts
100
AcDbLine
 10
167.1832153145281
 20
-97.86327899999924
 30
0.0
 11
168.1699623145281
 21
-99.51218899999924
 31
0.0
  0
LINE
  5
243
330
1F
100
AcDbEntity
  8
Edge.Cuts
100
AcDbLine
 10
170.8514883145281
 20
-101.0324959999993
 30
0.0
 11
208.4899893145281
 21
-101.0324959999993
 31
0.0
  0
LINE
  5
244
330
1F
100
AcDbEntity
  8
Edge.Cuts
100
AcDbLine
 10
211.7749893145281
 20
-104.3074959999992
 30
0.0
 11
211.7749973145281
 21
-175.7000079999993
 31
0.0
  0
LINE
  5
245
330
1F
100
AcDbEntity
  8
Edge.Cuts
100
AcDbLine
 10
211.3643903145281
 20
-177.2214199999993
 30
0.0
 11
202.8278313145281
 21
-192.6217789999993
 31
0.0
  0
LINE
  5
246
330
1F
100
AcDbEntity
  8
Edge.Cuts
100
AcDbLine
 10
198.3760263145281
 20
-193.8985649999993
 30
0.0
 11
198.3758493145281
 21
-193.8984889999993
 31
0.0
  0
LINE
  5
247
330
1F
100
AcDbEntity
  8
Edge.Cuts
100
AcDbLine
 10
198.3758493145281
 20
-193.8984889999993
 30
0.0
 11
193.7637893145281
 21
-191.3556779999993
 31
0.0
  0
LINE
  5
248
330
1F
100
AcDbEntity
  8
Edge.Cuts
100
AcDbLine
 10
193.7637893145281
 20
-191.3556779999993
 30
0.0
 11
193.7635183145281
 21
-191.3554919999993
 31
0.0
  0
LINE
  5
249
330
1F
100
AcDbEntity
  8
Edge.Cuts
100
AcDbLine
 10
193.7635183145281
 20
-191.3554919999993
 30
0.0
 11
193.7632183145281
 21
-191.3553599999993
 31
0.0
  0
LINE
  5
24A
330
1F
100
AcDbEntity
  8
Edge.Cuts
100
AcDbLine
 10
157.1693413145281
 20
-180.9149969999993
 30
0.0
 11
145.974281314528
 21
-180.8849989999993
 31
0.0
  0
LINE
  5
24B
330
1F
100
AcDbEntity
  8
Edge.Cuts
100
AcDbLine
 10
145.974281314528
 20
-180.8849989999993
 30
0.0
 11
145.9740953145281
 21
-180.8849799999993
 31
0.0
  0
LINE
  5
24C
330
1F
100
AcDbEntity
  8
Edge.Cuts
100
AcDbLine
 10
143.4656249999869
 20
-179.715055000011
 30
0.0
 11
128.6889469272678
 21
-162.1038569133426
 31
0.0
  0
LINE
  5
24D
330
1F
100
AcDbEntity
  8
Edge.Cuts
100
AcDbLine
 10
126.2950000003826
 20
-160.987499
 30
0.0
 11
73.38724099999999
 21
-160.987499
 31
0.0
  0
LINE
  5
24E
330
1F
100
AcDbEntity
  8
Edge.Cuts
100
AcDbLine
 10
70.11224100000001
 20
-157.712499
 30
0.0
 11
70.11224100000001
 21
-104.2925
 31
0.0
  0
LINE
  5
24F
330
1F
100
AcDbEntity
  8
Edge.Cuts
100
AcDbLine
 10
73.38724099999999
 20
-101.017502
 30
0.0
 11
88.187241
 21
-101.017502
 31
0.0
  0
LINE
  5
250
330
1F
100
AcDbEntity
  8
Edge.Cuts
100
AcDbLine
 10
88.187241
 20
-101.017502
 30
0.0
 11
88.1874380000065
 21
-101.0175209999997
 31
0.0
  0
LINE
  5
251
330
1F
100
AcDbEntity
  8
Edge.Cuts
100
AcDbLine
 10
88.1874380000065
 20
-101.0175209999997
 30
0.0
 11
88.18763600000325
 21
-101.017503
 31
0.0
  0
LINE
  5
252
330
1F
100
AcDbEntity
  8
Edge.Cuts
100
AcDbLine
 10
88.18763600000325
 20
-101.017503
 30
0.0
 11
91.03744499999999
 21
-101.032502
 31
0.0
  0
LINE
  5
253
330
1F
100
AcDbEntity
  8
Edge.Cuts
100
AcDbLine
 10
91.03744499999999
 20
-101.032502
 30
0.0
 11
105.4229833186508
 21
-101.032502
 31
0.0
  0
LINE
  5
254
330
1F
100
AcDbEntity
  8
Edge.Cuts
100
AcDbLine
 10
108.1045093198189
 20
-99.5121949980484
 30
0.0
 11
109.091259318651
 21
-97.86328400000006
 31
0.0
  0
LINE
  5
255
330
1F
100
AcDbEntity
  8
Edge.Cuts
100
AcDbLine
 10
111.901499318651
 20
-96.27000300000007
 30
0.0
 11
124.9042493145281
 21
-96.27000300000007
 31
0.0
  0
LINE
  5
256
330
1F
100
AcDbEntity
  8
Edge.Cuts
100
AcDbLine
 10
127.1802793144011
 20
-95.28633700013492
 30
0.0
 11
129.9186453145281
 21
-92.37571900000003
 31
0.0
  0
LINE
  5
257
330
1F
100
AcDbEntity
  8
Edge.Cuts
100
AcDbLine
 10
132.3448593145281
 20
-91.34509300000003
 30
0.0
 11
144.0138203145281
 21
-91.49095400000004
 31
0.0
  0
LINE
  5
258
330
1F
100
AcDbEntity
  8
Edge.Cuts
100
AcDbLine
 10
185.7749952506797
 20
-122.8973931477569
 30
0.0
 11
185.7749952506797
 21
-167.897393147757
 31
0.0
  0
LINE
  5
259
330
1F
100
AcDbEntity
  8
Edge.Cuts
100
AcDbLine
 10
228.5073699981619
 20
-123.0875352781192
 30
0.0
 11
228.4450000000001
 21
-168.23750000001
 31
0.0
  0
LINE
  5
25A
330
1F
100
AcDbEntity
  8
Edge.Cuts
100
AcDbLine
 10
90.019993
 20
-106.992498
 30
0.0
 11
90.019993
 21
-109.0125
 31
0.0
  0
LINE
  5
25B
330
1F
100
AcDbEntity
  8
Edge.Cuts
100
AcDbLine
 10
72.52999999999997
 20
-106.242498
 30
0.0
 11
89.26999299999999
 21
-106.242498
 31
0.0
  0
LINE
  5
25C
330
1F
100
AcDbEntity
  8
Edge.Cuts
100
AcDbLine
 10
89.26999299999997
 20
-109.7625
 30
0.0
 11
72.53000000000003
 21
-109.7625
 31
0.0
  0
LINE
  5
25D
330
1F
100
AcDbEntity
  8
Edge.Cuts
100
AcDbLine
 10
71.78
 20
-109.0125
 30
0.0
 11
71.78
 21
-106.992498
 31
0.0
  0
LINE
  5
25E
330
1F
100
AcDbEntity
  8
Edge.Cuts
100
AcDbLine
 10
350.1
 20
-109.012501
 30
0.0
 11
350.1
 21
-106.992506
 31
0.0
  0
LINE
  5
25F
330
1F
100
AcDbEntity
  8
Edge.Cuts
100
AcDbLine
 10
350.85
 20
-106.242506
 30
0.0
 11
367.5699849999999
 21
-106.242506
 31
0.0
  0
LINE
  5
260
330
1F
100
AcDbEntity
  8
Edge.Cuts
100
AcDbLine
 10
368.319985
 20
-106.992506
 30
0.0
 11
368.3199849999999
 21
-109.0125009999999
 31
0.0
  0
LINE
  5
261
330
1F
100
AcDbEntity
  8
Edge.Cuts
100
AcDbLine
 10
367.569985
 20
-109.7625009999999
 30
0.0
 11
350.85
 21
-109.762501
 31
0.0
  0
LINE
  5
262
330
1F
100
AcDbEntity
  8
Edge.Cuts
100
AcDbLine
 10
367.569985
 20
-106.242506
 30
0.0
 11
369.569985
 21
-106.242506
 31
0.0
  0
LINE
  5
263
330
1F
100
AcDbEntity
  8
Edge.Cuts
100
AcDbLine
 10
369.569985
 20
-106.242506
 30
0.0
 11
369.5699849999999
 21
-109.7625009999999
 31
0.0
  0
LINE
  5
264
330
1F
100
AcDbEntity
  8
Edge.Cuts
100
AcDbLine
 10
369.5699849999999
 20
-109.7625009999999
 30
0.0
 11
367.569985
 21
-109.7625009999999
 31
0.0
  0
LINE
  5
265
330
1F
100
AcDbEntity
  8
Edge.Cuts
100
AcDbLine
 10
350.85
 20
-106.242506
 30
0.0
 11
348.85
 21
-106.242506
 31
0.0
  0
LINE
  5
266
330
1F
100
AcDbEntity
  8
Edge.Cuts
100
AcDbLine
 10
348.85
 20
-109.762501
 30
0.0
 11
350.85
 21
-109.762501
 31
0.0
  0
LINE
  5
267
330
1F
100
AcDbEntity
  8
Edge.Cuts
100
AcDbLine
 10
89.26999299999999
 20
-106.242498
 30
0.0
 11
91.26999300000001
 21
-106.242498
 31
0.0
  0
LINE
  5
268
330
1F
100
AcDbEntity
  8
Edge.Cuts
100
AcDbLine
 10
91.26999300000001
 20
-106.242498
 30
0.0
 11
91.26999300000001
 21
-109.7625
 31
0.0
  0
LINE
  5
269
330
1F
100
AcDbEntity
  8
Edge.Cuts
100
AcDbLine
 10
91.26999300000001
 20
-109.7625
 30
0.0
 11
89.26999299999999
 21
-109.7625
 31
0.0
  0
LINE
  5
26A
330
1F
100
AcDbEntity
  8
Edge.Cuts
100
AcDbLine
 10
72.53
 20
-106.242498
 30
0.0
 11
70.53000000000002
 21
-106.242498
 31
0.0
  0
LINE
  5
26B
330
1F
100
AcDbEntity
  8
Edge.Cuts
100
AcDbLine
 10
70.53000000000002
 20
-106.242498
 30
0.0
 11
70.53000000000013
 21
-109.7625
 31
0.0
  0
LINE
  5
26C
330
1F
100
AcDbEntity
  8
Edge.Cuts
100
AcDbLine
 10
70.53000000000013
 20
-109.7625
 30
0.0
 11
72.53
 21
-109.7625
 31
0.0
  0
LINE
  5
26D
330
1F
100
AcDbEntity
  8
Edge.Cuts
100
AcDbLine
 10
215.2749893158398
 20
-104.3067334683902
 30
0.0
 11
215.2749973204473
 21
-175.7403637833962
 31
0.0
  0
LINE
  5
26E
330
1F
100
AcDbEntity
  8
Edge.Cuts
100
AcDbLine
 10
205.8890128984485
 20
-194.3185899270416
 30
0.0
 11
214.4303975797623
 21
-178.9095251681225
 31
0.0
  0
LINE
  5
26F
330
1F
100
AcDbEntity
  8
Edge.Cuts
100
AcDbLine
 10
196.8367459232057
 20
-197.0466312509097
 30
0.0
 11
196.862473056156
 21
-197.0576779294678
 31
0.0
  0
LINE
  5
270
330
1F
100
AcDbEntity
  8
Edge.Cuts
100
AcDbLine
 10
191.9241801424389
 20
-194.3381395345059
 30
0.0
 11
196.8367459232057
 21
-197.0466312509097
 31
0.0
  0
LINE
  5
271
330
1F
100
AcDbEntity
  8
Edge.Cuts
100
AcDbLine
 10
191.911605365463
 20
-194.329508875771
 30
0.0
 11
191.9241801424389
 21
-194.3381395345059
 31
0.0
  0
LINE
  5
272
330
1F
100
AcDbEntity
  8
Edge.Cuts
100
AcDbLine
 10
145.9051770050257
 20
-184.3848263950258
 30
0.0
 11
157.1386462338664
 21
-184.4149273154253
 31
0.0
  0
LINE
  5
273
330
1F
100
AcDbEntity
  8
Edge.Cuts
100
AcDbLine
 10
66.61224099999998
 20
-104.2924996946564
 30
0.0
 11
66.61224099999998
 21
-157.712499
 31
0.0
  0
LINE
  5
274
330
1F
100
AcDbEntity
  8
Edge.Cuts
100
AcDbLine
 10
88.35563203244742
 20
-97.517502
 30
0.0
 11
73.38724099999995
 21
-97.517502
 31
0.0
  0
LINE
  5
275
330
1F
100
AcDbEntity
  8
Edge.Cuts
100
AcDbLine
 10
88.36480818240838
 20
-97.51838700934516
 30
0.0
 11
88.35563203244742
 21
-97.517502
 31
0.0
  0
LINE
  5
276
330
1F
100
AcDbEntity
  8
Edge.Cuts
100
AcDbLine
 10
91.04665546577472
 20
-97.53250200000006
 30
0.0
 11
88.36480818240838
 21
-97.51838700934516
 31
0.0
  0
LINE
  5
277
330
1F
100
AcDbEntity
  8
Edge.Cuts
100
AcDbLine
 10
144.0574297062593
 20
-87.99122569058889
 30
0.0
 11
132.3575244362553
 21
-87.84497788989881
 31
0.0
  0
LINE
  5
278
330
1F
100
AcDbEntity
  8
Edge.Cuts
100
AcDbLine
 10
224.9450119999999
 20
-104.3100099996952
 30
0.0
 11
224.9450119999999
 21
-123.0875
 31
0.0
  0
LINE
  5
279
330
1F
100
AcDbEntity
  8
Edge.Cuts
100
AcDbLine
 10
224.9450119999998
 20
-123.0875
 30
0.0
 11
224.9450000000001
 21
-168.2374990697674
 31
0.0
  0
LINE
  5
27A
330
1F
100
AcDbEntity
  8
Edge.Cuts
100
AcDbLine
 10
224.945
 20
-168.2374990697674
 30
0.0
 11
224.945
 21
-175.7253607985057
 31
0.0
  0
LINE
  5
27B
330
1F
100
AcDbEntity
  8
Edge.Cuts
100
AcDbLine
 10
225.7757718881667
 20
-178.837696445146
 30
0.0
 11
234.3166740764827
 21
-194.2458907637176
 31
0.0
  0
LINE
  5
27C
330
1F
100
AcDbEntity
  8
Edge.Cuts
100
AcDbLine
 10
243.3285662941879
 20
-196.8252328455152
 30
0.0
 11
250.0999059794827
 21
-193.0440832465389
 31
0.0
  0
LINE
  5
27D
330
1F
100
AcDbEntity
  8
Edge.Cuts
100
AcDbLine
 10
283.4839463896578
 20
-184.2448392265907
 30
0.0
 11
293.9368196825274
 21
-184.2351516711466
 31
0.0
  0
LINE
  5
27E
330
1F
100
AcDbEntity
  8
Edge.Cuts
100
AcDbLine
 10
293.9368196825274
 20
-184.2351516711466
 30
0.0
 11
293.9697284689811
 21
-184.2382562736406
 31
0.0
  0
LINE
  5
27F
330
1F
100
AcDbEntity
  8
Edge.Cuts
100
AcDbLine
 10
373.3122379997831
 20
-157.7124999996489
 30
0.0
 11
373.3122379997831
 21
-104.2924999996489
 31
0.0
  0
LINE
  5
280
330
1F
100
AcDbEntity
  8
Edge.Cuts
100
AcDbLine
 10
366.6872344211952
 20
-97.66750127763784
 30
0.0
 11
351.8782320086905
 21
-97.66750127763784
 31
0.0
  0
LINE
  5
281
330
1F
100
AcDbEntity
  8
Edge.Cuts
100
AcDbLine
 10
351.8782320086905
 20
-97.66750127763784
 30
0.0
 11
349.195987436019
 21
-97.68161835928977
 31
0.0
  0
LINE
  5
282
330
1F
100
AcDbEntity
  8
Edge.Cuts
100
AcDbLine
 10
307.7186236196947
 20
-87.9949768867334
 30
0.0
 11
296.0187929181718
 21
-88.141224682771
 31
0.0
  0
LINE
  5
283
330
1F
100
AcDbEntity
  8
Edge.Cuts
100
AcDbLine
 10
254.5071126152793
 20
-123.2032238413022
 30
0.0
 11
228.5073699981619
 21
-123.0875352781192
 31
0.0
  0
LINE
  5
284
330
1F
100
AcDbEntity
  8
Edge.Cuts
100
AcDbLine
 10
254.4449773500357
 20
-168.2031809436019
 30
0.0
 11
228.4450000000001
 21
-168.23750000001
 31
0.0
  0
LINE
  5
285
330
1F
100
AcDbEntity
  8
Edge.Cuts
100
AcDbLine
 10
126.86947241639
 20
-165.3805856070626
 30
0.0
 11
140.8252457770081
 21
-182.0134098383932
 31
0.0
  0
LINE
  5
286
330
1F
100
AcDbEntity
  8
Edge.Cuts
100
AcDbLine
 10
73.38724099999999
 20
-164.487499
 30
0.0
 11
124.9543146297838
 21
-164.487499
 31
0.0
  0
LINE
  5
287
330
1F
100
AcDbEntity
  8
Edge.Cuts
100
AcDbLine
 10
208.489227070779
 20
-97.53249609171755
 30
0.0
 11
172.4814886341424
 21
-97.53249609171755
 31
0.0
  0
LINE
  5
288
330
1F
100
AcDbEntity
  8
Edge.Cuts
100
AcDbLine
 10
170.3362660184994
 20
-96.31624837675308
 30
0.0
 11
170.1922861489379
 21
-96.07564987813211
 31
0.0
  0
LINE
  5
289
330
1F
100
AcDbEntity
  8
Edge.Cuts
100
AcDbLine
 10
164.3617576689319
 20
-92.76999809171754
 30
0.0
 11
152.5462182141637
 21
-92.76999809171754
 31
0.0
  0
LINE
  5
28A
330
1F
100
AcDbEntity
  8
Edge.Cuts
100
AcDbLine
 10
150.7574505746481
 20
-92.01651185685708
 30
0.0
 11
148.8209460771683
 21
-90.0331569884279
 31
0.0
  0
LINE
  5
28B
330
1F
100
AcDbEntity
  8
Edge.Cuts
100
AcDbLine
 10
127.3907907588951
 20
-89.95478579944952
 30
0.0
 11
125.4825415592083
 21
-91.98306999122445
 31
0.0
  0
LINE
  5
28C
330
1F
100
AcDbEntity
  8
Edge.Cuts
100
AcDbLine
 10
123.6617171625195
 20
-92.77000300000007
 30
0.0
 11
111.912716914748
 21
-92.77000300000007
 31
0.0
  0
LINE
  5
28D
330
1F
100
AcDbEntity
  8
Edge.Cuts
100
AcDbLine
 10
106.0821895629835
 20
-96.07565287761415
 30
0.0
 11
105.8567754852731
 21
-96.45233162328587
 31
0.0
  0
LINE
  5
28E
330
1F
100
AcDbEntity
  8
Edge.Cuts
100
AcDbLine
 10
103.7990865289826
 20
-97.532502
 30
0.0
 11
91.04665546577472
 21
-97.532502
 31
0.0
  0
LINE
  5
28F
330
1F
100
AcDbEntity
  8
Edge.Cuts
100
AcDbLine
 10
315.050217710835
 20
-164.3374989996489
 30
0.0
 11
366.6872389997847
 21
-164.3374989996489
 31
0.0
  0
LINE
  5
290
330
1F
100
AcDbEntity
  8
Edge.Cuts
100
AcDbLine
 10
299.1345740897718
 20
-181.9166992329822
 30
0.0
 11
313.1350599242311
 21
-165.2305856067087
 31
0.0
  0
LINE
  5
291
330
1F
100
AcDbEntity
  8
Edge.Cuts
100
AcDbLine
 10
348.8600289488048
 20
-97.68250127763828
 30
0.0
 11
336.1865114037577
 21
-97.68250127763828
 31
0.0
  0
LINE
  5
292
330
1F
100
AcDbEntity
  8
Edge.Cuts
100
AcDbLine
 10
328.1618488275552
 20
-92.92000827763827
 30
0.0
 11
316.3479413919852
 21
-92.92000827763827
 31
0.0
  0
LINE
  5
293
330
1F
100
AcDbEntity
  8
Edge.Cuts
100
AcDbLine
 10
314.5271169583429
 20
-92.13307522958473
 30
0.0
 11
312.5745974391845
 21
-90.05773588361947
 31
0.0
  0
LINE
  5
294
330
1F
100
AcDbEntity
  8
Edge.Cuts
100
AcDbLine
 10
291.3606962744477
 20
-90.13813095913345
 30
0.0
 11
289.380217294527
 21
-92.1665241964122
 31
0.0
  0
LINE
  5
295
330
1F
100
AcDbEntity
  8
Edge.Cuts
100
AcDbLine
 10
287.5914496550113
 20
-92.92001043127267
 30
0.0
 11
275.7126441228031
 21
-92.92001043127267
 31
0.0
  0
LINE
  5
296
330
1F
100
AcDbEntity
  8
Edge.Cuts
100
AcDbLine
 10
270.0109530667632
 20
-96.15261907239939
 30
0.0
 11
269.8232622985592
 21
-96.46626114305177
 31
0.0
  0
LINE
  5
297
330
1F
100
AcDbEntity
  8
Edge.Cuts
100
AcDbLine
 10
267.678039339866
 20
-97.68250943127268
 30
0.0
 11
231.5777065690318
 21
-97.68250943127268
 31
0.0
  0
LINE
  5
298
330
1F
100
AcDbEntity
  8
Edge.Cuts
100
AcDbLine
 10
349.195987436019
 20
-97.68161835928977
 30
0.0
 11
348.8600289488048
 21
-97.68250127763828
 31
0.0
  0
LINE
  5
299
330
1F
100
AcDbEntity
  8
Edge.Cuts
100
AcDbLine
 10
347.087241
 20
-123.9575
 30
0.0
 11
347.087241
 21
-137.9575
 31
0.0
  0
LINE
  5
29A
330
1F
100
AcDbEntity
  8
Edge.Cuts
100
AcDbLine
 10
347.087241
 20
-137.9575
 30
0.0
 11
347.083435
 21
-137.976634
 31
0.0
  0
LINE
  5
29B
330
1F
100
AcDbEntity
  8
Edge.Cuts
100
AcDbLine
 10
347.083435
 20
-137.976634
 30
0.0
 11
347.056375
 21
-138.003694
 31
0.0
  0
LINE
  5
29C
330
1F
100
AcDbEntity
  8
Edge.Cuts
100
AcDbLine
 10
347.056375
 20
-138.003694
 30
0.0
 11
347.037241
 21
-138.0075
 31
0.0
  0
LINE
  5
29D
330
1F
100
AcDbEntity
  8
Edge.Cuts
100
AcDbLine
 10
347.037241
 20
-138.0075
 30
0.0
 11
333.037241
 21
-138.0075
 31
0.0
  0
LINE
  5
29E
330
1F
100
AcDbEntity
  8
Edge.Cuts
100
AcDbLine
 10
333.037241
 20
-138.0075
 30
0.0
 11
333.018107
 21
-138.003694
 31
0.0
  0
LINE
  5
29F
330
1F
100
AcDbEntity
  8
Edge.Cuts
100
AcDbLine
 10
333.0181069999999
 20
-138.003694
 30
0.0
 11
332.991047
 21
-137.976634
 31
0.0
  0
LINE
  5
2A0
330
1F
100
AcDbEntity
  8
Edge.Cuts
100
AcDbLine
 10
332.991047
 20
-137.976634
 30
0.0
 11
332.987241
 21
-137.9575
 31
0.0
  0
LINE
  5
2A1
330
1F
100
AcDbEntity
  8
Edge.Cuts
100
AcDbLine
 10
332.987241
 20
-137.9575
 30
0.0
 11
332.987241
 21
-123.9575
 31
0.0
  0
LINE
  5
2A2
330
1F
100
AcDbEntity
  8
Edge.Cuts
100
AcDbLine
 10
332.987241
 20
-123.9575
 30
0.0
 11
332.991047
 21
-123.938366
 31
0.0
  0
LINE
  5
2A3
330
1F
100
AcDbEntity
  8
Edge.Cuts
100
AcDbLine
 10
332.991047
 20
-123.938366
 30
0.0
 11
333.018107
 21
-123.911306
 31
0.0
  0
LINE
  5
2A4
330
1F
100
AcDbEntity
  8
Edge.Cuts
100
AcDbLine
 10
333.018107
 20
-123.911306
 30
0.0
 11
333.037241
 21
-123.9075
 31
0.0
  0
LINE
  5
2A5
330
1F
100
AcDbEntity
  8
Edge.Cuts
100
AcDbLine
 10
333.037241
 20
-123.9075
 30
0.0
 11
347.037241
 21
-123.9075
 31
0.0
  0
LINE
  5
2A6
330
1F
100
AcDbEntity
  8
Edge.Cuts
100
AcDbLine
 10
347.037241
 20
-123.9075
 30
0.0
 11
347.056375
 21
-123.911306
 31
0.0
  0
LINE
  5
2A7
330
1F
100
AcDbEntity
  8
Edge.Cuts
100
AcDbLine
 10
347.056375
 20
-123.911306
 30
0.0
 11
347.083435
 21
-123.938366
 31
0.0
  0
LINE
  5
2A8
330
1F
100
AcDbEntity
  8
Edge.Cuts
100
AcDbLine
 10
347.083435
 20
-123.938366
 30
0.0
 11
347.0872409999999
 21
-123.9575
 31
0.0
  0
LINE
  5
2A9
330
1F
100
AcDbEntity
  8
Edge.Cuts
100
AcDbLine
 10
366.137241
 20
-114.4325
 30
0.0
 11
366.137241
 21
-128.4325
 31
0.0
  0
LINE
  5
2AA
330
1F
100
AcDbEntity
  8
Edge.Cuts
100
AcDbLine
 10
366.137241
 20
-128.4325
 30
0.0
 11
366.133435
 21
-128.451634
 31
0.0
  0
LINE
  5
2AB
330
1F
100
AcDbEntity
  8
Edge.Cuts
100
AcDbLine
 10
366.133435
 20
-128.451634
 30
0.0
 11
366.106375
 21
-128.478694
 31
0.0
  0
LINE
  5
2AC
330
1F
100
AcDbEntity
  8
Edge.Cuts
100
AcDbLine
 10
366.106375
 20
-128.478694
 30
0.0
 11
366.087241
 21
-128.4825
 31
0.0
  0
LINE
  5
2AD
330
1F
100
AcDbEntity
  8
Edge.Cuts
100
AcDbLine
 10
366.087241
 20
-128.4825
 30
0.0
 11
352.087241
 21
-128.4825
 31
0.0
  0
LINE
  5
2AE
330
1F
100
AcDbEntity
  8
Edge.Cuts
100
AcDbLine
 10
352.087241
 20
-128.4825
 30
0.0
 11
352.0681069999999
 21
-128.478694
 31
0.0
  0
LINE
  5
2AF
330
1F
100
AcDbEntity
  8
Edge.Cuts
100
AcDbLine
 10
352.0681069999999
 20
-128.478694
 30
0.0
 11
352.041047
 21
-128.451634
 31
0.0
  0
LINE
  5
2B0
330
1F
100
AcDbEntity
  8
Edge.Cuts
100
AcDbLine
 10
352.041047
 20
-128.451634
 30
0.0
 11
352.0372410000001
 21
-128.4325
 31
0.0
  0
LINE
  5
2B1
330
1F
100
AcDbEntity
  8
Edge.Cuts
100
AcDbLine
 10
352.037241
 20
-128.4325
 30
0.0
 11
352.037241
 21
-114.4325
 31
0.0
  0
LINE
  5
2B2
330
1F
100
AcDbEntity
  8
Edge.Cuts
100
AcDbLine
 10
352.037241
 20
-114.4325
 30
0.0
 11
352.041047
 21
-114.413366
 31
0.0
  0
LINE
  5
2B3
330
1F
100
AcDbEntity
  8
Edge.Cuts
100
AcDbLine
 10
352.041047
 20
-114.413366
 30
0.0
 11
352.0681069999999
 21
-114.386306
 31
0.0
  0
LINE
  5
2B4
330
1F
100
AcDbEntity
  8
Edge.Cuts
100
AcDbLine
 10
352.0681069999999
 20
-114.386306
 30
0.0
 11
352.087241
 21
-114.3825
 31
0.0
  0
LINE
  5
2B5
330
1F
100
AcDbEntity
  8
Edge.Cuts
100
AcDbLine
 10
352.087241
 20
-114.3825
 30
0.0
 11
366.087241
 21
-114.3825
 31
0.0
  0
LINE
  5
2B6
330
1F
100
AcDbEntity
  8
Edge.Cuts
100
AcDbLine
 10
366.087241
 20
-114.3825
 30
0.0
 11
366.106375
 21
-114.386306
 31
0.0
  0
LINE
  5
2B7
330
1F
100
AcDbEntity
  8
Edge.Cuts
100
AcDbLine
 10
366.106375
 20
-114.386306
 30
0.0
 11
366.133435
 21
-114.413366
 31
0.0
  0
LINE
  5
2B8
330
1F
100
AcDbEntity
  8
Edge.Cuts
100
AcDbLine
 10
366.133435
 20
-114.413366
 30
0.0
 11
366.137241
 21
-114.4325
 31
0.0
  0
LINE
  5
2B9
330
1F
100
AcDbEntity
  8
Edge.Cuts
100
AcDbLine
 10
347.037241
 20
-118.9575
 30
0.0
 11
333.037241
 21
-118.9575
 31
0.0
  0
LINE
  5
2BA
330
1F
100
AcDbEntity
  8
Edge.Cuts
100
AcDbLine
 10
333.037241
 20
-118.9575
 30
0.0
 11
333.018107
 21
-118.953694
 31
0.0
  0
LINE
  5
2BB
330
1F
100
AcDbEntity
  8
Edge.Cuts
100
AcDbLine
 10
333.018107
 20
-118.953694
 30
0.0
 11
332.991047
 21
-118.926634
 31
0.0
  0
LINE
  5
2BC
330
1F
100
AcDbEntity
  8
Edge.Cuts
100
AcDbLine
 10
332.991047
 20
-118.926634
 30
0.0
 11
332.987241
 21
-118.9075
 31
0.0
  0
LINE
  5
2BD
330
1F
100
AcDbEntity
  8
Edge.Cuts
100
AcDbLine
 10
332.987241
 20
-118.9075
 30
0.0
 11
332.987241
 21
-104.9075
 31
0.0
  0
LINE
  5
2BE
330
1F
100
AcDbEntity
  8
Edge.Cuts
100
AcDbLine
 10
332.987241
 20
-104.9075
 30
0.0
 11
332.991047
 21
-104.888366
 31
0.0
  0
LINE
  5
2BF
330
1F
100
AcDbEntity
  8
Edge.Cuts
100
AcDbLine
 10
332.991047
 20
-104.888366
 30
0.0
 11
333.018107
 21
-104.861306
 31
0.0
  0
LINE
  5
2C0
330
1F
100
AcDbEntity
  8
Edge.Cuts
100
AcDbLine
 10
333.018107
 20
-104.861306
 30
0.0
 11
333.037241
 21
-104.8575
 31
0.0
  0
LINE
  5
2C1
330
1F
100
AcDbEntity
  8
Edge.Cuts
100
AcDbLine
 10
333.037241
 20
-104.8575
 30
0.0
 11
347.037241
 21
-104.8575
 31
0.0
  0
LINE
  5
2C2
330
1F
100
AcDbEntity
  8
Edge.Cuts
100
AcDbLine
 10
347.037241
 20
-104.8575
 30
0.0
 11
347.056375
 21
-104.861306
 31
0.0
  0
LINE
  5
2C3
330
1F
100
AcDbEntity
  8
Edge.Cuts
100
AcDbLine
 10
347.056375
 20
-104.861306
 30
0.0
 11
347.083435
 21
-104.888366
 31
0.0
  0
LINE
  5
2C4
330
1F
100
AcDbEntity
  8
Edge.Cuts
100
AcDbLine
 10
347.083435
 20
-104.888366
 30
0.0
 11
347.087241
 21
-104.9075
 31
0.0
  0
LINE
  5
2C5
330
1F
100
AcDbEntity
  8
Edge.Cuts
100
AcDbLine
 10
347.087241
 20
-104.9075
 30
0.0
 11
347.087241
 21
-118.9075
 31
0.0
  0
LINE
  5
2C6
330
1F
100
AcDbEntity
  8
Edge.Cuts
100
AcDbLine
 10
347.087241
 20
-118.9075
 30
0.0
 11
347.083435
 21
-118.926634
 31
0.0
  0
LINE
  5
2C7
330
1F
100
AcDbEntity
  8
Edge.Cuts
100
AcDbLine
 10
347.083435
 20
-118.926634
 30
0.0
 11
347.056375
 21
-118.953694
 31
0.0
  0
LINE
  5
2C8
330
1F
100
AcDbEntity
  8
Edge.Cuts
100
AcDbLine
 10
347.056375
 20
-118.953694
 30
0.0
 11
347.037241
 21
-118.9575
 31
0.0
  0
LINE
  5
2C9
330
1F
100
AcDbEntity
  8
Edge.Cuts
100
AcDbLine
 10
350.85
 20
-109.762501
 30
0.0
 11
367.569985
 21
-109.7625009999999
 31
0.0
  0
LINE
  5
2CA
330
1F
100
AcDbEntity
  8
Edge.Cuts
100
AcDbLine
 10
350.1
 20
-106.992506
 30
0.0
 11
350.1
 21
-109.012501
 31
0.0
  0
LINE
  5
2CB
330
1F
100
AcDbEntity
  8
Edge.Cuts
100
AcDbLine
 10
367.5699849999999
 20
-106.242506
 30
0.0
 11
350.85
 21
-106.242506
 31
0.0
  0
LINE
  5
2CC
330
1F
100
AcDbEntity
  8
Edge.Cuts
100
AcDbLine
 10
368.319985
 20
-109.0125009999999
 30
0.0
 11
368.319985
 21
-106.992506
 31
0.0
  0
LINE
  5
2CD
330
1F
100
AcDbEntity
  8
Edge.Cuts
100
AcDbLine
 10
270.887241
 20
-123.9575
 30
0.0
 11
270.887241
 21
-137.9575
 31
0.0
  0
LINE
  5
2CE
330
1F
100
AcDbEntity
  8
Edge.Cuts
100
AcDbLine
 10
270.887241
 20
-137.9575
 30
0.0
 11
270.883435
 21
-137.976634
 31
0.0
  0
LINE
  5
2CF
330
1F
100
AcDbEntity
  8
Edge.Cuts
100
AcDbLine
 10
270.883435
 20
-137.976634
 30
0.0
 11
270.856375
 21
-138.003694
 31
0.0
  0
LINE
  5
2D0
330
1F
100
AcDbEntity
  8
Edge.Cuts
100
AcDbLine
 10
270.856375
 20
-138.003694
 30
0.0
 11
270.837241
 21
-138.0075
 31
0.0
  0
LINE
  5
2D1
330
1F
100
AcDbEntity
  8
Edge.Cuts
100
AcDbLine
 10
270.837241
 20
-138.0075
 30
0.0
 11
256.8372410000001
 21
-138.0075
 31
0.0
  0
LINE
  5
2D2
330
1F
100
AcDbEntity
  8
Edge.Cuts
100
AcDbLine
 10
256.8372410000001
 20
-138.0075
 30
0.0
 11
256.8181069999999
 21
-138.003694
 31
0.0
  0
LINE
  5
2D3
330
1F
100
AcDbEntity
  8
Edge.Cuts
100
AcDbLine
 10
256.8181069999999
 20
-138.003694
 30
0.0
 11
256.791047
 21
-137.976634
 31
0.0
  0
LINE
  5
2D4
330
1F
100
AcDbEntity
  8
Edge.Cuts
100
AcDbLine
 10
256.791047
 20
-137.976634
 30
0.0
 11
256.7872409999999
 21
-137.9575
 31
0.0
  0
LINE
  5
2D5
330
1F
100
AcDbEntity
  8
Edge.Cuts
100
AcDbLine
 10
256.7872409999999
 20
-137.9575
 30
0.0
 11
256.7872409999999
 21
-123.9575
 31
0.0
  0
LINE
  5
2D6
330
1F
100
AcDbEntity
  8
Edge.Cuts
100
AcDbLine
 10
256.7872409999999
 20
-123.9575
 30
0.0
 11
256.791047
 21
-123.938366
 31
0.0
  0
LINE
  5
2D7
330
1F
100
AcDbEntity
  8
Edge.Cuts
100
AcDbLine
 10
256.791047
 20
-123.938366
 30
0.0
 11
256.8181069999999
 21
-123.911306
 31
0.0
  0
LINE
  5
2D8
330
1F
100
AcDbEntity
  8
Edge.Cuts
100
AcDbLine
 10
256.8181069999999
 20
-123.911306
 30
0.0
 11
256.8372410000001
 21
-123.9075
 31
0.0
  0
LINE
  5
2D9
330
1F
100
AcDbEntity
  8
Edge.Cuts
100
AcDbLine
 10
256.8372410000001
 20
-123.9075
 30
0.0
 11
270.837241
 21
-123.9075
 31
0.0
  0
LINE
  5
2DA
330
1F
100
AcDbEntity
  8
Edge.Cuts
100
AcDbLine
 10
270.837241
 20
-123.9075
 30
0.0
 11
270.856375
 21
-123.911306
 31
0.0
  0
LINE
  5
2DB
330
1F
100
AcDbEntity
  8
Edge.Cuts
100
AcDbLine
 10
270.856375
 20
-123.911306
 30
0.0
 11
270.883435
 21
-123.938366
 31
0.0
  0
LINE
  5
2DC
330
1F
100
AcDbEntity
  8
Edge.Cuts
100
AcDbLine
 10
270.883435
 20
-123.938366
 30
0.0
 11
270.887241
 21
-123.9575
 31
0.0
  0
LINE
  5
2DD
330
1F
100
AcDbEntity
  8
Edge.Cuts
100
AcDbLine
 10
289.937241
 20
-119.195
 30
0.0
 11
289.937241
 21
-133.195
 31
0.0
  0
LINE
  5
2DE
330
1F
100
AcDbEntity
  8
Edge.Cuts
100
AcDbLine
 10
289.9372409999999
 20
-133.195
 30
0.0
 11
289.9334349999999
 21
-133.214134
 31
0.0
  0
LINE
  5
2DF
330
1F
100
AcDbEntity
  8
Edge.Cuts
100
AcDbLine
 10
289.9334349999999
 20
-133.214134
 30
0.0
 11
289.906375
 21
-133.241194
 31
0.0
  0
LINE
  5
2E0
330
1F
100
AcDbEntity
  8
Edge.Cuts
100
AcDbLine
 10
289.906375
 20
-133.241194
 30
0.0
 11
289.887241
 21
-133.245
 31
0.0
  0
LINE
  5
2E1
330
1F
100
AcDbEntity
  8
Edge.Cuts
100
AcDbLine
 10
289.887241
 20
-133.245
 30
0.0
 11
275.887241
 21
-133.245
 31
0.0
  0
LINE
  5
2E2
330
1F
100
AcDbEntity
  8
Edge.Cuts
100
AcDbLine
 10
275.887241
 20
-133.245
 30
0.0
 11
275.868107
 21
-133.241194
 31
0.0
  0
LINE
  5
2E3
330
1F
100
AcDbEntity
  8
Edge.Cuts
100
AcDbLine
 10
275.868107
 20
-133.241194
 30
0.0
 11
275.841047
 21
-133.214134
 31
0.0
  0
LINE
  5
2E4
330
1F
100
AcDbEntity
  8
Edge.Cuts
100
AcDbLine
 10
275.8410470000001
 20
-133.214134
 30
0.0
 11
275.8372409999999
 21
-133.195
 31
0.0
  0
LINE
  5
2E5
330
1F
100
AcDbEntity
  8
Edge.Cuts
100
AcDbLine
 10
275.8372409999999
 20
-133.195
 30
0.0
 11
275.8372409999999
 21
-119.195
 31
0.0
  0
LINE
  5
2E6
330
1F
100
AcDbEntity
  8
Edge.Cuts
100
AcDbLine
 10
275.8372409999999
 20
-119.195
 30
0.0
 11
275.8410470000001
 21
-119.175866
 31
0.0
  0
LINE
  5
2E7
330
1F
100
AcDbEntity
  8
Edge.Cuts
100
AcDbLine
 10
275.8410470000001
 20
-119.175866
 30
0.0
 11
275.868107
 21
-119.148806
 31
0.0
  0
LINE
  5
2E8
330
1F
100
AcDbEntity
  8
Edge.Cuts
100
AcDbLine
 10
275.868107
 20
-119.148806
 30
0.0
 11
275.887241
 21
-119.145
 31
0.0
  0
LINE
  5
2E9
330
1F
100
AcDbEntity
  8
Edge.Cuts
100
AcDbLine
 10
275.887241
 20
-119.145
 30
0.0
 11
289.887241
 21
-119.145
 31
0.0
  0
LINE
  5
2EA
330
1F
100
AcDbEntity
  8
Edge.Cuts
100
AcDbLine
 10
289.887241
 20
-119.145
 30
0.0
 11
289.906375
 21
-119.148806
 31
0.0
  0
LINE
  5
2EB
330
1F
100
AcDbEntity
  8
Edge.Cuts
100
AcDbLine
 10
289.906375
 20
-119.148806
 30
0.0
 11
289.9334349999999
 21
-119.175866
 31
0.0
  0
LINE
  5
2EC
330
1F
100
AcDbEntity
  8
Edge.Cuts
100
AcDbLine
 10
289.9334349999999
 20
-119.175866
 30
0.0
 11
289.9372409999999
 21
-119.195
 31
0.0
  0
LINE
  5
2ED
330
1F
100
AcDbEntity
  8
Edge.Cuts
100
AcDbLine
 10
308.987241
 20
-114.4325
 30
0.0
 11
308.987241
 21
-128.4325
 31
0.0
  0
LINE
  5
2EE
330
1F
100
AcDbEntity
  8
Edge.Cuts
100
AcDbLine
 10
308.9872409999999
 20
-128.4325
 30
0.0
 11
308.9834349999999
 21
-128.451634
 31
0.0
  0
LINE
  5
2EF
330
1F
100
AcDbEntity
  8
Edge.Cuts
100
AcDbLine
 10
308.983435
 20
-128.451634
 30
0.0
 11
308.956375
 21
-128.478694
 31
0.0
  0
LINE
  5
2F0
330
1F
100
AcDbEntity
  8
Edge.Cuts
100
AcDbLine
 10
308.956375
 20
-128.478694
 30
0.0
 11
308.937241
 21
-128.4825
 31
0.0
  0
LINE
  5
2F1
330
1F
100
AcDbEntity
  8
Edge.Cuts
100
AcDbLine
 10
308.937241
 20
-128.4825
 30
0.0
 11
294.937241
 21
-128.4825
 31
0.0
  0
LINE
  5
2F2
330
1F
100
AcDbEntity
  8
Edge.Cuts
100
AcDbLine
 10
294.937241
 20
-128.4825
 30
0.0
 11
294.918107
 21
-128.478694
 31
0.0
  0
LINE
  5
2F3
330
1F
100
AcDbEntity
  8
Edge.Cuts
100
AcDbLine
 10
294.918107
 20
-128.478694
 30
0.0
 11
294.891047
 21
-128.451634
 31
0.0
  0
LINE
  5
2F4
330
1F
100
AcDbEntity
  8
Edge.Cuts
100
AcDbLine
 10
294.891047
 20
-128.451634
 30
0.0
 11
294.887241
 21
-128.4325
 31
0.0
  0
LINE
  5
2F5
330
1F
100
AcDbEntity
  8
Edge.Cuts
100
AcDbLine
 10
294.887241
 20
-128.4325
 30
0.0
 11
294.887241
 21
-114.4325
 31
0.0
  0
LINE
  5
2F6
330
1F
100
AcDbEntity
  8
Edge.Cuts
100
AcDbLine
 10
294.887241
 20
-114.4325
 30
0.0
 11
294.891047
 21
-114.413366
 31
0.0
  0
LINE
  5
2F7
330
1F
100
AcDbEntity
  8
Edge.Cuts
100
AcDbLine
 10
294.891047
 20
-114.413366
 30
0.0
 11
294.918107
 21
-114.386306
 31
0.0
  0
LINE
  5
2F8
330
1F
100
AcDbEntity
  8
Edge.Cuts
100
AcDbLine
 10
294.918107
 20
-114.386306
 30
0.0
 11
294.937241
 21
-114.3825
 31
0.0
  0
LINE
  5
2F9
330
1F
100
AcDbEntity
  8
Edge.Cuts
100
AcDbLine
 10
294.937241
 20
-114.3825
 30
0.0
 11
308.937241
 21
-114.3825
 31
0.0
  0
LINE
  5
2FA
330
1F
100
AcDbEntity
  8
Edge.Cuts
100
AcDbLine
 10
308.937241
 20
-114.3825
 30
0.0
 11
308.956375
 21
-114.386306
 31
0.0
  0
LINE
  5
2FB
330
1F
100
AcDbEntity
  8
Edge.Cuts
100
AcDbLine
 10
308.956375
 20
-114.386306
 30
0.0
 11
308.983435
 21
-114.413366
 31
0.0
  0
LINE
  5
2FC
330
1F
100
AcDbEntity
  8
Edge.Cuts
100
AcDbLine
 10
308.983435
 20
-114.413366
 30
0.0
 11
308.987241
 21
-114.4325
 31
0.0
  0
LINE
  5
2FD
330
1F
100
AcDbEntity
  8
Edge.Cuts
100
AcDbLine
 10
328.037241
 20
-119.195
 30
0.0
 11
328.037241
 21
-133.195
 31
0.0
  0
LINE
  5
2FE
330
1F
100
AcDbEntity
  8
Edge.Cuts
100
AcDbLine
 10
328.0372409999999
 20
-133.195
 30
0.0
 11
328.0334349999999
 21
-133.214134
 31
0.0
  0
LINE
  5
2FF
330
1F
100
AcDbEntity
  8
Edge.Cuts
100
AcDbLine
 10
328.033435
 20
-133.214134
 30
0.0
 11
328.006375
 21
-133.241194
 31
0.0
  0
LINE
  5
300
330
1F
100
AcDbEntity
  8
Edge.Cuts
100
AcDbLine
 10
328.006375
 20
-133.241194
 30
0.0
 11
327.987241
 21
-133.245
 31
0.0
  0
LINE
  5
301
330
1F
100
AcDbEntity
  8
Edge.Cuts
100
AcDbLine
 10
327.987241
 20
-133.245
 30
0.0
 11
313.987241
 21
-133.245
 31
0.0
  0
LINE
  5
302
330
1F
100
AcDbEntity
  8
Edge.Cuts
100
AcDbLine
 10
313.987241
 20
-133.245
 30
0.0
 11
313.968107
 21
-133.241194
 31
0.0
  0
LINE
  5
303
330
1F
100
AcDbEntity
  8
Edge.Cuts
100
AcDbLine
 10
313.968107
 20
-133.241194
 30
0.0
 11
313.941047
 21
-133.214134
 31
0.0
  0
LINE
  5
304
330
1F
100
AcDbEntity
  8
Edge.Cuts
100
AcDbLine
 10
313.941047
 20
-133.214134
 30
0.0
 11
313.937241
 21
-133.195
 31
0.0
  0
LINE
  5
305
330
1F
100
AcDbEntity
  8
Edge.Cuts
100
AcDbLine
 10
313.937241
 20
-133.195
 30
0.0
 11
313.937241
 21
-119.195
 31
0.0
  0
LINE
  5
306
330
1F
100
AcDbEntity
  8
Edge.Cuts
100
AcDbLine
 10
313.937241
 20
-119.195
 30
0.0
 11
313.941047
 21
-119.175866
 31
0.0
  0
LINE
  5
307
330
1F
100
AcDbEntity
  8
Edge.Cuts
100
AcDbLine
 10
313.941047
 20
-119.175866
 30
0.0
 11
313.968107
 21
-119.148806
 31
0.0
  0
LINE
  5
308
330
1F
100
AcDbEntity
  8
Edge.Cuts
100
AcDbLine
 10
313.968107
 20
-119.148806
 30
0.0
 11
313.987241
 21
-119.145
 31
0.0
  0
LINE
  5
309
330
1F
100
AcDbEntity
  8
Edge.Cuts
100
AcDbLine
 10
313.987241
 20
-119.145
 30
0.0
 11
327.987241
 21
-119.145
 31
0.0
  0
LINE
  5
30A
330
1F
100
AcDbEntity
  8
Edge.Cuts
100
AcDbLine
 10
327.987241
 20
-119.145
 30
0.0
 11
328.006375
 21
-119.148806
 31
0.0
  0
LINE
  5
30B
330
1F
100
AcDbEntity
  8
Edge.Cuts
100
AcDbLine
 10
328.006375
 20
-119.148806
 30
0.0
 11
328.0334349999999
 21
-119.175866
 31
0.0
  0
LINE
  5
30C
330
1F
100
AcDbEntity
  8
Edge.Cuts
100
AcDbLine
 10
328.0334349999999
 20
-119.175866
 30
0.0
 11
328.0372409999999
 21
-119.195
 31
0.0
  0
LINE
  5
30D
330
1F
100
AcDbEntity
  8
Edge.Cuts
100
AcDbLine
 10
328.006375
 20
-100.098806
 30
0.0
 11
328.033435
 21
-100.125866
 31
0.0
  0
LINE
  5
30E
330
1F
100
AcDbEntity
  8
Edge.Cuts
100
AcDbLine
 10
328.033435
 20
-100.125866
 30
0.0
 11
328.037241
 21
-100.145
 31
0.0
  0
LINE
  5
30F
330
1F
100
AcDbEntity
  8
Edge.Cuts
100
AcDbLine
 10
328.037241
 20
-100.145
 30
0.0
 11
328.037241
 21
-114.145
 31
0.0
  0
LINE
  5
310
330
1F
100
AcDbEntity
  8
Edge.Cuts
100
AcDbLine
 10
328.037241
 20
-114.145
 30
0.0
 11
328.033435
 21
-114.164134
 31
0.0
  0
LINE
  5
311
330
1F
100
AcDbEntity
  8
Edge.Cuts
100
AcDbLine
 10
328.033435
 20
-114.164134
 30
0.0
 11
328.006375
 21
-114.191194
 31
0.0
  0
LINE
  5
312
330
1F
100
AcDbEntity
  8
Edge.Cuts
100
AcDbLine
 10
328.006375
 20
-114.191194
 30
0.0
 11
327.987241
 21
-114.195
 31
0.0
  0
LINE
  5
313
330
1F
100
AcDbEntity
  8
Edge.Cuts
100
AcDbLine
 10
327.987241
 20
-114.195
 30
0.0
 11
313.987241
 21
-114.195
 31
0.0
  0
LINE
  5
314
330
1F
100
AcDbEntity
  8
Edge.Cuts
100
AcDbLine
 10
313.987241
 20
-114.195
 30
0.0
 11
313.968107
 21
-114.191194
 31
0.0
  0
LINE
  5
315
330
1F
100
AcDbEntity
  8
Edge.Cuts
100
AcDbLine
 10
313.968107
 20
-114.191194
 30
0.0
 11
313.941047
 21
-114.164134
 31
0.0
  0
LINE
  5
316
330
1F
100
AcDbEntity
  8
Edge.Cuts
100
AcDbLine
 10
313.941047
 20
-114.164134
 30
0.0
 11
313.937241
 21
-114.145
 31
0.0
  0
LINE
  5
317
330
1F
100
AcDbEntity
  8
Edge.Cuts
100
AcDbLine
 10
313.937241
 20
-114.145
 30
0.0
 11
313.937241
 21
-100.145
 31
0.0
  0
LINE
  5
318
330
1F
100
AcDbEntity
  8
Edge.Cuts
100
AcDbLine
 10
313.937241
 20
-100.145
 30
0.0
 11
313.941047
 21
-100.125866
 31
0.0
  0
LINE
  5
319
330
1F
100
AcDbEntity
  8
Edge.Cuts
100
AcDbLine
 10
313.941047
 20
-100.125866
 30
0.0
 11
313.968107
 21
-100.098806
 31
0.0
  0
LINE
  5
31A
330
1F
100
AcDbEntity
  8
Edge.Cuts
100
AcDbLine
 10
313.968107
 20
-100.098806
 30
0.0
 11
313.987241
 21
-100.095
 31
0.0
  0
LINE
  5
31B
330
1F
100
AcDbEntity
  8
Edge.Cuts
100
AcDbLine
 10
313.987241
 20
-100.095
 30
0.0
 11
327.987241
 21
-100.095
 31
0.0
  0
LINE
  5
31C
330
1F
100
AcDbEntity
  8
Edge.Cuts
100
AcDbLine
 10
327.987241
 20
-100.095
 30
0.0
 11
328.006375
 21
-100.098806
 31
0.0
  0
LINE
  5
31D
330
1F
100
AcDbEntity
  8
Edge.Cuts
100
AcDbLine
 10
275.887241
 20
-100.095
 30
0.0
 11
289.887241
 21
-100.095
 31
0.0
  0
LINE
  5
31E
330
1F
100
AcDbEntity
  8
Edge.Cuts
100
AcDbLine
 10
289.887241
 20
-100.095
 30
0.0
 11
289.906375
 21
-100.098806
 31
0.0
  0
LINE
  5
31F
330
1F
100
AcDbEntity
  8
Edge.Cuts
100
AcDbLine
 10
289.906375
 20
-100.098806
 30
0.0
 11
289.933435
 21
-100.125866
 31
0.0
  0
LINE
  5
320
330
1F
100
AcDbEntity
  8
Edge.Cuts
100
AcDbLine
 10
289.933435
 20
-100.125866
 30
0.0
 11
289.937241
 21
-100.145
 31
0.0
  0
LINE
  5
321
330
1F
100
AcDbEntity
  8
Edge.Cuts
100
AcDbLine
 10
289.937241
 20
-100.145
 30
0.0
 11
289.937241
 21
-114.145
 31
0.0
  0
LINE
  5
322
330
1F
100
AcDbEntity
  8
Edge.Cuts
100
AcDbLine
 10
289.937241
 20
-114.145
 30
0.0
 11
289.933435
 21
-114.164134
 31
0.0
  0
LINE
  5
323
330
1F
100
AcDbEntity
  8
Edge.Cuts
100
AcDbLine
 10
289.933435
 20
-114.164134
 30
0.0
 11
289.906375
 21
-114.191194
 31
0.0
  0
LINE
  5
324
330
1F
100
AcDbEntity
  8
Edge.Cuts
100
AcDbLine
 10
289.906375
 20
-114.191194
 30
0.0
 11
289.887241
 21
-114.195
 31
0.0
  0
LINE
  5
325
330
1F
100
AcDbEntity
  8
Edge.Cuts
100
AcDbLine
 10
289.887241
 20
-114.195
 30
0.0
 11
275.887241
 21
-114.195
 31
0.0
  0
LINE
  5
326
330
1F
100
AcDbEntity
  8
Edge.Cuts
100
AcDbLine
 10
275.887241
 20
-114.195
 30
0.0
 11
275.868107
 21
-114.191194
 31
0.0
  0
LINE
  5
327
330
1F
100
AcDbEntity
  8
Edge.Cuts
100
AcDbLine
 10
275.868107
 20
-114.191194
 30
0.0
 11
275.841047
 21
-114.164134
 31
0.0
  0
LINE
  5
328
330
1F
100
AcDbEntity
  8
Edge.Cuts
100
AcDbLine
 10
275.841047
 20
-114.164134
 30
0.0
 11
275.8372409999999
 21
-114.145
 31
0.0
  0
LINE
  5
329
330
1F
100
AcDbEntity
  8
Edge.Cuts
100
AcDbLine
 10
275.8372409999999
 20
-114.145
 30
0.0
 11
275.8372409999999
 21
-100.145
 31
0.0
  0
LINE
  5
32A
330
1F
100
AcDbEntity
  8
Edge.Cuts
100
AcDbLine
 10
275.8372409999999
 20
-100.145
 30
0.0
 11
275.841047
 21
-100.125866
 31
0.0
  0
LINE
  5
32B
330
1F
100
AcDbEntity
  8
Edge.Cuts
100
AcDbLine
 10
275.841047
 20
-100.125866
 30
0.0
 11
275.868107
 21
-100.098806
 31
0.0
  0
LINE
  5
32C
330
1F
100
AcDbEntity
  8
Edge.Cuts
100
AcDbLine
 10
275.868107
 20
-100.098806
 30
0.0
 11
275.887241
 21
-100.095
 31
0.0
  0
LINE
  5
32D
330
1F
100
AcDbEntity
  8
Edge.Cuts
100
AcDbLine
 10
294.891047
 20
-95.363366
 30
0.0
 11
294.918107
 21
-95.33630600000002
 31
0.0
  0
LINE
  5
32E
330
1F
100
AcDbEntity
  8
Edge.Cuts
100
AcDbLine
 10
294.918107
 20
-95.33630599999998
 30
0.0
 11
294.937241
 21
-95.33249999999997
 31
0.0
  0
LINE
  5
32F
330
1F
100
AcDbEntity
  8
Edge.Cuts
100
AcDbLine
 10
294.937241
 20
-95.33249999999998
 30
0.0
 11
308.937241
 21
-95.33249999999998
 31
0.0
  0
LINE
  5
330
330
1F
100
AcDbEntity
  8
Edge.Cuts
100
AcDbLine
 10
308.937241
 20
-95.33249999999998
 30
0.0
 11
308.956375
 21
-95.336306
 31
0.0
  0
LINE
  5
331
330
1F
100
AcDbEntity
  8
Edge.Cuts
100
AcDbLine
 10
308.956375
 20
-95.336306
 30
0.0
 11
308.983435
 21
-95.36336599999998
 31
0.0
  0
LINE
  5
332
330
1F
100
AcDbEntity
  8
Edge.Cuts
100
AcDbLine
 10
308.983435
 20
-95.36336599999998
 30
0.0
 11
308.987241
 21
-95.3825
 31
0.0
  0
LINE
  5
333
330
1F
100
AcDbEntity
  8
Edge.Cuts
100
AcDbLine
 10
308.987241
 20
-95.3825
 30
0.0
 11
308.987241
 21
-109.3825
 31
0.0
  0
LINE
  5
334
330
1F
100
AcDbEntity
  8
Edge.Cuts
100
AcDbLine
 10
308.987241
 20
-109.3825
 30
0.0
 11
308.983435
 21
-109.401634
 31
0.0
  0
LINE
  5
335
330
1F
100
AcDbEntity
  8
Edge.Cuts
100
AcDbLine
 10
308.983435
 20
-109.401634
 30
0.0
 11
308.956375
 21
-109.428694
 31
0.0
  0
LINE
  5
336
330
1F
100
AcDbEntity
  8
Edge.Cuts
100
AcDbLine
 10
308.956375
 20
-109.428694
 30
0.0
 11
308.937241
 21
-109.4325
 31
0.0
  0
LINE
  5
337
330
1F
100
AcDbEntity
  8
Edge.Cuts
100
AcDbLine
 10
308.937241
 20
-109.4325
 30
0.0
 11
294.937241
 21
-109.4325
 31
0.0
  0
LINE
  5
338
330
1F
100
AcDbEntity
  8
Edge.Cuts
100
AcDbLine
 10
294.937241
 20
-109.4325
 30
0.0
 11
294.918107
 21
-109.428694
 31
0.0
  0
LINE
  5
339
330
1F
100
AcDbEntity
  8
Edge.Cuts
100
AcDbLine
 10
294.918107
 20
-109.428694
 30
0.0
 11
294.891047
 21
-109.401634
 31
0.0
  0
LINE
  5
33A
330
1F
100
AcDbEntity
  8
Edge.Cuts
100
AcDbLine
 10
294.891047
 20
-109.401634
 30
0.0
 11
294.887241
 21
-109.3825
 31
0.0
  0
LINE
  5
33B
330
1F
100
AcDbEntity
  8
Edge.Cuts
100
AcDbLine
 10
294.887241
 20
-109.3825
 30
0.0
 11
294.887241
 21
-95.3825
 31
0.0
  0
LINE
  5
33C
330
1F
100
AcDbEntity
  8
Edge.Cuts
100
AcDbLine
 10
294.887241
 20
-95.3825
 30
0.0
 11
294.891047
 21
-95.36336599999998
 31
0.0
  0
LINE
  5
33D
330
1F
100
AcDbEntity
  8
Edge.Cuts
100
AcDbLine
 10
252.6138329999999
 20
-183.474767
 30
0.0
 11
240.369156
 21
-190.2621010000001
 31
0.0
  0
LINE
  5
33E
330
1F
100
AcDbEntity
  8
Edge.Cuts
100
AcDbLine
 10
240.369156
 20
-190.262101
 30
0.0
 11
240.350576
 21
-190.268049
 31
0.0
  0
LINE
  5
33F
330
1F
100
AcDbEntity
  8
Edge.Cuts
100
AcDbLine
 10
240.350576
 20
-190.268049
 30
0.0
 11
240.31379
 21
-190.2575
 31
0.0
  0
LINE
  5
340
330
1F
100
AcDbEntity
  8
Edge.Cuts
100
AcDbLine
 10
240.31379
 20
-190.2575
 30
0.0
 11
240.301185
 21
-190.242611
 31
0.0
  0
LINE
  5
341
330
1F
100
AcDbEntity
  8
Edge.Cuts
100
AcDbLine
 10
240.301185
 20
-190.242611
 30
0.0
 11
233.513851
 21
-177.997934
 31
0.0
  0
LINE
  5
342
330
1F
100
AcDbEntity
  8
Edge.Cuts
100
AcDbLine
 10
233.513851
 20
-177.997934
 30
0.0
 11
233.507903
 21
-177.979354
 31
0.0
  0
LINE
  5
343
330
1F
100
AcDbEntity
  8
Edge.Cuts
100
AcDbLine
 10
233.507903
 20
-177.979354
 30
0.0
 11
233.518452
 21
-177.942568
 31
0.0
  0
LINE
  5
344
330
1F
100
AcDbEntity
  8
Edge.Cuts
100
AcDbLine
 10
233.518452
 20
-177.942568
 30
0.0
 11
233.533342
 21
-177.929963
 31
0.0
  0
LINE
  5
345
330
1F
100
AcDbEntity
  8
Edge.Cuts
100
AcDbLine
 10
233.533342
 20
-177.929963
 30
0.0
 11
245.778018
 21
-171.142629
 31
0.0
  0
LINE
  5
346
330
1F
100
AcDbEntity
  8
Edge.Cuts
100
AcDbLine
 10
245.778018
 20
-171.142629
 30
0.0
 11
245.796598
 21
-171.136681
 31
0.0
  0
LINE
  5
347
330
1F
100
AcDbEntity
  8
Edge.Cuts
100
AcDbLine
 10
245.796598
 20
-171.136681
 30
0.0
 11
245.833384
 21
-171.14723
 31
0.0
  0
LINE
  5
348
330
1F
100
AcDbEntity
  8
Edge.Cuts
100
AcDbLine
 10
245.833384
 20
-171.14723
 30
0.0
 11
245.845989
 21
-171.16212
 31
0.0
  0
LINE
  5
349
330
1F
100
AcDbEntity
  8
Edge.Cuts
100
AcDbLine
 10
245.845989
 20
-171.16212
 30
0.0
 11
252.633323
 21
-183.406796
 31
0.0
  0
LINE
  5
34A
330
1F
100
AcDbEntity
  8
Edge.Cuts
100
AcDbLine
 10
252.633323
 20
-183.406796
 30
0.0
 11
252.639271
 21
-183.425376
 31
0.0
  0
LINE
  5
34B
330
1F
100
AcDbEntity
  8
Edge.Cuts
100
AcDbLine
 10
252.639271
 20
-183.425376
 30
0.0
 11
252.628722
 21
-183.462162
 31
0.0
  0
LINE
  5
34C
330
1F
100
AcDbEntity
  8
Edge.Cuts
100
AcDbLine
 10
252.628722
 20
-183.462162
 30
0.0
 11
252.6138329999999
 21
-183.474767
 31
0.0
  0
LINE
  5
34D
330
1F
100
AcDbEntity
  8
Edge.Cuts
100
AcDbLine
 10
289.887241
 20
-152.295
 30
0.0
 11
275.887241
 21
-152.295
 31
0.0
  0
LINE
  5
34E
330
1F
100
AcDbEntity
  8
Edge.Cuts
100
AcDbLine
 10
275.887241
 20
-152.295
 30
0.0
 11
275.868107
 21
-152.291194
 31
0.0
  0
LINE
  5
34F
330
1F
100
AcDbEntity
  8
Edge.Cuts
100
AcDbLine
 10
275.868107
 20
-152.291194
 30
0.0
 11
275.841047
 21
-152.264134
 31
0.0
  0
LINE
  5
350
330
1F
100
AcDbEntity
  8
Edge.Cuts
100
AcDbLine
 10
275.841047
 20
-152.264134
 30
0.0
 11
275.8372409999999
 21
-152.245
 31
0.0
  0
LINE
  5
351
330
1F
100
AcDbEntity
  8
Edge.Cuts
100
AcDbLine
 10
275.8372409999999
 20
-152.245
 30
0.0
 11
275.8372409999999
 21
-138.245
 31
0.0
  0
LINE
  5
352
330
1F
100
AcDbEntity
  8
Edge.Cuts
100
AcDbLine
 10
275.8372409999999
 20
-138.245
 30
0.0
 11
275.8410470000001
 21
-138.225866
 31
0.0
  0
LINE
  5
353
330
1F
100
AcDbEntity
  8
Edge.Cuts
100
AcDbLine
 10
275.8410470000001
 20
-138.225866
 30
0.0
 11
275.868107
 21
-138.198806
 31
0.0
  0
LINE
  5
354
330
1F
100
AcDbEntity
  8
Edge.Cuts
100
AcDbLine
 10
275.868107
 20
-138.198806
 30
0.0
 11
275.887241
 21
-138.195
 31
0.0
  0
LINE
  5
355
330
1F
100
AcDbEntity
  8
Edge.Cuts
100
AcDbLine
 10
275.887241
 20
-138.195
 30
0.0
 11
289.887241
 21
-138.195
 31
0.0
  0
LINE
  5
356
330
1F
100
AcDbEntity
  8
Edge.Cuts
100
AcDbLine
 10
289.887241
 20
-138.195
 30
0.0
 11
289.906375
 21
-138.198806
 31
0.0
  0
LINE
  5
357
330
1F
100
AcDbEntity
  8
Edge.Cuts
100
AcDbLine
 10
289.906375
 20
-138.198806
 30
0.0
 11
289.9334349999999
 21
-138.225866
 31
0.0
  0
LINE
  5
358
330
1F
100
AcDbEntity
  8
Edge.Cuts
100
AcDbLine
 10
289.9334349999999
 20
-138.225866
 30
0.0
 11
289.9372409999999
 21
-138.245
 31
0.0
  0
LINE
  5
359
330
1F
100
AcDbEntity
  8
Edge.Cuts
100
AcDbLine
 10
289.937241
 20
-138.245
 30
0.0
 11
289.937241
 21
-152.245
 31
0.0
  0
LINE
  5
35A
330
1F
100
AcDbEntity
  8
Edge.Cuts
100
AcDbLine
 10
289.9372409999999
 20
-152.245
 30
0.0
 11
289.9334349999999
 21
-152.264134
 31
0.0
  0
LINE
  5
35B
330
1F
100
AcDbEntity
  8
Edge.Cuts
100
AcDbLine
 10
289.9334349999999
 20
-152.264134
 30
0.0
 11
289.906375
 21
-152.291194
 31
0.0
  0
LINE
  5
35C
330
1F
100
AcDbEntity
  8
Edge.Cuts
100
AcDbLine
 10
289.906375
 20
-152.291194
 30
0.0
 11
289.887241
 21
-152.295
 31
0.0
  0
LINE
  5
35D
330
1F
100
AcDbEntity
  8
Edge.Cuts
100
AcDbLine
 10
328.006375
 20
-138.198806
 30
0.0
 11
328.033435
 21
-138.225866
 31
0.0
  0
LINE
  5
35E
330
1F
100
AcDbEntity
  8
Edge.Cuts
100
AcDbLine
 10
328.0334349999999
 20
-138.225866
 30
0.0
 11
328.0372409999999
 21
-138.245
 31
0.0
  0
LINE
  5
35F
330
1F
100
AcDbEntity
  8
Edge.Cuts
100
AcDbLine
 10
328.037241
 20
-138.245
 30
0.0
 11
328.037241
 21
-152.245
 31
0.0
  0
LINE
  5
360
330
1F
100
AcDbEntity
  8
Edge.Cuts
100
AcDbLine
 10
328.0372409999999
 20
-152.245
 30
0.0
 11
328.0334349999999
 21
-152.264134
 31
0.0
  0
LINE
  5
361
330
1F
100
AcDbEntity
  8
Edge.Cuts
100
AcDbLine
 10
328.033435
 20
-152.264134
 30
0.0
 11
328.006375
 21
-152.291194
 31
0.0
  0
LINE
  5
362
330
1F
100
AcDbEntity
  8
Edge.Cuts
100
AcDbLine
 10
328.006375
 20
-152.291194
 30
0.0
 11
327.987241
 21
-152.295
 31
0.0
  0
LINE
  5
363
330
1F
100
AcDbEntity
  8
Edge.Cuts
100
AcDbLine
 10
327.987241
 20
-152.295
 30
0.0
 11
313.987241
 21
-152.295
 31
0.0
  0
LINE
  5
364
330
1F
100
AcDbEntity
  8
Edge.Cuts
100
AcDbLine
 10
313.987241
 20
-152.295
 30
0.0
 11
313.968107
 21
-152.291194
 31
0.0
  0
LINE
  5
365
330
1F
100
AcDbEntity
  8
Edge.Cuts
100
AcDbLine
 10
313.968107
 20
-152.291194
 30
0.0
 11
313.941047
 21
-152.264134
 31
0.0
  0
LINE
  5
366
330
1F
100
AcDbEntity
  8
Edge.Cuts
100
AcDbLine
 10
313.941047
 20
-152.264134
 30
0.0
 11
313.937241
 21
-152.245
 31
0.0
  0
LINE
  5
367
330
1F
100
AcDbEntity
  8
Edge.Cuts
100
AcDbLine
 10
313.937241
 20
-152.245
 30
0.0
 11
313.937241
 21
-138.245
 31
0.0
  0
LINE
  5
368
330
1F
100
AcDbEntity
  8
Edge.Cuts
100
AcDbLine
 10
313.937241
 20
-138.245
 30
0.0
 11
313.941047
 21
-138.225866
 31
0.0
  0
LINE
  5
369
330
1F
100
AcDbEntity
  8
Edge.Cuts
100
AcDbLine
 10
313.941047
 20
-138.225866
 30
0.0
 11
313.968107
 21
-138.198806
 31
0.0
  0
LINE
  5
36A
330
1F
100
AcDbEntity
  8
Edge.Cuts
100
AcDbLine
 10
313.968107
 20
-138.198806
 30
0.0
 11
313.987241
 21
-138.195
 31
0.0
  0
LINE
  5
36B
330
1F
100
AcDbEntity
  8
Edge.Cuts
100
AcDbLine
 10
313.987241
 20
-138.195
 30
0.0
 11
327.987241
 21
-138.195
 31
0.0
  0
LINE
  5
36C
330
1F
100
AcDbEntity
  8
Edge.Cuts
100
AcDbLine
 10
327.987241
 20
-138.195
 30
0.0
 11
328.006375
 21
-138.198806
 31
0.0
  0
LINE
  5
36D
330
1F
100
AcDbEntity
  8
Edge.Cuts
100
AcDbLine
 10
352.0681069999999
 20
-147.528694
 30
0.0
 11
352.041047
 21
-147.501634
 31
0.0
  0
LINE
  5
36E
330
1F
100
AcDbEntity
  8
Edge.Cuts
100
AcDbLine
 10
352.041047
 20
-147.501634
 30
0.0
 11
352.037241
 21
-147.4825
 31
0.0
  0
LINE
  5
36F
330
1F
100
AcDbEntity
  8
Edge.Cuts
100
AcDbLine
 10
352.037241
 20
-147.4825
 30
0.0
 11
352.037241
 21
-133.4825
 31
0.0
  0
LINE
  5
370
330
1F
100
AcDbEntity
  8
Edge.Cuts
100
AcDbLine
 10
352.0372410000001
 20
-133.4825
 30
0.0
 11
352.041047
 21
-133.463366
 31
0.0
  0
LINE
  5
371
330
1F
100
AcDbEntity
  8
Edge.Cuts
100
AcDbLine
 10
352.041047
 20
-133.463366
 30
0.0
 11
352.0681069999999
 21
-133.436306
 31
0.0
  0
LINE
  5
372
330
1F
100
AcDbEntity
  8
Edge.Cuts
100
AcDbLine
 10
352.0681069999999
 20
-133.436306
 30
0.0
 11
352.087241
 21
-133.4325
 31
0.0
  0
LINE
  5
373
330
1F
100
AcDbEntity
  8
Edge.Cuts
100
AcDbLine
 10
352.087241
 20
-133.4325
 30
0.0
 11
366.087241
 21
-133.4325
 31
0.0
  0
LINE
  5
374
330
1F
100
AcDbEntity
  8
Edge.Cuts
100
AcDbLine
 10
366.087241
 20
-133.4325
 30
0.0
 11
366.106375
 21
-133.436306
 31
0.0
  0
LINE
  5
375
330
1F
100
AcDbEntity
  8
Edge.Cuts
100
AcDbLine
 10
366.106375
 20
-133.436306
 30
0.0
 11
366.133435
 21
-133.463366
 31
0.0
  0
LINE
  5
376
330
1F
100
AcDbEntity
  8
Edge.Cuts
100
AcDbLine
 10
366.133435
 20
-133.463366
 30
0.0
 11
366.137241
 21
-133.4825
 31
0.0
  0
LINE
  5
377
330
1F
100
AcDbEntity
  8
Edge.Cuts
100
AcDbLine
 10
366.137241
 20
-133.4825
 30
0.0
 11
366.137241
 21
-147.4825
 31
0.0
  0
LINE
  5
378
330
1F
100
AcDbEntity
  8
Edge.Cuts
100
AcDbLine
 10
366.137241
 20
-147.4825
 30
0.0
 11
366.133435
 21
-147.501634
 31
0.0
  0
LINE
  5
379
330
1F
100
AcDbEntity
  8
Edge.Cuts
100
AcDbLine
 10
366.133435
 20
-147.501634
 30
0.0
 11
366.106375
 21
-147.528694
 31
0.0
  0
LINE
  5
37A
330
1F
100
AcDbEntity
  8
Edge.Cuts
100
AcDbLine
 10
366.106375
 20
-147.528694
 30
0.0
 11
366.087241
 21
-147.5325
 31
0.0
  0
LINE
  5
37B
330
1F
100
AcDbEntity
  8
Edge.Cuts
100
AcDbLine
 10
366.087241
 20
-147.5325
 30
0.0
 11
352.087241
 21
-147.5325
 31
0.0
  0
LINE
  5
37C
330
1F
100
AcDbEntity
  8
Edge.Cuts
100
AcDbLine
 10
352.087241
 20
-147.5325
 30
0.0
 11
352.0681069999999
 21
-147.528694
 31
0.0
  0
LINE
  5
37D
330
1F
100
AcDbEntity
  8
Edge.Cuts
100
AcDbLine
 10
347.037241
 20
-142.9575
 30
0.0
 11
347.056375
 21
-142.961306
 31
0.0
  0
LINE
  5
37E
330
1F
100
AcDbEntity
  8
Edge.Cuts
100
AcDbLine
 10
347.056375
 20
-142.961306
 30
0.0
 11
347.083435
 21
-142.988366
 31
0.0
  0
LINE
  5
37F
330
1F
100
AcDbEntity
  8
Edge.Cuts
100
AcDbLine
 10
347.083435
 20
-142.988366
 30
0.0
 11
347.0872409999999
 21
-143.0075
 31
0.0
  0
LINE
  5
380
330
1F
100
AcDbEntity
  8
Edge.Cuts
100
AcDbLine
 10
347.087241
 20
-143.0075
 30
0.0
 11
347.087241
 21
-157.0075
 31
0.0
  0
LINE
  5
381
330
1F
100
AcDbEntity
  8
Edge.Cuts
100
AcDbLine
 10
347.087241
 20
-157.0075
 30
0.0
 11
347.083435
 21
-157.026634
 31
0.0
  0
LINE
  5
382
330
1F
100
AcDbEntity
  8
Edge.Cuts
100
AcDbLine
 10
347.083435
 20
-157.026634
 30
0.0
 11
347.056375
 21
-157.053694
 31
0.0
  0
LINE
  5
383
330
1F
100
AcDbEntity
  8
Edge.Cuts
100
AcDbLine
 10
347.056375
 20
-157.053694
 30
0.0
 11
347.037241
 21
-157.0575
 31
0.0
  0
LINE
  5
384
330
1F
100
AcDbEntity
  8
Edge.Cuts
100
AcDbLine
 10
347.037241
 20
-157.0575
 30
0.0
 11
333.037241
 21
-157.0575
 31
0.0
  0
LINE
  5
385
330
1F
100
AcDbEntity
  8
Edge.Cuts
100
AcDbLine
 10
333.037241
 20
-157.0575
 30
0.0
 11
333.018107
 21
-157.053694
 31
0.0
  0
LINE
  5
386
330
1F
100
AcDbEntity
  8
Edge.Cuts
100
AcDbLine
 10
333.0181069999999
 20
-157.053694
 30
0.0
 11
332.991047
 21
-157.026634
 31
0.0
  0
LINE
  5
387
330
1F
100
AcDbEntity
  8
Edge.Cuts
100
AcDbLine
 10
332.991047
 20
-157.026634
 30
0.0
 11
332.987241
 21
-157.0075
 31
0.0
  0
LINE
  5
388
330
1F
100
AcDbEntity
  8
Edge.Cuts
100
AcDbLine
 10
332.987241
 20
-157.0075
 30
0.0
 11
332.987241
 21
-143.0075
 31
0.0
  0
LINE
  5
389
330
1F
100
AcDbEntity
  8
Edge.Cuts
100
AcDbLine
 10
332.987241
 20
-143.0075
 30
0.0
 11
332.991047
 21
-142.988366
 31
0.0
  0
LINE
  5
38A
330
1F
100
AcDbEntity
  8
Edge.Cuts
100
AcDbLine
 10
332.991047
 20
-142.988366
 30
0.0
 11
333.018107
 21
-142.961306
 31
0.0
  0
LINE
  5
38B
330
1F
100
AcDbEntity
  8
Edge.Cuts
100
AcDbLine
 10
333.018107
 20
-142.961306
 30
0.0
 11
333.037241
 21
-142.9575
 31
0.0
  0
LINE
  5
38C
330
1F
100
AcDbEntity
  8
Edge.Cuts
100
AcDbLine
 10
333.037241
 20
-142.9575
 30
0.0
 11
347.037241
 21
-142.9575
 31
0.0
  0
LINE
  5
38D
330
1F
100
AcDbEntity
  8
Edge.Cuts
100
AcDbLine
 10
308.983435
 20
-147.501634
 30
0.0
 11
308.956375
 21
-147.528694
 31
0.0
  0
LINE
  5
38E
330
1F
100
AcDbEntity
  8
Edge.Cuts
100
AcDbLine
 10
308.956375
 20
-147.528694
 30
0.0
 11
308.937241
 21
-147.5325
 31
0.0
  0
LINE
  5
38F
330
1F
100
AcDbEntity
  8
Edge.Cuts
100
AcDbLine
 10
308.937241
 20
-147.5325
 30
0.0
 11
294.937241
 21
-147.5325
 31
0.0
  0
LINE
  5
390
330
1F
100
AcDbEntity
  8
Edge.Cuts
100
AcDbLine
 10
294.937241
 20
-147.5325
 30
0.0
 11
294.918107
 21
-147.528694
 31
0.0
  0
LINE
  5
391
330
1F
100
AcDbEntity
  8
Edge.Cuts
100
AcDbLine
 10
294.918107
 20
-147.528694
 30
0.0
 11
294.891047
 21
-147.5016339999999
 31
0.0
  0
LINE
  5
392
330
1F
100
AcDbEntity
  8
Edge.Cuts
100
AcDbLine
 10
294.891047
 20
-147.501634
 30
0.0
 11
294.887241
 21
-147.4825
 31
0.0
  0
LINE
  5
393
330
1F
100
AcDbEntity
  8
Edge.Cuts
100
AcDbLine
 10
294.887241
 20
-147.4825
 30
0.0
 11
294.887241
 21
-133.4825
 31
0.0
  0
LINE
  5
394
330
1F
100
AcDbEntity
  8
Edge.Cuts
100
AcDbLine
 10
294.887241
 20
-133.4825
 30
0.0
 11
294.891047
 21
-133.463366
 31
0.0
  0
LINE
  5
395
330
1F
100
AcDbEntity
  8
Edge.Cuts
100
AcDbLine
 10
294.891047
 20
-133.463366
 30
0.0
 11
294.918107
 21
-133.436306
 31
0.0
  0
LINE
  5
396
330
1F
100
AcDbEntity
  8
Edge.Cuts
100
AcDbLine
 10
294.918107
 20
-133.436306
 30
0.0
 11
294.937241
 21
-133.4325
 31
0.0
  0
LINE
  5
397
330
1F
100
AcDbEntity
  8
Edge.Cuts
100
AcDbLine
 10
294.937241
 20
-133.4325
 30
0.0
 11
308.937241
 21
-133.4325
 31
0.0
  0
LINE
  5
398
330
1F
100
AcDbEntity
  8
Edge.Cuts
100
AcDbLine
 10
308.937241
 20
-133.4325
 30
0.0
 11
308.956375
 21
-133.436306
 31
0.0
  0
LINE
  5
399
330
1F
100
AcDbEntity
  8
Edge.Cuts
100
AcDbLine
 10
308.956375
 20
-133.436306
 30
0.0
 11
308.983435
 21
-133.463366
 31
0.0
  0
LINE
  5
39A
330
1F
100
AcDbEntity
  8
Edge.Cuts
100
AcDbLine
 10
308.9834349999999
 20
-133.463366
 30
0.0
 11
308.9872409999999
 21
-133.4825
 31
0.0
  0
LINE
  5
39B
330
1F
100
AcDbEntity
  8
Edge.Cuts
100
AcDbLine
 10
308.987241
 20
-133.4825
 30
0.0
 11
308.987241
 21
-147.4825
 31
0.0
  0
LINE
  5
39C
330
1F
100
AcDbEntity
  8
Edge.Cuts
100
AcDbLine
 10
308.987241
 20
-147.4825
 30
0.0
 11
308.983435
 21
-147.501634
 31
0.0
  0
LINE
  5
39D
330
1F
100
AcDbEntity
  8
Edge.Cuts
100
AcDbLine
 10
256.7872409999999
 20
-157.0075
 30
0.0
 11
256.7872409999999
 21
-143.0075
 31
0.0
  0
LINE
  5
39E
330
1F
100
AcDbEntity
  8
Edge.Cuts
100
AcDbLine
 10
256.7872409999999
 20
-143.0075
 30
0.0
 11
256.791047
 21
-142.988366
 31
0.0
  0
LINE
  5
39F
330
1F
100
AcDbEntity
  8
Edge.Cuts
100
AcDbLine
 10
256.791047
 20
-142.988366
 30
0.0
 11
256.8181069999999
 21
-142.961306
 31
0.0
  0
LINE
  5
3A0
330
1F
100
AcDbEntity
  8
Edge.Cuts
100
AcDbLine
 10
256.8181069999999
 20
-142.961306
 30
0.0
 11
256.8372410000001
 21
-142.9575
 31
0.0
  0
LINE
  5
3A1
330
1F
100
AcDbEntity
  8
Edge.Cuts
100
AcDbLine
 10
256.8372410000001
 20
-142.9575
 30
0.0
 11
270.837241
 21
-142.9575
 31
0.0
  0
LINE
  5
3A2
330
1F
100
AcDbEntity
  8
Edge.Cuts
100
AcDbLine
 10
270.837241
 20
-142.9575
 30
0.0
 11
270.856375
 21
-142.961306
 31
0.0
  0
LINE
  5
3A3
330
1F
100
AcDbEntity
  8
Edge.Cuts
100
AcDbLine
 10
270.856375
 20
-142.961306
 30
0.0
 11
270.883435
 21
-142.988366
 31
0.0
  0
LINE
  5
3A4
330
1F
100
AcDbEntity
  8
Edge.Cuts
100
AcDbLine
 10
270.883435
 20
-142.988366
 30
0.0
 11
270.887241
 21
-143.0075
 31
0.0
  0
LINE
  5
3A5
330
1F
100
AcDbEntity
  8
Edge.Cuts
100
AcDbLine
 10
270.887241
 20
-143.0075
 30
0.0
 11
270.887241
 21
-157.0075
 31
0.0
  0
LINE
  5
3A6
330
1F
100
AcDbEntity
  8
Edge.Cuts
100
AcDbLine
 10
270.8872410000001
 20
-157.0075
 30
0.0
 11
270.8834350000001
 21
-157.026634
 31
0.0
  0
LINE
  5
3A7
330
1F
100
AcDbEntity
  8
Edge.Cuts
100
AcDbLine
 10
270.883435
 20
-157.026634
 30
0.0
 11
270.856375
 21
-157.053694
 31
0.0
  0
LINE
  5
3A8
330
1F
100
AcDbEntity
  8
Edge.Cuts
100
AcDbLine
 10
270.856375
 20
-157.053694
 30
0.0
 11
270.837241
 21
-157.0575
 31
0.0
  0
LINE
  5
3A9
330
1F
100
AcDbEntity
  8
Edge.Cuts
100
AcDbLine
 10
270.837241
 20
-157.0575
 30
0.0
 11
256.8372410000001
 21
-157.0575
 31
0.0
  0
LINE
  5
3AA
330
1F
100
AcDbEntity
  8
Edge.Cuts
100
AcDbLine
 10
256.8372410000001
 20
-157.0575
 30
0.0
 11
256.8181069999999
 21
-157.053694
 31
0.0
  0
LINE
  5
3AB
330
1F
100
AcDbEntity
  8
Edge.Cuts
100
AcDbLine
 10
256.8181069999999
 20
-157.053694
 30
0.0
 11
256.791047
 21
-157.0266340000001
 31
0.0
  0
LINE
  5
3AC
330
1F
100
AcDbEntity
  8
Edge.Cuts
100
AcDbLine
 10
256.791047
 20
-157.026634
 30
0.0
 11
256.7872409999999
 21
-157.0075
 31
0.0
  0
LINE
  5
3AD
330
1F
100
AcDbEntity
  8
Edge.Cuts
100
AcDbLine
 10
254.656086
 20
-167.711957
 30
0.0
 11
268.179047
 21
-164.08849
 31
0.0
  0
LINE
  5
3AE
330
1F
100
AcDbEntity
  8
Edge.Cuts
100
AcDbLine
 10
268.179047
 20
-164.08849
 30
0.0
 11
268.198513
 21
-164.087214
 31
0.0
  0
LINE
  5
3AF
330
1F
100
AcDbEntity
  8
Edge.Cuts
100
AcDbLine
 10
268.198513
 20
-164.087214
 30
0.0
 11
268.2316539033704
 21
-164.1063481673651
 31
0.0
  0
LINE
  5
3B0
330
1F
100
AcDbEntity
  8
Edge.Cuts
100
AcDbLine
 10
268.2316539033704
 20
-164.1063481673651
 30
0.0
 11
268.2402818558839
 21
-164.1238450710655
 31
0.0
  0
LINE
  5
3B1
330
1F
100
AcDbEntity
  8
Edge.Cuts
100
AcDbLine
 10
268.2402818558839
 20
-164.1238450710655
 30
0.0
 11
271.8637488558839
 21
-177.6468060710655
 31
0.0
  0
LINE
  5
3B2
330
1F
100
AcDbEntity
  8
Edge.Cuts
100
AcDbLine
 10
271.8637488558839
 20
-177.6468060710655
 30
0.0
 11
271.8650238558839
 21
-177.6662670710655
 31
0.0
  0
LINE
  5
3B3
330
1F
100
AcDbEntity
  8
Edge.Cuts
100
AcDbLine
 10
271.8650238558839
 20
-177.6662670710655
 30
0.0
 11
271.845889
 21
-177.699417
 31
0.0
  0
LINE
  5
3B4
330
1F
100
AcDbEntity
  8
Edge.Cuts
100
AcDbLine
 10
271.845889
 20
-177.699417
 30
0.0
 11
271.828392
 21
-177.708045
 31
0.0
  0
LINE
  5
3B5
330
1F
100
AcDbEntity
  8
Edge.Cuts
100
AcDbLine
 10
271.828392
 20
-177.708045
 30
0.0
 11
258.3054310000001
 21
-181.331512
 31
0.0
  0
LINE
  5
3B6
330
1F
100
AcDbEntity
  8
Edge.Cuts
100
AcDbLine
 10
258.3054310000001
 20
-181.331512
 30
0.0
 11
258.285968
 21
-181.332787
 31
0.0
  0
LINE
  5
3B7
330
1F
100
AcDbEntity
  8
Edge.Cuts
100
AcDbLine
 10
258.285968
 20
-181.332787
 30
0.0
 11
258.252826
 21
-181.313652
 31
0.0
  0
LINE
  5
3B8
330
1F
100
AcDbEntity
  8
Edge.Cuts
100
AcDbLine
 10
258.252826
 20
-181.313652
 30
0.0
 11
258.244198
 21
-181.296155
 31
0.0
  0
LINE
  5
3B9
330
1F
100
AcDbEntity
  8
Edge.Cuts
100
AcDbLine
 10
258.244198
 20
-181.296155
 30
0.0
 11
254.620731
 21
-167.773194
 31
0.0
  0
LINE
  5
3BA
330
1F
100
AcDbEntity
  8
Edge.Cuts
100
AcDbLine
 10
254.620731
 20
-167.773194
 30
0.0
 11
254.619455
 21
-167.753727
 31
0.0
  0
LINE
  5
3BB
330
1F
100
AcDbEntity
  8
Edge.Cuts
100
AcDbLine
 10
254.619455
 20
-167.753727
 30
0.0
 11
254.638589
 21
-167.720585
 31
0.0
  0
LINE
  5
3BC
330
1F
100
AcDbEntity
  8
Edge.Cuts
100
AcDbLine
 10
254.638589
 20
-167.720585
 30
0.0
 11
254.656086
 21
-167.711957
 31
0.0
  0
LINE
  5
3BD
330
1F
100
AcDbEntity
  8
Edge.Cuts
100
AcDbLine
 10
277.792241
 20
-162.96
 30
0.0
 11
291.792241
 21
-162.96
 31
0.0
  0
LINE
  5
3BE
330
1F
100
AcDbEntity
  8
Edge.Cuts
100
AcDbLine
 10
291.792241
 20
-162.96
 30
0.0
 11
291.811375
 21
-162.963806
 31
0.0
  0
LINE
  5
3BF
330
1F
100
AcDbEntity
  8
Edge.Cuts
100
AcDbLine
 10
291.811375
 20
-162.963806
 30
0.0
 11
291.838435
 21
-162.990866
 31
0.0
  0
LINE
  5
3C0
330
1F
100
AcDbEntity
  8
Edge.Cuts
100
AcDbLine
 10
291.838435
 20
-162.990866
 30
0.0
 11
291.842241
 21
-163.01
 31
0.0
  0
LINE
  5
3C1
330
1F
100
AcDbEntity
  8
Edge.Cuts
100
AcDbLine
 10
291.842241
 20
-163.01
 30
0.0
 11
291.842241
 21
-177.01
 31
0.0
  0
LINE
  5
3C2
330
1F
100
AcDbEntity
  8
Edge.Cuts
100
AcDbLine
 10
291.8422409999999
 20
-177.01
 30
0.0
 11
291.8384349999999
 21
-177.029134
 31
0.0
  0
LINE
  5
3C3
330
1F
100
AcDbEntity
  8
Edge.Cuts
100
AcDbLine
 10
291.838435
 20
-177.029134
 30
0.0
 11
291.811375
 21
-177.056194
 31
0.0
  0
LINE
  5
3C4
330
1F
100
AcDbEntity
  8
Edge.Cuts
100
AcDbLine
 10
291.811375
 20
-177.056194
 30
0.0
 11
291.792241
 21
-177.06
 31
0.0
  0
LINE
  5
3C5
330
1F
100
AcDbEntity
  8
Edge.Cuts
100
AcDbLine
 10
291.792241
 20
-177.06
 30
0.0
 11
277.792241
 21
-177.06
 31
0.0
  0
LINE
  5
3C6
330
1F
100
AcDbEntity
  8
Edge.Cuts
100
AcDbLine
 10
277.792241
 20
-177.06
 30
0.0
 11
277.773107
 21
-177.056194
 31
0.0
  0
LINE
  5
3C7
330
1F
100
AcDbEntity
  8
Edge.Cuts
100
AcDbLine
 10
277.773107
 20
-177.056194
 30
0.0
 11
277.746047
 21
-177.029134
 31
0.0
  0
LINE
  5
3C8
330
1F
100
AcDbEntity
  8
Edge.Cuts
100
AcDbLine
 10
277.746047
 20
-177.029134
 30
0.0
 11
277.742241
 21
-177.01
 31
0.0
  0
LINE
  5
3C9
330
1F
100
AcDbEntity
  8
Edge.Cuts
100
AcDbLine
 10
277.742241
 20
-177.01
 30
0.0
 11
277.742241
 21
-163.01
 31
0.0
  0
LINE
  5
3CA
330
1F
100
AcDbEntity
  8
Edge.Cuts
100
AcDbLine
 10
277.742241
 20
-163.01
 30
0.0
 11
277.746047
 21
-162.990866
 31
0.0
  0
LINE
  5
3CB
330
1F
100
AcDbEntity
  8
Edge.Cuts
100
AcDbLine
 10
277.746047
 20
-162.990866
 30
0.0
 11
277.773107
 21
-162.963806
 31
0.0
  0
LINE
  5
3CC
330
1F
100
AcDbEntity
  8
Edge.Cuts
100
AcDbLine
 10
277.773107
 20
-162.963806
 30
0.0
 11
277.792241
 21
-162.96
 31
0.0
  0
LINE
  5
3CD
330
1F
100
AcDbEntity
  8
Edge.Cuts
100
AcDbLine
 10
270.883435
 20
-118.926634
 30
0.0
 11
270.856375
 21
-118.953694
 31
0.0
  0
LINE
  5
3CE
330
1F
100
AcDbEntity
  8
Edge.Cuts
100
AcDbLine
 10
270.856375
 20
-118.953694
 30
0.0
 11
270.837241
 21
-118.9575
 31
0.0
  0
LINE
  5
3CF
330
1F
100
AcDbEntity
  8
Edge.Cuts
100
AcDbLine
 10
270.837241
 20
-118.9575
 30
0.0
 11
256.8372410000001
 21
-118.9575
 31
0.0
  0
LINE
  5
3D0
330
1F
100
AcDbEntity
  8
Edge.Cuts
100
AcDbLine
 10
256.8372410000001
 20
-118.9575
 30
0.0
 11
256.8181069999999
 21
-118.953694
 31
0.0
  0
LINE
  5
3D1
330
1F
100
AcDbEntity
  8
Edge.Cuts
100
AcDbLine
 10
256.8181069999999
 20
-118.953694
 30
0.0
 11
256.791047
 21
-118.926634
 31
0.0
  0
LINE
  5
3D2
330
1F
100
AcDbEntity
  8
Edge.Cuts
100
AcDbLine
 10
256.791047
 20
-118.926634
 30
0.0
 11
256.7872409999999
 21
-118.9075
 31
0.0
  0
LINE
  5
3D3
330
1F
100
AcDbEntity
  8
Edge.Cuts
100
AcDbLine
 10
256.7872409999999
 20
-118.9075
 30
0.0
 11
256.7872409999999
 21
-104.9075
 31
0.0
  0
LINE
  5
3D4
330
1F
100
AcDbEntity
  8
Edge.Cuts
100
AcDbLine
 10
256.7872409999999
 20
-104.9075
 30
0.0
 11
256.791047
 21
-104.888366
 31
0.0
  0
LINE
  5
3D5
330
1F
100
AcDbEntity
  8
Edge.Cuts
100
AcDbLine
 10
256.791047
 20
-104.888366
 30
0.0
 11
256.8181069999999
 21
-104.861306
 31
0.0
  0
LINE
  5
3D6
330
1F
100
AcDbEntity
  8
Edge.Cuts
100
AcDbLine
 10
256.8181069999999
 20
-104.861306
 30
0.0
 11
256.8372410000001
 21
-104.8575
 31
0.0
  0
LINE
  5
3D7
330
1F
100
AcDbEntity
  8
Edge.Cuts
100
AcDbLine
 10
256.8372410000001
 20
-104.8575
 30
0.0
 11
270.837241
 21
-104.8575
 31
0.0
  0
LINE
  5
3D8
330
1F
100
AcDbEntity
  8
Edge.Cuts
100
AcDbLine
 10
270.837241
 20
-104.8575
 30
0.0
 11
270.856375
 21
-104.861306
 31
0.0
  0
LINE
  5
3D9
330
1F
100
AcDbEntity
  8
Edge.Cuts
100
AcDbLine
 10
270.856375
 20
-104.861306
 30
0.0
 11
270.883435
 21
-104.888366
 31
0.0
  0
LINE
  5
3DA
330
1F
100
AcDbEntity
  8
Edge.Cuts
100
AcDbLine
 10
270.8834350000001
 20
-104.888366
 30
0.0
 11
270.8872410000001
 21
-104.9075
 31
0.0
  0
LINE
  5
3DB
330
1F
100
AcDbEntity
  8
Edge.Cuts
100
AcDbLine
 10
270.887241
 20
-104.9075
 30
0.0
 11
270.887241
 21
-118.9075
 31
0.0
  0
LINE
  5
3DC
330
1F
100
AcDbEntity
  8
Edge.Cuts
100
AcDbLine
 10
270.887241
 20
-118.9075
 30
0.0
 11
270.883435
 21
-118.926634
 31
0.0
  0
LINE
  5
3DD
330
1F
100
AcDbEntity
  8
Edge.Cuts
100
AcDbLine
 10
347.087241
 20
-123.9575
 30
0.0
 11
347.087241
 21
-137.9575
 31
0.0
  0
LINE
  5
3DE
330
1F
100
AcDbEntity
  8
Edge.Cuts
100
AcDbLine
 10
347.087241
 20
-137.9575
 30
0.0
 11
347.083435
 21
-137.976634
 31
0.0
  0
LINE
  5
3DF
330
1F
100
AcDbEntity
  8
Edge.Cuts
100
AcDbLine
 10
347.083435
 20
-137.976634
 30
0.0
 11
347.056375
 21
-138.003694
 31
0.0
  0
LINE
  5
3E0
330
1F
100
AcDbEntity
  8
Edge.Cuts
100
AcDbLine
 10
347.056375
 20
-138.003694
 30
0.0
 11
347.037241
 21
-138.0075
 31
0.0
  0
LINE
  5
3E1
330
1F
100
AcDbEntity
  8
Edge.Cuts
100
AcDbLine
 10
347.037241
 20
-138.0075
 30
0.0
 11
333.037241
 21
-138.0075
 31
0.0
  0
LINE
  5
3E2
330
1F
100
AcDbEntity
  8
Edge.Cuts
100
AcDbLine
 10
333.037241
 20
-138.0075
 30
0.0
 11
333.018107
 21
-138.003694
 31
0.0
  0
LINE
  5
3E3
330
1F
100
AcDbEntity
  8
Edge.Cuts
100
AcDbLine
 10
333.018107
 20
-138.003694
 30
0.0
 11
332.991047
 21
-137.976634
 31
0.0
  0
LINE
  5
3E4
330
1F
100
AcDbEntity
  8
Edge.Cuts
100
AcDbLine
 10
332.991047
 20
-137.976634
 30
0.0
 11
332.987241
 21
-137.9575
 31
0.0
  0
LINE
  5
3E5
330
1F
100
AcDbEntity
  8
Edge.Cuts
100
AcDbLine
 10
332.987241
 20
-137.9575
 30
0.0
 11
332.987241
 21
-123.9575
 31
0.0
  0
LINE
  5
3E6
330
1F
100
AcDbEntity
  8
Edge.Cuts
100
AcDbLine
 10
332.987241
 20
-123.9575
 30
0.0
 11
332.991047
 21
-123.938366
 31
0.0
  0
LINE
  5
3E7
330
1F
100
AcDbEntity
  8
Edge.Cuts
100
AcDbLine
 10
332.991047
 20
-123.938366
 30
0.0
 11
333.018107
 21
-123.911306
 31
0.0
  0
LINE
  5
3E8
330
1F
100
AcDbEntity
  8
Edge.Cuts
100
AcDbLine
 10
333.018107
 20
-123.911306
 30
0.0
 11
333.037241
 21
-123.9075
 31
0.0
  0
LINE
  5
3E9
330
1F
100
AcDbEntity
  8
Edge.Cuts
100
AcDbLine
 10
333.037241
 20
-123.9075
 30
0.0
 11
347.037241
 21
-123.9075
 31
0.0
  0
LINE
  5
3EA
330
1F
100
AcDbEntity
  8
Edge.Cuts
100
AcDbLine
 10
347.037241
 20
-123.9075
 30
0.0
 11
347.056375
 21
-123.911306
 31
0.0
  0
LINE
  5
3EB
330
1F
100
AcDbEntity
  8
Edge.Cuts
100
AcDbLine
 10
347.056375
 20
-123.911306
 30
0.0
 11
347.083435
 21
-123.938366
 31
0.0
  0
LINE
  5
3EC
330
1F
100
AcDbEntity
  8
Edge.Cuts
100
AcDbLine
 10
347.083435
 20
-123.938366
 30
0.0
 11
347.0872409999999
 21
-123.9575
 31
0.0
  0
LINE
  5
3ED
330
1F
100
AcDbEntity
  8
Edge.Cuts
100
AcDbLine
 10
366.137241
 20
-114.4325
 30
0.0
 11
366.137241
 21
-128.4325
 31
0.0
  0
LINE
  5
3EE
330
1F
100
AcDbEntity
  8
Edge.Cuts
100
AcDbLine
 10
366.137241
 20
-128.4325
 30
0.0
 11
366.133435
 21
-128.451634
 31
0.0
  0
LINE
  5
3EF
330
1F
100
AcDbEntity
  8
Edge.Cuts
100
AcDbLine
 10
366.133435
 20
-128.451634
 30
0.0
 11
366.106375
 21
-128.478694
 31
0.0
  0
LINE
  5
3F0
330
1F
100
AcDbEntity
  8
Edge.Cuts
100
AcDbLine
 10
366.106375
 20
-128.478694
 30
0.0
 11
366.087241
 21
-128.4825
 31
0.0
  0
LINE
  5
3F1
330
1F
100
AcDbEntity
  8
Edge.Cuts
100
AcDbLine
 10
366.087241
 20
-128.4825
 30
0.0
 11
352.087241
 21
-128.4825
 31
0.0
  0
LINE
  5
3F2
330
1F
100
AcDbEntity
  8
Edge.Cuts
100
AcDbLine
 10
352.087241
 20
-128.4825
 30
0.0
 11
352.0681069999999
 21
-128.478694
 31
0.0
  0
LINE
  5
3F3
330
1F
100
AcDbEntity
  8
Edge.Cuts
100
AcDbLine
 10
352.0681069999999
 20
-128.478694
 30
0.0
 11
352.041047
 21
-128.451634
 31
0.0
  0
LINE
  5
3F4
330
1F
100
AcDbEntity
  8
Edge.Cuts
100
AcDbLine
 10
352.041047
 20
-128.451634
 30
0.0
 11
352.0372410000001
 21
-128.4325
 31
0.0
  0
LINE
  5
3F5
330
1F
100
AcDbEntity
  8
Edge.Cuts
100
AcDbLine
 10
352.037241
 20
-128.4325
 30
0.0
 11
352.037241
 21
-114.4325
 31
0.0
  0
LINE
  5
3F6
330
1F
100
AcDbEntity
  8
Edge.Cuts
100
AcDbLine
 10
352.037241
 20
-114.4325
 30
0.0
 11
352.041047
 21
-114.413366
 31
0.0
  0
LINE
  5
3F7
330
1F
100
AcDbEntity
  8
Edge.Cuts
100
AcDbLine
 10
352.041047
 20
-114.413366
 30
0.0
 11
352.0681069999999
 21
-114.386306
 31
0.0
  0
LINE
  5
3F8
330
1F
100
AcDbEntity
  8
Edge.Cuts
100
AcDbLine
 10
352.0681069999999
 20
-114.386306
 30
0.0
 11
352.087241
 21
-114.3825
 31
0.0
  0
LINE
  5
3F9
330
1F
100
AcDbEntity
  8
Edge.Cuts
100
AcDbLine
 10
352.087241
 20
-114.3825
 30
0.0
 11
366.087241
 21
-114.3825
 31
0.0
  0
LINE
  5
3FA
330
1F
100
AcDbEntity
  8
Edge.Cuts
100
AcDbLine
 10
366.087241
 20
-114.3825
 30
0.0
 11
366.106375
 21
-114.386306
 31
0.0
  0
LINE
  5
3FB
330
1F
100
AcDbEntity
  8
Edge.Cuts
100
AcDbLine
 10
366.106375
 20
-114.386306
 30
0.0
 11
366.133435
 21
-114.413366
 31
0.0
  0
LINE
  5
3FC
330
1F
100
AcDbEntity
  8
Edge.Cuts
100
AcDbLine
 10
366.133435
 20
-114.413366
 30
0.0
 11
366.137241
 21
-114.4325
 31
0.0
  0
LINE
  5
3FD
330
1F
100
AcDbEntity
  8
Edge.Cuts
100
AcDbLine
 10
360.76354695329
 20
-109.7625009999999
 30
0.0
 11
367.569985
 21
-109.7625009999999
 31
0.0
  0
LINE
  5
3FE
330
1F
100
AcDbEntity
  8
Edge.Cuts
100
AcDbLine
 10
350.85
 20
-109.762501
 30
0.0
 11
357.4109350467101
 21
-109.762501
 31
0.0
  0
LINE
  5
3FF
330
1F
100
AcDbEntity
  8
Edge.Cuts
100
AcDbLine
 10
350.1
 20
-106.992506
 30
0.0
 11
350.1
 21
-109.012501
 31
0.0
  0
LINE
  5
400
330
1F
100
AcDbEntity
  8
Edge.Cuts
100
AcDbLine
 10
356.9869226142553
 20
-106.242506
 30
0.0
 11
350.85
 21
-106.242506
 31
0.0
  0
LINE
  5
401
330
1F
100
AcDbEntity
  8
Edge.Cuts
100
AcDbLine
 10
367.5699849999999
 20
-106.242506
 30
0.0
 11
361.1875593857447
 21
-106.242506
 31
0.0
  0
LINE
  5
402
330
1F
100
AcDbEntity
  8
Edge.Cuts
100
AcDbLine
 10
368.319985
 20
-109.0125009999999
 30
0.0
 11
368.319985
 21
-106.992506
 31
0.0
  0
LINE
  5
403
330
1F
100
AcDbEntity
  8
Edge.Cuts
100
AcDbLine
 10
333.037241
 20
-104.8575
 30
0.0
 11
347.037241
 21
-104.8575
 31
0.0
  0
LINE
  5
404
330
1F
100
AcDbEntity
  8
Edge.Cuts
100
AcDbLine
 10
347.037241
 20
-104.8575
 30
0.0
 11
347.056375
 21
-104.861306
 31
0.0
  0
LINE
  5
405
330
1F
100
AcDbEntity
  8
Edge.Cuts
100
AcDbLine
 10
347.056375
 20
-104.861306
 30
0.0
 11
347.083435
 21
-104.888366
 31
0.0
  0
LINE
  5
406
330
1F
100
AcDbEntity
  8
Edge.Cuts
100
AcDbLine
 10
347.083435
 20
-104.888366
 30
0.0
 11
347.087241
 21
-104.9075
 31
0.0
  0
LINE
  5
407
330
1F
100
AcDbEntity
  8
Edge.Cuts
100
AcDbLine
 10
347.087241
 20
-104.9075
 30
0.0
 11
347.087241
 21
-118.9075
 31
0.0
  0
LINE
  5
408
330
1F
100
AcDbEntity
  8
Edge.Cuts
100
AcDbLine
 10
347.087241
 20
-118.9075
 30
0.0
 11
347.083435
 21
-118.926634
 31
0.0
  0
LINE
  5
409
330
1F
100
AcDbEntity
  8
Edge.Cuts
100
AcDbLine
 10
347.083435
 20
-118.926634
 30
0.0
 11
347.056375
 21
-118.953694
 31
0.0
  0
LINE
  5
40A
330
1F
100
AcDbEntity
  8
Edge.Cuts
100
AcDbLine
 10
347.056375
 20
-118.953694
 30
0.0
 11
347.037241
 21
-118.9575
 31
0.0
  0
LINE
  5
40B
330
1F
100
AcDbEntity
  8
Edge.Cuts
100
AcDbLine
 10
347.037241
 20
-118.9575
 30
0.0
 11
333.037241
 21
-118.9575
 31
0.0
  0
LINE
  5
40C
330
1F
100
AcDbEntity
  8
Edge.Cuts
100
AcDbLine
 10
333.037241
 20
-118.9575
 30
0.0
 11
333.018107
 21
-118.953694
 31
0.0
  0
LINE
  5
40D
330
1F
100
AcDbEntity
  8
Edge.Cuts
100
AcDbLine
 10
333.018107
 20
-118.953694
 30
0.0
 11
332.991047
 21
-118.926634
 31
0.0
  0
LINE
  5
40E
330
1F
100
AcDbEntity
  8
Edge.Cuts
100
AcDbLine
 10
332.991047
 20
-118.926634
 30
0.0
 11
332.987241
 21
-118.9075
 31
0.0
  0
LINE
  5
40F
330
1F
100
AcDbEntity
  8
Edge.Cuts
100
AcDbLine
 10
332.987241
 20
-118.9075
 30
0.0
 11
332.987241
 21
-104.9075
 31
0.0
  0
LINE
  5
410
330
1F
100
AcDbEntity
  8
Edge.Cuts
100
AcDbLine
 10
332.987241
 20
-104.9075
 30
0.0
 11
332.991047
 21
-104.888366
 31
0.0
  0
LINE
  5
411
330
1F
100
AcDbEntity
  8
Edge.Cuts
100
AcDbLine
 10
332.991047
 20
-104.888366
 30
0.0
 11
333.018107
 21
-104.861306
 31
0.0
  0
LINE
  5
412
330
1F
100
AcDbEntity
  8
Edge.Cuts
100
AcDbLine
 10
333.018107
 20
-104.861306
 30
0.0
 11
333.037241
 21
-104.8575
 31
0.0
  0
LINE
  5
413
330
1F
100
AcDbEntity
  8
Edge.Cuts
100
AcDbLine
 10
347.087241
 20
-143.0075
 30
0.0
 11
347.087241
 21
-157.0075
 31
0.0
  0
LINE
  5
414
330
1F
100
AcDbEntity
  8
Edge.Cuts
100
AcDbLine
 10
347.087241
 20
-157.0075
 30
0.0
 11
347.083435
 21
-157.026634
 31
0.0
  0
LINE
  5
415
330
1F
100
AcDbEntity
  8
Edge.Cuts
100
AcDbLine
 10
347.083435
 20
-157.026634
 30
0.0
 11
347.056375
 21
-157.053694
 31
0.0
  0
LINE
  5
416
330
1F
100
AcDbEntity
  8
Edge.Cuts
100
AcDbLine
 10
347.056375
 20
-157.053694
 30
0.0
 11
347.037241
 21
-157.0575
 31
0.0
  0
LINE
  5
417
330
1F
100
AcDbEntity
  8
Edge.Cuts
100
AcDbLine
 10
347.037241
 20
-157.0575
 30
0.0
 11
333.037241
 21
-157.0575
 31
0.0
  0
LINE
  5
418
330
1F
100
AcDbEntity
  8
Edge.Cuts
100
AcDbLine
 10
333.037241
 20
-157.0575
 30
0.0
 11
333.018107
 21
-157.053694
 31
0.0
  0
LINE
  5
419
330
1F
100
AcDbEntity
  8
Edge.Cuts
100
AcDbLine
 10
333.018107
 20
-157.053694
 30
0.0
 11
332.991047
 21
-157.026634
 31
0.0
  0
LINE
  5
41A
330
1F
100
AcDbEntity
  8
Edge.Cuts
100
AcDbLine
 10
332.991047
 20
-157.026634
 30
0.0
 11
332.987241
 21
-157.0075
 31
0.0
  0
LINE
  5
41B
330
1F
100
AcDbEntity
  8
Edge.Cuts
100
AcDbLine
 10
332.987241
 20
-157.0075
 30
0.0
 11
332.987241
 21
-143.0075
 31
0.0
  0
LINE
  5
41C
330
1F
100
AcDbEntity
  8
Edge.Cuts
100
AcDbLine
 10
332.987241
 20
-143.0075
 30
0.0
 11
332.991047
 21
-142.988366
 31
0.0
  0
LINE
  5
41D
330
1F
100
AcDbEntity
  8
Edge.Cuts
100
AcDbLine
 10
332.991047
 20
-142.988366
 30
0.0
 11
333.018107
 21
-142.961306
 31
0.0
  0
LINE
  5
41E
330
1F
100
AcDbEntity
  8
Edge.Cuts
100
AcDbLine
 10
333.018107
 20
-142.961306
 30
0.0
 11
333.037241
 21
-142.9575
 31
0.0
  0
LINE
  5
41F
330
1F
100
AcDbEntity
  8
Edge.Cuts
100
AcDbLine
 10
333.037241
 20
-142.9575
 30
0.0
 11
347.037241
 21
-142.9575
 31
0.0
  0
LINE
  5
420
330
1F
100
AcDbEntity
  8
Edge.Cuts
100
AcDbLine
 10
347.037241
 20
-142.9575
 30
0.0
 11
347.056375
 21
-142.961306
 31
0.0
  0
LINE
  5
421
330
1F
100
AcDbEntity
  8
Edge.Cuts
100
AcDbLine
 10
347.056375
 20
-142.961306
 30
0.0
 11
347.083435
 21
-142.988366
 31
0.0
  0
LINE
  5
422
330
1F
100
AcDbEntity
  8
Edge.Cuts
100
AcDbLine
 10
347.083435
 20
-142.988366
 30
0.0
 11
347.0872409999999
 21
-143.0075
 31
0.0
  0
LINE
  5
423
330
1F
100
AcDbEntity
  8
Edge.Cuts
100
AcDbLine
 10
352.087241
 20
-133.4325
 30
0.0
 11
366.087241
 21
-133.4325
 31
0.0
  0
LINE
  5
424
330
1F
100
AcDbEntity
  8
Edge.Cuts
100
AcDbLine
 10
366.087241
 20
-133.4325
 30
0.0
 11
366.106375
 21
-133.436306
 31
0.0
  0
LINE
  5
425
330
1F
100
AcDbEntity
  8
Edge.Cuts
100
AcDbLine
 10
366.106375
 20
-133.436306
 30
0.0
 11
366.133435
 21
-133.463366
 31
0.0
  0
LINE
  5
426
330
1F
100
AcDbEntity
  8
Edge.Cuts
100
AcDbLine
 10
366.133435
 20
-133.463366
 30
0.0
 11
366.137241
 21
-133.4825
 31
0.0
  0
LINE
  5
427
330
1F
100
AcDbEntity
  8
Edge.Cuts
100
AcDbLine
 10
366.137241
 20
-133.4825
 30
0.0
 11
366.137241
 21
-147.4825
 31
0.0
  0
LINE
  5
428
330
1F
100
AcDbEntity
  8
Edge.Cuts
100
AcDbLine
 10
366.137241
 20
-147.4825
 30
0.0
 11
366.133435
 21
-147.501634
 31
0.0
  0
LINE
  5
429
330
1F
100
AcDbEntity
  8
Edge.Cuts
100
AcDbLine
 10
366.133435
 20
-147.501634
 30
0.0
 11
366.106375
 21
-147.528694
 31
0.0
  0
LINE
  5
42A
330
1F
100
AcDbEntity
  8
Edge.Cuts
100
AcDbLine
 10
366.106375
 20
-147.528694
 30
0.0
 11
366.087241
 21
-147.5325
 31
0.0
  0
LINE
  5
42B
330
1F
100
AcDbEntity
  8
Edge.Cuts
100
AcDbLine
 10
366.087241
 20
-147.5325
 30
0.0
 11
352.087241
 21
-147.5325
 31
0.0
  0
LINE
  5
42C
330
1F
100
AcDbEntity
  8
Edge.Cuts
100
AcDbLine
 10
352.087241
 20
-147.5325
 30
0.0
 11
352.0681069999999
 21
-147.528694
 31
0.0
  0
LINE
  5
42D
330
1F
100
AcDbEntity
  8
Edge.Cuts
100
AcDbLine
 10
352.0681069999999
 20
-147.528694
 30
0.0
 11
352.041047
 21
-147.501634
 31
0.0
  0
LINE
  5
42E
330
1F
100
AcDbEntity
  8
Edge.Cuts
100
AcDbLine
 10
352.041047
 20
-147.501634
 30
0.0
 11
352.037241
 21
-147.4825
 31
0.0
  0
LINE
  5
42F
330
1F
100
AcDbEntity
  8
Edge.Cuts
100
AcDbLine
 10
352.037241
 20
-147.4825
 30
0.0
 11
352.037241
 21
-133.4825
 31
0.0
  0
LINE
  5
430
330
1F
100
AcDbEntity
  8
Edge.Cuts
100
AcDbLine
 10
352.0372410000001
 20
-133.4825
 30
0.0
 11
352.041047
 21
-133.463366
 31
0.0
  0
LINE
  5
431
330
1F
100
AcDbEntity
  8
Edge.Cuts
100
AcDbLine
 10
352.041047
 20
-133.463366
 30
0.0
 11
352.0681069999999
 21
-133.436306
 31
0.0
  0
LINE
  5
432
330
1F
100
AcDbEntity
  8
Edge.Cuts
100
AcDbLine
 10
352.0681069999999
 20
-133.436306
 30
0.0
 11
352.087241
 21
-133.4325
 31
0.0
  0
LINE
  5
433
330
1F
100
AcDbEntity
  8
Edge.Cuts
100
AcDbLine
 10
328.037241
 20
-119.195
 30
0.0
 11
328.037241
 21
-133.195
 31
0.0
  0
LINE
  5
434
330
1F
100
AcDbEntity
  8
Edge.Cuts
100
AcDbLine
 10
328.0372409999999
 20
-133.195
 30
0.0
 11
328.0334349999999
 21
-133.214134
 31
0.0
  0
LINE
  5
435
330
1F
100
AcDbEntity
  8
Edge.Cuts
100
AcDbLine
 10
328.033435
 20
-133.214134
 30
0.0
 11
328.006375
 21
-133.241194
 31
0.0
  0
LINE
  5
436
330
1F
100
AcDbEntity
  8
Edge.Cuts
100
AcDbLine
 10
328.006375
 20
-133.241194
 30
0.0
 11
327.987241
 21
-133.245
 31
0.0
  0
LINE
  5
437
330
1F
100
AcDbEntity
  8
Edge.Cuts
100
AcDbLine
 10
327.987241
 20
-133.245
 30
0.0
 11
313.987241
 21
-133.245
 31
0.0
  0
LINE
  5
438
330
1F
100
AcDbEntity
  8
Edge.Cuts
100
AcDbLine
 10
313.987241
 20
-133.245
 30
0.0
 11
313.968107
 21
-133.241194
 31
0.0
  0
LINE
  5
439
330
1F
100
AcDbEntity
  8
Edge.Cuts
100
AcDbLine
 10
313.968107
 20
-133.241194
 30
0.0
 11
313.941047
 21
-133.214134
 31
0.0
  0
LINE
  5
43A
330
1F
100
AcDbEntity
  8
Edge.Cuts
100
AcDbLine
 10
313.941047
 20
-133.214134
 30
0.0
 11
313.937241
 21
-133.195
 31
0.0
  0
LINE
  5
43B
330
1F
100
AcDbEntity
  8
Edge.Cuts
100
AcDbLine
 10
313.937241
 20
-133.195
 30
0.0
 11
313.937241
 21
-119.195
 31
0.0
  0
LINE
  5
43C
330
1F
100
AcDbEntity
  8
Edge.Cuts
100
AcDbLine
 10
313.937241
 20
-119.195
 30
0.0
 11
313.941047
 21
-119.175866
 31
0.0
  0
LINE
  5
43D
330
1F
100
AcDbEntity
  8
Edge.Cuts
100
AcDbLine
 10
313.941047
 20
-119.175866
 30
0.0
 11
313.968107
 21
-119.148806
 31
0.0
  0
LINE
  5
43E
330
1F
100
AcDbEntity
  8
Edge.Cuts
100
AcDbLine
 10
313.968107
 20
-119.148806
 30
0.0
 11
313.987241
 21
-119.145
 31
0.0
  0
LINE
  5
43F
330
1F
100
AcDbEntity
  8
Edge.Cuts
100
AcDbLine
 10
313.987241
 20
-119.145
 30
0.0
 11
327.987241
 21
-119.145
 31
0.0
  0
LINE
  5
440
330
1F
100
AcDbEntity
  8
Edge.Cuts
100
AcDbLine
 10
327.987241
 20
-119.145
 30
0.0
 11
328.006375
 21
-119.148806
 31
0.0
  0
LINE
  5
441
330
1F
100
AcDbEntity
  8
Edge.Cuts
100
AcDbLine
 10
328.006375
 20
-119.148806
 30
0.0
 11
328.033435
 21
-119.175866
 31
0.0
  0
LINE
  5
442
330
1F
100
AcDbEntity
  8
Edge.Cuts
100
AcDbLine
 10
328.0334349999999
 20
-119.175866
 30
0.0
 11
328.0372409999999
 21
-119.195
 31
0.0
  0
LINE
  5
443
330
1F
100
AcDbEntity
  8
Edge.Cuts
100
AcDbLine
 10
313.937241
 20
-114.145
 30
0.0
 11
313.937241
 21
-100.145
 31
0.0
  0
LINE
  5
444
330
1F
100
AcDbEntity
  8
Edge.Cuts
100
AcDbLine
 10
313.937241
 20
-100.145
 30
0.0
 11
313.941047
 21
-100.125866
 31
0.0
  0
LINE
  5
445
330
1F
100
AcDbEntity
  8
Edge.Cuts
100
AcDbLine
 10
313.941047
 20
-100.125866
 30
0.0
 11
313.968107
 21
-100.098806
 31
0.0
  0
LINE
  5
446
330
1F
100
AcDbEntity
  8
Edge.Cuts
100
AcDbLine
 10
313.968107
 20
-100.098806
 30
0.0
 11
313.987241
 21
-100.095
 31
0.0
  0
LINE
  5
447
330
1F
100
AcDbEntity
  8
Edge.Cuts
100
AcDbLine
 10
313.987241
 20
-100.095
 30
0.0
 11
327.987241
 21
-100.095
 31
0.0
  0
LINE
  5
448
330
1F
100
AcDbEntity
  8
Edge.Cuts
100
AcDbLine
 10
327.987241
 20
-100.095
 30
0.0
 11
328.006375
 21
-100.098806
 31
0.0
  0
LINE
  5
449
330
1F
100
AcDbEntity
  8
Edge.Cuts
100
AcDbLine
 10
328.006375
 20
-100.098806
 30
0.0
 11
328.033435
 21
-100.125866
 31
0.0
  0
LINE
  5
44A
330
1F
100
AcDbEntity
  8
Edge.Cuts
100
AcDbLine
 10
328.033435
 20
-100.125866
 30
0.0
 11
328.037241
 21
-100.145
 31
0.0
  0
LINE
  5
44B
330
1F
100
AcDbEntity
  8
Edge.Cuts
100
AcDbLine
 10
328.037241
 20
-100.145
 30
0.0
 11
328.037241
 21
-114.145
 31
0.0
  0
LINE
  5
44C
330
1F
100
AcDbEntity
  8
Edge.Cuts
100
AcDbLine
 10
328.037241
 20
-114.145
 30
0.0
 11
328.033435
 21
-114.164134
 31
0.0
  0
LINE
  5
44D
330
1F
100
AcDbEntity
  8
Edge.Cuts
100
AcDbLine
 10
328.033435
 20
-114.164134
 30
0.0
 11
328.006375
 21
-114.191194
 31
0.0
  0
LINE
  5
44E
330
1F
100
AcDbEntity
  8
Edge.Cuts
100
AcDbLine
 10
328.006375
 20
-114.191194
 30
0.0
 11
327.987241
 21
-114.195
 31
0.0
  0
LINE
  5
44F
330
1F
100
AcDbEntity
  8
Edge.Cuts
100
AcDbLine
 10
327.987241
 20
-114.195
 30
0.0
 11
313.987241
 21
-114.195
 31
0.0
  0
LINE
  5
450
330
1F
100
AcDbEntity
  8
Edge.Cuts
100
AcDbLine
 10
313.987241
 20
-114.195
 30
0.0
 11
313.968107
 21
-114.191194
 31
0.0
  0
LINE
  5
451
330
1F
100
AcDbEntity
  8
Edge.Cuts
100
AcDbLine
 10
313.968107
 20
-114.191194
 30
0.0
 11
313.941047
 21
-114.164134
 31
0.0
  0
LINE
  5
452
330
1F
100
AcDbEntity
  8
Edge.Cuts
100
AcDbLine
 10
313.941047
 20
-114.164134
 30
0.0
 11
313.937241
 21
-114.145
 31
0.0
  0
LINE
  5
453
330
1F
100
AcDbEntity
  8
Edge.Cuts
100
AcDbLine
 10
289.887241
 20
-114.195
 30
0.0
 11
275.887241
 21
-114.195
 31
0.0
  0
LINE
  5
454
330
1F
100
AcDbEntity
  8
Edge.Cuts
100
AcDbLine
 10
275.887241
 20
-114.195
 30
0.0
 11
275.868107
 21
-114.191194
 31
0.0
  0
LINE
  5
455
330
1F
100
AcDbEntity
  8
Edge.Cuts
100
AcDbLine
 10
275.868107
 20
-114.191194
 30
0.0
 11
275.841047
 21
-114.164134
 31
0.0
  0
LINE
  5
456
330
1F
100
AcDbEntity
  8
Edge.Cuts
100
AcDbLine
 10
275.841047
 20
-114.164134
 30
0.0
 11
275.8372409999999
 21
-114.145
 31
0.0
  0
LINE
  5
457
330
1F
100
AcDbEntity
  8
Edge.Cuts
100
AcDbLine
 10
275.8372409999999
 20
-114.145
 30
0.0
 11
275.8372409999999
 21
-100.145
 31
0.0
  0
LINE
  5
458
330
1F
100
AcDbEntity
  8
Edge.Cuts
100
AcDbLine
 10
275.8372409999999
 20
-100.145
 30
0.0
 11
275.841047
 21
-100.125866
 31
0.0
  0
LINE
  5
459
330
1F
100
AcDbEntity
  8
Edge.Cuts
100
AcDbLine
 10
275.841047
 20
-100.125866
 30
0.0
 11
275.868107
 21
-100.098806
 31
0.0
  0
LINE
  5
45A
330
1F
100
AcDbEntity
  8
Edge.Cuts
100
AcDbLine
 10
275.868107
 20
-100.098806
 30
0.0
 11
275.887241
 21
-100.095
 31
0.0
  0
LINE
  5
45B
330
1F
100
AcDbEntity
  8
Edge.Cuts
100
AcDbLine
 10
275.887241
 20
-100.095
 30
0.0
 11
289.887241
 21
-100.095
 31
0.0
  0
LINE
  5
45C
330
1F
100
AcDbEntity
  8
Edge.Cuts
100
AcDbLine
 10
289.887241
 20
-100.095
 30
0.0
 11
289.906375
 21
-100.098806
 31
0.0
  0
LINE
  5
45D
330
1F
100
AcDbEntity
  8
Edge.Cuts
100
AcDbLine
 10
289.906375
 20
-100.098806
 30
0.0
 11
289.933435
 21
-100.125866
 31
0.0
  0
LINE
  5
45E
330
1F
100
AcDbEntity
  8
Edge.Cuts
100
AcDbLine
 10
289.933435
 20
-100.125866
 30
0.0
 11
289.937241
 21
-100.145
 31
0.0
  0
LINE
  5
45F
330
1F
100
AcDbEntity
  8
Edge.Cuts
100
AcDbLine
 10
289.937241
 20
-100.145
 30
0.0
 11
289.937241
 21
-114.145
 31
0.0
  0
LINE
  5
460
330
1F
100
AcDbEntity
  8
Edge.Cuts
100
AcDbLine
 10
289.937241
 20
-114.145
 30
0.0
 11
289.933435
 21
-114.164134
 31
0.0
  0
LINE
  5
461
330
1F
100
AcDbEntity
  8
Edge.Cuts
100
AcDbLine
 10
289.933435
 20
-114.164134
 30
0.0
 11
289.906375
 21
-114.191194
 31
0.0
  0
LINE
  5
462
330
1F
100
AcDbEntity
  8
Edge.Cuts
100
AcDbLine
 10
289.906375
 20
-114.191194
 30
0.0
 11
289.887241
 21
-114.195
 31
0.0
  0
LINE
  5
463
330
1F
100
AcDbEntity
  8
Edge.Cuts
100
AcDbLine
 10
289.937241
 20
-119.195
 30
0.0
 11
289.937241
 21
-133.195
 31
0.0
  0
LINE
  5
464
330
1F
100
AcDbEntity
  8
Edge.Cuts
100
AcDbLine
 10
289.9372409999999
 20
-133.195
 30
0.0
 11
289.9334349999999
 21
-133.214134
 31
0.0
  0
LINE
  5
465
330
1F
100
AcDbEntity
  8
Edge.Cuts
100
AcDbLine
 10
289.933435
 20
-133.214134
 30
0.0
 11
289.906375
 21
-133.241194
 31
0.0
  0
LINE
  5
466
330
1F
100
AcDbEntity
  8
Edge.Cuts
100
AcDbLine
 10
289.906375
 20
-133.241194
 30
0.0
 11
289.887241
 21
-133.245
 31
0.0
  0
LINE
  5
467
330
1F
100
AcDbEntity
  8
Edge.Cuts
100
AcDbLine
 10
289.887241
 20
-133.245
 30
0.0
 11
275.887241
 21
-133.245
 31
0.0
  0
LINE
  5
468
330
1F
100
AcDbEntity
  8
Edge.Cuts
100
AcDbLine
 10
275.887241
 20
-133.245
 30
0.0
 11
275.868107
 21
-133.241194
 31
0.0
  0
LINE
  5
469
330
1F
100
AcDbEntity
  8
Edge.Cuts
100
AcDbLine
 10
275.868107
 20
-133.241194
 30
0.0
 11
275.841047
 21
-133.214134
 31
0.0
  0
LINE
  5
46A
330
1F
100
AcDbEntity
  8
Edge.Cuts
100
AcDbLine
 10
275.8410470000001
 20
-133.214134
 30
0.0
 11
275.8372409999999
 21
-133.195
 31
0.0
  0
LINE
  5
46B
330
1F
100
AcDbEntity
  8
Edge.Cuts
100
AcDbLine
 10
275.8372409999999
 20
-133.195
 30
0.0
 11
275.8372409999999
 21
-119.195
 31
0.0
  0
LINE
  5
46C
330
1F
100
AcDbEntity
  8
Edge.Cuts
100
AcDbLine
 10
275.8372409999999
 20
-119.195
 30
0.0
 11
275.8410470000001
 21
-119.175866
 31
0.0
  0
LINE
  5
46D
330
1F
100
AcDbEntity
  8
Edge.Cuts
100
AcDbLine
 10
275.841047
 20
-119.175866
 30
0.0
 11
275.868107
 21
-119.148806
 31
0.0
  0
LINE
  5
46E
330
1F
100
AcDbEntity
  8
Edge.Cuts
100
AcDbLine
 10
275.868107
 20
-119.148806
 30
0.0
 11
275.887241
 21
-119.145
 31
0.0
  0
LINE
  5
46F
330
1F
100
AcDbEntity
  8
Edge.Cuts
100
AcDbLine
 10
275.887241
 20
-119.145
 30
0.0
 11
289.887241
 21
-119.145
 31
0.0
  0
LINE
  5
470
330
1F
100
AcDbEntity
  8
Edge.Cuts
100
AcDbLine
 10
289.887241
 20
-119.145
 30
0.0
 11
289.906375
 21
-119.148806
 31
0.0
  0
LINE
  5
471
330
1F
100
AcDbEntity
  8
Edge.Cuts
100
AcDbLine
 10
289.906375
 20
-119.148806
 30
0.0
 11
289.933435
 21
-119.175866
 31
0.0
  0
LINE
  5
472
330
1F
100
AcDbEntity
  8
Edge.Cuts
100
AcDbLine
 10
289.9334349999999
 20
-119.175866
 30
0.0
 11
289.9372409999999
 21
-119.195
 31
0.0
  0
LINE
  5
473
330
1F
100
AcDbEntity
  8
Edge.Cuts
100
AcDbLine
 10
294.887241
 20
-128.4325
 30
0.0
 11
294.887241
 21
-114.4325
 31
0.0
  0
LINE
  5
474
330
1F
100
AcDbEntity
  8
Edge.Cuts
100
AcDbLine
 10
294.887241
 20
-114.4325
 30
0.0
 11
294.891047
 21
-114.413366
 31
0.0
  0
LINE
  5
475
330
1F
100
AcDbEntity
  8
Edge.Cuts
100
AcDbLine
 10
294.891047
 20
-114.413366
 30
0.0
 11
294.918107
 21
-114.386306
 31
0.0
  0
LINE
  5
476
330
1F
100
AcDbEntity
  8
Edge.Cuts
100
AcDbLine
 10
294.918107
 20
-114.386306
 30
0.0
 11
294.937241
 21
-114.3825
 31
0.0
  0
LINE
  5
477
330
1F
100
AcDbEntity
  8
Edge.Cuts
100
AcDbLine
 10
294.937241
 20
-114.3825
 30
0.0
 11
308.937241
 21
-114.3825
 31
0.0
  0
LINE
  5
478
330
1F
100
AcDbEntity
  8
Edge.Cuts
100
AcDbLine
 10
308.937241
 20
-114.3825
 30
0.0
 11
308.956375
 21
-114.386306
 31
0.0
  0
LINE
  5
479
330
1F
100
AcDbEntity
  8
Edge.Cuts
100
AcDbLine
 10
308.956375
 20
-114.386306
 30
0.0
 11
308.983435
 21
-114.413366
 31
0.0
  0
LINE
  5
47A
330
1F
100
AcDbEntity
  8
Edge.Cuts
100
AcDbLine
 10
308.983435
 20
-114.413366
 30
0.0
 11
308.987241
 21
-114.4325
 31
0.0
  0
LINE
  5
47B
330
1F
100
AcDbEntity
  8
Edge.Cuts
100
AcDbLine
 10
308.987241
 20
-114.4325
 30
0.0
 11
308.987241
 21
-128.4325
 31
0.0
  0
LINE
  5
47C
330
1F
100
AcDbEntity
  8
Edge.Cuts
100
AcDbLine
 10
308.9872409999999
 20
-128.4325
 30
0.0
 11
308.9834349999999
 21
-128.451634
 31
0.0
  0
LINE
  5
47D
330
1F
100
AcDbEntity
  8
Edge.Cuts
100
AcDbLine
 10
308.983435
 20
-128.451634
 30
0.0
 11
308.956375
 21
-128.478694
 31
0.0
  0
LINE
  5
47E
330
1F
100
AcDbEntity
  8
Edge.Cuts
100
AcDbLine
 10
308.956375
 20
-128.478694
 30
0.0
 11
308.937241
 21
-128.4825
 31
0.0
  0
LINE
  5
47F
330
1F
100
AcDbEntity
  8
Edge.Cuts
100
AcDbLine
 10
308.937241
 20
-128.4825
 30
0.0
 11
294.937241
 21
-128.4825
 31
0.0
  0
LINE
  5
480
330
1F
100
AcDbEntity
  8
Edge.Cuts
100
AcDbLine
 10
294.937241
 20
-128.4825
 30
0.0
 11
294.918107
 21
-128.478694
 31
0.0
  0
LINE
  5
481
330
1F
100
AcDbEntity
  8
Edge.Cuts
100
AcDbLine
 10
294.918107
 20
-128.478694
 30
0.0
 11
294.891047
 21
-128.451634
 31
0.0
  0
LINE
  5
482
330
1F
100
AcDbEntity
  8
Edge.Cuts
100
AcDbLine
 10
294.891047
 20
-128.451634
 30
0.0
 11
294.887241
 21
-128.4325
 31
0.0
  0
LINE
  5
483
330
1F
100
AcDbEntity
  8
Edge.Cuts
100
AcDbLine
 10
275.887241
 20
-138.195
 30
0.0
 11
289.887241
 21
-138.195
 31
0.0
  0
LINE
  5
484
330
1F
100
AcDbEntity
  8
Edge.Cuts
100
AcDbLine
 10
289.887241
 20
-138.195
 30
0.0
 11
289.906375
 21
-138.198806
 31
0.0
  0
LINE
  5
485
330
1F
100
AcDbEntity
  8
Edge.Cuts
100
AcDbLine
 10
289.906375
 20
-138.198806
 30
0.0
 11
289.933435
 21
-138.225866
 31
0.0
  0
LINE
  5
486
330
1F
100
AcDbEntity
  8
Edge.Cuts
100
AcDbLine
 10
289.9334349999999
 20
-138.225866
 30
0.0
 11
289.9372409999999
 21
-138.245
 31
0.0
  0
LINE
  5
487
330
1F
100
AcDbEntity
  8
Edge.Cuts
100
AcDbLine
 10
289.937241
 20
-138.245
 30
0.0
 11
289.937241
 21
-152.245
 31
0.0
  0
LINE
  5
488
330
1F
100
AcDbEntity
  8
Edge.Cuts
100
AcDbLine
 10
289.9372409999999
 20
-152.245
 30
0.0
 11
289.9334349999999
 21
-152.264134
 31
0.0
  0
LINE
  5
489
330
1F
100
AcDbEntity
  8
Edge.Cuts
100
AcDbLine
 10
289.933435
 20
-152.264134
 30
0.0
 11
289.906375
 21
-152.291194
 31
0.0
  0
LINE
  5
48A
330
1F
100
AcDbEntity
  8
Edge.Cuts
100
AcDbLine
 10
289.906375
 20
-152.291194
 30
0.0
 11
289.887241
 21
-152.295
 31
0.0
  0
LINE
  5
48B
330
1F
100
AcDbEntity
  8
Edge.Cuts
100
AcDbLine
 10
289.887241
 20
-152.295
 30
0.0
 11
275.887241
 21
-152.295
 31
0.0
  0
LINE
  5
48C
330
1F
100
AcDbEntity
  8
Edge.Cuts
100
AcDbLine
 10
275.887241
 20
-152.295
 30
0.0
 11
275.868107
 21
-152.291194
 31
0.0
  0
LINE
  5
48D
330
1F
100
AcDbEntity
  8
Edge.Cuts
100
AcDbLine
 10
275.868107
 20
-152.291194
 30
0.0
 11
275.841047
 21
-152.264134
 31
0.0
  0
LINE
  5
48E
330
1F
100
AcDbEntity
  8
Edge.Cuts
100
AcDbLine
 10
275.8410470000001
 20
-152.264134
 30
0.0
 11
275.8372409999999
 21
-152.245
 31
0.0
  0
LINE
  5
48F
330
1F
100
AcDbEntity
  8
Edge.Cuts
100
AcDbLine
 10
275.8372409999999
 20
-152.245
 30
0.0
 11
275.8372409999999
 21
-138.245
 31
0.0
  0
LINE
  5
490
330
1F
100
AcDbEntity
  8
Edge.Cuts
100
AcDbLine
 10
275.8372409999999
 20
-138.245
 30
0.0
 11
275.8410470000001
 21
-138.225866
 31
0.0
  0
LINE
  5
491
330
1F
100
AcDbEntity
  8
Edge.Cuts
100
AcDbLine
 10
275.841047
 20
-138.225866
 30
0.0
 11
275.868107
 21
-138.198806
 31
0.0
  0
LINE
  5
492
330
1F
100
AcDbEntity
  8
Edge.Cuts
100
AcDbLine
 10
275.868107
 20
-138.198806
 30
0.0
 11
275.887241
 21
-138.195
 31
0.0
  0
LINE
  5
493
330
1F
100
AcDbEntity
  8
Edge.Cuts
100
AcDbLine
 10
277.792241
 20
-162.96
 30
0.0
 11
291.792241
 21
-162.96
 31
0.0
  0
LINE
  5
494
330
1F
100
AcDbEntity
  8
Edge.Cuts
100
AcDbLine
 10
291.792241
 20
-162.96
 30
0.0
 11
291.811375
 21
-162.963806
 31
0.0
  0
LINE
  5
495
330
1F
100
AcDbEntity
  8
Edge.Cuts
100
AcDbLine
 10
291.811375
 20
-162.963806
 30
0.0
 11
291.838435
 21
-162.990866
 31
0.0
  0
LINE
  5
496
330
1F
100
AcDbEntity
  8
Edge.Cuts
100
AcDbLine
 10
291.838435
 20
-162.990866
 30
0.0
 11
291.842241
 21
-163.01
 31
0.0
  0
LINE
  5
497
330
1F
100
AcDbEntity
  8
Edge.Cuts
100
AcDbLine
 10
291.842241
 20
-163.01
 30
0.0
 11
291.842241
 21
-177.01
 31
0.0
  0
LINE
  5
498
330
1F
100
AcDbEntity
  8
Edge.Cuts
100
AcDbLine
 10
291.8422409999999
 20
-177.01
 30
0.0
 11
291.8384349999999
 21
-177.029134
 31
0.0
  0
LINE
  5
499
330
1F
100
AcDbEntity
  8
Edge.Cuts
100
AcDbLine
 10
291.838435
 20
-177.029134
 30
0.0
 11
291.811375
 21
-177.056194
 31
0.0
  0
LINE
  5
49A
330
1F
100
AcDbEntity
  8
Edge.Cuts
100
AcDbLine
 10
291.811375
 20
-177.056194
 30
0.0
 11
291.792241
 21
-177.06
 31
0.0
  0
LINE
  5
49B
330
1F
100
AcDbEntity
  8
Edge.Cuts
100
AcDbLine
 10
291.792241
 20
-177.06
 30
0.0
 11
277.792241
 21
-177.06
 31
0.0
  0
LINE
  5
49C
330
1F
100
AcDbEntity
  8
Edge.Cuts
100
AcDbLine
 10
277.792241
 20
-177.06
 30
0.0
 11
277.773107
 21
-177.056194
 31
0.0
  0
LINE
  5
49D
330
1F
100
AcDbEntity
  8
Edge.Cuts
100
AcDbLine
 10
277.773107
 20
-177.056194
 30
0.0
 11
277.746047
 21
-177.029134
 31
0.0
  0
LINE
  5
49E
330
1F
100
AcDbEntity
  8
Edge.Cuts
100
AcDbLine
 10
277.746047
 20
-177.029134
 30
0.0
 11
277.742241
 21
-177.01
 31
0.0
  0
LINE
  5
49F
330
1F
100
AcDbEntity
  8
Edge.Cuts
100
AcDbLine
 10
277.742241
 20
-177.01
 30
0.0
 11
277.742241
 21
-163.01
 31
0.0
  0
LINE
  5
4A0
330
1F
100
AcDbEntity
  8
Edge.Cuts
100
AcDbLine
 10
277.742241
 20
-163.01
 30
0.0
 11
277.746047
 21
-162.990866
 31
0.0
  0
LINE
  5
4A1
330
1F
100
AcDbEntity
  8
Edge.Cuts
100
AcDbLine
 10
277.746047
 20
-162.990866
 30
0.0
 11
277.773107
 21
-162.963806
 31
0.0
  0
LINE
  5
4A2
330
1F
100
AcDbEntity
  8
Edge.Cuts
100
AcDbLine
 10
277.773107
 20
-162.963806
 30
0.0
 11
277.792241
 21
-162.96
 31
0.0
  0
LINE
  5
4A3
330
1F
100
AcDbEntity
  8
Edge.Cuts
100
AcDbLine
 10
270.887241
 20
-104.9075
 30
0.0
 11
270.887241
 21
-118.9075
 31
0.0
  0
LINE
  5
4A4
330
1F
100
AcDbEntity
  8
Edge.Cuts
100
AcDbLine
 10
270.887241
 20
-118.9075
 30
0.0
 11
270.883435
 21
-118.926634
 31
0.0
  0
LINE
  5
4A5
330
1F
100
AcDbEntity
  8
Edge.Cuts
100
AcDbLine
 10
270.883435
 20
-118.926634
 30
0.0
 11
270.856375
 21
-118.953694
 31
0.0
  0
LINE
  5
4A6
330
1F
100
AcDbEntity
  8
Edge.Cuts
100
AcDbLine
 10
270.856375
 20
-118.953694
 30
0.0
 11
270.837241
 21
-118.9575
 31
0.0
  0
LINE
  5
4A7
330
1F
100
AcDbEntity
  8
Edge.Cuts
100
AcDbLine
 10
270.837241
 20
-118.9575
 30
0.0
 11
256.8372410000001
 21
-118.9575
 31
0.0
  0
LINE
  5
4A8
330
1F
100
AcDbEntity
  8
Edge.Cuts
100
AcDbLine
 10
256.8372410000001
 20
-118.9575
 30
0.0
 11
256.8181069999999
 21
-118.953694
 31
0.0
  0
LINE
  5
4A9
330
1F
100
AcDbEntity
  8
Edge.Cuts
100
AcDbLine
 10
256.8181069999999
 20
-118.953694
 30
0.0
 11
256.791047
 21
-118.926634
 31
0.0
  0
LINE
  5
4AA
330
1F
100
AcDbEntity
  8
Edge.Cuts
100
AcDbLine
 10
256.791047
 20
-118.926634
 30
0.0
 11
256.7872409999999
 21
-118.9075
 31
0.0
  0
LINE
  5
4AB
330
1F
100
AcDbEntity
  8
Edge.Cuts
100
AcDbLine
 10
256.7872409999999
 20
-118.9075
 30
0.0
 11
256.7872409999999
 21
-104.9075
 31
0.0
  0
LINE
  5
4AC
330
1F
100
AcDbEntity
  8
Edge.Cuts
100
AcDbLine
 10
256.7872409999999
 20
-104.9075
 30
0.0
 11
256.791047
 21
-104.888366
 31
0.0
  0
LINE
  5
4AD
330
1F
100
AcDbEntity
  8
Edge.Cuts
100
AcDbLine
 10
256.791047
 20
-104.888366
 30
0.0
 11
256.8181069999999
 21
-104.861306
 31
0.0
  0
LINE
  5
4AE
330
1F
100
AcDbEntity
  8
Edge.Cuts
100
AcDbLine
 10
256.8181069999999
 20
-104.861306
 30
0.0
 11
256.8372410000001
 21
-104.8575
 31
0.0
  0
LINE
  5
4AF
330
1F
100
AcDbEntity
  8
Edge.Cuts
100
AcDbLine
 10
256.8372410000001
 20
-104.8575
 30
0.0
 11
270.837241
 21
-104.8575
 31
0.0
  0
LINE
  5
4B0
330
1F
100
AcDbEntity
  8
Edge.Cuts
100
AcDbLine
 10
270.837241
 20
-104.8575
 30
0.0
 11
270.856375
 21
-104.861306
 31
0.0
  0
LINE
  5
4B1
330
1F
100
AcDbEntity
  8
Edge.Cuts
100
AcDbLine
 10
270.856375
 20
-104.861306
 30
0.0
 11
270.883435
 21
-104.888366
 31
0.0
  0
LINE
  5
4B2
330
1F
100
AcDbEntity
  8
Edge.Cuts
100
AcDbLine
 10
270.8834350000001
 20
-104.888366
 30
0.0
 11
270.8872410000001
 21
-104.9075
 31
0.0
  0
LINE
  5
4B3
330
1F
100
AcDbEntity
  8
Edge.Cuts
100
AcDbLine
 10
240.301185
 20
-190.242611
 30
0.0
 11
233.513851
 21
-177.997934
 31
0.0
  0
LINE
  5
4B4
330
1F
100
AcDbEntity
  8
Edge.Cuts
100
AcDbLine
 10
233.513851
 20
-177.997934
 30
0.0
 11
233.507903
 21
-177.979354
 31
0.0
  0
LINE
  5
4B5
330
1F
100
AcDbEntity
  8
Edge.Cuts
100
AcDbLine
 10
233.507903
 20
-177.979354
 30
0.0
 11
233.518452
 21
-177.942568
 31
0.0
  0
LINE
  5
4B6
330
1F
100
AcDbEntity
  8
Edge.Cuts
100
AcDbLine
 10
233.518452
 20
-177.942568
 30
0.0
 11
233.533342
 21
-177.929963
 31
0.0
  0
LINE
  5
4B7
330
1F
100
AcDbEntity
  8
Edge.Cuts
100
AcDbLine
 10
233.533342
 20
-177.929963
 30
0.0
 11
245.778018
 21
-171.142629
 31
0.0
  0
LINE
  5
4B8
330
1F
100
AcDbEntity
  8
Edge.Cuts
100
AcDbLine
 10
245.778018
 20
-171.142629
 30
0.0
 11
245.796598
 21
-171.136681
 31
0.0
  0
LINE
  5
4B9
330
1F
100
AcDbEntity
  8
Edge.Cuts
100
AcDbLine
 10
245.796598
 20
-171.136681
 30
0.0
 11
245.833384
 21
-171.14723
 31
0.0
  0
LINE
  5
4BA
330
1F
100
AcDbEntity
  8
Edge.Cuts
100
AcDbLine
 10
245.833384
 20
-171.14723
 30
0.0
 11
245.845989
 21
-171.16212
 31
0.0
  0
LINE
  5
4BB
330
1F
100
AcDbEntity
  8
Edge.Cuts
100
AcDbLine
 10
245.845989
 20
-171.16212
 30
0.0
 11
252.633323
 21
-183.406796
 31
0.0
  0
LINE
  5
4BC
330
1F
100
AcDbEntity
  8
Edge.Cuts
100
AcDbLine
 10
252.633323
 20
-183.406796
 30
0.0
 11
252.639271
 21
-183.425376
 31
0.0
  0
LINE
  5
4BD
330
1F
100
AcDbEntity
  8
Edge.Cuts
100
AcDbLine
 10
252.639271
 20
-183.425376
 30
0.0
 11
252.628722
 21
-183.462162
 31
0.0
  0
LINE
  5
4BE
330
1F
100
AcDbEntity
  8
Edge.Cuts
100
AcDbLine
 10
252.628722
 20
-183.462162
 30
0.0
 11
252.6138329999999
 21
-183.474767
 31
0.0
  0
LINE
  5
4BF
330
1F
100
AcDbEntity
  8
Edge.Cuts
100
AcDbLine
 10
252.6138329999999
 20
-183.474767
 30
0.0
 11
240.369156
 21
-190.2621010000001
 31
0.0
  0
LINE
  5
4C0
330
1F
100
AcDbEntity
  8
Edge.Cuts
100
AcDbLine
 10
240.369156
 20
-190.262101
 30
0.0
 11
240.350576
 21
-190.268049
 31
0.0
  0
LINE
  5
4C1
330
1F
100
AcDbEntity
  8
Edge.Cuts
100
AcDbLine
 10
240.350576
 20
-190.268049
 30
0.0
 11
240.31379
 21
-190.2575
 31
0.0
  0
LINE
  5
4C2
330
1F
100
AcDbEntity
  8
Edge.Cuts
100
AcDbLine
 10
240.31379
 20
-190.2575
 30
0.0
 11
240.301185
 21
-190.242611
 31
0.0
  0
LINE
  5
4C3
330
1F
100
AcDbEntity
  8
Edge.Cuts
100
AcDbLine
 10
270.887241
 20
-143.0075
 30
0.0
 11
270.887241
 21
-157.0075
 31
0.0
  0
LINE
  5
4C4
330
1F
100
AcDbEntity
  8
Edge.Cuts
100
AcDbLine
 10
270.8872410000001
 20
-157.0075
 30
0.0
 11
270.8834350000001
 21
-157.026634
 31
0.0
  0
LINE
  5
4C5
330
1F
100
AcDbEntity
  8
Edge.Cuts
100
AcDbLine
 10
270.883435
 20
-157.026634
 30
0.0
 11
270.856375
 21
-157.053694
 31
0.0
  0
LINE
  5
4C6
330
1F
100
AcDbEntity
  8
Edge.Cuts
100
AcDbLine
 10
270.856375
 20
-157.053694
 30
0.0
 11
270.837241
 21
-157.0575
 31
0.0
  0
LINE
  5
4C7
330
1F
100
AcDbEntity
  8
Edge.Cuts
100
AcDbLine
 10
270.837241
 20
-157.0575
 30
0.0
 11
256.8372410000001
 21
-157.0575
 31
0.0
  0
LINE
  5
4C8
330
1F
100
AcDbEntity
  8
Edge.Cuts
100
AcDbLine
 10
256.8372410000001
 20
-157.0575
 30
0.0
 11
256.8181069999999
 21
-157.053694
 31
0.0
  0
LINE
  5
4C9
330
1F
100
AcDbEntity
  8
Edge.Cuts
100
AcDbLine
 10
256.8181069999999
 20
-157.053694
 30
0.0
 11
256.791047
 21
-157.026634
 31
0.0
  0
LINE
  5
4CA
330
1F
100
AcDbEntity
  8
Edge.Cuts
100
AcDbLine
 10
256.791047
 20
-157.026634
 30
0.0
 11
256.7872409999999
 21
-157.0075
 31
0.0
  0
LINE
  5
4CB
330
1F
100
AcDbEntity
  8
Edge.Cuts
100
AcDbLine
 10
256.7872409999999
 20
-157.0075
 30
0.0
 11
256.7872409999999
 21
-143.0075
 31
0.0
  0
LINE
  5
4CC
330
1F
100
AcDbEntity
  8
Edge.Cuts
100
AcDbLine
 10
256.7872409999999
 20
-143.0075
 30
0.0
 11
256.791047
 21
-142.988366
 31
0.0
  0
LINE
  5
4CD
330
1F
100
AcDbEntity
  8
Edge.Cuts
100
AcDbLine
 10
256.791047
 20
-142.988366
 30
0.0
 11
256.8181069999999
 21
-142.961306
 31
0.0
  0
LINE
  5
4CE
330
1F
100
AcDbEntity
  8
Edge.Cuts
100
AcDbLine
 10
256.8181069999999
 20
-142.961306
 30
0.0
 11
256.8372410000001
 21
-142.9575
 31
0.0
  0
LINE
  5
4CF
330
1F
100
AcDbEntity
  8
Edge.Cuts
100
AcDbLine
 10
256.8372410000001
 20
-142.9575
 30
0.0
 11
270.837241
 21
-142.9575
 31
0.0
  0
LINE
  5
4D0
330
1F
100
AcDbEntity
  8
Edge.Cuts
100
AcDbLine
 10
270.837241
 20
-142.9575
 30
0.0
 11
270.856375
 21
-142.961306
 31
0.0
  0
LINE
  5
4D1
330
1F
100
AcDbEntity
  8
Edge.Cuts
100
AcDbLine
 10
270.856375
 20
-142.961306
 30
0.0
 11
270.883435
 21
-142.988366
 31
0.0
  0
LINE
  5
4D2
330
1F
100
AcDbEntity
  8
Edge.Cuts
100
AcDbLine
 10
270.883435
 20
-142.988366
 30
0.0
 11
270.887241
 21
-143.0075
 31
0.0
  0
LINE
  5
4D3
330
1F
100
AcDbEntity
  8
Edge.Cuts
100
AcDbLine
 10
256.7872409999999
 20
-137.9575
 30
0.0
 11
256.7872409999999
 21
-123.9575
 31
0.0
  0
LINE
  5
4D4
330
1F
100
AcDbEntity
  8
Edge.Cuts
100
AcDbLine
 10
256.7872409999999
 20
-123.9575
 30
0.0
 11
256.791047
 21
-123.938366
 31
0.0
  0
LINE
  5
4D5
330
1F
100
AcDbEntity
  8
Edge.Cuts
100
AcDbLine
 10
256.791047
 20
-123.938366
 30
0.0
 11
256.8181069999999
 21
-123.911306
 31
0.0
  0
LINE
  5
4D6
330
1F
100
AcDbEntity
  8
Edge.Cuts
100
AcDbLine
 10
256.8181069999999
 20
-123.911306
 30
0.0
 11
256.8372410000001
 21
-123.9075
 31
0.0
  0
LINE
  5
4D7
330
1F
100
AcDbEntity
  8
Edge.Cuts
100
AcDbLine
 10
256.8372410000001
 20
-123.9075
 30
0.0
 11
270.837241
 21
-123.9075
 31
0.0
  0
LINE
  5
4D8
330
1F
100
AcDbEntity
  8
Edge.Cuts
100
AcDbLine
 10
270.837241
 20
-123.9075
 30
0.0
 11
270.856375
 21
-123.911306
 31
0.0
  0
LINE
  5
4D9
330
1F
100
AcDbEntity
  8
Edge.Cuts
100
AcDbLine
 10
270.856375
 20
-123.911306
 30
0.0
 11
270.883435
 21
-123.938366
 31
0.0
  0
LINE
  5
4DA
330
1F
100
AcDbEntity
  8
Edge.Cuts
100
AcDbLine
 10
270.883435
 20
-123.938366
 30
0.0
 11
270.887241
 21
-123.9575
 31
0.0
  0
LINE
  5
4DB
330
1F
100
AcDbEntity
  8
Edge.Cuts
100
AcDbLine
 10
270.887241
 20
-123.9575
 30
0.0
 11
270.887241
 21
-137.9575
 31
0.0
  0
LINE
  5
4DC
330
1F
100
AcDbEntity
  8
Edge.Cuts
100
AcDbLine
 10
270.887241
 20
-137.9575
 30
0.0
 11
270.883435
 21
-137.976634
 31
0.0
  0
LINE
  5
4DD
330
1F
100
AcDbEntity
  8
Edge.Cuts
100
AcDbLine
 10
270.883435
 20
-137.976634
 30
0.0
 11
270.856375
 21
-138.003694
 31
0.0
  0
LINE
  5
4DE
330
1F
100
AcDbEntity
  8
Edge.Cuts
100
AcDbLine
 10
270.856375
 20
-138.003694
 30
0.0
 11
270.837241
 21
-138.0075
 31
0.0
  0
LINE
  5
4DF
330
1F
100
AcDbEntity
  8
Edge.Cuts
100
AcDbLine
 10
270.837241
 20
-138.0075
 30
0.0
 11
256.8372410000001
 21
-138.0075
 31
0.0
  0
LINE
  5
4E0
330
1F
100
AcDbEntity
  8
Edge.Cuts
100
AcDbLine
 10
256.8372410000001
 20
-138.0075
 30
0.0
 11
256.8181069999999
 21
-138.003694
 31
0.0
  0
LINE
  5
4E1
330
1F
100
AcDbEntity
  8
Edge.Cuts
100
AcDbLine
 10
256.8181069999999
 20
-138.003694
 30
0.0
 11
256.791047
 21
-137.976634
 31
0.0
  0
LINE
  5
4E2
330
1F
100
AcDbEntity
  8
Edge.Cuts
100
AcDbLine
 10
256.791047
 20
-137.976634
 30
0.0
 11
256.7872409999999
 21
-137.9575
 31
0.0
  0
LINE
  5
4E3
330
1F
100
AcDbEntity
  8
Edge.Cuts
100
AcDbLine
 10
271.828392
 20
-177.708045
 30
0.0
 11
258.3054310000001
 21
-181.331512
 31
0.0
  0
LINE
  5
4E4
330
1F
100
AcDbEntity
  8
Edge.Cuts
100
AcDbLine
 10
258.3054310000001
 20
-181.331512
 30
0.0
 11
258.285968
 21
-181.332787
 31
0.0
  0
LINE
  5
4E5
330
1F
100
AcDbEntity
  8
Edge.Cuts
100
AcDbLine
 10
258.285968
 20
-181.332787
 30
0.0
 11
258.252826
 21
-181.313652
 31
0.0
  0
LINE
  5
4E6
330
1F
100
AcDbEntity
  8
Edge.Cuts
100
AcDbLine
 10
258.252826
 20
-181.313652
 30
0.0
 11
258.244198
 21
-181.296155
 31
0.0
  0
LINE
  5
4E7
330
1F
100
AcDbEntity
  8
Edge.Cuts
100
AcDbLine
 10
258.244198
 20
-181.296155
 30
0.0
 11
254.620731
 21
-167.773194
 31
0.0
  0
LINE
  5
4E8
330
1F
100
AcDbEntity
  8
Edge.Cuts
100
AcDbLine
 10
254.620731
 20
-167.773194
 30
0.0
 11
254.619455
 21
-167.753727
 31
0.0
  0
LINE
  5
4E9
330
1F
100
AcDbEntity
  8
Edge.Cuts
100
AcDbLine
 10
254.619455
 20
-167.753727
 30
0.0
 11
254.638589
 21
-167.720585
 31
0.0
  0
LINE
  5
4EA
330
1F
100
AcDbEntity
  8
Edge.Cuts
100
AcDbLine
 10
254.638589
 20
-167.720585
 30
0.0
 11
254.656086
 21
-167.711957
 31
0.0
  0
LINE
  5
4EB
330
1F
100
AcDbEntity
  8
Edge.Cuts
100
AcDbLine
 10
254.656086
 20
-167.711957
 30
0.0
 11
268.179047
 21
-164.08849
 31
0.0
  0
LINE
  5
4EC
330
1F
100
AcDbEntity
  8
Edge.Cuts
100
AcDbLine
 10
268.179047
 20
-164.08849
 30
0.0
 11
268.198513
 21
-164.087214
 31
0.0
  0
LINE
  5
4ED
330
1F
100
AcDbEntity
  8
Edge.Cuts
100
AcDbLine
 10
268.198513
 20
-164.087214
 30
0.0
 11
268.2316539033704
 21
-164.1063481673651
 31
0.0
  0
LINE
  5
4EE
330
1F
100
AcDbEntity
  8
Edge.Cuts
100
AcDbLine
 10
268.2316539033704
 20
-164.1063481673651
 30
0.0
 11
268.2402818558839
 21
-164.1238450710655
 31
0.0
  0
LINE
  5
4EF
330
1F
100
AcDbEntity
  8
Edge.Cuts
100
AcDbLine
 10
268.2402818558839
 20
-164.1238450710655
 30
0.0
 11
271.8637488558839
 21
-177.6468060710655
 31
0.0
  0
LINE
  5
4F0
330
1F
100
AcDbEntity
  8
Edge.Cuts
100
AcDbLine
 10
271.8637488558839
 20
-177.6468060710655
 30
0.0
 11
271.8650238558839
 21
-177.6662670710655
 31
0.0
  0
LINE
  5
4F1
330
1F
100
AcDbEntity
  8
Edge.Cuts
100
AcDbLine
 10
271.8650238558839
 20
-177.6662670710655
 30
0.0
 11
271.845889
 21
-177.699417
 31
0.0
  0
LINE
  5
4F2
330
1F
100
AcDbEntity
  8
Edge.Cuts
100
AcDbLine
 10
271.845889
 20
-177.699417
 30
0.0
 11
271.828392
 21
-177.708045
 31
0.0
  0
LINE
  5
4F3
330
1F
100
AcDbEntity
  8
Edge.Cuts
100
AcDbLine
 10
294.937241
 20
-133.4325
 30
0.0
 11
308.937241
 21
-133.4325
 31
0.0
  0
LINE
  5
4F4
330
1F
100
AcDbEntity
  8
Edge.Cuts
100
AcDbLine
 10
308.937241
 20
-133.4325
 30
0.0
 11
308.956375
 21
-133.436306
 31
0.0
  0
LINE
  5
4F5
330
1F
100
AcDbEntity
  8
Edge.Cuts
100
AcDbLine
 10
308.956375
 20
-133.436306
 30
0.0
 11
308.983435
 21
-133.463366
 31
0.0
  0
LINE
  5
4F6
330
1F
100
AcDbEntity
  8
Edge.Cuts
100
AcDbLine
 10
308.9834349999999
 20
-133.463366
 30
0.0
 11
308.9872409999999
 21
-133.4825
 31
0.0
  0
LINE
  5
4F7
330
1F
100
AcDbEntity
  8
Edge.Cuts
100
AcDbLine
 10
308.987241
 20
-133.4825
 30
0.0
 11
308.987241
 21
-147.4825
 31
0.0
  0
LINE
  5
4F8
330
1F
100
AcDbEntity
  8
Edge.Cuts
100
AcDbLine
 10
308.987241
 20
-147.4825
 30
0.0
 11
308.983435
 21
-147.501634
 31
0.0
  0
LINE
  5
4F9
330
1F
100
AcDbEntity
  8
Edge.Cuts
100
AcDbLine
 10
308.983435
 20
-147.501634
 30
0.0
 11
308.956375
 21
-147.528694
 31
0.0
  0
LINE
  5
4FA
330
1F
100
AcDbEntity
  8
Edge.Cuts
100
AcDbLine
 10
308.956375
 20
-147.528694
 30
0.0
 11
308.937241
 21
-147.5325
 31
0.0
  0
LINE
  5
4FB
330
1F
100
AcDbEntity
  8
Edge.Cuts
100
AcDbLine
 10
308.937241
 20
-147.5325
 30
0.0
 11
294.937241
 21
-147.5325
 31
0.0
  0
LINE
  5
4FC
330
1F
100
AcDbEntity
  8
Edge.Cuts
100
AcDbLine
 10
294.937241
 20
-147.5325
 30
0.0
 11
294.918107
 21
-147.528694
 31
0.0
  0
LINE
  5
4FD
330
1F
100
AcDbEntity
  8
Edge.Cuts
100
AcDbLine
 10
294.918107
 20
-147.528694
 30
0.0
 11
294.891047
 21
-147.501634
 31
0.0
  0
LINE
  5
4FE
330
1F
100
AcDbEntity
  8
Edge.Cuts
100
AcDbLine
 10
294.891047
 20
-147.501634
 30
0.0
 11
294.887241
 21
-147.4825
 31
0.0
  0
LINE
  5
4FF
330
1F
100
AcDbEntity
  8
Edge.Cuts
100
AcDbLine
 10
294.887241
 20
-147.4825
 30
0.0
 11
294.887241
 21
-133.4825
 31
0.0
  0
LINE
  5
500
330
1F
100
AcDbEntity
  8
Edge.Cuts
100
AcDbLine
 10
294.887241
 20
-133.4825
 30
0.0
 11
294.891047
 21
-133.463366
 31
0.0
  0
LINE
  5
501
330
1F
100
AcDbEntity
  8
Edge.Cuts
100
AcDbLine
 10
294.891047
 20
-133.463366
 30
0.0
 11
294.918107
 21
-133.436306
 31
0.0
  0
LINE
  5
502
330
1F
100
AcDbEntity
  8
Edge.Cuts
100
AcDbLine
 10
294.918107
 20
-133.436306
 30
0.0
 11
294.937241
 21
-133.4325
 31
0.0
  0
LINE
  5
503
330
1F
100
AcDbEntity
  8
Edge.Cuts
100
AcDbLine
 10
294.937241
 20
-95.33249999999998
 30
0.0
 11
308.937241
 21
-95.33249999999998
 31
0.0
  0
LINE
  5
504
330
1F
100
AcDbEntity
  8
Edge.Cuts
100
AcDbLine
 10
308.937241
 20
-95.33249999999998
 30
0.0
 11
308.956375
 21
-95.336306
 31
0.0
  0
LINE
  5
505
330
1F
100
AcDbEntity
  8
Edge.Cuts
100
AcDbLine
 10
308.956375
 20
-95.336306
 30
0.0
 11
308.983435
 21
-95.36336599999998
 31
0.0
  0
LINE
  5
506
330
1F
100
AcDbEntity
  8
Edge.Cuts
100
AcDbLine
 10
308.983435
 20
-95.36336599999998
 30
0.0
 11
308.987241
 21
-95.3825
 31
0.0
  0
LINE
  5
507
330
1F
100
AcDbEntity
  8
Edge.Cuts
100
AcDbLine
 10
308.987241
 20
-95.3825
 30
0.0
 11
308.987241
 21
-109.3825
 31
0.0
  0
LINE
  5
508
330
1F
100
AcDbEntity
  8
Edge.Cuts
100
AcDbLine
 10
308.987241
 20
-109.3825
 30
0.0
 11
308.983435
 21
-109.401634
 31
0.0
  0
LINE
  5
509
330
1F
100
AcDbEntity
  8
Edge.Cuts
100
AcDbLine
 10
308.983435
 20
-109.401634
 30
0.0
 11
308.956375
 21
-109.428694
 31
0.0
  0
LINE
  5
50A
330
1F
100
AcDbEntity
  8
Edge.Cuts
100
AcDbLine
 10
308.956375
 20
-109.428694
 30
0.0
 11
308.937241
 21
-109.4325
 31
0.0
  0
LINE
  5
50B
330
1F
100
AcDbEntity
  8
Edge.Cuts
100
AcDbLine
 10
308.937241
 20
-109.4325
 30
0.0
 11
294.937241
 21
-109.4325
 31
0.0
  0
LINE
  5
50C
330
1F
100
AcDbEntity
  8
Edge.Cuts
100
AcDbLine
 10
294.937241
 20
-109.4325
 30
0.0
 11
294.918107
 21
-109.428694
 31
0.0
  0
LINE
  5
50D
330
1F
100
AcDbEntity
  8
Edge.Cuts
100
AcDbLine
 10
294.918107
 20
-109.428694
 30
0.0
 11
294.891047
 21
-109.401634
 31
0.0
  0
LINE
  5
50E
330
1F
100
AcDbEntity
  8
Edge.Cuts
100
AcDbLine
 10
294.891047
 20
-109.401634
 30
0.0
 11
294.887241
 21
-109.3825
 31
0.0
  0
LINE
  5
50F
330
1F
100
AcDbEntity
  8
Edge.Cuts
100
AcDbLine
 10
294.887241
 20
-109.3825
 30
0.0
 11
294.887241
 21
-95.3825
 31
0.0
  0
LINE
  5
510
330
1F
100
AcDbEntity
  8
Edge.Cuts
100
AcDbLine
 10
294.887241
 20
-95.3825
 30
0.0
 11
294.891047
 21
-95.36336599999998
 31
0.0
  0
LINE
  5
511
330
1F
100
AcDbEntity
  8
Edge.Cuts
100
AcDbLine
 10
294.891047
 20
-95.363366
 30
0.0
 11
294.918107
 21
-95.33630600000001
 31
0.0
  0
LINE
  5
512
330
1F
100
AcDbEntity
  8
Edge.Cuts
100
AcDbLine
 10
294.918107
 20
-95.33630599999998
 30
0.0
 11
294.937241
 21
-95.33249999999997
 31
0.0
  0
LINE
  5
513
330
1F
100
AcDbEntity
  8
Edge.Cuts
100
AcDbLine
 10
313.987241
 20
-138.195
 30
0.0
 11
327.987241
 21
-138.195
 31
0.0
  0
LINE
  5
514
330
1F
100
AcDbEntity
  8
Edge.Cuts
100
AcDbLine
 10
327.987241
 20
-138.195
 30
0.0
 11
328.006375
 21
-138.198806
 31
0.0
  0
LINE
  5
515
330
1F
100
AcDbEntity
  8
Edge.Cuts
100
AcDbLine
 10
328.006375
 20
-138.198806
 30
0.0
 11
328.033435
 21
-138.225866
 31
0.0
  0
LINE
  5
516
330
1F
100
AcDbEntity
  8
Edge.Cuts
100
AcDbLine
 10
328.0334349999999
 20
-138.225866
 30
0.0
 11
328.0372409999999
 21
-138.245
 31
0.0
  0
LINE
  5
517
330
1F
100
AcDbEntity
  8
Edge.Cuts
100
AcDbLine
 10
328.037241
 20
-138.245
 30
0.0
 11
328.037241
 21
-152.245
 31
0.0
  0
LINE
  5
518
330
1F
100
AcDbEntity
  8
Edge.Cuts
100
AcDbLine
 10
328.0372409999999
 20
-152.245
 30
0.0
 11
328.0334349999999
 21
-152.264134
 31
0.0
  0
LINE
  5
519
330
1F
100
AcDbEntity
  8
Edge.Cuts
100
AcDbLine
 10
328.033435
 20
-152.264134
 30
0.0
 11
328.006375
 21
-152.291194
 31
0.0
  0
LINE
  5
51A
330
1F
100
AcDbEntity
  8
Edge.Cuts
100
AcDbLine
 10
328.006375
 20
-152.291194
 30
0.0
 11
327.987241
 21
-152.295
 31
0.0
  0
LINE
  5
51B
330
1F
100
AcDbEntity
  8
Edge.Cuts
100
AcDbLine
 10
327.987241
 20
-152.295
 30
0.0
 11
313.987241
 21
-152.295
 31
0.0
  0
LINE
  5
51C
330
1F
100
AcDbEntity
  8
Edge.Cuts
100
AcDbLine
 10
313.987241
 20
-152.295
 30
0.0
 11
313.968107
 21
-152.291194
 31
0.0
  0
LINE
  5
51D
330
1F
100
AcDbEntity
  8
Edge.Cuts
100
AcDbLine
 10
313.968107
 20
-152.291194
 30
0.0
 11
313.941047
 21
-152.264134
 31
0.0
  0
LINE
  5
51E
330
1F
100
AcDbEntity
  8
Edge.Cuts
100
AcDbLine
 10
313.941047
 20
-152.264134
 30
0.0
 11
313.937241
 21
-152.245
 31
0.0
  0
LINE
  5
51F
330
1F
100
AcDbEntity
  8
Edge.Cuts
100
AcDbLine
 10
313.937241
 20
-152.245
 30
0.0
 11
313.937241
 21
-138.245
 31
0.0
  0
LINE
  5
520
330
1F
100
AcDbEntity
  8
Edge.Cuts
100
AcDbLine
 10
313.937241
 20
-138.245
 30
0.0
 11
313.941047
 21
-138.225866
 31
0.0
  0
LINE
  5
521
330
1F
100
AcDbEntity
  8
Edge.Cuts
100
AcDbLine
 10
313.941047
 20
-138.225866
 30
0.0
 11
313.968107
 21
-138.198806
 31
0.0
  0
LINE
  5
522
330
1F
100
AcDbEntity
  8
Edge.Cuts
100
AcDbLine
 10
313.968107
 20
-138.198806
 30
0.0
 11
313.987241
 21
-138.195
 31
0.0
  0
LINE
  5
523
330
1F
100
AcDbEntity
  8
Edge.Cuts
100
AcDbLine
 10
357.4109350467101
 20
-109.762501
 30
0.0
 11
360.76354695329
 21
-109.7625009999999
 31
0.0
  0
LINE
  5
524
330
1F
100
AcDbEntity
  8
Edge.Cuts
100
AcDbLine
 10
361.1875593857447
 20
-106.242506
 30
0.0
 11
356.9869226142553
 21
-106.242506
 31
0.0
  0
LINE
  5
525
330
1F
100
AcDbEntity
  8
Edge.Cuts
100
AcDbLine
 10
347.087241
 20
-123.9575
 30
0.0
 11
347.087241
 21
-137.9575
 31
0.0
  0
LINE
  5
526
330
1F
100
AcDbEntity
  8
Edge.Cuts
100
AcDbLine
 10
347.087241
 20
-137.9575
 30
0.0
 11
347.083435
 21
-137.976634
 31
0.0
  0
LINE
  5
527
330
1F
100
AcDbEntity
  8
Edge.Cuts
100
AcDbLine
 10
347.083435
 20
-137.976634
 30
0.0
 11
347.056375
 21
-138.003694
 31
0.0
  0
LINE
  5
528
330
1F
100
AcDbEntity
  8
Edge.Cuts
100
AcDbLine
 10
347.056375
 20
-138.003694
 30
0.0
 11
347.037241
 21
-138.0075
 31
0.0
  0
LINE
  5
529
330
1F
100
AcDbEntity
  8
Edge.Cuts
100
AcDbLine
 10
347.037241
 20
-138.0075
 30
0.0
 11
333.037241
 21
-138.0075
 31
0.0
  0
LINE
  5
52A
330
1F
100
AcDbEntity
  8
Edge.Cuts
100
AcDbLine
 10
333.037241
 20
-138.0075
 30
0.0
 11
333.018107
 21
-138.003694
 31
0.0
  0
LINE
  5
52B
330
1F
100
AcDbEntity
  8
Edge.Cuts
100
AcDbLine
 10
333.0181069999999
 20
-138.003694
 30
0.0
 11
332.991047
 21
-137.976634
 31
0.0
  0
LINE
  5
52C
330
1F
100
AcDbEntity
  8
Edge.Cuts
100
AcDbLine
 10
332.991047
 20
-137.976634
 30
0.0
 11
332.987241
 21
-137.9575
 31
0.0
  0
LINE
  5
52D
330
1F
100
AcDbEntity
  8
Edge.Cuts
100
AcDbLine
 10
332.987241
 20
-137.9575
 30
0.0
 11
332.987241
 21
-123.9575
 31
0.0
  0
LINE
  5
52E
330
1F
100
AcDbEntity
  8
Edge.Cuts
100
AcDbLine
 10
332.987241
 20
-123.9575
 30
0.0
 11
332.991047
 21
-123.938366
 31
0.0
  0
LINE
  5
52F
330
1F
100
AcDbEntity
  8
Edge.Cuts
100
AcDbLine
 10
332.991047
 20
-123.938366
 30
0.0
 11
333.018107
 21
-123.911306
 31
0.0
  0
LINE
  5
530
330
1F
100
AcDbEntity
  8
Edge.Cuts
100
AcDbLine
 10
333.018107
 20
-123.911306
 30
0.0
 11
333.037241
 21
-123.9075
 31
0.0
  0
LINE
  5
531
330
1F
100
AcDbEntity
  8
Edge.Cuts
100
AcDbLine
 10
333.037241
 20
-123.9075
 30
0.0
 11
347.037241
 21
-123.9075
 31
0.0
  0
LINE
  5
532
330
1F
100
AcDbEntity
  8
Edge.Cuts
100
AcDbLine
 10
347.037241
 20
-123.9075
 30
0.0
 11
347.056375
 21
-123.911306
 31
0.0
  0
LINE
  5
533
330
1F
100
AcDbEntity
  8
Edge.Cuts
100
AcDbLine
 10
347.056375
 20
-123.911306
 30
0.0
 11
347.083435
 21
-123.938366
 31
0.0
  0
LINE
  5
534
330
1F
100
AcDbEntity
  8
Edge.Cuts
100
AcDbLine
 10
347.083435
 20
-123.938366
 30
0.0
 11
347.0872409999999
 21
-123.9575
 31
0.0
  0
LINE
  5
535
330
1F
100
AcDbEntity
  8
Edge.Cuts
100
AcDbLine
 10
366.137241
 20
-114.4325
 30
0.0
 11
366.137241
 21
-128.4325
 31
0.0
  0
LINE
  5
536
330
1F
100
AcDbEntity
  8
Edge.Cuts
100
AcDbLine
 10
366.137241
 20
-128.4325
 30
0.0
 11
366.133435
 21
-128.451634
 31
0.0
  0
LINE
  5
537
330
1F
100
AcDbEntity
  8
Edge.Cuts
100
AcDbLine
 10
366.133435
 20
-128.451634
 30
0.0
 11
366.106375
 21
-128.478694
 31
0.0
  0
LINE
  5
538
330
1F
100
AcDbEntity
  8
Edge.Cuts
100
AcDbLine
 10
366.106375
 20
-128.478694
 30
0.0
 11
366.087241
 21
-128.4825
 31
0.0
  0
LINE
  5
539
330
1F
100
AcDbEntity
  8
Edge.Cuts
100
AcDbLine
 10
366.087241
 20
-128.4825
 30
0.0
 11
352.087241
 21
-128.4825
 31
0.0
  0
LINE
  5
53A
330
1F
100
AcDbEntity
  8
Edge.Cuts
100
AcDbLine
 10
352.087241
 20
-128.4825
 30
0.0
 11
352.0681069999999
 21
-128.478694
 31
0.0
  0
LINE
  5
53B
330
1F
100
AcDbEntity
  8
Edge.Cuts
100
AcDbLine
 10
352.0681069999999
 20
-128.478694
 30
0.0
 11
352.041047
 21
-128.451634
 31
0.0
  0
LINE
  5
53C
330
1F
100
AcDbEntity
  8
Edge.Cuts
100
AcDbLine
 10
352.041047
 20
-128.451634
 30
0.0
 11
352.0372410000001
 21
-128.4325
 31
0.0
  0
LINE
  5
53D
330
1F
100
AcDbEntity
  8
Edge.Cuts
100
AcDbLine
 10
352.037241
 20
-128.4325
 30
0.0
 11
352.037241
 21
-114.4325
 31
0.0
  0
LINE
  5
53E
330
1F
100
AcDbEntity
  8
Edge.Cuts
100
AcDbLine
 10
352.037241
 20
-114.4325
 30
0.0
 11
352.041047
 21
-114.413366
 31
0.0
  0
LINE
  5
53F
330
1F
100
AcDbEntity
  8
Edge.Cuts
100
AcDbLine
 10
352.041047
 20
-114.413366
 30
0.0
 11
352.0681069999999
 21
-114.386306
 31
0.0
  0
LINE
  5
540
330
1F
100
AcDbEntity
  8
Edge.Cuts
100
AcDbLine
 10
352.0681069999999
 20
-114.386306
 30
0.0
 11
352.087241
 21
-114.3825
 31
0.0
  0
LINE
  5
541
330
1F
100
AcDbEntity
  8
Edge.Cuts
100
AcDbLine
 10
352.087241
 20
-114.3825
 30
0.0
 11
366.087241
 21
-114.3825
 31
0.0
  0
LINE
  5
542
330
1F
100
AcDbEntity
  8
Edge.Cuts
100
AcDbLine
 10
366.087241
 20
-114.3825
 30
0.0
 11
366.106375
 21
-114.386306
 31
0.0
  0
LINE
  5
543
330
1F
100
AcDbEntity
  8
Edge.Cuts
100
AcDbLine
 10
366.106375
 20
-114.386306
 30
0.0
 11
366.133435
 21
-114.413366
 31
0.0
  0
LINE
  5
544
330
1F
100
AcDbEntity
  8
Edge.Cuts
100
AcDbLine
 10
366.133435
 20
-114.413366
 30
0.0
 11
366.137241
 21
-114.4325
 31
0.0
  0
LINE
  5
545
330
1F
100
AcDbEntity
  8
Edge.Cuts
100
AcDbLine
 10
347.037241
 20
-118.9575
 30
0.0
 11
333.037241
 21
-118.9575
 31
0.0
  0
LINE
  5
546
330
1F
100
AcDbEntity
  8
Edge.Cuts
100
AcDbLine
 10
333.037241
 20
-118.9575
 30
0.0
 11
333.018107
 21
-118.953694
 31
0.0
  0
LINE
  5
547
330
1F
100
AcDbEntity
  8
Edge.Cuts
100
AcDbLine
 10
333.018107
 20
-118.953694
 30
0.0
 11
332.991047
 21
-118.926634
 31
0.0
  0
LINE
  5
548
330
1F
100
AcDbEntity
  8
Edge.Cuts
100
AcDbLine
 10
332.991047
 20
-118.926634
 30
0.0
 11
332.987241
 21
-118.9075
 31
0.0
  0
LINE
  5
549
330
1F
100
AcDbEntity
  8
Edge.Cuts
100
AcDbLine
 10
332.987241
 20
-118.9075
 30
0.0
 11
332.987241
 21
-104.9075
 31
0.0
  0
LINE
  5
54A
330
1F
100
AcDbEntity
  8
Edge.Cuts
100
AcDbLine
 10
332.987241
 20
-104.9075
 30
0.0
 11
332.991047
 21
-104.888366
 31
0.0
  0
LINE
  5
54B
330
1F
100
AcDbEntity
  8
Edge.Cuts
100
AcDbLine
 10
332.991047
 20
-104.888366
 30
0.0
 11
333.018107
 21
-104.861306
 31
0.0
  0
LINE
  5
54C
330
1F
100
AcDbEntity
  8
Edge.Cuts
100
AcDbLine
 10
333.018107
 20
-104.861306
 30
0.0
 11
333.037241
 21
-104.8575
 31
0.0
  0
LINE
  5
54D
330
1F
100
AcDbEntity
  8
Edge.Cuts
100
AcDbLine
 10
333.037241
 20
-104.8575
 30
0.0
 11
347.037241
 21
-104.8575
 31
0.0
  0
LINE
  5
54E
330
1F
100
AcDbEntity
  8
Edge.Cuts
100
AcDbLine
 10
347.037241
 20
-104.8575
 30
0.0
 11
347.056375
 21
-104.861306
 31
0.0
  0
LINE
  5
54F
330
1F
100
AcDbEntity
  8
Edge.Cuts
100
AcDbLine
 10
347.056375
 20
-104.861306
 30
0.0
 11
347.083435
 21
-104.888366
 31
0.0
  0
LINE
  5
550
330
1F
100
AcDbEntity
  8
Edge.Cuts
100
AcDbLine
 10
347.083435
 20
-104.888366
 30
0.0
 11
347.087241
 21
-104.9075
 31
0.0
  0
LINE
  5
551
330
1F
100
AcDbEntity
  8
Edge.Cuts
100
AcDbLine
 10
347.087241
 20
-104.9075
 30
0.0
 11
347.087241
 21
-118.9075
 31
0.0
  0
LINE
  5
552
330
1F
100
AcDbEntity
  8
Edge.Cuts
100
AcDbLine
 10
347.087241
 20
-118.9075
 30
0.0
 11
347.083435
 21
-118.926634
 31
0.0
  0
LINE
  5
553
330
1F
100
AcDbEntity
  8
Edge.Cuts
100
AcDbLine
 10
347.083435
 20
-118.926634
 30
0.0
 11
347.056375
 21
-118.953694
 31
0.0
  0
LINE
  5
554
330
1F
100
AcDbEntity
  8
Edge.Cuts
100
AcDbLine
 10
347.056375
 20
-118.953694
 30
0.0
 11
347.037241
 21
-118.9575
 31
0.0
  0
LINE
  5
555
330
1F
100
AcDbEntity
  8
Edge.Cuts
100
AcDbLine
 10
350.85
 20
-109.762501
 30
0.0
 11
367.569985
 21
-109.7625009999999
 31
0.0
  0
LINE
  5
556
330
1F
100
AcDbEntity
  8
Edge.Cuts
100
AcDbLine
 10
350.1
 20
-106.992506
 30
0.0
 11
350.1
 21
-109.012501
 31
0.0
  0
LINE
  5
557
330
1F
100
AcDbEntity
  8
Edge.Cuts
100
AcDbLine
 10
367.5699849999999
 20
-106.242506
 30
0.0
 11
350.85
 21
-106.242506
 31
0.0
  0
LINE
  5
558
330
1F
100
AcDbEntity
  8
Edge.Cuts
100
AcDbLine
 10
368.319985
 20
-109.0125009999999
 30
0.0
 11
368.319985
 21
-106.992506
 31
0.0
  0
LINE
  5
559
330
1F
100
AcDbEntity
  8
Edge.Cuts
100
AcDbLine
 10
270.887241
 20
-123.9575
 30
0.0
 11
270.887241
 21
-137.9575
 31
0.0
  0
LINE
  5
55A
330
1F
100
AcDbEntity
  8
Edge.Cuts
100
AcDbLine
 10
270.887241
 20
-137.9575
 30
0.0
 11
270.883435
 21
-137.976634
 31
0.0
  0
LINE
  5
55B
330
1F
100
AcDbEntity
  8
Edge.Cuts
100
AcDbLine
 10
270.883435
 20
-137.976634
 30
0.0
 11
270.856375
 21
-138.003694
 31
0.0
  0
LINE
  5
55C
330
1F
100
AcDbEntity
  8
Edge.Cuts
100
AcDbLine
 10
270.856375
 20
-138.003694
 30
0.0
 11
270.837241
 21
-138.0075
 31
0.0
  0
LINE
  5
55D
330
1F
100
AcDbEntity
  8
Edge.Cuts
100
AcDbLine
 10
270.837241
 20
-138.0075
 30
0.0
 11
256.8372410000001
 21
-138.0075
 31
0.0
  0
LINE
  5
55E
330
1F
100
AcDbEntity
  8
Edge.Cuts
100
AcDbLine
 10
256.8372410000001
 20
-138.0075
 30
0.0
 11
256.8181069999999
 21
-138.003694
 31
0.0
  0
LINE
  5
55F
330
1F
100
AcDbEntity
  8
Edge.Cuts
100
AcDbLine
 10
256.8181069999999
 20
-138.003694
 30
0.0
 11
256.791047
 21
-137.976634
 31
0.0
  0
LINE
  5
560
330
1F
100
AcDbEntity
  8
Edge.Cuts
100
AcDbLine
 10
256.791047
 20
-137.976634
 30
0.0
 11
256.7872409999999
 21
-137.9575
 31
0.0
  0
LINE
  5
561
330
1F
100
AcDbEntity
  8
Edge.Cuts
100
AcDbLine
 10
256.7872409999999
 20
-137.9575
 30
0.0
 11
256.7872409999999
 21
-123.9575
 31
0.0
  0
LINE
  5
562
330
1F
100
AcDbEntity
  8
Edge.Cuts
100
AcDbLine
 10
256.7872409999999
 20
-123.9575
 30
0.0
 11
256.791047
 21
-123.938366
 31
0.0
  0
LINE
  5
563
330
1F
100
AcDbEntity
  8
Edge.Cuts
100
AcDbLine
 10
256.791047
 20
-123.938366
 30
0.0
 11
256.8181069999999
 21
-123.911306
 31
0.0
  0
LINE
  5
564
330
1F
100
AcDbEntity
  8
Edge.Cuts
100
AcDbLine
 10
256.8181069999999
 20
-123.911306
 30
0.0
 11
256.8372410000001
 21
-123.9075
 31
0.0
  0
LINE
  5
565
330
1F
100
AcDbEntity
  8
Edge.Cuts
100
AcDbLine
 10
256.8372410000001
 20
-123.9075
 30
0.0
 11
270.837241
 21
-123.9075
 31
0.0
  0
LINE
  5
566
330
1F
100
AcDbEntity
  8
Edge.Cuts
100
AcDbLine
 10
270.837241
 20
-123.9075
 30
0.0
 11
270.856375
 21
-123.911306
 31
0.0
  0
LINE
  5
567
330
1F
100
AcDbEntity
  8
Edge.Cuts
100
AcDbLine
 10
270.856375
 20
-123.911306
 30
0.0
 11
270.883435
 21
-123.938366
 31
0.0
  0
LINE
  5
568
330
1F
100
AcDbEntity
  8
Edge.Cuts
100
AcDbLine
 10
270.883435
 20
-123.938366
 30
0.0
 11
270.887241
 21
-123.9575
 31
0.0
  0
LINE
  5
569
330
1F
100
AcDbEntity
  8
Edge.Cuts
100
AcDbLine
 10
289.937241
 20
-119.195
 30
0.0
 11
289.937241
 21
-133.195
 31
0.0
  0
LINE
  5
56A
330
1F
100
AcDbEntity
  8
Edge.Cuts
100
AcDbLine
 10
289.9372409999999
 20
-133.195
 30
0.0
 11
289.9334349999999
 21
-133.214134
 31
0.0
  0
LINE
  5
56B
330
1F
100
AcDbEntity
  8
Edge.Cuts
100
AcDbLine
 10
289.9334349999999
 20
-133.214134
 30
0.0
 11
289.906375
 21
-133.241194
 31
0.0
  0
LINE
  5
56C
330
1F
100
AcDbEntity
  8
Edge.Cuts
100
AcDbLine
 10
289.906375
 20
-133.241194
 30
0.0
 11
289.887241
 21
-133.245
 31
0.0
  0
LINE
  5
56D
330
1F
100
AcDbEntity
  8
Edge.Cuts
100
AcDbLine
 10
289.887241
 20
-133.245
 30
0.0
 11
275.887241
 21
-133.245
 31
0.0
  0
LINE
  5
56E
330
1F
100
AcDbEntity
  8
Edge.Cuts
100
AcDbLine
 10
275.887241
 20
-133.245
 30
0.0
 11
275.868107
 21
-133.241194
 31
0.0
  0
LINE
  5
56F
330
1F
100
AcDbEntity
  8
Edge.Cuts
100
AcDbLine
 10
275.868107
 20
-133.241194
 30
0.0
 11
275.841047
 21
-133.214134
 31
0.0
  0
LINE
  5
570
330
1F
100
AcDbEntity
  8
Edge.Cuts
100
AcDbLine
 10
275.8410470000001
 20
-133.214134
 30
0.0
 11
275.8372409999999
 21
-133.195
 31
0.0
  0
LINE
  5
571
330
1F
100
AcDbEntity
  8
Edge.Cuts
100
AcDbLine
 10
275.8372409999999
 20
-133.195
 30
0.0
 11
275.8372409999999
 21
-119.195
 31
0.0
  0
LINE
  5
572
330
1F
100
AcDbEntity
  8
Edge.Cuts
100
AcDbLine
 10
275.8372409999999
 20
-119.195
 30
0.0
 11
275.8410470000001
 21
-119.175866
 31
0.0
  0
LINE
  5
573
330
1F
100
AcDbEntity
  8
Edge.Cuts
100
AcDbLine
 10
275.8410470000001
 20
-119.175866
 30
0.0
 11
275.868107
 21
-119.148806
 31
0.0
  0
LINE
  5
574
330
1F
100
AcDbEntity
  8
Edge.Cuts
100
AcDbLine
 10
275.868107
 20
-119.148806
 30
0.0
 11
275.887241
 21
-119.145
 31
0.0
  0
LINE
  5
575
330
1F
100
AcDbEntity
  8
Edge.Cuts
100
AcDbLine
 10
275.887241
 20
-119.145
 30
0.0
 11
289.887241
 21
-119.145
 31
0.0
  0
LINE
  5
576
330
1F
100
AcDbEntity
  8
Edge.Cuts
100
AcDbLine
 10
289.887241
 20
-119.145
 30
0.0
 11
289.906375
 21
-119.148806
 31
0.0
  0
LINE
  5
577
330
1F
100
AcDbEntity
  8
Edge.Cuts
100
AcDbLine
 10
289.906375
 20
-119.148806
 30
0.0
 11
289.9334349999999
 21
-119.175866
 31
0.0
  0
LINE
  5
578
330
1F
100
AcDbEntity
  8
Edge.Cuts
100
AcDbLine
 10
289.9334349999999
 20
-119.175866
 30
0.0
 11
289.9372409999999
 21
-119.195
 31
0.0
  0
LINE
  5
579
330
1F
100
AcDbEntity
  8
Edge.Cuts
100
AcDbLine
 10
308.987241
 20
-114.4325
 30
0.0
 11
308.987241
 21
-128.4325
 31
0.0
  0
LINE
  5
57A
330
1F
100
AcDbEntity
  8
Edge.Cuts
100
AcDbLine
 10
308.9872409999999
 20
-128.4325
 30
0.0
 11
308.9834349999999
 21
-128.451634
 31
0.0
  0
LINE
  5
57B
330
1F
100
AcDbEntity
  8
Edge.Cuts
100
AcDbLine
 10
308.983435
 20
-128.451634
 30
0.0
 11
308.956375
 21
-128.478694
 31
0.0
  0
LINE
  5
57C
330
1F
100
AcDbEntity
  8
Edge.Cuts
100
AcDbLine
 10
308.956375
 20
-128.478694
 30
0.0
 11
308.937241
 21
-128.4825
 31
0.0
  0
LINE
  5
57D
330
1F
100
AcDbEntity
  8
Edge.Cuts
100
AcDbLine
 10
308.937241
 20
-128.4825
 30
0.0
 11
294.937241
 21
-128.4825
 31
0.0
  0
LINE
  5
57E
330
1F
100
AcDbEntity
  8
Edge.Cuts
100
AcDbLine
 10
294.937241
 20
-128.4825
 30
0.0
 11
294.918107
 21
-128.478694
 31
0.0
  0
LINE
  5
57F
330
1F
100
AcDbEntity
  8
Edge.Cuts
100
AcDbLine
 10
294.918107
 20
-128.478694
 30
0.0
 11
294.891047
 21
-128.451634
 31
0.0
  0
LINE
  5
580
330
1F
100
AcDbEntity
  8
Edge.Cuts
100
AcDbLine
 10
294.891047
 20
-128.451634
 30
0.0
 11
294.887241
 21
-128.4325
 31
0.0
  0
LINE
  5
581
330
1F
100
AcDbEntity
  8
Edge.Cuts
100
AcDbLine
 10
294.887241
 20
-128.4325
 30
0.0
 11
294.887241
 21
-114.4325
 31
0.0
  0
LINE
  5
582
330
1F
100
AcDbEntity
  8
Edge.Cuts
100
AcDbLine
 10
294.887241
 20
-114.4325
 30
0.0
 11
294.891047
 21
-114.413366
 31
0.0
  0
LINE
  5
583
330
1F
100
AcDbEntity
  8
Edge.Cuts
100
AcDbLine
 10
294.891047
 20
-114.413366
 30
0.0
 11
294.918107
 21
-114.386306
 31
0.0
  0
LINE
  5
584
330
1F
100
AcDbEntity
  8
Edge.Cuts
100
AcDbLine
 10
294.918107
 20
-114.386306
 30
0.0
 11
294.937241
 21
-114.3825
 31
0.0
  0
LINE
  5
585
330
1F
100
AcDbEntity
  8
Edge.Cuts
100
AcDbLine
 10
294.937241
 20
-114.3825
 30
0.0
 11
308.937241
 21
-114.3825
 31
0.0
  0
LINE
  5
586
330
1F
100
AcDbEntity
  8
Edge.Cuts
100
AcDbLine
 10
308.937241
 20
-114.3825
 30
0.0
 11
308.956375
 21
-114.386306
 31
0.0
  0
LINE
  5
587
330
1F
100
AcDbEntity
  8
Edge.Cuts
100
AcDbLine
 10
308.956375
 20
-114.386306
 30
0.0
 11
308.983435
 21
-114.413366
 31
0.0
  0
LINE
  5
588
330
1F
100
AcDbEntity
  8
Edge.Cuts
100
AcDbLine
 10
308.983435
 20
-114.413366
 30
0.0
 11
308.987241
 21
-114.4325
 31
0.0
  0
LINE
  5
589
330
1F
100
AcDbEntity
  8
Edge.Cuts
100
AcDbLine
 10
328.037241
 20
-119.195
 30
0.0
 11
328.037241
 21
-133.195
 31
0.0
  0
LINE
  5
58A
330
1F
100
AcDbEntity
  8
Edge.Cuts
100
AcDbLine
 10
328.0372409999999
 20
-133.195
 30
0.0
 11
328.0334349999999
 21
-133.214134
 31
0.0
  0
LINE
  5
58B
330
1F
100
AcDbEntity
  8
Edge.Cuts
100
AcDbLine
 10
328.033435
 20
-133.214134
 30
0.0
 11
328.006375
 21
-133.241194
 31
0.0
  0
LINE
  5
58C
330
1F
100
AcDbEntity
  8
Edge.Cuts
100
AcDbLine
 10
328.006375
 20
-133.241194
 30
0.0
 11
327.987241
 21
-133.245
 31
0.0
  0
LINE
  5
58D
330
1F
100
AcDbEntity
  8
Edge.Cuts
100
AcDbLine
 10
327.987241
 20
-133.245
 30
0.0
 11
313.987241
 21
-133.245
 31
0.0
  0
LINE
  5
58E
330
1F
100
AcDbEntity
  8
Edge.Cuts
100
AcDbLine
 10
313.987241
 20
-133.245
 30
0.0
 11
313.968107
 21
-133.241194
 31
0.0
  0
LINE
  5
58F
330
1F
100
AcDbEntity
  8
Edge.Cuts
100
AcDbLine
 10
313.968107
 20
-133.241194
 30
0.0
 11
313.941047
 21
-133.214134
 31
0.0
  0
LINE
  5
590
330
1F
100
AcDbEntity
  8
Edge.Cuts
100
AcDbLine
 10
313.941047
 20
-133.214134
 30
0.0
 11
313.937241
 21
-133.195
 31
0.0
  0
LINE
  5
591
330
1F
100
AcDbEntity
  8
Edge.Cuts
100
AcDbLine
 10
313.937241
 20
-133.195
 30
0.0
 11
313.937241
 21
-119.195
 31
0.0
  0
LINE
  5
592
330
1F
100
AcDbEntity
  8
Edge.Cuts
100
AcDbLine
 10
313.937241
 20
-119.195
 30
0.0
 11
313.941047
 21
-119.175866
 31
0.0
  0
LINE
  5
593
330
1F
100
AcDbEntity
  8
Edge.Cuts
100
AcDbLine
 10
313.941047
 20
-119.175866
 30
0.0
 11
313.968107
 21
-119.148806
 31
0.0
  0
LINE
  5
594
330
1F
100
AcDbEntity
  8
Edge.Cuts
100
AcDbLine
 10
313.968107
 20
-119.148806
 30
0.0
 11
313.987241
 21
-119.145
 31
0.0
  0
LINE
  5
595
330
1F
100
AcDbEntity
  8
Edge.Cuts
100
AcDbLine
 10
313.987241
 20
-119.145
 30
0.0
 11
327.987241
 21
-119.145
 31
0.0
  0
LINE
  5
596
330
1F
100
AcDbEntity
  8
Edge.Cuts
100
AcDbLine
 10
327.987241
 20
-119.145
 30
0.0
 11
328.006375
 21
-119.148806
 31
0.0
  0
LINE
  5
597
330
1F
100
AcDbEntity
  8
Edge.Cuts
100
AcDbLine
 10
328.006375
 20
-119.148806
 30
0.0
 11
328.0334349999999
 21
-119.175866
 31
0.0
  0
LINE
  5
598
330
1F
100
AcDbEntity
  8
Edge.Cuts
100
AcDbLine
 10
328.0334349999999
 20
-119.175866
 30
0.0
 11
328.0372409999999
 21
-119.195
 31
0.0
  0
LINE
  5
599
330
1F
100
AcDbEntity
  8
Edge.Cuts
100
AcDbLine
 10
328.006375
 20
-100.098806
 30
0.0
 11
328.033435
 21
-100.125866
 31
0.0
  0
LINE
  5
59A
330
1F
100
AcDbEntity
  8
Edge.Cuts
100
AcDbLine
 10
328.033435
 20
-100.125866
 30
0.0
 11
328.037241
 21
-100.145
 31
0.0
  0
LINE
  5
59B
330
1F
100
AcDbEntity
  8
Edge.Cuts
100
AcDbLine
 10
328.037241
 20
-100.145
 30
0.0
 11
328.037241
 21
-114.145
 31
0.0
  0
LINE
  5
59C
330
1F
100
AcDbEntity
  8
Edge.Cuts
100
AcDbLine
 10
328.037241
 20
-114.145
 30
0.0
 11
328.033435
 21
-114.164134
 31
0.0
  0
LINE
  5
59D
330
1F
100
AcDbEntity
  8
Edge.Cuts
100
AcDbLine
 10
328.033435
 20
-114.164134
 30
0.0
 11
328.006375
 21
-114.191194
 31
0.0
  0
LINE
  5
59E
330
1F
100
AcDbEntity
  8
Edge.Cuts
100
AcDbLine
 10
328.006375
 20
-114.191194
 30
0.0
 11
327.987241
 21
-114.195
 31
0.0
  0
LINE
  5
59F
330
1F
100
AcDbEntity
  8
Edge.Cuts
100
AcDbLine
 10
327.987241
 20
-114.195
 30
0.0
 11
313.987241
 21
-114.195
 31
0.0
  0
LINE
  5
5A0
330
1F
100
AcDbEntity
  8
Edge.Cuts
100
AcDbLine
 10
313.987241
 20
-114.195
 30
0.0
 11
313.968107
 21
-114.191194
 31
0.0
  0
LINE
  5
5A1
330
1F
100
AcDbEntity
  8
Edge.Cuts
100
AcDbLine
 10
313.968107
 20
-114.191194
 30
0.0
 11
313.941047
 21
-114.164134
 31
0.0
  0
LINE
  5
5A2
330
1F
100
AcDbEntity
  8
Edge.Cuts
100
AcDbLine
 10
313.941047
 20
-114.164134
 30
0.0
 11
313.937241
 21
-114.145
 31
0.0
  0
LINE
  5
5A3
330
1F
100
AcDbEntity
  8
Edge.Cuts
100
AcDbLine
 10
313.937241
 20
-114.145
 30
0.0
 11
313.937241
 21
-100.145
 31
0.0
  0
LINE
  5
5A4
330
1F
100
AcDbEntity
  8
Edge.Cuts
100
AcDbLine
 10
313.937241
 20
-100.145
 30
0.0
 11
313.941047
 21
-100.125866
 31
0.0
  0
LINE
  5
5A5
330
1F
100
AcDbEntity
  8
Edge.Cuts
100
AcDbLine
 10
313.941047
 20
-100.125866
 30
0.0
 11
313.968107
 21
-100.098806
 31
0.0
  0
LINE
  5
5A6
330
1F
100
AcDbEntity
  8
Edge.Cuts
100
AcDbLine
 10
313.968107
 20
-100.098806
 30
0.0
 11
313.987241
 21
-100.095
 31
0.0
  0
LINE
  5
5A7
330
1F
100
AcDbEntity
  8
Edge.Cuts
100
AcDbLine
 10
313.987241
 20
-100.095
 30
0.0
 11
327.987241
 21
-100.095
 31
0.0
  0
LINE
  5
5A8
330
1F
100
AcDbEntity
  8
Edge.Cuts
100
AcDbLine
 10
327.987241
 20
-100.095
 30
0.0
 11
328.006375
 21
-100.098806
 31
0.0
  0
LINE
  5
5A9
330
1F
100
AcDbEntity
  8
Edge.Cuts
100
AcDbLine
 10
275.887241
 20
-100.095
 30
0.0
 11
289.887241
 21
-100.095
 31
0.0
  0
LINE
  5
5AA
330
1F
100
AcDbEntity
  8
Edge.Cuts
100
AcDbLine
 10
289.887241
 20
-100.095
 30
0.0
 11
289.906375
 21
-100.098806
 31
0.0
  0
LINE
  5
5AB
330
1F
100
AcDbEntity
  8
Edge.Cuts
100
AcDbLine
 10
289.906375
 20
-100.098806
 30
0.0
 11
289.933435
 21
-100.125866
 31
0.0
  0
LINE
  5
5AC
330
1F
100
AcDbEntity
  8
Edge.Cuts
100
AcDbLine
 10
289.933435
 20
-100.125866
 30
0.0
 11
289.937241
 21
-100.145
 31
0.0
  0
LINE
  5
5AD
330
1F
100
AcDbEntity
  8
Edge.Cuts
100
AcDbLine
 10
289.937241
 20
-100.145
 30
0.0
 11
289.937241
 21
-114.145
 31
0.0
  0
LINE
  5
5AE
330
1F
100
AcDbEntity
  8
Edge.Cuts
100
AcDbLine
 10
289.937241
 20
-114.145
 30
0.0
 11
289.933435
 21
-114.164134
 31
0.0
  0
LINE
  5
5AF
330
1F
100
AcDbEntity
  8
Edge.Cuts
100
AcDbLine
 10
289.933435
 20
-114.164134
 30
0.0
 11
289.906375
 21
-114.191194
 31
0.0
  0
LINE
  5
5B0
330
1F
100
AcDbEntity
  8
Edge.Cuts
100
AcDbLine
 10
289.906375
 20
-114.191194
 30
0.0
 11
289.887241
 21
-114.195
 31
0.0
  0
LINE
  5
5B1
330
1F
100
AcDbEntity
  8
Edge.Cuts
100
AcDbLine
 10
289.887241
 20
-114.195
 30
0.0
 11
275.887241
 21
-114.195
 31
0.0
  0
LINE
  5
5B2
330
1F
100
AcDbEntity
  8
Edge.Cuts
100
AcDbLine
 10
275.887241
 20
-114.195
 30
0.0
 11
275.868107
 21
-114.191194
 31
0.0
  0
LINE
  5
5B3
330
1F
100
AcDbEntity
  8
Edge.Cuts
100
AcDbLine
 10
275.868107
 20
-114.191194
 30
0.0
 11
275.841047
 21
-114.164134
 31
0.0
  0
LINE
  5
5B4
330
1F
100
AcDbEntity
  8
Edge.Cuts
100
AcDbLine
 10
275.841047
 20
-114.164134
 30
0.0
 11
275.8372409999999
 21
-114.145
 31
0.0
  0
LINE
  5
5B5
330
1F
100
AcDbEntity
  8
Edge.Cuts
100
AcDbLine
 10
275.8372409999999
 20
-114.145
 30
0.0
 11
275.8372409999999
 21
-100.145
 31
0.0
  0
LINE
  5
5B6
330
1F
100
AcDbEntity
  8
Edge.Cuts
100
AcDbLine
 10
275.8372409999999
 20
-100.145
 30
0.0
 11
275.841047
 21
-100.125866
 31
0.0
  0
LINE
  5
5B7
330
1F
100
AcDbEntity
  8
Edge.Cuts
100
AcDbLine
 10
275.841047
 20
-100.125866
 30
0.0
 11
275.868107
 21
-100.098806
 31
0.0
  0
LINE
  5
5B8
330
1F
100
AcDbEntity
  8
Edge.Cuts
100
AcDbLine
 10
275.868107
 20
-100.098806
 30
0.0
 11
275.887241
 21
-100.095
 31
0.0
  0
LINE
  5
5B9
330
1F
100
AcDbEntity
  8
Edge.Cuts
100
AcDbLine
 10
294.891047
 20
-95.363366
 30
0.0
 11
294.918107
 21
-95.33630600000002
 31
0.0
  0
LINE
  5
5BA
330
1F
100
AcDbEntity
  8
Edge.Cuts
100
AcDbLine
 10
294.918107
 20
-95.33630599999998
 30
0.0
 11
294.937241
 21
-95.33249999999997
 31
0.0
  0
LINE
  5
5BB
330
1F
100
AcDbEntity
  8
Edge.Cuts
100
AcDbLine
 10
294.937241
 20
-95.33249999999998
 30
0.0
 11
308.937241
 21
-95.33249999999998
 31
0.0
  0
LINE
  5
5BC
330
1F
100
AcDbEntity
  8
Edge.Cuts
100
AcDbLine
 10
308.937241
 20
-95.33249999999998
 30
0.0
 11
308.956375
 21
-95.336306
 31
0.0
  0
LINE
  5
5BD
330
1F
100
AcDbEntity
  8
Edge.Cuts
100
AcDbLine
 10
308.956375
 20
-95.336306
 30
0.0
 11
308.983435
 21
-95.36336599999998
 31
0.0
  0
LINE
  5
5BE
330
1F
100
AcDbEntity
  8
Edge.Cuts
100
AcDbLine
 10
308.983435
 20
-95.36336599999998
 30
0.0
 11
308.987241
 21
-95.3825
 31
0.0
  0
LINE
  5
5BF
330
1F
100
AcDbEntity
  8
Edge.Cuts
100
AcDbLine
 10
308.987241
 20
-95.3825
 30
0.0
 11
308.987241
 21
-109.3825
 31
0.0
  0
LINE
  5
5C0
330
1F
100
AcDbEntity
  8
Edge.Cuts
100
AcDbLine
 10
308.987241
 20
-109.3825
 30
0.0
 11
308.983435
 21
-109.401634
 31
0.0
  0
LINE
  5
5C1
330
1F
100
AcDbEntity
  8
Edge.Cuts
100
AcDbLine
 10
308.983435
 20
-109.401634
 30
0.0
 11
308.956375
 21
-109.428694
 31
0.0
  0
LINE
  5
5C2
330
1F
100
AcDbEntity
  8
Edge.Cuts
100
AcDbLine
 10
308.956375
 20
-109.428694
 30
0.0
 11
308.937241
 21
-109.4325
 31
0.0
  0
LINE
  5
5C3
330
1F
100
AcDbEntity
  8
Edge.Cuts
100
AcDbLine
 10
308.937241
 20
-109.4325
 30
0.0
 11
294.937241
 21
-109.4325
 31
0.0
  0
LINE
  5
5C4
330
1F
100
AcDbEntity
  8
Edge.Cuts
100
AcDbLine
 10
294.937241
 20
-109.4325
 30
0.0
 11
294.918107
 21
-109.428694
 31
0.0
  0
LINE
  5
5C5
330
1F
100
AcDbEntity
  8
Edge.Cuts
100
AcDbLine
 10
294.918107
 20
-109.428694
 30
0.0
 11
294.891047
 21
-109.401634
 31
0.0
  0
LINE
  5
5C6
330
1F
100
AcDbEntity
  8
Edge.Cuts
100
AcDbLine
 10
294.891047
 20
-109.401634
 30
0.0
 11
294.887241
 21
-109.3825
 31
0.0
  0
LINE
  5
5C7
330
1F
100
AcDbEntity
  8
Edge.Cuts
100
AcDbLine
 10
294.887241
 20
-109.3825
 30
0.0
 11
294.887241
 21
-95.3825
 31
0.0
  0
LINE
  5
5C8
330
1F
100
AcDbEntity
  8
Edge.Cuts
100
AcDbLine
 10
294.887241
 20
-95.3825
 30
0.0
 11
294.891047
 21
-95.36336599999998
 31
0.0
  0
LINE
  5
5C9
330
1F
100
AcDbEntity
  8
Edge.Cuts
100
AcDbLine
 10
252.6138329999999
 20
-183.474767
 30
0.0
 11
240.369156
 21
-190.2621010000001
 31
0.0
  0
LINE
  5
5CA
330
1F
100
AcDbEntity
  8
Edge.Cuts
100
AcDbLine
 10
240.369156
 20
-190.262101
 30
0.0
 11
240.350576
 21
-190.268049
 31
0.0
  0
LINE
  5
5CB
330
1F
100
AcDbEntity
  8
Edge.Cuts
100
AcDbLine
 10
240.350576
 20
-190.268049
 30
0.0
 11
240.31379
 21
-190.2575
 31
0.0
  0
LINE
  5
5CC
330
1F
100
AcDbEntity
  8
Edge.Cuts
100
AcDbLine
 10
240.31379
 20
-190.2575
 30
0.0
 11
240.301185
 21
-190.242611
 31
0.0
  0
LINE
  5
5CD
330
1F
100
AcDbEntity
  8
Edge.Cuts
100
AcDbLine
 10
240.301185
 20
-190.242611
 30
0.0
 11
233.513851
 21
-177.997934
 31
0.0
  0
LINE
  5
5CE
330
1F
100
AcDbEntity
  8
Edge.Cuts
100
AcDbLine
 10
233.513851
 20
-177.997934
 30
0.0
 11
233.507903
 21
-177.979354
 31
0.0
  0
LINE
  5
5CF
330
1F
100
AcDbEntity
  8
Edge.Cuts
100
AcDbLine
 10
233.507903
 20
-177.979354
 30
0.0
 11
233.518452
 21
-177.942568
 31
0.0
  0
LINE
  5
5D0
330
1F
100
AcDbEntity
  8
Edge.Cuts
100
AcDbLine
 10
233.518452
 20
-177.942568
 30
0.0
 11
233.533342
 21
-177.929963
 31
0.0
  0
LINE
  5
5D1
330
1F
100
AcDbEntity
  8
Edge.Cuts
100
AcDbLine
 10
233.533342
 20
-177.929963
 30
0.0
 11
245.778018
 21
-171.142629
 31
0.0
  0
LINE
  5
5D2
330
1F
100
AcDbEntity
  8
Edge.Cuts
100
AcDbLine
 10
245.778018
 20
-171.142629
 30
0.0
 11
245.796598
 21
-171.136681
 31
0.0
  0
LINE
  5
5D3
330
1F
100
AcDbEntity
  8
Edge.Cuts
100
AcDbLine
 10
245.796598
 20
-171.136681
 30
0.0
 11
245.833384
 21
-171.14723
 31
0.0
  0
LINE
  5
5D4
330
1F
100
AcDbEntity
  8
Edge.Cuts
100
AcDbLine
 10
245.833384
 20
-171.14723
 30
0.0
 11
245.845989
 21
-171.16212
 31
0.0
  0
LINE
  5
5D5
330
1F
100
AcDbEntity
  8
Edge.Cuts
100
AcDbLine
 10
245.845989
 20
-171.16212
 30
0.0
 11
252.633323
 21
-183.406796
 31
0.0
  0
LINE
  5
5D6
330
1F
100
AcDbEntity
  8
Edge.Cuts
100
AcDbLine
 10
252.633323
 20
-183.406796
 30
0.0
 11
252.639271
 21
-183.425376
 31
0.0
  0
LINE
  5
5D7
330
1F
100
AcDbEntity
  8
Edge.Cuts
100
AcDbLine
 10
252.639271
 20
-183.425376
 30
0.0
 11
252.628722
 21
-183.462162
 31
0.0
  0
LINE
  5
5D8
330
1F
100
AcDbEntity
  8
Edge.Cuts
100
AcDbLine
 10
252.628722
 20
-183.462162
 30
0.0
 11
252.6138329999999
 21
-183.474767
 31
0.0
  0
LINE
  5
5D9
330
1F
100
AcDbEntity
  8
Edge.Cuts
100
AcDbLine
 10
289.887241
 20
-152.295
 30
0.0
 11
275.887241
 21
-152.295
 31
0.0
  0
LINE
  5
5DA
330
1F
100
AcDbEntity
  8
Edge.Cuts
100
AcDbLine
 10
275.887241
 20
-152.295
 30
0.0
 11
275.868107
 21
-152.291194
 31
0.0
  0
LINE
  5
5DB
330
1F
100
AcDbEntity
  8
Edge.Cuts
100
AcDbLine
 10
275.868107
 20
-152.291194
 30
0.0
 11
275.841047
 21
-152.264134
 31
0.0
  0
LINE
  5
5DC
330
1F
100
AcDbEntity
  8
Edge.Cuts
100
AcDbLine
 10
275.841047
 20
-152.264134
 30
0.0
 11
275.8372409999999
 21
-152.245
 31
0.0
  0
LINE
  5
5DD
330
1F
100
AcDbEntity
  8
Edge.Cuts
100
AcDbLine
 10
275.8372409999999
 20
-152.245
 30
0.0
 11
275.8372409999999
 21
-138.245
 31
0.0
  0
LINE
  5
5DE
330
1F
100
AcDbEntity
  8
Edge.Cuts
100
AcDbLine
 10
275.8372409999999
 20
-138.245
 30
0.0
 11
275.8410470000001
 21
-138.225866
 31
0.0
  0
LINE
  5
5DF
330
1F
100
AcDbEntity
  8
Edge.Cuts
100
AcDbLine
 10
275.8410470000001
 20
-138.225866
 30
0.0
 11
275.868107
 21
-138.198806
 31
0.0
  0
LINE
  5
5E0
330
1F
100
AcDbEntity
  8
Edge.Cuts
100
AcDbLine
 10
275.868107
 20
-138.198806
 30
0.0
 11
275.887241
 21
-138.195
 31
0.0
  0
LINE
  5
5E1
330
1F
100
AcDbEntity
  8
Edge.Cuts
100
AcDbLine
 10
275.887241
 20
-138.195
 30
0.0
 11
289.887241
 21
-138.195
 31
0.0
  0
LINE
  5
5E2
330
1F
100
AcDbEntity
  8
Edge.Cuts
100
AcDbLine
 10
289.887241
 20
-138.195
 30
0.0
 11
289.906375
 21
-138.198806
 31
0.0
  0
LINE
  5
5E3
330
1F
100
AcDbEntity
  8
Edge.Cuts
100
AcDbLine
 10
289.906375
 20
-138.198806
 30
0.0
 11
289.9334349999999
 21
-138.225866
 31
0.0
  0
LINE
  5
5E4
330
1F
100
AcDbEntity
  8
Edge.Cuts
100
AcDbLine
 10
289.9334349999999
 20
-138.225866
 30
0.0
 11
289.9372409999999
 21
-138.245
 31
0.0
  0
LINE
  5
5E5
330
1F
100
AcDbEntity
  8
Edge.Cuts
100
AcDbLine
 10
289.937241
 20
-138.245
 30
0.0
 11
289.937241
 21
-152.245
 31
0.0
  0
LINE
  5
5E6
330
1F
100
AcDbEntity
  8
Edge.Cuts
100
AcDbLine
 10
289.9372409999999
 20
-152.245
 30
0.0
 11
289.9334349999999
 21
-152.264134
 31
0.0
  0
LINE
  5
5E7
330
1F
100
AcDbEntity
  8
Edge.Cuts
100
AcDbLine
 10
289.9334349999999
 20
-152.264134
 30
0.0
 11
289.906375
 21
-152.291194
 31
0.0
  0
LINE
  5
5E8
330
1F
100
AcDbEntity
  8
Edge.Cuts
100
AcDbLine
 10
289.906375
 20
-152.291194
 30
0.0
 11
289.887241
 21
-152.295
 31
0.0
  0
LINE
  5
5E9
330
1F
100
AcDbEntity
  8
Edge.Cuts
100
AcDbLine
 10
328.006375
 20
-138.198806
 30
0.0
 11
328.033435
 21
-138.225866
 31
0.0
  0
LINE
  5
5EA
330
1F
100
AcDbEntity
  8
Edge.Cuts
100
AcDbLine
 10
328.0334349999999
 20
-138.225866
 30
0.0
 11
328.0372409999999
 21
-138.245
 31
0.0
  0
LINE
  5
5EB
330
1F
100
AcDbEntity
  8
Edge.Cuts
100
AcDbLine
 10
328.037241
 20
-138.245
 30
0.0
 11
328.037241
 21
-152.245
 31
0.0
  0
LINE
  5
5EC
330
1F
100
AcDbEntity
  8
Edge.Cuts
100
AcDbLine
 10
328.0372409999999
 20
-152.245
 30
0.0
 11
328.0334349999999
 21
-152.264134
 31
0.0
  0
LINE
  5
5ED
330
1F
100
AcDbEntity
  8
Edge.Cuts
100
AcDbLine
 10
328.033435
 20
-152.264134
 30
0.0
 11
328.006375
 21
-152.291194
 31
0.0
  0
LINE
  5
5EE
330
1F
100
AcDbEntity
  8
Edge.Cuts
100
AcDbLine
 10
328.006375
 20
-152.291194
 30
0.0
 11
327.987241
 21
-152.295
 31
0.0
  0
LINE
  5
5EF
330
1F
100
AcDbEntity
  8
Edge.Cuts
100
AcDbLine
 10
327.987241
 20
-152.295
 30
0.0
 11
313.987241
 21
-152.295
 31
0.0
  0
LINE
  5
5F0
330
1F
100
AcDbEntity
  8
Edge.Cuts
100
AcDbLine
 10
313.987241
 20
-152.295
 30
0.0
 11
313.968107
 21
-152.291194
 31
0.0
  0
LINE
  5
5F1
330
1F
100
AcDbEntity
  8
Edge.Cuts
100
AcDbLine
 10
313.968107
 20
-152.291194
 30
0.0
 11
313.941047
 21
-152.264134
 31
0.0
  0
LINE
  5
5F2
330
1F
100
AcDbEntity
  8
Edge.Cuts
100
AcDbLine
 10
313.941047
 20
-152.264134
 30
0.0
 11
313.937241
 21
-152.245
 31
0.0
  0
LINE
  5
5F3
330
1F
100
AcDbEntity
  8
Edge.Cuts
100
AcDbLine
 10
313.937241
 20
-152.245
 30
0.0
 11
313.937241
 21
-138.245
 31
0.0
  0
LINE
  5
5F4
330
1F
100
AcDbEntity
  8
Edge.Cuts
100
AcDbLine
 10
313.937241
 20
-138.245
 30
0.0
 11
313.941047
 21
-138.225866
 31
0.0
  0
LINE
  5
5F5
330
1F
100
AcDbEntity
  8
Edge.Cuts
100
AcDbLine
 10
313.941047
 20
-138.225866
 30
0.0
 11
313.968107
 21
-138.198806
 31
0.0
  0
LINE
  5
5F6
330
1F
100
AcDbEntity
  8
Edge.Cuts
100
AcDbLine
 10
313.968107
 20
-138.198806
 30
0.0
 11
313.987241
 21
-138.195
 31
0.0
  0
LINE
  5
5F7
330
1F
100
AcDbEntity
  8
Edge.Cuts
100
AcDbLine
 10
313.987241
 20
-138.195
 30
0.0
 11
327.987241
 21
-138.195
 31
0.0
  0
LINE
  5
5F8
330
1F
100
AcDbEntity
  8
Edge.Cuts
100
AcDbLine
 10
327.987241
 20
-138.195
 30
0.0
 11
328.006375
 21
-138.198806
 31
0.0
  0
LINE
  5
5F9
330
1F
100
AcDbEntity
  8
Edge.Cuts
100
AcDbLine
 10
352.0681069999999
 20
-147.528694
 30
0.0
 11
352.041047
 21
-147.501634
 31
0.0
  0
LINE
  5
5FA
330
1F
100
AcDbEntity
  8
Edge.Cuts
100
AcDbLine
 10
352.041047
 20
-147.501634
 30
0.0
 11
352.037241
 21
-147.4825
 31
0.0
  0
LINE
  5
5FB
330
1F
100
AcDbEntity
  8
Edge.Cuts
100
AcDbLine
 10
352.037241
 20
-147.4825
 30
0.0
 11
352.037241
 21
-133.4825
 31
0.0
  0
LINE
  5
5FC
330
1F
100
AcDbEntity
  8
Edge.Cuts
100
AcDbLine
 10
352.0372410000001
 20
-133.4825
 30
0.0
 11
352.041047
 21
-133.463366
 31
0.0
  0
LINE
  5
5FD
330
1F
100
AcDbEntity
  8
Edge.Cuts
100
AcDbLine
 10
352.041047
 20
-133.463366
 30
0.0
 11
352.0681069999999
 21
-133.436306
 31
0.0
  0
LINE
  5
5FE
330
1F
100
AcDbEntity
  8
Edge.Cuts
100
AcDbLine
 10
352.0681069999999
 20
-133.436306
 30
0.0
 11
352.087241
 21
-133.4325
 31
0.0
  0
LINE
  5
5FF
330
1F
100
AcDbEntity
  8
Edge.Cuts
100
AcDbLine
 10
352.087241
 20
-133.4325
 30
0.0
 11
366.087241
 21
-133.4325
 31
0.0
  0
LINE
  5
600
330
1F
100
AcDbEntity
  8
Edge.Cuts
100
AcDbLine
 10
366.087241
 20
-133.4325
 30
0.0
 11
366.106375
 21
-133.436306
 31
0.0
  0
LINE
  5
601
330
1F
100
AcDbEntity
  8
Edge.Cuts
100
AcDbLine
 10
366.106375
 20
-133.436306
 30
0.0
 11
366.133435
 21
-133.463366
 31
0.0
  0
LINE
  5
602
330
1F
100
AcDbEntity
  8
Edge.Cuts
100
AcDbLine
 10
366.133435
 20
-133.463366
 30
0.0
 11
366.137241
 21
-133.4825
 31
0.0
  0
LINE
  5
603
330
1F
100
AcDbEntity
  8
Edge.Cuts
100
AcDbLine
 10
366.137241
 20
-133.4825
 30
0.0
 11
366.137241
 21
-147.4825
 31
0.0
  0
LINE
  5
604
330
1F
100
AcDbEntity
  8
Edge.Cuts
100
AcDbLine
 10
366.137241
 20
-147.4825
 30
0.0
 11
366.133435
 21
-147.501634
 31
0.0
  0
LINE
  5
605
330
1F
100
AcDbEntity
  8
Edge.Cuts
100
AcDbLine
 10
366.133435
 20
-147.501634
 30
0.0
 11
366.106375
 21
-147.528694
 31
0.0
  0
LINE
  5
606
330
1F
100
AcDbEntity
  8
Edge.Cuts
100
AcDbLine
 10
366.106375
 20
-147.528694
 30
0.0
 11
366.087241
 21
-147.5325
 31
0.0
  0
LINE
  5
607
330
1F
100
AcDbEntity
  8
Edge.Cuts
100
AcDbLine
 10
366.087241
 20
-147.5325
 30
0.0
 11
352.087241
 21
-147.5325
 31
0.0
  0
LINE
  5
608
330
1F
100
AcDbEntity
  8
Edge.Cuts
100
AcDbLine
 10
352.087241
 20
-147.5325
 30
0.0
 11
352.0681069999999
 21
-147.528694
 31
0.0
  0
LINE
  5
609
330
1F
100
AcDbEntity
  8
Edge.Cuts
100
AcDbLine
 10
347.037241
 20
-142.9575
 30
0.0
 11
347.056375
 21
-142.961306
 31
0.0
  0
LINE
  5
60A
330
1F
100
AcDbEntity
  8
Edge.Cuts
100
AcDbLine
 10
347.056375
 20
-142.961306
 30
0.0
 11
347.083435
 21
-142.988366
 31
0.0
  0
LINE
  5
60B
330
1F
100
AcDbEntity
  8
Edge.Cuts
100
AcDbLine
 10
347.083435
 20
-142.988366
 30
0.0
 11
347.0872409999999
 21
-143.0075
 31
0.0
  0
LINE
  5
60C
330
1F
100
AcDbEntity
  8
Edge.Cuts
100
AcDbLine
 10
347.087241
 20
-143.0075
 30
0.0
 11
347.087241
 21
-157.0075
 31
0.0
  0
LINE
  5
60D
330
1F
100
AcDbEntity
  8
Edge.Cuts
100
AcDbLine
 10
347.087241
 20
-157.0075
 30
0.0
 11
347.083435
 21
-157.026634
 31
0.0
  0
LINE
  5
60E
330
1F
100
AcDbEntity
  8
Edge.Cuts
100
AcDbLine
 10
347.083435
 20
-157.026634
 30
0.0
 11
347.056375
 21
-157.053694
 31
0.0
  0
LINE
  5
60F
330
1F
100
AcDbEntity
  8
Edge.Cuts
100
AcDbLine
 10
347.056375
 20
-157.053694
 30
0.0
 11
347.037241
 21
-157.0575
 31
0.0
  0
LINE
  5
610
330
1F
100
AcDbEntity
  8
Edge.Cuts
100
AcDbLine
 10
347.037241
 20
-157.0575
 30
0.0
 11
333.037241
 21
-157.0575
 31
0.0
  0
LINE
  5
611
330
1F
100
AcDbEntity
  8
Edge.Cuts
100
AcDbLine
 10
333.037241
 20
-157.0575
 30
0.0
 11
333.018107
 21
-157.053694
 31
0.0
  0
LINE
  5
612
330
1F
100
AcDbEntity
  8
Edge.Cuts
100
AcDbLine
 10
333.0181069999999
 20
-157.053694
 30
0.0
 11
332.991047
 21
-157.026634
 31
0.0
  0
LINE
  5
613
330
1F
100
AcDbEntity
  8
Edge.Cuts
100
AcDbLine
 10
332.991047
 20
-157.026634
 30
0.0
 11
332.987241
 21
-157.0075
 31
0.0
  0
LINE
  5
614
330
1F
100
AcDbEntity
  8
Edge.Cuts
100
AcDbLine
 10
332.987241
 20
-157.0075
 30
0.0
 11
332.987241
 21
-143.0075
 31
0.0
  0
LINE
  5
615
330
1F
100
AcDbEntity
  8
Edge.Cuts
100
AcDbLine
 10
332.987241
 20
-143.0075
 30
0.0
 11
332.991047
 21
-142.988366
 31
0.0
  0
LINE
  5
616
330
1F
100
AcDbEntity
  8
Edge.Cuts
100
AcDbLine
 10
332.991047
 20
-142.988366
 30
0.0
 11
333.018107
 21
-142.961306
 31
0.0
  0
LINE
  5
617
330
1F
100
AcDbEntity
  8
Edge.Cuts
100
AcDbLine
 10
333.018107
 20
-142.961306
 30
0.0
 11
333.037241
 21
-142.9575
 31
0.0
  0
LINE
  5
618
330
1F
100
AcDbEntity
  8
Edge.Cuts
100
AcDbLine
 10
333.037241
 20
-142.9575
 30
0.0
 11
347.037241
 21
-142.9575
 31
0.0
  0
LINE
  5
619
330
1F
100
AcDbEntity
  8
Edge.Cuts
100
AcDbLine
 10
308.983435
 20
-147.501634
 30
0.0
 11
308.956375
 21
-147.528694
 31
0.0
  0
LINE
  5
61A
330
1F
100
AcDbEntity
  8
Edge.Cuts
100
AcDbLine
 10
308.956375
 20
-147.528694
 30
0.0
 11
308.937241
 21
-147.5325
 31
0.0
  0
LINE
  5
61B
330
1F
100
AcDbEntity
  8
Edge.Cuts
100
AcDbLine
 10
308.937241
 20
-147.5325
 30
0.0
 11
294.937241
 21
-147.5325
 31
0.0
  0
LINE
  5
61C
330
1F
100
AcDbEntity
  8
Edge.Cuts
100
AcDbLine
 10
294.937241
 20
-147.5325
 30
0.0
 11
294.918107
 21
-147.528694
 31
0.0
  0
LINE
  5
61D
330
1F
100
AcDbEntity
  8
Edge.Cuts
100
AcDbLine
 10
294.918107
 20
-147.528694
 30
0.0
 11
294.891047
 21
-147.5016339999999
 31
0.0
  0
LINE
  5
61E
330
1F
100
AcDbEntity
  8
Edge.Cuts
100
AcDbLine
 10
294.891047
 20
-147.501634
 30
0.0
 11
294.887241
 21
-147.4825
 31
0.0
  0
LINE
  5
61F
330
1F
100
AcDbEntity
  8
Edge.Cuts
100
AcDbLine
 10
294.887241
 20
-147.4825
 30
0.0
 11
294.887241
 21
-133.4825
 31
0.0
  0
LINE
  5
620
330
1F
100
AcDbEntity
  8
Edge.Cuts
100
AcDbLine
 10
294.887241
 20
-133.4825
 30
0.0
 11
294.891047
 21
-133.463366
 31
0.0
  0
LINE
  5
621
330
1F
100
AcDbEntity
  8
Edge.Cuts
100
AcDbLine
 10
294.891047
 20
-133.463366
 30
0.0
 11
294.918107
 21
-133.436306
 31
0.0
  0
LINE
  5
622
330
1F
100
AcDbEntity
  8
Edge.Cuts
100
AcDbLine
 10
294.918107
 20
-133.436306
 30
0.0
 11
294.937241
 21
-133.4325
 31
0.0
  0
LINE
  5
623
330
1F
100
AcDbEntity
  8
Edge.Cuts
100
AcDbLine
 10
294.937241
 20
-133.4325
 30
0.0
 11
308.937241
 21
-133.4325
 31
0.0
  0
LINE
  5
624
330
1F
100
AcDbEntity
  8
Edge.Cuts
100
AcDbLine
 10
308.937241
 20
-133.4325
 30
0.0
 11
308.956375
 21
-133.436306
 31
0.0
  0
LINE
  5
625
330
1F
100
AcDbEntity
  8
Edge.Cuts
100
AcDbLine
 10
308.956375
 20
-133.436306
 30
0.0
 11
308.983435
 21
-133.463366
 31
0.0
  0
LINE
  5
626
330
1F
100
AcDbEntity
  8
Edge.Cuts
100
AcDbLine
 10
308.9834349999999
 20
-133.463366
 30
0.0
 11
308.9872409999999
 21
-133.4825
 31
0.0
  0
LINE
  5
627
330
1F
100
AcDbEntity
  8
Edge.Cuts
100
AcDbLine
 10
308.987241
 20
-133.4825
 30
0.0
 11
308.987241
 21
-147.4825
 31
0.0
  0
LINE
  5
628
330
1F
100
AcDbEntity
  8
Edge.Cuts
100
AcDbLine
 10
308.987241
 20
-147.4825
 30
0.0
 11
308.983435
 21
-147.501634
 31
0.0
  0
LINE
  5
629
330
1F
100
AcDbEntity
  8
Edge.Cuts
100
AcDbLine
 10
256.7872409999999
 20
-157.0075
 30
0.0
 11
256.7872409999999
 21
-143.0075
 31
0.0
  0
LINE
  5
62A
330
1F
100
AcDbEntity
  8
Edge.Cuts
100
AcDbLine
 10
256.7872409999999
 20
-143.0075
 30
0.0
 11
256.791047
 21
-142.988366
 31
0.0
  0
LINE
  5
62B
330
1F
100
AcDbEntity
  8
Edge.Cuts
100
AcDbLine
 10
256.791047
 20
-142.988366
 30
0.0
 11
256.8181069999999
 21
-142.961306
 31
0.0
  0
LINE
  5
62C
330
1F
100
AcDbEntity
  8
Edge.Cuts
100
AcDbLine
 10
256.8181069999999
 20
-142.961306
 30
0.0
 11
256.8372410000001
 21
-142.9575
 31
0.0
  0
LINE
  5
62D
330
1F
100
AcDbEntity
  8
Edge.Cuts
100
AcDbLine
 10
256.8372410000001
 20
-142.9575
 30
0.0
 11
270.837241
 21
-142.9575
 31
0.0
  0
LINE
  5
62E
330
1F
100
AcDbEntity
  8
Edge.Cuts
100
AcDbLine
 10
270.837241
 20
-142.9575
 30
0.0
 11
270.856375
 21
-142.961306
 31
0.0
  0
LINE
  5
62F
330
1F
100
AcDbEntity
  8
Edge.Cuts
100
AcDbLine
 10
270.856375
 20
-142.961306
 30
0.0
 11
270.883435
 21
-142.988366
 31
0.0
  0
LINE
  5
630
330
1F
100
AcDbEntity
  8
Edge.Cuts
100
AcDbLine
 10
270.883435
 20
-142.988366
 30
0.0
 11
270.887241
 21
-143.0075
 31
0.0
  0
LINE
  5
631
330
1F
100
AcDbEntity
  8
Edge.Cuts
100
AcDbLine
 10
270.887241
 20
-143.0075
 30
0.0
 11
270.887241
 21
-157.0075
 31
0.0
  0
LINE
  5
632
330
1F
100
AcDbEntity
  8
Edge.Cuts
100
AcDbLine
 10
270.8872410000001
 20
-157.0075
 30
0.0
 11
270.8834350000001
 21
-157.026634
 31
0.0
  0
LINE
  5
633
330
1F
100
AcDbEntity
  8
Edge.Cuts
100
AcDbLine
 10
270.883435
 20
-157.026634
 30
0.0
 11
270.856375
 21
-157.053694
 31
0.0
  0
LINE
  5
634
330
1F
100
AcDbEntity
  8
Edge.Cuts
100
AcDbLine
 10
270.856375
 20
-157.053694
 30
0.0
 11
270.837241
 21
-157.0575
 31
0.0
  0
LINE
  5
635
330
1F
100
AcDbEntity
  8
Edge.Cuts
100
AcDbLine
 10
270.837241
 20
-157.0575
 30
0.0
 11
256.8372410000001
 21
-157.0575
 31
0.0
  0
LINE
  5
636
330
1F
100
AcDbEntity
  8
Edge.Cuts
100
AcDbLine
 10
256.8372410000001
 20
-157.0575
 30
0.0
 11
256.8181069999999
 21
-157.053694
 31
0.0
  0
LINE
  5
637
330
1F
100
AcDbEntity
  8
Edge.Cuts
100
AcDbLine
 10
256.8181069999999
 20
-157.053694
 30
0.0
 11
256.791047
 21
-157.0266340000001
 31
0.0
  0
LINE
  5
638
330
1F
100
AcDbEntity
  8
Edge.Cuts
100
AcDbLine
 10
256.791047
 20
-157.026634
 30
0.0
 11
256.7872409999999
 21
-157.0075
 31
0.0
  0
LINE
  5
639
330
1F
100
AcDbEntity
  8
Edge.Cuts
100
AcDbLine
 10
254.656086
 20
-167.711957
 30
0.0
 11
268.179047
 21
-164.08849
 31
0.0
  0
LINE
  5
63A
330
1F
100
AcDbEntity
  8
Edge.Cuts
100
AcDbLine
 10
268.179047
 20
-164.08849
 30
0.0
 11
268.198513
 21
-164.087214
 31
0.0
  0
LINE
  5
63B
330
1F
100
AcDbEntity
  8
Edge.Cuts
100
AcDbLine
 10
268.198513
 20
-164.087214
 30
0.0
 11
268.2316539033704
 21
-164.1063481673651
 31
0.0
  0
LINE
  5
63C
330
1F
100
AcDbEntity
  8
Edge.Cuts
100
AcDbLine
 10
268.2316539033704
 20
-164.1063481673651
 30
0.0
 11
268.2402818558839
 21
-164.1238450710655
 31
0.0
  0
LINE
  5
63D
330
1F
100
AcDbEntity
  8
Edge.Cuts
100
AcDbLine
 10
268.2402818558839
 20
-164.1238450710655
 30
0.0
 11
271.8637488558839
 21
-177.6468060710655
 31
0.0
  0
LINE
  5
63E
330
1F
100
AcDbEntity
  8
Edge.Cuts
100
AcDbLine
 10
271.8637488558839
 20
-177.6468060710655
 30
0.0
 11
271.8650238558839
 21
-177.6662670710655
 31
0.0
  0
LINE
  5
63F
330
1F
100
AcDbEntity
  8
Edge.Cuts
100
AcDbLine
 10
271.8650238558839
 20
-177.6662670710655
 30
0.0
 11
271.845889
 21
-177.699417
 31
0.0
  0
LINE
  5
640
330
1F
100
AcDbEntity
  8
Edge.Cuts
100
AcDbLine
 10
271.845889
 20
-177.699417
 30
0.0
 11
271.828392
 21
-177.708045
 31
0.0
  0
LINE
  5
641
330
1F
100
AcDbEntity
  8
Edge.Cuts
100
AcDbLine
 10
271.828392
 20
-177.708045
 30
0.0
 11
258.3054310000001
 21
-181.331512
 31
0.0
  0
LINE
  5
642
330
1F
100
AcDbEntity
  8
Edge.Cuts
100
AcDbLine
 10
258.3054310000001
 20
-181.331512
 30
0.0
 11
258.285968
 21
-181.332787
 31
0.0
  0
LINE
  5
643
330
1F
100
AcDbEntity
  8
Edge.Cuts
100
AcDbLine
 10
258.285968
 20
-181.332787
 30
0.0
 11
258.252826
 21
-181.313652
 31
0.0
  0
LINE
  5
644
330
1F
100
AcDbEntity
  8
Edge.Cuts
100
AcDbLine
 10
258.252826
 20
-181.313652
 30
0.0
 11
258.244198
 21
-181.296155
 31
0.0
  0
LINE
  5
645
330
1F
100
AcDbEntity
  8
Edge.Cuts
100
AcDbLine
 10
258.244198
 20
-181.296155
 30
0.0
 11
254.620731
 21
-167.773194
 31
0.0
  0
LINE
  5
646
330
1F
100
AcDbEntity
  8
Edge.Cuts
100
AcDbLine
 10
254.620731
 20
-167.773194
 30
0.0
 11
254.619455
 21
-167.753727
 31
0.0
  0
LINE
  5
647
330
1F
100
AcDbEntity
  8
Edge.Cuts
100
AcDbLine
 10
254.619455
 20
-167.753727
 30
0.0
 11
254.638589
 21
-167.720585
 31
0.0
  0
LINE
  5
648
330
1F
100
AcDbEntity
  8
Edge.Cuts
100
AcDbLine
 10
254.638589
 20
-167.720585
 30
0.0
 11
254.656086
 21
-167.711957
 31
0.0
  0
LINE
  5
649
330
1F
100
AcDbEntity
  8
Edge.Cuts
100
AcDbLine
 10
277.792241
 20
-162.96
 30
0.0
 11
291.792241
 21
-162.96
 31
0.0
  0
LINE
  5
64A
330
1F
100
AcDbEntity
  8
Edge.Cuts
100
AcDbLine
 10
291.792241
 20
-162.96
 30
0.0
 11
291.811375
 21
-162.963806
 31
0.0
  0
LINE
  5
64B
330
1F
100
AcDbEntity
  8
Edge.Cuts
100
AcDbLine
 10
291.811375
 20
-162.963806
 30
0.0
 11
291.838435
 21
-162.990866
 31
0.0
  0
LINE
  5
64C
330
1F
100
AcDbEntity
  8
Edge.Cuts
100
AcDbLine
 10
291.838435
 20
-162.990866
 30
0.0
 11
291.842241
 21
-163.01
 31
0.0
  0
LINE
  5
64D
330
1F
100
AcDbEntity
  8
Edge.Cuts
100
AcDbLine
 10
291.842241
 20
-163.01
 30
0.0
 11
291.842241
 21
-177.01
 31
0.0
  0
LINE
  5
64E
330
1F
100
AcDbEntity
  8
Edge.Cuts
100
AcDbLine
 10
291.8422409999999
 20
-177.01
 30
0.0
 11
291.8384349999999
 21
-177.029134
 31
0.0
  0
LINE
  5
64F
330
1F
100
AcDbEntity
  8
Edge.Cuts
100
AcDbLine
 10
291.838435
 20
-177.029134
 30
0.0
 11
291.811375
 21
-177.056194
 31
0.0
  0
LINE
  5
650
330
1F
100
AcDbEntity
  8
Edge.Cuts
100
AcDbLine
 10
291.811375
 20
-177.056194
 30
0.0
 11
291.792241
 21
-177.06
 31
0.0
  0
LINE
  5
651
330
1F
100
AcDbEntity
  8
Edge.Cuts
100
AcDbLine
 10
291.792241
 20
-177.06
 30
0.0
 11
277.792241
 21
-177.06
 31
0.0
  0
LINE
  5
652
330
1F
100
AcDbEntity
  8
Edge.Cuts
100
AcDbLine
 10
277.792241
 20
-177.06
 30
0.0
 11
277.773107
 21
-177.056194
 31
0.0
  0
LINE
  5
653
330
1F
100
AcDbEntity
  8
Edge.Cuts
100
AcDbLine
 10
277.773107
 20
-177.056194
 30
0.0
 11
277.746047
 21
-177.029134
 31
0.0
  0
LINE
  5
654
330
1F
100
AcDbEntity
  8
Edge.Cuts
100
AcDbLine
 10
277.746047
 20
-177.029134
 30
0.0
 11
277.742241
 21
-177.01
 31
0.0
  0
LINE
  5
655
330
1F
100
AcDbEntity
  8
Edge.Cuts
100
AcDbLine
 10
277.742241
 20
-177.01
 30
0.0
 11
277.742241
 21
-163.01
 31
0.0
  0
LINE
  5
656
330
1F
100
AcDbEntity
  8
Edge.Cuts
100
AcDbLine
 10
277.742241
 20
-163.01
 30
0.0
 11
277.746047
 21
-162.990866
 31
0.0
  0
LINE
  5
657
330
1F
100
AcDbEntity
  8
Edge.Cuts
100
AcDbLine
 10
277.746047
 20
-162.990866
 30
0.0
 11
277.773107
 21
-162.963806
 31
0.0
  0
LINE
  5
658
330
1F
100
AcDbEntity
  8
Edge.Cuts
100
AcDbLine
 10
277.773107
 20
-162.963806
 30
0.0
 11
277.792241
 21
-162.96
 31
0.0
  0
LINE
  5
659
330
1F
100
AcDbEntity
  8
Edge.Cuts
100
AcDbLine
 10
270.883435
 20
-118.926634
 30
0.0
 11
270.856375
 21
-118.953694
 31
0.0
  0
LINE
  5
65A
330
1F
100
AcDbEntity
  8
Edge.Cuts
100
AcDbLine
 10
270.856375
 20
-118.953694
 30
0.0
 11
270.837241
 21
-118.9575
 31
0.0
  0
LINE
  5
65B
330
1F
100
AcDbEntity
  8
Edge.Cuts
100
AcDbLine
 10
270.837241
 20
-118.9575
 30
0.0
 11
256.8372410000001
 21
-118.9575
 31
0.0
  0
LINE
  5
65C
330
1F
100
AcDbEntity
  8
Edge.Cuts
100
AcDbLine
 10
256.8372410000001
 20
-118.9575
 30
0.0
 11
256.8181069999999
 21
-118.953694
 31
0.0
  0
LINE
  5
65D
330
1F
100
AcDbEntity
  8
Edge.Cuts
100
AcDbLine
 10
256.8181069999999
 20
-118.953694
 30
0.0
 11
256.791047
 21
-118.926634
 31
0.0
  0
LINE
  5
65E
330
1F
100
AcDbEntity
  8
Edge.Cuts
100
AcDbLine
 10
256.791047
 20
-118.926634
 30
0.0
 11
256.7872409999999
 21
-118.9075
 31
0.0
  0
LINE
  5
65F
330
1F
100
AcDbEntity
  8
Edge.Cuts
100
AcDbLine
 10
256.7872409999999
 20
-118.9075
 30
0.0
 11
256.7872409999999
 21
-104.9075
 31
0.0
  0
LINE
  5
660
330
1F
100
AcDbEntity
  8
Edge.Cuts
100
AcDbLine
 10
256.7872409999999
 20
-104.9075
 30
0.0
 11
256.791047
 21
-104.888366
 31
0.0
  0
LINE
  5
661
330
1F
100
AcDbEntity
  8
Edge.Cuts
100
AcDbLine
 10
256.791047
 20
-104.888366
 30
0.0
 11
256.8181069999999
 21
-104.861306
 31
0.0
  0
LINE
  5
662
330
1F
100
AcDbEntity
  8
Edge.Cuts
100
AcDbLine
 10
256.8181069999999
 20
-104.861306
 30
0.0
 11
256.8372410000001
 21
-104.8575
 31
0.0
  0
LINE
  5
663
330
1F
100
AcDbEntity
  8
Edge.Cuts
100
AcDbLine
 10
256.8372410000001
 20
-104.8575
 30
0.0
 11
270.837241
 21
-104.8575
 31
0.0
  0
LINE
  5
664
330
1F
100
AcDbEntity
  8
Edge.Cuts
100
AcDbLine
 10
270.837241
 20
-104.8575
 30
0.0
 11
270.856375
 21
-104.861306
 31
0.0
  0
LINE
  5
665
330
1F
100
AcDbEntity
  8
Edge.Cuts
100
AcDbLine
 10
270.856375
 20
-104.861306
 30
0.0
 11
270.883435
 21
-104.888366
 31
0.0
  0
LINE
  5
666
330
1F
100
AcDbEntity
  8
Edge.Cuts
100
AcDbLine
 10
270.8834350000001
 20
-104.888366
 30
0.0
 11
270.8872410000001
 21
-104.9075
 31
0.0
  0
LINE
  5
667
330
1F
100
AcDbEntity
  8
Edge.Cuts
100
AcDbLine
 10
270.887241
 20
-104.9075
 30
0.0
 11
270.887241
 21
-118.9075
 31
0.0
  0
LINE
  5
668
330
1F
100
AcDbEntity
  8
Edge.Cuts
100
AcDbLine
 10
270.887241
 20
-118.9075
 30
0.0
 11
270.883435
 21
-118.926634
 31
0.0
  0
LINE
  5
669
330
1F
100
AcDbEntity
  8
Edge.Cuts
100
AcDbLine
 10
347.087241
 20
-123.9575
 30
0.0
 11
347.087241
 21
-137.9575
 31
0.0
  0
LINE
  5
66A
330
1F
100
AcDbEntity
  8
Edge.Cuts
100
AcDbLine
 10
347.087241
 20
-137.9575
 30
0.0
 11
347.083435
 21
-137.976634
 31
0.0
  0
LINE
  5
66B
330
1F
100
AcDbEntity
  8
Edge.Cuts
100
AcDbLine
 10
347.083435
 20
-137.976634
 30
0.0
 11
347.056375
 21
-138.003694
 31
0.0
  0
LINE
  5
66C
330
1F
100
AcDbEntity
  8
Edge.Cuts
100
AcDbLine
 10
347.056375
 20
-138.003694
 30
0.0
 11
347.037241
 21
-138.0075
 31
0.0
  0
LINE
  5
66D
330
1F
100
AcDbEntity
  8
Edge.Cuts
100
AcDbLine
 10
347.037241
 20
-138.0075
 30
0.0
 11
333.037241
 21
-138.0075
 31
0.0
  0
LINE
  5
66E
330
1F
100
AcDbEntity
  8
Edge.Cuts
100
AcDbLine
 10
333.037241
 20
-138.0075
 30
0.0
 11
333.018107
 21
-138.003694
 31
0.0
  0
LINE
  5
66F
330
1F
100
AcDbEntity
  8
Edge.Cuts
100
AcDbLine
 10
333.018107
 20
-138.003694
 30
0.0
 11
332.991047
 21
-137.976634
 31
0.0
  0
LINE
  5
670
330
1F
100
AcDbEntity
  8
Edge.Cuts
100
AcDbLine
 10
332.991047
 20
-137.976634
 30
0.0
 11
332.987241
 21
-137.9575
 31
0.0
  0
LINE
  5
671
330
1F
100
AcDbEntity
  8
Edge.Cuts
100
AcDbLine
 10
332.987241
 20
-137.9575
 30
0.0
 11
332.987241
 21
-123.9575
 31
0.0
  0
LINE
  5
672
330
1F
100
AcDbEntity
  8
Edge.Cuts
100
AcDbLine
 10
332.987241
 20
-123.9575
 30
0.0
 11
332.991047
 21
-123.938366
 31
0.0
  0
LINE
  5
673
330
1F
100
AcDbEntity
  8
Edge.Cuts
100
AcDbLine
 10
332.991047
 20
-123.938366
 30
0.0
 11
333.018107
 21
-123.911306
 31
0.0
  0
LINE
  5
674
330
1F
100
AcDbEntity
  8
Edge.Cuts
100
AcDbLine
 10
333.018107
 20
-123.911306
 30
0.0
 11
333.037241
 21
-123.9075
 31
0.0
  0
LINE
  5
675
330
1F
100
AcDbEntity
  8
Edge.Cuts
100
AcDbLine
 10
333.037241
 20
-123.9075
 30
0.0
 11
347.037241
 21
-123.9075
 31
0.0
  0
LINE
  5
676
330
1F
100
AcDbEntity
  8
Edge.Cuts
100
AcDbLine
 10
347.037241
 20
-123.9075
 30
0.0
 11
347.056375
 21
-123.911306
 31
0.0
  0
LINE
  5
677
330
1F
100
AcDbEntity
  8
Edge.Cuts
100
AcDbLine
 10
347.056375
 20
-123.911306
 30
0.0
 11
347.083435
 21
-123.938366
 31
0.0
  0
LINE
  5
678
330
1F
100
AcDbEntity
  8
Edge.Cuts
100
AcDbLine
 10
347.083435
 20
-123.938366
 30
0.0
 11
347.0872409999999
 21
-123.9575
 31
0.0
  0
LINE
  5
679
330
1F
100
AcDbEntity
  8
Edge.Cuts
100
AcDbLine
 10
366.137241
 20
-114.4325
 30
0.0
 11
366.137241
 21
-128.4325
 31
0.0
  0
LINE
  5
67A
330
1F
100
AcDbEntity
  8
Edge.Cuts
100
AcDbLine
 10
366.137241
 20
-128.4325
 30
0.0
 11
366.133435
 21
-128.451634
 31
0.0
  0
LINE
  5
67B
330
1F
100
AcDbEntity
  8
Edge.Cuts
100
AcDbLine
 10
366.133435
 20
-128.451634
 30
0.0
 11
366.106375
 21
-128.478694
 31
0.0
  0
LINE
  5
67C
330
1F
100
AcDbEntity
  8
Edge.Cuts
100
AcDbLine
 10
366.106375
 20
-128.478694
 30
0.0
 11
366.087241
 21
-128.4825
 31
0.0
  0
LINE
  5
67D
330
1F
100
AcDbEntity
  8
Edge.Cuts
100
AcDbLine
 10
366.087241
 20
-128.4825
 30
0.0
 11
352.087241
 21
-128.4825
 31
0.0
  0
LINE
  5
67E
330
1F
100
AcDbEntity
  8
Edge.Cuts
100
AcDbLine
 10
352.087241
 20
-128.4825
 30
0.0
 11
352.0681069999999
 21
-128.478694
 31
0.0
  0
LINE
  5
67F
330
1F
100
AcDbEntity
  8
Edge.Cuts
100
AcDbLine
 10
352.0681069999999
 20
-128.478694
 30
0.0
 11
352.041047
 21
-128.451634
 31
0.0
  0
LINE
  5
680
330
1F
100
AcDbEntity
  8
Edge.Cuts
100
AcDbLine
 10
352.041047
 20
-128.451634
 30
0.0
 11
352.0372410000001
 21
-128.4325
 31
0.0
  0
LINE
  5
681
330
1F
100
AcDbEntity
  8
Edge.Cuts
100
AcDbLine
 10
352.037241
 20
-128.4325
 30
0.0
 11
352.037241
 21
-114.4325
 31
0.0
  0
LINE
  5
682
330
1F
100
AcDbEntity
  8
Edge.Cuts
100
AcDbLine
 10
352.037241
 20
-114.4325
 30
0.0
 11
352.041047
 21
-114.413366
 31
0.0
  0
LINE
  5
683
330
1F
100
AcDbEntity
  8
Edge.Cuts
100
AcDbLine
 10
352.041047
 20
-114.413366
 30
0.0
 11
352.0681069999999
 21
-114.386306
 31
0.0
  0
LINE
  5
684
330
1F
100
AcDbEntity
  8
Edge.Cuts
100
AcDbLine
 10
352.0681069999999
 20
-114.386306
 30
0.0
 11
352.087241
 21
-114.3825
 31
0.0
  0
LINE
  5
685
330
1F
100
AcDbEntity
  8
Edge.Cuts
100
AcDbLine
 10
352.087241
 20
-114.3825
 30
0.0
 11
366.087241
 21
-114.3825
 31
0.0
  0
LINE
  5
686
330
1F
100
AcDbEntity
  8
Edge.Cuts
100
AcDbLine
 10
366.087241
 20
-114.3825
 30
0.0
 11
366.106375
 21
-114.386306
 31
0.0
  0
LINE
  5
687
330
1F
100
AcDbEntity
  8
Edge.Cuts
100
AcDbLine
 10
366.106375
 20
-114.386306
 30
0.0
 11
366.133435
 21
-114.413366
 31
0.0
  0
LINE
  5
688
330
1F
100
AcDbEntity
  8
Edge.Cuts
100
AcDbLine
 10
366.133435
 20
-114.413366
 30
0.0
 11
366.137241
 21
-114.4325
 31
0.0
  0
LINE
  5
689
330
1F
100
AcDbEntity
  8
Edge.Cuts
100
AcDbLine
 10
360.76354695329
 20
-109.7625009999999
 30
0.0
 11
367.569985
 21
-109.7625009999999
 31
0.0
  0
LINE
  5
68A
330
1F
100
AcDbEntity
  8
Edge.Cuts
100
AcDbLine
 10
350.85
 20
-109.762501
 30
0.0
 11
357.4109350467101
 21
-109.762501
 31
0.0
  0
LINE
  5
68B
330
1F
100
AcDbEntity
  8
Edge.Cuts
100
AcDbLine
 10
350.1
 20
-106.992506
 30
0.0
 11
350.1
 21
-109.012501
 31
0.0
  0
LINE
  5
68C
330
1F
100
AcDbEntity
  8
Edge.Cuts
100
AcDbLine
 10
356.9869226142553
 20
-106.242506
 30
0.0
 11
350.85
 21
-106.242506
 31
0.0
  0
LINE
  5
68D
330
1F
100
AcDbEntity
  8
Edge.Cuts
100
AcDbLine
 10
367.5699849999999
 20
-106.242506
 30
0.0
 11
361.1875593857447
 21
-106.242506
 31
0.0
  0
LINE
  5
68E
330
1F
100
AcDbEntity
  8
Edge.Cuts
100
AcDbLine
 10
368.319985
 20
-109.0125009999999
 30
0.0
 11
368.319985
 21
-106.992506
 31
0.0
  0
LINE
  5
68F
330
1F
100
AcDbEntity
  8
Edge.Cuts
100
AcDbLine
 10
333.037241
 20
-104.8575
 30
0.0
 11
347.037241
 21
-104.8575
 31
0.0
  0
LINE
  5
690
330
1F
100
AcDbEntity
  8
Edge.Cuts
100
AcDbLine
 10
347.037241
 20
-104.8575
 30
0.0
 11
347.056375
 21
-104.861306
 31
0.0
  0
LINE
  5
691
330
1F
100
AcDbEntity
  8
Edge.Cuts
100
AcDbLine
 10
347.056375
 20
-104.861306
 30
0.0
 11
347.083435
 21
-104.888366
 31
0.0
  0
LINE
  5
692
330
1F
100
AcDbEntity
  8
Edge.Cuts
100
AcDbLine
 10
347.083435
 20
-104.888366
 30
0.0
 11
347.087241
 21
-104.9075
 31
0.0
  0
LINE
  5
693
330
1F
100
AcDbEntity
  8
Edge.Cuts
100
AcDbLine
 10
347.087241
 20
-104.9075
 30
0.0
 11
347.087241
 21
-118.9075
 31
0.0
  0
LINE
  5
694
330
1F
100
AcDbEntity
  8
Edge.Cuts
100
AcDbLine
 10
347.087241
 20
-118.9075
 30
0.0
 11
347.083435
 21
-118.926634
 31
0.0
  0
LINE
  5
695
330
1F
100
AcDbEntity
  8
Edge.Cuts
100
AcDbLine
 10
347.083435
 20
-118.926634
 30
0.0
 11
347.056375
 21
-118.953694
 31
0.0
  0
LINE
  5
696
330
1F
100
AcDbEntity
  8
Edge.Cuts
100
AcDbLine
 10
347.056375
 20
-118.953694
 30
0.0
 11
347.037241
 21
-118.9575
 31
0.0
  0
LINE
  5
697
330
1F
100
AcDbEntity
  8
Edge.Cuts
100
AcDbLine
 10
347.037241
 20
-118.9575
 30
0.0
 11
333.037241
 21
-118.9575
 31
0.0
  0
LINE
  5
698
330
1F
100
AcDbEntity
  8
Edge.Cuts
100
AcDbLine
 10
333.037241
 20
-118.9575
 30
0.0
 11
333.018107
 21
-118.953694
 31
0.0
  0
LINE
  5
699
330
1F
100
AcDbEntity
  8
Edge.Cuts
100
AcDbLine
 10
333.018107
 20
-118.953694
 30
0.0
 11
332.991047
 21
-118.926634
 31
0.0
  0
LINE
  5
69A
330
1F
100
AcDbEntity
  8
Edge.Cuts
100
AcDbLine
 10
332.991047
 20
-118.926634
 30
0.0
 11
332.987241
 21
-118.9075
 31
0.0
  0
LINE
  5
69B
330
1F
100
AcDbEntity
  8
Edge.Cuts
100
AcDbLine
 10
332.987241
 20
-118.9075
 30
0.0
 11
332.987241
 21
-104.9075
 31
0.0
  0
LINE
  5
69C
330
1F
100
AcDbEntity
  8
Edge.Cuts
100
AcDbLine
 10
332.987241
 20
-104.9075
 30
0.0
 11
332.991047
 21
-104.888366
 31
0.0
  0
LINE
  5
69D
330
1F
100
AcDbEntity
  8
Edge.Cuts
100
AcDbLine
 10
332.991047
 20
-104.888366
 30
0.0
 11
333.018107
 21
-104.861306
 31
0.0
  0
LINE
  5
69E
330
1F
100
AcDbEntity
  8
Edge.Cuts
100
AcDbLine
 10
333.018107
 20
-104.861306
 30
0.0
 11
333.037241
 21
-104.8575
 31
0.0
  0
LINE
  5
69F
330
1F
100
AcDbEntity
  8
Edge.Cuts
100
AcDbLine
 10
347.087241
 20
-143.0075
 30
0.0
 11
347.087241
 21
-157.0075
 31
0.0
  0
LINE
  5
6A0
330
1F
100
AcDbEntity
  8
Edge.Cuts
100
AcDbLine
 10
347.087241
 20
-157.0075
 30
0.0
 11
347.083435
 21
-157.026634
 31
0.0
  0
LINE
  5
6A1
330
1F
100
AcDbEntity
  8
Edge.Cuts
100
AcDbLine
 10
347.083435
 20
-157.026634
 30
0.0
 11
347.056375
 21
-157.053694
 31
0.0
  0
LINE
  5
6A2
330
1F
100
AcDbEntity
  8
Edge.Cuts
100
AcDbLine
 10
347.056375
 20
-157.053694
 30
0.0
 11
347.037241
 21
-157.0575
 31
0.0
  0
LINE
  5
6A3
330
1F
100
AcDbEntity
  8
Edge.Cuts
100
AcDbLine
 10
347.037241
 20
-157.0575
 30
0.0
 11
333.037241
 21
-157.0575
 31
0.0
  0
LINE
  5
6A4
330
1F
100
AcDbEntity
  8
Edge.Cuts
100
AcDbLine
 10
333.037241
 20
-157.0575
 30
0.0
 11
333.018107
 21
-157.053694
 31
0.0
  0
LINE
  5
6A5
330
1F
100
AcDbEntity
  8
Edge.Cuts
100
AcDbLine
 10
333.018107
 20
-157.053694
 30
0.0
 11
332.991047
 21
-157.026634
 31
0.0
  0
LINE
  5
6A6
330
1F
100
AcDbEntity
  8
Edge.Cuts
100
AcDbLine
 10
332.991047
 20
-157.026634
 30
0.0
 11
332.987241
 21
-157.0075
 31
0.0
  0
LINE
  5
6A7
330
1F
100
AcDbEntity
  8
Edge.Cuts
100
AcDbLine
 10
332.987241
 20
-157.0075
 30
0.0
 11
332.987241
 21
-143.0075
 31
0.0
  0
LINE
  5
6A8
330
1F
100
AcDbEntity
  8
Edge.Cuts
100
AcDbLine
 10
332.987241
 20
-143.0075
 30
0.0
 11
332.991047
 21
-142.988366
 31
0.0
  0
LINE
  5
6A9
330
1F
100
AcDbEntity
  8
Edge.Cuts
100
AcDbLine
 10
332.991047
 20
-142.988366
 30
0.0
 11
333.018107
 21
-142.961306
 31
0.0
  0
LINE
  5
6AA
330
1F
100
AcDbEntity
  8
Edge.Cuts
100
AcDbLine
 10
333.018107
 20
-142.961306
 30
0.0
 11
333.037241
 21
-142.9575
 31
0.0
  0
LINE
  5
6AB
330
1F
100
AcDbEntity
  8
Edge.Cuts
100
AcDbLine
 10
333.037241
 20
-142.9575
 30
0.0
 11
347.037241
 21
-142.9575
 31
0.0
  0
LINE
  5
6AC
330
1F
100
AcDbEntity
  8
Edge.Cuts
100
AcDbLine
 10
347.037241
 20
-142.9575
 30
0.0
 11
347.056375
 21
-142.961306
 31
0.0
  0
LINE
  5
6AD
330
1F
100
AcDbEntity
  8
Edge.Cuts
100
AcDbLine
 10
347.056375
 20
-142.961306
 30
0.0
 11
347.083435
 21
-142.988366
 31
0.0
  0
LINE
  5
6AE
330
1F
100
AcDbEntity
  8
Edge.Cuts
100
AcDbLine
 10
347.083435
 20
-142.988366
 30
0.0
 11
347.0872409999999
 21
-143.0075
 31
0.0
  0
LINE
  5
6AF
330
1F
100
AcDbEntity
  8
Edge.Cuts
100
AcDbLine
 10
352.087241
 20
-133.4325
 30
0.0
 11
366.087241
 21
-133.4325
 31
0.0
  0
LINE
  5
6B0
330
1F
100
AcDbEntity
  8
Edge.Cuts
100
AcDbLine
 10
366.087241
 20
-133.4325
 30
0.0
 11
366.106375
 21
-133.436306
 31
0.0
  0
LINE
  5
6B1
330
1F
100
AcDbEntity
  8
Edge.Cuts
100
AcDbLine
 10
366.106375
 20
-133.436306
 30
0.0
 11
366.133435
 21
-133.463366
 31
0.0
  0
LINE
  5
6B2
330
1F
100
AcDbEntity
  8
Edge.Cuts
100
AcDbLine
 10
366.133435
 20
-133.463366
 30
0.0
 11
366.137241
 21
-133.4825
 31
0.0
  0
LINE
  5
6B3
330
1F
100
AcDbEntity
  8
Edge.Cuts
100
AcDbLine
 10
366.137241
 20
-133.4825
 30
0.0
 11
366.137241
 21
-147.4825
 31
0.0
  0
LINE
  5
6B4
330
1F
100
AcDbEntity
  8
Edge.Cuts
100
AcDbLine
 10
366.137241
 20
-147.4825
 30
0.0
 11
366.133435
 21
-147.501634
 31
0.0
  0
LINE
  5
6B5
330
1F
100
AcDbEntity
  8
Edge.Cuts
100
AcDbLine
 10
366.133435
 20
-147.501634
 30
0.0
 11
366.106375
 21
-147.528694
 31
0.0
  0
LINE
  5
6B6
330
1F
100
AcDbEntity
  8
Edge.Cuts
100
AcDbLine
 10
366.106375
 20
-147.528694
 30
0.0
 11
366.087241
 21
-147.5325
 31
0.0
  0
LINE
  5
6B7
330
1F
100
AcDbEntity
  8
Edge.Cuts
100
AcDbLine
 10
366.087241
 20
-147.5325
 30
0.0
 11
352.087241
 21
-147.5325
 31
0.0
  0
LINE
  5
6B8
330
1F
100
AcDbEntity
  8
Edge.Cuts
100
AcDbLine
 10
352.087241
 20
-147.5325
 30
0.0
 11
352.0681069999999
 21
-147.528694
 31
0.0
  0
LINE
  5
6B9
330
1F
100
AcDbEntity
  8
Edge.Cuts
100
AcDbLine
 10
352.0681069999999
 20
-147.528694
 30
0.0
 11
352.041047
 21
-147.501634
 31
0.0
  0
LINE
  5
6BA
330
1F
100
AcDbEntity
  8
Edge.Cuts
100
AcDbLine
 10
352.041047
 20
-147.501634
 30
0.0
 11
352.037241
 21
-147.4825
 31
0.0
  0
LINE
  5
6BB
330
1F
100
AcDbEntity
  8
Edge.Cuts
100
AcDbLine
 10
352.037241
 20
-147.4825
 30
0.0
 11
352.037241
 21
-133.4825
 31
0.0
  0
LINE
  5
6BC
330
1F
100
AcDbEntity
  8
Edge.Cuts
100
AcDbLine
 10
352.0372410000001
 20
-133.4825
 30
0.0
 11
352.041047
 21
-133.463366
 31
0.0
  0
LINE
  5
6BD
330
1F
100
AcDbEntity
  8
Edge.Cuts
100
AcDbLine
 10
352.041047
 20
-133.463366
 30
0.0
 11
352.0681069999999
 21
-133.436306
 31
0.0
  0
LINE
  5
6BE
330
1F
100
AcDbEntity
  8
Edge.Cuts
100
AcDbLine
 10
352.0681069999999
 20
-133.436306
 30
0.0
 11
352.087241
 21
-133.4325
 31
0.0
  0
LINE
  5
6BF
330
1F
100
AcDbEntity
  8
Edge.Cuts
100
AcDbLine
 10
328.037241
 20
-119.195
 30
0.0
 11
328.037241
 21
-133.195
 31
0.0
  0
LINE
  5
6C0
330
1F
100
AcDbEntity
  8
Edge.Cuts
100
AcDbLine
 10
328.0372409999999
 20
-133.195
 30
0.0
 11
328.0334349999999
 21
-133.214134
 31
0.0
  0
LINE
  5
6C1
330
1F
100
AcDbEntity
  8
Edge.Cuts
100
AcDbLine
 10
328.033435
 20
-133.214134
 30
0.0
 11
328.006375
 21
-133.241194
 31
0.0
  0
LINE
  5
6C2
330
1F
100
AcDbEntity
  8
Edge.Cuts
100
AcDbLine
 10
328.006375
 20
-133.241194
 30
0.0
 11
327.987241
 21
-133.245
 31
0.0
  0
LINE
  5
6C3
330
1F
100
AcDbEntity
  8
Edge.Cuts
100
AcDbLine
 10
327.987241
 20
-133.245
 30
0.0
 11
313.987241
 21
-133.245
 31
0.0
  0
LINE
  5
6C4
330
1F
100
AcDbEntity
  8
Edge.Cuts
100
AcDbLine
 10
313.987241
 20
-133.245
 30
0.0
 11
313.968107
 21
-133.241194
 31
0.0
  0
LINE
  5
6C5
330
1F
100
AcDbEntity
  8
Edge.Cuts
100
AcDbLine
 10
313.968107
 20
-133.241194
 30
0.0
 11
313.941047
 21
-133.214134
 31
0.0
  0
LINE
  5
6C6
330
1F
100
AcDbEntity
  8
Edge.Cuts
100
AcDbLine
 10
313.941047
 20
-133.214134
 30
0.0
 11
313.937241
 21
-133.195
 31
0.0
  0
LINE
  5
6C7
330
1F
100
AcDbEntity
  8
Edge.Cuts
100
AcDbLine
 10
313.937241
 20
-133.195
 30
0.0
 11
313.937241
 21
-119.195
 31
0.0
  0
LINE
  5
6C8
330
1F
100
AcDbEntity
  8
Edge.Cuts
100
AcDbLine
 10
313.937241
 20
-119.195
 30
0.0
 11
313.941047
 21
-119.175866
 31
0.0
  0
LINE
  5
6C9
330
1F
100
AcDbEntity
  8
Edge.Cuts
100
AcDbLine
 10
313.941047
 20
-119.175866
 30
0.0
 11
313.968107
 21
-119.148806
 31
0.0
  0
LINE
  5
6CA
330
1F
100
AcDbEntity
  8
Edge.Cuts
100
AcDbLine
 10
313.968107
 20
-119.148806
 30
0.0
 11
313.987241
 21
-119.145
 31
0.0
  0
LINE
  5
6CB
330
1F
100
AcDbEntity
  8
Edge.Cuts
100
AcDbLine
 10
313.987241
 20
-119.145
 30
0.0
 11
327.987241
 21
-119.145
 31
0.0
  0
LINE
  5
6CC
330
1F
100
AcDbEntity
  8
Edge.Cuts
100
AcDbLine
 10
327.987241
 20
-119.145
 30
0.0
 11
328.006375
 21
-119.148806
 31
0.0
  0
LINE
  5
6CD
330
1F
100
AcDbEntity
  8
Edge.Cuts
100
AcDbLine
 10
328.006375
 20
-119.148806
 30
0.0
 11
328.033435
 21
-119.175866
 31
0.0
  0
LINE
  5
6CE
330
1F
100
AcDbEntity
  8
Edge.Cuts
100
AcDbLine
 10
328.0334349999999
 20
-119.175866
 30
0.0
 11
328.0372409999999
 21
-119.195
 31
0.0
  0
LINE
  5
6CF
330
1F
100
AcDbEntity
  8
Edge.Cuts
100
AcDbLine
 10
313.937241
 20
-114.145
 30
0.0
 11
313.937241
 21
-100.145
 31
0.0
  0
LINE
  5
6D0
330
1F
100
AcDbEntity
  8
Edge.Cuts
100
AcDbLine
 10
313.937241
 20
-100.145
 30
0.0
 11
313.941047
 21
-100.125866
 31
0.0
  0
LINE
  5
6D1
330
1F
100
AcDbEntity
  8
Edge.Cuts
100
AcDbLine
 10
313.941047
 20
-100.125866
 30
0.0
 11
313.968107
 21
-100.098806
 31
0.0
  0
LINE
  5
6D2
330
1F
100
AcDbEntity
  8
Edge.Cuts
100
AcDbLine
 10
313.968107
 20
-100.098806
 30
0.0
 11
313.987241
 21
-100.095
 31
0.0
  0
LINE
  5
6D3
330
1F
100
AcDbEntity
  8
Edge.Cuts
100
AcDbLine
 10
313.987241
 20
-100.095
 30
0.0
 11
327.987241
 21
-100.095
 31
0.0
  0
LINE
  5
6D4
330
1F
100
AcDbEntity
  8
Edge.Cuts
100
AcDbLine
 10
327.987241
 20
-100.095
 30
0.0
 11
328.006375
 21
-100.098806
 31
0.0
  0
LINE
  5
6D5
330
1F
100
AcDbEntity
  8
Edge.Cuts
100
AcDbLine
 10
328.006375
 20
-100.098806
 30
0.0
 11
328.033435
 21
-100.125866
 31
0.0
  0
LINE
  5
6D6
330
1F
100
AcDbEntity
  8
Edge.Cuts
100
AcDbLine
 10
328.033435
 20
-100.125866
 30
0.0
 11
328.037241
 21
-100.145
 31
0.0
  0
LINE
  5
6D7
330
1F
100
AcDbEntity
  8
Edge.Cuts
100
AcDbLine
 10
328.037241
 20
-100.145
 30
0.0
 11
328.037241
 21
-114.145
 31
0.0
  0
LINE
  5
6D8
330
1F
100
AcDbEntity
  8
Edge.Cuts
100
AcDbLine
 10
328.037241
 20
-114.145
 30
0.0
 11
328.033435
 21
-114.164134
 31
0.0
  0
LINE
  5
6D9
330
1F
100
AcDbEntity
  8
Edge.Cuts
100
AcDbLine
 10
328.033435
 20
-114.164134
 30
0.0
 11
328.006375
 21
-114.191194
 31
0.0
  0
LINE
  5
6DA
330
1F
100
AcDbEntity
  8
Edge.Cuts
100
AcDbLine
 10
328.006375
 20
-114.191194
 30
0.0
 11
327.987241
 21
-114.195
 31
0.0
  0
LINE
  5
6DB
330
1F
100
AcDbEntity
  8
Edge.Cuts
100
AcDbLine
 10
327.987241
 20
-114.195
 30
0.0
 11
313.987241
 21
-114.195
 31
0.0
  0
LINE
  5
6DC
330
1F
100
AcDbEntity
  8
Edge.Cuts
100
AcDbLine
 10
313.987241
 20
-114.195
 30
0.0
 11
313.968107
 21
-114.191194
 31
0.0
  0
LINE
  5
6DD
330
1F
100
AcDbEntity
  8
Edge.Cuts
100
AcDbLine
 10
313.968107
 20
-114.191194
 30
0.0
 11
313.941047
 21
-114.164134
 31
0.0
  0
LINE
  5
6DE
330
1F
100
AcDbEntity
  8
Edge.Cuts
100
AcDbLine
 10
313.941047
 20
-114.164134
 30
0.0
 11
313.937241
 21
-114.145
 31
0.0
  0
LINE
  5
6DF
330
1F
100
AcDbEntity
  8
Edge.Cuts
100
AcDbLine
 10
289.887241
 20
-114.195
 30
0.0
 11
275.887241
 21
-114.195
 31
0.0
  0
LINE
  5
6E0
330
1F
100
AcDbEntity
  8
Edge.Cuts
100
AcDbLine
 10
275.887241
 20
-114.195
 30
0.0
 11
275.868107
 21
-114.191194
 31
0.0
  0
LINE
  5
6E1
330
1F
100
AcDbEntity
  8
Edge.Cuts
100
AcDbLine
 10
275.868107
 20
-114.191194
 30
0.0
 11
275.841047
 21
-114.164134
 31
0.0
  0
LINE
  5
6E2
330
1F
100
AcDbEntity
  8
Edge.Cuts
100
AcDbLine
 10
275.841047
 20
-114.164134
 30
0.0
 11
275.8372409999999
 21
-114.145
 31
0.0
  0
LINE
  5
6E3
330
1F
100
AcDbEntity
  8
Edge.Cuts
100
AcDbLine
 10
275.8372409999999
 20
-114.145
 30
0.0
 11
275.8372409999999
 21
-100.145
 31
0.0
  0
LINE
  5
6E4
330
1F
100
AcDbEntity
  8
Edge.Cuts
100
AcDbLine
 10
275.8372409999999
 20
-100.145
 30
0.0
 11
275.841047
 21
-100.125866
 31
0.0
  0
LINE
  5
6E5
330
1F
100
AcDbEntity
  8
Edge.Cuts
100
AcDbLine
 10
275.841047
 20
-100.125866
 30
0.0
 11
275.868107
 21
-100.098806
 31
0.0
  0
LINE
  5
6E6
330
1F
100
AcDbEntity
  8
Edge.Cuts
100
AcDbLine
 10
275.868107
 20
-100.098806
 30
0.0
 11
275.887241
 21
-100.095
 31
0.0
  0
LINE
  5
6E7
330
1F
100
AcDbEntity
  8
Edge.Cuts
100
AcDbLine
 10
275.887241
 20
-100.095
 30
0.0
 11
289.887241
 21
-100.095
 31
0.0
  0
LINE
  5
6E8
330
1F
100
AcDbEntity
  8
Edge.Cuts
100
AcDbLine
 10
289.887241
 20
-100.095
 30
0.0
 11
289.906375
 21
-100.098806
 31
0.0
  0
LINE
  5
6E9
330
1F
100
AcDbEntity
  8
Edge.Cuts
100
AcDbLine
 10
289.906375
 20
-100.098806
 30
0.0
 11
289.933435
 21
-100.125866
 31
0.0
  0
LINE
  5
6EA
330
1F
100
AcDbEntity
  8
Edge.Cuts
100
AcDbLine
 10
289.933435
 20
-100.125866
 30
0.0
 11
289.937241
 21
-100.145
 31
0.0
  0
LINE
  5
6EB
330
1F
100
AcDbEntity
  8
Edge.Cuts
100
AcDbLine
 10
289.937241
 20
-100.145
 30
0.0
 11
289.937241
 21
-114.145
 31
0.0
  0
LINE
  5
6EC
330
1F
100
AcDbEntity
  8
Edge.Cuts
100
AcDbLine
 10
289.937241
 20
-114.145
 30
0.0
 11
289.933435
 21
-114.164134
 31
0.0
  0
LINE
  5
6ED
330
1F
100
AcDbEntity
  8
Edge.Cuts
100
AcDbLine
 10
289.933435
 20
-114.164134
 30
0.0
 11
289.906375
 21
-114.191194
 31
0.0
  0
LINE
  5
6EE
330
1F
100
AcDbEntity
  8
Edge.Cuts
100
AcDbLine
 10
289.906375
 20
-114.191194
 30
0.0
 11
289.887241
 21
-114.195
 31
0.0
  0
LINE
  5
6EF
330
1F
100
AcDbEntity
  8
Edge.Cuts
100
AcDbLine
 10
289.937241
 20
-119.195
 30
0.0
 11
289.937241
 21
-133.195
 31
0.0
  0
LINE
  5
6F0
330
1F
100
AcDbEntity
  8
Edge.Cuts
100
AcDbLine
 10
289.9372409999999
 20
-133.195
 30
0.0
 11
289.9334349999999
 21
-133.214134
 31
0.0
  0
LINE
  5
6F1
330
1F
100
AcDbEntity
  8
Edge.Cuts
100
AcDbLine
 10
289.933435
 20
-133.214134
 30
0.0
 11
289.906375
 21
-133.241194
 31
0.0
  0
LINE
  5
6F2
330
1F
100
AcDbEntity
  8
Edge.Cuts
100
AcDbLine
 10
289.906375
 20
-133.241194
 30
0.0
 11
289.887241
 21
-133.245
 31
0.0
  0
LINE
  5
6F3
330
1F
100
AcDbEntity
  8
Edge.Cuts
100
AcDbLine
 10
289.887241
 20
-133.245
 30
0.0
 11
275.887241
 21
-133.245
 31
0.0
  0
LINE
  5
6F4
330
1F
100
AcDbEntity
  8
Edge.Cuts
100
AcDbLine
 10
275.887241
 20
-133.245
 30
0.0
 11
275.868107
 21
-133.241194
 31
0.0
  0
LINE
  5
6F5
330
1F
100
AcDbEntity
  8
Edge.Cuts
100
AcDbLine
 10
275.868107
 20
-133.241194
 30
0.0
 11
275.841047
 21
-133.214134
 31
0.0
  0
LINE
  5
6F6
330
1F
100
AcDbEntity
  8
Edge.Cuts
100
AcDbLine
 10
275.8410470000001
 20
-133.214134
 30
0.0
 11
275.8372409999999
 21
-133.195
 31
0.0
  0
LINE
  5
6F7
330
1F
100
AcDbEntity
  8
Edge.Cuts
100
AcDbLine
 10
275.8372409999999
 20
-133.195
 30
0.0
 11
275.8372409999999
 21
-119.195
 31
0.0
  0
LINE
  5
6F8
330
1F
100
AcDbEntity
  8
Edge.Cuts
100
AcDbLine
 10
275.8372409999999
 20
-119.195
 30
0.0
 11
275.8410470000001
 21
-119.175866
 31
0.0
  0
LINE
  5
6F9
330
1F
100
AcDbEntity
  8
Edge.Cuts
100
AcDbLine
 10
275.841047
 20
-119.175866
 30
0.0
 11
275.868107
 21
-119.148806
 31
0.0
  0
LINE
  5
6FA
330
1F
100
AcDbEntity
  8
Edge.Cuts
100
AcDbLine
 10
275.868107
 20
-119.148806
 30
0.0
 11
275.887241
 21
-119.145
 31
0.0
  0
LINE
  5
6FB
330
1F
100
AcDbEntity
  8
Edge.Cuts
100
AcDbLine
 10
275.887241
 20
-119.145
 30
0.0
 11
289.887241
 21
-119.145
 31
0.0
  0
LINE
  5
6FC
330
1F
100
AcDbEntity
  8
Edge.Cuts
100
AcDbLine
 10
289.887241
 20
-119.145
 30
0.0
 11
289.906375
 21
-119.148806
 31
0.0
  0
LINE
  5
6FD
330
1F
100
AcDbEntity
  8
Edge.Cuts
100
AcDbLine
 10
289.906375
 20
-119.148806
 30
0.0
 11
289.933435
 21
-119.175866
 31
0.0
  0
LINE
  5
6FE
330
1F
100
AcDbEntity
  8
Edge.Cuts
100
AcDbLine
 10
289.9334349999999
 20
-119.175866
 30
0.0
 11
289.9372409999999
 21
-119.195
 31
0.0
  0
LINE
  5
6FF
330
1F
100
AcDbEntity
  8
Edge.Cuts
100
AcDbLine
 10
294.887241
 20
-128.4325
 30
0.0
 11
294.887241
 21
-114.4325
 31
0.0
  0
LINE
  5
700
330
1F
100
AcDbEntity
  8
Edge.Cuts
100
AcDbLine
 10
294.887241
 20
-114.4325
 30
0.0
 11
294.891047
 21
-114.413366
 31
0.0
  0
LINE
  5
701
330
1F
100
AcDbEntity
  8
Edge.Cuts
100
AcDbLine
 10
294.891047
 20
-114.413366
 30
0.0
 11
294.918107
 21
-114.386306
 31
0.0
  0
LINE
  5
702
330
1F
100
AcDbEntity
  8
Edge.Cuts
100
AcDbLine
 10
294.918107
 20
-114.386306
 30
0.0
 11
294.937241
 21
-114.3825
 31
0.0
  0
LINE
  5
703
330
1F
100
AcDbEntity
  8
Edge.Cuts
100
AcDbLine
 10
294.937241
 20
-114.3825
 30
0.0
 11
308.937241
 21
-114.3825
 31
0.0
  0
LINE
  5
704
330
1F
100
AcDbEntity
  8
Edge.Cuts
100
AcDbLine
 10
308.937241
 20
-114.3825
 30
0.0
 11
308.956375
 21
-114.386306
 31
0.0
  0
LINE
  5
705
330
1F
100
AcDbEntity
  8
Edge.Cuts
100
AcDbLine
 10
308.956375
 20
-114.386306
 30
0.0
 11
308.983435
 21
-114.413366
 31
0.0
  0
LINE
  5
706
330
1F
100
AcDbEntity
  8
Edge.Cuts
100
AcDbLine
 10
308.983435
 20
-114.413366
 30
0.0
 11
308.987241
 21
-114.4325
 31
0.0
  0
LINE
  5
707
330
1F
100
AcDbEntity
  8
Edge.Cuts
100
AcDbLine
 10
308.987241
 20
-114.4325
 30
0.0
 11
308.987241
 21
-128.4325
 31
0.0
  0
LINE
  5
708
330
1F
100
AcDbEntity
  8
Edge.Cuts
100
AcDbLine
 10
308.9872409999999
 20
-128.4325
 30
0.0
 11
308.9834349999999
 21
-128.451634
 31
0.0
  0
LINE
  5
709
330
1F
100
AcDbEntity
  8
Edge.Cuts
100
AcDbLine
 10
308.983435
 20
-128.451634
 30
0.0
 11
308.956375
 21
-128.478694
 31
0.0
  0
LINE
  5
70A
330
1F
100
AcDbEntity
  8
Edge.Cuts
100
AcDbLine
 10
308.956375
 20
-128.478694
 30
0.0
 11
308.937241
 21
-128.4825
 31
0.0
  0
LINE
  5
70B
330
1F
100
AcDbEntity
  8
Edge.Cuts
100
AcDbLine
 10
308.937241
 20
-128.4825
 30
0.0
 11
294.937241
 21
-128.4825
 31
0.0
  0
LINE
  5
70C
330
1F
100
AcDbEntity
  8
Edge.Cuts
100
AcDbLine
 10
294.937241
 20
-128.4825
 30
0.0
 11
294.918107
 21
-128.478694
 31
0.0
  0
LINE
  5
70D
330
1F
100
AcDbEntity
  8
Edge.Cuts
100
AcDbLine
 10
294.918107
 20
-128.478694
 30
0.0
 11
294.891047
 21
-128.451634
 31
0.0
  0
LINE
  5
70E
330
1F
100
AcDbEntity
  8
Edge.Cuts
100
AcDbLine
 10
294.891047
 20
-128.451634
 30
0.0
 11
294.887241
 21
-128.4325
 31
0.0
  0
LINE
  5
70F
330
1F
100
AcDbEntity
  8
Edge.Cuts
100
AcDbLine
 10
275.887241
 20
-138.195
 30
0.0
 11
289.887241
 21
-138.195
 31
0.0
  0
LINE
  5
710
330
1F
100
AcDbEntity
  8
Edge.Cuts
100
AcDbLine
 10
289.887241
 20
-138.195
 30
0.0
 11
289.906375
 21
-138.198806
 31
0.0
  0
LINE
  5
711
330
1F
100
AcDbEntity
  8
Edge.Cuts
100
AcDbLine
 10
289.906375
 20
-138.198806
 30
0.0
 11
289.933435
 21
-138.225866
 31
0.0
  0
LINE
  5
712
330
1F
100
AcDbEntity
  8
Edge.Cuts
100
AcDbLine
 10
289.9334349999999
 20
-138.225866
 30
0.0
 11
289.9372409999999
 21
-138.245
 31
0.0
  0
LINE
  5
713
330
1F
100
AcDbEntity
  8
Edge.Cuts
100
AcDbLine
 10
289.937241
 20
-138.245
 30
0.0
 11
289.937241
 21
-152.245
 31
0.0
  0
LINE
  5
714
330
1F
100
AcDbEntity
  8
Edge.Cuts
100
AcDbLine
 10
289.9372409999999
 20
-152.245
 30
0.0
 11
289.9334349999999
 21
-152.264134
 31
0.0
  0
LINE
  5
715
330
1F
100
AcDbEntity
  8
Edge.Cuts
100
AcDbLine
 10
289.933435
 20
-152.264134
 30
0.0
 11
289.906375
 21
-152.291194
 31
0.0
  0
LINE
  5
716
330
1F
100
AcDbEntity
  8
Edge.Cuts
100
AcDbLine
 10
289.906375
 20
-152.291194
 30
0.0
 11
289.887241
 21
-152.295
 31
0.0
  0
LINE
  5
717
330
1F
100
AcDbEntity
  8
Edge.Cuts
100
AcDbLine
 10
289.887241
 20
-152.295
 30
0.0
 11
275.887241
 21
-152.295
 31
0.0
  0
LINE
  5
718
330
1F
100
AcDbEntity
  8
Edge.Cuts
100
AcDbLine
 10
275.887241
 20
-152.295
 30
0.0
 11
275.868107
 21
-152.291194
 31
0.0
  0
LINE
  5
719
330
1F
100
AcDbEntity
  8
Edge.Cuts
100
AcDbLine
 10
275.868107
 20
-152.291194
 30
0.0
 11
275.841047
 21
-152.264134
 31
0.0
  0
LINE
  5
71A
330
1F
100
AcDbEntity
  8
Edge.Cuts
100
AcDbLine
 10
275.8410470000001
 20
-152.264134
 30
0.0
 11
275.8372409999999
 21
-152.245
 31
0.0
  0
LINE
  5
71B
330
1F
100
AcDbEntity
  8
Edge.Cuts
100
AcDbLine
 10
275.8372409999999
 20
-152.245
 30
0.0
 11
275.8372409999999
 21
-138.245
 31
0.0
  0
LINE
  5
71C
330
1F
100
AcDbEntity
  8
Edge.Cuts
100
AcDbLine
 10
275.8372409999999
 20
-138.245
 30
0.0
 11
275.8410470000001
 21
-138.225866
 31
0.0
  0
LINE
  5
71D
330
1F
100
AcDbEntity
  8
Edge.Cuts
100
AcDbLine
 10
275.841047
 20
-138.225866
 30
0.0
 11
275.868107
 21
-138.198806
 31
0.0
  0
LINE
  5
71E
330
1F
100
AcDbEntity
  8
Edge.Cuts
100
AcDbLine
 10
275.868107
 20
-138.198806
 30
0.0
 11
275.887241
 21
-138.195
 31
0.0
  0
LINE
  5
71F
330
1F
100
AcDbEntity
  8
Edge.Cuts
100
AcDbLine
 10
277.792241
 20
-162.96
 30
0.0
 11
291.792241
 21
-162.96
 31
0.0
  0
LINE
  5
720
330
1F
100
AcDbEntity
  8
Edge.Cuts
100
AcDbLine
 10
291.792241
 20
-162.96
 30
0.0
 11
291.811375
 21
-162.963806
 31
0.0
  0
LINE
  5
721
330
1F
100
AcDbEntity
  8
Edge.Cuts
100
AcDbLine
 10
291.811375
 20
-162.963806
 30
0.0
 11
291.838435
 21
-162.990866
 31
0.0
  0
LINE
  5
722
330
1F
100
AcDbEntity
  8
Edge.Cuts
100
AcDbLine
 10
291.838435
 20
-162.990866
 30
0.0
 11
291.842241
 21
-163.01
 31
0.0
  0
LINE
  5
723
330
1F
100
AcDbEntity
  8
Edge.Cuts
100
AcDbLine
 10
291.842241
 20
-163.01
 30
0.0
 11
291.842241
 21
-177.01
 31
0.0
  0
LINE
  5
724
330
1F
100
AcDbEntity
  8
Edge.Cuts
100
AcDbLine
 10
291.8422409999999
 20
-177.01
 30
0.0
 11
291.8384349999999
 21
-177.029134
 31
0.0
  0
LINE
  5
725
330
1F
100
AcDbEntity
  8
Edge.Cuts
100
AcDbLine
 10
291.838435
 20
-177.029134
 30
0.0
 11
291.811375
 21
-177.056194
 31
0.0
  0
LINE
  5
726
330
1F
100
AcDbEntity
  8
Edge.Cuts
100
AcDbLine
 10
291.811375
 20
-177.056194
 30
0.0
 11
291.792241
 21
-177.06
 31
0.0
  0
LINE
  5
727
330
1F
100
AcDbEntity
  8
Edge.Cuts
100
AcDbLine
 10
291.792241
 20
-177.06
 30
0.0
 11
277.792241
 21
-177.06
 31
0.0
  0
LINE
  5
728
330
1F
100
AcDbEntity
  8
Edge.Cuts
100
AcDbLine
 10
277.792241
 20
-177.06
 30
0.0
 11
277.773107
 21
-177.056194
 31
0.0
  0
LINE
  5
729
330
1F
100
AcDbEntity
  8
Edge.Cuts
100
AcDbLine
 10
277.773107
 20
-177.056194
 30
0.0
 11
277.746047
 21
-177.029134
 31
0.0
  0
LINE
  5
72A
330
1F
100
AcDbEntity
  8
Edge.Cuts
100
AcDbLine
 10
277.746047
 20
-177.029134
 30
0.0
 11
277.742241
 21
-177.01
 31
0.0
  0
LINE
  5
72B
330
1F
100
AcDbEntity
  8
Edge.Cuts
100
AcDbLine
 10
277.742241
 20
-177.01
 30
0.0
 11
277.742241
 21
-163.01
 31
0.0
  0
LINE
  5
72C
330
1F
100
AcDbEntity
  8
Edge.Cuts
100
AcDbLine
 10
277.742241
 20
-163.01
 30
0.0
 11
277.746047
 21
-162.990866
 31
0.0
  0
LINE
  5
72D
330
1F
100
AcDbEntity
  8
Edge.Cuts
100
AcDbLine
 10
277.746047
 20
-162.990866
 30
0.0
 11
277.773107
 21
-162.963806
 31
0.0
  0
LINE
  5
72E
330
1F
100
AcDbEntity
  8
Edge.Cuts
100
AcDbLine
 10
277.773107
 20
-162.963806
 30
0.0
 11
277.792241
 21
-162.96
 31
0.0
  0
LINE
  5
72F
330
1F
100
AcDbEntity
  8
Edge.Cuts
100
AcDbLine
 10
270.887241
 20
-104.9075
 30
0.0
 11
270.887241
 21
-118.9075
 31
0.0
  0
LINE
  5
730
330
1F
100
AcDbEntity
  8
Edge.Cuts
100
AcDbLine
 10
270.887241
 20
-118.9075
 30
0.0
 11
270.883435
 21
-118.926634
 31
0.0
  0
LINE
  5
731
330
1F
100
AcDbEntity
  8
Edge.Cuts
100
AcDbLine
 10
270.883435
 20
-118.926634
 30
0.0
 11
270.856375
 21
-118.953694
 31
0.0
  0
LINE
  5
732
330
1F
100
AcDbEntity
  8
Edge.Cuts
100
AcDbLine
 10
270.856375
 20
-118.953694
 30
0.0
 11
270.837241
 21
-118.9575
 31
0.0
  0
LINE
  5
733
330
1F
100
AcDbEntity
  8
Edge.Cuts
100
AcDbLine
 10
270.837241
 20
-118.9575
 30
0.0
 11
256.8372410000001
 21
-118.9575
 31
0.0
  0
LINE
  5
734
330
1F
100
AcDbEntity
  8
Edge.Cuts
100
AcDbLine
 10
256.8372410000001
 20
-118.9575
 30
0.0
 11
256.8181069999999
 21
-118.953694
 31
0.0
  0
LINE
  5
735
330
1F
100
AcDbEntity
  8
Edge.Cuts
100
AcDbLine
 10
256.8181069999999
 20
-118.953694
 30
0.0
 11
256.791047
 21
-118.926634
 31
0.0
  0
LINE
  5
736
330
1F
100
AcDbEntity
  8
Edge.Cuts
100
AcDbLine
 10
256.791047
 20
-118.926634
 30
0.0
 11
256.7872409999999
 21
-118.9075
 31
0.0
  0
LINE
  5
737
330
1F
100
AcDbEntity
  8
Edge.Cuts
100
AcDbLine
 10
256.7872409999999
 20
-118.9075
 30
0.0
 11
256.7872409999999
 21
-104.9075
 31
0.0
  0
LINE
  5
738
330
1F
100
AcDbEntity
  8
Edge.Cuts
100
AcDbLine
 10
256.7872409999999
 20
-104.9075
 30
0.0
 11
256.791047
 21
-104.888366
 31
0.0
  0
LINE
  5
739
330
1F
100
AcDbEntity
  8
Edge.Cuts
100
AcDbLine
 10
256.791047
 20
-104.888366
 30
0.0
 11
256.8181069999999
 21
-104.861306
 31
0.0
  0
LINE
  5
73A
330
1F
100
AcDbEntity
  8
Edge.Cuts
100
AcDbLine
 10
256.8181069999999
 20
-104.861306
 30
0.0
 11
256.8372410000001
 21
-104.8575
 31
0.0
  0
LINE
  5
73B
330
1F
100
AcDbEntity
  8
Edge.Cuts
100
AcDbLine
 10
256.8372410000001
 20
-104.8575
 30
0.0
 11
270.837241
 21
-104.8575
 31
0.0
  0
LINE
  5
73C
330
1F
100
AcDbEntity
  8
Edge.Cuts
100
AcDbLine
 10
270.837241
 20
-104.8575
 30
0.0
 11
270.856375
 21
-104.861306
 31
0.0
  0
LINE
  5
73D
330
1F
100
AcDbEntity
  8
Edge.Cuts
100
AcDbLine
 10
270.856375
 20
-104.861306
 30
0.0
 11
270.883435
 21
-104.888366
 31
0.0
  0
LINE
  5
73E
330
1F
100
AcDbEntity
  8
Edge.Cuts
100
AcDbLine
 10
270.8834350000001
 20
-104.888366
 30
0.0
 11
270.8872410000001
 21
-104.9075
 31
0.0
  0
LINE
  5
73F
330
1F
100
AcDbEntity
  8
Edge.Cuts
100
AcDbLine
 10
240.301185
 20
-190.242611
 30
0.0
 11
233.513851
 21
-177.997934
 31
0.0
  0
LINE
  5
740
330
1F
100
AcDbEntity
  8
Edge.Cuts
100
AcDbLine
 10
233.513851
 20
-177.997934
 30
0.0
 11
233.507903
 21
-177.979354
 31
0.0
  0
LINE
  5
741
330
1F
100
AcDbEntity
  8
Edge.Cuts
100
AcDbLine
 10
233.507903
 20
-177.979354
 30
0.0
 11
233.518452
 21
-177.942568
 31
0.0
  0
LINE
  5
742
330
1F
100
AcDbEntity
  8
Edge.Cuts
100
AcDbLine
 10
233.518452
 20
-177.942568
 30
0.0
 11
233.533342
 21
-177.929963
 31
0.0
  0
LINE
  5
743
330
1F
100
AcDbEntity
  8
Edge.Cuts
100
AcDbLine
 10
233.533342
 20
-177.929963
 30
0.0
 11
245.778018
 21
-171.142629
 31
0.0
  0
LINE
  5
744
330
1F
100
AcDbEntity
  8
Edge.Cuts
100
AcDbLine
 10
245.778018
 20
-171.142629
 30
0.0
 11
245.796598
 21
-171.136681
 31
0.0
  0
LINE
  5
745
330
1F
100
AcDbEntity
  8
Edge.Cuts
100
AcDbLine
 10
245.796598
 20
-171.136681
 30
0.0
 11
245.833384
 21
-171.14723
 31
0.0
  0
LINE
  5
746
330
1F
100
AcDbEntity
  8
Edge.Cuts
100
AcDbLine
 10
245.833384
 20
-171.14723
 30
0.0
 11
245.845989
 21
-171.16212
 31
0.0
  0
LINE
  5
747
330
1F
100
AcDbEntity
  8
Edge.Cuts
100
AcDbLine
 10
245.845989
 20
-171.16212
 30
0.0
 11
252.633323
 21
-183.406796
 31
0.0
  0
LINE
  5
748
330
1F
100
AcDbEntity
  8
Edge.Cuts
100
AcDbLine
 10
252.633323
 20
-183.406796
 30
0.0
 11
252.639271
 21
-183.425376
 31
0.0
  0
LINE
  5
749
330
1F
100
AcDbEntity
  8
Edge.Cuts
100
AcDbLine
 10
252.639271
 20
-183.425376
 30
0.0
 11
252.628722
 21
-183.462162
 31
0.0
  0
LINE
  5
74A
330
1F
100
AcDbEntity
  8
Edge.Cuts
100
AcDbLine
 10
252.628722
 20
-183.462162
 30
0.0
 11
252.6138329999999
 21
-183.474767
 31
0.0
  0
LINE
  5
74B
330
1F
100
AcDbEntity
  8
Edge.Cuts
100
AcDbLine
 10
252.6138329999999
 20
-183.474767
 30
0.0
 11
240.369156
 21
-190.2621010000001
 31
0.0
  0
LINE
  5
74C
330
1F
100
AcDbEntity
  8
Edge.Cuts
100
AcDbLine
 10
240.369156
 20
-190.262101
 30
0.0
 11
240.350576
 21
-190.268049
 31
0.0
  0
LINE
  5
74D
330
1F
100
AcDbEntity
  8
Edge.Cuts
100
AcDbLine
 10
240.350576
 20
-190.268049
 30
0.0
 11
240.31379
 21
-190.2575
 31
0.0
  0
LINE
  5
74E
330
1F
100
AcDbEntity
  8
Edge.Cuts
100
AcDbLine
 10
240.31379
 20
-190.2575
 30
0.0
 11
240.301185
 21
-190.242611
 31
0.0
  0
LINE
  5
74F
330
1F
100
AcDbEntity
  8
Edge.Cuts
100
AcDbLine
 10
270.887241
 20
-143.0075
 30
0.0
 11
270.887241
 21
-157.0075
 31
0.0
  0
LINE
  5
750
330
1F
100
AcDbEntity
  8
Edge.Cuts
100
AcDbLine
 10
270.8872410000001
 20
-157.0075
 30
0.0
 11
270.8834350000001
 21
-157.026634
 31
0.0
  0
LINE
  5
751
330
1F
100
AcDbEntity
  8
Edge.Cuts
100
AcDbLine
 10
270.883435
 20
-157.026634
 30
0.0
 11
270.856375
 21
-157.053694
 31
0.0
  0
LINE
  5
752
330
1F
100
AcDbEntity
  8
Edge.Cuts
100
AcDbLine
 10
270.856375
 20
-157.053694
 30
0.0
 11
270.837241
 21
-157.0575
 31
0.0
  0
LINE
  5
753
330
1F
100
AcDbEntity
  8
Edge.Cuts
100
AcDbLine
 10
270.837241
 20
-157.0575
 30
0.0
 11
256.8372410000001
 21
-157.0575
 31
0.0
  0
LINE
  5
754
330
1F
100
AcDbEntity
  8
Edge.Cuts
100
AcDbLine
 10
256.8372410000001
 20
-157.0575
 30
0.0
 11
256.8181069999999
 21
-157.053694
 31
0.0
  0
LINE
  5
755
330
1F
100
AcDbEntity
  8
Edge.Cuts
100
AcDbLine
 10
256.8181069999999
 20
-157.053694
 30
0.0
 11
256.791047
 21
-157.026634
 31
0.0
  0
LINE
  5
756
330
1F
100
AcDbEntity
  8
Edge.Cuts
100
AcDbLine
 10
256.791047
 20
-157.026634
 30
0.0
 11
256.7872409999999
 21
-157.0075
 31
0.0
  0
LINE
  5
757
330
1F
100
AcDbEntity
  8
Edge.Cuts
100
AcDbLine
 10
256.7872409999999
 20
-157.0075
 30
0.0
 11
256.7872409999999
 21
-143.0075
 31
0.0
  0
LINE
  5
758
330
1F
100
AcDbEntity
  8
Edge.Cuts
100
AcDbLine
 10
256.7872409999999
 20
-143.0075
 30
0.0
 11
256.791047
 21
-142.988366
 31
0.0
  0
LINE
  5
759
330
1F
100
AcDbEntity
  8
Edge.Cuts
100
AcDbLine
 10
256.791047
 20
-142.988366
 30
0.0
 11
256.8181069999999
 21
-142.961306
 31
0.0
  0
LINE
  5
75A
330
1F
100
AcDbEntity
  8
Edge.Cuts
100
AcDbLine
 10
256.8181069999999
 20
-142.961306
 30
0.0
 11
256.8372410000001
 21
-142.9575
 31
0.0
  0
LINE
  5
75B
330
1F
100
AcDbEntity
  8
Edge.Cuts
100
AcDbLine
 10
256.8372410000001
 20
-142.9575
 30
0.0
 11
270.837241
 21
-142.9575
 31
0.0
  0
LINE
  5
75C
330
1F
100
AcDbEntity
  8
Edge.Cuts
100
AcDbLine
 10
270.837241
 20
-142.9575
 30
0.0
 11
270.856375
 21
-142.961306
 31
0.0
  0
LINE
  5
75D
330
1F
100
AcDbEntity
  8
Edge.Cuts
100
AcDbLine
 10
270.856375
 20
-142.961306
 30
0.0
 11
270.883435
 21
-142.988366
 31
0.0
  0
LINE
  5
75E
330
1F
100
AcDbEntity
  8
Edge.Cuts
100
AcDbLine
 10
270.883435
 20
-142.988366
 30
0.0
 11
270.887241
 21
-143.0075
 31
0.0
  0
LINE
  5
75F
330
1F
100
AcDbEntity
  8
Edge.Cuts
100
AcDbLine
 10
256.7872409999999
 20
-137.9575
 30
0.0
 11
256.7872409999999
 21
-123.9575
 31
0.0
  0
LINE
  5
760
330
1F
100
AcDbEntity
  8
Edge.Cuts
100
AcDbLine
 10
256.7872409999999
 20
-123.9575
 30
0.0
 11
256.791047
 21
-123.938366
 31
0.0
  0
LINE
  5
761
330
1F
100
AcDbEntity
  8
Edge.Cuts
100
AcDbLine
 10
256.791047
 20
-123.938366
 30
0.0
 11
256.8181069999999
 21
-123.911306
 31
0.0
  0
LINE
  5
762
330
1F
100
AcDbEntity
  8
Edge.Cuts
100
AcDbLine
 10
256.8181069999999
 20
-123.911306
 30
0.0
 11
256.8372410000001
 21
-123.9075
 31
0.0
  0
LINE
  5
763
330
1F
100
AcDbEntity
  8
Edge.Cuts
100
AcDbLine
 10
256.8372410000001
 20
-123.9075
 30
0.0
 11
270.837241
 21
-123.9075
 31
0.0
  0
LINE
  5
764
330
1F
100
AcDbEntity
  8
Edge.Cuts
100
AcDbLine
 10
270.837241
 20
-123.9075
 30
0.0
 11
270.856375
 21
-123.911306
 31
0.0
  0
LINE
  5
765
330
1F
100
AcDbEntity
  8
Edge.Cuts
100
AcDbLine
 10
270.856375
 20
-123.911306
 30
0.0
 11
270.883435
 21
-123.938366
 31
0.0
  0
LINE
  5
766
330
1F
100
AcDbEntity
  8
Edge.Cuts
100
AcDbLine
 10
270.883435
 20
-123.938366
 30
0.0
 11
270.887241
 21
-123.9575
 31
0.0
  0
LINE
  5
767
330
1F
100
AcDbEntity
  8
Edge.Cuts
100
AcDbLine
 10
270.887241
 20
-123.9575
 30
0.0
 11
270.887241
 21
-137.9575
 31
0.0
  0
LINE
  5
768
330
1F
100
AcDbEntity
  8
Edge.Cuts
100
AcDbLine
 10
270.887241
 20
-137.9575
 30
0.0
 11
270.883435
 21
-137.976634
 31
0.0
  0
LINE
  5
769
330
1F
100
AcDbEntity
  8
Edge.Cuts
100
AcDbLine
 10
270.883435
 20
-137.976634
 30
0.0
 11
270.856375
 21
-138.003694
 31
0.0
  0
LINE
  5
76A
330
1F
100
AcDbEntity
  8
Edge.Cuts
100
AcDbLine
 10
270.856375
 20
-138.003694
 30
0.0
 11
270.837241
 21
-138.0075
 31
0.0
  0
LINE
  5
76B
330
1F
100
AcDbEntity
  8
Edge.Cuts
100
AcDbLine
 10
270.837241
 20
-138.0075
 30
0.0
 11
256.8372410000001
 21
-138.0075
 31
0.0
  0
LINE
  5
76C
330
1F
100
AcDbEntity
  8
Edge.Cuts
100
AcDbLine
 10
256.8372410000001
 20
-138.0075
 30
0.0
 11
256.8181069999999
 21
-138.003694
 31
0.0
  0
LINE
  5
76D
330
1F
100
AcDbEntity
  8
Edge.Cuts
100
AcDbLine
 10
256.8181069999999
 20
-138.003694
 30
0.0
 11
256.791047
 21
-137.976634
 31
0.0
  0
LINE
  5
76E
330
1F
100
AcDbEntity
  8
Edge.Cuts
100
AcDbLine
 10
256.791047
 20
-137.976634
 30
0.0
 11
256.7872409999999
 21
-137.9575
 31
0.0
  0
LINE
  5
76F
330
1F
100
AcDbEntity
  8
Edge.Cuts
100
AcDbLine
 10
271.828392
 20
-177.708045
 30
0.0
 11
258.3054310000001
 21
-181.331512
 31
0.0
  0
LINE
  5
770
330
1F
100
AcDbEntity
  8
Edge.Cuts
100
AcDbLine
 10
258.3054310000001
 20
-181.331512
 30
0.0
 11
258.285968
 21
-181.332787
 31
0.0
  0
LINE
  5
771
330
1F
100
AcDbEntity
  8
Edge.Cuts
100
AcDbLine
 10
258.285968
 20
-181.332787
 30
0.0
 11
258.252826
 21
-181.313652
 31
0.0
  0
LINE
  5
772
330
1F
100
AcDbEntity
  8
Edge.Cuts
100
AcDbLine
 10
258.252826
 20
-181.313652
 30
0.0
 11
258.244198
 21
-181.296155
 31
0.0
  0
LINE
  5
773
330
1F
100
AcDbEntity
  8
Edge.Cuts
100
AcDbLine
 10
258.244198
 20
-181.296155
 30
0.0
 11
254.620731
 21
-167.773194
 31
0.0
  0
LINE
  5
774
330
1F
100
AcDbEntity
  8
Edge.Cuts
100
AcDbLine
 10
254.620731
 20
-167.773194
 30
0.0
 11
254.619455
 21
-167.753727
 31
0.0
  0
LINE
  5
775
330
1F
100
AcDbEntity
  8
Edge.Cuts
100
AcDbLine
 10
254.619455
 20
-167.753727
 30
0.0
 11
254.638589
 21
-167.720585
 31
0.0
  0
LINE
  5
776
330
1F
100
AcDbEntity
  8
Edge.Cuts
100
AcDbLine
 10
254.638589
 20
-167.720585
 30
0.0
 11
254.656086
 21
-167.711957
 31
0.0
  0
LINE
  5
777
330
1F
100
AcDbEntity
  8
Edge.Cuts
100
AcDbLine
 10
254.656086
 20
-167.711957
 30
0.0
 11
268.179047
 21
-164.08849
 31
0.0
  0
LINE
  5
778
330
1F
100
AcDbEntity
  8
Edge.Cuts
100
AcDbLine
 10
268.179047
 20
-164.08849
 30
0.0
 11
268.198513
 21
-164.087214
 31
0.0
  0
LINE
  5
779
330
1F
100
AcDbEntity
  8
Edge.Cuts
100
AcDbLine
 10
268.198513
 20
-164.087214
 30
0.0
 11
268.2316539033704
 21
-164.1063481673651
 31
0.0
  0
LINE
  5
77A
330
1F
100
AcDbEntity
  8
Edge.Cuts
100
AcDbLine
 10
268.2316539033704
 20
-164.1063481673651
 30
0.0
 11
268.2402818558839
 21
-164.1238450710655
 31
0.0
  0
LINE
  5
77B
330
1F
100
AcDbEntity
  8
Edge.Cuts
100
AcDbLine
 10
268.2402818558839
 20
-164.1238450710655
 30
0.0
 11
271.8637488558839
 21
-177.6468060710655
 31
0.0
  0
LINE
  5
77C
330
1F
100
AcDbEntity
  8
Edge.Cuts
100
AcDbLine
 10
271.8637488558839
 20
-177.6468060710655
 30
0.0
 11
271.8650238558839
 21
-177.6662670710655
 31
0.0
  0
LINE
  5
77D
330
1F
100
AcDbEntity
  8
Edge.Cuts
100
AcDbLine
 10
271.8650238558839
 20
-177.6662670710655
 30
0.0
 11
271.845889
 21
-177.699417
 31
0.0
  0
LINE
  5
77E
330
1F
100
AcDbEntity
  8
Edge.Cuts
100
AcDbLine
 10
271.845889
 20
-177.699417
 30
0.0
 11
271.828392
 21
-177.708045
 31
0.0
  0
LINE
  5
77F
330
1F
100
AcDbEntity
  8
Edge.Cuts
100
AcDbLine
 10
294.937241
 20
-133.4325
 30
0.0
 11
308.937241
 21
-133.4325
 31
0.0
  0
LINE
  5
780
330
1F
100
AcDbEntity
  8
Edge.Cuts
100
AcDbLine
 10
308.937241
 20
-133.4325
 30
0.0
 11
308.956375
 21
-133.436306
 31
0.0
  0
LINE
  5
781
330
1F
100
AcDbEntity
  8
Edge.Cuts
100
AcDbLine
 10
308.956375
 20
-133.436306
 30
0.0
 11
308.983435
 21
-133.463366
 31
0.0
  0
LINE
  5
782
330
1F
100
AcDbEntity
  8
Edge.Cuts
100
AcDbLine
 10
308.9834349999999
 20
-133.463366
 30
0.0
 11
308.9872409999999
 21
-133.4825
 31
0.0
  0
LINE
  5
783
330
1F
100
AcDbEntity
  8
Edge.Cuts
100
AcDbLine
 10
308.987241
 20
-133.4825
 30
0.0
 11
308.987241
 21
-147.4825
 31
0.0
  0
LINE
  5
784
330
1F
100
AcDbEntity
  8
Edge.Cuts
100
AcDbLine
 10
308.987241
 20
-147.4825
 30
0.0
 11
308.983435
 21
-147.501634
 31
0.0
  0
LINE
  5
785
330
1F
100
AcDbEntity
  8
Edge.Cuts
100
AcDbLine
 10
308.983435
 20
-147.501634
 30
0.0
 11
308.956375
 21
-147.528694
 31
0.0
  0
LINE
  5
786
330
1F
100
AcDbEntity
  8
Edge.Cuts
100
AcDbLine
 10
308.956375
 20
-147.528694
 30
0.0
 11
308.937241
 21
-147.5325
 31
0.0
  0
LINE
  5
787
330
1F
100
AcDbEntity
  8
Edge.Cuts
100
AcDbLine
 10
308.937241
 20
-147.5325
 30
0.0
 11
294.937241
 21
-147.5325
 31
0.0
  0
LINE
  5
788
330
1F
100
AcDbEntity
  8
Edge.Cuts
100
AcDbLine
 10
294.937241
 20
-147.5325
 30
0.0
 11
294.918107
 21
-147.528694
 31
0.0
  0
LINE
  5
789
330
1F
100
AcDbEntity
  8
Edge.Cuts
100
AcDbLine
 10
294.918107
 20
-147.528694
 30
0.0
 11
294.891047
 21
-147.501634
 31
0.0
  0
LINE
  5
78A
330
1F
100
AcDbEntity
  8
Edge.Cuts
100
AcDbLine
 10
294.891047
 20
-147.501634
 30
0.0
 11
294.887241
 21
-147.4825
 31
0.0
  0
LINE
  5
78B
330
1F
100
AcDbEntity
  8
Edge.Cuts
100
AcDbLine
 10
294.887241
 20
-147.4825
 30
0.0
 11
294.887241
 21
-133.4825
 31
0.0
  0
LINE
  5
78C
330
1F
100
AcDbEntity
  8
Edge.Cuts
100
AcDbLine
 10
294.887241
 20
-133.4825
 30
0.0
 11
294.891047
 21
-133.463366
 31
0.0
  0
LINE
  5
78D
330
1F
100
AcDbEntity
  8
Edge.Cuts
100
AcDbLine
 10
294.891047
 20
-133.463366
 30
0.0
 11
294.918107
 21
-133.436306
 31
0.0
  0
LINE
  5
78E
330
1F
100
AcDbEntity
  8
Edge.Cuts
100
AcDbLine
 10
294.918107
 20
-133.436306
 30
0.0
 11
294.937241
 21
-133.4325
 31
0.0
  0
LINE
  5
78F
330
1F
100
AcDbEntity
  8
Edge.Cuts
100
AcDbLine
 10
294.937241
 20
-95.33249999999998
 30
0.0
 11
308.937241
 21
-95.33249999999998
 31
0.0
  0
LINE
  5
790
330
1F
100
AcDbEntity
  8
Edge.Cuts
100
AcDbLine
 10
308.937241
 20
-95.33249999999998
 30
0.0
 11
308.956375
 21
-95.336306
 31
0.0
  0
LINE
  5
791
330
1F
100
AcDbEntity
  8
Edge.Cuts
100
AcDbLine
 10
308.956375
 20
-95.336306
 30
0.0
 11
308.983435
 21
-95.36336599999998
 31
0.0
  0
LINE
  5
792
330
1F
100
AcDbEntity
  8
Edge.Cuts
100
AcDbLine
 10
308.983435
 20
-95.36336599999998
 30
0.0
 11
308.987241
 21
-95.3825
 31
0.0
  0
LINE
  5
793
330
1F
100
AcDbEntity
  8
Edge.Cuts
100
AcDbLine
 10
308.987241
 20
-95.3825
 30
0.0
 11
308.987241
 21
-109.3825
 31
0.0
  0
LINE
  5
794
330
1F
100
AcDbEntity
  8
Edge.Cuts
100
AcDbLine
 10
308.987241
 20
-109.3825
 30
0.0
 11
308.983435
 21
-109.401634
 31
0.0
  0
LINE
  5
795
330
1F
100
AcDbEntity
  8
Edge.Cuts
100
AcDbLine
 10
308.983435
 20
-109.401634
 30
0.0
 11
308.956375
 21
-109.428694
 31
0.0
  0
LINE
  5
796
330
1F
100
AcDbEntity
  8
Edge.Cuts
100
AcDbLine
 10
308.956375
 20
-109.428694
 30
0.0
 11
308.937241
 21
-109.4325
 31
0.0
  0
LINE
  5
797
330
1F
100
AcDbEntity
  8
Edge.Cuts
100
AcDbLine
 10
308.937241
 20
-109.4325
 30
0.0
 11
294.937241
 21
-109.4325
 31
0.0
  0
LINE
  5
798
330
1F
100
AcDbEntity
  8
Edge.Cuts
100
AcDbLine
 10
294.937241
 20
-109.4325
 30
0.0
 11
294.918107
 21
-109.428694
 31
0.0
  0
LINE
  5
799
330
1F
100
AcDbEntity
  8
Edge.Cuts
100
AcDbLine
 10
294.918107
 20
-109.428694
 30
0.0
 11
294.891047
 21
-109.401634
 31
0.0
  0
LINE
  5
79A
330
1F
100
AcDbEntity
  8
Edge.Cuts
100
AcDbLine
 10
294.891047
 20
-109.401634
 30
0.0
 11
294.887241
 21
-109.3825
 31
0.0
  0
LINE
  5
79B
330
1F
100
AcDbEntity
  8
Edge.Cuts
100
AcDbLine
 10
294.887241
 20
-109.3825
 30
0.0
 11
294.887241
 21
-95.3825
 31
0.0
  0
LINE
  5
79C
330
1F
100
AcDbEntity
  8
Edge.Cuts
100
AcDbLine
 10
294.887241
 20
-95.3825
 30
0.0
 11
294.891047
 21
-95.36336599999998
 31
0.0
  0
LINE
  5
79D
330
1F
100
AcDbEntity
  8
Edge.Cuts
100
AcDbLine
 10
294.891047
 20
-95.363366
 30
0.0
 11
294.918107
 21
-95.33630600000001
 31
0.0
  0
LINE
  5
79E
330
1F
100
AcDbEntity
  8
Edge.Cuts
100
AcDbLine
 10
294.918107
 20
-95.33630599999998
 30
0.0
 11
294.937241
 21
-95.33249999999997
 31
0.0
  0
LINE
  5
79F
330
1F
100
AcDbEntity
  8
Edge.Cuts
100
AcDbLine
 10
313.987241
 20
-138.195
 30
0.0
 11
327.987241
 21
-138.195
 31
0.0
  0
LINE
  5
7A0
330
1F
100
AcDbEntity
  8
Edge.Cuts
100
AcDbLine
 10
327.987241
 20
-138.195
 30
0.0
 11
328.006375
 21
-138.198806
 31
0.0
  0
LINE
  5
7A1
330
1F
100
AcDbEntity
  8
Edge.Cuts
100
AcDbLine
 10
328.006375
 20
-138.198806
 30
0.0
 11
328.033435
 21
-138.225866
 31
0.0
  0
LINE
  5
7A2
330
1F
100
AcDbEntity
  8
Edge.Cuts
100
AcDbLine
 10
328.0334349999999
 20
-138.225866
 30
0.0
 11
328.0372409999999
 21
-138.245
 31
0.0
  0
LINE
  5
7A3
330
1F
100
AcDbEntity
  8
Edge.Cuts
100
AcDbLine
 10
328.037241
 20
-138.245
 30
0.0
 11
328.037241
 21
-152.245
 31
0.0
  0
LINE
  5
7A4
330
1F
100
AcDbEntity
  8
Edge.Cuts
100
AcDbLine
 10
328.0372409999999
 20
-152.245
 30
0.0
 11
328.0334349999999
 21
-152.264134
 31
0.0
  0
LINE
  5
7A5
330
1F
100
AcDbEntity
  8
Edge.Cuts
100
AcDbLine
 10
328.033435
 20
-152.264134
 30
0.0
 11
328.006375
 21
-152.291194
 31
0.0
  0
LINE
  5
7A6
330
1F
100
AcDbEntity
  8
Edge.Cuts
100
AcDbLine
 10
328.006375
 20
-152.291194
 30
0.0
 11
327.987241
 21
-152.295
 31
0.0
  0
LINE
  5
7A7
330
1F
100
AcDbEntity
  8
Edge.Cuts
100
AcDbLine
 10
327.987241
 20
-152.295
 30
0.0
 11
313.987241
 21
-152.295
 31
0.0
  0
LINE
  5
7A8
330
1F
100
AcDbEntity
  8
Edge.Cuts
100
AcDbLine
 10
313.987241
 20
-152.295
 30
0.0
 11
313.968107
 21
-152.291194
 31
0.0
  0
LINE
  5
7A9
330
1F
100
AcDbEntity
  8
Edge.Cuts
100
AcDbLine
 10
313.968107
 20
-152.291194
 30
0.0
 11
313.941047
 21
-152.264134
 31
0.0
  0
LINE
  5
7AA
330
1F
100
AcDbEntity
  8
Edge.Cuts
100
AcDbLine
 10
313.941047
 20
-152.264134
 30
0.0
 11
313.937241
 21
-152.245
 31
0.0
  0
LINE
  5
7AB
330
1F
100
AcDbEntity
  8
Edge.Cuts
100
AcDbLine
 10
313.937241
 20
-152.245
 30
0.0
 11
313.937241
 21
-138.245
 31
0.0
  0
LINE
  5
7AC
330
1F
100
AcDbEntity
  8
Edge.Cuts
100
AcDbLine
 10
313.937241
 20
-138.245
 30
0.0
 11
313.941047
 21
-138.225866
 31
0.0
  0
LINE
  5
7AD
330
1F
100
AcDbEntity
  8
Edge.Cuts
100
AcDbLine
 10
313.941047
 20
-138.225866
 30
0.0
 11
313.968107
 21
-138.198806
 31
0.0
  0
LINE
  5
7AE
330
1F
100
AcDbEntity
  8
Edge.Cuts
100
AcDbLine
 10
313.968107
 20
-138.198806
 30
0.0
 11
313.987241
 21
-138.195
 31
0.0
  0
LINE
  5
7AF
330
1F
100
AcDbEntity
  8
Edge.Cuts
100
AcDbLine
 10
357.4109350467101
 20
-109.762501
 30
0.0
 11
360.76354695329
 21
-109.7625009999999
 31
0.0
  0
LINE
  5
7B0
330
1F
100
AcDbEntity
  8
Edge.Cuts
100
AcDbLine
 10
361.1875593857447
 20
-106.242506
 30
0.0
 11
356.9869226142553
 21
-106.242506
 31
0.0
  0
LINE
  5
7B1
330
1F
100
AcDbEntity
  8
Edge.Cuts
100
AcDbLine
 10
348.85
 20
-109.762501
 30
0.0
 11
348.85
 21
-106.242506
 31
0.0
  0
LINE
  5
7B2
330
1F
100
AcDbEntity
  8
Edge.Cuts
100
AcDbLine
 10
313.2087652193727
 20
-95.04362516914132
 30
0.0
 11
310.4695647707702
 21
-92.13212010520182
 31
0.0
  0
LINE
  5
7B3
330
1F
100
AcDbEntity
  8
Edge.Cuts
100
AcDbLine
 10
307.7927972341083
 20
-90.99506158588645
 30
0.0
 11
296.1186477932155
 21
-91.14098836635874
 31
0.0
  0
LINE
  5
7B4
330
1F
100
AcDbEntity
  8
Edge.Cuts
100
AcDbLine
 10
293.5701491299156
 20
-92.23335755602443
 30
0.0
 11
290.7882839401392
 21
-95.08252515395029
 31
0.0
  0
LINE
  5
7B5
330
1F
100
AcDbEntity
  8
Edge.Cuts
100
AcDbLine
 10
288.8001104066476
 20
-95.92000833775859
 30
0.0
 11
275.7657505024727
 21
-95.92000833775859
 31
0.0
  0
LINE
  5
7B6
330
1F
100
AcDbEntity
  8
Edge.Cuts
100
AcDbLine
 10
272.6523283191332
 20
-97.68518158311106
 30
0.0
 11
271.6828369100869
 21
-99.3052574979929
 31
0.0
  0
LINE
  5
7B7
330
1F
100
AcDbEntity
  8
Edge.Cuts
100
AcDbLine
 10
271.6828369100869
 20
-99.3052574979929
 30
0.0
 11
271.6808074428456
 21
-99.30784045632998
 31
0.0
  0
LINE
  5
7B8
330
1F
100
AcDbEntity
  8
Edge.Cuts
100
AcDbLine
 10
269.2845293883532
 20
-100.6825073377585
 30
0.0
 11
231.6400643148564
 21
-100.6825073377585
 31
0.0
  0
LINE
  5
7B9
330
1F
100
AcDbEntity
  8
Edge.Cuts
100
AcDbLine
 10
228.0073701663593
 20
-104.3100074860434
 30
0.0
 11
228.0073701663593
 21
-123.0871521336229
 31
0.0
  0
LINE
  5
7BA
330
1F
100
AcDbEntity
  8
Edge.Cuts
100
AcDbLine
 10
228.0073701663593
 20
-123.0871521336229
 30
0.0
 11
227.945
 21
-168.2371546551487
 31
0.0
  0
LINE
  5
7BB
330
1F
100
AcDbEntity
  8
Edge.Cuts
100
AcDbLine
 10
227.945
 20
-168.2371546551487
 30
0.0
 11
227.945
 21
-175.6911806994843
 31
0.0
  0
LINE
  5
7BC
330
1F
100
AcDbEntity
  8
Edge.Cuts
100
AcDbLine
 10
228.4032439039715
 20
-177.3897854179489
 30
0.0
 11
236.9405331537832
 21
-192.7914618233882
 31
0.0
  0
LINE
  5
7BD
330
1F
100
AcDbEntity
  8
Edge.Cuts
100
AcDbLine
 10
241.8691572463679
 20
-194.2041378218498
 30
0.0
 11
248.7848857244792
 21
-190.3429522305457
 31
0.0
  0
LINE
  5
7BE
330
1F
100
AcDbEntity
  8
Edge.Cuts
100
AcDbLine
 10
283.3145766440689
 20
-181.2449949073701
 30
0.0
 11
294.0766285259701
 21
-181.2350208101648
 31
0.0
  0
LINE
  5
7BF
330
1F
100
AcDbEntity
  8
Edge.Cuts
100
AcDbLine
 10
294.0766285259701
 20
-181.2350208101648
 30
0.0
 11
294.153137592359
 21
-181.2422386466453
 31
0.0
  0
LINE
  5
7C0
330
1F
100
AcDbEntity
  8
Edge.Cuts
100
AcDbLine
 10
294.153137592359
 20
-181.2422386466453
 30
0.0
 11
294.1890652452506
 21
-181.2310112550933
 31
0.0
  0
LINE
  5
7C1
330
1F
100
AcDbEntity
  8
Edge.Cuts
100
AcDbLine
 10
296.8701999088082
 20
-179.9481014420696
 30
0.0
 11
311.6536555573212
 21
-162.3288256785875
 31
0.0
  0
LINE
  5
7C2
330
1F
100
AcDbEntity
  8
Edge.Cuts
100
AcDbLine
 10
328.2334589282378
 20
-95.92000630848266
 30
0.0
 11
315.2365564735301
 21
-95.92000630848266
 31
0.0
  0
LINE
  5
7C3
330
1F
100
AcDbEntity
  8
Edge.Cuts
100
AcDbLine
 10
313.7794874046565
 20
-161.3374989999067
 30
0.0
 11
366.687238999933
 21
-161.3374989999067
 31
0.0
  0
LINE
  5
7C4
330
1F
100
AcDbEntity
  8
Edge.Cuts
100
AcDbLine
 10
370.312237999933
 20
-157.7124999999066
 30
0.0
 11
370.312237999933
 21
-104.2925794467559
 31
0.0
  0
LINE
  5
7C5
330
1F
100
AcDbEntity
  8
Edge.Cuts
100
AcDbLine
 10
366.7543982364498
 20
-100.6674989585943
 30
0.0
 11
351.9484845203969
 21
-100.6674989585943
 31
0.0
  0
LINE
  5
7C6
330
1F
100
AcDbEntity
  8
Edge.Cuts
100
AcDbLine
 10
351.9484845203969
 20
-100.6674989585943
 30
0.0
 11
349.122613295754
 21
-100.6823719702587
 31
0.0
  0
LINE
  5
7C7
330
1F
100
AcDbEntity
  8
Edge.Cuts
100
AcDbLine
 10
349.122613295754
 20
-100.6823719702587
 30
0.0
 11
349.0984092256817
 21
-100.6800493574746
 31
0.0
  0
LINE
  5
7C8
330
1F
100
AcDbEntity
  8
Edge.Cuts
100
AcDbLine
 10
349.0984092256817
 20
-100.6800493574746
 30
0.0
 11
349.0742772082954
 21
-100.6824993084826
 31
0.0
  0
LINE
  5
7C9
330
1F
100
AcDbEntity
  8
Edge.Cuts
100
AcDbLine
 10
349.0742772082954
 20
-100.6824993084826
 30
0.0
 11
334.7118142423378
 21
-100.6824993084826
 31
0.0
  0
LINE
  5
7CA
330
1F
100
AcDbEntity
  8
Edge.Cuts
100
AcDbLine
 10
332.3337061020187
 20
-99.33421790806
 30
0.0
 11
331.3468770489563
 21
-97.68517413513977
 31
0.0
  0
LINE
  5
7CB
330
1F
100
AcDbEntity
  8
Edge.Cuts
100
AcDbLine
 10
283.3239139152533
 20
-182.244986683201
 30
0.0
 11
294.0300255779095
 21
-182.2350644304943
 31
0.0
  0
LINE
  5
7CC
330
1F
100
AcDbEntity
  8
Edge.Cuts
100
AcDbLine
 10
294.0300255779095
 20
-182.2350644304943
 30
0.0
 11
294.2594467770766
 21
-182.2567079399358
 31
0.0
  0
LINE
  5
7CD
330
1F
100
AcDbEntity
  8
Edge.Cuts
100
AcDbLine
 10
294.2594467770766
 20
-182.2567079399358
 30
0.0
 11
294.3778181293428
 21
-182.2197168922757
 31
0.0
  0
LINE
  5
7CE
330
1F
100
AcDbEntity
  8
Edge.Cuts
100
AcDbLine
 10
297.623890277566
 20
-180.605612933496
 30
0.0
 11
312.4197186719637
 21
-162.9715910357625
 31
0.0
  0
LINE
  5
7CF
330
1F
100
AcDbEntity
  8
Edge.Cuts
100
AcDbLine
 10
313.7795022138922
 20
-162.3374989996551
 30
0.0
 11
366.6872389997638
 21
-162.3374989996551
 31
0.0
  0
LINE
  5
7D0
330
1F
100
AcDbEntity
  8
Edge.Cuts
100
AcDbLine
 10
371.3122379997639
 20
-157.7124999996551
 30
0.0
 11
371.3122379997639
 21
-104.2925794465043
 31
0.0
  0
LINE
  5
7D1
330
1F
100
AcDbEntity
  8
Edge.Cuts
100
AcDbLine
 10
366.7630990854963
 20
-99.66749870990637
 30
0.0
 11
351.9458531324058
 21
-99.66749870990637
 31
0.0
  0
LINE
  5
7D2
330
1F
100
AcDbEntity
  8
Edge.Cuts
100
AcDbLine
 10
351.9458531324058
 20
-99.66749870990637
 30
0.0
 11
349.1678574584149
 21
-99.6821197449
 31
0.0
  0
LINE
  5
7D3
330
1F
100
AcDbEntity
  8
Edge.Cuts
100
AcDbLine
 10
349.1678574584149
 20
-99.6821197449
 30
0.0
 11
349.0956412481976
 21
-99.67518990654777
 31
0.0
  0
LINE
  5
7D4
330
1F
100
AcDbEntity
  8
Edge.Cuts
100
AcDbLine
 10
349.0956412481976
 20
-99.67518990654777
 30
0.0
 11
349.0236460888412
 21
-99.68249905979485
 31
0.0
  0
LINE
  5
7D5
330
1F
100
AcDbEntity
  8
Edge.Cuts
100
AcDbLine
 10
349.0236460888412
 20
-99.68249905979485
 30
0.0
 11
334.7070718225866
 21
-99.68249905979485
 31
0.0
  0
LINE
  5
7D6
330
1F
100
AcDbEntity
  8
Edge.Cuts
100
AcDbLine
 10
333.1942300378628
 20
-98.8247852850516
 30
0.0
 11
332.2067160380821
 21
-97.17459692977738
 31
0.0
  0
LINE
  5
7D7
330
1F
100
AcDbEntity
  8
Edge.Cuts
100
AcDbLine
 10
328.2300500690247
 20
-94.92000605979486
 30
0.0
 11
315.2456806312694
 21
-94.92000605979486
 31
0.0
  0
LINE
  5
7D8
330
1F
100
AcDbEntity
  8
Edge.Cuts
100
AcDbLine
 10
313.9308432095792
 20
-94.35175291436833
 30
0.0
 11
311.1914362026195
 21
-91.44002829887928
 31
0.0
  0
LINE
  5
7D9
330
1F
100
AcDbEntity
  8
Edge.Cuts
100
AcDbLine
 10
307.789723044336
 20
-89.99502164486348
 30
0.0
 11
296.1061489507986
 21
-90.14106623342316
 31
0.0
  0
LINE
  5
7DA
330
1F
100
AcDbEntity
  8
Edge.Cuts
100
AcDbLine
 10
292.8544509607715
 20
-91.53494779192167
 30
0.0
 11
290.0752883831172
 21
-94.38134739270788
 31
0.0
  0
LINE
  5
7DB
330
1F
100
AcDbEntity
  8
Edge.Cuts
100
AcDbLine
 10
288.7965154994259
 20
-94.92000813712419
 30
0.0
 11
275.7691594012142
 21
-94.92000813712419
 31
0.0
  0
LINE
  5
7DC
330
1F
100
AcDbEntity
  8
Edge.Cuts
100
AcDbLine
 10
242.3554772938249
 20
-195.0779195991866
 30
0.0
 11
249.2672705942014
 21
-191.2189310940776
 31
0.0
  0
LINE
  5
7DD
330
1F
100
AcDbEntity
  8
Edge.Cuts
100
AcDbLine
 10
271.7924891985611
 20
-97.17460527875949
 30
0.0
 11
270.8573243012846
 21
-98.73731961782808
 31
0.0
  0
LINE
  5
7DE
330
1F
100
AcDbEntity
  8
Edge.Cuts
100
AcDbLine
 10
270.8573243012846
 20
-98.73731961782808
 30
0.0
 11
270.8442015386254
 21
-98.75402131595214
 31
0.0
  0
LINE
  5
7DF
330
1F
100
AcDbEntity
  8
Edge.Cuts
100
AcDbLine
 10
269.2895480642072
 20
-99.68250713712413
 30
0.0
 11
231.6400645155935
 21
-99.68250713712413
 31
0.0
  0
LINE
  5
7E0
330
1F
100
AcDbEntity
  8
Edge.Cuts
100
AcDbLine
 10
227.0073701663494
 20
-104.3100074859308
 30
0.0
 11
227.0073701663494
 21
-123.0864614365418
 31
0.0
  0
LINE
  5
7E1
330
1F
100
AcDbEntity
  8
Edge.Cuts
100
AcDbLine
 10
227.0073701663494
 20
-123.0864614365418
 30
0.0
 11
226.945
 21
-168.2364639509013
 31
0.0
  0
LINE
  5
7E2
330
1F
100
AcDbEntity
  8
Edge.Cuts
100
AcDbLine
 10
226.945
 20
-168.2364639509013
 30
0.0
 11
226.945
 21
-175.7037331821125
 31
0.0
  0
LINE
  5
7E3
330
1F
100
AcDbEntity
  8
Edge.Cuts
100
AcDbLine
 10
227.5272973927474
 20
-177.8722014204356
 30
0.0
 11
236.0659134613497
 21
-193.2762714701647
 31
0.0
  0
LINE
  5
7E4
330
1F
100
AcDbEntity
  8
Edge.Cuts
100
AcDbLine
 10
211.8025100433605
 20
-177.4623637577975
 30
0.0
 11
203.2651411612622
 21
-192.8641838236743
 31
0.0
  0
LINE
  5
7E5
330
1F
100
AcDbEntity
  8
Edge.Cuts
100
AcDbLine
 10
126.8188348389457
 20
-94.94083207588248
 30
0.0
 11
129.5580374502768
 21
-92.02932483901671
 31
0.0
  0
LINE
  5
7E6
330
1F
100
AcDbEntity
  8
Edge.Cuts
100
AcDbLine
 10
198.1564651923275
 20
-194.3484330541942
 30
0.0
 11
198.1559774015258
 21
-194.3482236072963
 31
0.0
  0
LINE
  5
7E7
330
1F
100
AcDbEntity
  8
Edge.Cuts
100
AcDbLine
 10
198.1559774015258
 20
-194.3482236072963
 30
0.0
 11
193.5193020991964
 21
-191.7918412180404
 31
0.0
  0
LINE
  5
7E8
330
1F
100
AcDbEntity
  8
Edge.Cuts
100
AcDbLine
 10
157.159171471484
 20
-181.4149715441717
 30
0.0
 11
145.9630222778228
 21
-181.3849706255959
 31
0.0
  0
LINE
  5
7E9
330
1F
100
AcDbEntity
  8
Edge.Cuts
100
AcDbLine
 10
143.0893764625804
 20
-180.0445218438458
 30
0.0
 11
128.3132047911717
 21
-162.4339272983619
 31
0.0
  0
LINE
  5
7EA
330
1F
100
AcDbEntity
  8
Edge.Cuts
100
AcDbLine
 10
126.2836593176327
 20
-161.487499
 30
0.0
 11
73.38724099999999
 21
-161.487499
 31
0.0
  0
LINE
  5
7EB
330
1F
100
AcDbEntity
  8
Edge.Cuts
100
AcDbLine
 10
69.61224100000001
 20
-157.712499
 30
0.0
 11
69.61224100000001
 21
-104.2925
 31
0.0
  0
LINE
  5
7EC
330
1F
100
AcDbEntity
  8
Edge.Cuts
100
AcDbLine
 10
73.38724099999999
 20
-100.517502
 30
0.0
 11
88.16496649141595
 21
-100.517502
 31
0.0
  0
LINE
  5
7ED
330
1F
100
AcDbEntity
  8
Edge.Cuts
100
AcDbLine
 10
88.16496649141595
 20
-100.517502
 30
0.0
 11
88.16626872162067
 21
-100.517383615436
 31
0.0
  0
LINE
  5
7EE
330
1F
100
AcDbEntity
  8
Edge.Cuts
100
AcDbLine
 10
88.16626872162067
 20
-100.517383615436
 30
0.0
 11
91.03876078084403
 21
-100.5325020000001
 31
0.0
  0
LINE
  5
7EF
330
1F
100
AcDbEntity
  8
Edge.Cuts
100
AcDbLine
 10
91.03876078084403
 20
-100.532502
 30
0.0
 11
105.4250276089299
 21
-100.532502
 31
0.0
  0
LINE
  5
7F0
330
1F
100
AcDbEntity
  8
Edge.Cuts
100
AcDbLine
 10
107.6744152840353
 20
-99.25719833172876
 30
0.0
 11
108.6612459283223
 21
-97.6081525708959
 31
0.0
  0
LINE
  5
7F1
330
1F
100
AcDbEntity
  8
Edge.Cuts
100
AcDbLine
 10
111.9033867161508
 20
-95.77000300000007
 30
0.0
 11
124.9002792454638
 21
-95.77000300000007
 31
0.0
  0
LINE
  5
7F2
330
1F
100
AcDbEntity
  8
Edge.Cuts
100
AcDbLine
 10
132.3459182560668
 20
-90.8450671762454
 30
0.0
 11
144.0200697829299
 21
-90.99099305738083
 31
0.0
  0
LINE
  5
7F3
330
1F
100
AcDbEntity
  8
Edge.Cuts
100
AcDbLine
 10
146.6740225313828
 20
-92.1285612942753
 30
0.0
 11
149.455885234143
 21
-94.97772634501581
 31
0.0
  0
LINE
  5
7F4
330
1F
100
AcDbEntity
  8
Edge.Cuts
100
AcDbLine
 10
151.3367341085058
 20
-95.76999802936574
 30
0.0
 11
164.3710879033736
 21
-95.76999802936574
 31
0.0
  0
LINE
  5
7F5
330
1F
100
AcDbEntity
  8
Edge.Cuts
100
AcDbLine
 10
167.613228832126
 20
-97.60814783964813
 30
0.0
 11
168.6000564663322
 21
-99.25719258396346
 31
0.0
  0
LINE
  5
7F6
330
1F
100
AcDbEntity
  8
Edge.Cuts
100
AcDbLine
 10
170.8494440105374
 20
-100.5324960293658
 30
0.0
 11
208.4899893009011
 21
-100.5324960293658
 31
0.0
  0
LINE
  5
7F7
330
1F
100
AcDbEntity
  8
Edge.Cuts
100
AcDbLine
 10
212.2749893150455
 20
-104.3074959435911
 30
0.0
 11
212.2749973158024
 21
-175.706763244617
 31
0.0
  0
LINE
  5
7F8
330
1F
100
AcDbEntity
  8
Edge.Cuts
100
AcDbLine
 10
212.6786056883843
 20
-177.9445107174804
 30
0.0
 11
204.1397608544054
 21
-193.348993470844
 31
0.0
  0
LINE
  5
7F9
330
1F
100
AcDbEntity
  8
Edge.Cuts
100
AcDbLine
 10
197.7214058867365
 20
-195.2499137012813
 30
0.0
 11
197.7162335755174
 21
-195.2476928218883
 31
0.0
  0
LINE
  5
7FA
330
1F
100
AcDbEntity
  8
Edge.Cuts
100
AcDbLine
 10
197.7162335755174
 20
-195.2476928218883
 30
0.0
 11
193.0302985138075
 21
-192.6641515799701
 31
0.0
  0
LINE
  5
7FB
330
1F
100
AcDbEntity
  8
Edge.Cuts
100
AcDbLine
 10
157.1387481159215
 20
-182.414920408318
 30
0.0
 11
145.9421703447675
 21
-182.3849183413368
 31
0.0
  0
LINE
  5
7FC
330
1F
100
AcDbEntity
  8
Edge.Cuts
100
AcDbLine
 10
142.3357399903105
 20
-180.7020975703946
 30
0.0
 11
127.5638791409246
 21
-163.0966407656252
 31
0.0
  0
LINE
  5
7FD
330
1F
100
AcDbEntity
  8
Edge.Cuts
100
AcDbLine
 10
126.2576196270004
 20
-162.487499
 30
0.0
 11
73.38724099999999
 21
-162.487499
 31
0.0
  0
LINE
  5
7FE
330
1F
100
AcDbEntity
  8
Edge.Cuts
100
AcDbLine
 10
68.612241
 20
-157.712499
 30
0.0
 11
68.612241
 21
-104.2925
 31
0.0
  0
LINE
  5
7FF
330
1F
100
AcDbEntity
  8
Edge.Cuts
100
AcDbLine
 10
73.38724099999997
 20
-99.517502
 30
0.0
 11
88.11960547424361
 21
-99.517502
 31
0.0
  0
LINE
  5
800
330
1F
100
AcDbEntity
  8
Edge.Cuts
100
AcDbLine
 10
88.11960547424361
 20
-99.51750200000001
 30
0.0
 11
88.12353416485772
 21
-99.51714484630793
 31
0.0
  0
LINE
  5
801
330
1F
100
AcDbEntity
  8
Edge.Cuts
100
AcDbLine
 10
88.12353416485772
 20
-99.51714484630793
 30
0.0
 11
91.04139234244981
 21
-99.53250199999988
 31
0.0
  0
LINE
  5
802
330
1F
100
AcDbEntity
  8
Edge.Cuts
100
AcDbLine
 10
91.04139234244981
 20
-99.532502
 30
0.0
 11
105.4298265023223
 21
-99.532502
 31
0.0
  0
LINE
  5
803
330
1F
100
AcDbEntity
  8
Edge.Cuts
100
AcDbLine
 10
106.8138624512186
 20
-98.74781453426742
 30
0.0
 11
107.8013973886515
 21
-97.09759186265114
 31
0.0
  0
LINE
  5
804
330
1F
100
AcDbEntity
  8
Edge.Cuts
100
AcDbLine
 10
111.906814388245
 20
-94.77000300000007
 30
0.0
 11
124.8910549965317
 21
-94.77000300000007
 31
0.0
  0
LINE
  5
805
330
1F
100
AcDbEntity
  8
Edge.Cuts
100
AcDbLine
 10
126.0968257971712
 20
-94.24888696913575
 30
0.0
 11
128.8362002541473
 21
-91.33719707698307
 31
0.0
  0
LINE
  5
806
330
1F
100
AcDbEntity
  8
Edge.Cuts
100
AcDbLine
 10
132.3489430074924
 20
-89.84502686451181
 30
0.0
 11
144.0325687197335
 21
-89.9910711721424
 31
0.0
  0
LINE
  5
807
330
1F
100
AcDbEntity
  8
Edge.Cuts
100
AcDbLine
 10
147.3897209652167
 20
-91.43015187260785
 30
0.0
 11
150.1688518739815
 21
-94.27651903833059
 31
0.0
  0
LINE
  5
808
330
1F
100
AcDbEntity
  8
Edge.Cuts
100
AcDbLine
 10
151.3403693850677
 20
-94.7699980778808
 30
0.0
 11
164.3676602041413
 21
-94.7699980778808
 31
0.0
  0
LINE
  5
809
330
1F
100
AcDbEntity
  8
Edge.Cuts
100
AcDbLine
 10
168.4730776511723
 20
-97.09758769926275
 30
0.0
 11
169.4606094806984
 21
-98.74780919375304
 31
0.0
  0
LINE
  5
80A
330
1F
100
AcDbEntity
  8
Edge.Cuts
100
AcDbLine
 10
170.8446450897928
 20
-99.53249607788086
 30
0.0
 11
208.4899892737716
 21
-99.53249607788086
 31
0.0
  0
LINE
  5
80B
330
1F
100
AcDbEntity
  8
Edge.Cuts
100
AcDbLine
 10
213.2749893157551
 20
-104.3074958312041
 30
0.0
 11
213.2749973178916
 21
-175.7190740047864
 31
0.0
  0
LINE
  5
80C
330
1F
100
AcDbEntity
  8
Edge.Cuts
100
AcDbLine
 10
185.7749952506797
 20
-122.897393147757
 30
0.0
 11
211.7749913976481
 21
-122.897393147757
 31
0.0
  0
LINE
  5
80D
330
1F
100
AcDbEntity
  8
Edge.Cuts
100
AcDbLine
 10
185.7749952506797
 20
-167.897393147757
 30
0.0
 11
211.7749964401937
 21
-167.897393147757
 31
0.0
  0
ARC
  5
80E
330
1F
100
AcDbEntity
  8
Edge.Cuts
100
AcDbCircle
 10
126.1444101951101
 20
-164.4354276573429
 30
0.0
 40
3.451215628670396
100
AcDbArc
 50
42.49917273378757
 51
87.49917089117214
  0
ARC
  5
80F
330
1F
100
AcDbEntity
  8
Edge.Cuts
100
AcDbCircle
 10
146.1322003228672
 20
-177.2718113164043
 30
0.0
 40
3.616637063637695
100
AcDbArc
 50
222.4974021863006
 51
267.4974070742621
  0
ARC
  5
810
330
1F
100
AcDbEntity
  8
Edge.Cuts
100
AcDbCircle
 10
73.38724099999996
 20
-157.712499
 30
0.0
 40
3.274999999999986
100
AcDbArc
 50
179.9999999999995
 51
270.0000000000005
  0
ARC
  5
811
330
1F
100
AcDbEntity
  8
Edge.Cuts
100
AcDbCircle
 10
208.4011254619072
 20
-175.6055634256877
 30
0.0
 40
3.375193484161111
100
AcDbArc
 50
331.3965402953687
 51
358.3965417261323
  0
ARC
  5
812
330
1F
100
AcDbEntity
  8
Edge.Cuts
100
AcDbCircle
 10
231.6930286405572
 20
-175.5911641729548
 30
0.0
 40
3.249362878678955
100
AcDbArc
 50
181.6419882962657
 51
208.6419882962653
  0
ARC
  5
813
330
1F
100
AcDbEntity
  8
Edge.Cuts
100
AcDbCircle
 10
199.9635358145281
 20
-191.0342694999993
 30
0.0
 40
3.274809173663447
100
AcDbArc
 50
241.0029903956182
 51
331.0029903956182
  0
ARC
  5
814
330
1F
100
AcDbEntity
  8
Edge.Cuts
100
AcDbCircle
 10
240.111028523978
 20
-191.034027416379
 30
0.0
 40
3.124998839636507
100
AcDbArc
 50
209.0000017379707
 51
298.9999994823739
  0
ARC
  5
815
330
1F
100
AcDbEntity
  8
Edge.Cuts
100
AcDbCircle
 10
293.9494091879681
 20
-177.2870703424989
 30
0.0
 40
3.451215629123354
100
AcDbArc
 50
272.5008292208224
 51
317.5008292208224
  0
ARC
  5
816
330
1F
100
AcDbEntity
  8
Edge.Cuts
100
AcDbCircle
 10
313.7795285023043
 20
-164.1126005272809
 30
0.0
 40
3.275101527640061
100
AcDbArc
 50
90.00084851639315
 51
140.0008485163931
  0
ARC
  5
817
330
1F
100
AcDbEntity
  8
Edge.Cuts
100
AcDbCircle
 10
366.6872389999788
 20
-157.7125
 30
0.0
 40
3.124999000000073
100
AcDbArc
 50
270.0
 51
0.0
  0
ARC
  5
818
330
1F
100
AcDbEntity
  8
Edge.Cuts
100
AcDbCircle
 10
366.6872380789387
 20
-104.2918769492613
 30
0.0
 40
3.12500000000072
100
AcDbArc
 50
359.9871199528803
 51
88.85664711516466
  0
ARC
  5
819
330
1F
100
AcDbEntity
  8
Edge.Cuts
100
AcDbCircle
 10
334.6885559877156
 20
-97.9521197554185
 30
0.0
 40
3.230478788440015
100
AcDbArc
 50
210.4486931428725
 51
270.4486931428735
  0
ARC
  5
81A
330
1F
100
AcDbEntity
  8
Edge.Cuts
100
AcDbCircle
 10
328.2594840129242
 20
-99.50242365895652
 30
0.0
 40
3.082511704387847
100
AcDbArc
 50
30.44871938689051
 51
90.44871938689096
  0
ARC
  5
81B
330
1F
100
AcDbEntity
  8
Edge.Cuts
100
AcDbCircle
 10
315.2843393191517
 20
-93.02527903022785
 30
0.0
 40
3.395121803533411
100
AcDbArc
 50
224.1267195021663
 51
269.1267195021665
  0
ARC
  5
81C
330
1F
100
AcDbEntity
  8
Edge.Cuts
100
AcDbCircle
 10
307.7643135084872
 20
-94.78135520288657
 30
0.0
 40
3.286400576230365
100
AcDbArc
 50
44.48480084687259
 51
89.48480084687218
  0
ARC
  5
81D
330
1F
100
AcDbEntity
  8
Edge.Cuts
100
AcDbCircle
 10
288.7818116900563
 20
-93.09787806529013
 30
0.0
 40
3.322189743786626
100
AcDbArc
 50
270.3424028303583
 51
315.3424028302787
  0
ARC
  5
81E
330
1F
100
AcDbEntity
  8
Edge.Cuts
100
AcDbCircle
 10
296.1630751039018
 20
-94.76364766663154
 30
0.0
 40
3.122931552452086
100
AcDbArc
 50
90.70046017503373
 51
135.7004601750348
  0
ARC
  5
81F
330
1F
100
AcDbEntity
  8
Edge.Cuts
100
AcDbCircle
 10
275.7397276498998
 20
-99.50243162305802
 30
0.0
 40
3.08251765005889
100
AcDbArc
 50
89.55132479080723
 51
149.5513247908071
  0
ARC
  5
820
330
1F
100
AcDbEntity
  8
Edge.Cuts
100
AcDbCircle
 10
231.6374671663486
 20
-104.3126044861495
 30
0.0
 40
3.130098077348041
100
AcDbArc
 50
89.95246246194539
 51
179.9524624619454
  0
ARC
  5
821
330
1F
100
AcDbEntity
  8
Edge.Cuts
100
AcDbCircle
 10
269.3091664693372
 20
-97.94956092791824
 30
0.0
 40
3.233057607008176
100
AcDbArc
 50
269.5251143552155
 51
329.525114355214
  0
ARC
  5
822
330
1F
100
AcDbEntity
  8
Edge.Cuts
100
AcDbCircle
 10
208.4949893145281
 20
-104.3124959999993
 30
0.0
 40
3.280003810973401
100
AcDbArc
 50
0.0873410596532733
 51
90.08734105965327
  0
ARC
  5
823
330
1F
100
AcDbEntity
  8
Edge.Cuts
100
AcDbCircle
 10
170.8273497980795
 20
-97.9500728630908
 30
0.0
 40
3.08251765005898
100
AcDbArc
 50
210.4486752091924
 51
270.4486752091922
  0
ARC
  5
824
330
1F
100
AcDbEntity
  8
Edge.Cuts
100
AcDbCircle
 10
164.398273493161
 20
-99.5003777307304
 30
0.0
 40
3.230478788440029
100
AcDbArc
 50
30.44869314287297
 51
90.44869314287295
  0
ARC
  5
825
330
1F
100
AcDbEntity
  8
Edge.Cuts
100
AcDbCircle
 10
151.3541166775766
 20
-93.10003331915513
 30
0.0
 40
3.170021263995654
100
AcDbArc
 50
224.6576654321379
 51
269.6576654321464
  0
ARC
  5
826
330
1F
100
AcDbEntity
  8
Edge.Cuts
100
AcDbCircle
 10
143.9738093575718
 20
-94.7635459189853
 30
0.0
 40
3.272836498342708
100
AcDbArc
 50
44.29953235489738
 51
89.29953235489718
  0
ARC
  5
827
330
1F
100
AcDbEntity
  8
Edge.Cuts
100
AcDbCircle
 10
132.3758279479952
 20
-94.78910537200976
 30
0.0
 40
3.444151604505074
100
AcDbArc
 50
90.51519099889276
 51
135.5151909988933
  0
ARC
  5
828
330
1F
100
AcDbEntity
  8
Edge.Cuts
100
AcDbCircle
 10
124.8548744156048
 20
-93.03075875303675
 30
0.0
 40
3.239620529032483
100
AcDbArc
 50
270.8732759995775
 51
315.8732759995776
  0
ARC
  5
829
330
1F
100
AcDbEntity
  8
Edge.Cuts
100
AcDbCircle
 10
111.876201140018
 20
-99.50038273073129
 30
0.0
 40
3.230478788440072
100
AcDbArc
 50
89.5513068571263
 51
149.5513068571263
  0
ARC
  5
82A
330
1F
100
AcDbEntity
  8
Edge.Cuts
100
AcDbCircle
 10
105.4471218339934
 20
-97.95007886110416
 30
0.0
 40
3.082517652037605
100
AcDbArc
 50
269.5513248116548
 51
329.5513248116549
  0
ARC
  5
82B
330
1F
100
AcDbEntity
  8
Edge.Cuts
100
AcDbCircle
 10
73.387241
 20
-104.2925020000006
 30
0.0
 40
3.275000000000625
100
AcDbArc
 50
90.00000000000024
 51
179.9999650102004
  0
ARC
  5
82C
330
1F
100
AcDbEntity
  8
Edge.Cuts
100
AcDbCircle
 10
89.26999299999999
 20
-106.992498
 30
0.0
 40
0.7500000000000007
100
AcDbArc
 50
0.0
 51
90.0
  0
ARC
  5
82D
330
1F
100
AcDbEntity
  8
Edge.Cuts
100
AcDbCircle
 10
89.26999299999999
 20
-109.0125
 30
0.0
 40
0.7500000000000007
100
AcDbArc
 50
270.0
 51
0.0
  0
ARC
  5
82E
330
1F
100
AcDbEntity
  8
Edge.Cuts
100
AcDbCircle
 10
72.53
 20
-109.0125
 30
0.0
 40
0.7500000000000007
100
AcDbArc
 50
180.0
 51
270.0
  0
ARC
  5
82F
330
1F
100
AcDbEntity
  8
Edge.Cuts
100
AcDbCircle
 10
72.53
 20
-106.992498
 30
0.0
 40
0.7500000000000007
100
AcDbArc
 50
90.0
 51
180.0
  0
ARC
  5
830
330
1F
100
AcDbEntity
  8
Edge.Cuts
100
AcDbCircle
 10
350.85
 20
-109.012501
 30
0.0
 40
0.7500000000000284
100
AcDbArc
 50
180.0
 51
270.0
  0
ARC
  5
831
330
1F
100
AcDbEntity
  8
Edge.Cuts
100
AcDbCircle
 10
350.85
 20
-106.992506
 30
0.0
 40
0.7500000000000284
100
AcDbArc
 50
90.0
 51
180.0
  0
ARC
  5
832
330
1F
100
AcDbEntity
  8
Edge.Cuts
100
AcDbCircle
 10
367.569985
 20
-106.992506
 30
0.0
 40
0.7499999999999174
100
AcDbArc
 50
359.9999999999968
 51
90.00000000000847
  0
ARC
  5
833
330
1F
100
AcDbEntity
  8
Edge.Cuts
100
AcDbCircle
 10
367.569985
 20
-109.012501
 30
0.0
 40
0.7499999999999035
100
AcDbArc
 50
270.0
 51
0.0000000000074298
  0
ARC
  5
834
330
1F
100
AcDbEntity
  8
Edge.Cuts
100
AcDbCircle
 10
208.4011254633043
 20
-175.6055634264624
 30
0.0
 40
6.875193484161155
100
AcDbArc
 50
331.2778388329235
 51
358.8765426771158
  0
ARC
  5
835
330
1F
100
AcDbEntity
  8
Edge.Cuts
100
AcDbCircle
 10
199.9635358145281
 20
-191.0342694999993
 30
0.0
 40
6.774809173663407
100
AcDbArc
 50
242.7589954872599
 51
331.0016654282966
  0
ARC
  5
836
330
1F
100
AcDbEntity
  8
Edge.Cuts
100
AcDbCircle
 10
146.1322003228671
 20
-177.2718113164043
 30
0.0
 40
7.116637063637658
100
AcDbArc
 50
221.7797951049161
 51
268.1719335975253
  0
ARC
  5
837
330
1F
100
AcDbEntity
  8
Edge.Cuts
100
AcDbCircle
 10
73.38724099999995
 20
-157.712499
 30
0.0
 40
6.774999999999948
100
AcDbArc
 50
179.9999999999998
 51
270.0000000000004
  0
ARC
  5
838
330
1F
100
AcDbEntity
  8
Edge.Cuts
100
AcDbCircle
 10
73.38724100000003
 20
-104.2925020000007
 30
0.0
 40
6.775000000000656
100
AcDbArc
 50
90.0000000000007
 51
179.9999805038381
  0
ARC
  5
839
330
1F
100
AcDbEntity
  8
Edge.Cuts
100
AcDbCircle
 10
208.4949879549793
 20
-104.312497455215
 30
0.0
 40
6.780003810973427
100
AcDbArc
 50
0.0487097304392479
 51
90.04868351108097
  0
ARC
  5
83A
330
1F
100
AcDbEntity
  8
Edge.Cuts
100
AcDbCircle
 10
111.876201140018
 20
-99.50038273073129
 30
0.0
 40
6.730478788440076
100
AcDbArc
 50
89.68914395131702
 51
149.4134753862374
  0
ARC
  5
83B
330
1F
100
AcDbEntity
  8
Edge.Cuts
100
AcDbCircle
 10
132.3758279479952
 20
-94.78910537200974
 30
0.0
 40
6.944151604505066
100
AcDbArc
 50
90.15102135538314
 51
135.8793656732276
  0
ARC
  5
83C
330
1F
100
AcDbEntity
  8
Edge.Cuts
100
AcDbCircle
 10
143.9738093570346
 20
-94.7635459628795
 30
0.0
 40
6.772836498342674
100
AcDbArc
 50
44.30161275221323
 51
89.29258371692764
  0
ARC
  5
83D
330
1F
100
AcDbEntity
  8
Edge.Cuts
100
AcDbCircle
 10
164.3982734436483
 20
-99.50037782244874
 30
0.0
 40
6.730478788439973
100
AcDbArc
 50
30.5865057380323
 51
90.3108560485671
  0
ARC
  5
83E
330
1F
100
AcDbEntity
  8
Edge.Cuts
100
AcDbCircle
 10
231.575109568727
 20
-104.312607
 30
0.0
 40
6.630098077348075
100
AcDbArc
 50
89.97755732133544
 51
179.9775573213358
  0
ARC
  5
83F
330
1F
100
AcDbEntity
  8
Edge.Cuts
100
AcDbCircle
 10
231.6930286405575
 20
-175.5911641729547
 30
0.0
 40
6.749362878679301
100
AcDbArc
 50
181.1392789369403
 51
208.7515931053357
  0
ARC
  5
840
330
1F
100
AcDbEntity
  8
Edge.Cuts
100
AcDbCircle
 10
240.111028523978
 20
-191.034027416379
 30
0.0
 40
6.624998839636501
100
AcDbArc
 50
209.0000017379707
 51
299.0561268556464
  0
ARC
  5
841
330
1F
100
AcDbEntity
  8
Edge.Cuts
100
AcDbCircle
 10
293.9494091879665
 20
-177.2870703424929
 30
0.0
 40
6.951215629123243
100
AcDbArc
 50
270.1674830367758
 51
318.2395934915572
  0
ARC
  5
842
330
1F
100
AcDbEntity
  8
Edge.Cuts
100
AcDbCircle
 10
366.687238999783
 20
-157.7124999996488
 30
0.0
 40
6.624999000000131
100
AcDbArc
 50
270.0000000000005
 51
359.9999999999986
  0
ARC
  5
843
330
1F
100
AcDbEntity
  8
Edge.Cuts
100
AcDbCircle
 10
366.6872379997845
 20
-104.2925012776373
 30
0.0
 40
6.624999999998783
100
AcDbArc
 50
0.0000110525794646
 51
90.00003094914129
  0
ARC
  5
844
330
1F
100
AcDbEntity
  8
Edge.Cuts
100
AcDbCircle
 10
328.2001298192837
 20
-99.50240866838294
 30
0.0
 40
6.582511704387844
100
AcDbArc
 50
29.26221767479688
 51
90.33320892141239
  0
ARC
  5
845
330
1F
100
AcDbEntity
  8
Edge.Cuts
100
AcDbCircle
 10
307.7019558165036
 20
-94.78135699437526
 30
0.0
 40
6.786400576230409
100
AcDbArc
 50
44.11032446724155
 51
89.8592780184418
  0
ARC
  5
846
330
1F
100
AcDbEntity
  8
Edge.Cuts
100
AcDbCircle
 10
275.6773700525831
 20
-99.50243356818122
 30
0.0
 40
6.582517650059041
100
AcDbArc
 50
89.69296473928935
 51
149.4097035289911
  0
ARC
  5
847
330
1F
100
AcDbEntity
  8
Edge.Cuts
100
AcDbCircle
 10
296.1007174126815
 20
-94.76364952006907
 30
0.0
 40
6.622931552451906
100
AcDbArc
 50
90.70875675676058
 51
135.7004601750364
  0
ARC
  5
848
330
1F
100
AcDbEntity
  8
Edge.Cuts
100
AcDbCircle
 10
124.9543146297838
 20
-166.987499
 30
0.0
 40
2.5
100
AcDbArc
 50
39.99833565862912
 51
90.0
  0
ARC
  5
849
330
1F
100
AcDbEntity
  8
Edge.Cuts
100
AcDbCircle
 10
172.4814886341424
 20
-95.03249609171755
 30
0.0
 40
2.500000000000009
100
AcDbArc
 50
210.8973065357338
 51
270.0
  0
ARC
  5
84A
330
1F
100
AcDbEntity
  8
Edge.Cuts
100
AcDbCircle
 10
152.5462182141636
 20
-90.26999809171754
 30
0.0
 40
2.500000000000004
100
AcDbArc
 50
224.315230352874
 51
270.0
  0
ARC
  5
84B
330
1F
100
AcDbEntity
  8
Edge.Cuts
100
AcDbCircle
 10
123.6617171625194
 20
-90.27000300000007
 30
0.0
 40
2.500000000000002
100
AcDbArc
 50
270.0
 51
316.7465539822576
  0
ARC
  5
84C
330
1F
100
AcDbEntity
  8
Edge.Cuts
100
AcDbCircle
 10
103.7990865289826
 20
-95.03250200000001
 30
0.0
 40
2.500000000000002
100
AcDbArc
 50
270.0
 51
332.8113969090865
  0
ARC
  5
84D
330
1F
100
AcDbEntity
  8
Edge.Cuts
100
AcDbCircle
 10
315.050217710835
 20
-166.8374989996489
 30
0.0
 40
2.500000000000002
100
AcDbArc
 50
90.0
 51
140.0016643413718
  0
ARC
  5
84E
330
1F
100
AcDbEntity
  8
Edge.Cuts
100
AcDbCircle
 10
336.1865114037577
 20
-95.18250127763828
 30
0.0
 40
2.499999999999967
100
AcDbArc
 50
206.1633040076435
 51
270.0
  0
ARC
  5
84F
330
1F
100
AcDbEntity
  8
Edge.Cuts
100
AcDbCircle
 10
316.3479413919852
 20
-90.42000827763827
 30
0.0
 40
2.500000000000053
100
AcDbArc
 50
223.2534447817853
 51
270.0
  0
ARC
  5
850
330
1F
100
AcDbEntity
  8
Edge.Cuts
100
AcDbCircle
 10
287.5914496550113
 20
-90.42001043127269
 30
0.0
 40
2.499999999999988
100
AcDbArc
 50
270.0
 51
315.6847696471278
  0
ARC
  5
851
330
1F
100
AcDbEntity
  8
Edge.Cuts
100
AcDbCircle
 10
267.6780393398661
 20
-95.18250943127265
 30
0.0
 40
2.500000000000002
100
AcDbArc
 50
270.0
 51
329.1027087751071
  0
ARC
  5
852
330
1F
100
AcDbEntity
  8
Edge.Cuts
100
AcDbCircle
 10
156.0144471002042
 20
-254.2872233825668
 30
0.0
 40
69.88133929302163
100
AcDbArc
 50
59.07822825144073
 51
89.07822825144069
  0
ARC
  5
853
330
1F
100
AcDbEntity
  8
Edge.Cuts
100
AcDbCircle
 10
283.2115390598919
 20
-250.9399287229179
 30
0.0
 40
66.69564579998021
100
AcDbArc
 50
89.76598421813829
 51
119.7659842181382
  0
ARC
  5
854
330
1F
100
AcDbEntity
  8
Edge.Cuts
100
AcDbCircle
 10
350.85
 20
-109.012501
 30
0.0
 40
0.7500000000000284
100
AcDbArc
 50
180.0
 51
270.0
  0
ARC
  5
855
330
1F
100
AcDbEntity
  8
Edge.Cuts
100
AcDbCircle
 10
350.85
 20
-106.992506
 30
0.0
 40
0.7500000000000284
100
AcDbArc
 50
90.0
 51
180.0
  0
ARC
  5
856
330
1F
100
AcDbEntity
  8
Edge.Cuts
100
AcDbCircle
 10
367.569985
 20
-106.992506
 30
0.0
 40
0.7499999999999174
100
AcDbArc
 50
0.0
 51
90.00000000000422
  0
ARC
  5
857
330
1F
100
AcDbEntity
  8
Edge.Cuts
100
AcDbCircle
 10
367.569985
 20
-109.012501
 30
0.0
 40
0.7499999999999035
100
AcDbArc
 50
270.0
 51
0.0000000000074298
  0
ARC
  5
858
330
1F
100
AcDbEntity
  8
Edge.Cuts
100
AcDbCircle
 10
359.087241
 20
-107.7750407234247
 30
0.0
 40
2.599999999999989
100
AcDbArc
 50
229.8543359022767
 51
310.1456640977233
  0
ARC
  5
859
330
1F
100
AcDbEntity
  8
Edge.Cuts
100
AcDbCircle
 10
350.85
 20
-109.012501
 30
0.0
 40
0.7500000000000284
100
AcDbArc
 50
180.0
 51
270.0
  0
ARC
  5
85A
330
1F
100
AcDbEntity
  8
Edge.Cuts
100
AcDbCircle
 10
350.85
 20
-106.992506
 30
0.0
 40
0.7500000000000284
100
AcDbArc
 50
90.0
 51
180.0
  0
ARC
  5
85B
330
1F
100
AcDbEntity
  8
Edge.Cuts
100
AcDbCircle
 10
359.087241
 20
-107.7750407234247
 30
0.0
 40
2.599999999999978
100
AcDbArc
 50
36.11702590581395
 51
143.8829740941861
  0
ARC
  5
85C
330
1F
100
AcDbEntity
  8
Edge.Cuts
100
AcDbCircle
 10
367.569985
 20
-106.992506
 30
0.0
 40
0.7499999999999174
100
AcDbArc
 50
0.0
 51
90.00000000000422
  0
ARC
  5
85D
330
1F
100
AcDbEntity
  8
Edge.Cuts
100
AcDbCircle
 10
367.569985
 20
-109.012501
 30
0.0
 40
0.7499999999999035
100
AcDbArc
 50
270.0
 51
0.0000000000074298
  0
ARC
  5
85E
330
1F
100
AcDbEntity
  8
Edge.Cuts
100
AcDbCircle
 10
359.087241
 20
-107.7750407234247
 30
0.0
 40
2.599999999999978
100
AcDbArc
 50
143.8829740941861
 51
229.8543359022765
  0
ARC
  5
85F
330
1F
100
AcDbEntity
  8
Edge.Cuts
100
AcDbCircle
 10
359.087241
 20
-107.7750407234247
 30
0.0
 40
2.599999999999978
100
AcDbArc
 50
310.1456640977235
 51
36.11702590581395
  0
ARC
  5
860
330
1F
100
AcDbEntity
  8
Edge.Cuts
100
AcDbCircle
 10
350.85
 20
-109.012501
 30
0.0
 40
0.7500000000000284
100
AcDbArc
 50
180.0
 51
270.0
  0
ARC
  5
861
330
1F
100
AcDbEntity
  8
Edge.Cuts
100
AcDbCircle
 10
350.85
 20
-106.992506
 30
0.0
 40
0.7500000000000284
100
AcDbArc
 50
90.0
 51
180.0
  0
ARC
  5
862
330
1F
100
AcDbEntity
  8
Edge.Cuts
100
AcDbCircle
 10
367.569985
 20
-106.992506
 30
0.0
 40
0.7499999999999174
100
AcDbArc
 50
0.0
 51
90.00000000000422
  0
ARC
  5
863
330
1F
100
AcDbEntity
  8
Edge.Cuts
100
AcDbCircle
 10
367.569985
 20
-109.012501
 30
0.0
 40
0.7499999999999035
100
AcDbArc
 50
270.0
 51
0.0000000000074298
  0
ARC
  5
864
330
1F
100
AcDbEntity
  8
Edge.Cuts
100
AcDbCircle
 10
359.087241
 20
-107.7750407234247
 30
0.0
 40
2.599999999999989
100
AcDbArc
 50
229.8543359022767
 51
310.1456640977233
  0
ARC
  5
865
330
1F
100
AcDbEntity
  8
Edge.Cuts
100
AcDbCircle
 10
350.85
 20
-109.012501
 30
0.0
 40
0.7500000000000284
100
AcDbArc
 50
180.0
 51
270.0
  0
ARC
  5
866
330
1F
100
AcDbEntity
  8
Edge.Cuts
100
AcDbCircle
 10
350.85
 20
-106.992506
 30
0.0
 40
0.7500000000000284
100
AcDbArc
 50
90.0
 51
180.0
  0
ARC
  5
867
330
1F
100
AcDbEntity
  8
Edge.Cuts
100
AcDbCircle
 10
359.087241
 20
-107.7750407234247
 30
0.0
 40
2.599999999999978
100
AcDbArc
 50
36.11702590581395
 51
143.8829740941861
  0
ARC
  5
868
330
1F
100
AcDbEntity
  8
Edge.Cuts
100
AcDbCircle
 10
367.569985
 20
-106.992506
 30
0.0
 40
0.7499999999999174
100
AcDbArc
 50
0.0
 51
90.00000000000422
  0
ARC
  5
869
330
1F
100
AcDbEntity
  8
Edge.Cuts
100
AcDbCircle
 10
367.569985
 20
-109.012501
 30
0.0
 40
0.7499999999999035
100
AcDbArc
 50
270.0
 51
0.0000000000074298
  0
ARC
  5
86A
330
1F
100
AcDbEntity
  8
Edge.Cuts
100
AcDbCircle
 10
359.087241
 20
-107.7750407234247
 30
0.0
 40
2.599999999999978
100
AcDbArc
 50
143.8829740941861
 51
229.8543359022765
  0
ARC
  5
86B
330
1F
100
AcDbEntity
  8
Edge.Cuts
100
AcDbCircle
 10
359.087241
 20
-107.7750407234247
 30
0.0
 40
2.599999999999978
100
AcDbArc
 50
310.1456640977235
 51
36.11702590581395
  0
ARC
  5
86C
330
1F
100
AcDbEntity
  8
Edge.Cuts
100
AcDbCircle
 10
284.6436604852657
 20
-256.3639497666308
 30
0.0
 40
75.63071171634516
100
AcDbArc
 50
91.01045124004473
 51
118.5104512400447
  0
ARC
  5
86D
330
1F
100
AcDbEntity
  8
Edge.Cuts
100
AcDbCircle
 10
315.2843394540462
 20
-93.02527885256086
 30
0.0
 40
2.895121803533404
100
AcDbArc
 50
224.1991284178534
 51
269.0543101074011
  0
ARC
  5
86E
330
1F
100
AcDbEntity
  8
Edge.Cuts
100
AcDbCircle
 10
307.7643136433818
 20
-94.78135502521957
 30
0.0
 40
3.786400576230371
100
AcDbArc
 50
44.40061937608561
 51
89.56898249569711
  0
ARC
  5
86F
330
1F
100
AcDbEntity
  8
Edge.Cuts
100
AcDbCircle
 10
296.1630752389948
 20
-94.76364750514261
 30
0.0
 40
3.622931552452073
100
AcDbArc
 50
90.70262683765475
 51
135.7004601750347
  0
ARC
  5
870
330
1F
100
AcDbEntity
  8
Edge.Cuts
100
AcDbCircle
 10
288.781811838564
 20
-93.09787791689911
 30
0.0
 40
2.822189743786623
100
AcDbArc
 50
270.3714980790218
 51
315.3133106418362
  0
ARC
  5
871
330
1F
100
AcDbEntity
  8
Edge.Cuts
100
AcDbCircle
 10
275.7397277984076
 20
-99.50243147466699
 30
0.0
 40
3.582517650058894
100
AcDbArc
 50
89.58381105917995
 51
149.5188428083837
  0
ARC
  5
872
330
1F
100
AcDbEntity
  8
Edge.Cuts
100
AcDbCircle
 10
269.3091666178449
 20
-97.94956077952725
 30
0.0
 40
2.733057607008185
100
AcDbArc
 50
269.4834984874979
 51
330.1994875436121
  0
ARC
  5
873
330
1F
100
AcDbEntity
  8
Edge.Cuts
100
AcDbCircle
 10
231.6374673147503
 20
-104.3126044861495
 30
0.0
 40
3.630098077348045
100
AcDbArc
 50
89.95901015482225
 51
179.9590101548223
  0
ARC
  5
874
330
1F
100
AcDbEntity
  8
Edge.Cuts
100
AcDbCircle
 10
231.6930286405572
 20
-175.5911641729548
 30
0.0
 40
3.749362878679006
100
AcDbArc
 50
181.5285809572471
 51
208.6667137908694
  0
ARC
  5
875
330
1F
100
AcDbEntity
  8
Edge.Cuts
100
AcDbCircle
 10
240.111028523978
 20
-191.034027416379
 30
0.0
 40
3.624998839636583
100
AcDbArc
 50
209.000001737971
 51
299.012549857886
  0
ARC
  5
876
330
1F
100
AcDbEntity
  8
Edge.Cuts
100
AcDbCircle
 10
284.6436604852657
 20
-256.3639497666308
 30
0.0
 40
75.13071171634523
100
AcDbArc
 50
91.01363164803652
 51
118.5082420059713
  0
ARC
  5
877
330
1F
100
AcDbEntity
  8
Edge.Cuts
100
AcDbCircle
 10
293.9494091879681
 20
-177.2870703424989
 30
0.0
 40
3.951215629123252
100
AcDbArc
 50
273.4773384090374
 51
317.6644347391738
  0
ARC
  5
878
330
1F
100
AcDbEntity
  8
Edge.Cuts
100
AcDbCircle
 10
313.7795285022584
 20
-164.1126005272424
 30
0.0
 40
2.775101527640048
100
AcDbArc
 50
90.00084851639316
 51
140.0007015262795
  0
ARC
  5
879
330
1F
100
AcDbEntity
  8
Edge.Cuts
100
AcDbCircle
 10
366.687238999933
 20
-157.7124999999066
 30
0.0
 40
3.624999000000073
100
AcDbArc
 50
270.0
 51
0.0
  0
ARC
  5
87A
330
1F
100
AcDbEntity
  8
Edge.Cuts
100
AcDbCircle
 10
366.6872380680366
 20
-104.2918767688928
 30
0.0
 40
3.625000000000712
100
AcDbArc
 50
359.9888936617471
 51
88.93842362171533
  0
ARC
  5
87B
330
1F
100
AcDbEntity
  8
Edge.Cuts
100
AcDbCircle
 10
334.6885561226101
 20
-97.9521195777515
 30
0.0
 40
2.730478788439994
100
AcDbArc
 50
210.409339509577
 51
270.4880492829703
  0
ARC
  5
87C
330
1F
100
AcDbEntity
  8
Edge.Cuts
100
AcDbCircle
 10
328.2594841478188
 20
-99.50242348128951
 30
0.0
 40
3.582511704387813
100
AcDbArc
 50
30.48120304030482
 51
90.41622986373186
  0
ARC
  5
87D
330
1F
100
AcDbEntity
  8
Edge.Cuts
100
AcDbCircle
 10
284.6436604852657
 20
-256.3639497666308
 30
0.0
 40
74.13071171634526
100
AcDbArc
 50
91.02008872790549
 51
118.5037566700304
  0
ARC
  5
87E
330
1F
100
AcDbEntity
  8
Edge.Cuts
100
AcDbCircle
 10
293.9494091879681
 20
-177.2870703424989
 30
0.0
 40
4.951215629123252
100
AcDbArc
 50
274.9637822435824
 51
317.9137881544572
  0
ARC
  5
87F
330
1F
100
AcDbEntity
  8
Edge.Cuts
100
AcDbCircle
 10
313.7795285020893
 20
-164.1126005271005
 30
0.0
 40
1.775101527640023
100
AcDbArc
 50
90.0008485163933
 51
140.0001591262666
  0
ARC
  5
880
330
1F
100
AcDbEntity
  8
Edge.Cuts
100
AcDbCircle
 10
366.6872389997638
 20
-157.7124999996551
 30
0.0
 40
4.624999000000074
100
AcDbArc
 50
270.0
 51
0.0
  0
ARC
  5
881
330
1F
100
AcDbEntity
  8
Edge.Cuts
100
AcDbCircle
 10
366.6872380531805
 20
-104.2918765171127
 30
0.0
 40
4.625000000000654
100
AcDbArc
 50
359.9912919161961
 51
89.06017039970776
  0
ARC
  5
882
330
1F
100
AcDbEntity
  8
Edge.Cuts
100
AcDbCircle
 10
334.6885562962484
 20
-97.95211932906369
 30
0.0
 40
1.730478788440001
100
AcDbArc
 50
210.2843399729989
 51
270.6130567820165
  0
ARC
  5
883
330
1F
100
AcDbEntity
  8
Edge.Cuts
100
AcDbCircle
 10
328.2594843214571
 20
-99.50242323260171
 30
0.0
 40
4.582511704387821
100
AcDbArc
 50
30.52940112290382
 51
90.36802307182359
  0
ARC
  5
884
330
1F
100
AcDbEntity
  8
Edge.Cuts
100
AcDbCircle
 10
315.2843396276845
 20
-93.02527860387305
 30
0.0
 40
1.895121803533416
100
AcDbArc
 50
224.4223070283025
 51
268.8311300203367
  0
ARC
  5
885
330
1F
100
AcDbEntity
  8
Edge.Cuts
100
AcDbCircle
 10
307.7643138170201
 20
-94.78135477653178
 30
0.0
 40
4.786400576230373
100
AcDbArc
 50
44.27376563426034
 51
89.69583650578998
  0
ARC
  5
886
330
1F
100
AcDbEntity
  8
Edge.Cuts
100
AcDbCircle
 10
296.1630754129022
 20
-94.76364727831239
 30
0.0
 40
4.622931552452065
100
AcDbArc
 50
90.705554131308
 51
135.7004601750351
  0
ARC
  5
887
330
1F
100
AcDbEntity
  8
Edge.Cuts
100
AcDbCircle
 10
288.781812039301
 20
-93.0978777162647
 30
0.0
 40
1.822189743786629
100
AcDbArc
 50
270.4623312992329
 51
315.2224869753627
  0
ARC
  5
888
330
1F
100
AcDbEntity
  8
Edge.Cuts
100
AcDbCircle
 10
275.7397279991446
 20
-99.50243127403259
 30
0.0
 40
4.582517650058888
100
AcDbArc
 50
89.63201304485135
 51
149.4706471820009
  0
ARC
  5
889
330
1F
100
AcDbEntity
  8
Edge.Cuts
100
AcDbCircle
 10
269.309166818582
 20
-97.94956057889284
 30
0.0
 40
1.733057607008175
100
AcDbArc
 50
269.3513799945144
 51
332.3424586585074
  0
ARC
  5
88A
330
1F
100
AcDbEntity
  8
Edge.Cuts
100
AcDbCircle
 10
231.6374675153748
 20
-104.3126044861495
 30
0.0
 40
4.630098077348049
100
AcDbArc
 50
89.96786306526533
 51
179.9678630652652
  0
ARC
  5
88B
330
1F
100
AcDbEntity
  8
Edge.Cuts
100
AcDbCircle
 10
231.6930286405572
 20
-175.5911641729548
 30
0.0
 40
4.74936287867902
100
AcDbArc
 50
181.3581470473651
 51
208.7038730105448
  0
ARC
  5
88C
330
1F
100
AcDbEntity
  8
Edge.Cuts
100
AcDbCircle
 10
240.111028523978
 20
-191.034027416379
 30
0.0
 40
4.624998839636584
100
AcDbArc
 50
209.0000017379708
 51
299.0312344760237
  0
ARC
  5
88D
330
1F
100
AcDbEntity
  8
Edge.Cuts
100
AcDbCircle
 10
154.1327945266452
 20
-260.909920282588
 30
0.0
 40
80.05253504656956
100
AcDbArc
 50
60.32613924977439
 51
87.82613924977441
  0
ARC
  5
88E
330
1F
100
AcDbEntity
  8
Edge.Cuts
100
AcDbCircle
 10
199.9635358145281
 20
-191.0342694999993
 30
0.0
 40
3.774809173663495
100
AcDbArc
 50
241.3982676460741
 51
331.0025940664996
  0
ARC
  5
88F
330
1F
100
AcDbEntity
  8
Edge.Cuts
100
AcDbCircle
 10
154.1327945266453
 20
-260.9099202825878
 30
0.0
 40
79.55253504656945
100
AcDbArc
 50
60.32361598266342
 51
87.81979948253066
  0
ARC
  5
890
330
1F
100
AcDbEntity
  8
Edge.Cuts
100
AcDbCircle
 10
146.1322003228672
 20
-177.2718113164043
 30
0.0
 40
4.1166370636376
100
AcDbArc
 50
222.3407019526082
 51
267.6446992151205
  0
ARC
  5
891
330
1F
100
AcDbEntity
  8
Edge.Cuts
100
AcDbCircle
 10
126.1444101951102
 20
-164.4354276573428
 30
0.0
 40
2.951215628670008
100
AcDbArc
 50
42.70277233721236
 51
87.2955719365902
  0
ARC
  5
892
330
1F
100
AcDbEntity
  8
Edge.Cuts
100
AcDbCircle
 10
73.38724099999995
 20
-157.712499
 30
0.0
 40
3.775000000000028
100
AcDbArc
 50
179.9999999999996
 51
270.0000000000006
  0
ARC
  5
893
330
1F
100
AcDbEntity
  8
Edge.Cuts
100
AcDbCircle
 10
73.38724100000002
 20
-104.2925020000006
 30
0.0
 40
3.775000000000625
100
AcDbArc
 50
90.00000000000043
 51
179.9999696446117
  0
ARC
  5
894
330
1F
100
AcDbEntity
  8
Edge.Cuts
100
AcDbCircle
 10
105.4471218339934
 20
-97.95007886110417
 30
0.0
 40
2.582517652037586
100
AcDbArc
 50
269.5098111759715
 51
329.5928400760434
  0
ARC
  5
895
330
1F
100
AcDbEntity
  8
Edge.Cuts
100
AcDbCircle
 10
111.876201140018
 20
-99.50038273073129
 30
0.0
 40
3.730478788439894
100
AcDbArc
 50
89.58245773496397
 51
149.5201572502981
  0
ARC
  5
896
330
1F
100
AcDbEntity
  8
Edge.Cuts
100
AcDbCircle
 10
124.8548744156048
 20
-93.03075875303675
 30
0.0
 40
2.73962052903248
100
AcDbArc
 50
270.9496294116119
 51
315.7969224140694
  0
ARC
  5
897
330
1F
100
AcDbEntity
  8
Edge.Cuts
100
AcDbCircle
 10
208.4011254624247
 20
-175.6055634259745
 30
0.0
 40
3.875193484161148
100
AcDbArc
 50
331.3700749758131
 51
358.5035632981942
  0
ARC
  5
898
330
1F
100
AcDbEntity
  8
Edge.Cuts
100
AcDbCircle
 10
132.3758279479952
 20
-94.78910537200971
 30
0.0
 40
3.944151604504968
100
AcDbArc
 50
90.43449535187776
 51
135.5958877606773
  0
ARC
  5
899
330
1F
100
AcDbEntity
  8
Edge.Cuts
100
AcDbCircle
 10
143.9738093573724
 20
-94.76354593524134
 30
0.0
 40
3.772836498342641
100
AcDbArc
 50
44.29953235489683
 51
89.29745337141148
  0
ARC
  5
89A
330
1F
100
AcDbEntity
  8
Edge.Cuts
100
AcDbCircle
 10
151.3541166639496
 20
-93.10003334852172
 30
0.0
 40
2.670021263995522
100
AcDbArc
 50
224.6883534179567
 51
269.6269864540225
  0
ARC
  5
89B
330
1F
100
AcDbEntity
  8
Edge.Cuts
100
AcDbCircle
 10
164.3982734795341
 20
-99.50037776009694
 30
0.0
 40
3.730478788440081
100
AcDbArc
 50
30.47983848343839
 51
90.41754226545999
  0
ARC
  5
89C
330
1F
100
AcDbEntity
  8
Edge.Cuts
100
AcDbCircle
 10
170.8273497844525
 20
-97.95007289245736
 30
0.0
 40
2.582517650059037
100
AcDbArc
 50
210.4071656317613
 51
270.4901888470633
  0
ARC
  5
89D
330
1F
100
AcDbEntity
  8
Edge.Cuts
100
AcDbCircle
 10
208.4949888117296
 20
-104.3124965341099
 30
0.0
 40
3.780003810973469
100
AcDbArc
 50
0.0757969646853464
 51
90.075780599159
  0
ARC
  5
89E
330
1F
100
AcDbEntity
  8
Edge.Cuts
100
AcDbCircle
 10
199.9635358145281
 20
-191.0342694999993
 30
0.0
 40
4.774809173663495
100
AcDbArc
 50
241.9933024101133
 51
331.0020504208008
  0
ARC
  5
89F
330
1F
100
AcDbEntity
  8
Edge.Cuts
100
AcDbCircle
 10
154.1327945266451
 20
-260.9099202825885
 30
0.0
 40
78.55253504657
100
AcDbArc
 50
60.31849736313927
 51
87.80693881599035
  0
ARC
  5
8A0
330
1F
100
AcDbEntity
  8
Edge.Cuts
100
AcDbCircle
 10
146.1322003228671
 20
-177.2718113164044
 30
0.0
 40
5.116637063637542
100
AcDbArc
 50
222.0993445099936
 51
267.8715667752627
  0
ARC
  5
8A1
330
1F
100
AcDbEntity
  8
Edge.Cuts
100
AcDbCircle
 10
126.1444101951102
 20
-164.4354276573427
 30
0.0
 40
1.95121562866997
100
AcDbArc
 50
43.32451241563757
 51
86.67383383975424
  0
ARC
  5
8A2
330
1F
100
AcDbEntity
  8
Edge.Cuts
100
AcDbCircle
 10
73.38724099999995
 20
-157.712499
 30
0.0
 40
4.774999999999959
100
AcDbArc
 50
179.9999999999997
 51
270.0000000000005
  0
ARC
  5
8A3
330
1F
100
AcDbEntity
  8
Edge.Cuts
100
AcDbCircle
 10
73.38724100000002
 20
-104.2925020000006
 30
0.0
 40
4.775000000000404
100
AcDbArc
 50
90.0000000000005
 51
179.999976001761
  0
ARC
  5
8A4
330
1F
100
AcDbEntity
  8
Edge.Cuts
100
AcDbCircle
 10
105.4471218339934
 20
-97.95007886110415
 30
0.0
 40
1.582517652037605
100
AcDbArc
 50
269.3738020951557
 51
329.7288544932571
  0
ARC
  5
8A5
330
1F
100
AcDbEntity
  8
Edge.Cuts
100
AcDbCircle
 10
111.8762011400181
 20
-99.50038273073135
 30
0.0
 40
4.730478788439949
100
AcDbArc
 50
89.6292083228128
 51
149.4734085696946
  0
ARC
  5
8A6
330
1F
100
AcDbEntity
  8
Edge.Cuts
100
AcDbCircle
 10
124.8548744156048
 20
-93.03075875303664
 30
0.0
 40
1.739620529032588
100
AcDbArc
 50
271.1917220046226
 51
315.5548292712554
  0
ARC
  5
8A7
330
1F
100
AcDbEntity
  8
Edge.Cuts
100
AcDbCircle
 10
208.4011254631348
 20
-175.6055634263679
 30
0.0
 40
4.875193484160758
100
AcDbArc
 50
331.3299438850524
 51
358.6658447796689
  0
ARC
  5
8A8
330
1F
100
AcDbEntity
  8
Edge.Cuts
100
AcDbCircle
 10
132.3758279479952
 20
-94.78910537200983
 30
0.0
 40
4.944151604505033
100
AcDbArc
 50
90.31156027117952
 51
135.7188245396642
  0
ARC
  5
8A9
330
1F
100
AcDbEntity
  8
Edge.Cuts
100
AcDbCircle
 10
143.973809357098
 20
-94.76354595753564
 30
0.0
 40
4.772836498342635
100
AcDbArc
 50
44.29953235489717
 51
89.29460216414239
  0
ARC
  5
8AA
330
1F
100
AcDbEntity
  8
Edge.Cuts
100
AcDbCircle
 10
151.35411663682
 20
-93.1000333970368
 30
0.0
 40
1.670021263995513
100
AcDbArc
 50
224.7870205527666
 51
269.5283482802532
  0
ARC
  5
8AB
330
1F
100
AcDbEntity
  8
Edge.Cuts
100
AcDbCircle
 10
164.3982734524046
 20
-99.50037780861203
 30
0.0
 40
4.730478788440147
100
AcDbArc
 50
30.52658076179578
 51
90.37079167762694
  0
ARC
  5
8AC
330
1F
100
AcDbEntity
  8
Edge.Cuts
100
AcDbCircle
 10
170.827349757323
 20
-97.95007294097246
 30
0.0
 40
1.582517650059001
100
AcDbArc
 50
210.2711698469691
 51
270.6261979345476
  0
ARC
  5
8AD
330
1F
100
AcDbEntity
  8
Edge.Cuts
100
AcDbCircle
 10
208.4949881213535
 20
-104.3124972749983
 30
0.0
 40
4.780003810973494
100
AcDbArc
 50
0.0599500930333201
 51
90.05991897337461
  0
CIRCLE
  5
8AE
330
1F
100
AcDbEntity
  8
Edge.Cuts
100
AcDbCircle
 10
90.58
 20
-119.9525
 30
0.0
 40
0.8
  0
CIRCLE
  5
8AF
330
1F
100
AcDbEntity
  8
Edge.Cuts
100
AcDbCircle
 10
90.58
 20
-119.9525
 30
0.0
 40
2.0
  0
CIRCLE
  5
8B0
330
1F
100
AcDbEntity
  8
Edge.Cuts
100
AcDbCircle
 10
90.58
 20
-139.2025
 30
0.0
 40
0.8
  0
CIRCLE
  5
8B1
330
1F
100
AcDbEntity
  8
Edge.Cuts
100
AcDbCircle
 10
90.58
 20
-139.2025
 30
0.0
 40
2.0
  0
CIRCLE
  5
8B2
330
1F
100
AcDbEntity
  8
Edge.Cuts
100
AcDbCircle
 10
147.63
 20
-100.1525
 30
0.0
 40
0.8
  0
CIRCLE
  5
8B3
330
1F
100
AcDbEntity
  8
Edge.Cuts
100
AcDbCircle
 10
147.63
 20
-100.1525
 30
0.0
 40
2.0
  0
CIRCLE
  5
8B4
330
1F
100
AcDbEntity
  8
Edge.Cuts
100
AcDbCircle
 10
167.28
 20
-162.0525
 30
0.0
 40
0.8
  0
CIRCLE
  5
8B5
330
1F
100
AcDbEntity
  8
Edge.Cuts
100
AcDbCircle
 10
167.28
 20
-162.0525
 30
0.0
 40
2.0
  0
CIRCLE
  5
8B6
330
1F
100
AcDbEntity
  8
Edge.Cuts
100
AcDbCircle
 10
292.48
 20
-100.1525
 30
0.0
 40
0.8
  0
CIRCLE
  5
8B7
330
1F
100
AcDbEntity
  8
Edge.Cuts
100
AcDbCircle
 10
292.48
 20
-100.1525
 30
0.0
 40
2.0
  0
CIRCLE
  5
8B8
330
1F
100
AcDbEntity
  8
Edge.Cuts
100
AcDbCircle
 10
349.18
 20
-119.9525
 30
0.0
 40
0.8
  0
CIRCLE
  5
8B9
330
1F
100
AcDbEntity
  8
Edge.Cuts
100
AcDbCircle
 10
349.18
 20
-119.9525
 30
0.0
 40
2.0
  0
CIRCLE
  5
8BA
330
1F
100
AcDbEntity
  8
Edge.Cuts
100
AcDbCircle
 10
349.18
 20
-139.2025
 30
0.0
 40
0.8
  0
CIRCLE
  5
8BB
330
1F
100
AcDbEntity
  8
Edge.Cuts
100
AcDbCircle
 10
349.18
 20
-139.2025
 30
0.0
 40
2.0
  0
CIRCLE
  5
8BC
330
1F
100
AcDbEntity
  8
Edge.Cuts
100
AcDbCircle
 10
272.83
 20
-162.0525
 30
0.0
 40
0.8
  0
CIRCLE
  5
8BD
330
1F
100
AcDbEntity
  8
Edge.Cuts
100
AcDbCircle
 10
272.83
 20
-162.0525
 30
0.0
 40
2.0
  0
CIRCLE
  5
8BE
330
1F
100
AcDbEntity
  8
Edge.Cuts
100
AcDbCircle
 10
241.4450006840785
 20
-181.040435603639
 30
0.0
 40
2.600000000000001
  0
CIRCLE
  5
8BF
330
1F
100
AcDbEntity
  8
Edge.Cuts
100
AcDbCircle
 10
241.4282446636628
 20
-112.1350847967377
 30
0.0
 40
2.599999999999991
  0
CIRCLE
  5
8C0
330
1F
100
AcDbEntity
  8
Edge.Cuts
100
AcDbCircle
 10
359.08383742276
 20
-154.1849995
 30
0.0
 40
2.599999999999991
  0
CIRCLE
  5
8C1
330
1F
100
AcDbEntity
  8
Edge.Cuts
100
AcDbCircle
 10
359.08383742276
 20
-154.1849995
 30
0.0
 40
2.599999999999991
  0
CIRCLE
  5
8C2
330
1F
100
AcDbEntity
  8
Edge.Cuts
100
AcDbCircle
 10
241.4282446636628
 20
-112.1350847967377
 30
0.0
 40
2.599999999999991
  0
CIRCLE
  5
8C3
330
1F
100
AcDbEntity
  8
Edge.Cuts
100
AcDbCircle
 10
359.08383742276
 20
-154.1849995
 30
0.0
 40
2.599999999999991
  0
CIRCLE
  5
8C4
330
1F
100
AcDbEntity
  8
Edge.Cuts
100
AcDbCircle
 10
359.08383742276
 20
-154.1849995
 30
0.0
 40
2.599999999999991
  0
CIRCLE
  5
8C5
330
1F
100
AcDbEntity
  8
Edge.Cuts
100
AcDbCircle
 10
241.4366283318208
 20
-117.6113322967377
 30
0.0
 40
2.59999999999999
  0
CIRCLE
  5
8C6
330
1F
100
AcDbEntity
  8
Edge.Cuts
100
AcDbCircle
 10
241.4449950261283
 20
-174.6306547510039
 30
0.0
 40
2.599999999999992
  0
DIMENSION
  5
8C8
330
1F
100
AcDbEntity
  8
Dimensions
100
AcDbDimension
280
     0
  2
*D1
 10
258.9449730602657
 20
-168.2093944701263
 30
0.0
 11
258.9760406928875
 21
-145.7094159189764
 31
0.0
 70
   161
 71
     5
 42
44.99999999999999
 73
     0
 74
     0
 75
     0
  3
ISO-25
100
AcDbAlignedDimension
 13
254.5071126152793
 23
-123.2032238413022
 33
0.0
 14
254.4449773500357
 24
-168.2031809436019
 34
0.0
1001
ACAD
1000
DSTYLE
1002
{
1070
   271
1070
     3
1070
    78
1070
     8
1070
   177
1070
   140
1070
   176
1070
   140
1070
   178
1070
   140
1070
    40
1040
1.032659922558193
1070
   277
1070
     2
1002
}
  0
DIMENSION
  5
8D6
330
1F
100
AcDbEntity
  8
Dimensions
100
AcDbDimension
280
     0
  2
*D2
 10
228.4958011418436
 20
-125.687509539831
 30
0.0
 11
241.4956724504023
 21
-125.7453538214225
 31
0.0
 70
   161
 71
     5
 42
26.0
 73
     0
 74
     0
 75
     0
  3
ISO-25
100
AcDbAlignedDimension
 13
254.5071126152793
 23
-123.2032238413022
 33
0.0
 14
228.5073699981619
 24
-123.0875352781192
 34
0.0
1001
ACAD
1000
DSTYLE
1002
{
1070
   271
1070
     3
1070
    78
1070
     8
1070
   177
1070
   140
1070
   176
1070
   140
1070
   178
1070
   140
1070
    40
1040
1.032659922558193
1070
   277
1070
     2
1002
}
  0
DIMENSION
  5
8E3
330
1F
100
AcDbEntity
  8
Dimensions
100
AcDbDimension
280
     0
  2
*D3
 10
228.4484319056409
 20
-170.8374977350136
 30
0.0
 11
241.4484205806587
 21
-170.8203382068095
 31
0.0
 70
   161
 71
     5
 42
25.99999999999998
 73
     0
 74
     0
 75
     0
  3
ISO-25
100
AcDbAlignedDimension
 13
254.4449773500357
 23
-168.2031809436019
 33
0.0
 14
228.4450000000001
 24
-168.23750000001
 34
0.0
1001
ACAD
1000
DSTYLE
1002
{
1070
   271
1070
     3
1070
    78
1070
     8
1070
   177
1070
   140
1070
   176
1070
   140
1070
   178
1070
   140
1070
    40
1040
1.032659922558193
1070
   277
1070
     2
1002
}
  0
DIMENSION
  5
8F0
330
1F
100
AcDbEntity
  8
Dimensions
100
AcDbDimension
280
     0
  2
*D4
 10
190.2749952506797
 20
-167.897393147757
 30
0.0
 11
190.2749952506797
 21
-145.397393147757
 31
0.0
 70
   161
 71
     5
 42
45.00000000000001
 73
     0
 74
     0
 75
     0
  3
ISO-25
100
AcDbAlignedDimension
 13
185.7749952506797
 23
-122.8973931477569
 33
0.0
 14
185.7749952506797
 24
-167.897393147757
 34
0.0
1001
ACAD
1000
DSTYLE
1002
{
1070
   271
1070
     3
1070
    78
1070
     8
1070
   177
1070
   140
1070
   176
1070
   140
1070
   178
1070
   140
1070
    40
1040
1.032659922558193
1070
   277
1070
     2
1002
}
  0
DIMENSION
  5
8FD
330
1F
100
AcDbEntity
  8
Dimensions
100
AcDbDimension
280
     0
  2
*D5
 10
238.8372303090756
 20
-117.5553866146125
 30
0.0
 11
234.3570810629819
 21
-117.4589623643045
 31
0.0
 70
   163
 71
     5
 42
5.199999999999967
 73
     0
 74
     0
 75
     0
  3
ISO-25
100
AcDbDiametricDimension
 15
244.0360263545659
 25
-117.6672779788629
 35
0.0
 40
0.0
1001
ACAD
1000
DSTYLE
1002
{
1070
   271
1070
     3
1070
    78
1070
     8
1070
   177
1070
   140
1070
   176
1070
   140
1070
   178
1070
   140
1070
    40
1040
1.032659922558193
1070
   277
1070
     2
1002
}
  0
DIMENSION
  5
906
330
1F
100
AcDbEntity
  8
Dimensions
100
AcDbDimension
280
     0
  2
*D6
 10
238.845436645272
 20
-174.678573687965
 30
0.0
 11
234.3650110166218
 21
-174.7611635750931
 31
0.0
 70
   163
 71
     5
 42
5.19999999999996
 73
     0
 74
     0
 75
     0
  3
ISO-25
100
AcDbDiametricDimension
 15
244.0445534069846
 25
-174.5827358140429
 35
0.0
 40
0.0
1001
ACAD
1000
DSTYLE
1002
{
1070
   271
1070
     3
1070
    78
1070
     8
1070
   177
1070
   140
1070
   176
1070
   140
1070
   178
1070
   140
1070
    40
1040
1.032659922558193
1070
   277
1070
     2
1002
}
  0
DIMENSION
  5
90F
330
1F
100
AcDbEntity
  8
Dimensions
100
AcDbDimension
280
     0
  2
*D7
 10
267.2713486913901
 20
-159.5909655178502
 30
0.0
 11
259.5938730066945
 21
-161.2886330710932
 31
0.0
 70
   165
 71
     5
 42
0.4799655442984399
 73
     0
 74
     0
 75
     0
  3
ISO-25
100
AcDb3PointAngularDimension
 13
283.309929
 23
-180.744999
 33
0.0
 14
248.5436805585041
 24
-189.904969906808
 34
0.0
 15
284.6436604852657
 25
-256.3639497666308
 35
0.0
1001
ACAD
1000
DSTYLE
1002
{
1070
   179
1070
     3
1070
    79
1070
     2
1070
   177
1070
   140
1070
   176
1070
   140
1070
   178
1070
   140
1070
    40
1040
1.032659922558193
1070
   277
1070
     2
1002
}
  0
DIMENSION
  5
91D
330
1F
100
AcDbEntity
  8
Dimensions
100
AcDbDimension
280
     0
  2
*D8
 10
190.5905188654629
 20
-163.4366189282644
 30
0.0
 11
182.6849419998619
 21
-160.835023252695
 31
0.0
 70
   165
 71
     5
 42
0.479965544298441
 73
     0
 74
     0
 75
     0
  3
ISO-25
100
AcDb3PointAngularDimension
 13
193.7637893145281
 23
-191.3556779999993
 33
0.0
 14
157.1693413145281
 24
-180.9149969999993
 34
0.0
 15
154.1327945266452
 25
-260.909920282588
 35
0.0
1001
ACAD
1000
DSTYLE
1002
{
1070
   179
1070
     3
1070
    79
1070
     2
1070
   177
1070
   140
1070
   176
1070
   140
1070
   178
1070
   140
1070
    40
1040
1.032659922558193
1070
   277
1070
     2
1002
}
  0
LINE
  5
92C
330
1F
100
AcDbEntity
  8
User.2
100
AcDbLine
 10
173.702961
 20
-105.947067
 30
0.0
 11
173.735433
 21
-105.979539
 31
0.0
  0
LINE
  5
92D
330
1F
100
AcDbEntity
  8
User.2
100
AcDbLine
 10
173.735433
 20
-105.979539
 30
0.0
 11
173.74
 21
-106.0025
 31
0.0
  0
LINE
  5
92E
330
1F
100
AcDbEntity
  8
User.2
100
AcDbLine
 10
173.74
 20
-106.0025
 30
0.0
 11
173.74
 21
-156.0025
 31
0.0
  0
LINE
  5
92F
330
1F
100
AcDbEntity
  8
User.2
100
AcDbLine
 10
173.74
 20
-156.0025
 30
0.0
 11
173.735433
 21
-156.025461
 31
0.0
  0
LINE
  5
930
330
1F
100
AcDbEntity
  8
User.2
100
AcDbLine
 10
173.735433
 20
-156.025461
 30
0.0
 11
173.702961
 21
-156.057933
 31
0.0
  0
LINE
  5
931
330
1F
100
AcDbEntity
  8
User.2
100
AcDbLine
 10
173.702961
 20
-156.057933
 30
0.0
 11
173.68
 21
-156.0625
 31
0.0
  0
LINE
  5
932
330
1F
100
AcDbEntity
  8
User.2
100
AcDbLine
 10
173.68
 20
-156.0625
 30
0.0
 11
93.67999999999998
 21
-156.0625
 31
0.0
  0
LINE
  5
933
330
1F
100
AcDbEntity
  8
User.2
100
AcDbLine
 10
93.67999999999998
 20
-156.0625
 30
0.0
 11
93.65703899999998
 21
-156.057933
 31
0.0
  0
LINE
  5
934
330
1F
100
AcDbEntity
  8
User.2
100
AcDbLine
 10
93.65703899999998
 20
-156.057933
 30
0.0
 11
93.62456699999998
 21
-156.025461
 31
0.0
  0
LINE
  5
935
330
1F
100
AcDbEntity
  8
User.2
100
AcDbLine
 10
93.62456699999998
 20
-156.025461
 30
0.0
 11
93.61999999999999
 21
-156.0025
 31
0.0
  0
LINE
  5
936
330
1F
100
AcDbEntity
  8
User.2
100
AcDbLine
 10
93.61999999999999
 20
-156.0025
 30
0.0
 11
93.61999999999999
 21
-106.0025
 31
0.0
  0
LINE
  5
937
330
1F
100
AcDbEntity
  8
User.2
100
AcDbLine
 10
93.61999999999999
 20
-106.0025
 30
0.0
 11
93.62456699999998
 21
-105.979539
 31
0.0
  0
LINE
  5
938
330
1F
100
AcDbEntity
  8
User.2
100
AcDbLine
 10
93.62456699999998
 20
-105.979539
 30
0.0
 11
93.65703899999998
 21
-105.947067
 31
0.0
  0
LINE
  5
939
330
1F
100
AcDbEntity
  8
User.2
100
AcDbLine
 10
93.65703899999998
 20
-105.947067
 30
0.0
 11
93.67999999999998
 21
-105.9425
 31
0.0
  0
LINE
  5
93A
330
1F
100
AcDbEntity
  8
User.2
100
AcDbLine
 10
93.67999999999998
 20
-105.9425
 30
0.0
 11
173.68
 21
-105.9425
 31
0.0
  0
LINE
  5
93B
330
1F
100
AcDbEntity
  8
User.2
100
AcDbLine
 10
173.68
 20
-105.9425
 30
0.0
 11
173.702961
 21
-105.947067
 31
0.0
  0
LINE
  5
93C
330
1F
100
AcDbEntity
  8
User.2
100
AcDbLine
 10
345.277961
 20
-105.897067
 30
0.0
 11
345.310433
 21
-105.929539
 31
0.0
  0
LINE
  5
93D
330
1F
100
AcDbEntity
  8
User.2
100
AcDbLine
 10
345.310433
 20
-105.929539
 30
0.0
 11
345.315
 21
-105.9525
 31
0.0
  0
LINE
  5
93E
330
1F
100
AcDbEntity
  8
User.2
100
AcDbLine
 10
345.315
 20
-105.9525
 30
0.0
 11
345.315
 21
-155.9525
 31
0.0
  0
LINE
  5
93F
330
1F
100
AcDbEntity
  8
User.2
100
AcDbLine
 10
345.315
 20
-155.9525
 30
0.0
 11
345.310433
 21
-155.975461
 31
0.0
  0
LINE
  5
940
330
1F
100
AcDbEntity
  8
User.2
100
AcDbLine
 10
345.310433
 20
-155.975461
 30
0.0
 11
345.277961
 21
-156.007933
 31
0.0
  0
LINE
  5
941
330
1F
100
AcDbEntity
  8
User.2
100
AcDbLine
 10
345.277961
 20
-156.007933
 30
0.0
 11
345.255
 21
-156.0125
 31
0.0
  0
LINE
  5
942
330
1F
100
AcDbEntity
  8
User.2
100
AcDbLine
 10
345.255
 20
-156.0125
 30
0.0
 11
265.255
 21
-156.0125
 31
0.0
  0
LINE
  5
943
330
1F
100
AcDbEntity
  8
User.2
100
AcDbLine
 10
265.255
 20
-156.0125
 30
0.0
 11
265.232039
 21
-156.007933
 31
0.0
  0
LINE
  5
944
330
1F
100
AcDbEntity
  8
User.2
100
AcDbLine
 10
265.232039
 20
-156.007933
 30
0.0
 11
265.1995669999999
 21
-155.975461
 31
0.0
  0
LINE
  5
945
330
1F
100
AcDbEntity
  8
User.2
100
AcDbLine
 10
265.1995669999999
 20
-155.975461
 30
0.0
 11
265.195
 21
-155.9525
 31
0.0
  0
LINE
  5
946
330
1F
100
AcDbEntity
  8
User.2
100
AcDbLine
 10
265.195
 20
-155.9525
 30
0.0
 11
265.195
 21
-105.9525
 31
0.0
  0
LINE
  5
947
330
1F
100
AcDbEntity
  8
User.2
100
AcDbLine
 10
265.195
 20
-105.9525
 30
0.0
 11
265.1995669999999
 21
-105.929539
 31
0.0
  0
LINE
  5
948
330
1F
100
AcDbEntity
  8
User.2
100
AcDbLine
 10
265.1995669999999
 20
-105.929539
 30
0.0
 11
265.232039
 21
-105.897067
 31
0.0
  0
LINE
  5
949
330
1F
100
AcDbEntity
  8
User.2
100
AcDbLine
 10
265.232039
 20
-105.897067
 30
0.0
 11
265.255
 21
-105.8925
 31
0.0
  0
LINE
  5
94A
330
1F
100
AcDbEntity
  8
User.2
100
AcDbLine
 10
265.255
 20
-105.8925
 30
0.0
 11
345.255
 21
-105.8925
 31
0.0
  0
LINE
  5
94B
330
1F
100
AcDbEntity
  8
User.2
100
AcDbLine
 10
345.255
 20
-105.8925
 30
0.0
 11
345.277961
 21
-105.897067
 31
0.0
  0
LINE
  5
94D
330
1F
100
AcDbEntity
  8
User.3
100
AcDbLine
 10
194.296464
 20
-171.142629
 30
0.0
 11
206.541141
 21
-177.929963
 31
0.0
  0
LINE
  5
94E
330
1F
100
AcDbEntity
  8
User.3
100
AcDbLine
 10
206.541141
 20
-177.929963
 30
0.0
 11
206.55603
 21
-177.942568
 31
0.0
  0
LINE
  5
94F
330
1F
100
AcDbEntity
  8
User.3
100
AcDbLine
 10
206.55603
 20
-177.942568
 30
0.0
 11
206.566579
 21
-177.979354
 31
0.0
  0
LINE
  5
950
330
1F
100
AcDbEntity
  8
User.3
100
AcDbLine
 10
206.566579
 20
-177.979354
 30
0.0
 11
206.560631
 21
-177.997934
 31
0.0
  0
LINE
  5
951
330
1F
100
AcDbEntity
  8
User.3
100
AcDbLine
 10
206.560631
 20
-177.997934
 30
0.0
 11
199.773297
 21
-190.24261
 31
0.0
  0
LINE
  5
952
330
1F
100
AcDbEntity
  8
User.3
100
AcDbLine
 10
199.773297
 20
-190.24261
 30
0.0
 11
199.760692
 21
-190.2575
 31
0.0
  0
LINE
  5
953
330
1F
100
AcDbEntity
  8
User.3
100
AcDbLine
 10
199.760692
 20
-190.2575
 30
0.0
 11
199.723906
 21
-190.268049
 31
0.0
  0
LINE
  5
954
330
1F
100
AcDbEntity
  8
User.3
100
AcDbLine
 10
199.723906
 20
-190.268049
 30
0.0
 11
199.705326
 21
-190.262101
 31
0.0
  0
LINE
  5
955
330
1F
100
AcDbEntity
  8
User.3
100
AcDbLine
 10
199.705326
 20
-190.262101
 30
0.0
 11
187.46065
 21
-183.474767
 31
0.0
  0
LINE
  5
956
330
1F
100
AcDbEntity
  8
User.3
100
AcDbLine
 10
187.46065
 20
-183.474767
 30
0.0
 11
187.44576
 21
-183.462162
 31
0.0
  0
LINE
  5
957
330
1F
100
AcDbEntity
  8
User.3
100
AcDbLine
 10
187.44576
 20
-183.462162
 30
0.0
 11
187.435211
 21
-183.425376
 31
0.0
  0
LINE
  5
958
330
1F
100
AcDbEntity
  8
User.3
100
AcDbLine
 10
187.435211
 20
-183.425376
 30
0.0
 11
187.441159
 21
-183.406796
 31
0.0
  0
LINE
  5
959
330
1F
100
AcDbEntity
  8
User.3
100
AcDbLine
 10
187.441159
 20
-183.406796
 30
0.0
 11
194.228493
 21
-171.162119
 31
0.0
  0
LINE
  5
95A
330
1F
100
AcDbEntity
  8
User.3
100
AcDbLine
 10
194.228493
 20
-171.162119
 30
0.0
 11
194.241098
 21
-171.14723
 31
0.0
  0
LINE
  5
95B
330
1F
100
AcDbEntity
  8
User.3
100
AcDbLine
 10
194.241098
 20
-171.14723
 30
0.0
 11
194.277884
 21
-171.136681
 31
0.0
  0
LINE
  5
95C
330
1F
100
AcDbEntity
  8
User.3
100
AcDbLine
 10
194.277884
 20
-171.136681
 30
0.0
 11
194.296464
 21
-171.142629
 31
0.0
  0
LINE
  5
95D
330
1F
100
AcDbEntity
  8
User.3
100
AcDbLine
 10
245.833384
 20
-171.14723
 30
0.0
 11
245.845989
 21
-171.16212
 31
0.0
  0
LINE
  5
95E
330
1F
100
AcDbEntity
  8
User.3
100
AcDbLine
 10
245.845989
 20
-171.16212
 30
0.0
 11
252.633323
 21
-183.406796
 31
0.0
  0
LINE
  5
95F
330
1F
100
AcDbEntity
  8
User.3
100
AcDbLine
 10
252.633323
 20
-183.406796
 30
0.0
 11
252.639271
 21
-183.425376
 31
0.0
  0
LINE
  5
960
330
1F
100
AcDbEntity
  8
User.3
100
AcDbLine
 10
252.639271
 20
-183.425376
 30
0.0
 11
252.628722
 21
-183.462162
 31
0.0
  0
LINE
  5
961
330
1F
100
AcDbEntity
  8
User.3
100
AcDbLine
 10
252.628722
 20
-183.462162
 30
0.0
 11
252.6138329999999
 21
-183.474767
 31
0.0
  0
LINE
  5
962
330
1F
100
AcDbEntity
  8
User.3
100
AcDbLine
 10
252.6138329999999
 20
-183.474767
 30
0.0
 11
240.369156
 21
-190.262101
 31
0.0
  0
LINE
  5
963
330
1F
100
AcDbEntity
  8
User.3
100
AcDbLine
 10
240.369156
 20
-190.262101
 30
0.0
 11
240.350576
 21
-190.268049
 31
0.0
  0
LINE
  5
964
330
1F
100
AcDbEntity
  8
User.3
100
AcDbLine
 10
240.350576
 20
-190.268049
 30
0.0
 11
240.31379
 21
-190.2575
 31
0.0
  0
LINE
  5
965
330
1F
100
AcDbEntity
  8
User.3
100
AcDbLine
 10
240.31379
 20
-190.2575
 30
0.0
 11
240.301185
 21
-190.242611
 31
0.0
  0
LINE
  5
966
330
1F
100
AcDbEntity
  8
User.3
100
AcDbLine
 10
240.301185
 20
-190.242611
 30
0.0
 11
233.513851
 21
-177.997934
 31
0.0
  0
LINE
  5
967
330
1F
100
AcDbEntity
  8
User.3
100
AcDbLine
 10
233.513851
 20
-177.997934
 30
0.0
 11
233.507903
 21
-177.979354
 31
0.0
  0
LINE
  5
968
330
1F
100
AcDbEntity
  8
User.3
100
AcDbLine
 10
233.507903
 20
-177.979354
 30
0.0
 11
233.518452
 21
-177.942568
 31
0.0
  0
LINE
  5
969
330
1F
100
AcDbEntity
  8
User.3
100
AcDbLine
 10
233.518452
 20
-177.942568
 30
0.0
 11
233.533342
 21
-177.929963
 31
0.0
  0
LINE
  5
96A
330
1F
100
AcDbEntity
  8
User.3
100
AcDbLine
 10
233.533342
 20
-177.929963
 30
0.0
 11
245.778018
 21
-171.142629
 31
0.0
  0
LINE
  5
96B
330
1F
100
AcDbEntity
  8
User.3
100
AcDbLine
 10
245.778018
 20
-171.142629
 30
0.0
 11
245.796598
 21
-171.136681
 31
0.0
  0
LINE
  5
96C
330
1F
100
AcDbEntity
  8
User.3
100
AcDbLine
 10
245.796598
 20
-171.136681
 30
0.0
 11
245.833384
 21
-171.14723
 31
0.0
  0
LINE
  5
96D
330
1F
100
AcDbEntity
  8
User.3
100
AcDbLine
 10
268.215667
 20
-164.097118
 30
0.0
 11
268.231654
 21
-164.106348
 31
0.0
  0
LINE
  5
96E
330
1F
100
AcDbEntity
  8
User.3
100
AcDbLine
 10
268.231654
 20
-164.106348
 30
0.0
 11
268.240282
 21
-164.123845
 31
0.0
  0
LINE
  5
96F
330
1F
100
AcDbEntity
  8
User.3
100
AcDbLine
 10
268.240282
 20
-164.123845
 30
0.0
 11
271.863749
 21
-177.646806
 31
0.0
  0
LINE
  5
970
330
1F
100
AcDbEntity
  8
User.3
100
AcDbLine
 10
271.863749
 20
-177.646806
 30
0.0
 11
271.865024
 21
-177.666267
 31
0.0
  0
LINE
  5
971
330
1F
100
AcDbEntity
  8
User.3
100
AcDbLine
 10
271.865024
 20
-177.666267
 30
0.0
 11
271.845889
 21
-177.699417
 31
0.0
  0
LINE
  5
972
330
1F
100
AcDbEntity
  8
User.3
100
AcDbLine
 10
271.845889
 20
-177.699417
 30
0.0
 11
271.828392
 21
-177.708045
 31
0.0
  0
LINE
  5
973
330
1F
100
AcDbEntity
  8
User.3
100
AcDbLine
 10
271.828392
 20
-177.708045
 30
0.0
 11
258.3054310000001
 21
-181.331512
 31
0.0
  0
LINE
  5
974
330
1F
100
AcDbEntity
  8
User.3
100
AcDbLine
 10
258.3054310000001
 20
-181.331512
 30
0.0
 11
258.285968
 21
-181.332787
 31
0.0
  0
LINE
  5
975
330
1F
100
AcDbEntity
  8
User.3
100
AcDbLine
 10
258.285968
 20
-181.332787
 30
0.0
 11
258.252826
 21
-181.313652
 31
0.0
  0
LINE
  5
976
330
1F
100
AcDbEntity
  8
User.3
100
AcDbLine
 10
258.252826
 20
-181.313652
 30
0.0
 11
258.244198
 21
-181.296155
 31
0.0
  0
LINE
  5
977
330
1F
100
AcDbEntity
  8
User.3
100
AcDbLine
 10
258.244198
 20
-181.296155
 30
0.0
 11
254.620731
 21
-167.773194
 31
0.0
  0
LINE
  5
978
330
1F
100
AcDbEntity
  8
User.3
100
AcDbLine
 10
254.620731
 20
-167.773194
 30
0.0
 11
254.619455
 21
-167.753727
 31
0.0
  0
LINE
  5
979
330
1F
100
AcDbEntity
  8
User.3
100
AcDbLine
 10
254.619455
 20
-167.753727
 30
0.0
 11
254.638589
 21
-167.720585
 31
0.0
  0
LINE
  5
97A
330
1F
100
AcDbEntity
  8
User.3
100
AcDbLine
 10
254.638589
 20
-167.720585
 30
0.0
 11
254.656086
 21
-167.711957
 31
0.0
  0
LINE
  5
97B
330
1F
100
AcDbEntity
  8
User.3
100
AcDbLine
 10
254.656086
 20
-167.711957
 30
0.0
 11
268.179047
 21
-164.08849
 31
0.0
  0
LINE
  5
97C
330
1F
100
AcDbEntity
  8
User.3
100
AcDbLine
 10
268.179047
 20
-164.08849
 30
0.0
 11
268.198513
 21
-164.087214
 31
0.0
  0
LINE
  5
97D
330
1F
100
AcDbEntity
  8
User.3
100
AcDbLine
 10
268.198513
 20
-164.087214
 30
0.0
 11
268.215667
 21
-164.097118
 31
0.0
  0
LINE
  5
97E
330
1F
100
AcDbEntity
  8
User.3
100
AcDbLine
 10
171.875968
 20
-164.087213
 30
0.0
 11
171.895431
 21
-164.088489
 31
0.0
  0
LINE
  5
97F
330
1F
100
AcDbEntity
  8
User.3
100
AcDbLine
 10
171.895431
 20
-164.088489
 30
0.0
 11
185.418392
 21
-167.711956
 31
0.0
  0
LINE
  5
980
330
1F
100
AcDbEntity
  8
User.3
100
AcDbLine
 10
185.418392
 20
-167.711956
 30
0.0
 11
185.435889
 21
-167.720584
 31
0.0
  0
LINE
  5
981
330
1F
100
AcDbEntity
  8
User.3
100
AcDbLine
 10
185.435889
 20
-167.720584
 30
0.0
 11
185.455024
 21
-167.753726
 31
0.0
  0
LINE
  5
982
330
1F
100
AcDbEntity
  8
User.3
100
AcDbLine
 10
185.455024
 20
-167.753726
 30
0.0
 11
185.453749
 21
-167.773193
 31
0.0
  0
LINE
  5
983
330
1F
100
AcDbEntity
  8
User.3
100
AcDbLine
 10
185.453749
 20
-167.773193
 30
0.0
 11
181.830282
 21
-181.296154
 31
0.0
  0
LINE
  5
984
330
1F
100
AcDbEntity
  8
User.3
100
AcDbLine
 10
181.830282
 20
-181.296154
 30
0.0
 11
181.821654
 21
-181.313651
 31
0.0
  0
LINE
  5
985
330
1F
100
AcDbEntity
  8
User.3
100
AcDbLine
 10
181.821654
 20
-181.313651
 30
0.0
 11
181.788513
 21
-181.332785
 31
0.0
  0
LINE
  5
986
330
1F
100
AcDbEntity
  8
User.3
100
AcDbLine
 10
181.788513
 20
-181.332785
 30
0.0
 11
181.769047
 21
-181.33151
 31
0.0
  0
LINE
  5
987
330
1F
100
AcDbEntity
  8
User.3
100
AcDbLine
 10
181.769047
 20
-181.33151
 30
0.0
 11
168.246086
 21
-177.708043
 31
0.0
  0
LINE
  5
988
330
1F
100
AcDbEntity
  8
User.3
100
AcDbLine
 10
168.246086
 20
-177.708043
 30
0.0
 11
168.228589
 21
-177.699415
 31
0.0
  0
LINE
  5
989
330
1F
100
AcDbEntity
  8
User.3
100
AcDbLine
 10
168.228589
 20
-177.699415
 30
0.0
 11
168.209455
 21
-177.666273
 31
0.0
  0
LINE
  5
98A
330
1F
100
AcDbEntity
  8
User.3
100
AcDbLine
 10
168.209455
 20
-177.666273
 30
0.0
 11
168.210731
 21
-177.646806
 31
0.0
  0
LINE
  5
98B
330
1F
100
AcDbEntity
  8
User.3
100
AcDbLine
 10
168.210731
 20
-177.646806
 30
0.0
 11
171.834198
 21
-164.123845
 31
0.0
  0
LINE
  5
98C
330
1F
100
AcDbEntity
  8
User.3
100
AcDbLine
 10
171.834198
 20
-164.123845
 30
0.0
 11
171.842826
 21
-164.106348
 31
0.0
  0
LINE
  5
98D
330
1F
100
AcDbEntity
  8
User.3
100
AcDbLine
 10
171.842826
 20
-164.106348
 30
0.0
 11
171.875968
 21
-164.087213
 31
0.0
  0
LINE
  5
98E
330
1F
100
AcDbEntity
  8
User.3
100
AcDbLine
 10
162.301375
 20
-162.963806
 30
0.0
 11
162.328435
 21
-162.990866
 31
0.0
  0
LINE
  5
98F
330
1F
100
AcDbEntity
  8
User.3
100
AcDbLine
 10
162.328435
 20
-162.990866
 30
0.0
 11
162.332241
 21
-163.01
 31
0.0
  0
LINE
  5
990
330
1F
100
AcDbEntity
  8
User.3
100
AcDbLine
 10
162.332241
 20
-163.01
 30
0.0
 11
162.332241
 21
-177.01
 31
0.0
  0
LINE
  5
991
330
1F
100
AcDbEntity
  8
User.3
100
AcDbLine
 10
162.332241
 20
-177.01
 30
0.0
 11
162.328435
 21
-177.029134
 31
0.0
  0
LINE
  5
992
330
1F
100
AcDbEntity
  8
User.3
100
AcDbLine
 10
162.328435
 20
-177.029134
 30
0.0
 11
162.301375
 21
-177.056194
 31
0.0
  0
LINE
  5
993
330
1F
100
AcDbEntity
  8
User.3
100
AcDbLine
 10
162.301375
 20
-177.056194
 30
0.0
 11
162.282241
 21
-177.06
 31
0.0
  0
LINE
  5
994
330
1F
100
AcDbEntity
  8
User.3
100
AcDbLine
 10
162.282241
 20
-177.06
 30
0.0
 11
148.282241
 21
-177.06
 31
0.0
  0
LINE
  5
995
330
1F
100
AcDbEntity
  8
User.3
100
AcDbLine
 10
148.282241
 20
-177.06
 30
0.0
 11
148.263107
 21
-177.056194
 31
0.0
  0
LINE
  5
996
330
1F
100
AcDbEntity
  8
User.3
100
AcDbLine
 10
148.263107
 20
-177.056194
 30
0.0
 11
148.236047
 21
-177.029134
 31
0.0
  0
LINE
  5
997
330
1F
100
AcDbEntity
  8
User.3
100
AcDbLine
 10
148.236047
 20
-177.029134
 30
0.0
 11
148.232241
 21
-177.01
 31
0.0
  0
LINE
  5
998
330
1F
100
AcDbEntity
  8
User.3
100
AcDbLine
 10
148.232241
 20
-177.01
 30
0.0
 11
148.232241
 21
-163.01
 31
0.0
  0
LINE
  5
999
330
1F
100
AcDbEntity
  8
User.3
100
AcDbLine
 10
148.232241
 20
-163.01
 30
0.0
 11
148.236047
 21
-162.990866
 31
0.0
  0
LINE
  5
99A
330
1F
100
AcDbEntity
  8
User.3
100
AcDbLine
 10
148.236047
 20
-162.990866
 30
0.0
 11
148.263107
 21
-162.963806
 31
0.0
  0
LINE
  5
99B
330
1F
100
AcDbEntity
  8
User.3
100
AcDbLine
 10
148.263107
 20
-162.963806
 30
0.0
 11
148.282241
 21
-162.96
 31
0.0
  0
LINE
  5
99C
330
1F
100
AcDbEntity
  8
User.3
100
AcDbLine
 10
148.282241
 20
-162.96
 30
0.0
 11
162.282241
 21
-162.96
 31
0.0
  0
LINE
  5
99D
330
1F
100
AcDbEntity
  8
User.3
100
AcDbLine
 10
162.282241
 20
-162.96
 30
0.0
 11
162.301375
 21
-162.963806
 31
0.0
  0
LINE
  5
99E
330
1F
100
AcDbEntity
  8
User.3
100
AcDbLine
 10
291.811375
 20
-162.963806
 30
0.0
 11
291.838435
 21
-162.990866
 31
0.0
  0
LINE
  5
99F
330
1F
100
AcDbEntity
  8
User.3
100
AcDbLine
 10
291.838435
 20
-162.990866
 30
0.0
 11
291.842241
 21
-163.01
 31
0.0
  0
LINE
  5
9A0
330
1F
100
AcDbEntity
  8
User.3
100
AcDbLine
 10
291.842241
 20
-163.01
 30
0.0
 11
291.842241
 21
-177.01
 31
0.0
  0
LINE
  5
9A1
330
1F
100
AcDbEntity
  8
User.3
100
AcDbLine
 10
291.842241
 20
-177.01
 30
0.0
 11
291.838435
 21
-177.029134
 31
0.0
  0
LINE
  5
9A2
330
1F
100
AcDbEntity
  8
User.3
100
AcDbLine
 10
291.838435
 20
-177.029134
 30
0.0
 11
291.811375
 21
-177.056194
 31
0.0
  0
LINE
  5
9A3
330
1F
100
AcDbEntity
  8
User.3
100
AcDbLine
 10
291.811375
 20
-177.056194
 30
0.0
 11
291.792241
 21
-177.06
 31
0.0
  0
LINE
  5
9A4
330
1F
100
AcDbEntity
  8
User.3
100
AcDbLine
 10
291.792241
 20
-177.06
 30
0.0
 11
277.792241
 21
-177.06
 31
0.0
  0
LINE
  5
9A5
330
1F
100
AcDbEntity
  8
User.3
100
AcDbLine
 10
277.792241
 20
-177.06
 30
0.0
 11
277.773107
 21
-177.056194
 31
0.0
  0
LINE
  5
9A6
330
1F
100
AcDbEntity
  8
User.3
100
AcDbLine
 10
277.773107
 20
-177.056194
 30
0.0
 11
277.746047
 21
-177.029134
 31
0.0
  0
LINE
  5
9A7
330
1F
100
AcDbEntity
  8
User.3
100
AcDbLine
 10
277.746047
 20
-177.029134
 30
0.0
 11
277.742241
 21
-177.01
 31
0.0
  0
LINE
  5
9A8
330
1F
100
AcDbEntity
  8
User.3
100
AcDbLine
 10
277.742241
 20
-177.01
 30
0.0
 11
277.742241
 21
-163.01
 31
0.0
  0
LINE
  5
9A9
330
1F
100
AcDbEntity
  8
User.3
100
AcDbLine
 10
277.742241
 20
-163.01
 30
0.0
 11
277.746047
 21
-162.990866
 31
0.0
  0
LINE
  5
9AA
330
1F
100
AcDbEntity
  8
User.3
100
AcDbLine
 10
277.746047
 20
-162.990866
 30
0.0
 11
277.773107
 21
-162.963806
 31
0.0
  0
LINE
  5
9AB
330
1F
100
AcDbEntity
  8
User.3
100
AcDbLine
 10
277.773107
 20
-162.963806
 30
0.0
 11
277.792241
 21
-162.96
 31
0.0
  0
LINE
  5
9AC
330
1F
100
AcDbEntity
  8
User.3
100
AcDbLine
 10
277.792241
 20
-162.96
 30
0.0
 11
291.792241
 21
-162.96
 31
0.0
  0
LINE
  5
9AD
330
1F
100
AcDbEntity
  8
User.3
100
AcDbLine
 10
291.792241
 20
-162.96
 30
0.0
 11
291.811375
 21
-162.963806
 31
0.0
  0
LINE
  5
9AE
330
1F
100
AcDbEntity
  8
User.3
100
AcDbLine
 10
107.056375
 20
-142.961306
 30
0.0
 11
107.083435
 21
-142.988366
 31
0.0
  0
LINE
  5
9AF
330
1F
100
AcDbEntity
  8
User.3
100
AcDbLine
 10
107.083435
 20
-142.988366
 30
0.0
 11
107.087241
 21
-143.0075
 31
0.0
  0
LINE
  5
9B0
330
1F
100
AcDbEntity
  8
User.3
100
AcDbLine
 10
107.087241
 20
-143.0075
 30
0.0
 11
107.087241
 21
-157.0075
 31
0.0
  0
LINE
  5
9B1
330
1F
100
AcDbEntity
  8
User.3
100
AcDbLine
 10
107.087241
 20
-157.0075
 30
0.0
 11
107.083435
 21
-157.026634
 31
0.0
  0
LINE
  5
9B2
330
1F
100
AcDbEntity
  8
User.3
100
AcDbLine
 10
107.083435
 20
-157.026634
 30
0.0
 11
107.056375
 21
-157.053694
 31
0.0
  0
LINE
  5
9B3
330
1F
100
AcDbEntity
  8
User.3
100
AcDbLine
 10
107.056375
 20
-157.053694
 30
0.0
 11
107.037241
 21
-157.0575
 31
0.0
  0
LINE
  5
9B4
330
1F
100
AcDbEntity
  8
User.3
100
AcDbLine
 10
107.037241
 20
-157.0575
 30
0.0
 11
93.03724100000001
 21
-157.0575
 31
0.0
  0
LINE
  5
9B5
330
1F
100
AcDbEntity
  8
User.3
100
AcDbLine
 10
93.03724100000001
 20
-157.0575
 30
0.0
 11
93.01810699999999
 21
-157.053694
 31
0.0
  0
LINE
  5
9B6
330
1F
100
AcDbEntity
  8
User.3
100
AcDbLine
 10
93.01810699999999
 20
-157.053694
 30
0.0
 11
92.991047
 21
-157.026634
 31
0.0
  0
LINE
  5
9B7
330
1F
100
AcDbEntity
  8
User.3
100
AcDbLine
 10
92.991047
 20
-157.026634
 30
0.0
 11
92.98724099999998
 21
-157.0075
 31
0.0
  0
LINE
  5
9B8
330
1F
100
AcDbEntity
  8
User.3
100
AcDbLine
 10
92.98724099999998
 20
-157.0075
 30
0.0
 11
92.98724099999998
 21
-143.0075
 31
0.0
  0
LINE
  5
9B9
330
1F
100
AcDbEntity
  8
User.3
100
AcDbLine
 10
92.98724099999998
 20
-143.0075
 30
0.0
 11
92.991047
 21
-142.988366
 31
0.0
  0
LINE
  5
9BA
330
1F
100
AcDbEntity
  8
User.3
100
AcDbLine
 10
92.991047
 20
-142.988366
 30
0.0
 11
93.01810699999999
 21
-142.961306
 31
0.0
  0
LINE
  5
9BB
330
1F
100
AcDbEntity
  8
User.3
100
AcDbLine
 10
93.01810699999999
 20
-142.961306
 30
0.0
 11
93.03724100000001
 21
-142.9575
 31
0.0
  0
LINE
  5
9BC
330
1F
100
AcDbEntity
  8
User.3
100
AcDbLine
 10
93.03724100000001
 20
-142.9575
 30
0.0
 11
107.037241
 21
-142.9575
 31
0.0
  0
LINE
  5
9BD
330
1F
100
AcDbEntity
  8
User.3
100
AcDbLine
 10
107.037241
 20
-142.9575
 30
0.0
 11
107.056375
 21
-142.961306
 31
0.0
  0
LINE
  5
9BE
330
1F
100
AcDbEntity
  8
User.3
100
AcDbLine
 10
183.256375
 20
-142.961306
 30
0.0
 11
183.283435
 21
-142.988366
 31
0.0
  0
LINE
  5
9BF
330
1F
100
AcDbEntity
  8
User.3
100
AcDbLine
 10
183.283435
 20
-142.988366
 30
0.0
 11
183.287241
 21
-143.0075
 31
0.0
  0
LINE
  5
9C0
330
1F
100
AcDbEntity
  8
User.3
100
AcDbLine
 10
183.287241
 20
-143.0075
 30
0.0
 11
183.287241
 21
-157.0075
 31
0.0
  0
LINE
  5
9C1
330
1F
100
AcDbEntity
  8
User.3
100
AcDbLine
 10
183.287241
 20
-157.0075
 30
0.0
 11
183.283435
 21
-157.026634
 31
0.0
  0
LINE
  5
9C2
330
1F
100
AcDbEntity
  8
User.3
100
AcDbLine
 10
183.283435
 20
-157.026634
 30
0.0
 11
183.256375
 21
-157.053694
 31
0.0
  0
LINE
  5
9C3
330
1F
100
AcDbEntity
  8
User.3
100
AcDbLine
 10
183.256375
 20
-157.053694
 30
0.0
 11
183.237241
 21
-157.0575
 31
0.0
  0
LINE
  5
9C4
330
1F
100
AcDbEntity
  8
User.3
100
AcDbLine
 10
183.237241
 20
-157.0575
 30
0.0
 11
169.237241
 21
-157.0575
 31
0.0
  0
LINE
  5
9C5
330
1F
100
AcDbEntity
  8
User.3
100
AcDbLine
 10
169.237241
 20
-157.0575
 30
0.0
 11
169.218107
 21
-157.053694
 31
0.0
  0
LINE
  5
9C6
330
1F
100
AcDbEntity
  8
User.3
100
AcDbLine
 10
169.218107
 20
-157.053694
 30
0.0
 11
169.191047
 21
-157.026634
 31
0.0
  0
LINE
  5
9C7
330
1F
100
AcDbEntity
  8
User.3
100
AcDbLine
 10
169.191047
 20
-157.026634
 30
0.0
 11
169.187241
 21
-157.0075
 31
0.0
  0
LINE
  5
9C8
330
1F
100
AcDbEntity
  8
User.3
100
AcDbLine
 10
169.187241
 20
-157.0075
 30
0.0
 11
169.187241
 21
-143.0075
 31
0.0
  0
LINE
  5
9C9
330
1F
100
AcDbEntity
  8
User.3
100
AcDbLine
 10
169.187241
 20
-143.0075
 30
0.0
 11
169.191047
 21
-142.988366
 31
0.0
  0
LINE
  5
9CA
330
1F
100
AcDbEntity
  8
User.3
100
AcDbLine
 10
169.191047
 20
-142.988366
 30
0.0
 11
169.218107
 21
-142.961306
 31
0.0
  0
LINE
  5
9CB
330
1F
100
AcDbEntity
  8
User.3
100
AcDbLine
 10
169.218107
 20
-142.961306
 30
0.0
 11
169.237241
 21
-142.9575
 31
0.0
  0
LINE
  5
9CC
330
1F
100
AcDbEntity
  8
User.3
100
AcDbLine
 10
169.237241
 20
-142.9575
 30
0.0
 11
183.237241
 21
-142.9575
 31
0.0
  0
LINE
  5
9CD
330
1F
100
AcDbEntity
  8
User.3
100
AcDbLine
 10
183.237241
 20
-142.9575
 30
0.0
 11
183.256375
 21
-142.961306
 31
0.0
  0
LINE
  5
9CE
330
1F
100
AcDbEntity
  8
User.3
100
AcDbLine
 10
270.856375
 20
-142.961306
 30
0.0
 11
270.883435
 21
-142.988366
 31
0.0
  0
LINE
  5
9CF
330
1F
100
AcDbEntity
  8
User.3
100
AcDbLine
 10
270.883435
 20
-142.988366
 30
0.0
 11
270.887241
 21
-143.0075
 31
0.0
  0
LINE
  5
9D0
330
1F
100
AcDbEntity
  8
User.3
100
AcDbLine
 10
270.887241
 20
-143.0075
 30
0.0
 11
270.887241
 21
-157.0075
 31
0.0
  0
LINE
  5
9D1
330
1F
100
AcDbEntity
  8
User.3
100
AcDbLine
 10
270.887241
 20
-157.0075
 30
0.0
 11
270.883435
 21
-157.026634
 31
0.0
  0
LINE
  5
9D2
330
1F
100
AcDbEntity
  8
User.3
100
AcDbLine
 10
270.883435
 20
-157.026634
 30
0.0
 11
270.856375
 21
-157.053694
 31
0.0
  0
LINE
  5
9D3
330
1F
100
AcDbEntity
  8
User.3
100
AcDbLine
 10
270.856375
 20
-157.053694
 30
0.0
 11
270.837241
 21
-157.0575
 31
0.0
  0
LINE
  5
9D4
330
1F
100
AcDbEntity
  8
User.3
100
AcDbLine
 10
270.837241
 20
-157.0575
 30
0.0
 11
256.8372410000001
 21
-157.0575
 31
0.0
  0
LINE
  5
9D5
330
1F
100
AcDbEntity
  8
User.3
100
AcDbLine
 10
256.8372410000001
 20
-157.0575
 30
0.0
 11
256.8181069999999
 21
-157.053694
 31
0.0
  0
LINE
  5
9D6
330
1F
100
AcDbEntity
  8
User.3
100
AcDbLine
 10
256.8181069999999
 20
-157.053694
 30
0.0
 11
256.791047
 21
-157.026634
 31
0.0
  0
LINE
  5
9D7
330
1F
100
AcDbEntity
  8
User.3
100
AcDbLine
 10
256.791047
 20
-157.026634
 30
0.0
 11
256.7872409999999
 21
-157.0075
 31
0.0
  0
LINE
  5
9D8
330
1F
100
AcDbEntity
  8
User.3
100
AcDbLine
 10
256.7872409999999
 20
-157.0075
 30
0.0
 11
256.7872409999999
 21
-143.0075
 31
0.0
  0
LINE
  5
9D9
330
1F
100
AcDbEntity
  8
User.3
100
AcDbLine
 10
256.7872409999999
 20
-143.0075
 30
0.0
 11
256.791047
 21
-142.988366
 31
0.0
  0
LINE
  5
9DA
330
1F
100
AcDbEntity
  8
User.3
100
AcDbLine
 10
256.791047
 20
-142.988366
 30
0.0
 11
256.8181069999999
 21
-142.961306
 31
0.0
  0
LINE
  5
9DB
330
1F
100
AcDbEntity
  8
User.3
100
AcDbLine
 10
256.8181069999999
 20
-142.961306
 30
0.0
 11
256.8372410000001
 21
-142.9575
 31
0.0
  0
LINE
  5
9DC
330
1F
100
AcDbEntity
  8
User.3
100
AcDbLine
 10
256.8372410000001
 20
-142.9575
 30
0.0
 11
270.837241
 21
-142.9575
 31
0.0
  0
LINE
  5
9DD
330
1F
100
AcDbEntity
  8
User.3
100
AcDbLine
 10
270.837241
 20
-142.9575
 30
0.0
 11
270.856375
 21
-142.961306
 31
0.0
  0
LINE
  5
9DE
330
1F
100
AcDbEntity
  8
User.3
100
AcDbLine
 10
347.056375
 20
-142.961306
 30
0.0
 11
347.083435
 21
-142.988366
 31
0.0
  0
LINE
  5
9DF
330
1F
100
AcDbEntity
  8
User.3
100
AcDbLine
 10
347.083435
 20
-142.988366
 30
0.0
 11
347.087241
 21
-143.0075
 31
0.0
  0
LINE
  5
9E0
330
1F
100
AcDbEntity
  8
User.3
100
AcDbLine
 10
347.087241
 20
-143.0075
 30
0.0
 11
347.087241
 21
-157.0075
 31
0.0
  0
LINE
  5
9E1
330
1F
100
AcDbEntity
  8
User.3
100
AcDbLine
 10
347.087241
 20
-157.0075
 30
0.0
 11
347.083435
 21
-157.026634
 31
0.0
  0
LINE
  5
9E2
330
1F
100
AcDbEntity
  8
User.3
100
AcDbLine
 10
347.083435
 20
-157.026634
 30
0.0
 11
347.056375
 21
-157.053694
 31
0.0
  0
LINE
  5
9E3
330
1F
100
AcDbEntity
  8
User.3
100
AcDbLine
 10
347.056375
 20
-157.053694
 30
0.0
 11
347.037241
 21
-157.0575
 31
0.0
  0
LINE
  5
9E4
330
1F
100
AcDbEntity
  8
User.3
100
AcDbLine
 10
347.037241
 20
-157.0575
 30
0.0
 11
333.037241
 21
-157.0575
 31
0.0
  0
LINE
  5
9E5
330
1F
100
AcDbEntity
  8
User.3
100
AcDbLine
 10
333.037241
 20
-157.0575
 30
0.0
 11
333.018107
 21
-157.053694
 31
0.0
  0
LINE
  5
9E6
330
1F
100
AcDbEntity
  8
User.3
100
AcDbLine
 10
333.018107
 20
-157.053694
 30
0.0
 11
332.991047
 21
-157.026634
 31
0.0
  0
LINE
  5
9E7
330
1F
100
AcDbEntity
  8
User.3
100
AcDbLine
 10
332.991047
 20
-157.026634
 30
0.0
 11
332.987241
 21
-157.0075
 31
0.0
  0
LINE
  5
9E8
330
1F
100
AcDbEntity
  8
User.3
100
AcDbLine
 10
332.987241
 20
-157.0075
 30
0.0
 11
332.987241
 21
-143.0075
 31
0.0
  0
LINE
  5
9E9
330
1F
100
AcDbEntity
  8
User.3
100
AcDbLine
 10
332.987241
 20
-143.0075
 30
0.0
 11
332.991047
 21
-142.988366
 31
0.0
  0
LINE
  5
9EA
330
1F
100
AcDbEntity
  8
User.3
100
AcDbLine
 10
332.991047
 20
-142.988366
 30
0.0
 11
333.018107
 21
-142.961306
 31
0.0
  0
LINE
  5
9EB
330
1F
100
AcDbEntity
  8
User.3
100
AcDbLine
 10
333.018107
 20
-142.961306
 30
0.0
 11
333.037241
 21
-142.9575
 31
0.0
  0
LINE
  5
9EC
330
1F
100
AcDbEntity
  8
User.3
100
AcDbLine
 10
333.037241
 20
-142.9575
 30
0.0
 11
347.037241
 21
-142.9575
 31
0.0
  0
LINE
  5
9ED
330
1F
100
AcDbEntity
  8
User.3
100
AcDbLine
 10
347.037241
 20
-142.9575
 30
0.0
 11
347.056375
 21
-142.961306
 31
0.0
  0
LINE
  5
9EE
330
1F
100
AcDbEntity
  8
User.3
100
AcDbLine
 10
126.106375
 20
-138.198806
 30
0.0
 11
126.133435
 21
-138.225866
 31
0.0
  0
LINE
  5
9EF
330
1F
100
AcDbEntity
  8
User.3
100
AcDbLine
 10
126.133435
 20
-138.225866
 30
0.0
 11
126.137241
 21
-138.245
 31
0.0
  0
LINE
  5
9F0
330
1F
100
AcDbEntity
  8
User.3
100
AcDbLine
 10
126.137241
 20
-138.245
 30
0.0
 11
126.137241
 21
-152.245
 31
0.0
  0
LINE
  5
9F1
330
1F
100
AcDbEntity
  8
User.3
100
AcDbLine
 10
126.137241
 20
-152.245
 30
0.0
 11
126.133435
 21
-152.264134
 31
0.0
  0
LINE
  5
9F2
330
1F
100
AcDbEntity
  8
User.3
100
AcDbLine
 10
126.133435
 20
-152.264134
 30
0.0
 11
126.106375
 21
-152.291194
 31
0.0
  0
LINE
  5
9F3
330
1F
100
AcDbEntity
  8
User.3
100
AcDbLine
 10
126.106375
 20
-152.291194
 30
0.0
 11
126.087241
 21
-152.295
 31
0.0
  0
LINE
  5
9F4
330
1F
100
AcDbEntity
  8
User.3
100
AcDbLine
 10
126.087241
 20
-152.295
 30
0.0
 11
112.087241
 21
-152.295
 31
0.0
  0
LINE
  5
9F5
330
1F
100
AcDbEntity
  8
User.3
100
AcDbLine
 10
112.087241
 20
-152.295
 30
0.0
 11
112.068107
 21
-152.291194
 31
0.0
  0
LINE
  5
9F6
330
1F
100
AcDbEntity
  8
User.3
100
AcDbLine
 10
112.068107
 20
-152.291194
 30
0.0
 11
112.041047
 21
-152.264134
 31
0.0
  0
LINE
  5
9F7
330
1F
100
AcDbEntity
  8
User.3
100
AcDbLine
 10
112.041047
 20
-152.264134
 30
0.0
 11
112.037241
 21
-152.245
 31
0.0
  0
LINE
  5
9F8
330
1F
100
AcDbEntity
  8
User.3
100
AcDbLine
 10
112.037241
 20
-152.245
 30
0.0
 11
112.037241
 21
-138.245
 31
0.0
  0
LINE
  5
9F9
330
1F
100
AcDbEntity
  8
User.3
100
AcDbLine
 10
112.037241
 20
-138.245
 30
0.0
 11
112.041047
 21
-138.225866
 31
0.0
  0
LINE
  5
9FA
330
1F
100
AcDbEntity
  8
User.3
100
AcDbLine
 10
112.041047
 20
-138.225866
 30
0.0
 11
112.068107
 21
-138.198806
 31
0.0
  0
LINE
  5
9FB
330
1F
100
AcDbEntity
  8
User.3
100
AcDbLine
 10
112.068107
 20
-138.198806
 30
0.0
 11
112.087241
 21
-138.195
 31
0.0
  0
LINE
  5
9FC
330
1F
100
AcDbEntity
  8
User.3
100
AcDbLine
 10
112.087241
 20
-138.195
 30
0.0
 11
126.087241
 21
-138.195
 31
0.0
  0
LINE
  5
9FD
330
1F
100
AcDbEntity
  8
User.3
100
AcDbLine
 10
126.087241
 20
-138.195
 30
0.0
 11
126.106375
 21
-138.198806
 31
0.0
  0
LINE
  5
9FE
330
1F
100
AcDbEntity
  8
User.3
100
AcDbLine
 10
164.206375
 20
-138.198806
 30
0.0
 11
164.233435
 21
-138.225866
 31
0.0
  0
LINE
  5
9FF
330
1F
100
AcDbEntity
  8
User.3
100
AcDbLine
 10
164.233435
 20
-138.225866
 30
0.0
 11
164.237241
 21
-138.245
 31
0.0
  0
LINE
  5
A00
330
1F
100
AcDbEntity
  8
User.3
100
AcDbLine
 10
164.237241
 20
-138.245
 30
0.0
 11
164.237241
 21
-152.245
 31
0.0
  0
LINE
  5
A01
330
1F
100
AcDbEntity
  8
User.3
100
AcDbLine
 10
164.237241
 20
-152.245
 30
0.0
 11
164.233435
 21
-152.264134
 31
0.0
  0
LINE
  5
A02
330
1F
100
AcDbEntity
  8
User.3
100
AcDbLine
 10
164.233435
 20
-152.264134
 30
0.0
 11
164.206375
 21
-152.291194
 31
0.0
  0
LINE
  5
A03
330
1F
100
AcDbEntity
  8
User.3
100
AcDbLine
 10
164.206375
 20
-152.291194
 30
0.0
 11
164.187241
 21
-152.295
 31
0.0
  0
LINE
  5
A04
330
1F
100
AcDbEntity
  8
User.3
100
AcDbLine
 10
164.187241
 20
-152.295
 30
0.0
 11
150.187241
 21
-152.295
 31
0.0
  0
LINE
  5
A05
330
1F
100
AcDbEntity
  8
User.3
100
AcDbLine
 10
150.187241
 20
-152.295
 30
0.0
 11
150.168107
 21
-152.291194
 31
0.0
  0
LINE
  5
A06
330
1F
100
AcDbEntity
  8
User.3
100
AcDbLine
 10
150.168107
 20
-152.291194
 30
0.0
 11
150.141047
 21
-152.264134
 31
0.0
  0
LINE
  5
A07
330
1F
100
AcDbEntity
  8
User.3
100
AcDbLine
 10
150.141047
 20
-152.264134
 30
0.0
 11
150.137241
 21
-152.245
 31
0.0
  0
LINE
  5
A08
330
1F
100
AcDbEntity
  8
User.3
100
AcDbLine
 10
150.137241
 20
-152.245
 30
0.0
 11
150.137241
 21
-138.245
 31
0.0
  0
LINE
  5
A09
330
1F
100
AcDbEntity
  8
User.3
100
AcDbLine
 10
150.137241
 20
-138.245
 30
0.0
 11
150.141047
 21
-138.225866
 31
0.0
  0
LINE
  5
A0A
330
1F
100
AcDbEntity
  8
User.3
100
AcDbLine
 10
150.141047
 20
-138.225866
 30
0.0
 11
150.168107
 21
-138.198806
 31
0.0
  0
LINE
  5
A0B
330
1F
100
AcDbEntity
  8
User.3
100
AcDbLine
 10
150.168107
 20
-138.198806
 30
0.0
 11
150.187241
 21
-138.195
 31
0.0
  0
LINE
  5
A0C
330
1F
100
AcDbEntity
  8
User.3
100
AcDbLine
 10
150.187241
 20
-138.195
 30
0.0
 11
164.187241
 21
-138.195
 31
0.0
  0
LINE
  5
A0D
330
1F
100
AcDbEntity
  8
User.3
100
AcDbLine
 10
164.187241
 20
-138.195
 30
0.0
 11
164.206375
 21
-138.198806
 31
0.0
  0
LINE
  5
A0E
330
1F
100
AcDbEntity
  8
User.3
100
AcDbLine
 10
289.906375
 20
-138.198806
 30
0.0
 11
289.933435
 21
-138.225866
 31
0.0
  0
LINE
  5
A0F
330
1F
100
AcDbEntity
  8
User.3
100
AcDbLine
 10
289.933435
 20
-138.225866
 30
0.0
 11
289.937241
 21
-138.245
 31
0.0
  0
LINE
  5
A10
330
1F
100
AcDbEntity
  8
User.3
100
AcDbLine
 10
289.937241
 20
-138.245
 30
0.0
 11
289.937241
 21
-152.245
 31
0.0
  0
LINE
  5
A11
330
1F
100
AcDbEntity
  8
User.3
100
AcDbLine
 10
289.937241
 20
-152.245
 30
0.0
 11
289.933435
 21
-152.264134
 31
0.0
  0
LINE
  5
A12
330
1F
100
AcDbEntity
  8
User.3
100
AcDbLine
 10
289.933435
 20
-152.264134
 30
0.0
 11
289.906375
 21
-152.291194
 31
0.0
  0
LINE
  5
A13
330
1F
100
AcDbEntity
  8
User.3
100
AcDbLine
 10
289.906375
 20
-152.291194
 30
0.0
 11
289.887241
 21
-152.295
 31
0.0
  0
LINE
  5
A14
330
1F
100
AcDbEntity
  8
User.3
100
AcDbLine
 10
289.887241
 20
-152.295
 30
0.0
 11
275.887241
 21
-152.295
 31
0.0
  0
LINE
  5
A15
330
1F
100
AcDbEntity
  8
User.3
100
AcDbLine
 10
275.887241
 20
-152.295
 30
0.0
 11
275.868107
 21
-152.291194
 31
0.0
  0
LINE
  5
A16
330
1F
100
AcDbEntity
  8
User.3
100
AcDbLine
 10
275.868107
 20
-152.291194
 30
0.0
 11
275.841047
 21
-152.264134
 31
0.0
  0
LINE
  5
A17
330
1F
100
AcDbEntity
  8
User.3
100
AcDbLine
 10
275.841047
 20
-152.264134
 30
0.0
 11
275.8372409999999
 21
-152.245
 31
0.0
  0
LINE
  5
A18
330
1F
100
AcDbEntity
  8
User.3
100
AcDbLine
 10
275.8372409999999
 20
-152.245
 30
0.0
 11
275.8372409999999
 21
-138.245
 31
0.0
  0
LINE
  5
A19
330
1F
100
AcDbEntity
  8
User.3
100
AcDbLine
 10
275.8372409999999
 20
-138.245
 30
0.0
 11
275.841047
 21
-138.225866
 31
0.0
  0
LINE
  5
A1A
330
1F
100
AcDbEntity
  8
User.3
100
AcDbLine
 10
275.841047
 20
-138.225866
 30
0.0
 11
275.868107
 21
-138.198806
 31
0.0
  0
LINE
  5
A1B
330
1F
100
AcDbEntity
  8
User.3
100
AcDbLine
 10
275.868107
 20
-138.198806
 30
0.0
 11
275.887241
 21
-138.195
 31
0.0
  0
LINE
  5
A1C
330
1F
100
AcDbEntity
  8
User.3
100
AcDbLine
 10
275.887241
 20
-138.195
 30
0.0
 11
289.887241
 21
-138.195
 31
0.0
  0
LINE
  5
A1D
330
1F
100
AcDbEntity
  8
User.3
100
AcDbLine
 10
289.887241
 20
-138.195
 30
0.0
 11
289.906375
 21
-138.198806
 31
0.0
  0
LINE
  5
A1E
330
1F
100
AcDbEntity
  8
User.3
100
AcDbLine
 10
328.006375
 20
-138.198806
 30
0.0
 11
328.033435
 21
-138.225866
 31
0.0
  0
LINE
  5
A1F
330
1F
100
AcDbEntity
  8
User.3
100
AcDbLine
 10
328.033435
 20
-138.225866
 30
0.0
 11
328.037241
 21
-138.245
 31
0.0
  0
LINE
  5
A20
330
1F
100
AcDbEntity
  8
User.3
100
AcDbLine
 10
328.037241
 20
-138.245
 30
0.0
 11
328.037241
 21
-152.245
 31
0.0
  0
LINE
  5
A21
330
1F
100
AcDbEntity
  8
User.3
100
AcDbLine
 10
328.037241
 20
-152.245
 30
0.0
 11
328.033435
 21
-152.264134
 31
0.0
  0
LINE
  5
A22
330
1F
100
AcDbEntity
  8
User.3
100
AcDbLine
 10
328.033435
 20
-152.264134
 30
0.0
 11
328.006375
 21
-152.291194
 31
0.0
  0
LINE
  5
A23
330
1F
100
AcDbEntity
  8
User.3
100
AcDbLine
 10
328.006375
 20
-152.291194
 30
0.0
 11
327.987241
 21
-152.295
 31
0.0
  0
LINE
  5
A24
330
1F
100
AcDbEntity
  8
User.3
100
AcDbLine
 10
327.987241
 20
-152.295
 30
0.0
 11
313.987241
 21
-152.295
 31
0.0
  0
LINE
  5
A25
330
1F
100
AcDbEntity
  8
User.3
100
AcDbLine
 10
313.987241
 20
-152.295
 30
0.0
 11
313.968107
 21
-152.291194
 31
0.0
  0
LINE
  5
A26
330
1F
100
AcDbEntity
  8
User.3
100
AcDbLine
 10
313.968107
 20
-152.291194
 30
0.0
 11
313.941047
 21
-152.264134
 31
0.0
  0
LINE
  5
A27
330
1F
100
AcDbEntity
  8
User.3
100
AcDbLine
 10
313.941047
 20
-152.264134
 30
0.0
 11
313.937241
 21
-152.245
 31
0.0
  0
LINE
  5
A28
330
1F
100
AcDbEntity
  8
User.3
100
AcDbLine
 10
313.937241
 20
-152.245
 30
0.0
 11
313.937241
 21
-138.245
 31
0.0
  0
LINE
  5
A29
330
1F
100
AcDbEntity
  8
User.3
100
AcDbLine
 10
313.937241
 20
-138.245
 30
0.0
 11
313.941047
 21
-138.225866
 31
0.0
  0
LINE
  5
A2A
330
1F
100
AcDbEntity
  8
User.3
100
AcDbLine
 10
313.941047
 20
-138.225866
 30
0.0
 11
313.968107
 21
-138.198806
 31
0.0
  0
LINE
  5
A2B
330
1F
100
AcDbEntity
  8
User.3
100
AcDbLine
 10
313.968107
 20
-138.198806
 30
0.0
 11
313.987241
 21
-138.195
 31
0.0
  0
LINE
  5
A2C
330
1F
100
AcDbEntity
  8
User.3
100
AcDbLine
 10
313.987241
 20
-138.195
 30
0.0
 11
327.987241
 21
-138.195
 31
0.0
  0
LINE
  5
A2D
330
1F
100
AcDbEntity
  8
User.3
100
AcDbLine
 10
327.987241
 20
-138.195
 30
0.0
 11
328.006375
 21
-138.198806
 31
0.0
  0
LINE
  5
A2E
330
1F
100
AcDbEntity
  8
User.3
100
AcDbLine
 10
88.00637499999999
 20
-133.436306
 30
0.0
 11
88.033435
 21
-133.463366
 31
0.0
  0
LINE
  5
A2F
330
1F
100
AcDbEntity
  8
User.3
100
AcDbLine
 10
88.033435
 20
-133.463366
 30
0.0
 11
88.03724100000002
 21
-133.4825
 31
0.0
  0
LINE
  5
A30
330
1F
100
AcDbEntity
  8
User.3
100
AcDbLine
 10
88.03724100000002
 20
-133.4825
 30
0.0
 11
88.03724100000002
 21
-147.4825
 31
0.0
  0
LINE
  5
A31
330
1F
100
AcDbEntity
  8
User.3
100
AcDbLine
 10
88.03724100000002
 20
-147.4825
 30
0.0
 11
88.033435
 21
-147.501634
 31
0.0
  0
LINE
  5
A32
330
1F
100
AcDbEntity
  8
User.3
100
AcDbLine
 10
88.033435
 20
-147.501634
 30
0.0
 11
88.00637499999999
 21
-147.528694
 31
0.0
  0
LINE
  5
A33
330
1F
100
AcDbEntity
  8
User.3
100
AcDbLine
 10
88.00637499999999
 20
-147.528694
 30
0.0
 11
87.987241
 21
-147.5325
 31
0.0
  0
LINE
  5
A34
330
1F
100
AcDbEntity
  8
User.3
100
AcDbLine
 10
87.987241
 20
-147.5325
 30
0.0
 11
73.987241
 21
-147.5325
 31
0.0
  0
LINE
  5
A35
330
1F
100
AcDbEntity
  8
User.3
100
AcDbLine
 10
73.987241
 20
-147.5325
 30
0.0
 11
73.96810699999999
 21
-147.528694
 31
0.0
  0
LINE
  5
A36
330
1F
100
AcDbEntity
  8
User.3
100
AcDbLine
 10
73.96810699999999
 20
-147.528694
 30
0.0
 11
73.941047
 21
-147.501634
 31
0.0
  0
LINE
  5
A37
330
1F
100
AcDbEntity
  8
User.3
100
AcDbLine
 10
73.941047
 20
-147.501634
 30
0.0
 11
73.937241
 21
-147.4825
 31
0.0
  0
LINE
  5
A38
330
1F
100
AcDbEntity
  8
User.3
100
AcDbLine
 10
73.937241
 20
-147.4825
 30
0.0
 11
73.937241
 21
-133.4825
 31
0.0
  0
LINE
  5
A39
330
1F
100
AcDbEntity
  8
User.3
100
AcDbLine
 10
73.937241
 20
-133.4825
 30
0.0
 11
73.941047
 21
-133.463366
 31
0.0
  0
LINE
  5
A3A
330
1F
100
AcDbEntity
  8
User.3
100
AcDbLine
 10
73.941047
 20
-133.463366
 30
0.0
 11
73.96810699999999
 21
-133.436306
 31
0.0
  0
LINE
  5
A3B
330
1F
100
AcDbEntity
  8
User.3
100
AcDbLine
 10
73.96810699999999
 20
-133.436306
 30
0.0
 11
73.987241
 21
-133.4325
 31
0.0
  0
LINE
  5
A3C
330
1F
100
AcDbEntity
  8
User.3
100
AcDbLine
 10
73.987241
 20
-133.4325
 30
0.0
 11
87.987241
 21
-133.4325
 31
0.0
  0
LINE
  5
A3D
330
1F
100
AcDbEntity
  8
User.3
100
AcDbLine
 10
87.987241
 20
-133.4325
 30
0.0
 11
88.00637499999999
 21
-133.436306
 31
0.0
  0
LINE
  5
A3E
330
1F
100
AcDbEntity
  8
User.3
100
AcDbLine
 10
145.156375
 20
-133.436306
 30
0.0
 11
145.183435
 21
-133.463366
 31
0.0
  0
LINE
  5
A3F
330
1F
100
AcDbEntity
  8
User.3
100
AcDbLine
 10
145.183435
 20
-133.463366
 30
0.0
 11
145.187241
 21
-133.4825
 31
0.0
  0
LINE
  5
A40
330
1F
100
AcDbEntity
  8
User.3
100
AcDbLine
 10
145.187241
 20
-133.4825
 30
0.0
 11
145.187241
 21
-147.4825
 31
0.0
  0
LINE
  5
A41
330
1F
100
AcDbEntity
  8
User.3
100
AcDbLine
 10
145.187241
 20
-147.4825
 30
0.0
 11
145.183435
 21
-147.501634
 31
0.0
  0
LINE
  5
A42
330
1F
100
AcDbEntity
  8
User.3
100
AcDbLine
 10
145.183435
 20
-147.501634
 30
0.0
 11
145.156375
 21
-147.528694
 31
0.0
  0
LINE
  5
A43
330
1F
100
AcDbEntity
  8
User.3
100
AcDbLine
 10
145.156375
 20
-147.528694
 30
0.0
 11
145.137241
 21
-147.5325
 31
0.0
  0
LINE
  5
A44
330
1F
100
AcDbEntity
  8
User.3
100
AcDbLine
 10
145.137241
 20
-147.5325
 30
0.0
 11
131.137241
 21
-147.5325
 31
0.0
  0
LINE
  5
A45
330
1F
100
AcDbEntity
  8
User.3
100
AcDbLine
 10
131.137241
 20
-147.5325
 30
0.0
 11
131.118107
 21
-147.528694
 31
0.0
  0
LINE
  5
A46
330
1F
100
AcDbEntity
  8
User.3
100
AcDbLine
 10
131.118107
 20
-147.528694
 30
0.0
 11
131.091047
 21
-147.501634
 31
0.0
  0
LINE
  5
A47
330
1F
100
AcDbEntity
  8
User.3
100
AcDbLine
 10
131.091047
 20
-147.501634
 30
0.0
 11
131.087241
 21
-147.4825
 31
0.0
  0
LINE
  5
A48
330
1F
100
AcDbEntity
  8
User.3
100
AcDbLine
 10
131.087241
 20
-147.4825
 30
0.0
 11
131.087241
 21
-133.4825
 31
0.0
  0
LINE
  5
A49
330
1F
100
AcDbEntity
  8
User.3
100
AcDbLine
 10
131.087241
 20
-133.4825
 30
0.0
 11
131.091047
 21
-133.463366
 31
0.0
  0
LINE
  5
A4A
330
1F
100
AcDbEntity
  8
User.3
100
AcDbLine
 10
131.091047
 20
-133.463366
 30
0.0
 11
131.118107
 21
-133.436306
 31
0.0
  0
LINE
  5
A4B
330
1F
100
AcDbEntity
  8
User.3
100
AcDbLine
 10
131.118107
 20
-133.436306
 30
0.0
 11
131.137241
 21
-133.4325
 31
0.0
  0
LINE
  5
A4C
330
1F
100
AcDbEntity
  8
User.3
100
AcDbLine
 10
131.137241
 20
-133.4325
 30
0.0
 11
145.137241
 21
-133.4325
 31
0.0
  0
LINE
  5
A4D
330
1F
100
AcDbEntity
  8
User.3
100
AcDbLine
 10
145.137241
 20
-133.4325
 30
0.0
 11
145.156375
 21
-133.436306
 31
0.0
  0
LINE
  5
A4E
330
1F
100
AcDbEntity
  8
User.3
100
AcDbLine
 10
308.956375
 20
-133.436306
 30
0.0
 11
308.983435
 21
-133.463366
 31
0.0
  0
LINE
  5
A4F
330
1F
100
AcDbEntity
  8
User.3
100
AcDbLine
 10
308.983435
 20
-133.463366
 30
0.0
 11
308.987241
 21
-133.4825
 31
0.0
  0
LINE
  5
A50
330
1F
100
AcDbEntity
  8
User.3
100
AcDbLine
 10
308.987241
 20
-133.4825
 30
0.0
 11
308.987241
 21
-147.4825
 31
0.0
  0
LINE
  5
A51
330
1F
100
AcDbEntity
  8
User.3
100
AcDbLine
 10
308.987241
 20
-147.4825
 30
0.0
 11
308.983435
 21
-147.501634
 31
0.0
  0
LINE
  5
A52
330
1F
100
AcDbEntity
  8
User.3
100
AcDbLine
 10
308.983435
 20
-147.501634
 30
0.0
 11
308.956375
 21
-147.528694
 31
0.0
  0
LINE
  5
A53
330
1F
100
AcDbEntity
  8
User.3
100
AcDbLine
 10
308.956375
 20
-147.528694
 30
0.0
 11
308.937241
 21
-147.5325
 31
0.0
  0
LINE
  5
A54
330
1F
100
AcDbEntity
  8
User.3
100
AcDbLine
 10
308.937241
 20
-147.5325
 30
0.0
 11
294.937241
 21
-147.5325
 31
0.0
  0
LINE
  5
A55
330
1F
100
AcDbEntity
  8
User.3
100
AcDbLine
 10
294.937241
 20
-147.5325
 30
0.0
 11
294.918107
 21
-147.528694
 31
0.0
  0
LINE
  5
A56
330
1F
100
AcDbEntity
  8
User.3
100
AcDbLine
 10
294.918107
 20
-147.528694
 30
0.0
 11
294.891047
 21
-147.501634
 31
0.0
  0
LINE
  5
A57
330
1F
100
AcDbEntity
  8
User.3
100
AcDbLine
 10
294.891047
 20
-147.501634
 30
0.0
 11
294.887241
 21
-147.4825
 31
0.0
  0
LINE
  5
A58
330
1F
100
AcDbEntity
  8
User.3
100
AcDbLine
 10
294.887241
 20
-147.4825
 30
0.0
 11
294.887241
 21
-133.4825
 31
0.0
  0
LINE
  5
A59
330
1F
100
AcDbEntity
  8
User.3
100
AcDbLine
 10
294.887241
 20
-133.4825
 30
0.0
 11
294.891047
 21
-133.463366
 31
0.0
  0
LINE
  5
A5A
330
1F
100
AcDbEntity
  8
User.3
100
AcDbLine
 10
294.891047
 20
-133.463366
 30
0.0
 11
294.918107
 21
-133.436306
 31
0.0
  0
LINE
  5
A5B
330
1F
100
AcDbEntity
  8
User.3
100
AcDbLine
 10
294.918107
 20
-133.436306
 30
0.0
 11
294.937241
 21
-133.4325
 31
0.0
  0
LINE
  5
A5C
330
1F
100
AcDbEntity
  8
User.3
100
AcDbLine
 10
294.937241
 20
-133.4325
 30
0.0
 11
308.937241
 21
-133.4325
 31
0.0
  0
LINE
  5
A5D
330
1F
100
AcDbEntity
  8
User.3
100
AcDbLine
 10
308.937241
 20
-133.4325
 30
0.0
 11
308.956375
 21
-133.436306
 31
0.0
  0
LINE
  5
A5E
330
1F
100
AcDbEntity
  8
User.3
100
AcDbLine
 10
366.106375
 20
-133.436306
 30
0.0
 11
366.133435
 21
-133.463366
 31
0.0
  0
LINE
  5
A5F
330
1F
100
AcDbEntity
  8
User.3
100
AcDbLine
 10
366.133435
 20
-133.463366
 30
0.0
 11
366.137241
 21
-133.4825
 31
0.0
  0
LINE
  5
A60
330
1F
100
AcDbEntity
  8
User.3
100
AcDbLine
 10
366.137241
 20
-133.4825
 30
0.0
 11
366.137241
 21
-147.4825
 31
0.0
  0
LINE
  5
A61
330
1F
100
AcDbEntity
  8
User.3
100
AcDbLine
 10
366.137241
 20
-147.4825
 30
0.0
 11
366.133435
 21
-147.501634
 31
0.0
  0
LINE
  5
A62
330
1F
100
AcDbEntity
  8
User.3
100
AcDbLine
 10
366.133435
 20
-147.501634
 30
0.0
 11
366.106375
 21
-147.528694
 31
0.0
  0
LINE
  5
A63
330
1F
100
AcDbEntity
  8
User.3
100
AcDbLine
 10
366.106375
 20
-147.528694
 30
0.0
 11
366.087241
 21
-147.5325
 31
0.0
  0
LINE
  5
A64
330
1F
100
AcDbEntity
  8
User.3
100
AcDbLine
 10
366.087241
 20
-147.5325
 30
0.0
 11
352.087241
 21
-147.5325
 31
0.0
  0
LINE
  5
A65
330
1F
100
AcDbEntity
  8
User.3
100
AcDbLine
 10
352.087241
 20
-147.5325
 30
0.0
 11
352.0681069999999
 21
-147.528694
 31
0.0
  0
LINE
  5
A66
330
1F
100
AcDbEntity
  8
User.3
100
AcDbLine
 10
352.0681069999999
 20
-147.528694
 30
0.0
 11
352.041047
 21
-147.501634
 31
0.0
  0
LINE
  5
A67
330
1F
100
AcDbEntity
  8
User.3
100
AcDbLine
 10
352.041047
 20
-147.501634
 30
0.0
 11
352.037241
 21
-147.4825
 31
0.0
  0
LINE
  5
A68
330
1F
100
AcDbEntity
  8
User.3
100
AcDbLine
 10
352.037241
 20
-147.4825
 30
0.0
 11
352.037241
 21
-133.4825
 31
0.0
  0
LINE
  5
A69
330
1F
100
AcDbEntity
  8
User.3
100
AcDbLine
 10
352.037241
 20
-133.4825
 30
0.0
 11
352.041047
 21
-133.463366
 31
0.0
  0
LINE
  5
A6A
330
1F
100
AcDbEntity
  8
User.3
100
AcDbLine
 10
352.041047
 20
-133.463366
 30
0.0
 11
352.0681069999999
 21
-133.436306
 31
0.0
  0
LINE
  5
A6B
330
1F
100
AcDbEntity
  8
User.3
100
AcDbLine
 10
352.0681069999999
 20
-133.436306
 30
0.0
 11
352.087241
 21
-133.4325
 31
0.0
  0
LINE
  5
A6C
330
1F
100
AcDbEntity
  8
User.3
100
AcDbLine
 10
352.087241
 20
-133.4325
 30
0.0
 11
366.087241
 21
-133.4325
 31
0.0
  0
LINE
  5
A6D
330
1F
100
AcDbEntity
  8
User.3
100
AcDbLine
 10
366.087241
 20
-133.4325
 30
0.0
 11
366.106375
 21
-133.436306
 31
0.0
  0
LINE
  5
A6E
330
1F
100
AcDbEntity
  8
User.3
100
AcDbLine
 10
107.056375
 20
-123.911306
 30
0.0
 11
107.083435
 21
-123.938366
 31
0.0
  0
LINE
  5
A6F
330
1F
100
AcDbEntity
  8
User.3
100
AcDbLine
 10
107.083435
 20
-123.938366
 30
0.0
 11
107.087241
 21
-123.9575
 31
0.0
  0
LINE
  5
A70
330
1F
100
AcDbEntity
  8
User.3
100
AcDbLine
 10
107.087241
 20
-123.9575
 30
0.0
 11
107.087241
 21
-137.9575
 31
0.0
  0
LINE
  5
A71
330
1F
100
AcDbEntity
  8
User.3
100
AcDbLine
 10
107.087241
 20
-137.9575
 30
0.0
 11
107.083435
 21
-137.976634
 31
0.0
  0
LINE
  5
A72
330
1F
100
AcDbEntity
  8
User.3
100
AcDbLine
 10
107.083435
 20
-137.976634
 30
0.0
 11
107.056375
 21
-138.003694
 31
0.0
  0
LINE
  5
A73
330
1F
100
AcDbEntity
  8
User.3
100
AcDbLine
 10
107.056375
 20
-138.003694
 30
0.0
 11
107.037241
 21
-138.0075
 31
0.0
  0
LINE
  5
A74
330
1F
100
AcDbEntity
  8
User.3
100
AcDbLine
 10
107.037241
 20
-138.0075
 30
0.0
 11
93.03724100000001
 21
-138.0075
 31
0.0
  0
LINE
  5
A75
330
1F
100
AcDbEntity
  8
User.3
100
AcDbLine
 10
93.03724100000001
 20
-138.0075
 30
0.0
 11
93.01810699999999
 21
-138.003694
 31
0.0
  0
LINE
  5
A76
330
1F
100
AcDbEntity
  8
User.3
100
AcDbLine
 10
93.01810699999999
 20
-138.003694
 30
0.0
 11
92.991047
 21
-137.976634
 31
0.0
  0
LINE
  5
A77
330
1F
100
AcDbEntity
  8
User.3
100
AcDbLine
 10
92.991047
 20
-137.976634
 30
0.0
 11
92.98724099999998
 21
-137.9575
 31
0.0
  0
LINE
  5
A78
330
1F
100
AcDbEntity
  8
User.3
100
AcDbLine
 10
92.98724099999998
 20
-137.9575
 30
0.0
 11
92.98724099999998
 21
-123.9575
 31
0.0
  0
LINE
  5
A79
330
1F
100
AcDbEntity
  8
User.3
100
AcDbLine
 10
92.98724099999998
 20
-123.9575
 30
0.0
 11
92.991047
 21
-123.938366
 31
0.0
  0
LINE
  5
A7A
330
1F
100
AcDbEntity
  8
User.3
100
AcDbLine
 10
92.991047
 20
-123.938366
 30
0.0
 11
93.01810699999999
 21
-123.911306
 31
0.0
  0
LINE
  5
A7B
330
1F
100
AcDbEntity
  8
User.3
100
AcDbLine
 10
93.01810699999999
 20
-123.911306
 30
0.0
 11
93.03724100000001
 21
-123.9075
 31
0.0
  0
LINE
  5
A7C
330
1F
100
AcDbEntity
  8
User.3
100
AcDbLine
 10
93.03724100000001
 20
-123.9075
 30
0.0
 11
107.037241
 21
-123.9075
 31
0.0
  0
LINE
  5
A7D
330
1F
100
AcDbEntity
  8
User.3
100
AcDbLine
 10
107.037241
 20
-123.9075
 30
0.0
 11
107.056375
 21
-123.911306
 31
0.0
  0
LINE
  5
A7E
330
1F
100
AcDbEntity
  8
User.3
100
AcDbLine
 10
183.256375
 20
-123.911306
 30
0.0
 11
183.283435
 21
-123.938366
 31
0.0
  0
LINE
  5
A7F
330
1F
100
AcDbEntity
  8
User.3
100
AcDbLine
 10
183.283435
 20
-123.938366
 30
0.0
 11
183.287241
 21
-123.9575
 31
0.0
  0
LINE
  5
A80
330
1F
100
AcDbEntity
  8
User.3
100
AcDbLine
 10
183.287241
 20
-123.9575
 30
0.0
 11
183.287241
 21
-137.9575
 31
0.0
  0
LINE
  5
A81
330
1F
100
AcDbEntity
  8
User.3
100
AcDbLine
 10
183.287241
 20
-137.9575
 30
0.0
 11
183.283435
 21
-137.976634
 31
0.0
  0
LINE
  5
A82
330
1F
100
AcDbEntity
  8
User.3
100
AcDbLine
 10
183.283435
 20
-137.976634
 30
0.0
 11
183.256375
 21
-138.003694
 31
0.0
  0
LINE
  5
A83
330
1F
100
AcDbEntity
  8
User.3
100
AcDbLine
 10
183.256375
 20
-138.003694
 30
0.0
 11
183.237241
 21
-138.0075
 31
0.0
  0
LINE
  5
A84
330
1F
100
AcDbEntity
  8
User.3
100
AcDbLine
 10
183.237241
 20
-138.0075
 30
0.0
 11
169.237241
 21
-138.0075
 31
0.0
  0
LINE
  5
A85
330
1F
100
AcDbEntity
  8
User.3
100
AcDbLine
 10
169.237241
 20
-138.0075
 30
0.0
 11
169.218107
 21
-138.003694
 31
0.0
  0
LINE
  5
A86
330
1F
100
AcDbEntity
  8
User.3
100
AcDbLine
 10
169.218107
 20
-138.003694
 30
0.0
 11
169.191047
 21
-137.976634
 31
0.0
  0
LINE
  5
A87
330
1F
100
AcDbEntity
  8
User.3
100
AcDbLine
 10
169.191047
 20
-137.976634
 30
0.0
 11
169.187241
 21
-137.9575
 31
0.0
  0
LINE
  5
A88
330
1F
100
AcDbEntity
  8
User.3
100
AcDbLine
 10
169.187241
 20
-137.9575
 30
0.0
 11
169.187241
 21
-123.9575
 31
0.0
  0
LINE
  5
A89
330
1F
100
AcDbEntity
  8
User.3
100
AcDbLine
 10
169.187241
 20
-123.9575
 30
0.0
 11
169.191047
 21
-123.938366
 31
0.0
  0
LINE
  5
A8A
330
1F
100
AcDbEntity
  8
User.3
100
AcDbLine
 10
169.191047
 20
-123.938366
 30
0.0
 11
169.218107
 21
-123.911306
 31
0.0
  0
LINE
  5
A8B
330
1F
100
AcDbEntity
  8
User.3
100
AcDbLine
 10
169.218107
 20
-123.911306
 30
0.0
 11
169.237241
 21
-123.9075
 31
0.0
  0
LINE
  5
A8C
330
1F
100
AcDbEntity
  8
User.3
100
AcDbLine
 10
169.237241
 20
-123.9075
 30
0.0
 11
183.237241
 21
-123.9075
 31
0.0
  0
LINE
  5
A8D
330
1F
100
AcDbEntity
  8
User.3
100
AcDbLine
 10
183.237241
 20
-123.9075
 30
0.0
 11
183.256375
 21
-123.911306
 31
0.0
  0
LINE
  5
A8E
330
1F
100
AcDbEntity
  8
User.3
100
AcDbLine
 10
270.856375
 20
-123.911306
 30
0.0
 11
270.883435
 21
-123.938366
 31
0.0
  0
LINE
  5
A8F
330
1F
100
AcDbEntity
  8
User.3
100
AcDbLine
 10
270.883435
 20
-123.938366
 30
0.0
 11
270.887241
 21
-123.9575
 31
0.0
  0
LINE
  5
A90
330
1F
100
AcDbEntity
  8
User.3
100
AcDbLine
 10
270.887241
 20
-123.9575
 30
0.0
 11
270.887241
 21
-137.9575
 31
0.0
  0
LINE
  5
A91
330
1F
100
AcDbEntity
  8
User.3
100
AcDbLine
 10
270.887241
 20
-137.9575
 30
0.0
 11
270.883435
 21
-137.976634
 31
0.0
  0
LINE
  5
A92
330
1F
100
AcDbEntity
  8
User.3
100
AcDbLine
 10
270.883435
 20
-137.976634
 30
0.0
 11
270.856375
 21
-138.003694
 31
0.0
  0
LINE
  5
A93
330
1F
100
AcDbEntity
  8
User.3
100
AcDbLine
 10
270.856375
 20
-138.003694
 30
0.0
 11
270.837241
 21
-138.0075
 31
0.0
  0
LINE
  5
A94
330
1F
100
AcDbEntity
  8
User.3
100
AcDbLine
 10
270.837241
 20
-138.0075
 30
0.0
 11
256.8372410000001
 21
-138.0075
 31
0.0
  0
LINE
  5
A95
330
1F
100
AcDbEntity
  8
User.3
100
AcDbLine
 10
256.8372410000001
 20
-138.0075
 30
0.0
 11
256.8181069999999
 21
-138.003694
 31
0.0
  0
LINE
  5
A96
330
1F
100
AcDbEntity
  8
User.3
100
AcDbLine
 10
256.8181069999999
 20
-138.003694
 30
0.0
 11
256.791047
 21
-137.976634
 31
0.0
  0
LINE
  5
A97
330
1F
100
AcDbEntity
  8
User.3
100
AcDbLine
 10
256.791047
 20
-137.976634
 30
0.0
 11
256.7872409999999
 21
-137.9575
 31
0.0
  0
LINE
  5
A98
330
1F
100
AcDbEntity
  8
User.3
100
AcDbLine
 10
256.7872409999999
 20
-137.9575
 30
0.0
 11
256.7872409999999
 21
-123.9575
 31
0.0
  0
LINE
  5
A99
330
1F
100
AcDbEntity
  8
User.3
100
AcDbLine
 10
256.7872409999999
 20
-123.9575
 30
0.0
 11
256.791047
 21
-123.938366
 31
0.0
  0
LINE
  5
A9A
330
1F
100
AcDbEntity
  8
User.3
100
AcDbLine
 10
256.791047
 20
-123.938366
 30
0.0
 11
256.8181069999999
 21
-123.911306
 31
0.0
  0
LINE
  5
A9B
330
1F
100
AcDbEntity
  8
User.3
100
AcDbLine
 10
256.8181069999999
 20
-123.911306
 30
0.0
 11
256.8372410000001
 21
-123.9075
 31
0.0
  0
LINE
  5
A9C
330
1F
100
AcDbEntity
  8
User.3
100
AcDbLine
 10
256.8372410000001
 20
-123.9075
 30
0.0
 11
270.837241
 21
-123.9075
 31
0.0
  0
LINE
  5
A9D
330
1F
100
AcDbEntity
  8
User.3
100
AcDbLine
 10
270.837241
 20
-123.9075
 30
0.0
 11
270.856375
 21
-123.911306
 31
0.0
  0
LINE
  5
A9E
330
1F
100
AcDbEntity
  8
User.3
100
AcDbLine
 10
347.056375
 20
-123.911306
 30
0.0
 11
347.083435
 21
-123.938366
 31
0.0
  0
LINE
  5
A9F
330
1F
100
AcDbEntity
  8
User.3
100
AcDbLine
 10
347.083435
 20
-123.938366
 30
0.0
 11
347.087241
 21
-123.9575
 31
0.0
  0
LINE
  5
AA0
330
1F
100
AcDbEntity
  8
User.3
100
AcDbLine
 10
347.087241
 20
-123.9575
 30
0.0
 11
347.087241
 21
-137.9575
 31
0.0
  0
LINE
  5
AA1
330
1F
100
AcDbEntity
  8
User.3
100
AcDbLine
 10
347.087241
 20
-137.9575
 30
0.0
 11
347.083435
 21
-137.976634
 31
0.0
  0
LINE
  5
AA2
330
1F
100
AcDbEntity
  8
User.3
100
AcDbLine
 10
347.083435
 20
-137.976634
 30
0.0
 11
347.056375
 21
-138.003694
 31
0.0
  0
LINE
  5
AA3
330
1F
100
AcDbEntity
  8
User.3
100
AcDbLine
 10
347.056375
 20
-138.003694
 30
0.0
 11
347.037241
 21
-138.0075
 31
0.0
  0
LINE
  5
AA4
330
1F
100
AcDbEntity
  8
User.3
100
AcDbLine
 10
347.037241
 20
-138.0075
 30
0.0
 11
333.037241
 21
-138.0075
 31
0.0
  0
LINE
  5
AA5
330
1F
100
AcDbEntity
  8
User.3
100
AcDbLine
 10
333.037241
 20
-138.0075
 30
0.0
 11
333.018107
 21
-138.003694
 31
0.0
  0
LINE
  5
AA6
330
1F
100
AcDbEntity
  8
User.3
100
AcDbLine
 10
333.018107
 20
-138.003694
 30
0.0
 11
332.991047
 21
-137.976634
 31
0.0
  0
LINE
  5
AA7
330
1F
100
AcDbEntity
  8
User.3
100
AcDbLine
 10
332.991047
 20
-137.976634
 30
0.0
 11
332.987241
 21
-137.9575
 31
0.0
  0
LINE
  5
AA8
330
1F
100
AcDbEntity
  8
User.3
100
AcDbLine
 10
332.987241
 20
-137.9575
 30
0.0
 11
332.987241
 21
-123.9575
 31
0.0
  0
LINE
  5
AA9
330
1F
100
AcDbEntity
  8
User.3
100
AcDbLine
 10
332.987241
 20
-123.9575
 30
0.0
 11
332.991047
 21
-123.938366
 31
0.0
  0
LINE
  5
AAA
330
1F
100
AcDbEntity
  8
User.3
100
AcDbLine
 10
332.991047
 20
-123.938366
 30
0.0
 11
333.018107
 21
-123.911306
 31
0.0
  0
LINE
  5
AAB
330
1F
100
AcDbEntity
  8
User.3
100
AcDbLine
 10
333.018107
 20
-123.911306
 30
0.0
 11
333.037241
 21
-123.9075
 31
0.0
  0
LINE
  5
AAC
330
1F
100
AcDbEntity
  8
User.3
100
AcDbLine
 10
333.037241
 20
-123.9075
 30
0.0
 11
347.037241
 21
-123.9075
 31
0.0
  0
LINE
  5
AAD
330
1F
100
AcDbEntity
  8
User.3
100
AcDbLine
 10
347.037241
 20
-123.9075
 30
0.0
 11
347.056375
 21
-123.911306
 31
0.0
  0
LINE
  5
AAE
330
1F
100
AcDbEntity
  8
User.3
100
AcDbLine
 10
126.106375
 20
-119.148806
 30
0.0
 11
126.133435
 21
-119.175866
 31
0.0
  0
LINE
  5
AAF
330
1F
100
AcDbEntity
  8
User.3
100
AcDbLine
 10
126.133435
 20
-119.175866
 30
0.0
 11
126.137241
 21
-119.195
 31
0.0
  0
LINE
  5
AB0
330
1F
100
AcDbEntity
  8
User.3
100
AcDbLine
 10
126.137241
 20
-119.195
 30
0.0
 11
126.137241
 21
-133.195
 31
0.0
  0
LINE
  5
AB1
330
1F
100
AcDbEntity
  8
User.3
100
AcDbLine
 10
126.137241
 20
-133.195
 30
0.0
 11
126.133435
 21
-133.214134
 31
0.0
  0
LINE
  5
AB2
330
1F
100
AcDbEntity
  8
User.3
100
AcDbLine
 10
126.133435
 20
-133.214134
 30
0.0
 11
126.106375
 21
-133.241194
 31
0.0
  0
LINE
  5
AB3
330
1F
100
AcDbEntity
  8
User.3
100
AcDbLine
 10
126.106375
 20
-133.241194
 30
0.0
 11
126.087241
 21
-133.245
 31
0.0
  0
LINE
  5
AB4
330
1F
100
AcDbEntity
  8
User.3
100
AcDbLine
 10
126.087241
 20
-133.245
 30
0.0
 11
112.087241
 21
-133.245
 31
0.0
  0
LINE
  5
AB5
330
1F
100
AcDbEntity
  8
User.3
100
AcDbLine
 10
112.087241
 20
-133.245
 30
0.0
 11
112.068107
 21
-133.241194
 31
0.0
  0
LINE
  5
AB6
330
1F
100
AcDbEntity
  8
User.3
100
AcDbLine
 10
112.068107
 20
-133.241194
 30
0.0
 11
112.041047
 21
-133.214134
 31
0.0
  0
LINE
  5
AB7
330
1F
100
AcDbEntity
  8
User.3
100
AcDbLine
 10
112.041047
 20
-133.214134
 30
0.0
 11
112.037241
 21
-133.195
 31
0.0
  0
LINE
  5
AB8
330
1F
100
AcDbEntity
  8
User.3
100
AcDbLine
 10
112.037241
 20
-133.195
 30
0.0
 11
112.037241
 21
-119.195
 31
0.0
  0
LINE
  5
AB9
330
1F
100
AcDbEntity
  8
User.3
100
AcDbLine
 10
112.037241
 20
-119.195
 30
0.0
 11
112.041047
 21
-119.175866
 31
0.0
  0
LINE
  5
ABA
330
1F
100
AcDbEntity
  8
User.3
100
AcDbLine
 10
112.041047
 20
-119.175866
 30
0.0
 11
112.068107
 21
-119.148806
 31
0.0
  0
LINE
  5
ABB
330
1F
100
AcDbEntity
  8
User.3
100
AcDbLine
 10
112.068107
 20
-119.148806
 30
0.0
 11
112.087241
 21
-119.145
 31
0.0
  0
LINE
  5
ABC
330
1F
100
AcDbEntity
  8
User.3
100
AcDbLine
 10
112.087241
 20
-119.145
 30
0.0
 11
126.087241
 21
-119.145
 31
0.0
  0
LINE
  5
ABD
330
1F
100
AcDbEntity
  8
User.3
100
AcDbLine
 10
126.087241
 20
-119.145
 30
0.0
 11
126.106375
 21
-119.148806
 31
0.0
  0
LINE
  5
ABE
330
1F
100
AcDbEntity
  8
User.3
100
AcDbLine
 10
164.206375
 20
-119.148806
 30
0.0
 11
164.233435
 21
-119.175866
 31
0.0
  0
LINE
  5
ABF
330
1F
100
AcDbEntity
  8
User.3
100
AcDbLine
 10
164.233435
 20
-119.175866
 30
0.0
 11
164.237241
 21
-119.195
 31
0.0
  0
LINE
  5
AC0
330
1F
100
AcDbEntity
  8
User.3
100
AcDbLine
 10
164.237241
 20
-119.195
 30
0.0
 11
164.237241
 21
-133.195
 31
0.0
  0
LINE
  5
AC1
330
1F
100
AcDbEntity
  8
User.3
100
AcDbLine
 10
164.237241
 20
-133.195
 30
0.0
 11
164.233435
 21
-133.214134
 31
0.0
  0
LINE
  5
AC2
330
1F
100
AcDbEntity
  8
User.3
100
AcDbLine
 10
164.233435
 20
-133.214134
 30
0.0
 11
164.206375
 21
-133.241194
 31
0.0
  0
LINE
  5
AC3
330
1F
100
AcDbEntity
  8
User.3
100
AcDbLine
 10
164.206375
 20
-133.241194
 30
0.0
 11
164.187241
 21
-133.245
 31
0.0
  0
LINE
  5
AC4
330
1F
100
AcDbEntity
  8
User.3
100
AcDbLine
 10
164.187241
 20
-133.245
 30
0.0
 11
150.187241
 21
-133.245
 31
0.0
  0
LINE
  5
AC5
330
1F
100
AcDbEntity
  8
User.3
100
AcDbLine
 10
150.187241
 20
-133.245
 30
0.0
 11
150.168107
 21
-133.241194
 31
0.0
  0
LINE
  5
AC6
330
1F
100
AcDbEntity
  8
User.3
100
AcDbLine
 10
150.168107
 20
-133.241194
 30
0.0
 11
150.141047
 21
-133.214134
 31
0.0
  0
LINE
  5
AC7
330
1F
100
AcDbEntity
  8
User.3
100
AcDbLine
 10
150.141047
 20
-133.214134
 30
0.0
 11
150.137241
 21
-133.195
 31
0.0
  0
LINE
  5
AC8
330
1F
100
AcDbEntity
  8
User.3
100
AcDbLine
 10
150.137241
 20
-133.195
 30
0.0
 11
150.137241
 21
-119.195
 31
0.0
  0
LINE
  5
AC9
330
1F
100
AcDbEntity
  8
User.3
100
AcDbLine
 10
150.137241
 20
-119.195
 30
0.0
 11
150.141047
 21
-119.175866
 31
0.0
  0
LINE
  5
ACA
330
1F
100
AcDbEntity
  8
User.3
100
AcDbLine
 10
150.141047
 20
-119.175866
 30
0.0
 11
150.168107
 21
-119.148806
 31
0.0
  0
LINE
  5
ACB
330
1F
100
AcDbEntity
  8
User.3
100
AcDbLine
 10
150.168107
 20
-119.148806
 30
0.0
 11
150.187241
 21
-119.145
 31
0.0
  0
LINE
  5
ACC
330
1F
100
AcDbEntity
  8
User.3
100
AcDbLine
 10
150.187241
 20
-119.145
 30
0.0
 11
164.187241
 21
-119.145
 31
0.0
  0
LINE
  5
ACD
330
1F
100
AcDbEntity
  8
User.3
100
AcDbLine
 10
164.187241
 20
-119.145
 30
0.0
 11
164.206375
 21
-119.148806
 31
0.0
  0
LINE
  5
ACE
330
1F
100
AcDbEntity
  8
User.3
100
AcDbLine
 10
289.906375
 20
-119.148806
 30
0.0
 11
289.933435
 21
-119.175866
 31
0.0
  0
LINE
  5
ACF
330
1F
100
AcDbEntity
  8
User.3
100
AcDbLine
 10
289.933435
 20
-119.175866
 30
0.0
 11
289.937241
 21
-119.195
 31
0.0
  0
LINE
  5
AD0
330
1F
100
AcDbEntity
  8
User.3
100
AcDbLine
 10
289.937241
 20
-119.195
 30
0.0
 11
289.937241
 21
-133.195
 31
0.0
  0
LINE
  5
AD1
330
1F
100
AcDbEntity
  8
User.3
100
AcDbLine
 10
289.937241
 20
-133.195
 30
0.0
 11
289.933435
 21
-133.214134
 31
0.0
  0
LINE
  5
AD2
330
1F
100
AcDbEntity
  8
User.3
100
AcDbLine
 10
289.933435
 20
-133.214134
 30
0.0
 11
289.906375
 21
-133.241194
 31
0.0
  0
LINE
  5
AD3
330
1F
100
AcDbEntity
  8
User.3
100
AcDbLine
 10
289.906375
 20
-133.241194
 30
0.0
 11
289.887241
 21
-133.245
 31
0.0
  0
LINE
  5
AD4
330
1F
100
AcDbEntity
  8
User.3
100
AcDbLine
 10
289.887241
 20
-133.245
 30
0.0
 11
275.887241
 21
-133.245
 31
0.0
  0
LINE
  5
AD5
330
1F
100
AcDbEntity
  8
User.3
100
AcDbLine
 10
275.887241
 20
-133.245
 30
0.0
 11
275.868107
 21
-133.241194
 31
0.0
  0
LINE
  5
AD6
330
1F
100
AcDbEntity
  8
User.3
100
AcDbLine
 10
275.868107
 20
-133.241194
 30
0.0
 11
275.841047
 21
-133.214134
 31
0.0
  0
LINE
  5
AD7
330
1F
100
AcDbEntity
  8
User.3
100
AcDbLine
 10
275.841047
 20
-133.214134
 30
0.0
 11
275.8372409999999
 21
-133.195
 31
0.0
  0
LINE
  5
AD8
330
1F
100
AcDbEntity
  8
User.3
100
AcDbLine
 10
275.8372409999999
 20
-133.195
 30
0.0
 11
275.8372409999999
 21
-119.195
 31
0.0
  0
LINE
  5
AD9
330
1F
100
AcDbEntity
  8
User.3
100
AcDbLine
 10
275.8372409999999
 20
-119.195
 30
0.0
 11
275.841047
 21
-119.175866
 31
0.0
  0
LINE
  5
ADA
330
1F
100
AcDbEntity
  8
User.3
100
AcDbLine
 10
275.841047
 20
-119.175866
 30
0.0
 11
275.868107
 21
-119.148806
 31
0.0
  0
LINE
  5
ADB
330
1F
100
AcDbEntity
  8
User.3
100
AcDbLine
 10
275.868107
 20
-119.148806
 30
0.0
 11
275.887241
 21
-119.145
 31
0.0
  0
LINE
  5
ADC
330
1F
100
AcDbEntity
  8
User.3
100
AcDbLine
 10
275.887241
 20
-119.145
 30
0.0
 11
289.887241
 21
-119.145
 31
0.0
  0
LINE
  5
ADD
330
1F
100
AcDbEntity
  8
User.3
100
AcDbLine
 10
289.887241
 20
-119.145
 30
0.0
 11
289.906375
 21
-119.148806
 31
0.0
  0
LINE
  5
ADE
330
1F
100
AcDbEntity
  8
User.3
100
AcDbLine
 10
328.006375
 20
-119.148806
 30
0.0
 11
328.033435
 21
-119.175866
 31
0.0
  0
LINE
  5
ADF
330
1F
100
AcDbEntity
  8
User.3
100
AcDbLine
 10
328.033435
 20
-119.175866
 30
0.0
 11
328.037241
 21
-119.195
 31
0.0
  0
LINE
  5
AE0
330
1F
100
AcDbEntity
  8
User.3
100
AcDbLine
 10
328.037241
 20
-119.195
 30
0.0
 11
328.037241
 21
-133.195
 31
0.0
  0
LINE
  5
AE1
330
1F
100
AcDbEntity
  8
User.3
100
AcDbLine
 10
328.037241
 20
-133.195
 30
0.0
 11
328.033435
 21
-133.214134
 31
0.0
  0
LINE
  5
AE2
330
1F
100
AcDbEntity
  8
User.3
100
AcDbLine
 10
328.033435
 20
-133.214134
 30
0.0
 11
328.006375
 21
-133.241194
 31
0.0
  0
LINE
  5
AE3
330
1F
100
AcDbEntity
  8
User.3
100
AcDbLine
 10
328.006375
 20
-133.241194
 30
0.0
 11
327.987241
 21
-133.245
 31
0.0
  0
LINE
  5
AE4
330
1F
100
AcDbEntity
  8
User.3
100
AcDbLine
 10
327.987241
 20
-133.245
 30
0.0
 11
313.987241
 21
-133.245
 31
0.0
  0
LINE
  5
AE5
330
1F
100
AcDbEntity
  8
User.3
100
AcDbLine
 10
313.987241
 20
-133.245
 30
0.0
 11
313.968107
 21
-133.241194
 31
0.0
  0
LINE
  5
AE6
330
1F
100
AcDbEntity
  8
User.3
100
AcDbLine
 10
313.968107
 20
-133.241194
 30
0.0
 11
313.941047
 21
-133.214134
 31
0.0
  0
LINE
  5
AE7
330
1F
100
AcDbEntity
  8
User.3
100
AcDbLine
 10
313.941047
 20
-133.214134
 30
0.0
 11
313.937241
 21
-133.195
 31
0.0
  0
LINE
  5
AE8
330
1F
100
AcDbEntity
  8
User.3
100
AcDbLine
 10
313.937241
 20
-133.195
 30
0.0
 11
313.937241
 21
-119.195
 31
0.0
  0
LINE
  5
AE9
330
1F
100
AcDbEntity
  8
User.3
100
AcDbLine
 10
313.937241
 20
-119.195
 30
0.0
 11
313.941047
 21
-119.175866
 31
0.0
  0
LINE
  5
AEA
330
1F
100
AcDbEntity
  8
User.3
100
AcDbLine
 10
313.941047
 20
-119.175866
 30
0.0
 11
313.968107
 21
-119.148806
 31
0.0
  0
LINE
  5
AEB
330
1F
100
AcDbEntity
  8
User.3
100
AcDbLine
 10
313.968107
 20
-119.148806
 30
0.0
 11
313.987241
 21
-119.145
 31
0.0
  0
LINE
  5
AEC
330
1F
100
AcDbEntity
  8
User.3
100
AcDbLine
 10
313.987241
 20
-119.145
 30
0.0
 11
327.987241
 21
-119.145
 31
0.0
  0
LINE
  5
AED
330
1F
100
AcDbEntity
  8
User.3
100
AcDbLine
 10
327.987241
 20
-119.145
 30
0.0
 11
328.006375
 21
-119.148806
 31
0.0
  0
LINE
  5
AEE
330
1F
100
AcDbEntity
  8
User.3
100
AcDbLine
 10
88.00637499999999
 20
-114.386306
 30
0.0
 11
88.033435
 21
-114.413366
 31
0.0
  0
LINE
  5
AEF
330
1F
100
AcDbEntity
  8
User.3
100
AcDbLine
 10
88.033435
 20
-114.413366
 30
0.0
 11
88.03724100000002
 21
-114.4325
 31
0.0
  0
LINE
  5
AF0
330
1F
100
AcDbEntity
  8
User.3
100
AcDbLine
 10
88.03724100000002
 20
-114.4325
 30
0.0
 11
88.03724100000002
 21
-128.4325
 31
0.0
  0
LINE
  5
AF1
330
1F
100
AcDbEntity
  8
User.3
100
AcDbLine
 10
88.03724100000002
 20
-128.4325
 30
0.0
 11
88.033435
 21
-128.451634
 31
0.0
  0
LINE
  5
AF2
330
1F
100
AcDbEntity
  8
User.3
100
AcDbLine
 10
88.033435
 20
-128.451634
 30
0.0
 11
88.00637499999999
 21
-128.478694
 31
0.0
  0
LINE
  5
AF3
330
1F
100
AcDbEntity
  8
User.3
100
AcDbLine
 10
88.00637499999999
 20
-128.478694
 30
0.0
 11
87.987241
 21
-128.4825
 31
0.0
  0
LINE
  5
AF4
330
1F
100
AcDbEntity
  8
User.3
100
AcDbLine
 10
87.987241
 20
-128.4825
 30
0.0
 11
73.987241
 21
-128.4825
 31
0.0
  0
LINE
  5
AF5
330
1F
100
AcDbEntity
  8
User.3
100
AcDbLine
 10
73.987241
 20
-128.4825
 30
0.0
 11
73.96810699999999
 21
-128.478694
 31
0.0
  0
LINE
  5
AF6
330
1F
100
AcDbEntity
  8
User.3
100
AcDbLine
 10
73.96810699999999
 20
-128.478694
 30
0.0
 11
73.941047
 21
-128.451634
 31
0.0
  0
LINE
  5
AF7
330
1F
100
AcDbEntity
  8
User.3
100
AcDbLine
 10
73.941047
 20
-128.451634
 30
0.0
 11
73.937241
 21
-128.4325
 31
0.0
  0
LINE
  5
AF8
330
1F
100
AcDbEntity
  8
User.3
100
AcDbLine
 10
73.937241
 20
-128.4325
 30
0.0
 11
73.937241
 21
-114.4325
 31
0.0
  0
LINE
  5
AF9
330
1F
100
AcDbEntity
  8
User.3
100
AcDbLine
 10
73.937241
 20
-114.4325
 30
0.0
 11
73.941047
 21
-114.413366
 31
0.0
  0
LINE
  5
AFA
330
1F
100
AcDbEntity
  8
User.3
100
AcDbLine
 10
73.941047
 20
-114.413366
 30
0.0
 11
73.96810699999999
 21
-114.386306
 31
0.0
  0
LINE
  5
AFB
330
1F
100
AcDbEntity
  8
User.3
100
AcDbLine
 10
73.96810699999999
 20
-114.386306
 30
0.0
 11
73.987241
 21
-114.3825
 31
0.0
  0
LINE
  5
AFC
330
1F
100
AcDbEntity
  8
User.3
100
AcDbLine
 10
73.987241
 20
-114.3825
 30
0.0
 11
87.987241
 21
-114.3825
 31
0.0
  0
LINE
  5
AFD
330
1F
100
AcDbEntity
  8
User.3
100
AcDbLine
 10
87.987241
 20
-114.3825
 30
0.0
 11
88.00637499999999
 21
-114.386306
 31
0.0
  0
LINE
  5
AFE
330
1F
100
AcDbEntity
  8
User.3
100
AcDbLine
 10
145.156375
 20
-114.386306
 30
0.0
 11
145.183435
 21
-114.413366
 31
0.0
  0
LINE
  5
AFF
330
1F
100
AcDbEntity
  8
User.3
100
AcDbLine
 10
145.183435
 20
-114.413366
 30
0.0
 11
145.187241
 21
-114.4325
 31
0.0
  0
LINE
  5
B00
330
1F
100
AcDbEntity
  8
User.3
100
AcDbLine
 10
145.187241
 20
-114.4325
 30
0.0
 11
145.187241
 21
-128.4325
 31
0.0
  0
LINE
  5
B01
330
1F
100
AcDbEntity
  8
User.3
100
AcDbLine
 10
145.187241
 20
-128.4325
 30
0.0
 11
145.183435
 21
-128.451634
 31
0.0
  0
LINE
  5
B02
330
1F
100
AcDbEntity
  8
User.3
100
AcDbLine
 10
145.183435
 20
-128.451634
 30
0.0
 11
145.156375
 21
-128.478694
 31
0.0
  0
LINE
  5
B03
330
1F
100
AcDbEntity
  8
User.3
100
AcDbLine
 10
145.156375
 20
-128.478694
 30
0.0
 11
145.137241
 21
-128.4825
 31
0.0
  0
LINE
  5
B04
330
1F
100
AcDbEntity
  8
User.3
100
AcDbLine
 10
145.137241
 20
-128.4825
 30
0.0
 11
131.137241
 21
-128.4825
 31
0.0
  0
LINE
  5
B05
330
1F
100
AcDbEntity
  8
User.3
100
AcDbLine
 10
131.137241
 20
-128.4825
 30
0.0
 11
131.118107
 21
-128.478694
 31
0.0
  0
LINE
  5
B06
330
1F
100
AcDbEntity
  8
User.3
100
AcDbLine
 10
131.118107
 20
-128.478694
 30
0.0
 11
131.091047
 21
-128.451634
 31
0.0
  0
LINE
  5
B07
330
1F
100
AcDbEntity
  8
User.3
100
AcDbLine
 10
131.091047
 20
-128.451634
 30
0.0
 11
131.087241
 21
-128.4325
 31
0.0
  0
LINE
  5
B08
330
1F
100
AcDbEntity
  8
User.3
100
AcDbLine
 10
131.087241
 20
-128.4325
 30
0.0
 11
131.087241
 21
-114.4325
 31
0.0
  0
LINE
  5
B09
330
1F
100
AcDbEntity
  8
User.3
100
AcDbLine
 10
131.087241
 20
-114.4325
 30
0.0
 11
131.091047
 21
-114.413366
 31
0.0
  0
LINE
  5
B0A
330
1F
100
AcDbEntity
  8
User.3
100
AcDbLine
 10
131.091047
 20
-114.413366
 30
0.0
 11
131.118107
 21
-114.386306
 31
0.0
  0
LINE
  5
B0B
330
1F
100
AcDbEntity
  8
User.3
100
AcDbLine
 10
131.118107
 20
-114.386306
 30
0.0
 11
131.137241
 21
-114.3825
 31
0.0
  0
LINE
  5
B0C
330
1F
100
AcDbEntity
  8
User.3
100
AcDbLine
 10
131.137241
 20
-114.3825
 30
0.0
 11
145.137241
 21
-114.3825
 31
0.0
  0
LINE
  5
B0D
330
1F
100
AcDbEntity
  8
User.3
100
AcDbLine
 10
145.137241
 20
-114.3825
 30
0.0
 11
145.156375
 21
-114.386306
 31
0.0
  0
LINE
  5
B0E
330
1F
100
AcDbEntity
  8
User.3
100
AcDbLine
 10
308.956375
 20
-114.386306
 30
0.0
 11
308.983435
 21
-114.413366
 31
0.0
  0
LINE
  5
B0F
330
1F
100
AcDbEntity
  8
User.3
100
AcDbLine
 10
308.983435
 20
-114.413366
 30
0.0
 11
308.987241
 21
-114.4325
 31
0.0
  0
LINE
  5
B10
330
1F
100
AcDbEntity
  8
User.3
100
AcDbLine
 10
308.987241
 20
-114.4325
 30
0.0
 11
308.987241
 21
-128.4325
 31
0.0
  0
LINE
  5
B11
330
1F
100
AcDbEntity
  8
User.3
100
AcDbLine
 10
308.987241
 20
-128.4325
 30
0.0
 11
308.983435
 21
-128.451634
 31
0.0
  0
LINE
  5
B12
330
1F
100
AcDbEntity
  8
User.3
100
AcDbLine
 10
308.983435
 20
-128.451634
 30
0.0
 11
308.956375
 21
-128.478694
 31
0.0
  0
LINE
  5
B13
330
1F
100
AcDbEntity
  8
User.3
100
AcDbLine
 10
308.956375
 20
-128.478694
 30
0.0
 11
308.937241
 21
-128.4825
 31
0.0
  0
LINE
  5
B14
330
1F
100
AcDbEntity
  8
User.3
100
AcDbLine
 10
308.937241
 20
-128.4825
 30
0.0
 11
294.937241
 21
-128.4825
 31
0.0
  0
LINE
  5
B15
330
1F
100
AcDbEntity
  8
User.3
100
AcDbLine
 10
294.937241
 20
-128.4825
 30
0.0
 11
294.918107
 21
-128.478694
 31
0.0
  0
LINE
  5
B16
330
1F
100
AcDbEntity
  8
User.3
100
AcDbLine
 10
294.918107
 20
-128.478694
 30
0.0
 11
294.891047
 21
-128.451634
 31
0.0
  0
LINE
  5
B17
330
1F
100
AcDbEntity
  8
User.3
100
AcDbLine
 10
294.891047
 20
-128.451634
 30
0.0
 11
294.887241
 21
-128.4325
 31
0.0
  0
LINE
  5
B18
330
1F
100
AcDbEntity
  8
User.3
100
AcDbLine
 10
294.887241
 20
-128.4325
 30
0.0
 11
294.887241
 21
-114.4325
 31
0.0
  0
LINE
  5
B19
330
1F
100
AcDbEntity
  8
User.3
100
AcDbLine
 10
294.887241
 20
-114.4325
 30
0.0
 11
294.891047
 21
-114.413366
 31
0.0
  0
LINE
  5
B1A
330
1F
100
AcDbEntity
  8
User.3
100
AcDbLine
 10
294.891047
 20
-114.413366
 30
0.0
 11
294.918107
 21
-114.386306
 31
0.0
  0
LINE
  5
B1B
330
1F
100
AcDbEntity
  8
User.3
100
AcDbLine
 10
294.918107
 20
-114.386306
 30
0.0
 11
294.937241
 21
-114.3825
 31
0.0
  0
LINE
  5
B1C
330
1F
100
AcDbEntity
  8
User.3
100
AcDbLine
 10
294.937241
 20
-114.3825
 30
0.0
 11
308.937241
 21
-114.3825
 31
0.0
  0
LINE
  5
B1D
330
1F
100
AcDbEntity
  8
User.3
100
AcDbLine
 10
308.937241
 20
-114.3825
 30
0.0
 11
308.956375
 21
-114.386306
 31
0.0
  0
LINE
  5
B1E
330
1F
100
AcDbEntity
  8
User.3
100
AcDbLine
 10
366.106375
 20
-114.386306
 30
0.0
 11
366.133435
 21
-114.413366
 31
0.0
  0
LINE
  5
B1F
330
1F
100
AcDbEntity
  8
User.3
100
AcDbLine
 10
366.133435
 20
-114.413366
 30
0.0
 11
366.137241
 21
-114.4325
 31
0.0
  0
LINE
  5
B20
330
1F
100
AcDbEntity
  8
User.3
100
AcDbLine
 10
366.137241
 20
-114.4325
 30
0.0
 11
366.137241
 21
-128.4325
 31
0.0
  0
LINE
  5
B21
330
1F
100
AcDbEntity
  8
User.3
100
AcDbLine
 10
366.137241
 20
-128.4325
 30
0.0
 11
366.133435
 21
-128.451634
 31
0.0
  0
LINE
  5
B22
330
1F
100
AcDbEntity
  8
User.3
100
AcDbLine
 10
366.133435
 20
-128.451634
 30
0.0
 11
366.106375
 21
-128.478694
 31
0.0
  0
LINE
  5
B23
330
1F
100
AcDbEntity
  8
User.3
100
AcDbLine
 10
366.106375
 20
-128.478694
 30
0.0
 11
366.087241
 21
-128.4825
 31
0.0
  0
LINE
  5
B24
330
1F
100
AcDbEntity
  8
User.3
100
AcDbLine
 10
366.087241
 20
-128.4825
 30
0.0
 11
352.087241
 21
-128.4825
 31
0.0
  0
LINE
  5
B25
330
1F
100
AcDbEntity
  8
User.3
100
AcDbLine
 10
352.087241
 20
-128.4825
 30
0.0
 11
352.0681069999999
 21
-128.478694
 31
0.0
  0
LINE
  5
B26
330
1F
100
AcDbEntity
  8
User.3
100
AcDbLine
 10
352.0681069999999
 20
-128.478694
 30
0.0
 11
352.041047
 21
-128.451634
 31
0.0
  0
LINE
  5
B27
330
1F
100
AcDbEntity
  8
User.3
100
AcDbLine
 10
352.041047
 20
-128.451634
 30
0.0
 11
352.037241
 21
-128.4325
 31
0.0
  0
LINE
  5
B28
330
1F
100
AcDbEntity
  8
User.3
100
AcDbLine
 10
352.037241
 20
-128.4325
 30
0.0
 11
352.037241
 21
-114.4325
 31
0.0
  0
LINE
  5
B29
330
1F
100
AcDbEntity
  8
User.3
100
AcDbLine
 10
352.037241
 20
-114.4325
 30
0.0
 11
352.041047
 21
-114.413366
 31
0.0
  0
LINE
  5
B2A
330
1F
100
AcDbEntity
  8
User.3
100
AcDbLine
 10
352.041047
 20
-114.413366
 30
0.0
 11
352.0681069999999
 21
-114.386306
 31
0.0
  0
LINE
  5
B2B
330
1F
100
AcDbEntity
  8
User.3
100
AcDbLine
 10
352.0681069999999
 20
-114.386306
 30
0.0
 11
352.087241
 21
-114.3825
 31
0.0
  0
LINE
  5
B2C
330
1F
100
AcDbEntity
  8
User.3
100
AcDbLine
 10
352.087241
 20
-114.3825
 30
0.0
 11
366.087241
 21
-114.3825
 31
0.0
  0
LINE
  5
B2D
330
1F
100
AcDbEntity
  8
User.3
100
AcDbLine
 10
366.087241
 20
-114.3825
 30
0.0
 11
366.106375
 21
-114.386306
 31
0.0
  0
LINE
  5
B2E
330
1F
100
AcDbEntity
  8
User.3
100
AcDbLine
 10
107.056375
 20
-104.861306
 30
0.0
 11
107.083435
 21
-104.888366
 31
0.0
  0
LINE
  5
B2F
330
1F
100
AcDbEntity
  8
User.3
100
AcDbLine
 10
107.083435
 20
-104.888366
 30
0.0
 11
107.087241
 21
-104.9075
 31
0.0
  0
LINE
  5
B30
330
1F
100
AcDbEntity
  8
User.3
100
AcDbLine
 10
107.087241
 20
-104.9075
 30
0.0
 11
107.087241
 21
-118.9075
 31
0.0
  0
LINE
  5
B31
330
1F
100
AcDbEntity
  8
User.3
100
AcDbLine
 10
107.087241
 20
-118.9075
 30
0.0
 11
107.083435
 21
-118.926634
 31
0.0
  0
LINE
  5
B32
330
1F
100
AcDbEntity
  8
User.3
100
AcDbLine
 10
107.083435
 20
-118.926634
 30
0.0
 11
107.056375
 21
-118.953694
 31
0.0
  0
LINE
  5
B33
330
1F
100
AcDbEntity
  8
User.3
100
AcDbLine
 10
107.056375
 20
-118.953694
 30
0.0
 11
107.037241
 21
-118.9575
 31
0.0
  0
LINE
  5
B34
330
1F
100
AcDbEntity
  8
User.3
100
AcDbLine
 10
107.037241
 20
-118.9575
 30
0.0
 11
93.03724100000001
 21
-118.9575
 31
0.0
  0
LINE
  5
B35
330
1F
100
AcDbEntity
  8
User.3
100
AcDbLine
 10
93.03724100000001
 20
-118.9575
 30
0.0
 11
93.01810699999999
 21
-118.953694
 31
0.0
  0
LINE
  5
B36
330
1F
100
AcDbEntity
  8
User.3
100
AcDbLine
 10
93.01810699999999
 20
-118.953694
 30
0.0
 11
92.991047
 21
-118.926634
 31
0.0
  0
LINE
  5
B37
330
1F
100
AcDbEntity
  8
User.3
100
AcDbLine
 10
92.991047
 20
-118.926634
 30
0.0
 11
92.98724099999998
 21
-118.9075
 31
0.0
  0
LINE
  5
B38
330
1F
100
AcDbEntity
  8
User.3
100
AcDbLine
 10
92.98724099999998
 20
-118.9075
 30
0.0
 11
92.98724099999998
 21
-104.9075
 31
0.0
  0
LINE
  5
B39
330
1F
100
AcDbEntity
  8
User.3
100
AcDbLine
 10
92.98724099999998
 20
-104.9075
 30
0.0
 11
92.991047
 21
-104.888366
 31
0.0
  0
LINE
  5
B3A
330
1F
100
AcDbEntity
  8
User.3
100
AcDbLine
 10
92.991047
 20
-104.888366
 30
0.0
 11
93.01810699999999
 21
-104.861306
 31
0.0
  0
LINE
  5
B3B
330
1F
100
AcDbEntity
  8
User.3
100
AcDbLine
 10
93.01810699999999
 20
-104.861306
 30
0.0
 11
93.03724100000001
 21
-104.8575
 31
0.0
  0
LINE
  5
B3C
330
1F
100
AcDbEntity
  8
User.3
100
AcDbLine
 10
93.03724100000001
 20
-104.8575
 30
0.0
 11
107.037241
 21
-104.8575
 31
0.0
  0
LINE
  5
B3D
330
1F
100
AcDbEntity
  8
User.3
100
AcDbLine
 10
107.037241
 20
-104.8575
 30
0.0
 11
107.056375
 21
-104.861306
 31
0.0
  0
LINE
  5
B3E
330
1F
100
AcDbEntity
  8
User.3
100
AcDbLine
 10
183.256375
 20
-104.861306
 30
0.0
 11
183.283435
 21
-104.888366
 31
0.0
  0
LINE
  5
B3F
330
1F
100
AcDbEntity
  8
User.3
100
AcDbLine
 10
183.283435
 20
-104.888366
 30
0.0
 11
183.287241
 21
-104.9075
 31
0.0
  0
LINE
  5
B40
330
1F
100
AcDbEntity
  8
User.3
100
AcDbLine
 10
183.287241
 20
-104.9075
 30
0.0
 11
183.287241
 21
-118.9075
 31
0.0
  0
LINE
  5
B41
330
1F
100
AcDbEntity
  8
User.3
100
AcDbLine
 10
183.287241
 20
-118.9075
 30
0.0
 11
183.283435
 21
-118.926634
 31
0.0
  0
LINE
  5
B42
330
1F
100
AcDbEntity
  8
User.3
100
AcDbLine
 10
183.283435
 20
-118.926634
 30
0.0
 11
183.256375
 21
-118.953694
 31
0.0
  0
LINE
  5
B43
330
1F
100
AcDbEntity
  8
User.3
100
AcDbLine
 10
183.256375
 20
-118.953694
 30
0.0
 11
183.237241
 21
-118.9575
 31
0.0
  0
LINE
  5
B44
330
1F
100
AcDbEntity
  8
User.3
100
AcDbLine
 10
183.237241
 20
-118.9575
 30
0.0
 11
169.237241
 21
-118.9575
 31
0.0
  0
LINE
  5
B45
330
1F
100
AcDbEntity
  8
User.3
100
AcDbLine
 10
169.237241
 20
-118.9575
 30
0.0
 11
169.218107
 21
-118.953694
 31
0.0
  0
LINE
  5
B46
330
1F
100
AcDbEntity
  8
User.3
100
AcDbLine
 10
169.218107
 20
-118.953694
 30
0.0
 11
169.191047
 21
-118.926634
 31
0.0
  0
LINE
  5
B47
330
1F
100
AcDbEntity
  8
User.3
100
AcDbLine
 10
169.191047
 20
-118.926634
 30
0.0
 11
169.187241
 21
-118.9075
 31
0.0
  0
LINE
  5
B48
330
1F
100
AcDbEntity
  8
User.3
100
AcDbLine
 10
169.187241
 20
-118.9075
 30
0.0
 11
169.187241
 21
-104.9075
 31
0.0
  0
LINE
  5
B49
330
1F
100
AcDbEntity
  8
User.3
100
AcDbLine
 10
169.187241
 20
-104.9075
 30
0.0
 11
169.191047
 21
-104.888366
 31
0.0
  0
LINE
  5
B4A
330
1F
100
AcDbEntity
  8
User.3
100
AcDbLine
 10
169.191047
 20
-104.888366
 30
0.0
 11
169.218107
 21
-104.861306
 31
0.0
  0
LINE
  5
B4B
330
1F
100
AcDbEntity
  8
User.3
100
AcDbLine
 10
169.218107
 20
-104.861306
 30
0.0
 11
169.237241
 21
-104.8575
 31
0.0
  0
LINE
  5
B4C
330
1F
100
AcDbEntity
  8
User.3
100
AcDbLine
 10
169.237241
 20
-104.8575
 30
0.0
 11
183.237241
 21
-104.8575
 31
0.0
  0
LINE
  5
B4D
330
1F
100
AcDbEntity
  8
User.3
100
AcDbLine
 10
183.237241
 20
-104.8575
 30
0.0
 11
183.256375
 21
-104.861306
 31
0.0
  0
LINE
  5
B4E
330
1F
100
AcDbEntity
  8
User.3
100
AcDbLine
 10
270.856375
 20
-104.861306
 30
0.0
 11
270.883435
 21
-104.888366
 31
0.0
  0
LINE
  5
B4F
330
1F
100
AcDbEntity
  8
User.3
100
AcDbLine
 10
270.883435
 20
-104.888366
 30
0.0
 11
270.887241
 21
-104.9075
 31
0.0
  0
LINE
  5
B50
330
1F
100
AcDbEntity
  8
User.3
100
AcDbLine
 10
270.887241
 20
-104.9075
 30
0.0
 11
270.887241
 21
-118.9075
 31
0.0
  0
LINE
  5
B51
330
1F
100
AcDbEntity
  8
User.3
100
AcDbLine
 10
270.887241
 20
-118.9075
 30
0.0
 11
270.883435
 21
-118.926634
 31
0.0
  0
LINE
  5
B52
330
1F
100
AcDbEntity
  8
User.3
100
AcDbLine
 10
270.883435
 20
-118.926634
 30
0.0
 11
270.856375
 21
-118.953694
 31
0.0
  0
LINE
  5
B53
330
1F
100
AcDbEntity
  8
User.3
100
AcDbLine
 10
270.856375
 20
-118.953694
 30
0.0
 11
270.837241
 21
-118.9575
 31
0.0
  0
LINE
  5
B54
330
1F
100
AcDbEntity
  8
User.3
100
AcDbLine
 10
270.837241
 20
-118.9575
 30
0.0
 11
256.8372410000001
 21
-118.9575
 31
0.0
  0
LINE
  5
B55
330
1F
100
AcDbEntity
  8
User.3
100
AcDbLine
 10
256.8372410000001
 20
-118.9575
 30
0.0
 11
256.8181069999999
 21
-118.953694
 31
0.0
  0
LINE
  5
B56
330
1F
100
AcDbEntity
  8
User.3
100
AcDbLine
 10
256.8181069999999
 20
-118.953694
 30
0.0
 11
256.791047
 21
-118.926634
 31
0.0
  0
LINE
  5
B57
330
1F
100
AcDbEntity
  8
User.3
100
AcDbLine
 10
256.791047
 20
-118.926634
 30
0.0
 11
256.7872409999999
 21
-118.9075
 31
0.0
  0
LINE
  5
B58
330
1F
100
AcDbEntity
  8
User.3
100
AcDbLine
 10
256.7872409999999
 20
-118.9075
 30
0.0
 11
256.7872409999999
 21
-104.9075
 31
0.0
  0
LINE
  5
B59
330
1F
100
AcDbEntity
  8
User.3
100
AcDbLine
 10
256.7872409999999
 20
-104.9075
 30
0.0
 11
256.791047
 21
-104.888366
 31
0.0
  0
LINE
  5
B5A
330
1F
100
AcDbEntity
  8
User.3
100
AcDbLine
 10
256.791047
 20
-104.888366
 30
0.0
 11
256.8181069999999
 21
-104.861306
 31
0.0
  0
LINE
  5
B5B
330
1F
100
AcDbEntity
  8
User.3
100
AcDbLine
 10
256.8181069999999
 20
-104.861306
 30
0.0
 11
256.8372410000001
 21
-104.8575
 31
0.0
  0
LINE
  5
B5C
330
1F
100
AcDbEntity
  8
User.3
100
AcDbLine
 10
256.8372410000001
 20
-104.8575
 30
0.0
 11
270.837241
 21
-104.8575
 31
0.0
  0
LINE
  5
B5D
330
1F
100
AcDbEntity
  8
User.3
100
AcDbLine
 10
270.837241
 20
-104.8575
 30
0.0
 11
270.856375
 21
-104.861306
 31
0.0
  0
LINE
  5
B5E
330
1F
100
AcDbEntity
  8
User.3
100
AcDbLine
 10
347.056375
 20
-104.861306
 30
0.0
 11
347.083435
 21
-104.888366
 31
0.0
  0
LINE
  5
B5F
330
1F
100
AcDbEntity
  8
User.3
100
AcDbLine
 10
347.083435
 20
-104.888366
 30
0.0
 11
347.087241
 21
-104.9075
 31
0.0
  0
LINE
  5
B60
330
1F
100
AcDbEntity
  8
User.3
100
AcDbLine
 10
347.087241
 20
-104.9075
 30
0.0
 11
347.087241
 21
-118.9075
 31
0.0
  0
LINE
  5
B61
330
1F
100
AcDbEntity
  8
User.3
100
AcDbLine
 10
347.087241
 20
-118.9075
 30
0.0
 11
347.083435
 21
-118.926634
 31
0.0
  0
LINE
  5
B62
330
1F
100
AcDbEntity
  8
User.3
100
AcDbLine
 10
347.083435
 20
-118.926634
 30
0.0
 11
347.056375
 21
-118.953694
 31
0.0
  0
LINE
  5
B63
330
1F
100
AcDbEntity
  8
User.3
100
AcDbLine
 10
347.056375
 20
-118.953694
 30
0.0
 11
347.037241
 21
-118.9575
 31
0.0
  0
LINE
  5
B64
330
1F
100
AcDbEntity
  8
User.3
100
AcDbLine
 10
347.037241
 20
-118.9575
 30
0.0
 11
333.037241
 21
-118.9575
 31
0.0
  0
LINE
  5
B65
330
1F
100
AcDbEntity
  8
User.3
100
AcDbLine
 10
333.037241
 20
-118.9575
 30
0.0
 11
333.018107
 21
-118.953694
 31
0.0
  0
LINE
  5
B66
330
1F
100
AcDbEntity
  8
User.3
100
AcDbLine
 10
333.018107
 20
-118.953694
 30
0.0
 11
332.991047
 21
-118.926634
 31
0.0
  0
LINE
  5
B67
330
1F
100
AcDbEntity
  8
User.3
100
AcDbLine
 10
332.991047
 20
-118.926634
 30
0.0
 11
332.987241
 21
-118.9075
 31
0.0
  0
LINE
  5
B68
330
1F
100
AcDbEntity
  8
User.3
100
AcDbLine
 10
332.987241
 20
-118.9075
 30
0.0
 11
332.987241
 21
-104.9075
 31
0.0
  0
LINE
  5
B69
330
1F
100
AcDbEntity
  8
User.3
100
AcDbLine
 10
332.987241
 20
-104.9075
 30
0.0
 11
332.991047
 21
-104.888366
 31
0.0
  0
LINE
  5
B6A
330
1F
100
AcDbEntity
  8
User.3
100
AcDbLine
 10
332.991047
 20
-104.888366
 30
0.0
 11
333.018107
 21
-104.861306
 31
0.0
  0
LINE
  5
B6B
330
1F
100
AcDbEntity
  8
User.3
100
AcDbLine
 10
333.018107
 20
-104.861306
 30
0.0
 11
333.037241
 21
-104.8575
 31
0.0
  0
LINE
  5
B6C
330
1F
100
AcDbEntity
  8
User.3
100
AcDbLine
 10
333.037241
 20
-104.8575
 30
0.0
 11
347.037241
 21
-104.8575
 31
0.0
  0
LINE
  5
B6D
330
1F
100
AcDbEntity
  8
User.3
100
AcDbLine
 10
347.037241
 20
-104.8575
 30
0.0
 11
347.056375
 21
-104.861306
 31
0.0
  0
LINE
  5
B6E
330
1F
100
AcDbEntity
  8
User.3
100
AcDbLine
 10
126.106375
 20
-100.098806
 30
0.0
 11
126.133435
 21
-100.125866
 31
0.0
  0
LINE
  5
B6F
330
1F
100
AcDbEntity
  8
User.3
100
AcDbLine
 10
126.133435
 20
-100.125866
 30
0.0
 11
126.137241
 21
-100.145
 31
0.0
  0
LINE
  5
B70
330
1F
100
AcDbEntity
  8
User.3
100
AcDbLine
 10
126.137241
 20
-100.145
 30
0.0
 11
126.137241
 21
-114.145
 31
0.0
  0
LINE
  5
B71
330
1F
100
AcDbEntity
  8
User.3
100
AcDbLine
 10
126.137241
 20
-114.145
 30
0.0
 11
126.133435
 21
-114.164134
 31
0.0
  0
LINE
  5
B72
330
1F
100
AcDbEntity
  8
User.3
100
AcDbLine
 10
126.133435
 20
-114.164134
 30
0.0
 11
126.106375
 21
-114.191194
 31
0.0
  0
LINE
  5
B73
330
1F
100
AcDbEntity
  8
User.3
100
AcDbLine
 10
126.106375
 20
-114.191194
 30
0.0
 11
126.087241
 21
-114.195
 31
0.0
  0
LINE
  5
B74
330
1F
100
AcDbEntity
  8
User.3
100
AcDbLine
 10
126.087241
 20
-114.195
 30
0.0
 11
112.087241
 21
-114.195
 31
0.0
  0
LINE
  5
B75
330
1F
100
AcDbEntity
  8
User.3
100
AcDbLine
 10
112.087241
 20
-114.195
 30
0.0
 11
112.068107
 21
-114.191194
 31
0.0
  0
LINE
  5
B76
330
1F
100
AcDbEntity
  8
User.3
100
AcDbLine
 10
112.068107
 20
-114.191194
 30
0.0
 11
112.041047
 21
-114.164134
 31
0.0
  0
LINE
  5
B77
330
1F
100
AcDbEntity
  8
User.3
100
AcDbLine
 10
112.041047
 20
-114.164134
 30
0.0
 11
112.037241
 21
-114.145
 31
0.0
  0
LINE
  5
B78
330
1F
100
AcDbEntity
  8
User.3
100
AcDbLine
 10
112.037241
 20
-114.145
 30
0.0
 11
112.037241
 21
-100.145
 31
0.0
  0
LINE
  5
B79
330
1F
100
AcDbEntity
  8
User.3
100
AcDbLine
 10
112.037241
 20
-100.145
 30
0.0
 11
112.041047
 21
-100.125866
 31
0.0
  0
LINE
  5
B7A
330
1F
100
AcDbEntity
  8
User.3
100
AcDbLine
 10
112.041047
 20
-100.125866
 30
0.0
 11
112.068107
 21
-100.098806
 31
0.0
  0
LINE
  5
B7B
330
1F
100
AcDbEntity
  8
User.3
100
AcDbLine
 10
112.068107
 20
-100.098806
 30
0.0
 11
112.087241
 21
-100.095
 31
0.0
  0
LINE
  5
B7C
330
1F
100
AcDbEntity
  8
User.3
100
AcDbLine
 10
112.087241
 20
-100.095
 30
0.0
 11
126.087241
 21
-100.095
 31
0.0
  0
LINE
  5
B7D
330
1F
100
AcDbEntity
  8
User.3
100
AcDbLine
 10
126.087241
 20
-100.095
 30
0.0
 11
126.106375
 21
-100.098806
 31
0.0
  0
LINE
  5
B7E
330
1F
100
AcDbEntity
  8
User.3
100
AcDbLine
 10
164.206375
 20
-100.098806
 30
0.0
 11
164.233435
 21
-100.125866
 31
0.0
  0
LINE
  5
B7F
330
1F
100
AcDbEntity
  8
User.3
100
AcDbLine
 10
164.233435
 20
-100.125866
 30
0.0
 11
164.237241
 21
-100.145
 31
0.0
  0
LINE
  5
B80
330
1F
100
AcDbEntity
  8
User.3
100
AcDbLine
 10
164.237241
 20
-100.145
 30
0.0
 11
164.237241
 21
-114.145
 31
0.0
  0
LINE
  5
B81
330
1F
100
AcDbEntity
  8
User.3
100
AcDbLine
 10
164.237241
 20
-114.145
 30
0.0
 11
164.233435
 21
-114.164134
 31
0.0
  0
LINE
  5
B82
330
1F
100
AcDbEntity
  8
User.3
100
AcDbLine
 10
164.233435
 20
-114.164134
 30
0.0
 11
164.206375
 21
-114.191194
 31
0.0
  0
LINE
  5
B83
330
1F
100
AcDbEntity
  8
User.3
100
AcDbLine
 10
164.206375
 20
-114.191194
 30
0.0
 11
164.187241
 21
-114.195
 31
0.0
  0
LINE
  5
B84
330
1F
100
AcDbEntity
  8
User.3
100
AcDbLine
 10
164.187241
 20
-114.195
 30
0.0
 11
150.187241
 21
-114.195
 31
0.0
  0
LINE
  5
B85
330
1F
100
AcDbEntity
  8
User.3
100
AcDbLine
 10
150.187241
 20
-114.195
 30
0.0
 11
150.168107
 21
-114.191194
 31
0.0
  0
LINE
  5
B86
330
1F
100
AcDbEntity
  8
User.3
100
AcDbLine
 10
150.168107
 20
-114.191194
 30
0.0
 11
150.141047
 21
-114.164134
 31
0.0
  0
LINE
  5
B87
330
1F
100
AcDbEntity
  8
User.3
100
AcDbLine
 10
150.141047
 20
-114.164134
 30
0.0
 11
150.137241
 21
-114.145
 31
0.0
  0
LINE
  5
B88
330
1F
100
AcDbEntity
  8
User.3
100
AcDbLine
 10
150.137241
 20
-114.145
 30
0.0
 11
150.137241
 21
-100.145
 31
0.0
  0
LINE
  5
B89
330
1F
100
AcDbEntity
  8
User.3
100
AcDbLine
 10
150.137241
 20
-100.145
 30
0.0
 11
150.141047
 21
-100.125866
 31
0.0
  0
LINE
  5
B8A
330
1F
100
AcDbEntity
  8
User.3
100
AcDbLine
 10
150.141047
 20
-100.125866
 30
0.0
 11
150.168107
 21
-100.098806
 31
0.0
  0
LINE
  5
B8B
330
1F
100
AcDbEntity
  8
User.3
100
AcDbLine
 10
150.168107
 20
-100.098806
 30
0.0
 11
150.187241
 21
-100.095
 31
0.0
  0
LINE
  5
B8C
330
1F
100
AcDbEntity
  8
User.3
100
AcDbLine
 10
150.187241
 20
-100.095
 30
0.0
 11
164.187241
 21
-100.095
 31
0.0
  0
LINE
  5
B8D
330
1F
100
AcDbEntity
  8
User.3
100
AcDbLine
 10
164.187241
 20
-100.095
 30
0.0
 11
164.206375
 21
-100.098806
 31
0.0
  0
LINE
  5
B8E
330
1F
100
AcDbEntity
  8
User.3
100
AcDbLine
 10
289.906375
 20
-100.098806
 30
0.0
 11
289.933435
 21
-100.125866
 31
0.0
  0
LINE
  5
B8F
330
1F
100
AcDbEntity
  8
User.3
100
AcDbLine
 10
289.933435
 20
-100.125866
 30
0.0
 11
289.937241
 21
-100.145
 31
0.0
  0
LINE
  5
B90
330
1F
100
AcDbEntity
  8
User.3
100
AcDbLine
 10
289.937241
 20
-100.145
 30
0.0
 11
289.937241
 21
-114.145
 31
0.0
  0
LINE
  5
B91
330
1F
100
AcDbEntity
  8
User.3
100
AcDbLine
 10
289.937241
 20
-114.145
 30
0.0
 11
289.933435
 21
-114.164134
 31
0.0
  0
LINE
  5
B92
330
1F
100
AcDbEntity
  8
User.3
100
AcDbLine
 10
289.933435
 20
-114.164134
 30
0.0
 11
289.906375
 21
-114.191194
 31
0.0
  0
LINE
  5
B93
330
1F
100
AcDbEntity
  8
User.3
100
AcDbLine
 10
289.906375
 20
-114.191194
 30
0.0
 11
289.887241
 21
-114.195
 31
0.0
  0
LINE
  5
B94
330
1F
100
AcDbEntity
  8
User.3
100
AcDbLine
 10
289.887241
 20
-114.195
 30
0.0
 11
275.887241
 21
-114.195
 31
0.0
  0
LINE
  5
B95
330
1F
100
AcDbEntity
  8
User.3
100
AcDbLine
 10
275.887241
 20
-114.195
 30
0.0
 11
275.868107
 21
-114.191194
 31
0.0
  0
LINE
  5
B96
330
1F
100
AcDbEntity
  8
User.3
100
AcDbLine
 10
275.868107
 20
-114.191194
 30
0.0
 11
275.841047
 21
-114.164134
 31
0.0
  0
LINE
  5
B97
330
1F
100
AcDbEntity
  8
User.3
100
AcDbLine
 10
275.841047
 20
-114.164134
 30
0.0
 11
275.8372409999999
 21
-114.145
 31
0.0
  0
LINE
  5
B98
330
1F
100
AcDbEntity
  8
User.3
100
AcDbLine
 10
275.8372409999999
 20
-114.145
 30
0.0
 11
275.8372409999999
 21
-100.145
 31
0.0
  0
LINE
  5
B99
330
1F
100
AcDbEntity
  8
User.3
100
AcDbLine
 10
275.8372409999999
 20
-100.145
 30
0.0
 11
275.841047
 21
-100.125866
 31
0.0
  0
LINE
  5
B9A
330
1F
100
AcDbEntity
  8
User.3
100
AcDbLine
 10
275.841047
 20
-100.125866
 30
0.0
 11
275.868107
 21
-100.098806
 31
0.0
  0
LINE
  5
B9B
330
1F
100
AcDbEntity
  8
User.3
100
AcDbLine
 10
275.868107
 20
-100.098806
 30
0.0
 11
275.887241
 21
-100.095
 31
0.0
  0
LINE
  5
B9C
330
1F
100
AcDbEntity
  8
User.3
100
AcDbLine
 10
275.887241
 20
-100.095
 30
0.0
 11
289.887241
 21
-100.095
 31
0.0
  0
LINE
  5
B9D
330
1F
100
AcDbEntity
  8
User.3
100
AcDbLine
 10
289.887241
 20
-100.095
 30
0.0
 11
289.906375
 21
-100.098806
 31
0.0
  0
LINE
  5
B9E
330
1F
100
AcDbEntity
  8
User.3
100
AcDbLine
 10
328.006375
 20
-100.098806
 30
0.0
 11
328.033435
 21
-100.125866
 31
0.0
  0
LINE
  5
B9F
330
1F
100
AcDbEntity
  8
User.3
100
AcDbLine
 10
328.033435
 20
-100.125866
 30
0.0
 11
328.037241
 21
-100.145
 31
0.0
  0
LINE
  5
BA0
330
1F
100
AcDbEntity
  8
User.3
100
AcDbLine
 10
328.037241
 20
-100.145
 30
0.0
 11
328.037241
 21
-114.145
 31
0.0
  0
LINE
  5
BA1
330
1F
100
AcDbEntity
  8
User.3
100
AcDbLine
 10
328.037241
 20
-114.145
 30
0.0
 11
328.033435
 21
-114.164134
 31
0.0
  0
LINE
  5
BA2
330
1F
100
AcDbEntity
  8
User.3
100
AcDbLine
 10
328.033435
 20
-114.164134
 30
0.0
 11
328.006375
 21
-114.191194
 31
0.0
  0
LINE
  5
BA3
330
1F
100
AcDbEntity
  8
User.3
100
AcDbLine
 10
328.006375
 20
-114.191194
 30
0.0
 11
327.987241
 21
-114.195
 31
0.0
  0
LINE
  5
BA4
330
1F
100
AcDbEntity
  8
User.3
100
AcDbLine
 10
327.987241
 20
-114.195
 30
0.0
 11
313.987241
 21
-114.195
 31
0.0
  0
LINE
  5
BA5
330
1F
100
AcDbEntity
  8
User.3
100
AcDbLine
 10
313.987241
 20
-114.195
 30
0.0
 11
313.968107
 21
-114.191194
 31
0.0
  0
LINE
  5
BA6
330
1F
100
AcDbEntity
  8
User.3
100
AcDbLine
 10
313.968107
 20
-114.191194
 30
0.0
 11
313.941047
 21
-114.164134
 31
0.0
  0
LINE
  5
BA7
330
1F
100
AcDbEntity
  8
User.3
100
AcDbLine
 10
313.941047
 20
-114.164134
 30
0.0
 11
313.937241
 21
-114.145
 31
0.0
  0
LINE
  5
BA8
330
1F
100
AcDbEntity
  8
User.3
100
AcDbLine
 10
313.937241
 20
-114.145
 30
0.0
 11
313.937241
 21
-100.145
 31
0.0
  0
LINE
  5
BA9
330
1F
100
AcDbEntity
  8
User.3
100
AcDbLine
 10
313.937241
 20
-100.145
 30
0.0
 11
313.941047
 21
-100.125866
 31
0.0
  0
LINE
  5
BAA
330
1F
100
AcDbEntity
  8
User.3
100
AcDbLine
 10
313.941047
 20
-100.125866
 30
0.0
 11
313.968107
 21
-100.098806
 31
0.0
  0
LINE
  5
BAB
330
1F
100
AcDbEntity
  8
User.3
100
AcDbLine
 10
313.968107
 20
-100.098806
 30
0.0
 11
313.987241
 21
-100.095
 31
0.0
  0
LINE
  5
BAC
330
1F
100
AcDbEntity
  8
User.3
100
AcDbLine
 10
313.987241
 20
-100.095
 30
0.0
 11
327.987241
 21
-100.095
 31
0.0
  0
LINE
  5
BAD
330
1F
100
AcDbEntity
  8
User.3
100
AcDbLine
 10
327.987241
 20
-100.095
 30
0.0
 11
328.006375
 21
-100.098806
 31
0.0
  0
LINE
  5
BAE
330
1F
100
AcDbEntity
  8
User.3
100
AcDbLine
 10
145.156375
 20
-95.336306
 30
0.0
 11
145.183435
 21
-95.36336599999998
 31
0.0
  0
LINE
  5
BAF
330
1F
100
AcDbEntity
  8
User.3
100
AcDbLine
 10
145.183435
 20
-95.36336599999998
 30
0.0
 11
145.187241
 21
-95.3825
 31
0.0
  0
LINE
  5
BB0
330
1F
100
AcDbEntity
  8
User.3
100
AcDbLine
 10
145.187241
 20
-95.3825
 30
0.0
 11
145.187241
 21
-109.3825
 31
0.0
  0
LINE
  5
BB1
330
1F
100
AcDbEntity
  8
User.3
100
AcDbLine
 10
145.187241
 20
-109.3825
 30
0.0
 11
145.183435
 21
-109.401634
 31
0.0
  0
LINE
  5
BB2
330
1F
100
AcDbEntity
  8
User.3
100
AcDbLine
 10
145.183435
 20
-109.401634
 30
0.0
 11
145.156375
 21
-109.428694
 31
0.0
  0
LINE
  5
BB3
330
1F
100
AcDbEntity
  8
User.3
100
AcDbLine
 10
145.156375
 20
-109.428694
 30
0.0
 11
145.137241
 21
-109.4325
 31
0.0
  0
LINE
  5
BB4
330
1F
100
AcDbEntity
  8
User.3
100
AcDbLine
 10
145.137241
 20
-109.4325
 30
0.0
 11
131.137241
 21
-109.4325
 31
0.0
  0
LINE
  5
BB5
330
1F
100
AcDbEntity
  8
User.3
100
AcDbLine
 10
131.137241
 20
-109.4325
 30
0.0
 11
131.118107
 21
-109.428694
 31
0.0
  0
LINE
  5
BB6
330
1F
100
AcDbEntity
  8
User.3
100
AcDbLine
 10
131.118107
 20
-109.428694
 30
0.0
 11
131.091047
 21
-109.401634
 31
0.0
  0
LINE
  5
BB7
330
1F
100
AcDbEntity
  8
User.3
100
AcDbLine
 10
131.091047
 20
-109.401634
 30
0.0
 11
131.087241
 21
-109.3825
 31
0.0
  0
LINE
  5
BB8
330
1F
100
AcDbEntity
  8
User.3
100
AcDbLine
 10
131.087241
 20
-109.3825
 30
0.0
 11
131.087241
 21
-95.3825
 31
0.0
  0
LINE
  5
BB9
330
1F
100
AcDbEntity
  8
User.3
100
AcDbLine
 10
131.087241
 20
-95.3825
 30
0.0
 11
131.091047
 21
-95.36336599999998
 31
0.0
  0
LINE
  5
BBA
330
1F
100
AcDbEntity
  8
User.3
100
AcDbLine
 10
131.091047
 20
-95.36336599999998
 30
0.0
 11
131.118107
 21
-95.336306
 31
0.0
  0
LINE
  5
BBB
330
1F
100
AcDbEntity
  8
User.3
100
AcDbLine
 10
131.118107
 20
-95.336306
 30
0.0
 11
131.137241
 21
-95.33249999999998
 31
0.0
  0
LINE
  5
BBC
330
1F
100
AcDbEntity
  8
User.3
100
AcDbLine
 10
131.137241
 20
-95.33249999999998
 30
0.0
 11
145.137241
 21
-95.33249999999998
 31
0.0
  0
LINE
  5
BBD
330
1F
100
AcDbEntity
  8
User.3
100
AcDbLine
 10
145.137241
 20
-95.33249999999998
 30
0.0
 11
145.156375
 21
-95.336306
 31
0.0
  0
LINE
  5
BBE
330
1F
100
AcDbEntity
  8
User.3
100
AcDbLine
 10
308.956375
 20
-95.336306
 30
0.0
 11
308.983435
 21
-95.36336599999998
 31
0.0
  0
LINE
  5
BBF
330
1F
100
AcDbEntity
  8
User.3
100
AcDbLine
 10
308.983435
 20
-95.36336599999998
 30
0.0
 11
308.987241
 21
-95.3825
 31
0.0
  0
LINE
  5
BC0
330
1F
100
AcDbEntity
  8
User.3
100
AcDbLine
 10
308.987241
 20
-95.3825
 30
0.0
 11
308.987241
 21
-109.3825
 31
0.0
  0
LINE
  5
BC1
330
1F
100
AcDbEntity
  8
User.3
100
AcDbLine
 10
308.987241
 20
-109.3825
 30
0.0
 11
308.983435
 21
-109.401634
 31
0.0
  0
LINE
  5
BC2
330
1F
100
AcDbEntity
  8
User.3
100
AcDbLine
 10
308.983435
 20
-109.401634
 30
0.0
 11
308.956375
 21
-109.428694
 31
0.0
  0
LINE
  5
BC3
330
1F
100
AcDbEntity
  8
User.3
100
AcDbLine
 10
308.956375
 20
-109.428694
 30
0.0
 11
308.937241
 21
-109.4325
 31
0.0
  0
LINE
  5
BC4
330
1F
100
AcDbEntity
  8
User.3
100
AcDbLine
 10
308.937241
 20
-109.4325
 30
0.0
 11
294.937241
 21
-109.4325
 31
0.0
  0
LINE
  5
BC5
330
1F
100
AcDbEntity
  8
User.3
100
AcDbLine
 10
294.937241
 20
-109.4325
 30
0.0
 11
294.918107
 21
-109.428694
 31
0.0
  0
LINE
  5
BC6
330
1F
100
AcDbEntity
  8
User.3
100
AcDbLine
 10
294.918107
 20
-109.428694
 30
0.0
 11
294.891047
 21
-109.401634
 31
0.0
  0
LINE
  5
BC7
330
1F
100
AcDbEntity
  8
User.3
100
AcDbLine
 10
294.891047
 20
-109.401634
 30
0.0
 11
294.887241
 21
-109.3825
 31
0.0
  0
LINE
  5
BC8
330
1F
100
AcDbEntity
  8
User.3
100
AcDbLine
 10
294.887241
 20
-109.3825
 30
0.0
 11
294.887241
 21
-95.3825
 31
0.0
  0
LINE
  5
BC9
330
1F
100
AcDbEntity
  8
User.3
100
AcDbLine
 10
294.887241
 20
-95.3825
 30
0.0
 11
294.891047
 21
-95.36336599999998
 31
0.0
  0
LINE
  5
BCA
330
1F
100
AcDbEntity
  8
User.3
100
AcDbLine
 10
294.891047
 20
-95.36336599999998
 30
0.0
 11
294.918107
 21
-95.336306
 31
0.0
  0
LINE
  5
BCB
330
1F
100
AcDbEntity
  8
User.3
100
AcDbLine
 10
294.918107
 20
-95.336306
 30
0.0
 11
294.937241
 21
-95.33249999999998
 31
0.0
  0
LINE
  5
BCC
330
1F
100
AcDbEntity
  8
User.3
100
AcDbLine
 10
294.937241
 20
-95.33249999999998
 30
0.0
 11
308.937241
 21
-95.33249999999998
 31
0.0
  0
LINE
  5
BCD
330
1F
100
AcDbEntity
  8
User.3
100
AcDbLine
 10
308.937241
 20
-95.33249999999998
 30
0.0
 11
308.956375
 21
-95.336306
 31
0.0
  0
LINE
  5
BCE
330
1F
100
AcDbEntity
  8
User.3
100
AcDbLine
 10
348.85
 20
-109.762501
 30
0.0
 11
350.85
 21
-109.762501
 31
0.0
  0
LINE
  5
BCF
330
1F
100
AcDbEntity
  8
User.3
100
AcDbLine
 10
350.1
 20
-109.012501
 30
0.0
 11
350.1
 21
-106.992506
 31
0.0
  0
LINE
  5
BD0
330
1F
100
AcDbEntity
  8
User.3
100
AcDbLine
 10
350.85
 20
-106.242506
 30
0.0
 11
348.85
 21
-106.242506
 31
0.0
  0
LINE
  5
BD1
330
1F
100
AcDbEntity
  8
User.3
100
AcDbLine
 10
367.569985
 20
-109.7625009999999
 30
0.0
 11
360.76354695329
 21
-109.7625009999999
 31
0.0
  0
LINE
  5
BD2
330
1F
100
AcDbEntity
  8
User.3
100
AcDbLine
 10
368.319985
 20
-106.992506
 30
0.0
 11
368.319985
 21
-109.0125009999999
 31
0.0
  0
LINE
  5
BD3
330
1F
100
AcDbEntity
  8
User.3
100
AcDbLine
 10
361.1875593857448
 20
-106.242506
 30
0.0
 11
367.5699849999999
 21
-106.242506
 31
0.0
  0
LINE
  5
BD4
330
1F
100
AcDbEntity
  8
User.3
100
AcDbLine
 10
360.76354695329
 20
-109.7625009999999
 30
0.0
 11
357.4109350467101
 21
-109.762501
 31
0.0
  0
LINE
  5
BD5
330
1F
100
AcDbEntity
  8
User.3
100
AcDbLine
 10
356.9869226142553
 20
-106.242506
 30
0.0
 11
361.1875593857448
 21
-106.242506
 31
0.0
  0
LINE
  5
BD6
330
1F
100
AcDbEntity
  8
User.3
100
AcDbLine
 10
369.5699849999999
 20
-106.242506
 30
0.0
 11
369.5699849999999
 21
-109.7625009999999
 31
0.0
  0
LINE
  5
BD7
330
1F
100
AcDbEntity
  8
User.3
100
AcDbLine
 10
367.5699849999999
 20
-106.242506
 30
0.0
 11
369.569985
 21
-106.242506
 31
0.0
  0
LINE
  5
BD8
330
1F
100
AcDbEntity
  8
User.3
100
AcDbLine
 10
368.319985
 20
-106.992506
 30
0.0
 11
368.319985
 21
-109.0125009999999
 31
0.0
  0
LINE
  5
BD9
330
1F
100
AcDbEntity
  8
User.3
100
AcDbLine
 10
369.5699849999999
 20
-109.7625009999999
 30
0.0
 11
367.569985
 21
-109.7625009999999
 31
0.0
  0
LINE
  5
BDA
330
1F
100
AcDbEntity
  8
User.3
100
AcDbLine
 10
90.019993
 20
-106.992498
 30
0.0
 11
90.019993
 21
-109.0125
 31
0.0
  0
LINE
  5
BDB
330
1F
100
AcDbEntity
  8
User.3
100
AcDbLine
 10
72.52999999999997
 20
-106.242498
 30
0.0
 11
89.26999299999999
 21
-106.242498
 31
0.0
  0
LINE
  5
BDC
330
1F
100
AcDbEntity
  8
User.3
100
AcDbLine
 10
71.78
 20
-109.0125
 30
0.0
 11
71.78
 21
-106.992498
 31
0.0
  0
LINE
  5
BDD
330
1F
100
AcDbEntity
  8
User.3
100
AcDbLine
 10
89.26999299999999
 20
-109.7625
 30
0.0
 11
72.53000000000003
 21
-109.7625
 31
0.0
  0
LINE
  5
BDE
330
1F
100
AcDbEntity
  8
User.3
100
AcDbLine
 10
90.019993
 20
-106.992498
 30
0.0
 11
90.019993
 21
-109.0125
 31
0.0
  0
LINE
  5
BDF
330
1F
100
AcDbEntity
  8
User.3
100
AcDbLine
 10
72.52999999999997
 20
-106.242498
 30
0.0
 11
89.26999299999999
 21
-106.242498
 31
0.0
  0
LINE
  5
BE0
330
1F
100
AcDbEntity
  8
User.3
100
AcDbLine
 10
71.78
 20
-109.0125
 30
0.0
 11
71.78
 21
-106.992498
 31
0.0
  0
LINE
  5
BE1
330
1F
100
AcDbEntity
  8
User.3
100
AcDbLine
 10
89.26999299999999
 20
-109.7625
 30
0.0
 11
72.53000000000003
 21
-109.7625
 31
0.0
  0
LINE
  5
BE2
330
1F
100
AcDbEntity
  8
User.3
100
AcDbLine
 10
90.019993
 20
-106.992498
 30
0.0
 11
90.019993
 21
-109.0125
 31
0.0
  0
LINE
  5
BE3
330
1F
100
AcDbEntity
  8
User.3
100
AcDbLine
 10
72.52999999999997
 20
-106.242498
 30
0.0
 11
89.26999299999999
 21
-106.242498
 31
0.0
  0
LINE
  5
BE4
330
1F
100
AcDbEntity
  8
User.3
100
AcDbLine
 10
71.78
 20
-109.0125
 30
0.0
 11
71.78
 21
-106.992498
 31
0.0
  0
LINE
  5
BE5
330
1F
100
AcDbEntity
  8
User.3
100
AcDbLine
 10
89.26999299999999
 20
-109.7625
 30
0.0
 11
72.53000000000003
 21
-109.7625
 31
0.0
  0
LINE
  5
BE6
330
1F
100
AcDbEntity
  8
User.3
100
AcDbLine
 10
90.019993
 20
-106.992498
 30
0.0
 11
90.019993
 21
-109.0125
 31
0.0
  0
LINE
  5
BE7
330
1F
100
AcDbEntity
  8
User.3
100
AcDbLine
 10
72.52999999999997
 20
-106.242498
 30
0.0
 11
89.26999299999999
 21
-106.242498
 31
0.0
  0
LINE
  5
BE8
330
1F
100
AcDbEntity
  8
User.3
100
AcDbLine
 10
71.78
 20
-109.0125
 30
0.0
 11
71.78
 21
-106.992498
 31
0.0
  0
LINE
  5
BE9
330
1F
100
AcDbEntity
  8
User.3
100
AcDbLine
 10
89.26999299999999
 20
-109.7625
 30
0.0
 11
72.53000000000003
 21
-109.7625
 31
0.0
  0
ARC
  5
BEA
330
1F
100
AcDbEntity
  8
User.3
100
AcDbCircle
 10
350.85
 20
-109.012501
 30
0.0
 40
0.7500000000000284
100
AcDbArc
 50
180.0
 51
270.0
  0
ARC
  5
BEB
330
1F
100
AcDbEntity
  8
User.3
100
AcDbCircle
 10
350.85
 20
-106.992506
 30
0.0
 40
0.7500000000000284
100
AcDbArc
 50
90.0
 51
180.0
  0
ARC
  5
BEC
330
1F
100
AcDbEntity
  8
User.3
100
AcDbCircle
 10
359.087241
 20
-107.7750407234248
 30
0.0
 40
2.599999999999993
100
AcDbArc
 50
310.1456640977248
 51
36.1170259058142
  0
ARC
  5
BED
330
1F
100
AcDbEntity
  8
User.3
100
AcDbCircle
 10
367.569985
 20
-109.0125010000001
 30
0.0
 40
0.7499999999998619
100
AcDbArc
 50
270.0
 51
0.0000000000148596
  0
ARC
  5
BEE
330
1F
100
AcDbEntity
  8
User.3
100
AcDbCircle
 10
367.569985
 20
-106.9925060000001
 30
0.0
 40
0.7499999999999174
100
AcDbArc
 50
0.0000000000031806
 51
90.00000000000426
  0
ARC
  5
BEF
330
1F
100
AcDbEntity
  8
User.3
100
AcDbCircle
 10
359.087241
 20
-107.7750407234248
 30
0.0
 40
2.599999999999993
100
AcDbArc
 50
310.1456640977248
 51
36.1170259058142
  0
ARC
  5
BF0
330
1F
100
AcDbEntity
  8
User.3
100
AcDbCircle
 10
359.087241
 20
-107.7750407234247
 30
0.0
 40
2.599999999999978
100
AcDbArc
 50
143.8829740941861
 51
229.8543359022765
  0
ARC
  5
BF1
330
1F
100
AcDbEntity
  8
User.3
100
AcDbCircle
 10
367.569985
 20
-106.9925060000001
 30
0.0
 40
0.7499999999999174
100
AcDbArc
 50
0.0000000000031806
 51
90.00000000000426
  0
ARC
  5
BF2
330
1F
100
AcDbEntity
  8
User.3
100
AcDbCircle
 10
367.569985
 20
-109.0125010000001
 30
0.0
 40
0.7499999999998619
100
AcDbArc
 50
270.0
 51
0.0000000000148596
  0
ARC
  5
BF3
330
1F
100
AcDbEntity
  8
User.3
100
AcDbCircle
 10
89.26999299999999
 20
-109.0125
 30
0.0
 40
0.7500000000000007
100
AcDbArc
 50
270.0
 51
0.0
  0
ARC
  5
BF4
330
1F
100
AcDbEntity
  8
User.3
100
AcDbCircle
 10
89.26999300000001
 20
-106.992498
 30
0.0
 40
0.7499999999999868
100
AcDbArc
 50
0.0
 51
90.00000000000213
  0
ARC
  5
BF5
330
1F
100
AcDbEntity
  8
User.3
100
AcDbCircle
 10
72.52999999999997
 20
-106.992498
 30
0.0
 40
0.7499999999999729
100
AcDbArc
 50
90.0
 51
180.0000000000021
  0
ARC
  5
BF6
330
1F
100
AcDbEntity
  8
User.3
100
AcDbCircle
 10
72.53
 20
-109.0125
 30
0.0
 40
0.7499999999999868
100
AcDbArc
 50
179.9999999999979
 51
270.0000000000021
  0
ARC
  5
BF7
330
1F
100
AcDbEntity
  8
User.3
100
AcDbCircle
 10
89.26999299999999
 20
-109.0125
 30
0.0
 40
0.7500000000000007
100
AcDbArc
 50
270.0
 51
0.0
  0
ARC
  5
BF8
330
1F
100
AcDbEntity
  8
User.3
100
AcDbCircle
 10
89.26999300000001
 20
-106.992498
 30
0.0
 40
0.7499999999999868
100
AcDbArc
 50
0.0
 51
90.00000000000213
  0
ARC
  5
BF9
330
1F
100
AcDbEntity
  8
User.3
100
AcDbCircle
 10
72.52999999999997
 20
-106.992498
 30
0.0
 40
0.7499999999999729
100
AcDbArc
 50
90.0
 51
180.0000000000021
  0
ARC
  5
BFA
330
1F
100
AcDbEntity
  8
User.3
100
AcDbCircle
 10
72.53
 20
-109.0125
 30
0.0
 40
0.7499999999999868
100
AcDbArc
 50
179.9999999999979
 51
270.0000000000021
  0
ARC
  5
BFB
330
1F
100
AcDbEntity
  8
User.3
100
AcDbCircle
 10
89.26999299999999
 20
-109.0125
 30
0.0
 40
0.7500000000000007
100
AcDbArc
 50
270.0
 51
0.0
  0
ARC
  5
BFC
330
1F
100
AcDbEntity
  8
User.3
100
AcDbCircle
 10
89.26999300000001
 20
-106.992498
 30
0.0
 40
0.7499999999999868
100
AcDbArc
 50
0.0
 51
90.00000000000213
  0
ARC
  5
BFD
330
1F
100
AcDbEntity
  8
User.3
100
AcDbCircle
 10
72.52999999999997
 20
-106.992498
 30
0.0
 40
0.7499999999999729
100
AcDbArc
 50
90.0
 51
180.0000000000021
  0
ARC
  5
BFE
330
1F
100
AcDbEntity
  8
User.3
100
AcDbCircle
 10
72.53
 20
-109.0125
 30
0.0
 40
0.7499999999999868
100
AcDbArc
 50
179.9999999999979
 51
270.0000000000021
  0
ARC
  5
BFF
330
1F
100
AcDbEntity
  8
User.3
100
AcDbCircle
 10
89.26999299999999
 20
-109.0125
 30
0.0
 40
0.7500000000000007
100
AcDbArc
 50
270.0
 51
0.0
  0
ARC
  5
C00
330
1F
100
AcDbEntity
  8
User.3
100
AcDbCircle
 10
89.26999300000001
 20
-106.992498
 30
0.0
 40
0.7499999999999868
100
AcDbArc
 50
0.0
 51
90.00000000000213
  0
ARC
  5
C01
330
1F
100
AcDbEntity
  8
User.3
100
AcDbCircle
 10
72.52999999999997
 20
-106.992498
 30
0.0
 40
0.7499999999999729
100
AcDbArc
 50
90.0
 51
180.0000000000021
  0
ARC
  5
C02
330
1F
100
AcDbEntity
  8
User.3
100
AcDbCircle
 10
72.53
 20
-109.0125
 30
0.0
 40
0.7499999999999868
100
AcDbArc
 50
179.9999999999979
 51
270.0000000000021
  0
CIRCLE
  5
C03
330
1F
100
AcDbEntity
  8
User.3
100
AcDbCircle
 10
81.04004891219901
 20
-154.2599995
 30
0.0
 40
2.600000000000001
  0
CIRCLE
  5
C04
330
1F
100
AcDbEntity
  8
User.3
100
AcDbCircle
 10
80.887241
 20
-107.700001
 30
0.0
 40
2.600000000000001
  0
CIRCLE
  5
C05
330
1F
100
AcDbEntity
  8
User.3
100
AcDbCircle
 10
359.08383742276
 20
-154.1849995
 30
0.0
 40
2.600000000000001
  0
CIRCLE
  5
C06
330
1F
100
AcDbEntity
  8
User.3
100
AcDbCircle
 10
359.087241
 20
-107.7750407234247
 30
0.0
 40
2.600000000000001
  0
CIRCLE
  5
C07
330
1F
100
AcDbEntity
  8
User.3
100
AcDbCircle
 10
241.4450006840785
 20
-181.040435603639
 30
0.0
 40
2.599999999999991
  0
CIRCLE
  5
C08
330
1F
100
AcDbEntity
  8
User.3
100
AcDbCircle
 10
359.08383742276
 20
-154.1849995
 30
0.0
 40
2.599999999999991
  0
CIRCLE
  5
C09
330
1F
100
AcDbEntity
  8
User.3
100
AcDbCircle
 10
199.955440183824
 20
-181.198287591849
 30
0.0
 40
2.599999999999991
  0
CIRCLE
  5
C0A
330
1F
100
AcDbEntity
  8
User.3
100
AcDbCircle
 10
198.6604047136127
 20
-112.0599979999996
 30
0.0
 40
2.599999999999991
  0
CIRCLE
  5
C0B
330
1F
100
AcDbEntity
  8
User.3
100
AcDbCircle
 10
199.955440183824
 20
-181.198287591849
 30
0.0
 40
2.599999999999991
  0
CIRCLE
  5
C0C
330
1F
100
AcDbEntity
  8
User.3
100
AcDbCircle
 10
198.6604047136127
 20
-112.0599979999996
 30
0.0
 40
2.599999999999991
  0
CIRCLE
  5
C0D
330
1F
100
AcDbEntity
  8
User.3
100
AcDbCircle
 10
199.955440183824
 20
-181.198287591849
 30
0.0
 40
2.599999999999991
  0
CIRCLE
  5
C0E
330
1F
100
AcDbEntity
  8
User.3
100
AcDbCircle
 10
198.6604047136127
 20
-112.0599979999996
 30
0.0
 40
2.599999999999991
  0
CIRCLE
  5
C0F
330
1F
100
AcDbEntity
  8
User.3
100
AcDbCircle
 10
199.955440183824
 20
-181.198287591849
 30
0.0
 40
2.599999999999991
  0
CIRCLE
  5
C10
330
1F
100
AcDbEntity
  8
User.3
100
AcDbCircle
 10
198.6604047136127
 20
-112.0599979999996
 30
0.0
 40
2.599999999999991
  0
CIRCLE
  5
C11
330
1F
100
AcDbEntity
  8
User.3
100
AcDbCircle
 10
359.087241
 20
-147.5325
 30
0.0
 40
2.600000000000001
  0
CIRCLE
  5
C12
330
1F
100
AcDbEntity
  8
User.3
100
AcDbCircle
 10
359.087241
 20
-114.3825
 30
0.0
 40
2.599999999999997
  0
CIRCLE
  5
C13
330
1F
100
AcDbEntity
  8
User.3
100
AcDbCircle
 10
80.98724099999998
 20
-147.5325
 30
0.0
 40
2.599999999999994
  0
CIRCLE
  5
C14
330
1F
100
AcDbEntity
  8
User.3
100
AcDbCircle
 10
80.98724099999998
 20
-114.3825
 30
0.0
 40
2.600000000000001
  0
CIRCLE
  5
C15
330
1F
100
AcDbEntity
  8
User.3
100
AcDbCircle
 10
199.954766343209
 20
-174.6428937959245
 30
0.0
 40
2.599999999999991
  0
CIRCLE
  5
C16
330
1F
100
AcDbEntity
  8
User.3
100
AcDbCircle
 10
198.7177002901761
 20
-117.5737489999998
 30
0.0
 40
2.599999999999991
  0
CIRCLE
  5
C17
330
1F
100
AcDbEntity
  8
User.3
100
AcDbCircle
 10
90.58
 20
-139.2025
 30
0.0
 40
2.000000000000002
  0
CIRCLE
  5
C18
330
1F
100
AcDbEntity
  8
User.3
100
AcDbCircle
 10
167.28
 20
-162.0525
 30
0.0
 40
2.000000000000002
  0
CIRCLE
  5
C19
330
1F
100
AcDbEntity
  8
User.3
100
AcDbCircle
 10
90.58
 20
-119.9525
 30
0.0
 40
2.000000000000002
  0
CIRCLE
  5
C1A
330
1F
100
AcDbEntity
  8
User.3
100
AcDbCircle
 10
147.63
 20
-100.1525
 30
0.0
 40
2.000000000000002
  0
DIMENSION
  5
C1B
330
1F
100
AcDbEntity
  8
Dimensions
100
AcDbDimension
280
     0
  2
*D9
 10
356.4906160335773
 20
-114.2500659267766
 30
0.0
 11
352.2961315331279
 21
-114.0361372021245
 31
0.0
 70
   163
 71
     5
 42
5.200000000000018
 73
     0
 74
     0
 75
     0
  3
ISO-25
100
AcDbDiametricDimension
 15
361.6838659664227
 25
-114.5149340732234
 35
0.0
 40
0.0
1001
ACAD
1000
DSTYLE
1002
{
1070
   271
1070
     3
1070
    78
1070
     8
1070
   177
1070
   140
1070
   176
1070
   140
1070
   178
1070
   140
1070
    40
1040
1.002659882154882
1070
   277
1070
     2
1002
}
  0
DIMENSION
  5
C24
330
1F
100
AcDbEntity
  8
Dimensions
100
AcDbDimension
280
     0
  2
*D10
 10
356.4937810924046
 20
-147.3482021223797
 30
0.0
 11
352.3044093018634
 21
-147.0504946747737
 31
0.0
 70
   163
 71
     5
 42
5.200000000000004
 73
     0
 74
     0
 75
     0
  3
ISO-25
100
AcDbDiametricDimension
 15
361.6807009075954
 25
-147.7167978776203
 35
0.0
 40
0.0
1001
ACAD
1000
DSTYLE
1002
{
1070
   271
1070
     3
1070
    78
1070
     8
1070
   177
1070
   140
1070
   176
1070
   140
1070
   178
1070
   140
1070
    40
1040
1.002659882154882
1070
   277
1070
     2
1002
}
  0
DIMENSION
  5
C2D
330
1F
100
AcDbEntity
  8
Dimensions
100
AcDbDimension
280
     0
  2
*D11
 10
78.3888242514651
 20
-147.4417784428412
 30
0.0
 11
74.19144537759037
 21
-147.2952304544793
 31
0.0
 70
   163
 71
     5
 42
5.199999999999978
 73
     0
 74
     0
 75
     0
  3
ISO-25
100
AcDbDiametricDimension
 15
83.58565774853487
 25
-147.6232215571588
 35
0.0
 40
0.0
1001
ACAD
1000
DSTYLE
1002
{
1070
   271
1070
     3
1070
    78
1070
     8
1070
   177
1070
   140
1070
   176
1070
   140
1070
   178
1070
   140
1070
    40
1040
1.002659882154882
1070
   277
1070
     2
1002
}
  0
DIMENSION
  5
C36
330
1F
100
AcDbEntity
  8
Dimensions
100
AcDbDimension
280
     0
  2
*D12
 10
78.39152756176098
 20
-114.2332627843148
 30
0.0
 11
74.19851550761678
 21
-113.9921909329013
 31
0.0
 70
   163
 71
     5
 42
5.200000000000007
 73
     0
 74
     0
 75
     0
  3
ISO-25
100
AcDbDiametricDimension
 15
83.58295443823899
 25
-114.5317372156852
 35
0.0
 40
0.0
1001
ACAD
1000
DSTYLE
1002
{
1070
   271
1070
     3
1070
    78
1070
     8
1070
   177
1070
   140
1070
   176
1070
   140
1070
   178
1070
   140
1070
    40
1040
1.002659882154882
1070
   277
1070
     2
1002
}
  0
ENDSEC
  0
SECTION
  2
OBJECTS
  0
DICTIONARY
  5
C
330
0
100
AcDbDictionary
281
     1
  3
ACAD_DETAILVIEWSTYLE
350
C76
  3
ACAD_GROUP
350
D
  3
ACAD_LAYOUT
350
1A
  3
ACAD_MATERIAL
350
43
  3
ACAD_MLEADERSTYLE
350
5B
  3
ACAD_MLINESTYLE
350
17
  3
ACAD_PLOTSETTINGS
350
19
  3
ACAD_PLOTSTYLENAME
350
E
  3
ACAD_SCALELIST
350
47
  3
ACAD_SECTIONVIEWSTYLE
350
C77
  3
ACAD_TABLESTYLE
350
59
  3
ACAD_VISUALSTYLE
350
2A
  3
AcDbVariableDictionary
350
C3F
  3
ACDB_RECOMPOSE_DATA
350
C73
  0
SUN
  5
5D
330
29
100
AcDbSun
 90
        1
290
     0
 63
     7
421
 16777215
 40
1.0
291
     1
 91
  2455826
 92
 54000000
292
     0
 70
     2
 71
   256
280
     1
  0
DICTIONARY
  5
C76
102
{ACAD_REACTORS
330
C
102
}
330
C
100
AcDbDictionary
281
     1
  0
DICTIONARY
  5
D
102
{ACAD_REACTORS
330
C
102
}
330
C
100
AcDbDictionary
281
     1
  0
DICTIONARY
  5
1A
102
{ACAD_REACTORS
330
C
102
}
330
C
100
AcDbDictionary
281
     1
  3
Layout1
350
1E
  3
Layout2
350
26
  3
Model
350
22
  0
DICTIONARY
  5
43
102
{ACAD_REACTORS
330
C
102
}
330
C
100
AcDbDictionary
281
     1
  3
ByBlock
350
45
  3
ByLayer
350
44
  3
Global
350
46
  0
DICTIONARY
  5
5B
102
{ACAD_REACTORS
330
C
102
}
330
C
100
AcDbDictionary
281
     1
  3
Standard
350
5C
  0
DICTIONARY
  5
17
102
{ACAD_REACTORS
330
C
102
}
330
C
100
AcDbDictionary
281
     1
  3
Standard
350
18
  0
DICTIONARY
  5
19
102
{ACAD_REACTORS
330
C
102
}
330
C
100
AcDbDictionary
281
     1
  0
ACDBDICTIONARYWDFLT
  5
E
102
{ACAD_REACTORS
330
C
102
}
330
C
100
AcDbDictionary
281
     1
  3
Normal
350
F
100
AcDbDictionaryWithDefault
340
F
  0
DICTIONARY
  5
47
102
{ACAD_REACTORS
330
C
102
}
330
C
100
AcDbDictionary
281
     1
  3
A0
350
48
  3
A1
350
49
  3
A2
350
4A
  3
A3
350
4B
  3
A4
350
4C
  3
A5
350
4D
  3
A6
350
4E
  3
A7
350
4F
  3
A8
350
50
  3
A9
350
51
  3
B0
350
52
  3
B1
350
53
  3
B2
350
54
  3
B3
350
55
  3
B4
350
56
  3
B5
350
57
  3
B6
350
58
  0
DICTIONARY
  5
C77
102
{ACAD_REACTORS
330
C
102
}
330
C
100
AcDbDictionary
281
     1
  0
DICTIONARY
  5
59
102
{ACAD_REACTORS
330
C
102
}
330
C
100
AcDbDictionary
281
     1
  3
Standard
350
5A
  0
DICTIONARY
  5
2A
102
{ACAD_REACTORS
330
C
102
}
330
C
100
AcDbDictionary
281
     1
  3
2dWireframe
350
2F
  3
Basic
350
32
  3
Brighten
350
36
  3
ColorChange
350
3A
  3
Conceptual
350
34
  3
Dim
350
35
  3
EdgeColorOff
350
3D
  3
Facepattern
350
39
  3
Flat
350
2B
  3
FlatWithEdges
350
2C
  3
Gouraud
350
2D
  3
GouraudWithEdges
350
2E
  3
Hidden
350
31
  3
JitterOff
350
3B
  3
Linepattern
350
38
  3
OverhangOff
350
3C
  3
Realistic
350
33
  3
Shaded
350
42
  3
Shaded with edges
350
41
  3
Shades of Gray
350
3E
  3
Sketchy
350
3F
  3
Thicken
350
37
  3
Wireframe
350
30
  3
X-Ray
350
40
  0
DICTIONARY
  5
C3F
102
{ACAD_REACTORS
330
C
102
}
330
C
100
AcDbDictionary
281
     1
  3
CANNOSCALE
350
C40
  3
CENTEREXE
350
C78
  3
CENTERLTYPEFILE
350
C79
  3
CMLEADERSTYLE
350
C75
  3
CTABLESTYLE
350
C74
  0
XRECORD
  5
C73
102
{ACAD_REACTORS
330
C
102
}
330
C
100
AcDbXrecord
280
     1
 90
        1
330
5A
  0
LAYOUT
  5
1E
102
{ACAD_REACTORS
330
1A
102
}
330
1A
100
AcDbPlotSettings
  1

  2
none_device
  4

  6

 40
0.0
 41
0.0
 42
0.0
 43
0.0
 44
0.0
 45
0.0
 46
0.0
 47
0.0
 48
0.0
 49
0.0
140
0.0
141
0.0
142
1.0
143
1.0
 70
   688
 72
     1
 73
     0
 74
     5
  7

 75
    16
 76
     0
 77
     2
 78
   300
147
1.0
148
0.0
149
0.0
100
AcDbLayout
  1
Layout1
 70
     1
 71
     1
 10
0.0
 20
0.0
 11
420.0
 21
297.0
 12
0.0
 22
0.0
 32
0.0
 14
1.000000000000000E+20
 24
1.000000000000000E+20
 34
1.000000000000000E+20
 15
-1.000000000000000E+20
 25
-1.000000000000000E+20
 35
-1.000000000000000E+20
146
0.0
 13
0.0
 23
0.0
 33
0.0
 16
1.0
 26
0.0
 36
0.0
 17
0.0
 27
1.0
 37
0.0
 76
     0
330
1B
  0
LAYOUT
  5
26
102
{ACAD_REACTORS
330
1A
102
}
330
1A
100
AcDbPlotSettings
  1

  2
none_device
  4

  6

 40
0.0
 41
0.0
 42
0.0
 43
0.0
 44
0.0
 45
0.0
 46
0.0
 47
0.0
 48
0.0
 49
0.0
140
0.0
141
0.0
142
1.0
143
1.0
 70
   688
 72
     1
 73
     0
 74
     5
  7

 75
    16
 76
     0
 77
     2
 78
   300
147
1.0
148
0.0
149
0.0
100
AcDbLayout
  1
Layout2
 70
     1
 71
     2
 10
0.0
 20
0.0
 11
0.0
 21
0.0
 12
0.0
 22
0.0
 32
0.0
 14
0.0
 24
0.0
 34
0.0
 15
0.0
 25
0.0
 35
0.0
146
0.0
 13
0.0
 23
0.0
 33
0.0
 16
1.0
 26
0.0
 36
0.0
 17
0.0
 27
1.0
 37
0.0
 76
     0
330
23
  0
LAYOUT
  5
22
102
{ACAD_REACTORS
330
1A
102
}
330
1A
100
AcDbPlotSettings
  1

  2
none_device
  4
Letter_(8.50_x_11.00_Inches)
  6

 40
6.35
 41
6.35
 42
6.35000508
 43
6.35000508
 44
215.9
 45
279.4
 46
0.0
 47
0.0
 48
0.0
 49
0.0
140
0.0
141
0.0
142
1.0
143
1.0
 70
  1712
 72
     1
 73
     0
 74
     0
  7

 75
     0
 76
     0
 77
     2
 78
   300
147
1.0
148
0.0
149
0.0
100
AcDbLayout
  1
Model
 70
     1
 71
     0
 10
0.0
 20
0.0
 11
420.0
 21
297.0
 12
0.0
 22
0.0
 32
0.0
 14
1.000000000000000E+20
 24
1.000000000000000E+20
 34
1.000000000000000E+20
 15
-1.000000000000000E+20
 25
-1.000000000000000E+20
 35
-1.000000000000000E+20
146
0.0
 13
0.0
 23
0.0
 33
0.0
 16
1.0
 26
0.0
 36
0.0
 17
0.0
 27
1.0
 37
0.0
 76
     0
330
1F
331
29
  0
MATERIAL
  5
45
102
{ACAD_REACTORS
330
43
102
}
330
43
100
AcDbMaterial
  1
ByBlock
 72
     1
 94
      127
  0
MATERIAL
  5
44
102
{ACAD_REACTORS
330
43
102
}
330
43
100
AcDbMaterial
  1
ByLayer
 72
     1
 94
      127
  0
MATERIAL
  5
46
102
{ACAD_REACTORS
330
43
102
}
330
43
100
AcDbMaterial
  1
Global
 72
     1
 94
      127
  0
MLEADERSTYLE
  5
5C
102
{ACAD_REACTORS
330
5B
102
}
330
5B
100
AcDbMLeaderStyle
179
     2
170
     2
171
     1
172
     0
 90
        2
 40
0.0
 41
0.0
173
     1
 91
-1056964608
340
14
 92
       -2
290
     1
 42
2.0
291
     1
 43
8.0
  3
Standard
341
0
 44
4.0
300

342
11
174
     1
178
     6
175
     1
176
     0
 93
-1056964608
 45
4.0
292
     0
297
     0
 46
4.0
343
0
 94
-1056964608
 47
1.0
 49
1.0
140
1.0
293
     1
141
0.0
294
     1
177
     0
142
1.0
295
     0
296
     0
143
3.75
271
     0
272
     9
273
     9
  0
MLINESTYLE
  5
18
102
{ACAD_REACTORS
330
17
102
}
330
17
100
AcDbMlineStyle
  2
Standard
 70
     0
  3

 62
   256
 51
90.0
 52
90.0
 71
     2
 49
0.5
 62
   256
  6
BYLAYER
 49
-0.5
 62
   256
  6
BYLAYER
  0
ACDBPLACEHOLDER
  5
F
102
{ACAD_REACTORS
330
E
102
}
330
E
  0
SCALE
  5
48
102
{ACAD_REACTORS
330
47
102
}
330
47
100
AcDbScale
 70
     0
300
1:1
140
1.0
141
1.0
290
     1
  0
SCALE
  5
49
102
{ACAD_REACTORS
330
47
102
}
330
47
100
AcDbScale
 70
     0
300
1:2
140
1.0
141
2.0
290
     0
  0
SCALE
  5
4A
102
{ACAD_REACTORS
330
47
102
}
330
47
100
AcDbScale
 70
     0
300
1:4
140
1.0
141
4.0
290
     0
  0
SCALE
  5
4B
102
{ACAD_REACTORS
330
47
102
}
330
47
100
AcDbScale
 70
     0
300
1:5
140
1.0
141
5.0
290
     0
  0
SCALE
  5
4C
102
{ACAD_REACTORS
330
47
102
}
330
47
100
AcDbScale
 70
     0
300
1:8
140
1.0
141
8.0
290
     0
  0
SCALE
  5
4D
102
{ACAD_REACTORS
330
47
102
}
330
47
100
AcDbScale
 70
     0
300
1:10
140
1.0
141
10.0
290
     0
  0
SCALE
  5
4E
102
{ACAD_REACTORS
330
47
102
}
330
47
100
AcDbScale
 70
     0
300
1:16
140
1.0
141
16.0
290
     0
  0
SCALE
  5
4F
102
{ACAD_REACTORS
330
47
102
}
330
47
100
AcDbScale
 70
     0
300
1:20
140
1.0
141
20.0
290
     0
  0
SCALE
  5
50
102
{ACAD_REACTORS
330
47
102
}
330
47
100
AcDbScale
 70
     0
300
1:30
140
1.0
141
30.0
290
     0
  0
SCALE
  5
51
102
{ACAD_REACTORS
330
47
102
}
330
47
100
AcDbScale
 70
     0
300
1:40
140
1.0
141
40.0
290
     0
  0
SCALE
  5
52
102
{ACAD_REACTORS
330
47
102
}
330
47
100
AcDbScale
 70
     0
300
1:50
140
1.0
141
50.0
290
     0
  0
SCALE
  5
53
102
{ACAD_REACTORS
330
47
102
}
330
47
100
AcDbScale
 70
     0
300
1:100
140
1.0
141
100.0
290
     0
  0
SCALE
  5
54
102
{ACAD_REACTORS
330
47
102
}
330
47
100
AcDbScale
 70
     0
300
2:1
140
2.0
141
1.0
290
     0
  0
SCALE
  5
55
102
{ACAD_REACTORS
330
47
102
}
330
47
100
AcDbScale
 70
     0
300
4:1
140
4.0
141
1.0
290
     0
  0
SCALE
  5
56
102
{ACAD_REACTORS
330
47
102
}
330
47
100
AcDbScale
 70
     0
300
8:1
140
8.0
141
1.0
290
     0
  0
SCALE
  5
57
102
{ACAD_REACTORS
330
47
102
}
330
47
100
AcDbScale
 70
     0
300
10:1
140
10.0
141
1.0
290
     0
  0
SCALE
  5
58
102
{ACAD_REACTORS
330
47
102
}
330
47
100
AcDbScale
 70
     0
300
100:1
140
100.0
141
1.0
290
     0
  0
TABLESTYLE
  5
5A
102
{ACAD_REACTORS
330
59
102
}
102
{ACAD_XDICTIONARY
360
C71
102
}
330
59
100
AcDbTableStyle
  3
Standard
 70
     0
 71
     0
 40
0.06
 41
0.06
280
     0
281
     0
  7
Standard
140
4.5
170
     2
 62
     0
 63
   257
283
     0
 90
        4
 91
        0
  1

274
    -2
284
     1
 64
     0
275
    -2
285
     1
 65
     0
276
    -2
286
     1
 66
     0
277
    -2
287
     1
 67
     0
278
    -2
288
     1
 68
     0
279
    -2
289
     1
 69
     0
  7
Standard
140
6.0
170
     5
 62
     0
 63
   257
283
     0
 90
        4
 91
        0
  1

274
    -2
284
     1
 64
     0
275
    -2
285
     1
 65
     0
276
    -2
286
     1
 66
     0
277
    -2
287
     1
 67
     0
278
    -2
288
     1
 68
     0
279
    -2
289
     1
 69
     0
  7
Standard
140
4.5
170
     5
 62
     0
 63
   257
283
     0
 90
        4
 91
        0
  1

274
    -2
284
     1
 64
     0
275
    -2
285
     1
 65
     0
276
    -2
286
     1
 66
     0
277
    -2
287
     1
 67
     0
278
    -2
288
     1
 68
     0
279
    -2
289
     1
 69
     0
  0
VISUALSTYLE
  5
2F
102
{ACAD_REACTORS
330
2A
102
}
102
{ACAD_XDICTIONARY
360
C49
102
}
330
2A
100
AcDbVisualStyle
  2
2dWireframe
 70
     4
177
     2
291
     0
 71
     0
176
     1
 72
     2
176
     1
 73
     0
176
     1
 90
        0
176
     1
 40
0.6
176
     1
 41
30.0
176
     1
 62
     5
 63
     7
421
 16777215
176
     1
 74
     1
176
     1
 91
        4
176
     1
 64
     7
176
     1
 65
   257
176
     1
 75
     1
176
     1
175
     1
176
     1
 42
1.0
176
     1
 92
        0
176
     1
 66
   257
176
     1
 43
1.0
176
     1
 76
     1
176
     1
 77
     6
176
     1
 78
     2
176
     1
 67
     7
176
     1
 79
     5
176
     1
170
     0
176
     1
171
     0
176
     1
290
     0
176
     1
 93
        1
176
     1
 44
0.0
176
     1
173
     0
176
     1
  0
VISUALSTYLE
  5
32
102
{ACAD_REACTORS
330
2A
102
}
102
{ACAD_XDICTIONARY
360
C4F
102
}
330
2A
100
AcDbVisualStyle
  2
Basic
 70
     7
177
     2
291
     1
 71
     1
176
     1
 72
     0
176
     1
 73
     1
176
     1
 90
        0
176
     1
 40
0.6
176
     1
 41
30.0
176
     1
 62
     5
 63
     7
421
 16777215
176
     1
 74
     0
176
     1
 91
        4
176
     1
 64
     7
176
     1
 65
   257
176
     1
 75
     1
176
     1
175
     1
176
     1
 42
1.0
176
     1
 92
        8
176
     1
 66
     7
176
     1
 43
1.0
176
     1
 76
     1
176
     1
 77
     6
176
     1
 78
     2
176
     1
 67
     7
176
     1
 79
     5
176
     1
170
     0
176
     1
171
     0
176
     1
290
     0
176
     1
 93
        1
176
     1
 44
0.0
176
     1
173
     0
176
     1
  0
VISUALSTYLE
  5
36
102
{ACAD_REACTORS
330
2A
102
}
102
{ACAD_XDICTIONARY
360
C57
102
}
330
2A
100
AcDbVisualStyle
  2
Brighten
 70
    12
177
     2
291
     1
 71
     2
176
     1
 72
     2
176
     1
 73
     0
176
     1
 90
        0
176
     1
 40
0.6
176
     1
 41
30.0
176
     1
 62
     5
 63
     7
421
 16777215
176
     1
 74
     1
176
     1
 91
        4
176
     1
 64
     7
176
     1
 65
   257
176
     1
 75
     1
176
     1
175
     1
176
     1
 42
1.0
176
     1
 92
        8
176
     1
 66
     7
176
     1
 43
1.0
176
     1
 76
     1
176
     1
 77
     6
176
     1
 78
     2
176
     1
 67
     7
176
     1
 79
     5
176
     1
170
     0
176
     1
171
     0
176
     1
290
     0
176
     1
 93
        1
176
     1
 44
50.0
176
     1
173
     0
176
     1
  0
VISUALSTYLE
  5
3A
102
{ACAD_REACTORS
330
2A
102
}
102
{ACAD_XDICTIONARY
360
C5F
102
}
330
2A
100
AcDbVisualStyle
  2
ColorChange
 70
    16
177
     2
291
     1
 71
     2
176
     1
 72
     2
176
     1
 73
     3
176
     1
 90
        0
176
     1
 40
0.6
176
     1
 41
30.0
176
     1
 62
     5
 63
     8
421
  8421504
176
     1
 74
     1
176
     1
 91
        4
176
     1
 64
     7
176
     1
 65
   257
176
     1
 75
     1
176
     1
175
     1
176
     1
 42
1.0
176
     1
 92
        8
176
     1
 66
     8
424
  8421504
176
     1
 43
1.0
176
     1
 76
     1
176
     1
 77
     6
176
     1
 78
     2
176
     1
 67
     7
176
     1
 79
     5
176
     1
170
     0
176
     1
171
     0
176
     1
290
     0
176
     1
 93
        1
176
     1
 44
0.0
176
     1
173
     0
176
     1
  0
VISUALSTYLE
  5
34
102
{ACAD_REACTORS
330
2A
102
}
102
{ACAD_XDICTIONARY
360
C53
102
}
330
2A
100
AcDbVisualStyle
  2
Conceptual
 70
     9
177
     2
291
     0
 71
     3
176
     1
 72
     2
176
     1
 73
     0
176
     1
 90
        0
176
     1
 40
0.6
176
     1
 41
30.0
176
     1
 62
     5
 63
     7
421
 16777215
176
     1
 74
     2
176
     1
 91
        2
176
     1
 64
     7
176
     1
 65
   257
176
     1
 75
     1
176
     1
175
     1
176
     1
 42
179.0
176
     1
 92
        8
176
     1
 66
     7
176
     1
 43
1.0
176
     1
 76
     1
176
     1
 77
     6
176
     1
 78
     2
176
     1
 67
     7
176
     1
 79
     3
176
     1
170
     0
176
     1
171
     0
176
     1
290
     0
176
     1
 93
        1
176
     1
 44
0.0
176
     1
173
     0
176
     1
  0
VISUALSTYLE
  5
35
102
{ACAD_REACTORS
330
2A
102
}
102
{ACAD_XDICTIONARY
360
C55
102
}
330
2A
100
AcDbVisualStyle
  2
Dim
 70
    11
177
     2
291
     1
 71
     2
176
     1
 72
     2
176
     1
 73
     0
176
     1
 90
        0
176
     1
 40
0.6
176
     1
 41
30.0
176
     1
 62
     5
 63
     7
421
 16777215
176
     1
 74
     1
176
     1
 91
        4
176
     1
 64
     7
176
     1
 65
   257
176
     1
 75
     1
176
     1
175
     1
176
     1
 42
1.0
176
     1
 92
        8
176
     1
 66
     7
176
     1
 43
1.0
176
     1
 76
     1
176
     1
 77
     6
176
     1
 78
     2
176
     1
 67
     7
176
     1
 79
     5
176
     1
170
     0
176
     1
171
     0
176
     1
290
     0
176
     1
 93
        1
176
     1
 44
-50.0
176
     1
173
     0
176
     1
  0
VISUALSTYLE
  5
3D
102
{ACAD_REACTORS
330
2A
102
}
102
{ACAD_XDICTIONARY
360
C65
102
}
330
2A
100
AcDbVisualStyle
  2
EdgeColorOff
 70
    22
177
     2
291
     1
 71
     2
176
     0
 72
     2
176
     0
 73
     0
176
     0
 90
        0
176
     0
 40
0.6
176
     0
 41
30.0
176
     0
 62
     5
 63
     7
421
 16777215
176
     0
 74
     1
176
     0
 91
        4
176
     0
 64
     7
176
     0
 65
   257
176
     0
 75
     1
176
     0
175
     1
176
     0
 42
1.0
176
     0
 92
        8
176
     2
 66
     7
176
     0
 43
1.0
176
     0
 76
     1
176
     0
 77
     6
176
     0
 78
     2
176
     0
 67
     7
176
     0
 79
     5
176
     0
170
     0
176
     0
171
     0
176
     0
290
     0
176
     0
 93
        1
176
     0
 44
0.0
176
     0
173
     0
176
     0
  0
VISUALSTYLE
  5
39
102
{ACAD_REACTORS
330
2A
102
}
102
{ACAD_XDICTIONARY
360
C5D
102
}
330
2A
100
AcDbVisualStyle
  2
Facepattern
 70
    15
177
     2
291
     1
 71
     2
176
     1
 72
     2
176
     1
 73
     0
176
     1
 90
        0
176
     1
 40
0.6
176
     1
 41
30.0
176
     1
 62
     5
 63
     7
421
 16777215
176
     1
 74
     1
176
     1
 91
        4
176
     1
 64
     7
176
     1
 65
   257
176
     1
 75
     1
176
     1
175
     1
176
     1
 42
1.0
176
     1
 92
        8
176
     1
 66
     7
176
     1
 43
1.0
176
     1
 76
     1
176
     1
 77
     6
176
     1
 78
     2
176
     1
 67
     7
176
     1
 79
     5
176
     1
170
     0
176
     1
171
     0
176
     1
290
     0
176
     1
 93
        1
176
     1
 44
0.0
176
     1
173
     0
176
     1
  0
VISUALSTYLE
  5
2B
102
{ACAD_REACTORS
330
2A
102
}
102
{ACAD_XDICTIONARY
360
C41
102
}
330
2A
100
AcDbVisualStyle
  2
Flat
 70
     0
177
     2
291
     1
 71
     2
176
     1
 72
     1
176
     1
 73
     1
176
     1
 90
        2
176
     1
 40
0.6
176
     1
 41
30.0
176
     1
 62
     5
 63
     7
421
 16777215
176
     1
 74
     0
176
     1
 91
        0
176
     1
 64
     7
176
     1
 65
   257
176
     1
 75
     1
176
     1
175
     1
176
     1
 42
1.0
176
     1
 92
        8
176
     1
 66
     7
176
     1
 43
1.0
176
     1
 76
     1
176
     1
 77
     6
176
     1
 78
     2
176
     1
 67
     7
176
     1
 79
     5
176
     1
170
     0
176
     1
171
     0
176
     1
290
     0
176
     1
 93
       13
176
     1
 44
0.0
176
     1
173
     0
176
     1
  0
VISUALSTYLE
  5
2C
102
{ACAD_REACTORS
330
2A
102
}
102
{ACAD_XDICTIONARY
360
C43
102
}
330
2A
100
AcDbVisualStyle
  2
FlatWithEdges
 70
     1
177
     2
291
     1
 71
     2
176
     1
 72
     1
176
     1
 73
     1
176
     1
 90
        2
176
     1
 40
0.6
176
     1
 41
30.0
176
     1
 62
     5
 63
     7
421
 16777215
176
     1
 74
     1
176
     1
 91
        0
176
     1
 64
     7
176
     1
 65
   257
176
     1
 75
     1
176
     1
175
     1
176
     1
 42
1.0
176
     1
 92
        0
176
     1
 66
   257
176
     1
 43
1.0
176
     1
 76
     1
176
     1
 77
     6
176
     1
 78
     2
176
     1
 67
     7
176
     1
 79
     5
176
     1
170
     0
176
     1
171
     0
176
     1
290
     0
176
     1
 93
       13
176
     1
 44
0.0
176
     1
173
     0
176
     1
  0
VISUALSTYLE
  5
2D
102
{ACAD_REACTORS
330
2A
102
}
102
{ACAD_XDICTIONARY
360
C45
102
}
330
2A
100
AcDbVisualStyle
  2
Gouraud
 70
     2
177
     2
291
     1
 71
     2
176
     1
 72
     2
176
     1
 73
     1
176
     1
 90
        2
176
     1
 40
0.6
176
     1
 41
30.0
176
     1
 62
     5
 63
     7
421
 16777215
176
     1
 74
     0
176
     1
 91
        0
176
     1
 64
     7
176
     1
 65
   257
176
     1
 75
     1
176
     1
175
     1
176
     1
 42
1.0
176
     1
 92
        0
176
     1
 66
     7
176
     1
 43
1.0
176
     1
 76
     1
176
     1
 77
     6
176
     1
 78
     2
176
     1
 67
     7
176
     1
 79
     5
176
     1
170
     0
176
     1
171
     0
176
     1
290
     0
176
     1
 93
       13
176
     1
 44
0.0
176
     1
173
     0
176
     1
  0
VISUALSTYLE
  5
2E
102
{ACAD_REACTORS
330
2A
102
}
102
{ACAD_XDICTIONARY
360
C47
102
}
330
2A
100
AcDbVisualStyle
  2
GouraudWithEdges
 70
     3
177
     2
291
     1
 71
     2
176
     1
 72
     2
176
     1
 73
     1
176
     1
 90
        2
176
     1
 40
0.6
176
     1
 41
30.0
176
     1
 62
     5
 63
     7
421
 16777215
176
     1
 74
     1
176
     1
 91
        0
176
     1
 64
     7
176
     1
 65
   257
176
     1
 75
     1
176
     1
175
     1
176
     1
 42
1.0
176
     1
 92
        0
176
     1
 66
   257
176
     1
 43
1.0
176
     1
 76
     1
176
     1
 77
     6
176
     1
 78
     2
176
     1
 67
     7
176
     1
 79
     5
176
     1
170
     0
176
     1
171
     0
176
     1
290
     0
176
     1
 93
       13
176
     1
 44
0.0
176
     1
173
     0
176
     1
  0
VISUALSTYLE
  5
31
102
{ACAD_REACTORS
330
2A
102
}
102
{ACAD_XDICTIONARY
360
C4D
102
}
330
2A
100
AcDbVisualStyle
  2
Hidden
 70
     6
177
     2
291
     0
 71
     1
176
     1
 72
     2
176
     1
 73
     2
176
     1
 90
        0
176
     1
 40
0.6
176
     1
 41
30.0
176
     1
 62
     5
 63
     7
421
 16777215
176
     1
 74
     2
176
     1
 91
        2
176
     1
 64
     7
176
     1
 65
   257
176
     1
 75
     2
176
     1
175
     1
176
     1
 42
40.0
176
     1
 92
        0
176
     1
 66
   257
176
     1
 43
1.0
176
     1
 76
     1
176
     1
 77
     6
176
     1
 78
     2
176
     1
 67
     7
176
     1
 79
     3
176
     1
170
     0
176
     1
171
     0
176
     1
290
     0
176
     1
 93
        1
176
     1
 44
0.0
176
     1
173
     0
176
     1
  0
VISUALSTYLE
  5
3B
102
{ACAD_REACTORS
330
2A
102
}
102
{ACAD_XDICTIONARY
360
C61
102
}
330
2A
100
AcDbVisualStyle
  2
JitterOff
 70
    20
177
     2
291
     1
 71
     2
176
     0
 72
     2
176
     0
 73
     0
176
     0
 90
        0
176
     0
 40
0.6
176
     0
 41
30.0
176
     0
 62
     5
 63
     7
421
 16777215
176
     0
 74
     1
176
     0
 91
        4
176
     0
 64
     7
176
     0
 65
   257
176
     0
 75
     1
176
     0
175
     1
176
     0
 42
1.0
176
     0
 92
       10
176
     2
 66
     7
176
     0
 43
1.0
176
     0
 76
     1
176
     0
 77
     6
176
     0
 78
     2
176
     0
 67
     7
176
     0
 79
     5
176
     0
170
     0
176
     0
171
     0
176
     0
290
     0
176
     0
 93
        1
176
     0
 44
0.0
176
     0
173
     0
176
     0
  0
VISUALSTYLE
  5
38
102
{ACAD_REACTORS
330
2A
102
}
102
{ACAD_XDICTIONARY
360
C5B
102
}
330
2A
100
AcDbVisualStyle
  2
Linepattern
 70
    14
177
     2
291
     1
 71
     2
176
     1
 72
     2
176
     1
 73
     0
176
     1
 90
        0
176
     1
 40
0.6
176
     1
 41
30.0
176
     1
 62
     5
 63
     7
421
 16777215
176
     1
 74
     1
176
     1
 91
        4
176
     1
 64
     7
176
     1
 65
   257
176
     1
 75
     7
176
     1
175
     7
176
     1
 42
1.0
176
     1
 92
        8
176
     1
 66
     7
176
     1
 43
1.0
176
     1
 76
     1
176
     1
 77
     6
176
     1
 78
     2
176
     1
 67
     7
176
     1
 79
     5
176
     1
170
     0
176
     1
171
     0
176
     1
290
     0
176
     1
 93
        1
176
     1
 44
0.0
176
     1
173
     0
176
     1
  0
VISUALSTYLE
  5
3C
102
{ACAD_REACTORS
330
2A
102
}
102
{ACAD_XDICTIONARY
360
C63
102
}
330
2A
100
AcDbVisualStyle
  2
OverhangOff
 70
    21
177
     2
291
     1
 71
     2
176
     0
 72
     2
176
     0
 73
     0
176
     0
 90
        0
176
     0
 40
0.6
176
     0
 41
30.0
176
     0
 62
     5
 63
     7
421
 16777215
176
     0
 74
     1
176
     0
 91
        4
176
     0
 64
     7
176
     0
 65
   257
176
     0
 75
     1
176
     0
175
     1
176
     0
 42
1.0
176
     0
 92
        9
176
     2
 66
     7
176
     0
 43
1.0
176
     0
 76
     1
176
     0
 77
     6
176
     0
 78
     2
176
     0
 67
     7
176
     0
 79
     5
176
     0
170
     0
176
     0
171
     0
176
     0
290
     0
176
     0
 93
        1
176
     0
 44
0.0
176
     0
173
     0
176
     0
  0
VISUALSTYLE
  5
33
102
{ACAD_REACTORS
330
2A
102
}
102
{ACAD_XDICTIONARY
360
C51
102
}
330
2A
100
AcDbVisualStyle
  2
Realistic
 70
     8
177
     2
291
     0
 71
     2
176
     1
 72
     3
176
     1
 73
     0
176
     1
 90
        2
176
     1
 40
0.6
176
     1
 41
30.0
176
     1
 62
     5
 63
     7
421
 16777215
176
     1
 74
     0
176
     1
 91
        0
176
     1
 64
     7
176
     1
 65
   257
176
     1
 75
     1
176
     1
175
     1
176
     1
 42
1.0
176
     1
 92
        8
176
     1
 66
   257
176
     1
 43
1.0
176
     1
 76
     1
176
     1
 77
     6
176
     1
 78
     2
176
     1
 67
     7
176
     1
 79
     3
176
     1
170
     0
176
     1
171
     0
176
     1
290
     0
176
     1
 93
       13
176
     1
 44
0.0
176
     1
173
     0
176
     1
  0
VISUALSTYLE
  5
42
102
{ACAD_REACTORS
330
2A
102
}
102
{ACAD_XDICTIONARY
360
C6F
102
}
330
2A
100
AcDbVisualStyle
  2
Shaded
 70
    27
177
     2
291
     0
 71
     2
176
     1
 72
     2
176
     1
 73
     1
176
     1
 90
        2
176
     1
 40
0.6
176
     1
 41
30.0
176
     1
 62
     5
 63
     7
421
 16777215
176
     1
 74
     0
176
     1
 91
        4
176
     1
 64
     7
176
     1
 65
   257
176
     1
 75
     1
176
     1
175
     1
176
     1
 42
1.0
176
     1
 92
        8
176
     1
 66
   257
176
     1
 43
1.0
176
     1
 76
     1
176
     1
 77
     6
176
     1
 78
     2
176
     1
 67
     8
425
  7895160
176
     1
 79
     3
176
     1
170
     0
176
     1
171
     0
176
     1
290
     0
176
     1
 93
        5
176
     1
 44
0.0
176
     1
173
     0
176
     1
  0
VISUALSTYLE
  5
41
102
{ACAD_REACTORS
330
2A
102
}
102
{ACAD_XDICTIONARY
360
C6D
102
}
330
2A
100
AcDbVisualStyle
  2
Shaded with edges
 70
    26
177
     2
291
     0
 71
     2
176
     1
 72
     2
176
     1
 73
     1
176
     1
 90
        2
176
     1
 40
0.6
176
     1
 41
30.0
176
     1
 62
     5
 63
     7
421
 16777215
176
     1
 74
     1
176
     1
 91
       10
176
     1
 64
     7
176
     1
 65
   257
176
     1
 75
     2
176
     1
175
     1
176
     1
 42
1.0
176
     1
 92
        8
176
     1
 66
   257
176
     1
 43
1.0
176
     1
 76
     1
176
     1
 77
     6
176
     1
 78
     2
176
     1
 67
     7
176
     1
 79
     3
176
     1
170
     0
176
     1
171
     0
176
     1
290
     0
176
     1
 93
        5
176
     1
 44
0.0
176
     1
173
     0
176
     1
  0
VISUALSTYLE
  5
3E
102
{ACAD_REACTORS
330
2A
102
}
102
{ACAD_XDICTIONARY
360
C67
102
}
330
2A
100
AcDbVisualStyle
  2
Shades of Gray
 70
    23
177
     2
291
     0
 71
     2
176
     1
 72
     2
176
     1
 73
     3
176
     1
 90
        0
176
     1
 40
0.6
176
     1
 41
30.0
176
     1
 62
     5
 63
     7
421
 16777215
176
     1
 74
     2
176
     1
 91
        2
176
     1
 64
     7
176
     1
 65
     7
176
     1
 75
     1
176
     1
175
     1
176
     1
 42
40.0
176
     1
 92
        8
176
     1
 66
     7
176
     1
 43
1.0
176
     1
 76
     1
176
     1
 77
     6
176
     1
 78
     2
176
     1
 67
     7
176
     1
 79
     3
176
     1
170
     0
176
     1
171
     0
176
     1
290
     0
176
     1
 93
        1
176
     1
 44
0.0
176
     1
173
     0
176
     1
  0
VISUALSTYLE
  5
3F
102
{ACAD_REACTORS
330
2A
102
}
102
{ACAD_XDICTIONARY
360
C69
102
}
330
2A
100
AcDbVisualStyle
  2
Sketchy
 70
    24
177
     2
291
     0
 71
     1
176
     1
 72
     2
176
     1
 73
     2
176
     1
 90
        0
176
     1
 40
0.6
176
     1
 41
30.0
176
     1
 62
     5
 63
     7
421
 16777215
176
     1
 74
     2
176
     1
 91
        2
176
     1
 64
     7
176
     1
 65
     7
176
     1
 75
     1
176
     1
175
     1
176
     1
 42
40.0
176
     1
 92
       11
176
     1
 66
     7
176
     1
 43
1.0
176
     1
 76
     1
176
     1
 77
     6
176
     1
 78
     2
176
     1
 67
     7
176
     1
 79
     6
176
     1
170
     0
176
     1
171
     0
176
     1
290
     0
176
     1
 93
        1
176
     1
 44
0.0
176
     1
173
     0
176
     1
  0
VISUALSTYLE
  5
37
102
{ACAD_REACTORS
330
2A
102
}
102
{ACAD_XDICTIONARY
360
C59
102
}
330
2A
100
AcDbVisualStyle
  2
Thicken
 70
    13
177
     2
291
     1
 71
     2
176
     1
 72
     2
176
     1
 73
     0
176
     1
 90
        0
176
     1
 40
0.6
176
     1
 41
30.0
176
     1
 62
     5
 63
     7
421
 16777215
176
     1
 74
     1
176
     1
 91
        4
176
     1
 64
     7
176
     1
 65
   257
176
     1
 75
     1
176
     1
175
     1
176
     1
 42
1.0
176
     1
 92
       12
176
     1
 66
     7
176
     1
 43
1.0
176
     1
 76
     1
176
     1
 77
     6
176
     1
 78
     2
176
     1
 67
     7
176
     1
 79
     5
176
     1
170
     0
176
     1
171
     0
176
     1
290
     0
176
     1
 93
        1
176
     1
 44
0.0
176
     1
173
     0
176
     1
  0
VISUALSTYLE
  5
30
102
{ACAD_REACTORS
330
2A
102
}
102
{ACAD_XDICTIONARY
360
C4B
102
}
330
2A
100
AcDbVisualStyle
  2
Wireframe
 70
     5
177
     2
291
     0
 71
     0
176
     1
 72
     2
176
     1
 73
     0
176
     1
 90
        0
176
     1
 40
0.6
176
     1
 41
30.0
176
     1
 62
     5
 63
     7
421
 16777215
176
     1
 74
     1
176
     1
 91
        4
176
     1
 64
     7
176
     1
 65
   257
176
     1
 75
     1
176
     1
175
     1
176
     1
 42
1.0
176
     1
 92
        0
176
     1
 66
   257
176
     1
 43
1.0
176
     1
 76
     1
176
     1
 77
     6
176
     1
 78
     2
176
     1
 67
     7
176
     1
 79
     3
176
     1
170
     0
176
     1
171
     0
176
     1
290
     0
176
     1
 93
        1
176
     1
 44
0.0
176
     1
173
     0
176
     1
  0
VISUALSTYLE
  5
40
102
{ACAD_REACTORS
330
2A
102
}
102
{ACAD_XDICTIONARY
360
C6B
102
}
330
2A
100
AcDbVisualStyle
  2
X-Ray
 70
    25
177
     2
291
     0
 71
     2
176
     1
 72
     2
176
     1
 73
     1
176
     1
 90
        1
176
     1
 40
0.5
176
     1
 41
30.0
176
     1
 62
     5
 63
     7
421
 16777215
176
     1
 74
     1
176
     1
 91
        0
176
     1
 64
     7
176
     1
 65
   257
176
     1
 75
     1
176
     1
175
     1
176
     1
 42
1.0
176
     1
 92
        8
176
     1
 66
     7
176
     1
 43
1.0
176
     1
 76
     1
176
     1
 77
     6
176
     1
 78
     2
176
     1
 67
     7
176
     1
 79
     3
176
     1
170
     0
176
     1
171
     0
176
     1
290
     0
176
     1
 93
       13
176
     1
 44
0.0
176
     1
173
     0
176
     1
  0
DICTIONARYVAR
  5
C40
102
{ACAD_REACTORS
330
C3F
102
}
330
C3F
100
DictionaryVariables
280
     0
  1
1:1
  0
DICTIONARYVAR
  5
C78
102
{ACAD_REACTORS
330
C3F
102
}
330
C3F
100
DictionaryVariables
280
     0
  1
3.500000
  0
DICTIONARYVAR
  5
C79
102
{ACAD_REACTORS
330
C3F
102
}
330
C3F
100
DictionaryVariables
280
     0
  1
acadiso.lin
  0
DICTIONARYVAR
  5
C75
102
{ACAD_REACTORS
330
C3F
102
}
330
C3F
100
DictionaryVariables
280
     0
  1
Standard
  0
DICTIONARYVAR
  5
C74
102
{ACAD_REACTORS
330
C3F
102
}
330
C3F
100
DictionaryVariables
280
     0
  1
Standard
  0
DICTIONARY
  5
C71
330
5A
100
AcDbDictionary
280
     1
281
     1
  3
ACAD_ROUNDTRIP_2008_TABLESTYLE_CELLSTYLEMAP
360
C72
  0
DICTIONARY
  5
C49
330
2F
100
AcDbDictionary
280
     1
281
     1
  3
ACAD_XREC_ROUNDTRIP
360
C4A
  0
DICTIONARY
  5
C4F
330
32
100
AcDbDictionary
280
     1
281
     1
  3
ACAD_XREC_ROUNDTRIP
360
C50
  0
DICTIONARY
  5
C57
330
36
100
AcDbDictionary
280
     1
281
     1
  3
ACAD_XREC_ROUNDTRIP
360
C58
  0
DICTIONARY
  5
C5F
330
3A
100
AcDbDictionary
280
     1
281
     1
  3
ACAD_XREC_ROUNDTRIP
360
C60
  0
DICTIONARY
  5
C53
330
34
100
AcDbDictionary
280
     1
281
     1
  3
ACAD_XREC_ROUNDTRIP
360
C54
  0
DICTIONARY
  5
C55
330
35
100
AcDbDictionary
280
     1
281
     1
  3
ACAD_XREC_ROUNDTRIP
360
C56
  0
DICTIONARY
  5
C65
330
3D
100
AcDbDictionary
280
     1
281
     1
  3
ACAD_XREC_ROUNDTRIP
360
C66
  0
DICTIONARY
  5
C5D
330
39
100
AcDbDictionary
280
     1
281
     1
  3
ACAD_XREC_ROUNDTRIP
360
C5E
  0
DICTIONARY
  5
C41
330
2B
100
AcDbDictionary
280
     1
281
     1
  3
ACAD_XREC_ROUNDTRIP
360
C42
  0
DICTIONARY
  5
C43
330
2C
100
AcDbDictionary
280
     1
281
     1
  3
ACAD_XREC_ROUNDTRIP
360
C44
  0
DICTIONARY
  5
C45
330
2D
100
AcDbDictionary
280
     1
281
     1
  3
ACAD_XREC_ROUNDTRIP
360
C46
  0
DICTIONARY
  5
C47
330
2E
100
AcDbDictionary
280
     1
281
     1
  3
ACAD_XREC_ROUNDTRIP
360
C48
  0
DICTIONARY
  5
C4D
330
31
100
AcDbDictionary
280
     1
281
     1
  3
ACAD_XREC_ROUNDTRIP
360
C4E
  0
DICTIONARY
  5
C61
330
3B
100
AcDbDictionary
280
     1
281
     1
  3
ACAD_XREC_ROUNDTRIP
360
C62
  0
DICTIONARY
  5
C5B
330
38
100
AcDbDictionary
280
     1
281
     1
  3
ACAD_XREC_ROUNDTRIP
360
C5C
  0
DICTIONARY
  5
C63
330
3C
100
AcDbDictionary
280
     1
281
     1
  3
ACAD_XREC_ROUNDTRIP
360
C64
  0
DICTIONARY
  5
C51
330
33
100
AcDbDictionary
280
     1
281
     1
  3
ACAD_XREC_ROUNDTRIP
360
C52
  0
DICTIONARY
  5
C6F
330
42
100
AcDbDictionary
280
     1
281
     1
  3
ACAD_XREC_ROUNDTRIP
360
C70
  0
DICTIONARY
  5
C6D
330
41
100
AcDbDictionary
280
     1
281
     1
  3
ACAD_XREC_ROUNDTRIP
360
C6E
  0
DICTIONARY
  5
C67
330
3E
100
AcDbDictionary
280
     1
281
     1
  3
ACAD_XREC_ROUNDTRIP
360
C68
  0
DICTIONARY
  5
C69
330
3F
100
AcDbDictionary
280
     1
281
     1
  3
ACAD_XREC_ROUNDTRIP
360
C6A
  0
DICTIONARY
  5
C59
330
37
100
AcDbDictionary
280
     1
281
     1
  3
ACAD_XREC_ROUNDTRIP
360
C5A
  0
DICTIONARY
  5
C4B
330
30
100
AcDbDictionary
280
     1
281
     1
  3
ACAD_XREC_ROUNDTRIP
360
C4C
  0
DICTIONARY
  5
C6B
330
40
100
AcDbDictionary
280
     1
281
     1
  3
ACAD_XREC_ROUNDTRIP
360
C6C
  0
CELLSTYLEMAP
  5
C72
102
{ACAD_REACTORS
330
C71
102
}
330
C71
100
AcDbCellStyleMap
 90
        3
300
CELLSTYLE
  1
TABLEFORMAT_BEGIN
 90
        5
170
     1
 91
        0
 92
    32768
 62
   257
 93
        1
300
CONTENTFORMAT
  1
CONTENTFORMAT_BEGIN
 90
        0
 91
        0
 92
        4
 93
        0
300

 40
0.0
140
1.0
 94
        5
 62
     0
340
11
144
6.0
309
CONTENTFORMAT_END
171
     1
301
MARGIN
  1
CELLMARGIN_BEGIN
 40
1.5
 40
1.5
 40
1.5
 40
1.5
 40
1.5
 40
1.5
309
CELLMARGIN_END
 94
        6
 95
        1
302
GRIDFORMAT
  1
GRIDFORMAT_BEGIN
 90
        0
 91
        1
 62
     0
 92
       -2
340
14
 93
        0
 40
0.045
309
GRIDFORMAT_END
 95
        2
302
GRIDFORMAT
  1
GRIDFORMAT_BEGIN
 90
        0
 91
        1
 62
     0
 92
       -2
340
14
 93
        0
 40
0.045
309
GRIDFORMAT_END
 95
        4
302
GRIDFORMAT
  1
GRIDFORMAT_BEGIN
 90
        0
 91
        1
 62
     0
 92
       -2
340
14
 93
        0
 40
0.045
309
GRIDFORMAT_END
 95
        8
302
GRIDFORMAT
  1
GRIDFORMAT_BEGIN
 90
        0
 91
        1
 62
     0
 92
       -2
340
14
 93
        0
 40
0.045
309
GRIDFORMAT_END
 95
       16
302
GRIDFORMAT
  1
GRIDFORMAT_BEGIN
 90
        0
 91
        1
 62
     0
 92
       -2
340
14
 93
        0
 40
0.045
309
GRIDFORMAT_END
 95
       32
302
GRIDFORMAT
  1
GRIDFORMAT_BEGIN
 90
        0
 91
        1
 62
     0
 92
       -2
340
14
 93
        0
 40
0.045
309
GRIDFORMAT_END
309
TABLEFORMAT_END
  1
CELLSTYLE_BEGIN
 90
        1
 91
        1
300
_TITLE
309
CELLSTYLE_END
300
CELLSTYLE
  1
TABLEFORMAT_BEGIN
 90
        5
170
     1
 91
        0
 92
        0
 62
   257
 93
        1
300
CONTENTFORMAT
  1
CONTENTFORMAT_BEGIN
 90
        0
 91
        0
 92
        4
 93
        0
300

 40
0.0
140
1.0
 94
        5
 62
     0
340
11
144
4.5
309
CONTENTFORMAT_END
171
     1
301
MARGIN
  1
CELLMARGIN_BEGIN
 40
1.5
 40
1.5
 40
1.5
 40
1.5
 40
1.5
 40
1.5
309
CELLMARGIN_END
 94
        6
 95
        1
302
GRIDFORMAT
  1
GRIDFORMAT_BEGIN
 90
        0
 91
        1
 62
     0
 92
       -2
340
14
 93
        0
 40
0.045
309
GRIDFORMAT_END
 95
        2
302
GRIDFORMAT
  1
GRIDFORMAT_BEGIN
 90
        0
 91
        1
 62
     0
 92
       -2
340
14
 93
        0
 40
0.045
309
GRIDFORMAT_END
 95
        4
302
GRIDFORMAT
  1
GRIDFORMAT_BEGIN
 90
        0
 91
        1
 62
     0
 92
       -2
340
14
 93
        0
 40
0.045
309
GRIDFORMAT_END
 95
        8
302
GRIDFORMAT
  1
GRIDFORMAT_BEGIN
 90
        0
 91
        1
 62
     0
 92
       -2
340
14
 93
        0
 40
0.045
309
GRIDFORMAT_END
 95
       16
302
GRIDFORMAT
  1
GRIDFORMAT_BEGIN
 90
        0
 91
        1
 62
     0
 92
       -2
340
14
 93
        0
 40
0.045
309
GRIDFORMAT_END
 95
       32
302
GRIDFORMAT
  1
GRIDFORMAT_BEGIN
 90
        0
 91
        1
 62
     0
 92
       -2
340
14
 93
        0
 40
0.045
309
GRIDFORMAT_END
309
TABLEFORMAT_END
  1
CELLSTYLE_BEGIN
 90
        2
 91
        1
300
_HEADER
309
CELLSTYLE_END
300
CELLSTYLE
  1
TABLEFORMAT_BEGIN
 90
        5
170
     1
 91
        0
 92
        0
 62
   257
 93
        1
300
CONTENTFORMAT
  1
CONTENTFORMAT_BEGIN
 90
        0
 91
        0
 92
        4
 93
        0
300

 40
0.0
140
1.0
 94
        2
 62
     0
340
11
144
4.5
309
CONTENTFORMAT_END
171
     1
301
MARGIN
  1
CELLMARGIN_BEGIN
 40
1.5
 40
1.5
 40
1.5
 40
1.5
 40
1.5
 40
1.5
309
CELLMARGIN_END
 94
        6
 95
        1
302
GRIDFORMAT
  1
GRIDFORMAT_BEGIN
 90
        0
 91
        1
 62
     0
 92
       -2
340
14
 93
        0
 40
0.045
309
GRIDFORMAT_END
 95
        2
302
GRIDFORMAT
  1
GRIDFORMAT_BEGIN
 90
        0
 91
        1
 62
     0
 92
       -2
340
14
 93
        0
 40
0.045
309
GRIDFORMAT_END
 95
        4
302
GRIDFORMAT
  1
GRIDFORMAT_BEGIN
 90
        0
 91
        1
 62
     0
 92
       -2
340
14
 93
        0
 40
0.045
309
GRIDFORMAT_END
 95
        8
302
GRIDFORMAT
  1
GRIDFORMAT_BEGIN
 90
        0
 91
        1
 62
     0
 92
       -2
340
14
 93
        0
 40
0.045
309
GRIDFORMAT_END
 95
       16
302
GRIDFORMAT
  1
GRIDFORMAT_BEGIN
 90
        0
 91
        1
 62
     0
 92
       -2
340
14
 93
        0
 40
0.045
309
GRIDFORMAT_END
 95
       32
302
GRIDFORMAT
  1
GRIDFORMAT_BEGIN
 90
        0
 91
        1
 62
     0
 92
       -2
340
14
 93
        0
 40
0.045
309
GRIDFORMAT_END
309
TABLEFORMAT_END
  1
CELLSTYLE_BEGIN
 90
        3
 91
        2
300
_DATA
309
CELLSTYLE_END
  0
XRECORD
  5
C4A
102
{ACAD_REACTORS
330
C49
102
}
330
C49
100
AcDbXrecord
280
     1
102
RTVSPost2010Prop28
280
     1
102
RTVSPost2010PropOp28
 70
     1
102
RTVSPost2010Prop29
280
     1
102
RTVSPost2010PropOp29
 70
     1
102
RTVSPost2010Prop30
280
     0
102
RTVSPost2010PropOp30
 70
     1
102
RTVSPost2010Prop31
280
     0
102
RTVSPost2010PropOp31
 70
     1
102
RTVSPost2010Prop32
280
     0
102
RTVSPost2010PropOp32
 70
     1
102
RTVSPost2010Prop33
280
     0
102
RTVSPost2010PropOp33
 70
     1
102
RTVSPost2010Prop34
280
     0
102
RTVSPost2010PropOp34
 70
     1
102
RTVSPost2010Prop35
280
     0
102
RTVSPost2010PropOp35
 70
     1
102
RTVSPost2010Prop36
280
     0
102
RTVSPost2010PropOp36
 70
     1
102
RTVSPost2010Prop37
 90
       50
102
RTVSPost2010PropOp37
 70
     1
102
RTVSPost2010Prop38
140
0.0
102
RTVSPost2010PropOp38
 70
     1
102
RTVSPost2010Prop39
140
1.0
102
RTVSPost2010PropOp39
 70
     1
102
RTVSPost2010Prop40
 90
        0
102
RTVSPost2010PropOp40
 70
     1
102
RTVSPost2010Prop41ColorIndex
 90
       18
102
RTVSPost2010Prop41ColorRGB
 90
        0
102
RTVSPost2010PropOp41
 70
     1
102
RTVSPost2010Prop42
 90
       50
102
RTVSPost2010PropOp42
 70
     1
102
RTVSPost2010Prop43
 90
        3
102
RTVSPost2010PropOp43
 70
     1
102
RTVSPost2010Prop44ColorIndex
 90
        5
102
RTVSPost2010Prop44ColorRGB
 90
      255
102
RTVSPost2010PropOp44
 70
     1
102
RTVSPost2010Prop45
280
     0
102
RTVSPost2010PropOp45
 70
     1
102
RTVSPost2010Prop46
 90
       50
102
RTVSPost2010PropOp46
 70
     1
102
RTVSPost2010Prop47
 90
       50
102
RTVSPost2010PropOp47
 70
     1
102
RTVSPost2010Prop48
 90
       50
102
RTVSPost2010PropOp48
 70
     1
102
RTVSPost2010Prop49
280
     0
102
RTVSPost2010PropOp49
 70
     1
102
RTVSPost2010Prop50
 90
       50
102
RTVSPost2010PropOp50
 70
     1
102
RTVSPost2010Prop51ColorIndex
 90
      256
102
RTVSPost2010Prop51ColorRGB
 90
-16777216
102
RTVSPost2010PropOp51
 70
     0
102
RTVSPost2010Prop52
140
1.0
102
RTVSPost2010PropOp52
 70
     0
102
RTVSPost2010Prop53
 90
        2
102
RTVSPost2010PropOp53
 70
     1
102
RTVSPost2010Prop54
  1
strokes_ogs.tif
102
RTVSPost2010PropOp54
 70
     1
102
RTVSPost2010Prop55
280
     0
102
RTVSPost2010PropOp55
 70
     1
102
RTVSPost2010Prop56
140
1.0
102
RTVSPost2010PropOp56
 70
     1
102
RTVSPost2010Prop57
140
1.0
102
RTVSPost2010PropOp57
 70
     1
  0
XRECORD
  5
C50
102
{ACAD_REACTORS
330
C4F
102
}
330
C4F
100
AcDbXrecord
280
     1
102
RTVSPost2010Prop28
280
     0
102
RTVSPost2010PropOp28
 70
     1
102
RTVSPost2010Prop29
280
     1
102
RTVSPost2010PropOp29
 70
     1
102
RTVSPost2010Prop30
280
     1
102
RTVSPost2010PropOp30
 70
     1
102
RTVSPost2010Prop31
280
     0
102
RTVSPost2010PropOp31
 70
     1
102
RTVSPost2010Prop32
280
     0
102
RTVSPost2010PropOp32
 70
     1
102
RTVSPost2010Prop33
280
     0
102
RTVSPost2010PropOp33
 70
     1
102
RTVSPost2010Prop34
280
     0
102
RTVSPost2010PropOp34
 70
     1
102
RTVSPost2010Prop35
280
     0
102
RTVSPost2010PropOp35
 70
     1
102
RTVSPost2010Prop36
280
     0
102
RTVSPost2010PropOp36
 70
     1
102
RTVSPost2010Prop37
 90
       50
102
RTVSPost2010PropOp37
 70
     1
102
RTVSPost2010Prop38
140
0.0
102
RTVSPost2010PropOp38
 70
     1
102
RTVSPost2010Prop39
140
1.0
102
RTVSPost2010PropOp39
 70
     1
102
RTVSPost2010Prop40
 90
        0
102
RTVSPost2010PropOp40
 70
     1
102
RTVSPost2010Prop41ColorIndex
 90
       18
102
RTVSPost2010Prop41ColorRGB
 90
        0
102
RTVSPost2010PropOp41
 70
     1
102
RTVSPost2010Prop42
 90
       50
102
RTVSPost2010PropOp42
 70
     1
102
RTVSPost2010Prop43
 90
        3
102
RTVSPost2010PropOp43
 70
     1
102
RTVSPost2010Prop44ColorIndex
 90
        5
102
RTVSPost2010Prop44ColorRGB
 90
      255
102
RTVSPost2010PropOp44
 70
     1
102
RTVSPost2010Prop45
280
     0
102
RTVSPost2010PropOp45
 70
     1
102
RTVSPost2010Prop46
 90
       50
102
RTVSPost2010PropOp46
 70
     1
102
RTVSPost2010Prop47
 90
       50
102
RTVSPost2010PropOp47
 70
     1
102
RTVSPost2010Prop48
 90
       50
102
RTVSPost2010PropOp48
 70
     1
102
RTVSPost2010Prop49
280
     0
102
RTVSPost2010PropOp49
 70
     1
102
RTVSPost2010Prop50
 90
       50
102
RTVSPost2010PropOp50
 70
     1
102
RTVSPost2010Prop51ColorIndex
 90
      256
102
RTVSPost2010Prop51ColorRGB
 90
-16777216
102
RTVSPost2010PropOp51
 70
     0
102
RTVSPost2010Prop52
140
1.0
102
RTVSPost2010PropOp52
 70
     0
102
RTVSPost2010Prop53
 90
        2
102
RTVSPost2010PropOp53
 70
     1
102
RTVSPost2010Prop54
  1
strokes_ogs.tif
102
RTVSPost2010PropOp54
 70
     1
102
RTVSPost2010Prop55
280
     0
102
RTVSPost2010PropOp55
 70
     1
102
RTVSPost2010Prop56
140
1.0
102
RTVSPost2010PropOp56
 70
     1
102
RTVSPost2010Prop57
140
1.0
102
RTVSPost2010PropOp57
 70
     1
  0
XRECORD
  5
C58
102
{ACAD_REACTORS
330
C57
102
}
330
C57
100
AcDbXrecord
280
     1
102
RTVSPost2010Prop28
280
     0
102
RTVSPost2010PropOp28
 70
     1
102
RTVSPost2010Prop29
280
     1
102
RTVSPost2010PropOp29
 70
     1
102
RTVSPost2010Prop30
280
     1
102
RTVSPost2010PropOp30
 70
     1
102
RTVSPost2010Prop31
280
     0
102
RTVSPost2010PropOp31
 70
     1
102
RTVSPost2010Prop32
280
     0
102
RTVSPost2010PropOp32
 70
     1
102
RTVSPost2010Prop33
280
     0
102
RTVSPost2010PropOp33
 70
     1
102
RTVSPost2010Prop34
280
     0
102
RTVSPost2010PropOp34
 70
     1
102
RTVSPost2010Prop35
280
     0
102
RTVSPost2010PropOp35
 70
     1
102
RTVSPost2010Prop36
280
     0
102
RTVSPost2010PropOp36
 70
     1
102
RTVSPost2010Prop37
 90
       50
102
RTVSPost2010PropOp37
 70
     1
102
RTVSPost2010Prop38
140
0.0
102
RTVSPost2010PropOp38
 70
     1
102
RTVSPost2010Prop39
140
1.0
102
RTVSPost2010PropOp39
 70
     1
102
RTVSPost2010Prop40
 90
        0
102
RTVSPost2010PropOp40
 70
     1
102
RTVSPost2010Prop41ColorIndex
 90
       18
102
RTVSPost2010Prop41ColorRGB
 90
        0
102
RTVSPost2010PropOp41
 70
     1
102
RTVSPost2010Prop42
 90
       50
102
RTVSPost2010PropOp42
 70
     1
102
RTVSPost2010Prop43
 90
        3
102
RTVSPost2010PropOp43
 70
     1
102
RTVSPost2010Prop44ColorIndex
 90
        5
102
RTVSPost2010Prop44ColorRGB
 90
      255
102
RTVSPost2010PropOp44
 70
     1
102
RTVSPost2010Prop45
280
     0
102
RTVSPost2010PropOp45
 70
     1
102
RTVSPost2010Prop46
 90
       50
102
RTVSPost2010PropOp46
 70
     1
102
RTVSPost2010Prop47
 90
       50
102
RTVSPost2010PropOp47
 70
     1
102
RTVSPost2010Prop48
 90
       50
102
RTVSPost2010PropOp48
 70
     1
102
RTVSPost2010Prop49
280
     0
102
RTVSPost2010PropOp49
 70
     1
102
RTVSPost2010Prop50
 90
       50
102
RTVSPost2010PropOp50
 70
     1
102
RTVSPost2010Prop51ColorIndex
 90
      256
102
RTVSPost2010Prop51ColorRGB
 90
-16777216
102
RTVSPost2010PropOp51
 70
     0
102
RTVSPost2010Prop52
140
1.0
102
RTVSPost2010PropOp52
 70
     0
102
RTVSPost2010Prop53
 90
        2
102
RTVSPost2010PropOp53
 70
     1
102
RTVSPost2010Prop54
  1
strokes_ogs.tif
102
RTVSPost2010PropOp54
 70
     1
102
RTVSPost2010Prop55
280
     0
102
RTVSPost2010PropOp55
 70
     1
102
RTVSPost2010Prop56
140
1.0
102
RTVSPost2010PropOp56
 70
     1
102
RTVSPost2010Prop57
140
1.0
102
RTVSPost2010PropOp57
 70
     1
  0
XRECORD
  5
C60
102
{ACAD_REACTORS
330
C5F
102
}
330
C5F
100
AcDbXrecord
280
     1
102
RTVSPost2010Prop28
280
     0
102
RTVSPost2010PropOp28
 70
     1
102
RTVSPost2010Prop29
280
     1
102
RTVSPost2010PropOp29
 70
     1
102
RTVSPost2010Prop30
280
     1
102
RTVSPost2010PropOp30
 70
     1
102
RTVSPost2010Prop31
280
     0
102
RTVSPost2010PropOp31
 70
     1
102
RTVSPost2010Prop32
280
     0
102
RTVSPost2010PropOp32
 70
     1
102
RTVSPost2010Prop33
280
     0
102
RTVSPost2010PropOp33
 70
     1
102
RTVSPost2010Prop34
280
     0
102
RTVSPost2010PropOp34
 70
     1
102
RTVSPost2010Prop35
280
     0
102
RTVSPost2010PropOp35
 70
     1
102
RTVSPost2010Prop36
280
     0
102
RTVSPost2010PropOp36
 70
     1
102
RTVSPost2010Prop37
 90
       50
102
RTVSPost2010PropOp37
 70
     1
102
RTVSPost2010Prop38
140
0.0
102
RTVSPost2010PropOp38
 70
     1
102
RTVSPost2010Prop39
140
1.0
102
RTVSPost2010PropOp39
 70
     1
102
RTVSPost2010Prop40
 90
        0
102
RTVSPost2010PropOp40
 70
     1
102
RTVSPost2010Prop41ColorIndex
 90
       18
102
RTVSPost2010Prop41ColorRGB
 90
        0
102
RTVSPost2010PropOp41
 70
     1
102
RTVSPost2010Prop42
 90
       50
102
RTVSPost2010PropOp42
 70
     1
102
RTVSPost2010Prop43
 90
        3
102
RTVSPost2010PropOp43
 70
     1
102
RTVSPost2010Prop44ColorIndex
 90
        5
102
RTVSPost2010Prop44ColorRGB
 90
      255
102
RTVSPost2010PropOp44
 70
     1
102
RTVSPost2010Prop45
280
     0
102
RTVSPost2010PropOp45
 70
     1
102
RTVSPost2010Prop46
 90
       50
102
RTVSPost2010PropOp46
 70
     1
102
RTVSPost2010Prop47
 90
       50
102
RTVSPost2010PropOp47
 70
     1
102
RTVSPost2010Prop48
 90
       50
102
RTVSPost2010PropOp48
 70
     1
102
RTVSPost2010Prop49
280
     0
102
RTVSPost2010PropOp49
 70
     1
102
RTVSPost2010Prop50
 90
       50
102
RTVSPost2010PropOp50
 70
     1
102
RTVSPost2010Prop51ColorIndex
 90
      256
102
RTVSPost2010Prop51ColorRGB
 90
-16777216
102
RTVSPost2010PropOp51
 70
     0
102
RTVSPost2010Prop52
140
1.0
102
RTVSPost2010PropOp52
 70
     0
102
RTVSPost2010Prop53
 90
        2
102
RTVSPost2010PropOp53
 70
     1
102
RTVSPost2010Prop54
  1
strokes_ogs.tif
102
RTVSPost2010PropOp54
 70
     1
102
RTVSPost2010Prop55
280
     0
102
RTVSPost2010PropOp55
 70
     1
102
RTVSPost2010Prop56
140
1.0
102
RTVSPost2010PropOp56
 70
     1
102
RTVSPost2010Prop57
140
1.0
102
RTVSPost2010PropOp57
 70
     1
  0
XRECORD
  5
C54
102
{ACAD_REACTORS
330
C53
102
}
330
C53
100
AcDbXrecord
280
     1
102
RTVSPost2010Prop28
280
     0
102
RTVSPost2010PropOp28
 70
     1
102
RTVSPost2010Prop29
280
     1
102
RTVSPost2010PropOp29
 70
     1
102
RTVSPost2010Prop30
280
     1
102
RTVSPost2010PropOp30
 70
     1
102
RTVSPost2010Prop31
280
     0
102
RTVSPost2010PropOp31
 70
     1
102
RTVSPost2010Prop32
280
     0
102
RTVSPost2010PropOp32
 70
     1
102
RTVSPost2010Prop33
280
     0
102
RTVSPost2010PropOp33
 70
     1
102
RTVSPost2010Prop34
280
     0
102
RTVSPost2010PropOp34
 70
     1
102
RTVSPost2010Prop35
280
     0
102
RTVSPost2010PropOp35
 70
     1
102
RTVSPost2010Prop36
280
     0
102
RTVSPost2010PropOp36
 70
     1
102
RTVSPost2010Prop37
 90
       50
102
RTVSPost2010PropOp37
 70
     1
102
RTVSPost2010Prop38
140
0.0
102
RTVSPost2010PropOp38
 70
     1
102
RTVSPost2010Prop39
140
1.0
102
RTVSPost2010PropOp39
 70
     1
102
RTVSPost2010Prop40
 90
        0
102
RTVSPost2010PropOp40
 70
     1
102
RTVSPost2010Prop41ColorIndex
 90
       18
102
RTVSPost2010Prop41ColorRGB
 90
        0
102
RTVSPost2010PropOp41
 70
     1
102
RTVSPost2010Prop42
 90
       50
102
RTVSPost2010PropOp42
 70
     1
102
RTVSPost2010Prop43
 90
        3
102
RTVSPost2010PropOp43
 70
     1
102
RTVSPost2010Prop44ColorIndex
 90
        5
102
RTVSPost2010Prop44ColorRGB
 90
      255
102
RTVSPost2010PropOp44
 70
     1
102
RTVSPost2010Prop45
280
     0
102
RTVSPost2010PropOp45
 70
     1
102
RTVSPost2010Prop46
 90
       50
102
RTVSPost2010PropOp46
 70
     1
102
RTVSPost2010Prop47
 90
       50
102
RTVSPost2010PropOp47
 70
     1
102
RTVSPost2010Prop48
 90
       50
102
RTVSPost2010PropOp48
 70
     1
102
RTVSPost2010Prop49
280
     0
102
RTVSPost2010PropOp49
 70
     1
102
RTVSPost2010Prop50
 90
       50
102
RTVSPost2010PropOp50
 70
     1
102
RTVSPost2010Prop51ColorIndex
 90
      256
102
RTVSPost2010Prop51ColorRGB
 90
-16777216
102
RTVSPost2010PropOp51
 70
     0
102
RTVSPost2010Prop52
140
1.0
102
RTVSPost2010PropOp52
 70
     0
102
RTVSPost2010Prop53
 90
        2
102
RTVSPost2010PropOp53
 70
     1
102
RTVSPost2010Prop54
  1
strokes_ogs.tif
102
RTVSPost2010PropOp54
 70
     1
102
RTVSPost2010Prop55
280
     0
102
RTVSPost2010PropOp55
 70
     1
102
RTVSPost2010Prop56
140
1.0
102
RTVSPost2010PropOp56
 70
     1
102
RTVSPost2010Prop57
140
1.0
102
RTVSPost2010PropOp57
 70
     1
  0
XRECORD
  5
C56
102
{ACAD_REACTORS
330
C55
102
}
330
C55
100
AcDbXrecord
280
     1
102
RTVSPost2010Prop28
280
     0
102
RTVSPost2010PropOp28
 70
     1
102
RTVSPost2010Prop29
280
     1
102
RTVSPost2010PropOp29
 70
     1
102
RTVSPost2010Prop30
280
     1
102
RTVSPost2010PropOp30
 70
     1
102
RTVSPost2010Prop31
280
     0
102
RTVSPost2010PropOp31
 70
     1
102
RTVSPost2010Prop32
280
     0
102
RTVSPost2010PropOp32
 70
     1
102
RTVSPost2010Prop33
280
     0
102
RTVSPost2010PropOp33
 70
     1
102
RTVSPost2010Prop34
280
     0
102
RTVSPost2010PropOp34
 70
     1
102
RTVSPost2010Prop35
280
     0
102
RTVSPost2010PropOp35
 70
     1
102
RTVSPost2010Prop36
280
     0
102
RTVSPost2010PropOp36
 70
     1
102
RTVSPost2010Prop37
 90
       50
102
RTVSPost2010PropOp37
 70
     1
102
RTVSPost2010Prop38
140
0.0
102
RTVSPost2010PropOp38
 70
     1
102
RTVSPost2010Prop39
140
1.0
102
RTVSPost2010PropOp39
 70
     1
102
RTVSPost2010Prop40
 90
        0
102
RTVSPost2010PropOp40
 70
     1
102
RTVSPost2010Prop41ColorIndex
 90
       18
102
RTVSPost2010Prop41ColorRGB
 90
        0
102
RTVSPost2010PropOp41
 70
     1
102
RTVSPost2010Prop42
 90
       50
102
RTVSPost2010PropOp42
 70
     1
102
RTVSPost2010Prop43
 90
        3
102
RTVSPost2010PropOp43
 70
     1
102
RTVSPost2010Prop44ColorIndex
 90
        5
102
RTVSPost2010Prop44ColorRGB
 90
      255
102
RTVSPost2010PropOp44
 70
     1
102
RTVSPost2010Prop45
280
     0
102
RTVSPost2010PropOp45
 70
     1
102
RTVSPost2010Prop46
 90
       50
102
RTVSPost2010PropOp46
 70
     1
102
RTVSPost2010Prop47
 90
       50
102
RTVSPost2010PropOp47
 70
     1
102
RTVSPost2010Prop48
 90
       50
102
RTVSPost2010PropOp48
 70
     1
102
RTVSPost2010Prop49
280
     0
102
RTVSPost2010PropOp49
 70
     1
102
RTVSPost2010Prop50
 90
       50
102
RTVSPost2010PropOp50
 70
     1
102
RTVSPost2010Prop51ColorIndex
 90
      256
102
RTVSPost2010Prop51ColorRGB
 90
-16777216
102
RTVSPost2010PropOp51
 70
     0
102
RTVSPost2010Prop52
140
1.0
102
RTVSPost2010PropOp52
 70
     0
102
RTVSPost2010Prop53
 90
        2
102
RTVSPost2010PropOp53
 70
     1
102
RTVSPost2010Prop54
  1
strokes_ogs.tif
102
RTVSPost2010PropOp54
 70
     1
102
RTVSPost2010Prop55
280
     0
102
RTVSPost2010PropOp55
 70
     1
102
RTVSPost2010Prop56
140
1.0
102
RTVSPost2010PropOp56
 70
     1
102
RTVSPost2010Prop57
140
1.0
102
RTVSPost2010PropOp57
 70
     1
  0
XRECORD
  5
C66
102
{ACAD_REACTORS
330
C65
102
}
330
C65
100
AcDbXrecord
280
     1
102
RTVSPost2010Prop28
280
     0
102
RTVSPost2010PropOp28
 70
     0
102
RTVSPost2010Prop29
280
     1
102
RTVSPost2010PropOp29
 70
     0
102
RTVSPost2010Prop30
280
     1
102
RTVSPost2010PropOp30
 70
     0
102
RTVSPost2010Prop31
280
     0
102
RTVSPost2010PropOp31
 70
     0
102
RTVSPost2010Prop32
280
     0
102
RTVSPost2010PropOp32
 70
     0
102
RTVSPost2010Prop33
280
     0
102
RTVSPost2010PropOp33
 70
     0
102
RTVSPost2010Prop34
280
     0
102
RTVSPost2010PropOp34
 70
     0
102
RTVSPost2010Prop35
280
     0
102
RTVSPost2010PropOp35
 70
     0
102
RTVSPost2010Prop36
280
     0
102
RTVSPost2010PropOp36
 70
     0
102
RTVSPost2010Prop37
 90
       50
102
RTVSPost2010PropOp37
 70
     0
102
RTVSPost2010Prop38
140
0.0
102
RTVSPost2010PropOp38
 70
     0
102
RTVSPost2010Prop39
140
1.0
102
RTVSPost2010PropOp39
 70
     0
102
RTVSPost2010Prop40
 90
        0
102
RTVSPost2010PropOp40
 70
     0
102
RTVSPost2010Prop41ColorIndex
 90
       18
102
RTVSPost2010Prop41ColorRGB
 90
        0
102
RTVSPost2010PropOp41
 70
     0
102
RTVSPost2010Prop42
 90
       50
102
RTVSPost2010PropOp42
 70
     0
102
RTVSPost2010Prop43
 90
        3
102
RTVSPost2010PropOp43
 70
     0
102
RTVSPost2010Prop44ColorIndex
 90
        5
102
RTVSPost2010Prop44ColorRGB
 90
      255
102
RTVSPost2010PropOp44
 70
     0
102
RTVSPost2010Prop45
280
     0
102
RTVSPost2010PropOp45
 70
     0
102
RTVSPost2010Prop46
 90
       50
102
RTVSPost2010PropOp46
 70
     0
102
RTVSPost2010Prop47
 90
       50
102
RTVSPost2010PropOp47
 70
     0
102
RTVSPost2010Prop48
 90
       50
102
RTVSPost2010PropOp48
 70
     0
102
RTVSPost2010Prop49
280
     0
102
RTVSPost2010PropOp49
 70
     0
102
RTVSPost2010Prop50
 90
       50
102
RTVSPost2010PropOp50
 70
     0
102
RTVSPost2010Prop51ColorIndex
 90
      256
102
RTVSPost2010Prop51ColorRGB
 90
-16777216
102
RTVSPost2010PropOp51
 70
     0
102
RTVSPost2010Prop52
140
1.0
102
RTVSPost2010PropOp52
 70
     0
102
RTVSPost2010Prop53
 90
        2
102
RTVSPost2010PropOp53
 70
     0
102
RTVSPost2010Prop54
  1
strokes_ogs.tif
102
RTVSPost2010PropOp54
 70
     0
102
RTVSPost2010Prop55
280
     0
102
RTVSPost2010PropOp55
 70
     0
102
RTVSPost2010Prop56
140
1.0
102
RTVSPost2010PropOp56
 70
     0
102
RTVSPost2010Prop57
140
1.0
102
RTVSPost2010PropOp57
 70
     0
  0
XRECORD
  5
C5E
102
{ACAD_REACTORS
330
C5D
102
}
330
C5D
100
AcDbXrecord
280
     1
102
RTVSPost2010Prop28
280
     0
102
RTVSPost2010PropOp28
 70
     1
102
RTVSPost2010Prop29
280
     1
102
RTVSPost2010PropOp29
 70
     1
102
RTVSPost2010Prop30
280
     1
102
RTVSPost2010PropOp30
 70
     1
102
RTVSPost2010Prop31
280
     0
102
RTVSPost2010PropOp31
 70
     1
102
RTVSPost2010Prop32
280
     0
102
RTVSPost2010PropOp32
 70
     1
102
RTVSPost2010Prop33
280
     0
102
RTVSPost2010PropOp33
 70
     1
102
RTVSPost2010Prop34
280
     0
102
RTVSPost2010PropOp34
 70
     1
102
RTVSPost2010Prop35
280
     0
102
RTVSPost2010PropOp35
 70
     1
102
RTVSPost2010Prop36
280
     0
102
RTVSPost2010PropOp36
 70
     1
102
RTVSPost2010Prop37
 90
       50
102
RTVSPost2010PropOp37
 70
     1
102
RTVSPost2010Prop38
140
0.0
102
RTVSPost2010PropOp38
 70
     1
102
RTVSPost2010Prop39
140
1.0
102
RTVSPost2010PropOp39
 70
     1
102
RTVSPost2010Prop40
 90
        0
102
RTVSPost2010PropOp40
 70
     1
102
RTVSPost2010Prop41ColorIndex
 90
       18
102
RTVSPost2010Prop41ColorRGB
 90
        0
102
RTVSPost2010PropOp41
 70
     1
102
RTVSPost2010Prop42
 90
       50
102
RTVSPost2010PropOp42
 70
     1
102
RTVSPost2010Prop43
 90
        3
102
RTVSPost2010PropOp43
 70
     1
102
RTVSPost2010Prop44ColorIndex
 90
        5
102
RTVSPost2010Prop44ColorRGB
 90
      255
102
RTVSPost2010PropOp44
 70
     1
102
RTVSPost2010Prop45
280
     0
102
RTVSPost2010PropOp45
 70
     1
102
RTVSPost2010Prop46
 90
       50
102
RTVSPost2010PropOp46
 70
     1
102
RTVSPost2010Prop47
 90
       50
102
RTVSPost2010PropOp47
 70
     1
102
RTVSPost2010Prop48
 90
       50
102
RTVSPost2010PropOp48
 70
     1
102
RTVSPost2010Prop49
280
     0
102
RTVSPost2010PropOp49
 70
     1
102
RTVSPost2010Prop50
 90
       50
102
RTVSPost2010PropOp50
 70
     1
102
RTVSPost2010Prop51ColorIndex
 90
      256
102
RTVSPost2010Prop51ColorRGB
 90
-16777216
102
RTVSPost2010PropOp51
 70
     0
102
RTVSPost2010Prop52
140
1.0
102
RTVSPost2010PropOp52
 70
     0
102
RTVSPost2010Prop53
 90
        2
102
RTVSPost2010PropOp53
 70
     1
102
RTVSPost2010Prop54
  1
strokes_ogs.tif
102
RTVSPost2010PropOp54
 70
     1
102
RTVSPost2010Prop55
280
     0
102
RTVSPost2010PropOp55
 70
     1
102
RTVSPost2010Prop56
140
1.0
102
RTVSPost2010PropOp56
 70
     1
102
RTVSPost2010Prop57
140
1.0
102
RTVSPost2010PropOp57
 70
     1
  0
XRECORD
  5
C42
102
{ACAD_REACTORS
330
C41
102
}
330
C41
100
AcDbXrecord
280
     1
102
RTVSPost2010Prop28
280
     0
102
RTVSPost2010PropOp28
 70
     1
102
RTVSPost2010Prop29
280
     1
102
RTVSPost2010PropOp29
 70
     1
102
RTVSPost2010Prop30
280
     1
102
RTVSPost2010PropOp30
 70
     1
102
RTVSPost2010Prop31
280
     0
102
RTVSPost2010PropOp31
 70
     1
102
RTVSPost2010Prop32
280
     0
102
RTVSPost2010PropOp32
 70
     1
102
RTVSPost2010Prop33
280
     0
102
RTVSPost2010PropOp33
 70
     1
102
RTVSPost2010Prop34
280
     0
102
RTVSPost2010PropOp34
 70
     1
102
RTVSPost2010Prop35
280
     0
102
RTVSPost2010PropOp35
 70
     1
102
RTVSPost2010Prop36
280
     0
102
RTVSPost2010PropOp36
 70
     1
102
RTVSPost2010Prop37
 90
       50
102
RTVSPost2010PropOp37
 70
     1
102
RTVSPost2010Prop38
140
0.0
102
RTVSPost2010PropOp38
 70
     1
102
RTVSPost2010Prop39
140
1.0
102
RTVSPost2010PropOp39
 70
     1
102
RTVSPost2010Prop40
 90
        0
102
RTVSPost2010PropOp40
 70
     1
102
RTVSPost2010Prop41ColorIndex
 90
       18
102
RTVSPost2010Prop41ColorRGB
 90
        0
102
RTVSPost2010PropOp41
 70
     1
102
RTVSPost2010Prop42
 90
       50
102
RTVSPost2010PropOp42
 70
     1
102
RTVSPost2010Prop43
 90
        3
102
RTVSPost2010PropOp43
 70
     1
102
RTVSPost2010Prop44ColorIndex
 90
        5
102
RTVSPost2010Prop44ColorRGB
 90
      255
102
RTVSPost2010PropOp44
 70
     1
102
RTVSPost2010Prop45
280
     0
102
RTVSPost2010PropOp45
 70
     1
102
RTVSPost2010Prop46
 90
       50
102
RTVSPost2010PropOp46
 70
     1
102
RTVSPost2010Prop47
 90
       50
102
RTVSPost2010PropOp47
 70
     1
102
RTVSPost2010Prop48
 90
       50
102
RTVSPost2010PropOp48
 70
     1
102
RTVSPost2010Prop49
280
     0
102
RTVSPost2010PropOp49
 70
     1
102
RTVSPost2010Prop50
 90
       50
102
RTVSPost2010PropOp50
 70
     1
102
RTVSPost2010Prop51ColorIndex
 90
      256
102
RTVSPost2010Prop51ColorRGB
 90
-16777216
102
RTVSPost2010PropOp51
 70
     0
102
RTVSPost2010Prop52
140
1.0
102
RTVSPost2010PropOp52
 70
     0
102
RTVSPost2010Prop53
 90
        2
102
RTVSPost2010PropOp53
 70
     1
102
RTVSPost2010Prop54
  1
strokes_ogs.tif
102
RTVSPost2010PropOp54
 70
     1
102
RTVSPost2010Prop55
280
     0
102
RTVSPost2010PropOp55
 70
     1
102
RTVSPost2010Prop56
140
1.0
102
RTVSPost2010PropOp56
 70
     1
102
RTVSPost2010Prop57
140
1.0
102
RTVSPost2010PropOp57
 70
     1
  0
XRECORD
  5
C44
102
{ACAD_REACTORS
330
C43
102
}
330
C43
100
AcDbXrecord
280
     1
102
RTVSPost2010Prop28
280
     0
102
RTVSPost2010PropOp28
 70
     1
102
RTVSPost2010Prop29
280
     1
102
RTVSPost2010PropOp29
 70
     1
102
RTVSPost2010Prop30
280
     1
102
RTVSPost2010PropOp30
 70
     1
102
RTVSPost2010Prop31
280
     0
102
RTVSPost2010PropOp31
 70
     1
102
RTVSPost2010Prop32
280
     0
102
RTVSPost2010PropOp32
 70
     1
102
RTVSPost2010Prop33
280
     0
102
RTVSPost2010PropOp33
 70
     1
102
RTVSPost2010Prop34
280
     0
102
RTVSPost2010PropOp34
 70
     1
102
RTVSPost2010Prop35
280
     0
102
RTVSPost2010PropOp35
 70
     1
102
RTVSPost2010Prop36
280
     0
102
RTVSPost2010PropOp36
 70
     1
102
RTVSPost2010Prop37
 90
       50
102
RTVSPost2010PropOp37
 70
     1
102
RTVSPost2010Prop38
140
0.0
102
RTVSPost2010PropOp38
 70
     1
102
RTVSPost2010Prop39
140
1.0
102
RTVSPost2010PropOp39
 70
     1
102
RTVSPost2010Prop40
 90
        0
102
RTVSPost2010PropOp40
 70
     1
102
RTVSPost2010Prop41ColorIndex
 90
       18
102
RTVSPost2010Prop41ColorRGB
 90
        0
102
RTVSPost2010PropOp41
 70
     1
102
RTVSPost2010Prop42
 90
       50
102
RTVSPost2010PropOp42
 70
     1
102
RTVSPost2010Prop43
 90
        3
102
RTVSPost2010PropOp43
 70
     1
102
RTVSPost2010Prop44ColorIndex
 90
        5
102
RTVSPost2010Prop44ColorRGB
 90
      255
102
RTVSPost2010PropOp44
 70
     1
102
RTVSPost2010Prop45
280
     0
102
RTVSPost2010PropOp45
 70
     1
102
RTVSPost2010Prop46
 90
       50
102
RTVSPost2010PropOp46
 70
     1
102
RTVSPost2010Prop47
 90
       50
102
RTVSPost2010PropOp47
 70
     1
102
RTVSPost2010Prop48
 90
       50
102
RTVSPost2010PropOp48
 70
     1
102
RTVSPost2010Prop49
280
     0
102
RTVSPost2010PropOp49
 70
     1
102
RTVSPost2010Prop50
 90
       50
102
RTVSPost2010PropOp50
 70
     1
102
RTVSPost2010Prop51ColorIndex
 90
      256
102
RTVSPost2010Prop51ColorRGB
 90
-16777216
102
RTVSPost2010PropOp51
 70
     0
102
RTVSPost2010Prop52
140
1.0
102
RTVSPost2010PropOp52
 70
     0
102
RTVSPost2010Prop53
 90
        2
102
RTVSPost2010PropOp53
 70
     1
102
RTVSPost2010Prop54
  1
strokes_ogs.tif
102
RTVSPost2010PropOp54
 70
     1
102
RTVSPost2010Prop55
280
     0
102
RTVSPost2010PropOp55
 70
     1
102
RTVSPost2010Prop56
140
1.0
102
RTVSPost2010PropOp56
 70
     1
102
RTVSPost2010Prop57
140
1.0
102
RTVSPost2010PropOp57
 70
     1
  0
XRECORD
  5
C46
102
{ACAD_REACTORS
330
C45
102
}
330
C45
100
AcDbXrecord
280
     1
102
RTVSPost2010Prop28
280
     0
102
RTVSPost2010PropOp28
 70
     1
102
RTVSPost2010Prop29
280
     1
102
RTVSPost2010PropOp29
 70
     1
102
RTVSPost2010Prop30
280
     1
102
RTVSPost2010PropOp30
 70
     1
102
RTVSPost2010Prop31
280
     0
102
RTVSPost2010PropOp31
 70
     1
102
RTVSPost2010Prop32
280
     0
102
RTVSPost2010PropOp32
 70
     1
102
RTVSPost2010Prop33
280
     0
102
RTVSPost2010PropOp33
 70
     1
102
RTVSPost2010Prop34
280
     0
102
RTVSPost2010PropOp34
 70
     1
102
RTVSPost2010Prop35
280
     0
102
RTVSPost2010PropOp35
 70
     1
102
RTVSPost2010Prop36
280
     0
102
RTVSPost2010PropOp36
 70
     1
102
RTVSPost2010Prop37
 90
       50
102
RTVSPost2010PropOp37
 70
     1
102
RTVSPost2010Prop38
140
0.0
102
RTVSPost2010PropOp38
 70
     1
102
RTVSPost2010Prop39
140
1.0
102
RTVSPost2010PropOp39
 70
     1
102
RTVSPost2010Prop40
 90
        0
102
RTVSPost2010PropOp40
 70
     1
102
RTVSPost2010Prop41ColorIndex
 90
       18
102
RTVSPost2010Prop41ColorRGB
 90
        0
102
RTVSPost2010PropOp41
 70
     1
102
RTVSPost2010Prop42
 90
       50
102
RTVSPost2010PropOp42
 70
     1
102
RTVSPost2010Prop43
 90
        3
102
RTVSPost2010PropOp43
 70
     1
102
RTVSPost2010Prop44ColorIndex
 90
        5
102
RTVSPost2010Prop44ColorRGB
 90
      255
102
RTVSPost2010PropOp44
 70
     1
102
RTVSPost2010Prop45
280
     0
102
RTVSPost2010PropOp45
 70
     1
102
RTVSPost2010Prop46
 90
       50
102
RTVSPost2010PropOp46
 70
     1
102
RTVSPost2010Prop47
 90
       50
102
RTVSPost2010PropOp47
 70
     1
102
RTVSPost2010Prop48
 90
       50
102
RTVSPost2010PropOp48
 70
     1
102
RTVSPost2010Prop49
280
     0
102
RTVSPost2010PropOp49
 70
     1
102
RTVSPost2010Prop50
 90
       50
102
RTVSPost2010PropOp50
 70
     1
102
RTVSPost2010Prop51ColorIndex
 90
      256
102
RTVSPost2010Prop51ColorRGB
 90
-16777216
102
RTVSPost2010PropOp51
 70
     0
102
RTVSPost2010Prop52
140
1.0
102
RTVSPost2010PropOp52
 70
     0
102
RTVSPost2010Prop53
 90
        2
102
RTVSPost2010PropOp53
 70
     1
102
RTVSPost2010Prop54
  1
strokes_ogs.tif
102
RTVSPost2010PropOp54
 70
     1
102
RTVSPost2010Prop55
280
     0
102
RTVSPost2010PropOp55
 70
     1
102
RTVSPost2010Prop56
140
1.0
102
RTVSPost2010PropOp56
 70
     1
102
RTVSPost2010Prop57
140
1.0
102
RTVSPost2010PropOp57
 70
     1
  0
XRECORD
  5
C48
102
{ACAD_REACTORS
330
C47
102
}
330
C47
100
AcDbXrecord
280
     1
102
RTVSPost2010Prop28
280
     0
102
RTVSPost2010PropOp28
 70
     1
102
RTVSPost2010Prop29
280
     1
102
RTVSPost2010PropOp29
 70
     1
102
RTVSPost2010Prop30
280
     1
102
RTVSPost2010PropOp30
 70
     1
102
RTVSPost2010Prop31
280
     0
102
RTVSPost2010PropOp31
 70
     1
102
RTVSPost2010Prop32
280
     0
102
RTVSPost2010PropOp32
 70
     1
102
RTVSPost2010Prop33
280
     0
102
RTVSPost2010PropOp33
 70
     1
102
RTVSPost2010Prop34
280
     0
102
RTVSPost2010PropOp34
 70
     1
102
RTVSPost2010Prop35
280
     0
102
RTVSPost2010PropOp35
 70
     1
102
RTVSPost2010Prop36
280
     0
102
RTVSPost2010PropOp36
 70
     1
102
RTVSPost2010Prop37
 90
       50
102
RTVSPost2010PropOp37
 70
     1
102
RTVSPost2010Prop38
140
0.0
102
RTVSPost2010PropOp38
 70
     1
102
RTVSPost2010Prop39
140
1.0
102
RTVSPost2010PropOp39
 70
     1
102
RTVSPost2010Prop40
 90
        0
102
RTVSPost2010PropOp40
 70
     1
102
RTVSPost2010Prop41ColorIndex
 90
       18
102
RTVSPost2010Prop41ColorRGB
 90
        0
102
RTVSPost2010PropOp41
 70
     1
102
RTVSPost2010Prop42
 90
       50
102
RTVSPost2010PropOp42
 70
     1
102
RTVSPost2010Prop43
 90
        3
102
RTVSPost2010PropOp43
 70
     1
102
RTVSPost2010Prop44ColorIndex
 90
        5
102
RTVSPost2010Prop44ColorRGB
 90
      255
102
RTVSPost2010PropOp44
 70
     1
102
RTVSPost2010Prop45
280
     0
102
RTVSPost2010PropOp45
 70
     1
102
RTVSPost2010Prop46
 90
       50
102
RTVSPost2010PropOp46
 70
     1
102
RTVSPost2010Prop47
 90
       50
102
RTVSPost2010PropOp47
 70
     1
102
RTVSPost2010Prop48
 90
       50
102
RTVSPost2010PropOp48
 70
     1
102
RTVSPost2010Prop49
280
     0
102
RTVSPost2010PropOp49
 70
     1
102
RTVSPost2010Prop50
 90
       50
102
RTVSPost2010PropOp50
 70
     1
102
RTVSPost2010Prop51ColorIndex
 90
      256
102
RTVSPost2010Prop51ColorRGB
 90
-16777216
102
RTVSPost2010PropOp51
 70
     0
102
RTVSPost2010Prop52
140
1.0
102
RTVSPost2010PropOp52
 70
     0
102
RTVSPost2010Prop53
 90
        2
102
RTVSPost2010PropOp53
 70
     1
102
RTVSPost2010Prop54
  1
strokes_ogs.tif
102
RTVSPost2010PropOp54
 70
     1
102
RTVSPost2010Prop55
280
     0
102
RTVSPost2010PropOp55
 70
     1
102
RTVSPost2010Prop56
140
1.0
102
RTVSPost2010PropOp56
 70
     1
102
RTVSPost2010Prop57
140
1.0
102
RTVSPost2010PropOp57
 70
     1
  0
XRECORD
  5
C4E
102
{ACAD_REACTORS
330
C4D
102
}
330
C4D
100
AcDbXrecord
280
     1
102
RTVSPost2010Prop28
280
     0
102
RTVSPost2010PropOp28
 70
     1
102
RTVSPost2010Prop29
280
     1
102
RTVSPost2010PropOp29
 70
     1
102
RTVSPost2010Prop30
280
     1
102
RTVSPost2010PropOp30
 70
     1
102
RTVSPost2010Prop31
280
     0
102
RTVSPost2010PropOp31
 70
     1
102
RTVSPost2010Prop32
280
     0
102
RTVSPost2010PropOp32
 70
     1
102
RTVSPost2010Prop33
280
     0
102
RTVSPost2010PropOp33
 70
     1
102
RTVSPost2010Prop34
280
     0
102
RTVSPost2010PropOp34
 70
     1
102
RTVSPost2010Prop35
280
     0
102
RTVSPost2010PropOp35
 70
     1
102
RTVSPost2010Prop36
280
     0
102
RTVSPost2010PropOp36
 70
     1
102
RTVSPost2010Prop37
 90
       50
102
RTVSPost2010PropOp37
 70
     1
102
RTVSPost2010Prop38
140
0.0
102
RTVSPost2010PropOp38
 70
     1
102
RTVSPost2010Prop39
140
1.0
102
RTVSPost2010PropOp39
 70
     1
102
RTVSPost2010Prop40
 90
        0
102
RTVSPost2010PropOp40
 70
     1
102
RTVSPost2010Prop41ColorIndex
 90
       18
102
RTVSPost2010Prop41ColorRGB
 90
        0
102
RTVSPost2010PropOp41
 70
     1
102
RTVSPost2010Prop42
 90
       50
102
RTVSPost2010PropOp42
 70
     1
102
RTVSPost2010Prop43
 90
        3
102
RTVSPost2010PropOp43
 70
     1
102
RTVSPost2010Prop44ColorIndex
 90
        5
102
RTVSPost2010Prop44ColorRGB
 90
      255
102
RTVSPost2010PropOp44
 70
     1
102
RTVSPost2010Prop45
280
     0
102
RTVSPost2010PropOp45
 70
     1
102
RTVSPost2010Prop46
 90
       50
102
RTVSPost2010PropOp46
 70
     1
102
RTVSPost2010Prop47
 90
       50
102
RTVSPost2010PropOp47
 70
     1
102
RTVSPost2010Prop48
 90
       50
102
RTVSPost2010PropOp48
 70
     1
102
RTVSPost2010Prop49
280
     0
102
RTVSPost2010PropOp49
 70
     1
102
RTVSPost2010Prop50
 90
       50
102
RTVSPost2010PropOp50
 70
     1
102
RTVSPost2010Prop51ColorIndex
 90
      256
102
RTVSPost2010Prop51ColorRGB
 90
-16777216
102
RTVSPost2010PropOp51
 70
     0
102
RTVSPost2010Prop52
140
1.0
102
RTVSPost2010PropOp52
 70
     0
102
RTVSPost2010Prop53
 90
        2
102
RTVSPost2010PropOp53
 70
     1
102
RTVSPost2010Prop54
  1
strokes_ogs.tif
102
RTVSPost2010PropOp54
 70
     1
102
RTVSPost2010Prop55
280
     0
102
RTVSPost2010PropOp55
 70
     1
102
RTVSPost2010Prop56
140
1.0
102
RTVSPost2010PropOp56
 70
     1
102
RTVSPost2010Prop57
140
1.0
102
RTVSPost2010PropOp57
 70
     1
  0
XRECORD
  5
C62
102
{ACAD_REACTORS
330
C61
102
}
330
C61
100
AcDbXrecord
280
     1
102
RTVSPost2010Prop28
280
     0
102
RTVSPost2010PropOp28
 70
     0
102
RTVSPost2010Prop29
280
     1
102
RTVSPost2010PropOp29
 70
     0
102
RTVSPost2010Prop30
280
     1
102
RTVSPost2010PropOp30
 70
     0
102
RTVSPost2010Prop31
280
     0
102
RTVSPost2010PropOp31
 70
     0
102
RTVSPost2010Prop32
280
     0
102
RTVSPost2010PropOp32
 70
     0
102
RTVSPost2010Prop33
280
     0
102
RTVSPost2010PropOp33
 70
     0
102
RTVSPost2010Prop34
280
     0
102
RTVSPost2010PropOp34
 70
     0
102
RTVSPost2010Prop35
280
     0
102
RTVSPost2010PropOp35
 70
     0
102
RTVSPost2010Prop36
280
     0
102
RTVSPost2010PropOp36
 70
     0
102
RTVSPost2010Prop37
 90
       50
102
RTVSPost2010PropOp37
 70
     0
102
RTVSPost2010Prop38
140
0.0
102
RTVSPost2010PropOp38
 70
     0
102
RTVSPost2010Prop39
140
1.0
102
RTVSPost2010PropOp39
 70
     0
102
RTVSPost2010Prop40
 90
        0
102
RTVSPost2010PropOp40
 70
     0
102
RTVSPost2010Prop41ColorIndex
 90
       18
102
RTVSPost2010Prop41ColorRGB
 90
        0
102
RTVSPost2010PropOp41
 70
     0
102
RTVSPost2010Prop42
 90
       50
102
RTVSPost2010PropOp42
 70
     0
102
RTVSPost2010Prop43
 90
        3
102
RTVSPost2010PropOp43
 70
     0
102
RTVSPost2010Prop44ColorIndex
 90
        5
102
RTVSPost2010Prop44ColorRGB
 90
      255
102
RTVSPost2010PropOp44
 70
     0
102
RTVSPost2010Prop45
280
     0
102
RTVSPost2010PropOp45
 70
     0
102
RTVSPost2010Prop46
 90
       50
102
RTVSPost2010PropOp46
 70
     0
102
RTVSPost2010Prop47
 90
       50
102
RTVSPost2010PropOp47
 70
     0
102
RTVSPost2010Prop48
 90
       50
102
RTVSPost2010PropOp48
 70
     0
102
RTVSPost2010Prop49
280
     0
102
RTVSPost2010PropOp49
 70
     0
102
RTVSPost2010Prop50
 90
       50
102
RTVSPost2010PropOp50
 70
     0
102
RTVSPost2010Prop51ColorIndex
 90
      256
102
RTVSPost2010Prop51ColorRGB
 90
-16777216
102
RTVSPost2010PropOp51
 70
     0
102
RTVSPost2010Prop52
140
1.0
102
RTVSPost2010PropOp52
 70
     0
102
RTVSPost2010Prop53
 90
        2
102
RTVSPost2010PropOp53
 70
     0
102
RTVSPost2010Prop54
  1
strokes_ogs.tif
102
RTVSPost2010PropOp54
 70
     0
102
RTVSPost2010Prop55
280
     0
102
RTVSPost2010PropOp55
 70
     0
102
RTVSPost2010Prop56
140
1.0
102
RTVSPost2010PropOp56
 70
     0
102
RTVSPost2010Prop57
140
1.0
102
RTVSPost2010PropOp57
 70
     0
  0
XRECORD
  5
C5C
102
{ACAD_REACTORS
330
C5B
102
}
330
C5B
100
AcDbXrecord
280
     1
102
RTVSPost2010Prop28
280
     0
102
RTVSPost2010PropOp28
 70
     1
102
RTVSPost2010Prop29
280
     1
102
RTVSPost2010PropOp29
 70
     1
102
RTVSPost2010Prop30
280
     1
102
RTVSPost2010PropOp30
 70
     1
102
RTVSPost2010Prop31
280
     0
102
RTVSPost2010PropOp31
 70
     1
102
RTVSPost2010Prop32
280
     0
102
RTVSPost2010PropOp32
 70
     1
102
RTVSPost2010Prop33
280
     0
102
RTVSPost2010PropOp33
 70
     1
102
RTVSPost2010Prop34
280
     0
102
RTVSPost2010PropOp34
 70
     1
102
RTVSPost2010Prop35
280
     0
102
RTVSPost2010PropOp35
 70
     1
102
RTVSPost2010Prop36
280
     0
102
RTVSPost2010PropOp36
 70
     1
102
RTVSPost2010Prop37
 90
       50
102
RTVSPost2010PropOp37
 70
     1
102
RTVSPost2010Prop38
140
0.0
102
RTVSPost2010PropOp38
 70
     1
102
RTVSPost2010Prop39
140
1.0
102
RTVSPost2010PropOp39
 70
     1
102
RTVSPost2010Prop40
 90
        0
102
RTVSPost2010PropOp40
 70
     1
102
RTVSPost2010Prop41ColorIndex
 90
       18
102
RTVSPost2010Prop41ColorRGB
 90
        0
102
RTVSPost2010PropOp41
 70
     1
102
RTVSPost2010Prop42
 90
       50
102
RTVSPost2010PropOp42
 70
     1
102
RTVSPost2010Prop43
 90
        3
102
RTVSPost2010PropOp43
 70
     1
102
RTVSPost2010Prop44ColorIndex
 90
        5
102
RTVSPost2010Prop44ColorRGB
 90
      255
102
RTVSPost2010PropOp44
 70
     1
102
RTVSPost2010Prop45
280
     0
102
RTVSPost2010PropOp45
 70
     1
102
RTVSPost2010Prop46
 90
       50
102
RTVSPost2010PropOp46
 70
     1
102
RTVSPost2010Prop47
 90
       50
102
RTVSPost2010PropOp47
 70
     1
102
RTVSPost2010Prop48
 90
       50
102
RTVSPost2010PropOp48
 70
     1
102
RTVSPost2010Prop49
280
     0
102
RTVSPost2010PropOp49
 70
     1
102
RTVSPost2010Prop50
 90
       50
102
RTVSPost2010PropOp50
 70
     1
102
RTVSPost2010Prop51ColorIndex
 90
      256
102
RTVSPost2010Prop51ColorRGB
 90
-16777216
102
RTVSPost2010PropOp51
 70
     0
102
RTVSPost2010Prop52
140
1.0
102
RTVSPost2010PropOp52
 70
     0
102
RTVSPost2010Prop53
 90
        2
102
RTVSPost2010PropOp53
 70
     1
102
RTVSPost2010Prop54
  1
strokes_ogs.tif
102
RTVSPost2010PropOp54
 70
     1
102
RTVSPost2010Prop55
280
     0
102
RTVSPost2010PropOp55
 70
     1
102
RTVSPost2010Prop56
140
1.0
102
RTVSPost2010PropOp56
 70
     1
102
RTVSPost2010Prop57
140
1.0
102
RTVSPost2010PropOp57
 70
     1
  0
XRECORD
  5
C64
102
{ACAD_REACTORS
330
C63
102
}
330
C63
100
AcDbXrecord
280
     1
102
RTVSPost2010Prop28
280
     0
102
RTVSPost2010PropOp28
 70
     0
102
RTVSPost2010Prop29
280
     1
102
RTVSPost2010PropOp29
 70
     0
102
RTVSPost2010Prop30
280
     1
102
RTVSPost2010PropOp30
 70
     0
102
RTVSPost2010Prop31
280
     0
102
RTVSPost2010PropOp31
 70
     0
102
RTVSPost2010Prop32
280
     0
102
RTVSPost2010PropOp32
 70
     0
102
RTVSPost2010Prop33
280
     0
102
RTVSPost2010PropOp33
 70
     0
102
RTVSPost2010Prop34
280
     0
102
RTVSPost2010PropOp34
 70
     0
102
RTVSPost2010Prop35
280
     0
102
RTVSPost2010PropOp35
 70
     0
102
RTVSPost2010Prop36
280
     0
102
RTVSPost2010PropOp36
 70
     0
102
RTVSPost2010Prop37
 90
       50
102
RTVSPost2010PropOp37
 70
     0
102
RTVSPost2010Prop38
140
0.0
102
RTVSPost2010PropOp38
 70
     0
102
RTVSPost2010Prop39
140
1.0
102
RTVSPost2010PropOp39
 70
     0
102
RTVSPost2010Prop40
 90
        0
102
RTVSPost2010PropOp40
 70
     0
102
RTVSPost2010Prop41ColorIndex
 90
       18
102
RTVSPost2010Prop41ColorRGB
 90
        0
102
RTVSPost2010PropOp41
 70
     0
102
RTVSPost2010Prop42
 90
       50
102
RTVSPost2010PropOp42
 70
     0
102
RTVSPost2010Prop43
 90
        3
102
RTVSPost2010PropOp43
 70
     0
102
RTVSPost2010Prop44ColorIndex
 90
        5
102
RTVSPost2010Prop44ColorRGB
 90
      255
102
RTVSPost2010PropOp44
 70
     0
102
RTVSPost2010Prop45
280
     0
102
RTVSPost2010PropOp45
 70
     0
102
RTVSPost2010Prop46
 90
       50
102
RTVSPost2010PropOp46
 70
     0
102
RTVSPost2010Prop47
 90
       50
102
RTVSPost2010PropOp47
 70
     0
102
RTVSPost2010Prop48
 90
       50
102
RTVSPost2010PropOp48
 70
     0
102
RTVSPost2010Prop49
280
     0
102
RTVSPost2010PropOp49
 70
     0
102
RTVSPost2010Prop50
 90
       50
102
RTVSPost2010PropOp50
 70
     0
102
RTVSPost2010Prop51ColorIndex
 90
      256
102
RTVSPost2010Prop51ColorRGB
 90
-16777216
102
RTVSPost2010PropOp51
 70
     0
102
RTVSPost2010Prop52
140
1.0
102
RTVSPost2010PropOp52
 70
     0
102
RTVSPost2010Prop53
 90
        2
102
RTVSPost2010PropOp53
 70
     0
102
RTVSPost2010Prop54
  1
strokes_ogs.tif
102
RTVSPost2010PropOp54
 70
     0
102
RTVSPost2010Prop55
280
     0
102
RTVSPost2010PropOp55
 70
     0
102
RTVSPost2010Prop56
140
1.0
102
RTVSPost2010PropOp56
 70
     0
102
RTVSPost2010Prop57
140
1.0
102
RTVSPost2010PropOp57
 70
     0
  0
XRECORD
  5
C52
102
{ACAD_REACTORS
330
C51
102
}
330
C51
100
AcDbXrecord
280
     1
102
RTVSPost2010Prop28
280
     0
102
RTVSPost2010PropOp28
 70
     1
102
RTVSPost2010Prop29
280
     1
102
RTVSPost2010PropOp29
 70
     1
102
RTVSPost2010Prop30
280
     1
102
RTVSPost2010PropOp30
 70
     1
102
RTVSPost2010Prop31
280
     0
102
RTVSPost2010PropOp31
 70
     1
102
RTVSPost2010Prop32
280
     0
102
RTVSPost2010PropOp32
 70
     1
102
RTVSPost2010Prop33
280
     0
102
RTVSPost2010PropOp33
 70
     1
102
RTVSPost2010Prop34
280
     0
102
RTVSPost2010PropOp34
 70
     1
102
RTVSPost2010Prop35
280
     0
102
RTVSPost2010PropOp35
 70
     1
102
RTVSPost2010Prop36
280
     0
102
RTVSPost2010PropOp36
 70
     1
102
RTVSPost2010Prop37
 90
       50
102
RTVSPost2010PropOp37
 70
     1
102
RTVSPost2010Prop38
140
0.0
102
RTVSPost2010PropOp38
 70
     1
102
RTVSPost2010Prop39
140
1.0
102
RTVSPost2010PropOp39
 70
     1
102
RTVSPost2010Prop40
 90
        0
102
RTVSPost2010PropOp40
 70
     1
102
RTVSPost2010Prop41ColorIndex
 90
       18
102
RTVSPost2010Prop41ColorRGB
 90
        0
102
RTVSPost2010PropOp41
 70
     1
102
RTVSPost2010Prop42
 90
       50
102
RTVSPost2010PropOp42
 70
     1
102
RTVSPost2010Prop43
 90
        3
102
RTVSPost2010PropOp43
 70
     1
102
RTVSPost2010Prop44ColorIndex
 90
        5
102
RTVSPost2010Prop44ColorRGB
 90
      255
102
RTVSPost2010PropOp44
 70
     1
102
RTVSPost2010Prop45
280
     0
102
RTVSPost2010PropOp45
 70
     1
102
RTVSPost2010Prop46
 90
       50
102
RTVSPost2010PropOp46
 70
     1
102
RTVSPost2010Prop47
 90
       50
102
RTVSPost2010PropOp47
 70
     1
102
RTVSPost2010Prop48
 90
       50
102
RTVSPost2010PropOp48
 70
     1
102
RTVSPost2010Prop49
280
     0
102
RTVSPost2010PropOp49
 70
     1
102
RTVSPost2010Prop50
 90
       50
102
RTVSPost2010PropOp50
 70
     1
102
RTVSPost2010Prop51ColorIndex
 90
      256
102
RTVSPost2010Prop51ColorRGB
 90
-16777216
102
RTVSPost2010PropOp51
 70
     0
102
RTVSPost2010Prop52
140
1.0
102
RTVSPost2010PropOp52
 70
     0
102
RTVSPost2010Prop53
 90
        2
102
RTVSPost2010PropOp53
 70
     1
102
RTVSPost2010Prop54
  1
strokes_ogs.tif
102
RTVSPost2010PropOp54
 70
     1
102
RTVSPost2010Prop55
280
     0
102
RTVSPost2010PropOp55
 70
     1
102
RTVSPost2010Prop56
140
1.0
102
RTVSPost2010PropOp56
 70
     1
102
RTVSPost2010Prop57
140
1.0
102
RTVSPost2010PropOp57
 70
     1
  0
XRECORD
  5
C70
102
{ACAD_REACTORS
330
C6F
102
}
330
C6F
100
AcDbXrecord
280
     1
102
RTVSPost2010Prop28
280
     0
102
RTVSPost2010PropOp28
 70
     1
102
RTVSPost2010Prop29
280
     1
102
RTVSPost2010PropOp29
 70
     1
102
RTVSPost2010Prop30
280
     1
102
RTVSPost2010PropOp30
 70
     1
102
RTVSPost2010Prop31
280
     0
102
RTVSPost2010PropOp31
 70
     1
102
RTVSPost2010Prop32
280
     0
102
RTVSPost2010PropOp32
 70
     1
102
RTVSPost2010Prop33
280
     0
102
RTVSPost2010PropOp33
 70
     1
102
RTVSPost2010Prop34
280
     0
102
RTVSPost2010PropOp34
 70
     1
102
RTVSPost2010Prop35
280
     0
102
RTVSPost2010PropOp35
 70
     1
102
RTVSPost2010Prop36
280
     0
102
RTVSPost2010PropOp36
 70
     1
102
RTVSPost2010Prop37
 90
       50
102
RTVSPost2010PropOp37
 70
     1
102
RTVSPost2010Prop38
140
0.0
102
RTVSPost2010PropOp38
 70
     1
102
RTVSPost2010Prop39
140
1.0
102
RTVSPost2010PropOp39
 70
     1
102
RTVSPost2010Prop40
 90
        0
102
RTVSPost2010PropOp40
 70
     1
102
RTVSPost2010Prop41ColorIndex
 90
       18
102
RTVSPost2010Prop41ColorRGB
 90
        0
102
RTVSPost2010PropOp41
 70
     1
102
RTVSPost2010Prop42
 90
       50
102
RTVSPost2010PropOp42
 70
     1
102
RTVSPost2010Prop43
 90
        3
102
RTVSPost2010PropOp43
 70
     1
102
RTVSPost2010Prop44ColorIndex
 90
        5
102
RTVSPost2010Prop44ColorRGB
 90
      255
102
RTVSPost2010PropOp44
 70
     1
102
RTVSPost2010Prop45
280
     0
102
RTVSPost2010PropOp45
 70
     1
102
RTVSPost2010Prop46
 90
       50
102
RTVSPost2010PropOp46
 70
     1
102
RTVSPost2010Prop47
 90
       50
102
RTVSPost2010PropOp47
 70
     1
102
RTVSPost2010Prop48
 90
       50
102
RTVSPost2010PropOp48
 70
     1
102
RTVSPost2010Prop49
280
     0
102
RTVSPost2010PropOp49
 70
     1
102
RTVSPost2010Prop50
 90
       50
102
RTVSPost2010PropOp50
 70
     1
102
RTVSPost2010Prop51ColorIndex
 90
      256
102
RTVSPost2010Prop51ColorRGB
 90
-16777216
102
RTVSPost2010PropOp51
 70
     0
102
RTVSPost2010Prop52
140
1.0
102
RTVSPost2010PropOp52
 70
     0
102
RTVSPost2010Prop53
 90
        2
102
RTVSPost2010PropOp53
 70
     1
102
RTVSPost2010Prop54
  1
strokes_ogs.tif
102
RTVSPost2010PropOp54
 70
     1
102
RTVSPost2010Prop55
280
     0
102
RTVSPost2010PropOp55
 70
     1
102
RTVSPost2010Prop56
140
1.0
102
RTVSPost2010PropOp56
 70
     1
102
RTVSPost2010Prop57
140
1.0
102
RTVSPost2010PropOp57
 70
     1
  0
XRECORD
  5
C6E
102
{ACAD_REACTORS
330
C6D
102
}
330
C6D
100
AcDbXrecord
280
     1
102
RTVSPost2010Prop28
280
     0
102
RTVSPost2010PropOp28
 70
     1
102
RTVSPost2010Prop29
280
     1
102
RTVSPost2010PropOp29
 70
     1
102
RTVSPost2010Prop30
280
     1
102
RTVSPost2010PropOp30
 70
     1
102
RTVSPost2010Prop31
280
     0
102
RTVSPost2010PropOp31
 70
     1
102
RTVSPost2010Prop32
280
     0
102
RTVSPost2010PropOp32
 70
     1
102
RTVSPost2010Prop33
280
     0
102
RTVSPost2010PropOp33
 70
     1
102
RTVSPost2010Prop34
280
     0
102
RTVSPost2010PropOp34
 70
     1
102
RTVSPost2010Prop35
280
     0
102
RTVSPost2010PropOp35
 70
     1
102
RTVSPost2010Prop36
280
     0
102
RTVSPost2010PropOp36
 70
     1
102
RTVSPost2010Prop37
 90
       50
102
RTVSPost2010PropOp37
 70
     1
102
RTVSPost2010Prop38
140
0.0
102
RTVSPost2010PropOp38
 70
     1
102
RTVSPost2010Prop39
140
1.0
102
RTVSPost2010PropOp39
 70
     1
102
RTVSPost2010Prop40
 90
        0
102
RTVSPost2010PropOp40
 70
     1
102
RTVSPost2010Prop41ColorIndex
 90
       18
102
RTVSPost2010Prop41ColorRGB
 90
        0
102
RTVSPost2010PropOp41
 70
     1
102
RTVSPost2010Prop42
 90
       50
102
RTVSPost2010PropOp42
 70
     1
102
RTVSPost2010Prop43
 90
        3
102
RTVSPost2010PropOp43
 70
     1
102
RTVSPost2010Prop44ColorIndex
 90
        5
102
RTVSPost2010Prop44ColorRGB
 90
      255
102
RTVSPost2010PropOp44
 70
     1
102
RTVSPost2010Prop45
280
     0
102
RTVSPost2010PropOp45
 70
     1
102
RTVSPost2010Prop46
 90
       50
102
RTVSPost2010PropOp46
 70
     1
102
RTVSPost2010Prop47
 90
       50
102
RTVSPost2010PropOp47
 70
     1
102
RTVSPost2010Prop48
 90
       50
102
RTVSPost2010PropOp48
 70
     1
102
RTVSPost2010Prop49
280
     0
102
RTVSPost2010PropOp49
 70
     1
102
RTVSPost2010Prop50
 90
       50
102
RTVSPost2010PropOp50
 70
     1
102
RTVSPost2010Prop51ColorIndex
 90
      256
102
RTVSPost2010Prop51ColorRGB
 90
-16777216
102
RTVSPost2010PropOp51
 70
     0
102
RTVSPost2010Prop52
140
1.0
102
RTVSPost2010PropOp52
 70
     0
102
RTVSPost2010Prop53
 90
        2
102
RTVSPost2010PropOp53
 70
     1
102
RTVSPost2010Prop54
  1
strokes_ogs.tif
102
RTVSPost2010PropOp54
 70
     1
102
RTVSPost2010Prop55
280
     0
102
RTVSPost2010PropOp55
 70
     1
102
RTVSPost2010Prop56
140
1.0
102
RTVSPost2010PropOp56
 70
     1
102
RTVSPost2010Prop57
140
1.0
102
RTVSPost2010PropOp57
 70
     1
  0
XRECORD
  5
C68
102
{ACAD_REACTORS
330
C67
102
}
330
C67
100
AcDbXrecord
280
     1
102
RTVSPost2010Prop28
280
     0
102
RTVSPost2010PropOp28
 70
     1
102
RTVSPost2010Prop29
280
     1
102
RTVSPost2010PropOp29
 70
     1
102
RTVSPost2010Prop30
280
     1
102
RTVSPost2010PropOp30
 70
     1
102
RTVSPost2010Prop31
280
     0
102
RTVSPost2010PropOp31
 70
     1
102
RTVSPost2010Prop32
280
     0
102
RTVSPost2010PropOp32
 70
     1
102
RTVSPost2010Prop33
280
     0
102
RTVSPost2010PropOp33
 70
     1
102
RTVSPost2010Prop34
280
     0
102
RTVSPost2010PropOp34
 70
     1
102
RTVSPost2010Prop35
280
     0
102
RTVSPost2010PropOp35
 70
     1
102
RTVSPost2010Prop36
280
     0
102
RTVSPost2010PropOp36
 70
     1
102
RTVSPost2010Prop37
 90
       50
102
RTVSPost2010PropOp37
 70
     1
102
RTVSPost2010Prop38
140
0.0
102
RTVSPost2010PropOp38
 70
     1
102
RTVSPost2010Prop39
140
1.0
102
RTVSPost2010PropOp39
 70
     1
102
RTVSPost2010Prop40
 90
        0
102
RTVSPost2010PropOp40
 70
     1
102
RTVSPost2010Prop41ColorIndex
 90
       18
102
RTVSPost2010Prop41ColorRGB
 90
        0
102
RTVSPost2010PropOp41
 70
     1
102
RTVSPost2010Prop42
 90
       50
102
RTVSPost2010PropOp42
 70
     1
102
RTVSPost2010Prop43
 90
        3
102
RTVSPost2010PropOp43
 70
     1
102
RTVSPost2010Prop44ColorIndex
 90
        5
102
RTVSPost2010Prop44ColorRGB
 90
      255
102
RTVSPost2010PropOp44
 70
     1
102
RTVSPost2010Prop45
280
     0
102
RTVSPost2010PropOp45
 70
     1
102
RTVSPost2010Prop46
 90
       50
102
RTVSPost2010PropOp46
 70
     1
102
RTVSPost2010Prop47
 90
       50
102
RTVSPost2010PropOp47
 70
     1
102
RTVSPost2010Prop48
 90
       50
102
RTVSPost2010PropOp48
 70
     1
102
RTVSPost2010Prop49
280
     0
102
RTVSPost2010PropOp49
 70
     1
102
RTVSPost2010Prop50
 90
       50
102
RTVSPost2010PropOp50
 70
     1
102
RTVSPost2010Prop51ColorIndex
 90
      256
102
RTVSPost2010Prop51ColorRGB
 90
-16777216
102
RTVSPost2010PropOp51
 70
     0
102
RTVSPost2010Prop52
140
1.0
102
RTVSPost2010PropOp52
 70
     0
102
RTVSPost2010Prop53
 90
        2
102
RTVSPost2010PropOp53
 70
     1
102
RTVSPost2010Prop54
  1
strokes_ogs.tif
102
RTVSPost2010PropOp54
 70
     1
102
RTVSPost2010Prop55
280
     0
102
RTVSPost2010PropOp55
 70
     1
102
RTVSPost2010Prop56
140
1.0
102
RTVSPost2010PropOp56
 70
     1
102
RTVSPost2010Prop57
140
1.0
102
RTVSPost2010PropOp57
 70
     1
  0
XRECORD
  5
C6A
102
{ACAD_REACTORS
330
C69
102
}
330
C69
100
AcDbXrecord
280
     1
102
RTVSPost2010Prop28
280
     0
102
RTVSPost2010PropOp28
 70
     1
102
RTVSPost2010Prop29
280
     1
102
RTVSPost2010PropOp29
 70
     1
102
RTVSPost2010Prop30
280
     1
102
RTVSPost2010PropOp30
 70
     1
102
RTVSPost2010Prop31
280
     0
102
RTVSPost2010PropOp31
 70
     1
102
RTVSPost2010Prop32
280
     0
102
RTVSPost2010PropOp32
 70
     1
102
RTVSPost2010Prop33
280
     0
102
RTVSPost2010PropOp33
 70
     1
102
RTVSPost2010Prop34
280
     0
102
RTVSPost2010PropOp34
 70
     1
102
RTVSPost2010Prop35
280
     0
102
RTVSPost2010PropOp35
 70
     1
102
RTVSPost2010Prop36
280
     0
102
RTVSPost2010PropOp36
 70
     1
102
RTVSPost2010Prop37
 90
       50
102
RTVSPost2010PropOp37
 70
     1
102
RTVSPost2010Prop38
140
0.0
102
RTVSPost2010PropOp38
 70
     1
102
RTVSPost2010Prop39
140
1.0
102
RTVSPost2010PropOp39
 70
     1
102
RTVSPost2010Prop40
 90
        0
102
RTVSPost2010PropOp40
 70
     1
102
RTVSPost2010Prop41ColorIndex
 90
       18
102
RTVSPost2010Prop41ColorRGB
 90
        0
102
RTVSPost2010PropOp41
 70
     1
102
RTVSPost2010Prop42
 90
       50
102
RTVSPost2010PropOp42
 70
     1
102
RTVSPost2010Prop43
 90
        3
102
RTVSPost2010PropOp43
 70
     1
102
RTVSPost2010Prop44ColorIndex
 90
        5
102
RTVSPost2010Prop44ColorRGB
 90
      255
102
RTVSPost2010PropOp44
 70
     1
102
RTVSPost2010Prop45
280
     0
102
RTVSPost2010PropOp45
 70
     1
102
RTVSPost2010Prop46
 90
       50
102
RTVSPost2010PropOp46
 70
     1
102
RTVSPost2010Prop47
 90
       50
102
RTVSPost2010PropOp47
 70
     1
102
RTVSPost2010Prop48
 90
       50
102
RTVSPost2010PropOp48
 70
     1
102
RTVSPost2010Prop49
280
     0
102
RTVSPost2010PropOp49
 70
     1
102
RTVSPost2010Prop50
 90
       50
102
RTVSPost2010PropOp50
 70
     1
102
RTVSPost2010Prop51ColorIndex
 90
      256
102
RTVSPost2010Prop51ColorRGB
 90
-16777216
102
RTVSPost2010PropOp51
 70
     0
102
RTVSPost2010Prop52
140
1.0
102
RTVSPost2010PropOp52
 70
     0
102
RTVSPost2010Prop53
 90
        2
102
RTVSPost2010PropOp53
 70
     1
102
RTVSPost2010Prop54
  1
strokes_ogs.tif
102
RTVSPost2010PropOp54
 70
     1
102
RTVSPost2010Prop55
280
     0
102
RTVSPost2010PropOp55
 70
     1
102
RTVSPost2010Prop56
140
1.0
102
RTVSPost2010PropOp56
 70
     1
102
RTVSPost2010Prop57
140
1.0
102
RTVSPost2010PropOp57
 70
     1
  0
XRECORD
  5
C5A
102
{ACAD_REACTORS
330
C59
102
}
330
C59
100
AcDbXrecord
280
     1
102
RTVSPost2010Prop28
280
     0
102
RTVSPost2010PropOp28
 70
     1
102
RTVSPost2010Prop29
280
     1
102
RTVSPost2010PropOp29
 70
     1
102
RTVSPost2010Prop30
280
     1
102
RTVSPost2010PropOp30
 70
     1
102
RTVSPost2010Prop31
280
     0
102
RTVSPost2010PropOp31
 70
     1
102
RTVSPost2010Prop32
280
     0
102
RTVSPost2010PropOp32
 70
     1
102
RTVSPost2010Prop33
280
     0
102
RTVSPost2010PropOp33
 70
     1
102
RTVSPost2010Prop34
280
     0
102
RTVSPost2010PropOp34
 70
     1
102
RTVSPost2010Prop35
280
     0
102
RTVSPost2010PropOp35
 70
     1
102
RTVSPost2010Prop36
280
     0
102
RTVSPost2010PropOp36
 70
     1
102
RTVSPost2010Prop37
 90
       50
102
RTVSPost2010PropOp37
 70
     1
102
RTVSPost2010Prop38
140
0.0
102
RTVSPost2010PropOp38
 70
     1
102
RTVSPost2010Prop39
140
1.0
102
RTVSPost2010PropOp39
 70
     1
102
RTVSPost2010Prop40
 90
        0
102
RTVSPost2010PropOp40
 70
     1
102
RTVSPost2010Prop41ColorIndex
 90
       18
102
RTVSPost2010Prop41ColorRGB
 90
        0
102
RTVSPost2010PropOp41
 70
     1
102
RTVSPost2010Prop42
 90
       50
102
RTVSPost2010PropOp42
 70
     1
102
RTVSPost2010Prop43
 90
        3
102
RTVSPost2010PropOp43
 70
     1
102
RTVSPost2010Prop44ColorIndex
 90
        5
102
RTVSPost2010Prop44ColorRGB
 90
      255
102
RTVSPost2010PropOp44
 70
     1
102
RTVSPost2010Prop45
280
     0
102
RTVSPost2010PropOp45
 70
     1
102
RTVSPost2010Prop46
 90
       50
102
RTVSPost2010PropOp46
 70
     1
102
RTVSPost2010Prop47
 90
       50
102
RTVSPost2010PropOp47
 70
     1
102
RTVSPost2010Prop48
 90
       50
102
RTVSPost2010PropOp48
 70
     1
102
RTVSPost2010Prop49
280
     0
102
RTVSPost2010PropOp49
 70
     1
102
RTVSPost2010Prop50
 90
       50
102
RTVSPost2010PropOp50
 70
     1
102
RTVSPost2010Prop51ColorIndex
 90
      256
102
RTVSPost2010Prop51ColorRGB
 90
-16777216
102
RTVSPost2010PropOp51
 70
     0
102
RTVSPost2010Prop52
140
1.0
102
RTVSPost2010PropOp52
 70
     0
102
RTVSPost2010Prop53
 90
        2
102
RTVSPost2010PropOp53
 70
     1
102
RTVSPost2010Prop54
  1
strokes_ogs.tif
102
RTVSPost2010PropOp54
 70
     1
102
RTVSPost2010Prop55
280
     0
102
RTVSPost2010PropOp55
 70
     1
102
RTVSPost2010Prop56
140
1.0
102
RTVSPost2010PropOp56
 70
     1
102
RTVSPost2010Prop57
140
1.0
102
RTVSPost2010PropOp57
 70
     1
  0
XRECORD
  5
C4C
102
{ACAD_REACTORS
330
C4B
102
}
330
C4B
100
AcDbXrecord
280
     1
102
RTVSPost2010Prop28
280
     0
102
RTVSPost2010PropOp28
 70
     1
102
RTVSPost2010Prop29
280
     1
102
RTVSPost2010PropOp29
 70
     1
102
RTVSPost2010Prop30
280
     1
102
RTVSPost2010PropOp30
 70
     1
102
RTVSPost2010Prop31
280
     0
102
RTVSPost2010PropOp31
 70
     1
102
RTVSPost2010Prop32
280
     0
102
RTVSPost2010PropOp32
 70
     1
102
RTVSPost2010Prop33
280
     0
102
RTVSPost2010PropOp33
 70
     1
102
RTVSPost2010Prop34
280
     0
102
RTVSPost2010PropOp34
 70
     1
102
RTVSPost2010Prop35
280
     0
102
RTVSPost2010PropOp35
 70
     1
102
RTVSPost2010Prop36
280
     0
102
RTVSPost2010PropOp36
 70
     1
102
RTVSPost2010Prop37
 90
       50
102
RTVSPost2010PropOp37
 70
     1
102
RTVSPost2010Prop38
140
0.0
102
RTVSPost2010PropOp38
 70
     1
102
RTVSPost2010Prop39
140
1.0
102
RTVSPost2010PropOp39
 70
     1
102
RTVSPost2010Prop40
 90
        0
102
RTVSPost2010PropOp40
 70
     1
102
RTVSPost2010Prop41ColorIndex
 90
       18
102
RTVSPost2010Prop41ColorRGB
 90
        0
102
RTVSPost2010PropOp41
 70
     1
102
RTVSPost2010Prop42
 90
       50
102
RTVSPost2010PropOp42
 70
     1
102
RTVSPost2010Prop43
 90
        3
102
RTVSPost2010PropOp43
 70
     1
102
RTVSPost2010Prop44ColorIndex
 90
        5
102
RTVSPost2010Prop44ColorRGB
 90
      255
102
RTVSPost2010PropOp44
 70
     1
102
RTVSPost2010Prop45
280
     0
102
RTVSPost2010PropOp45
 70
     1
102
RTVSPost2010Prop46
 90
       50
102
RTVSPost2010PropOp46
 70
     1
102
RTVSPost2010Prop47
 90
       50
102
RTVSPost2010PropOp47
 70
     1
102
RTVSPost2010Prop48
 90
       50
102
RTVSPost2010PropOp48
 70
     1
102
RTVSPost2010Prop49
280
     0
102
RTVSPost2010PropOp49
 70
     1
102
RTVSPost2010Prop50
 90
       50
102
RTVSPost2010PropOp50
 70
     1
102
RTVSPost2010Prop51ColorIndex
 90
      256
102
RTVSPost2010Prop51ColorRGB
 90
-16777216
102
RTVSPost2010PropOp51
 70
     0
102
RTVSPost2010Prop52
140
1.0
102
RTVSPost2010PropOp52
 70
     0
102
RTVSPost2010Prop53
 90
        2
102
RTVSPost2010PropOp53
 70
     1
102
RTVSPost2010Prop54
  1
strokes_ogs.tif
102
RTVSPost2010PropOp54
 70
     1
102
RTVSPost2010Prop55
280
     0
102
RTVSPost2010PropOp55
 70
     1
102
RTVSPost2010Prop56
140
1.0
102
RTVSPost2010PropOp56
 70
     1
102
RTVSPost2010Prop57
140
1.0
102
RTVSPost2010PropOp57
 70
     1
  0
XRECORD
  5
C6C
102
{ACAD_REACTORS
330
C6B
102
}
330
C6B
100
AcDbXrecord
280
     1
102
RTVSPost2010Prop28
280
     0
102
RTVSPost2010PropOp28
 70
     1
102
RTVSPost2010Prop29
280
     1
102
RTVSPost2010PropOp29
 70
     1
102
RTVSPost2010Prop30
280
     1
102
RTVSPost2010PropOp30
 70
     1
102
RTVSPost2010Prop31
280
     0
102
RTVSPost2010PropOp31
 70
     1
102
RTVSPost2010Prop32
280
     0
102
RTVSPost2010PropOp32
 70
     1
102
RTVSPost2010Prop33
280
     0
102
RTVSPost2010PropOp33
 70
     1
102
RTVSPost2010Prop34
280
     0
102
RTVSPost2010PropOp34
 70
     1
102
RTVSPost2010Prop35
280
     0
102
RTVSPost2010PropOp35
 70
     1
102
RTVSPost2010Prop36
280
     0
102
RTVSPost2010PropOp36
 70
     1
102
RTVSPost2010Prop37
 90
       50
102
RTVSPost2010PropOp37
 70
     1
102
RTVSPost2010Prop38
140
0.0
102
RTVSPost2010PropOp38
 70
     1
102
RTVSPost2010Prop39
140
1.0
102
RTVSPost2010PropOp39
 70
     1
102
RTVSPost2010Prop40
 90
        0
102
RTVSPost2010PropOp40
 70
     1
102
RTVSPost2010Prop41ColorIndex
 90
       18
102
RTVSPost2010Prop41ColorRGB
 90
        0
102
RTVSPost2010PropOp41
 70
     1
102
RTVSPost2010Prop42
 90
       50
102
RTVSPost2010PropOp42
 70
     1
102
RTVSPost2010Prop43
 90
        3
102
RTVSPost2010PropOp43
 70
     1
102
RTVSPost2010Prop44ColorIndex
 90
        5
102
RTVSPost2010Prop44ColorRGB
 90
      255
102
RTVSPost2010PropOp44
 70
     1
102
RTVSPost2010Prop45
280
     0
102
RTVSPost2010PropOp45
 70
     1
102
RTVSPost2010Prop46
 90
       50
102
RTVSPost2010PropOp46
 70
     1
102
RTVSPost2010Prop47
 90
       50
102
RTVSPost2010PropOp47
 70
     1
102
RTVSPost2010Prop48
 90
       50
102
RTVSPost2010PropOp48
 70
     1
102
RTVSPost2010Prop49
280
     0
102
RTVSPost2010PropOp49
 70
     1
102
RTVSPost2010Prop50
 90
       50
102
RTVSPost2010PropOp50
 70
     1
102
RTVSPost2010Prop51ColorIndex
 90
      256
102
RTVSPost2010Prop51ColorRGB
 90
-16777216
102
RTVSPost2010PropOp51
 70
     0
102
RTVSPost2010Prop52
140
1.0
102
RTVSPost2010PropOp52
 70
     0
102
RTVSPost2010Prop53
 90
        2
102
RTVSPost2010PropOp53
 70
     1
102
RTVSPost2010Prop54
  1
strokes_ogs.tif
102
RTVSPost2010PropOp54
 70
     1
102
RTVSPost2010Prop55
280
     0
102
RTVSPost2010PropOp55
 70
     1
102
RTVSPost2010Prop56
140
1.0
102
RTVSPost2010PropOp56
 70
     1
102
RTVSPost2010Prop57
140
1.0
102
RTVSPost2010PropOp57
 70
     1
  0
ENDSEC
  0
EOF
